[2026-08-16T00:10:17.787+0000] {processor.py:186} INFO - Started process (PID=38187) to work on /opt/airflow/dags/weather_dag.py
[2026-08-16T00:10:17.790+0000] {processor.py:914} INFO - Processing file /opt/airflow/dags/weather_dag.py for tasks to queue
[2026-08-16T00:10:17.807+0000] {logging_mixin.py:190} INFO - [2026-08-16T00:10:17.806+0000] {dagbag.py:588} INFO - Filling up the DagBag from /opt/airflow/dags/weather_dag.py
[2026-08-16T00:10:17.888+0000] {processor.py:925} INFO - DAG(s) 'weather_ingestion' retrieved from /opt/airflow/dags/weather_dag.py
[2026-08-16T00:10:18.030+0000] {logging_mixin.py:190} INFO - [2026-08-16T00:10:18.029+0000] {dag.py:3239} INFO - Sync 1 DAGs
[2026-08-16T00:10:18.096+0000] {logging_mixin.py:190} INFO - [2026-08-16T00:10:18.095+0000] {dag.py:4180} INFO - Setting next_dagrun for weather_ingestion to 2026-08-16 00:00:00+00:00, run_after=2026-08-16 01:00:00+00:00
[2026-08-16T00:10:18.149+0000] {processor.py:208} INFO - Processing /opt/airflow/dags/weather_dag.py took 0.388 seconds
[2026-08-16T00:10:48.551+0000] {processor.py:186} INFO - Started process (PID=38197) to work on /opt/airflow/dags/weather_dag.py
[2026-08-16T00:10:48.553+0000] {processor.py:914} INFO - Processing file /opt/airflow/dags/weather_dag.py for tasks to queue
[2026-08-16T00:10:48.557+0000] {logging_mixin.py:190} INFO - [2026-08-16T00:10:48.556+0000] {dagbag.py:588} INFO - Filling up the DagBag from /opt/airflow/dags/weather_dag.py
[2026-08-16T00:10:48.575+0000] {processor.py:925} INFO - DAG(s) 'weather_ingestion' retrieved from /opt/airflow/dags/weather_dag.py
[2026-08-16T00:10:48.624+0000] {logging_mixin.py:190} INFO - [2026-08-16T00:10:48.624+0000] {dag.py:3239} INFO - Sync 1 DAGs
[2026-08-16T00:10:48.645+0000] {logging_mixin.py:190} INFO - [2026-08-16T00:10:48.645+0000] {dag.py:4180} INFO - Setting next_dagrun for weather_ingestion to 2026-08-16 00:00:00+00:00, run_after=2026-08-16 01:00:00+00:00
[2026-08-16T00:10:48.656+0000] {processor.py:208} INFO - Processing /opt/airflow/dags/weather_dag.py took 0.119 seconds
[2026-08-16T00:11:18.881+0000] {processor.py:186} INFO - Started process (PID=38202) to work on /opt/airflow/dags/weather_dag.py
[2026-08-16T00:11:18.883+0000] {processor.py:914} INFO - Processing file /opt/airflow/dags/weather_dag.py for tasks to queue
[2026-08-16T00:11:18.885+0000] {logging_mixin.py:190} INFO - [2026-08-16T00:11:18.885+0000] {dagbag.py:588} INFO - Filling up the DagBag from /opt/airflow/dags/weather_dag.py
[2026-08-16T00:11:18.894+0000] {processor.py:925} INFO - DAG(s) 'weather_ingestion' retrieved from /opt/airflow/dags/weather_dag.py
[2026-08-16T00:11:18.914+0000] {logging_mixin.py:190} INFO - [2026-08-16T00:11:18.914+0000] {dag.py:3239} INFO - Sync 1 DAGs
[2026-08-16T00:11:18.927+0000] {logging_mixin.py:190} INFO - [2026-08-16T00:11:18.926+0000] {dag.py:4180} INFO - Setting next_dagrun for weather_ingestion to 2026-08-16 00:00:00+00:00, run_after=2026-08-16 01:00:00+00:00
[2026-08-16T00:11:18.934+0000] {processor.py:208} INFO - Processing /opt/airflow/dags/weather_dag.py took 0.065 seconds
[2026-08-16T00:11:49.249+0000] {processor.py:186} INFO - Started process (PID=38207) to work on /opt/airflow/dags/weather_dag.py
[2026-08-16T00:11:49.252+0000] {processor.py:914} INFO - Processing file /opt/airflow/dags/weather_dag.py for tasks to queue
[2026-08-16T00:11:49.257+0000] {logging_mixin.py:190} INFO - [2026-08-16T00:11:49.256+0000] {dagbag.py:588} INFO - Filling up the DagBag from /opt/airflow/dags/weather_dag.py
[2026-08-16T00:11:49.275+0000] {processor.py:925} INFO - DAG(s) 'weather_ingestion' retrieved from /opt/airflow/dags/weather_dag.py
[2026-08-16T00:11:49.303+0000] {logging_mixin.py:190} INFO - [2026-08-16T00:11:49.303+0000] {dag.py:3239} INFO - Sync 1 DAGs
[2026-08-16T00:11:49.317+0000] {logging_mixin.py:190} INFO - [2026-08-16T00:11:49.317+0000] {dag.py:4180} INFO - Setting next_dagrun for weather_ingestion to 2026-08-16 00:00:00+00:00, run_after=2026-08-16 01:00:00+00:00
[2026-08-16T00:11:49.328+0000] {processor.py:208} INFO - Processing /opt/airflow/dags/weather_dag.py took 0.092 seconds
[2026-08-16T00:12:19.569+0000] {processor.py:186} INFO - Started process (PID=38212) to work on /opt/airflow/dags/weather_dag.py
[2026-08-16T00:12:19.570+0000] {processor.py:914} INFO - Processing file /opt/airflow/dags/weather_dag.py for tasks to queue
[2026-08-16T00:12:19.573+0000] {logging_mixin.py:190} INFO - [2026-08-16T00:12:19.573+0000] {dagbag.py:588} INFO - Filling up the DagBag from /opt/airflow/dags/weather_dag.py
[2026-08-16T00:12:19.582+0000] {processor.py:925} INFO - DAG(s) 'weather_ingestion' retrieved from /opt/airflow/dags/weather_dag.py
[2026-08-16T00:12:19.596+0000] {logging_mixin.py:190} INFO - [2026-08-16T00:12:19.596+0000] {dag.py:3239} INFO - Sync 1 DAGs
[2026-08-16T00:12:19.607+0000] {logging_mixin.py:190} INFO - [2026-08-16T00:12:19.607+0000] {dag.py:4180} INFO - Setting next_dagrun for weather_ingestion to 2026-08-16 00:00:00+00:00, run_after=2026-08-16 01:00:00+00:00
[2026-08-16T00:12:19.614+0000] {processor.py:208} INFO - Processing /opt/airflow/dags/weather_dag.py took 0.053 seconds
[2026-08-16T00:28:35.083+0000] {processor.py:186} INFO - Started process (PID=38222) to work on /opt/airflow/dags/weather_dag.py
[2026-08-16T00:28:35.084+0000] {processor.py:914} INFO - Processing file /opt/airflow/dags/weather_dag.py for tasks to queue
[2026-08-16T00:28:35.098+0000] {logging_mixin.py:190} INFO - [2026-08-16T00:28:35.096+0000] {dagbag.py:588} INFO - Filling up the DagBag from /opt/airflow/dags/weather_dag.py
[2026-08-16T00:28:35.111+0000] {processor.py:925} INFO - DAG(s) 'weather_ingestion' retrieved from /opt/airflow/dags/weather_dag.py
[2026-08-16T00:28:35.132+0000] {logging_mixin.py:190} INFO - [2026-08-16T00:28:35.132+0000] {dag.py:3239} INFO - Sync 1 DAGs
[2026-08-16T00:28:35.147+0000] {logging_mixin.py:190} INFO - [2026-08-16T00:28:35.146+0000] {dag.py:4180} INFO - Setting next_dagrun for weather_ingestion to 2026-08-16 00:00:00+00:00, run_after=2026-08-16 01:00:00+00:00
[2026-08-16T00:28:35.155+0000] {processor.py:208} INFO - Processing /opt/airflow/dags/weather_dag.py took 0.092 seconds
[2026-08-16T00:29:05.436+0000] {processor.py:186} INFO - Started process (PID=38227) to work on /opt/airflow/dags/weather_dag.py
[2026-08-16T00:29:05.439+0000] {processor.py:914} INFO - Processing file /opt/airflow/dags/weather_dag.py for tasks to queue
[2026-08-16T00:29:05.445+0000] {logging_mixin.py:190} INFO - [2026-08-16T00:29:05.444+0000] {dagbag.py:588} INFO - Filling up the DagBag from /opt/airflow/dags/weather_dag.py
[2026-08-16T00:29:05.490+0000] {processor.py:925} INFO - DAG(s) 'weather_ingestion' retrieved from /opt/airflow/dags/weather_dag.py
[2026-08-16T00:29:05.527+0000] {logging_mixin.py:190} INFO - [2026-08-16T00:29:05.527+0000] {dag.py:3239} INFO - Sync 1 DAGs
[2026-08-16T00:29:05.544+0000] {logging_mixin.py:190} INFO - [2026-08-16T00:29:05.544+0000] {dag.py:4180} INFO - Setting next_dagrun for weather_ingestion to 2026-08-16 00:00:00+00:00, run_after=2026-08-16 01:00:00+00:00
[2026-08-16T00:29:05.554+0000] {processor.py:208} INFO - Processing /opt/airflow/dags/weather_dag.py took 0.130 seconds
[2026-08-16T00:29:35.722+0000] {processor.py:186} INFO - Started process (PID=38232) to work on /opt/airflow/dags/weather_dag.py
[2026-08-16T00:29:35.725+0000] {processor.py:914} INFO - Processing file /opt/airflow/dags/weather_dag.py for tasks to queue
[2026-08-16T00:29:35.728+0000] {logging_mixin.py:190} INFO - [2026-08-16T00:29:35.727+0000] {dagbag.py:588} INFO - Filling up the DagBag from /opt/airflow/dags/weather_dag.py
[2026-08-16T00:29:35.740+0000] {processor.py:925} INFO - DAG(s) 'weather_ingestion' retrieved from /opt/airflow/dags/weather_dag.py
[2026-08-16T00:29:35.760+0000] {logging_mixin.py:190} INFO - [2026-08-16T00:29:35.760+0000] {dag.py:3239} INFO - Sync 1 DAGs
[2026-08-16T00:29:35.772+0000] {logging_mixin.py:190} INFO - [2026-08-16T00:29:35.771+0000] {dag.py:4180} INFO - Setting next_dagrun for weather_ingestion to 2026-08-16 00:00:00+00:00, run_after=2026-08-16 01:00:00+00:00
[2026-08-16T00:29:35.778+0000] {processor.py:208} INFO - Processing /opt/airflow/dags/weather_dag.py took 0.075 seconds
[2026-08-16T00:30:06.005+0000] {processor.py:186} INFO - Started process (PID=38237) to work on /opt/airflow/dags/weather_dag.py
[2026-08-16T00:30:06.006+0000] {processor.py:914} INFO - Processing file /opt/airflow/dags/weather_dag.py for tasks to queue
[2026-08-16T00:30:06.009+0000] {logging_mixin.py:190} INFO - [2026-08-16T00:30:06.008+0000] {dagbag.py:588} INFO - Filling up the DagBag from /opt/airflow/dags/weather_dag.py
[2026-08-16T00:30:06.022+0000] {processor.py:925} INFO - DAG(s) 'weather_ingestion' retrieved from /opt/airflow/dags/weather_dag.py
[2026-08-16T00:30:06.046+0000] {logging_mixin.py:190} INFO - [2026-08-16T00:30:06.046+0000] {dag.py:3239} INFO - Sync 1 DAGs
[2026-08-16T00:30:06.060+0000] {logging_mixin.py:190} INFO - [2026-08-16T00:30:06.060+0000] {dag.py:4180} INFO - Setting next_dagrun for weather_ingestion to 2026-08-16 00:00:00+00:00, run_after=2026-08-16 01:00:00+00:00
[2026-08-16T00:30:06.069+0000] {processor.py:208} INFO - Processing /opt/airflow/dags/weather_dag.py took 0.075 seconds
[2026-08-16T00:30:36.271+0000] {processor.py:186} INFO - Started process (PID=38242) to work on /opt/airflow/dags/weather_dag.py
[2026-08-16T00:30:36.272+0000] {processor.py:914} INFO - Processing file /opt/airflow/dags/weather_dag.py for tasks to queue
[2026-08-16T00:30:36.274+0000] {logging_mixin.py:190} INFO - [2026-08-16T00:30:36.274+0000] {dagbag.py:588} INFO - Filling up the DagBag from /opt/airflow/dags/weather_dag.py
[2026-08-16T00:30:36.283+0000] {processor.py:925} INFO - DAG(s) 'weather_ingestion' retrieved from /opt/airflow/dags/weather_dag.py
[2026-08-16T00:30:36.301+0000] {logging_mixin.py:190} INFO - [2026-08-16T00:30:36.301+0000] {dag.py:3239} INFO - Sync 1 DAGs
[2026-08-16T00:30:36.314+0000] {logging_mixin.py:190} INFO - [2026-08-16T00:30:36.314+0000] {dag.py:4180} INFO - Setting next_dagrun for weather_ingestion to 2026-08-16 00:00:00+00:00, run_after=2026-08-16 01:00:00+00:00
[2026-08-16T00:30:36.321+0000] {processor.py:208} INFO - Processing /opt/airflow/dags/weather_dag.py took 0.057 seconds
[2026-08-16T00:32:49.929+0000] {processor.py:186} INFO - Started process (PID=38495) to work on /opt/airflow/dags/weather_dag.py
[2026-08-16T00:32:49.931+0000] {processor.py:914} INFO - Processing file /opt/airflow/dags/weather_dag.py for tasks to queue
[2026-08-16T00:32:49.935+0000] {logging_mixin.py:190} INFO - [2026-08-16T00:32:49.934+0000] {dagbag.py:588} INFO - Filling up the DagBag from /opt/airflow/dags/weather_dag.py
[2026-08-16T00:32:49.948+0000] {processor.py:925} INFO - DAG(s) 'weather_ingestion' retrieved from /opt/airflow/dags/weather_dag.py
[2026-08-16T00:32:49.969+0000] {logging_mixin.py:190} INFO - [2026-08-16T00:32:49.969+0000] {dag.py:3239} INFO - Sync 1 DAGs
[2026-08-16T00:32:49.981+0000] {logging_mixin.py:190} INFO - [2026-08-16T00:32:49.981+0000] {dag.py:4180} INFO - Setting next_dagrun for weather_ingestion to 2026-08-16 00:00:00+00:00, run_after=2026-08-16 01:00:00+00:00
[2026-08-16T00:32:49.989+0000] {processor.py:208} INFO - Processing /opt/airflow/dags/weather_dag.py took 0.067 seconds
[2026-08-16T00:33:20.263+0000] {processor.py:186} INFO - Started process (PID=38602) to work on /opt/airflow/dags/weather_dag.py
[2026-08-16T00:33:20.265+0000] {processor.py:914} INFO - Processing file /opt/airflow/dags/weather_dag.py for tasks to queue
[2026-08-16T00:33:20.272+0000] {logging_mixin.py:190} INFO - [2026-08-16T00:33:20.271+0000] {dagbag.py:588} INFO - Filling up the DagBag from /opt/airflow/dags/weather_dag.py
[2026-08-16T00:33:20.294+0000] {processor.py:925} INFO - DAG(s) 'weather_ingestion' retrieved from /opt/airflow/dags/weather_dag.py
[2026-08-16T00:33:20.317+0000] {logging_mixin.py:190} INFO - [2026-08-16T00:33:20.317+0000] {dag.py:3239} INFO - Sync 1 DAGs
[2026-08-16T00:33:20.331+0000] {logging_mixin.py:190} INFO - [2026-08-16T00:33:20.331+0000] {dag.py:4180} INFO - Setting next_dagrun for weather_ingestion to 2026-08-16 00:00:00+00:00, run_after=2026-08-16 01:00:00+00:00
[2026-08-16T00:33:20.339+0000] {processor.py:208} INFO - Processing /opt/airflow/dags/weather_dag.py took 0.088 seconds
[2026-08-16T00:33:50.668+0000] {processor.py:186} INFO - Started process (PID=38648) to work on /opt/airflow/dags/weather_dag.py
[2026-08-16T00:33:50.670+0000] {processor.py:914} INFO - Processing file /opt/airflow/dags/weather_dag.py for tasks to queue
[2026-08-16T00:33:50.673+0000] {logging_mixin.py:190} INFO - [2026-08-16T00:33:50.673+0000] {dagbag.py:588} INFO - Filling up the DagBag from /opt/airflow/dags/weather_dag.py
[2026-08-16T00:33:50.685+0000] {processor.py:925} INFO - DAG(s) 'weather_ingestion' retrieved from /opt/airflow/dags/weather_dag.py
[2026-08-16T00:33:50.703+0000] {logging_mixin.py:190} INFO - [2026-08-16T00:33:50.703+0000] {dag.py:3239} INFO - Sync 1 DAGs
[2026-08-16T00:33:50.715+0000] {logging_mixin.py:190} INFO - [2026-08-16T00:33:50.715+0000] {dag.py:4180} INFO - Setting next_dagrun for weather_ingestion to 2026-08-16 00:00:00+00:00, run_after=2026-08-16 01:00:00+00:00
[2026-08-16T00:33:50.722+0000] {processor.py:208} INFO - Processing /opt/airflow/dags/weather_dag.py took 0.063 seconds
[2026-08-16T00:34:20.993+0000] {processor.py:186} INFO - Started process (PID=38653) to work on /opt/airflow/dags/weather_dag.py
[2026-08-16T00:34:20.995+0000] {processor.py:914} INFO - Processing file /opt/airflow/dags/weather_dag.py for tasks to queue
[2026-08-16T00:34:20.998+0000] {logging_mixin.py:190} INFO - [2026-08-16T00:34:20.998+0000] {dagbag.py:588} INFO - Filling up the DagBag from /opt/airflow/dags/weather_dag.py
[2026-08-16T00:34:21.013+0000] {processor.py:925} INFO - DAG(s) 'weather_ingestion' retrieved from /opt/airflow/dags/weather_dag.py
[2026-08-16T00:34:21.036+0000] {logging_mixin.py:190} INFO - [2026-08-16T00:34:21.036+0000] {dag.py:3239} INFO - Sync 1 DAGs
[2026-08-16T00:34:21.051+0000] {logging_mixin.py:190} INFO - [2026-08-16T00:34:21.051+0000] {dag.py:4180} INFO - Setting next_dagrun for weather_ingestion to 2026-08-16 00:00:00+00:00, run_after=2026-08-16 01:00:00+00:00
[2026-08-16T00:34:21.060+0000] {processor.py:208} INFO - Processing /opt/airflow/dags/weather_dag.py took 0.078 seconds
[2026-08-16T00:50:37.078+0000] {processor.py:186} INFO - Started process (PID=38658) to work on /opt/airflow/dags/weather_dag.py
[2026-08-16T00:50:37.083+0000] {processor.py:914} INFO - Processing file /opt/airflow/dags/weather_dag.py for tasks to queue
[2026-08-16T00:50:37.089+0000] {logging_mixin.py:190} INFO - [2026-08-16T00:50:37.087+0000] {dagbag.py:588} INFO - Filling up the DagBag from /opt/airflow/dags/weather_dag.py
[2026-08-16T00:50:37.129+0000] {processor.py:925} INFO - DAG(s) 'weather_ingestion' retrieved from /opt/airflow/dags/weather_dag.py
[2026-08-16T00:50:37.194+0000] {logging_mixin.py:190} INFO - [2026-08-16T00:50:37.193+0000] {dag.py:3239} INFO - Sync 1 DAGs
[2026-08-16T00:50:37.230+0000] {logging_mixin.py:190} INFO - [2026-08-16T00:50:37.229+0000] {dag.py:4180} INFO - Setting next_dagrun for weather_ingestion to 2026-08-16 00:00:00+00:00, run_after=2026-08-16 01:00:00+00:00
[2026-08-16T00:50:37.250+0000] {processor.py:208} INFO - Processing /opt/airflow/dags/weather_dag.py took 0.191 seconds
[2026-08-16T00:51:07.532+0000] {processor.py:186} INFO - Started process (PID=38663) to work on /opt/airflow/dags/weather_dag.py
[2026-08-16T00:51:07.534+0000] {processor.py:914} INFO - Processing file /opt/airflow/dags/weather_dag.py for tasks to queue
[2026-08-16T00:51:07.538+0000] {logging_mixin.py:190} INFO - [2026-08-16T00:51:07.538+0000] {dagbag.py:588} INFO - Filling up the DagBag from /opt/airflow/dags/weather_dag.py
[2026-08-16T00:51:07.567+0000] {processor.py:925} INFO - DAG(s) 'weather_ingestion' retrieved from /opt/airflow/dags/weather_dag.py
[2026-08-16T00:51:07.623+0000] {logging_mixin.py:190} INFO - [2026-08-16T00:51:07.623+0000] {dag.py:3239} INFO - Sync 1 DAGs
[2026-08-16T00:51:07.647+0000] {logging_mixin.py:190} INFO - [2026-08-16T00:51:07.647+0000] {dag.py:4180} INFO - Setting next_dagrun for weather_ingestion to 2026-08-16 00:00:00+00:00, run_after=2026-08-16 01:00:00+00:00
[2026-08-16T00:51:07.666+0000] {processor.py:208} INFO - Processing /opt/airflow/dags/weather_dag.py took 0.154 seconds
[2026-08-16T00:51:37.887+0000] {processor.py:186} INFO - Started process (PID=38668) to work on /opt/airflow/dags/weather_dag.py
[2026-08-16T00:51:37.888+0000] {processor.py:914} INFO - Processing file /opt/airflow/dags/weather_dag.py for tasks to queue
[2026-08-16T00:51:37.890+0000] {logging_mixin.py:190} INFO - [2026-08-16T00:51:37.890+0000] {dagbag.py:588} INFO - Filling up the DagBag from /opt/airflow/dags/weather_dag.py
[2026-08-16T00:51:37.901+0000] {processor.py:925} INFO - DAG(s) 'weather_ingestion' retrieved from /opt/airflow/dags/weather_dag.py
[2026-08-16T00:51:37.921+0000] {logging_mixin.py:190} INFO - [2026-08-16T00:51:37.921+0000] {dag.py:3239} INFO - Sync 1 DAGs
[2026-08-16T00:51:37.933+0000] {logging_mixin.py:190} INFO - [2026-08-16T00:51:37.932+0000] {dag.py:4180} INFO - Setting next_dagrun for weather_ingestion to 2026-08-16 00:00:00+00:00, run_after=2026-08-16 01:00:00+00:00
[2026-08-16T00:51:37.940+0000] {processor.py:208} INFO - Processing /opt/airflow/dags/weather_dag.py took 0.065 seconds
[2026-08-16T00:52:08.287+0000] {processor.py:186} INFO - Started process (PID=38673) to work on /opt/airflow/dags/weather_dag.py
[2026-08-16T00:52:08.289+0000] {processor.py:914} INFO - Processing file /opt/airflow/dags/weather_dag.py for tasks to queue
[2026-08-16T00:52:08.293+0000] {logging_mixin.py:190} INFO - [2026-08-16T00:52:08.293+0000] {dagbag.py:588} INFO - Filling up the DagBag from /opt/airflow/dags/weather_dag.py
[2026-08-16T00:52:08.308+0000] {processor.py:925} INFO - DAG(s) 'weather_ingestion' retrieved from /opt/airflow/dags/weather_dag.py
[2026-08-16T00:52:08.332+0000] {logging_mixin.py:190} INFO - [2026-08-16T00:52:08.332+0000] {dag.py:3239} INFO - Sync 1 DAGs
[2026-08-16T00:52:08.348+0000] {logging_mixin.py:190} INFO - [2026-08-16T00:52:08.348+0000] {dag.py:4180} INFO - Setting next_dagrun for weather_ingestion to 2026-08-16 00:00:00+00:00, run_after=2026-08-16 01:00:00+00:00
[2026-08-16T00:52:08.357+0000] {processor.py:208} INFO - Processing /opt/airflow/dags/weather_dag.py took 0.081 seconds
[2026-08-16T00:52:38.628+0000] {processor.py:186} INFO - Started process (PID=38678) to work on /opt/airflow/dags/weather_dag.py
[2026-08-16T00:52:38.630+0000] {processor.py:914} INFO - Processing file /opt/airflow/dags/weather_dag.py for tasks to queue
[2026-08-16T00:52:38.632+0000] {logging_mixin.py:190} INFO - [2026-08-16T00:52:38.632+0000] {dagbag.py:588} INFO - Filling up the DagBag from /opt/airflow/dags/weather_dag.py
[2026-08-16T00:52:38.642+0000] {processor.py:925} INFO - DAG(s) 'weather_ingestion' retrieved from /opt/airflow/dags/weather_dag.py
[2026-08-16T00:52:38.661+0000] {logging_mixin.py:190} INFO - [2026-08-16T00:52:38.661+0000] {dag.py:3239} INFO - Sync 1 DAGs
[2026-08-16T00:52:38.673+0000] {logging_mixin.py:190} INFO - [2026-08-16T00:52:38.673+0000] {dag.py:4180} INFO - Setting next_dagrun for weather_ingestion to 2026-08-16 00:00:00+00:00, run_after=2026-08-16 01:00:00+00:00
[2026-08-16T00:52:38.680+0000] {processor.py:208} INFO - Processing /opt/airflow/dags/weather_dag.py took 0.059 seconds
[2026-08-16T01:10:14.115+0000] {processor.py:186} INFO - Started process (PID=38683) to work on /opt/airflow/dags/weather_dag.py
[2026-08-16T01:10:14.117+0000] {processor.py:914} INFO - Processing file /opt/airflow/dags/weather_dag.py for tasks to queue
[2026-08-16T01:10:14.123+0000] {logging_mixin.py:190} INFO - [2026-08-16T01:10:14.122+0000] {dagbag.py:588} INFO - Filling up the DagBag from /opt/airflow/dags/weather_dag.py
[2026-08-16T01:10:14.159+0000] {processor.py:925} INFO - DAG(s) 'weather_ingestion' retrieved from /opt/airflow/dags/weather_dag.py
[2026-08-16T01:10:14.194+0000] {logging_mixin.py:190} INFO - [2026-08-16T01:10:14.194+0000] {dag.py:3239} INFO - Sync 1 DAGs
[2026-08-16T01:10:14.229+0000] {logging_mixin.py:190} INFO - [2026-08-16T01:10:14.228+0000] {dag.py:4180} INFO - Setting next_dagrun for weather_ingestion to 2026-08-16 01:00:00+00:00, run_after=2026-08-16 02:00:00+00:00
[2026-08-16T01:10:14.249+0000] {processor.py:208} INFO - Processing /opt/airflow/dags/weather_dag.py took 0.145 seconds
[2026-08-16T01:10:44.504+0000] {processor.py:186} INFO - Started process (PID=38693) to work on /opt/airflow/dags/weather_dag.py
[2026-08-16T01:10:44.506+0000] {processor.py:914} INFO - Processing file /opt/airflow/dags/weather_dag.py for tasks to queue
[2026-08-16T01:10:44.510+0000] {logging_mixin.py:190} INFO - [2026-08-16T01:10:44.510+0000] {dagbag.py:588} INFO - Filling up the DagBag from /opt/airflow/dags/weather_dag.py
[2026-08-16T01:10:44.531+0000] {processor.py:925} INFO - DAG(s) 'weather_ingestion' retrieved from /opt/airflow/dags/weather_dag.py
[2026-08-16T01:10:44.577+0000] {logging_mixin.py:190} INFO - [2026-08-16T01:10:44.577+0000] {dag.py:3239} INFO - Sync 1 DAGs
[2026-08-16T01:10:44.596+0000] {logging_mixin.py:190} INFO - [2026-08-16T01:10:44.596+0000] {dag.py:4180} INFO - Setting next_dagrun for weather_ingestion to 2026-08-16 01:00:00+00:00, run_after=2026-08-16 02:00:00+00:00
[2026-08-16T01:10:44.618+0000] {processor.py:208} INFO - Processing /opt/airflow/dags/weather_dag.py took 0.129 seconds
[2026-08-16T01:27:39.447+0000] {processor.py:186} INFO - Started process (PID=38702) to work on /opt/airflow/dags/weather_dag.py
[2026-08-16T01:27:39.448+0000] {processor.py:914} INFO - Processing file /opt/airflow/dags/weather_dag.py for tasks to queue
[2026-08-16T01:27:39.451+0000] {logging_mixin.py:190} INFO - [2026-08-16T01:27:39.450+0000] {dagbag.py:588} INFO - Filling up the DagBag from /opt/airflow/dags/weather_dag.py
[2026-08-16T01:27:39.463+0000] {processor.py:925} INFO - DAG(s) 'weather_ingestion' retrieved from /opt/airflow/dags/weather_dag.py
[2026-08-16T01:27:39.483+0000] {logging_mixin.py:190} INFO - [2026-08-16T01:27:39.483+0000] {dag.py:3239} INFO - Sync 1 DAGs
[2026-08-16T01:27:39.495+0000] {logging_mixin.py:190} INFO - [2026-08-16T01:27:39.495+0000] {dag.py:4180} INFO - Setting next_dagrun for weather_ingestion to 2026-08-16 01:00:00+00:00, run_after=2026-08-16 02:00:00+00:00
[2026-08-16T01:27:39.503+0000] {processor.py:208} INFO - Processing /opt/airflow/dags/weather_dag.py took 0.064 seconds
[2026-08-16T01:28:09.742+0000] {processor.py:186} INFO - Started process (PID=39091) to work on /opt/airflow/dags/weather_dag.py
[2026-08-16T01:28:09.745+0000] {processor.py:914} INFO - Processing file /opt/airflow/dags/weather_dag.py for tasks to queue
[2026-08-16T01:28:09.751+0000] {logging_mixin.py:190} INFO - [2026-08-16T01:28:09.751+0000] {dagbag.py:588} INFO - Filling up the DagBag from /opt/airflow/dags/weather_dag.py
[2026-08-16T01:28:09.800+0000] {processor.py:925} INFO - DAG(s) 'weather_ingestion' retrieved from /opt/airflow/dags/weather_dag.py
[2026-08-16T01:28:09.823+0000] {logging_mixin.py:190} INFO - [2026-08-16T01:28:09.823+0000] {dag.py:3239} INFO - Sync 1 DAGs
[2026-08-16T01:28:09.837+0000] {logging_mixin.py:190} INFO - [2026-08-16T01:28:09.837+0000] {dag.py:4180} INFO - Setting next_dagrun for weather_ingestion to 2026-08-16 01:00:00+00:00, run_after=2026-08-16 02:00:00+00:00
[2026-08-16T01:28:09.845+0000] {processor.py:208} INFO - Processing /opt/airflow/dags/weather_dag.py took 0.115 seconds
[2026-08-16T01:28:40.122+0000] {processor.py:186} INFO - Started process (PID=39096) to work on /opt/airflow/dags/weather_dag.py
[2026-08-16T01:28:40.125+0000] {processor.py:914} INFO - Processing file /opt/airflow/dags/weather_dag.py for tasks to queue
[2026-08-16T01:28:40.131+0000] {logging_mixin.py:190} INFO - [2026-08-16T01:28:40.130+0000] {dagbag.py:588} INFO - Filling up the DagBag from /opt/airflow/dags/weather_dag.py
[2026-08-16T01:28:40.152+0000] {processor.py:925} INFO - DAG(s) 'weather_ingestion' retrieved from /opt/airflow/dags/weather_dag.py
[2026-08-16T01:28:40.180+0000] {logging_mixin.py:190} INFO - [2026-08-16T01:28:40.180+0000] {dag.py:3239} INFO - Sync 1 DAGs
[2026-08-16T01:28:40.200+0000] {logging_mixin.py:190} INFO - [2026-08-16T01:28:40.200+0000] {dag.py:4180} INFO - Setting next_dagrun for weather_ingestion to 2026-08-16 01:00:00+00:00, run_after=2026-08-16 02:00:00+00:00
[2026-08-16T01:28:40.208+0000] {processor.py:208} INFO - Processing /opt/airflow/dags/weather_dag.py took 0.101 seconds
[2026-08-16T01:29:10.444+0000] {processor.py:186} INFO - Started process (PID=39101) to work on /opt/airflow/dags/weather_dag.py
[2026-08-16T01:29:10.447+0000] {processor.py:914} INFO - Processing file /opt/airflow/dags/weather_dag.py for tasks to queue
[2026-08-16T01:29:10.449+0000] {logging_mixin.py:190} INFO - [2026-08-16T01:29:10.449+0000] {dagbag.py:588} INFO - Filling up the DagBag from /opt/airflow/dags/weather_dag.py
[2026-08-16T01:29:10.462+0000] {processor.py:925} INFO - DAG(s) 'weather_ingestion' retrieved from /opt/airflow/dags/weather_dag.py
[2026-08-16T01:29:10.488+0000] {logging_mixin.py:190} INFO - [2026-08-16T01:29:10.488+0000] {dag.py:3239} INFO - Sync 1 DAGs
[2026-08-16T01:29:10.505+0000] {logging_mixin.py:190} INFO - [2026-08-16T01:29:10.505+0000] {dag.py:4180} INFO - Setting next_dagrun for weather_ingestion to 2026-08-16 01:00:00+00:00, run_after=2026-08-16 02:00:00+00:00
[2026-08-16T01:29:10.515+0000] {processor.py:208} INFO - Processing /opt/airflow/dags/weather_dag.py took 0.077 seconds
[2026-08-16T01:33:51.997+0000] {processor.py:186} INFO - Started process (PID=39106) to work on /opt/airflow/dags/weather_dag.py
[2026-08-16T01:33:52.000+0000] {processor.py:914} INFO - Processing file /opt/airflow/dags/weather_dag.py for tasks to queue
[2026-08-16T01:33:52.006+0000] {logging_mixin.py:190} INFO - [2026-08-16T01:33:52.005+0000] {dagbag.py:588} INFO - Filling up the DagBag from /opt/airflow/dags/weather_dag.py
[2026-08-16T01:33:52.023+0000] {processor.py:925} INFO - DAG(s) 'weather_ingestion' retrieved from /opt/airflow/dags/weather_dag.py
[2026-08-16T01:33:52.048+0000] {logging_mixin.py:190} INFO - [2026-08-16T01:33:52.048+0000] {dag.py:3239} INFO - Sync 1 DAGs
[2026-08-16T01:33:52.072+0000] {logging_mixin.py:190} INFO - [2026-08-16T01:33:52.072+0000] {dag.py:4180} INFO - Setting next_dagrun for weather_ingestion to 2026-08-16 01:00:00+00:00, run_after=2026-08-16 02:00:00+00:00
[2026-08-16T01:33:52.085+0000] {processor.py:208} INFO - Processing /opt/airflow/dags/weather_dag.py took 0.100 seconds
[2026-08-16T01:34:22.312+0000] {processor.py:186} INFO - Started process (PID=39111) to work on /opt/airflow/dags/weather_dag.py
[2026-08-16T01:34:22.313+0000] {processor.py:914} INFO - Processing file /opt/airflow/dags/weather_dag.py for tasks to queue
[2026-08-16T01:34:22.316+0000] {logging_mixin.py:190} INFO - [2026-08-16T01:34:22.316+0000] {dagbag.py:588} INFO - Filling up the DagBag from /opt/airflow/dags/weather_dag.py
[2026-08-16T01:34:22.326+0000] {processor.py:925} INFO - DAG(s) 'weather_ingestion' retrieved from /opt/airflow/dags/weather_dag.py
[2026-08-16T01:34:22.346+0000] {logging_mixin.py:190} INFO - [2026-08-16T01:34:22.346+0000] {dag.py:3239} INFO - Sync 1 DAGs
[2026-08-16T01:34:22.358+0000] {logging_mixin.py:190} INFO - [2026-08-16T01:34:22.357+0000] {dag.py:4180} INFO - Setting next_dagrun for weather_ingestion to 2026-08-16 01:00:00+00:00, run_after=2026-08-16 02:00:00+00:00
[2026-08-16T01:34:22.364+0000] {processor.py:208} INFO - Processing /opt/airflow/dags/weather_dag.py took 0.064 seconds
[2026-08-16T01:34:52.709+0000] {processor.py:186} INFO - Started process (PID=39116) to work on /opt/airflow/dags/weather_dag.py
[2026-08-16T01:34:52.710+0000] {processor.py:914} INFO - Processing file /opt/airflow/dags/weather_dag.py for tasks to queue
[2026-08-16T01:34:52.713+0000] {logging_mixin.py:190} INFO - [2026-08-16T01:34:52.712+0000] {dagbag.py:588} INFO - Filling up the DagBag from /opt/airflow/dags/weather_dag.py
[2026-08-16T01:34:52.725+0000] {processor.py:925} INFO - DAG(s) 'weather_ingestion' retrieved from /opt/airflow/dags/weather_dag.py
[2026-08-16T01:34:52.744+0000] {logging_mixin.py:190} INFO - [2026-08-16T01:34:52.744+0000] {dag.py:3239} INFO - Sync 1 DAGs
[2026-08-16T01:34:52.756+0000] {logging_mixin.py:190} INFO - [2026-08-16T01:34:52.756+0000] {dag.py:4180} INFO - Setting next_dagrun for weather_ingestion to 2026-08-16 01:00:00+00:00, run_after=2026-08-16 02:00:00+00:00
[2026-08-16T01:34:52.763+0000] {processor.py:208} INFO - Processing /opt/airflow/dags/weather_dag.py took 0.062 seconds
[2026-08-16T01:35:22.982+0000] {processor.py:186} INFO - Started process (PID=39121) to work on /opt/airflow/dags/weather_dag.py
[2026-08-16T01:35:22.984+0000] {processor.py:914} INFO - Processing file /opt/airflow/dags/weather_dag.py for tasks to queue
[2026-08-16T01:35:22.986+0000] {logging_mixin.py:190} INFO - [2026-08-16T01:35:22.985+0000] {dagbag.py:588} INFO - Filling up the DagBag from /opt/airflow/dags/weather_dag.py
[2026-08-16T01:35:22.995+0000] {processor.py:925} INFO - DAG(s) 'weather_ingestion' retrieved from /opt/airflow/dags/weather_dag.py
[2026-08-16T01:35:23.013+0000] {logging_mixin.py:190} INFO - [2026-08-16T01:35:23.013+0000] {dag.py:3239} INFO - Sync 1 DAGs
[2026-08-16T01:35:23.025+0000] {logging_mixin.py:190} INFO - [2026-08-16T01:35:23.025+0000] {dag.py:4180} INFO - Setting next_dagrun for weather_ingestion to 2026-08-16 01:00:00+00:00, run_after=2026-08-16 02:00:00+00:00
[2026-08-16T01:35:23.033+0000] {processor.py:208} INFO - Processing /opt/airflow/dags/weather_dag.py took 0.057 seconds
[2026-08-16T01:52:59.183+0000] {processor.py:186} INFO - Started process (PID=39126) to work on /opt/airflow/dags/weather_dag.py
[2026-08-16T01:52:59.189+0000] {processor.py:914} INFO - Processing file /opt/airflow/dags/weather_dag.py for tasks to queue
[2026-08-16T01:52:59.204+0000] {logging_mixin.py:190} INFO - [2026-08-16T01:52:59.203+0000] {dagbag.py:588} INFO - Filling up the DagBag from /opt/airflow/dags/weather_dag.py
[2026-08-16T01:52:59.262+0000] {processor.py:925} INFO - DAG(s) 'weather_ingestion' retrieved from /opt/airflow/dags/weather_dag.py
[2026-08-16T01:52:59.405+0000] {logging_mixin.py:190} INFO - [2026-08-16T01:52:59.405+0000] {dag.py:3239} INFO - Sync 1 DAGs
[2026-08-16T01:52:59.458+0000] {logging_mixin.py:190} INFO - [2026-08-16T01:52:59.458+0000] {dag.py:4180} INFO - Setting next_dagrun for weather_ingestion to 2026-08-16 01:00:00+00:00, run_after=2026-08-16 02:00:00+00:00
[2026-08-16T01:52:59.547+0000] {processor.py:208} INFO - Processing /opt/airflow/dags/weather_dag.py took 0.397 seconds
[2026-08-16T01:53:29.701+0000] {processor.py:186} INFO - Started process (PID=39131) to work on /opt/airflow/dags/weather_dag.py
[2026-08-16T01:53:29.704+0000] {processor.py:914} INFO - Processing file /opt/airflow/dags/weather_dag.py for tasks to queue
[2026-08-16T01:53:29.708+0000] {logging_mixin.py:190} INFO - [2026-08-16T01:53:29.707+0000] {dagbag.py:588} INFO - Filling up the DagBag from /opt/airflow/dags/weather_dag.py
[2026-08-16T01:53:29.728+0000] {processor.py:925} INFO - DAG(s) 'weather_ingestion' retrieved from /opt/airflow/dags/weather_dag.py
[2026-08-16T01:53:29.789+0000] {logging_mixin.py:190} INFO - [2026-08-16T01:53:29.789+0000] {dag.py:3239} INFO - Sync 1 DAGs
[2026-08-16T01:53:29.807+0000] {logging_mixin.py:190} INFO - [2026-08-16T01:53:29.807+0000] {dag.py:4180} INFO - Setting next_dagrun for weather_ingestion to 2026-08-16 01:00:00+00:00, run_after=2026-08-16 02:00:00+00:00
[2026-08-16T01:53:29.817+0000] {processor.py:208} INFO - Processing /opt/airflow/dags/weather_dag.py took 0.131 seconds
[2026-08-16T01:54:00.008+0000] {processor.py:186} INFO - Started process (PID=39136) to work on /opt/airflow/dags/weather_dag.py
[2026-08-16T01:54:00.012+0000] {processor.py:914} INFO - Processing file /opt/airflow/dags/weather_dag.py for tasks to queue
[2026-08-16T01:54:00.016+0000] {logging_mixin.py:190} INFO - [2026-08-16T01:54:00.016+0000] {dagbag.py:588} INFO - Filling up the DagBag from /opt/airflow/dags/weather_dag.py
[2026-08-16T01:54:00.036+0000] {processor.py:925} INFO - DAG(s) 'weather_ingestion' retrieved from /opt/airflow/dags/weather_dag.py
[2026-08-16T01:54:00.078+0000] {logging_mixin.py:190} INFO - [2026-08-16T01:54:00.078+0000] {dag.py:3239} INFO - Sync 1 DAGs
[2026-08-16T01:54:00.099+0000] {logging_mixin.py:190} INFO - [2026-08-16T01:54:00.099+0000] {dag.py:4180} INFO - Setting next_dagrun for weather_ingestion to 2026-08-16 01:00:00+00:00, run_after=2026-08-16 02:00:00+00:00
[2026-08-16T01:54:00.109+0000] {processor.py:208} INFO - Processing /opt/airflow/dags/weather_dag.py took 0.114 seconds
[2026-08-16T01:54:30.424+0000] {processor.py:186} INFO - Started process (PID=39141) to work on /opt/airflow/dags/weather_dag.py
[2026-08-16T01:54:30.426+0000] {processor.py:914} INFO - Processing file /opt/airflow/dags/weather_dag.py for tasks to queue
[2026-08-16T01:54:30.429+0000] {logging_mixin.py:190} INFO - [2026-08-16T01:54:30.429+0000] {dagbag.py:588} INFO - Filling up the DagBag from /opt/airflow/dags/weather_dag.py
[2026-08-16T01:54:30.440+0000] {processor.py:925} INFO - DAG(s) 'weather_ingestion' retrieved from /opt/airflow/dags/weather_dag.py
[2026-08-16T01:54:30.459+0000] {logging_mixin.py:190} INFO - [2026-08-16T01:54:30.459+0000] {dag.py:3239} INFO - Sync 1 DAGs
[2026-08-16T01:54:30.470+0000] {logging_mixin.py:190} INFO - [2026-08-16T01:54:30.470+0000] {dag.py:4180} INFO - Setting next_dagrun for weather_ingestion to 2026-08-16 01:00:00+00:00, run_after=2026-08-16 02:00:00+00:00
[2026-08-16T01:54:30.476+0000] {processor.py:208} INFO - Processing /opt/airflow/dags/weather_dag.py took 0.058 seconds
[2026-08-16T01:55:00.802+0000] {processor.py:186} INFO - Started process (PID=39146) to work on /opt/airflow/dags/weather_dag.py
[2026-08-16T01:55:00.806+0000] {processor.py:914} INFO - Processing file /opt/airflow/dags/weather_dag.py for tasks to queue
[2026-08-16T01:55:00.812+0000] {logging_mixin.py:190} INFO - [2026-08-16T01:55:00.811+0000] {dagbag.py:588} INFO - Filling up the DagBag from /opt/airflow/dags/weather_dag.py
[2026-08-16T01:55:00.836+0000] {processor.py:925} INFO - DAG(s) 'weather_ingestion' retrieved from /opt/airflow/dags/weather_dag.py
[2026-08-16T01:55:00.879+0000] {logging_mixin.py:190} INFO - [2026-08-16T01:55:00.879+0000] {dag.py:3239} INFO - Sync 1 DAGs
[2026-08-16T01:55:00.898+0000] {logging_mixin.py:190} INFO - [2026-08-16T01:55:00.898+0000] {dag.py:4180} INFO - Setting next_dagrun for weather_ingestion to 2026-08-16 01:00:00+00:00, run_after=2026-08-16 02:00:00+00:00
[2026-08-16T01:55:00.909+0000] {processor.py:208} INFO - Processing /opt/airflow/dags/weather_dag.py took 0.126 seconds
[2026-08-16T02:12:02.685+0000] {processor.py:186} INFO - Started process (PID=39154) to work on /opt/airflow/dags/weather_dag.py
[2026-08-16T02:12:02.689+0000] {processor.py:914} INFO - Processing file /opt/airflow/dags/weather_dag.py for tasks to queue
[2026-08-16T02:12:02.693+0000] {logging_mixin.py:190} INFO - [2026-08-16T02:12:02.693+0000] {dagbag.py:588} INFO - Filling up the DagBag from /opt/airflow/dags/weather_dag.py
[2026-08-16T02:12:02.710+0000] {processor.py:925} INFO - DAG(s) 'weather_ingestion' retrieved from /opt/airflow/dags/weather_dag.py
[2026-08-16T02:12:02.749+0000] {logging_mixin.py:190} INFO - [2026-08-16T02:12:02.749+0000] {dag.py:3239} INFO - Sync 1 DAGs
[2026-08-16T02:12:02.775+0000] {logging_mixin.py:190} INFO - [2026-08-16T02:12:02.775+0000] {dag.py:4180} INFO - Setting next_dagrun for weather_ingestion to 2026-08-16 02:00:00+00:00, run_after=2026-08-16 03:00:00+00:00
[2026-08-16T02:12:02.785+0000] {processor.py:208} INFO - Processing /opt/airflow/dags/weather_dag.py took 0.110 seconds
[2026-08-16T02:12:32.941+0000] {processor.py:186} INFO - Started process (PID=39161) to work on /opt/airflow/dags/weather_dag.py
[2026-08-16T02:12:32.944+0000] {processor.py:914} INFO - Processing file /opt/airflow/dags/weather_dag.py for tasks to queue
[2026-08-16T02:12:32.956+0000] {logging_mixin.py:190} INFO - [2026-08-16T02:12:32.955+0000] {dagbag.py:588} INFO - Filling up the DagBag from /opt/airflow/dags/weather_dag.py
[2026-08-16T02:12:33.010+0000] {processor.py:925} INFO - DAG(s) 'weather_ingestion' retrieved from /opt/airflow/dags/weather_dag.py
[2026-08-16T02:12:33.048+0000] {logging_mixin.py:190} INFO - [2026-08-16T02:12:33.048+0000] {dag.py:3239} INFO - Sync 1 DAGs
[2026-08-16T02:12:33.067+0000] {logging_mixin.py:190} INFO - [2026-08-16T02:12:33.067+0000] {dag.py:4180} INFO - Setting next_dagrun for weather_ingestion to 2026-08-16 02:00:00+00:00, run_after=2026-08-16 03:00:00+00:00
[2026-08-16T02:12:33.078+0000] {processor.py:208} INFO - Processing /opt/airflow/dags/weather_dag.py took 0.161 seconds
[2026-08-16T02:13:03.287+0000] {processor.py:186} INFO - Started process (PID=39166) to work on /opt/airflow/dags/weather_dag.py
[2026-08-16T02:13:03.288+0000] {processor.py:914} INFO - Processing file /opt/airflow/dags/weather_dag.py for tasks to queue
[2026-08-16T02:13:03.290+0000] {logging_mixin.py:190} INFO - [2026-08-16T02:13:03.290+0000] {dagbag.py:588} INFO - Filling up the DagBag from /opt/airflow/dags/weather_dag.py
[2026-08-16T02:13:03.298+0000] {processor.py:925} INFO - DAG(s) 'weather_ingestion' retrieved from /opt/airflow/dags/weather_dag.py
[2026-08-16T02:13:03.317+0000] {logging_mixin.py:190} INFO - [2026-08-16T02:13:03.317+0000] {dag.py:3239} INFO - Sync 1 DAGs
[2026-08-16T02:13:03.331+0000] {logging_mixin.py:190} INFO - [2026-08-16T02:13:03.331+0000] {dag.py:4180} INFO - Setting next_dagrun for weather_ingestion to 2026-08-16 02:00:00+00:00, run_after=2026-08-16 03:00:00+00:00
[2026-08-16T02:13:03.338+0000] {processor.py:208} INFO - Processing /opt/airflow/dags/weather_dag.py took 0.060 seconds
[2026-08-16T02:13:33.677+0000] {processor.py:186} INFO - Started process (PID=39171) to work on /opt/airflow/dags/weather_dag.py
[2026-08-16T02:13:33.679+0000] {processor.py:914} INFO - Processing file /opt/airflow/dags/weather_dag.py for tasks to queue
[2026-08-16T02:13:33.681+0000] {logging_mixin.py:190} INFO - [2026-08-16T02:13:33.680+0000] {dagbag.py:588} INFO - Filling up the DagBag from /opt/airflow/dags/weather_dag.py
[2026-08-16T02:13:33.691+0000] {processor.py:925} INFO - DAG(s) 'weather_ingestion' retrieved from /opt/airflow/dags/weather_dag.py
[2026-08-16T02:13:33.709+0000] {logging_mixin.py:190} INFO - [2026-08-16T02:13:33.709+0000] {dag.py:3239} INFO - Sync 1 DAGs
[2026-08-16T02:13:33.721+0000] {logging_mixin.py:190} INFO - [2026-08-16T02:13:33.721+0000] {dag.py:4180} INFO - Setting next_dagrun for weather_ingestion to 2026-08-16 02:00:00+00:00, run_after=2026-08-16 03:00:00+00:00
[2026-08-16T02:13:33.728+0000] {processor.py:208} INFO - Processing /opt/airflow/dags/weather_dag.py took 0.059 seconds
[2026-08-16T02:31:10.177+0000] {processor.py:186} INFO - Started process (PID=39176) to work on /opt/airflow/dags/weather_dag.py
[2026-08-16T02:31:10.179+0000] {processor.py:914} INFO - Processing file /opt/airflow/dags/weather_dag.py for tasks to queue
[2026-08-16T02:31:10.185+0000] {logging_mixin.py:190} INFO - [2026-08-16T02:31:10.184+0000] {dagbag.py:588} INFO - Filling up the DagBag from /opt/airflow/dags/weather_dag.py
[2026-08-16T02:31:10.207+0000] {processor.py:925} INFO - DAG(s) 'weather_ingestion' retrieved from /opt/airflow/dags/weather_dag.py
[2026-08-16T02:31:10.269+0000] {logging_mixin.py:190} INFO - [2026-08-16T02:31:10.269+0000] {dag.py:3239} INFO - Sync 1 DAGs
[2026-08-16T02:31:10.301+0000] {logging_mixin.py:190} INFO - [2026-08-16T02:31:10.301+0000] {dag.py:4180} INFO - Setting next_dagrun for weather_ingestion to 2026-08-16 02:00:00+00:00, run_after=2026-08-16 03:00:00+00:00
[2026-08-16T02:31:10.313+0000] {processor.py:208} INFO - Processing /opt/airflow/dags/weather_dag.py took 0.146 seconds
[2026-08-16T02:31:40.608+0000] {processor.py:186} INFO - Started process (PID=39186) to work on /opt/airflow/dags/weather_dag.py
[2026-08-16T02:31:40.610+0000] {processor.py:914} INFO - Processing file /opt/airflow/dags/weather_dag.py for tasks to queue
[2026-08-16T02:31:40.616+0000] {logging_mixin.py:190} INFO - [2026-08-16T02:31:40.615+0000] {dagbag.py:588} INFO - Filling up the DagBag from /opt/airflow/dags/weather_dag.py
[2026-08-16T02:31:40.653+0000] {processor.py:925} INFO - DAG(s) 'weather_ingestion' retrieved from /opt/airflow/dags/weather_dag.py
[2026-08-16T02:31:40.710+0000] {logging_mixin.py:190} INFO - [2026-08-16T02:31:40.710+0000] {dag.py:3239} INFO - Sync 1 DAGs
[2026-08-16T02:31:40.733+0000] {logging_mixin.py:190} INFO - [2026-08-16T02:31:40.733+0000] {dag.py:4180} INFO - Setting next_dagrun for weather_ingestion to 2026-08-16 02:00:00+00:00, run_after=2026-08-16 03:00:00+00:00
[2026-08-16T02:31:40.748+0000] {processor.py:208} INFO - Processing /opt/airflow/dags/weather_dag.py took 0.155 seconds
[2026-08-16T02:32:11.043+0000] {processor.py:186} INFO - Started process (PID=39191) to work on /opt/airflow/dags/weather_dag.py
[2026-08-16T02:32:11.044+0000] {processor.py:914} INFO - Processing file /opt/airflow/dags/weather_dag.py for tasks to queue
[2026-08-16T02:32:11.048+0000] {logging_mixin.py:190} INFO - [2026-08-16T02:32:11.047+0000] {dagbag.py:588} INFO - Filling up the DagBag from /opt/airflow/dags/weather_dag.py
[2026-08-16T02:32:11.062+0000] {processor.py:925} INFO - DAG(s) 'weather_ingestion' retrieved from /opt/airflow/dags/weather_dag.py
[2026-08-16T02:32:11.088+0000] {logging_mixin.py:190} INFO - [2026-08-16T02:32:11.088+0000] {dag.py:3239} INFO - Sync 1 DAGs
[2026-08-16T02:32:11.114+0000] {logging_mixin.py:190} INFO - [2026-08-16T02:32:11.114+0000] {dag.py:4180} INFO - Setting next_dagrun for weather_ingestion to 2026-08-16 02:00:00+00:00, run_after=2026-08-16 03:00:00+00:00
[2026-08-16T02:32:11.123+0000] {processor.py:208} INFO - Processing /opt/airflow/dags/weather_dag.py took 0.089 seconds
[2026-08-16T02:32:41.359+0000] {processor.py:186} INFO - Started process (PID=39196) to work on /opt/airflow/dags/weather_dag.py
[2026-08-16T02:32:41.360+0000] {processor.py:914} INFO - Processing file /opt/airflow/dags/weather_dag.py for tasks to queue
[2026-08-16T02:32:41.362+0000] {logging_mixin.py:190} INFO - [2026-08-16T02:32:41.362+0000] {dagbag.py:588} INFO - Filling up the DagBag from /opt/airflow/dags/weather_dag.py
[2026-08-16T02:32:41.373+0000] {processor.py:925} INFO - DAG(s) 'weather_ingestion' retrieved from /opt/airflow/dags/weather_dag.py
[2026-08-16T02:32:41.392+0000] {logging_mixin.py:190} INFO - [2026-08-16T02:32:41.391+0000] {dag.py:3239} INFO - Sync 1 DAGs
[2026-08-16T02:32:41.403+0000] {logging_mixin.py:190} INFO - [2026-08-16T02:32:41.403+0000] {dag.py:4180} INFO - Setting next_dagrun for weather_ingestion to 2026-08-16 02:00:00+00:00, run_after=2026-08-16 03:00:00+00:00
[2026-08-16T02:32:41.409+0000] {processor.py:208} INFO - Processing /opt/airflow/dags/weather_dag.py took 0.060 seconds
[2026-08-16T02:33:11.651+0000] {processor.py:186} INFO - Started process (PID=39201) to work on /opt/airflow/dags/weather_dag.py
[2026-08-16T02:33:11.652+0000] {processor.py:914} INFO - Processing file /opt/airflow/dags/weather_dag.py for tasks to queue
[2026-08-16T02:33:11.654+0000] {logging_mixin.py:190} INFO - [2026-08-16T02:33:11.654+0000] {dagbag.py:588} INFO - Filling up the DagBag from /opt/airflow/dags/weather_dag.py
[2026-08-16T02:33:11.664+0000] {processor.py:925} INFO - DAG(s) 'weather_ingestion' retrieved from /opt/airflow/dags/weather_dag.py
[2026-08-16T02:33:11.682+0000] {logging_mixin.py:190} INFO - [2026-08-16T02:33:11.682+0000] {dag.py:3239} INFO - Sync 1 DAGs
[2026-08-16T02:33:11.693+0000] {logging_mixin.py:190} INFO - [2026-08-16T02:33:11.693+0000] {dag.py:4180} INFO - Setting next_dagrun for weather_ingestion to 2026-08-16 02:00:00+00:00, run_after=2026-08-16 03:00:00+00:00
[2026-08-16T02:33:11.700+0000] {processor.py:208} INFO - Processing /opt/airflow/dags/weather_dag.py took 0.056 seconds
[2026-08-16T02:33:41.931+0000] {processor.py:186} INFO - Started process (PID=39553) to work on /opt/airflow/dags/weather_dag.py
[2026-08-16T02:33:41.932+0000] {processor.py:914} INFO - Processing file /opt/airflow/dags/weather_dag.py for tasks to queue
[2026-08-16T02:33:41.937+0000] {logging_mixin.py:190} INFO - [2026-08-16T02:33:41.936+0000] {dagbag.py:588} INFO - Filling up the DagBag from /opt/airflow/dags/weather_dag.py
[2026-08-16T02:33:41.950+0000] {processor.py:925} INFO - DAG(s) 'weather_ingestion' retrieved from /opt/airflow/dags/weather_dag.py
[2026-08-16T02:33:42.001+0000] {logging_mixin.py:190} INFO - [2026-08-16T02:33:42.001+0000] {dag.py:3239} INFO - Sync 1 DAGs
[2026-08-16T02:33:42.016+0000] {logging_mixin.py:190} INFO - [2026-08-16T02:33:42.016+0000] {dag.py:4180} INFO - Setting next_dagrun for weather_ingestion to 2026-08-16 02:00:00+00:00, run_after=2026-08-16 03:00:00+00:00
[2026-08-16T02:33:42.025+0000] {processor.py:208} INFO - Processing /opt/airflow/dags/weather_dag.py took 0.105 seconds
[2026-08-16T02:50:33.253+0000] {processor.py:186} INFO - Started process (PID=39601) to work on /opt/airflow/dags/weather_dag.py
[2026-08-16T02:50:33.255+0000] {processor.py:914} INFO - Processing file /opt/airflow/dags/weather_dag.py for tasks to queue
[2026-08-16T02:50:33.260+0000] {logging_mixin.py:190} INFO - [2026-08-16T02:50:33.259+0000] {dagbag.py:588} INFO - Filling up the DagBag from /opt/airflow/dags/weather_dag.py
[2026-08-16T02:50:33.279+0000] {processor.py:925} INFO - DAG(s) 'weather_ingestion' retrieved from /opt/airflow/dags/weather_dag.py
[2026-08-16T02:50:33.308+0000] {logging_mixin.py:190} INFO - [2026-08-16T02:50:33.308+0000] {dag.py:3239} INFO - Sync 1 DAGs
[2026-08-16T02:50:33.325+0000] {logging_mixin.py:190} INFO - [2026-08-16T02:50:33.325+0000] {dag.py:4180} INFO - Setting next_dagrun for weather_ingestion to 2026-08-16 02:00:00+00:00, run_after=2026-08-16 03:00:00+00:00
[2026-08-16T02:50:33.335+0000] {processor.py:208} INFO - Processing /opt/airflow/dags/weather_dag.py took 0.114 seconds
[2026-08-16T02:51:03.787+0000] {processor.py:186} INFO - Started process (PID=39606) to work on /opt/airflow/dags/weather_dag.py
[2026-08-16T02:51:03.789+0000] {processor.py:914} INFO - Processing file /opt/airflow/dags/weather_dag.py for tasks to queue
[2026-08-16T02:51:03.794+0000] {logging_mixin.py:190} INFO - [2026-08-16T02:51:03.793+0000] {dagbag.py:588} INFO - Filling up the DagBag from /opt/airflow/dags/weather_dag.py
[2026-08-16T02:51:03.812+0000] {processor.py:925} INFO - DAG(s) 'weather_ingestion' retrieved from /opt/airflow/dags/weather_dag.py
[2026-08-16T02:51:03.840+0000] {logging_mixin.py:190} INFO - [2026-08-16T02:51:03.840+0000] {dag.py:3239} INFO - Sync 1 DAGs
[2026-08-16T02:51:03.879+0000] {logging_mixin.py:190} INFO - [2026-08-16T02:51:03.879+0000] {dag.py:4180} INFO - Setting next_dagrun for weather_ingestion to 2026-08-16 02:00:00+00:00, run_after=2026-08-16 03:00:00+00:00
[2026-08-16T02:51:03.889+0000] {processor.py:208} INFO - Processing /opt/airflow/dags/weather_dag.py took 0.136 seconds
[2026-08-16T02:51:34.044+0000] {processor.py:186} INFO - Started process (PID=39611) to work on /opt/airflow/dags/weather_dag.py
[2026-08-16T02:51:34.045+0000] {processor.py:914} INFO - Processing file /opt/airflow/dags/weather_dag.py for tasks to queue
[2026-08-16T02:51:34.047+0000] {logging_mixin.py:190} INFO - [2026-08-16T02:51:34.047+0000] {dagbag.py:588} INFO - Filling up the DagBag from /opt/airflow/dags/weather_dag.py
[2026-08-16T02:51:34.057+0000] {processor.py:925} INFO - DAG(s) 'weather_ingestion' retrieved from /opt/airflow/dags/weather_dag.py
[2026-08-16T02:51:34.077+0000] {logging_mixin.py:190} INFO - [2026-08-16T02:51:34.077+0000] {dag.py:3239} INFO - Sync 1 DAGs
[2026-08-16T02:51:34.087+0000] {logging_mixin.py:190} INFO - [2026-08-16T02:51:34.087+0000] {dag.py:4180} INFO - Setting next_dagrun for weather_ingestion to 2026-08-16 02:00:00+00:00, run_after=2026-08-16 03:00:00+00:00
[2026-08-16T02:51:34.096+0000] {processor.py:208} INFO - Processing /opt/airflow/dags/weather_dag.py took 0.064 seconds
[2026-08-16T02:52:04.324+0000] {processor.py:186} INFO - Started process (PID=39616) to work on /opt/airflow/dags/weather_dag.py
[2026-08-16T02:52:04.326+0000] {processor.py:914} INFO - Processing file /opt/airflow/dags/weather_dag.py for tasks to queue
[2026-08-16T02:52:04.328+0000] {logging_mixin.py:190} INFO - [2026-08-16T02:52:04.328+0000] {dagbag.py:588} INFO - Filling up the DagBag from /opt/airflow/dags/weather_dag.py
[2026-08-16T02:52:04.339+0000] {processor.py:925} INFO - DAG(s) 'weather_ingestion' retrieved from /opt/airflow/dags/weather_dag.py
[2026-08-16T02:52:04.356+0000] {logging_mixin.py:190} INFO - [2026-08-16T02:52:04.356+0000] {dag.py:3239} INFO - Sync 1 DAGs
[2026-08-16T02:52:04.369+0000] {logging_mixin.py:190} INFO - [2026-08-16T02:52:04.369+0000] {dag.py:4180} INFO - Setting next_dagrun for weather_ingestion to 2026-08-16 02:00:00+00:00, run_after=2026-08-16 03:00:00+00:00
[2026-08-16T02:52:04.377+0000] {processor.py:208} INFO - Processing /opt/airflow/dags/weather_dag.py took 0.061 seconds
[2026-08-16T03:09:59.469+0000] {processor.py:186} INFO - Started process (PID=39621) to work on /opt/airflow/dags/weather_dag.py
[2026-08-16T03:09:59.471+0000] {processor.py:914} INFO - Processing file /opt/airflow/dags/weather_dag.py for tasks to queue
[2026-08-16T03:09:59.478+0000] {logging_mixin.py:190} INFO - [2026-08-16T03:09:59.477+0000] {dagbag.py:588} INFO - Filling up the DagBag from /opt/airflow/dags/weather_dag.py
[2026-08-16T03:09:59.529+0000] {processor.py:925} INFO - DAG(s) 'weather_ingestion' retrieved from /opt/airflow/dags/weather_dag.py
[2026-08-16T03:09:59.593+0000] {logging_mixin.py:190} INFO - [2026-08-16T03:09:59.592+0000] {dag.py:3239} INFO - Sync 1 DAGs
[2026-08-16T03:09:59.614+0000] {logging_mixin.py:190} INFO - [2026-08-16T03:09:59.614+0000] {dag.py:4180} INFO - Setting next_dagrun for weather_ingestion to 2026-08-16 02:00:00+00:00, run_after=2026-08-16 03:00:00+00:00
[2026-08-16T03:09:59.625+0000] {processor.py:208} INFO - Processing /opt/airflow/dags/weather_dag.py took 0.173 seconds
[2026-08-16T03:10:30.046+0000] {processor.py:186} INFO - Started process (PID=39631) to work on /opt/airflow/dags/weather_dag.py
[2026-08-16T03:10:30.049+0000] {processor.py:914} INFO - Processing file /opt/airflow/dags/weather_dag.py for tasks to queue
[2026-08-16T03:10:30.056+0000] {logging_mixin.py:190} INFO - [2026-08-16T03:10:30.054+0000] {dagbag.py:588} INFO - Filling up the DagBag from /opt/airflow/dags/weather_dag.py
[2026-08-16T03:10:30.087+0000] {processor.py:925} INFO - DAG(s) 'weather_ingestion' retrieved from /opt/airflow/dags/weather_dag.py
[2026-08-16T03:10:30.112+0000] {logging_mixin.py:190} INFO - [2026-08-16T03:10:30.112+0000] {dag.py:3239} INFO - Sync 1 DAGs
[2026-08-16T03:10:30.128+0000] {logging_mixin.py:190} INFO - [2026-08-16T03:10:30.128+0000] {dag.py:4180} INFO - Setting next_dagrun for weather_ingestion to 2026-08-16 03:00:00+00:00, run_after=2026-08-16 04:00:00+00:00
[2026-08-16T03:10:30.138+0000] {processor.py:208} INFO - Processing /opt/airflow/dags/weather_dag.py took 0.105 seconds
[2026-08-16T03:11:00.486+0000] {processor.py:186} INFO - Started process (PID=39636) to work on /opt/airflow/dags/weather_dag.py
[2026-08-16T03:11:00.488+0000] {processor.py:914} INFO - Processing file /opt/airflow/dags/weather_dag.py for tasks to queue
[2026-08-16T03:11:00.494+0000] {logging_mixin.py:190} INFO - [2026-08-16T03:11:00.493+0000] {dagbag.py:588} INFO - Filling up the DagBag from /opt/airflow/dags/weather_dag.py
[2026-08-16T03:11:00.514+0000] {processor.py:925} INFO - DAG(s) 'weather_ingestion' retrieved from /opt/airflow/dags/weather_dag.py
[2026-08-16T03:11:00.543+0000] {logging_mixin.py:190} INFO - [2026-08-16T03:11:00.543+0000] {dag.py:3239} INFO - Sync 1 DAGs
[2026-08-16T03:11:00.573+0000] {logging_mixin.py:190} INFO - [2026-08-16T03:11:00.572+0000] {dag.py:4180} INFO - Setting next_dagrun for weather_ingestion to 2026-08-16 03:00:00+00:00, run_after=2026-08-16 04:00:00+00:00
[2026-08-16T03:11:00.594+0000] {processor.py:208} INFO - Processing /opt/airflow/dags/weather_dag.py took 0.118 seconds
[2026-08-16T03:11:30.813+0000] {processor.py:186} INFO - Started process (PID=39641) to work on /opt/airflow/dags/weather_dag.py
[2026-08-16T03:11:30.814+0000] {processor.py:914} INFO - Processing file /opt/airflow/dags/weather_dag.py for tasks to queue
[2026-08-16T03:11:30.818+0000] {logging_mixin.py:190} INFO - [2026-08-16T03:11:30.817+0000] {dagbag.py:588} INFO - Filling up the DagBag from /opt/airflow/dags/weather_dag.py
[2026-08-16T03:11:30.829+0000] {processor.py:925} INFO - DAG(s) 'weather_ingestion' retrieved from /opt/airflow/dags/weather_dag.py
[2026-08-16T03:11:30.850+0000] {logging_mixin.py:190} INFO - [2026-08-16T03:11:30.850+0000] {dag.py:3239} INFO - Sync 1 DAGs
[2026-08-16T03:11:30.861+0000] {logging_mixin.py:190} INFO - [2026-08-16T03:11:30.861+0000] {dag.py:4180} INFO - Setting next_dagrun for weather_ingestion to 2026-08-16 03:00:00+00:00, run_after=2026-08-16 04:00:00+00:00
[2026-08-16T03:11:30.868+0000] {processor.py:208} INFO - Processing /opt/airflow/dags/weather_dag.py took 0.066 seconds
[2026-08-16T03:12:01.197+0000] {processor.py:186} INFO - Started process (PID=39646) to work on /opt/airflow/dags/weather_dag.py
[2026-08-16T03:12:01.198+0000] {processor.py:914} INFO - Processing file /opt/airflow/dags/weather_dag.py for tasks to queue
[2026-08-16T03:12:01.201+0000] {logging_mixin.py:190} INFO - [2026-08-16T03:12:01.201+0000] {dagbag.py:588} INFO - Filling up the DagBag from /opt/airflow/dags/weather_dag.py
[2026-08-16T03:12:01.210+0000] {processor.py:925} INFO - DAG(s) 'weather_ingestion' retrieved from /opt/airflow/dags/weather_dag.py
[2026-08-16T03:12:01.226+0000] {logging_mixin.py:190} INFO - [2026-08-16T03:12:01.226+0000] {dag.py:3239} INFO - Sync 1 DAGs
[2026-08-16T03:12:01.238+0000] {logging_mixin.py:190} INFO - [2026-08-16T03:12:01.238+0000] {dag.py:4180} INFO - Setting next_dagrun for weather_ingestion to 2026-08-16 03:00:00+00:00, run_after=2026-08-16 04:00:00+00:00
[2026-08-16T03:12:01.247+0000] {processor.py:208} INFO - Processing /opt/airflow/dags/weather_dag.py took 0.058 seconds
[2026-08-16T03:12:31.413+0000] {processor.py:186} INFO - Started process (PID=40052) to work on /opt/airflow/dags/weather_dag.py
[2026-08-16T03:12:31.413+0000] {processor.py:914} INFO - Processing file /opt/airflow/dags/weather_dag.py for tasks to queue
[2026-08-16T03:12:31.415+0000] {logging_mixin.py:190} INFO - [2026-08-16T03:12:31.415+0000] {dagbag.py:588} INFO - Filling up the DagBag from /opt/airflow/dags/weather_dag.py
[2026-08-16T03:12:31.425+0000] {processor.py:925} INFO - DAG(s) 'weather_ingestion' retrieved from /opt/airflow/dags/weather_dag.py
[2026-08-16T03:12:31.447+0000] {logging_mixin.py:190} INFO - [2026-08-16T03:12:31.447+0000] {dag.py:3239} INFO - Sync 1 DAGs
[2026-08-16T03:12:31.460+0000] {logging_mixin.py:190} INFO - [2026-08-16T03:12:31.460+0000] {dag.py:4180} INFO - Setting next_dagrun for weather_ingestion to 2026-08-16 03:00:00+00:00, run_after=2026-08-16 04:00:00+00:00
[2026-08-16T03:12:31.468+0000] {processor.py:208} INFO - Processing /opt/airflow/dags/weather_dag.py took 0.060 seconds
[2026-08-16T03:28:20.083+0000] {processor.py:186} INFO - Started process (PID=40057) to work on /opt/airflow/dags/weather_dag.py
[2026-08-16T03:28:20.086+0000] {processor.py:914} INFO - Processing file /opt/airflow/dags/weather_dag.py for tasks to queue
[2026-08-16T03:28:20.091+0000] {logging_mixin.py:190} INFO - [2026-08-16T03:28:20.090+0000] {dagbag.py:588} INFO - Filling up the DagBag from /opt/airflow/dags/weather_dag.py
[2026-08-16T03:28:20.117+0000] {processor.py:925} INFO - DAG(s) 'weather_ingestion' retrieved from /opt/airflow/dags/weather_dag.py
[2026-08-16T03:28:20.149+0000] {logging_mixin.py:190} INFO - [2026-08-16T03:28:20.149+0000] {dag.py:3239} INFO - Sync 1 DAGs
[2026-08-16T03:28:20.169+0000] {logging_mixin.py:190} INFO - [2026-08-16T03:28:20.169+0000] {dag.py:4180} INFO - Setting next_dagrun for weather_ingestion to 2026-08-16 03:00:00+00:00, run_after=2026-08-16 04:00:00+00:00
[2026-08-16T03:28:20.177+0000] {processor.py:208} INFO - Processing /opt/airflow/dags/weather_dag.py took 0.107 seconds
[2026-08-16T03:28:50.439+0000] {processor.py:186} INFO - Started process (PID=40062) to work on /opt/airflow/dags/weather_dag.py
[2026-08-16T03:28:50.441+0000] {processor.py:914} INFO - Processing file /opt/airflow/dags/weather_dag.py for tasks to queue
[2026-08-16T03:28:50.447+0000] {logging_mixin.py:190} INFO - [2026-08-16T03:28:50.446+0000] {dagbag.py:588} INFO - Filling up the DagBag from /opt/airflow/dags/weather_dag.py
[2026-08-16T03:28:50.468+0000] {processor.py:925} INFO - DAG(s) 'weather_ingestion' retrieved from /opt/airflow/dags/weather_dag.py
[2026-08-16T03:28:50.500+0000] {logging_mixin.py:190} INFO - [2026-08-16T03:28:50.500+0000] {dag.py:3239} INFO - Sync 1 DAGs
[2026-08-16T03:28:50.516+0000] {logging_mixin.py:190} INFO - [2026-08-16T03:28:50.516+0000] {dag.py:4180} INFO - Setting next_dagrun for weather_ingestion to 2026-08-16 03:00:00+00:00, run_after=2026-08-16 04:00:00+00:00
[2026-08-16T03:28:50.524+0000] {processor.py:208} INFO - Processing /opt/airflow/dags/weather_dag.py took 0.100 seconds
[2026-08-16T03:29:20.749+0000] {processor.py:186} INFO - Started process (PID=40067) to work on /opt/airflow/dags/weather_dag.py
[2026-08-16T03:29:20.752+0000] {processor.py:914} INFO - Processing file /opt/airflow/dags/weather_dag.py for tasks to queue
[2026-08-16T03:29:20.754+0000] {logging_mixin.py:190} INFO - [2026-08-16T03:29:20.754+0000] {dagbag.py:588} INFO - Filling up the DagBag from /opt/airflow/dags/weather_dag.py
[2026-08-16T03:29:20.764+0000] {processor.py:925} INFO - DAG(s) 'weather_ingestion' retrieved from /opt/airflow/dags/weather_dag.py
[2026-08-16T03:29:20.783+0000] {logging_mixin.py:190} INFO - [2026-08-16T03:29:20.783+0000] {dag.py:3239} INFO - Sync 1 DAGs
[2026-08-16T03:29:20.793+0000] {logging_mixin.py:190} INFO - [2026-08-16T03:29:20.793+0000] {dag.py:4180} INFO - Setting next_dagrun for weather_ingestion to 2026-08-16 03:00:00+00:00, run_after=2026-08-16 04:00:00+00:00
[2026-08-16T03:29:20.801+0000] {processor.py:208} INFO - Processing /opt/airflow/dags/weather_dag.py took 0.061 seconds
[2026-08-16T03:29:51.107+0000] {processor.py:186} INFO - Started process (PID=40072) to work on /opt/airflow/dags/weather_dag.py
[2026-08-16T03:29:51.109+0000] {processor.py:914} INFO - Processing file /opt/airflow/dags/weather_dag.py for tasks to queue
[2026-08-16T03:29:51.111+0000] {logging_mixin.py:190} INFO - [2026-08-16T03:29:51.111+0000] {dagbag.py:588} INFO - Filling up the DagBag from /opt/airflow/dags/weather_dag.py
[2026-08-16T03:29:51.122+0000] {processor.py:925} INFO - DAG(s) 'weather_ingestion' retrieved from /opt/airflow/dags/weather_dag.py
[2026-08-16T03:29:51.143+0000] {logging_mixin.py:190} INFO - [2026-08-16T03:29:51.143+0000] {dag.py:3239} INFO - Sync 1 DAGs
[2026-08-16T03:29:51.156+0000] {logging_mixin.py:190} INFO - [2026-08-16T03:29:51.156+0000] {dag.py:4180} INFO - Setting next_dagrun for weather_ingestion to 2026-08-16 03:00:00+00:00, run_after=2026-08-16 04:00:00+00:00
[2026-08-16T03:29:51.163+0000] {processor.py:208} INFO - Processing /opt/airflow/dags/weather_dag.py took 0.062 seconds
[2026-08-16T03:34:35.616+0000] {processor.py:186} INFO - Started process (PID=40077) to work on /opt/airflow/dags/weather_dag.py
[2026-08-16T03:34:35.617+0000] {processor.py:914} INFO - Processing file /opt/airflow/dags/weather_dag.py for tasks to queue
[2026-08-16T03:34:35.621+0000] {logging_mixin.py:190} INFO - [2026-08-16T03:34:35.621+0000] {dagbag.py:588} INFO - Filling up the DagBag from /opt/airflow/dags/weather_dag.py
[2026-08-16T03:34:35.634+0000] {processor.py:925} INFO - DAG(s) 'weather_ingestion' retrieved from /opt/airflow/dags/weather_dag.py
[2026-08-16T03:34:35.656+0000] {logging_mixin.py:190} INFO - [2026-08-16T03:34:35.656+0000] {dag.py:3239} INFO - Sync 1 DAGs
[2026-08-16T03:34:35.670+0000] {logging_mixin.py:190} INFO - [2026-08-16T03:34:35.670+0000] {dag.py:4180} INFO - Setting next_dagrun for weather_ingestion to 2026-08-16 03:00:00+00:00, run_after=2026-08-16 04:00:00+00:00
[2026-08-16T03:34:35.679+0000] {processor.py:208} INFO - Processing /opt/airflow/dags/weather_dag.py took 0.072 seconds
[2026-08-16T03:35:05.943+0000] {processor.py:186} INFO - Started process (PID=40082) to work on /opt/airflow/dags/weather_dag.py
[2026-08-16T03:35:05.944+0000] {processor.py:914} INFO - Processing file /opt/airflow/dags/weather_dag.py for tasks to queue
[2026-08-16T03:35:05.949+0000] {logging_mixin.py:190} INFO - [2026-08-16T03:35:05.948+0000] {dagbag.py:588} INFO - Filling up the DagBag from /opt/airflow/dags/weather_dag.py
[2026-08-16T03:35:05.962+0000] {processor.py:925} INFO - DAG(s) 'weather_ingestion' retrieved from /opt/airflow/dags/weather_dag.py
[2026-08-16T03:35:05.985+0000] {logging_mixin.py:190} INFO - [2026-08-16T03:35:05.985+0000] {dag.py:3239} INFO - Sync 1 DAGs
[2026-08-16T03:35:05.998+0000] {logging_mixin.py:190} INFO - [2026-08-16T03:35:05.998+0000] {dag.py:4180} INFO - Setting next_dagrun for weather_ingestion to 2026-08-16 03:00:00+00:00, run_after=2026-08-16 04:00:00+00:00
[2026-08-16T03:35:06.005+0000] {processor.py:208} INFO - Processing /opt/airflow/dags/weather_dag.py took 0.070 seconds
[2026-08-16T03:35:36.543+0000] {processor.py:186} INFO - Started process (PID=40087) to work on /opt/airflow/dags/weather_dag.py
[2026-08-16T03:35:36.546+0000] {processor.py:914} INFO - Processing file /opt/airflow/dags/weather_dag.py for tasks to queue
[2026-08-16T03:35:36.551+0000] {logging_mixin.py:190} INFO - [2026-08-16T03:35:36.550+0000] {dagbag.py:588} INFO - Filling up the DagBag from /opt/airflow/dags/weather_dag.py
[2026-08-16T03:35:36.565+0000] {processor.py:925} INFO - DAG(s) 'weather_ingestion' retrieved from /opt/airflow/dags/weather_dag.py
[2026-08-16T03:35:36.587+0000] {logging_mixin.py:190} INFO - [2026-08-16T03:35:36.586+0000] {dag.py:3239} INFO - Sync 1 DAGs
[2026-08-16T03:35:36.604+0000] {logging_mixin.py:190} INFO - [2026-08-16T03:35:36.604+0000] {dag.py:4180} INFO - Setting next_dagrun for weather_ingestion to 2026-08-16 03:00:00+00:00, run_after=2026-08-16 04:00:00+00:00
[2026-08-16T03:35:36.613+0000] {processor.py:208} INFO - Processing /opt/airflow/dags/weather_dag.py took 0.081 seconds
[2026-08-16T03:36:06.872+0000] {processor.py:186} INFO - Started process (PID=40092) to work on /opt/airflow/dags/weather_dag.py
[2026-08-16T03:36:06.874+0000] {processor.py:914} INFO - Processing file /opt/airflow/dags/weather_dag.py for tasks to queue
[2026-08-16T03:36:06.877+0000] {logging_mixin.py:190} INFO - [2026-08-16T03:36:06.877+0000] {dagbag.py:588} INFO - Filling up the DagBag from /opt/airflow/dags/weather_dag.py
[2026-08-16T03:36:06.889+0000] {processor.py:925} INFO - DAG(s) 'weather_ingestion' retrieved from /opt/airflow/dags/weather_dag.py
[2026-08-16T03:36:06.909+0000] {logging_mixin.py:190} INFO - [2026-08-16T03:36:06.909+0000] {dag.py:3239} INFO - Sync 1 DAGs
[2026-08-16T03:36:06.921+0000] {logging_mixin.py:190} INFO - [2026-08-16T03:36:06.921+0000] {dag.py:4180} INFO - Setting next_dagrun for weather_ingestion to 2026-08-16 03:00:00+00:00, run_after=2026-08-16 04:00:00+00:00
[2026-08-16T03:36:06.929+0000] {processor.py:208} INFO - Processing /opt/airflow/dags/weather_dag.py took 0.066 seconds
[2026-08-16T03:36:37.193+0000] {processor.py:186} INFO - Started process (PID=40097) to work on /opt/airflow/dags/weather_dag.py
[2026-08-16T03:36:37.195+0000] {processor.py:914} INFO - Processing file /opt/airflow/dags/weather_dag.py for tasks to queue
[2026-08-16T03:36:37.197+0000] {logging_mixin.py:190} INFO - [2026-08-16T03:36:37.197+0000] {dagbag.py:588} INFO - Filling up the DagBag from /opt/airflow/dags/weather_dag.py
[2026-08-16T03:36:37.207+0000] {processor.py:925} INFO - DAG(s) 'weather_ingestion' retrieved from /opt/airflow/dags/weather_dag.py
[2026-08-16T03:36:37.226+0000] {logging_mixin.py:190} INFO - [2026-08-16T03:36:37.226+0000] {dag.py:3239} INFO - Sync 1 DAGs
[2026-08-16T03:36:37.237+0000] {logging_mixin.py:190} INFO - [2026-08-16T03:36:37.236+0000] {dag.py:4180} INFO - Setting next_dagrun for weather_ingestion to 2026-08-16 03:00:00+00:00, run_after=2026-08-16 04:00:00+00:00
[2026-08-16T03:36:37.243+0000] {processor.py:208} INFO - Processing /opt/airflow/dags/weather_dag.py took 0.057 seconds
[2026-08-16T03:52:09.009+0000] {processor.py:186} INFO - Started process (PID=40102) to work on /opt/airflow/dags/weather_dag.py
[2026-08-16T03:52:09.011+0000] {processor.py:914} INFO - Processing file /opt/airflow/dags/weather_dag.py for tasks to queue
[2026-08-16T03:52:09.016+0000] {logging_mixin.py:190} INFO - [2026-08-16T03:52:09.016+0000] {dagbag.py:588} INFO - Filling up the DagBag from /opt/airflow/dags/weather_dag.py
[2026-08-16T03:52:09.055+0000] {processor.py:925} INFO - DAG(s) 'weather_ingestion' retrieved from /opt/airflow/dags/weather_dag.py
[2026-08-16T03:52:09.084+0000] {logging_mixin.py:190} INFO - [2026-08-16T03:52:09.084+0000] {dag.py:3239} INFO - Sync 1 DAGs
[2026-08-16T03:52:09.100+0000] {logging_mixin.py:190} INFO - [2026-08-16T03:52:09.100+0000] {dag.py:4180} INFO - Setting next_dagrun for weather_ingestion to 2026-08-16 03:00:00+00:00, run_after=2026-08-16 04:00:00+00:00
[2026-08-16T03:52:09.109+0000] {processor.py:208} INFO - Processing /opt/airflow/dags/weather_dag.py took 0.109 seconds
[2026-08-16T03:52:39.406+0000] {processor.py:186} INFO - Started process (PID=40107) to work on /opt/airflow/dags/weather_dag.py
[2026-08-16T03:52:39.408+0000] {processor.py:914} INFO - Processing file /opt/airflow/dags/weather_dag.py for tasks to queue
[2026-08-16T03:52:39.419+0000] {logging_mixin.py:190} INFO - [2026-08-16T03:52:39.418+0000] {dagbag.py:588} INFO - Filling up the DagBag from /opt/airflow/dags/weather_dag.py
[2026-08-16T03:52:39.444+0000] {processor.py:925} INFO - DAG(s) 'weather_ingestion' retrieved from /opt/airflow/dags/weather_dag.py
[2026-08-16T03:52:39.474+0000] {logging_mixin.py:190} INFO - [2026-08-16T03:52:39.474+0000] {dag.py:3239} INFO - Sync 1 DAGs
[2026-08-16T03:52:39.499+0000] {logging_mixin.py:190} INFO - [2026-08-16T03:52:39.499+0000] {dag.py:4180} INFO - Setting next_dagrun for weather_ingestion to 2026-08-16 03:00:00+00:00, run_after=2026-08-16 04:00:00+00:00
[2026-08-16T03:52:39.509+0000] {processor.py:208} INFO - Processing /opt/airflow/dags/weather_dag.py took 0.110 seconds
[2026-08-16T03:53:09.784+0000] {processor.py:186} INFO - Started process (PID=40112) to work on /opt/airflow/dags/weather_dag.py
[2026-08-16T03:53:09.788+0000] {processor.py:914} INFO - Processing file /opt/airflow/dags/weather_dag.py for tasks to queue
[2026-08-16T03:53:09.794+0000] {logging_mixin.py:190} INFO - [2026-08-16T03:53:09.793+0000] {dagbag.py:588} INFO - Filling up the DagBag from /opt/airflow/dags/weather_dag.py
[2026-08-16T03:53:09.811+0000] {processor.py:925} INFO - DAG(s) 'weather_ingestion' retrieved from /opt/airflow/dags/weather_dag.py
[2026-08-16T03:53:09.837+0000] {logging_mixin.py:190} INFO - [2026-08-16T03:53:09.837+0000] {dag.py:3239} INFO - Sync 1 DAGs
[2026-08-16T03:53:09.857+0000] {logging_mixin.py:190} INFO - [2026-08-16T03:53:09.857+0000] {dag.py:4180} INFO - Setting next_dagrun for weather_ingestion to 2026-08-16 03:00:00+00:00, run_after=2026-08-16 04:00:00+00:00
[2026-08-16T03:53:09.866+0000] {processor.py:208} INFO - Processing /opt/airflow/dags/weather_dag.py took 0.102 seconds
[2026-08-16T03:53:40.122+0000] {processor.py:186} INFO - Started process (PID=40117) to work on /opt/airflow/dags/weather_dag.py
[2026-08-16T03:53:40.124+0000] {processor.py:914} INFO - Processing file /opt/airflow/dags/weather_dag.py for tasks to queue
[2026-08-16T03:53:40.127+0000] {logging_mixin.py:190} INFO - [2026-08-16T03:53:40.126+0000] {dagbag.py:588} INFO - Filling up the DagBag from /opt/airflow/dags/weather_dag.py
[2026-08-16T03:53:40.136+0000] {processor.py:925} INFO - DAG(s) 'weather_ingestion' retrieved from /opt/airflow/dags/weather_dag.py
[2026-08-16T03:53:40.154+0000] {logging_mixin.py:190} INFO - [2026-08-16T03:53:40.154+0000] {dag.py:3239} INFO - Sync 1 DAGs
[2026-08-16T03:53:40.166+0000] {logging_mixin.py:190} INFO - [2026-08-16T03:53:40.166+0000] {dag.py:4180} INFO - Setting next_dagrun for weather_ingestion to 2026-08-16 03:00:00+00:00, run_after=2026-08-16 04:00:00+00:00
[2026-08-16T03:53:40.173+0000] {processor.py:208} INFO - Processing /opt/airflow/dags/weather_dag.py took 0.059 seconds
[2026-08-16T04:09:32.053+0000] {processor.py:186} INFO - Started process (PID=40123) to work on /opt/airflow/dags/weather_dag.py
[2026-08-16T04:09:32.055+0000] {processor.py:914} INFO - Processing file /opt/airflow/dags/weather_dag.py for tasks to queue
[2026-08-16T04:09:32.061+0000] {logging_mixin.py:190} INFO - [2026-08-16T04:09:32.060+0000] {dagbag.py:588} INFO - Filling up the DagBag from /opt/airflow/dags/weather_dag.py
[2026-08-16T04:09:32.083+0000] {processor.py:925} INFO - DAG(s) 'weather_ingestion' retrieved from /opt/airflow/dags/weather_dag.py
[2026-08-16T04:09:32.107+0000] {logging_mixin.py:190} INFO - [2026-08-16T04:09:32.107+0000] {dag.py:3239} INFO - Sync 1 DAGs
[2026-08-16T04:09:32.127+0000] {logging_mixin.py:190} INFO - [2026-08-16T04:09:32.127+0000] {dag.py:4180} INFO - Setting next_dagrun for weather_ingestion to 2026-08-16 04:00:00+00:00, run_after=2026-08-16 05:00:00+00:00
[2026-08-16T04:09:32.137+0000] {processor.py:208} INFO - Processing /opt/airflow/dags/weather_dag.py took 0.094 seconds
[2026-08-16T04:10:02.445+0000] {processor.py:186} INFO - Started process (PID=40132) to work on /opt/airflow/dags/weather_dag.py
[2026-08-16T04:10:02.449+0000] {processor.py:914} INFO - Processing file /opt/airflow/dags/weather_dag.py for tasks to queue
[2026-08-16T04:10:02.455+0000] {logging_mixin.py:190} INFO - [2026-08-16T04:10:02.455+0000] {dagbag.py:588} INFO - Filling up the DagBag from /opt/airflow/dags/weather_dag.py
[2026-08-16T04:10:02.500+0000] {processor.py:925} INFO - DAG(s) 'weather_ingestion' retrieved from /opt/airflow/dags/weather_dag.py
[2026-08-16T04:10:02.530+0000] {logging_mixin.py:190} INFO - [2026-08-16T04:10:02.530+0000] {dag.py:3239} INFO - Sync 1 DAGs
[2026-08-16T04:10:02.548+0000] {logging_mixin.py:190} INFO - [2026-08-16T04:10:02.548+0000] {dag.py:4180} INFO - Setting next_dagrun for weather_ingestion to 2026-08-16 04:00:00+00:00, run_after=2026-08-16 05:00:00+00:00
[2026-08-16T04:10:02.557+0000] {processor.py:208} INFO - Processing /opt/airflow/dags/weather_dag.py took 0.129 seconds
[2026-08-16T04:10:32.839+0000] {processor.py:186} INFO - Started process (PID=40137) to work on /opt/airflow/dags/weather_dag.py
[2026-08-16T04:10:32.841+0000] {processor.py:914} INFO - Processing file /opt/airflow/dags/weather_dag.py for tasks to queue
[2026-08-16T04:10:32.844+0000] {logging_mixin.py:190} INFO - [2026-08-16T04:10:32.843+0000] {dagbag.py:588} INFO - Filling up the DagBag from /opt/airflow/dags/weather_dag.py
[2026-08-16T04:10:32.854+0000] {processor.py:925} INFO - DAG(s) 'weather_ingestion' retrieved from /opt/airflow/dags/weather_dag.py
[2026-08-16T04:10:32.875+0000] {logging_mixin.py:190} INFO - [2026-08-16T04:10:32.875+0000] {dag.py:3239} INFO - Sync 1 DAGs
[2026-08-16T04:10:32.890+0000] {logging_mixin.py:190} INFO - [2026-08-16T04:10:32.890+0000] {dag.py:4180} INFO - Setting next_dagrun for weather_ingestion to 2026-08-16 04:00:00+00:00, run_after=2026-08-16 05:00:00+00:00
[2026-08-16T04:10:32.901+0000] {processor.py:208} INFO - Processing /opt/airflow/dags/weather_dag.py took 0.069 seconds
[2026-08-16T04:11:03.166+0000] {processor.py:186} INFO - Started process (PID=40142) to work on /opt/airflow/dags/weather_dag.py
[2026-08-16T04:11:03.167+0000] {processor.py:914} INFO - Processing file /opt/airflow/dags/weather_dag.py for tasks to queue
[2026-08-16T04:11:03.169+0000] {logging_mixin.py:190} INFO - [2026-08-16T04:11:03.169+0000] {dagbag.py:588} INFO - Filling up the DagBag from /opt/airflow/dags/weather_dag.py
[2026-08-16T04:11:03.178+0000] {processor.py:925} INFO - DAG(s) 'weather_ingestion' retrieved from /opt/airflow/dags/weather_dag.py
[2026-08-16T04:11:03.196+0000] {logging_mixin.py:190} INFO - [2026-08-16T04:11:03.196+0000] {dag.py:3239} INFO - Sync 1 DAGs
[2026-08-16T04:11:03.211+0000] {logging_mixin.py:190} INFO - [2026-08-16T04:11:03.211+0000] {dag.py:4180} INFO - Setting next_dagrun for weather_ingestion to 2026-08-16 04:00:00+00:00, run_after=2026-08-16 05:00:00+00:00
[2026-08-16T04:11:03.219+0000] {processor.py:208} INFO - Processing /opt/airflow/dags/weather_dag.py took 0.061 seconds
[2026-08-16T04:26:51.573+0000] {processor.py:186} INFO - Started process (PID=40147) to work on /opt/airflow/dags/weather_dag.py
[2026-08-16T04:26:51.579+0000] {processor.py:914} INFO - Processing file /opt/airflow/dags/weather_dag.py for tasks to queue
[2026-08-16T04:26:51.598+0000] {logging_mixin.py:190} INFO - [2026-08-16T04:26:51.597+0000] {dagbag.py:588} INFO - Filling up the DagBag from /opt/airflow/dags/weather_dag.py
[2026-08-16T04:26:51.669+0000] {processor.py:925} INFO - DAG(s) 'weather_ingestion' retrieved from /opt/airflow/dags/weather_dag.py
[2026-08-16T04:26:51.761+0000] {logging_mixin.py:190} INFO - [2026-08-16T04:26:51.761+0000] {dag.py:3239} INFO - Sync 1 DAGs
[2026-08-16T04:26:51.842+0000] {logging_mixin.py:190} INFO - [2026-08-16T04:26:51.835+0000] {dag.py:4180} INFO - Setting next_dagrun for weather_ingestion to 2026-08-16 04:00:00+00:00, run_after=2026-08-16 05:00:00+00:00
[2026-08-16T04:26:52.117+0000] {processor.py:208} INFO - Processing /opt/airflow/dags/weather_dag.py took 0.556 seconds
[2026-08-16T04:27:22.245+0000] {processor.py:186} INFO - Started process (PID=40157) to work on /opt/airflow/dags/weather_dag.py
[2026-08-16T04:27:22.247+0000] {processor.py:914} INFO - Processing file /opt/airflow/dags/weather_dag.py for tasks to queue
[2026-08-16T04:27:22.250+0000] {logging_mixin.py:190} INFO - [2026-08-16T04:27:22.250+0000] {dagbag.py:588} INFO - Filling up the DagBag from /opt/airflow/dags/weather_dag.py
[2026-08-16T04:27:22.284+0000] {processor.py:925} INFO - DAG(s) 'weather_ingestion' retrieved from /opt/airflow/dags/weather_dag.py
[2026-08-16T04:27:22.318+0000] {logging_mixin.py:190} INFO - [2026-08-16T04:27:22.318+0000] {dag.py:3239} INFO - Sync 1 DAGs
[2026-08-16T04:27:22.334+0000] {logging_mixin.py:190} INFO - [2026-08-16T04:27:22.334+0000] {dag.py:4180} INFO - Setting next_dagrun for weather_ingestion to 2026-08-16 04:00:00+00:00, run_after=2026-08-16 05:00:00+00:00
[2026-08-16T04:27:22.344+0000] {processor.py:208} INFO - Processing /opt/airflow/dags/weather_dag.py took 0.107 seconds
[2026-08-16T04:27:52.617+0000] {processor.py:186} INFO - Started process (PID=40162) to work on /opt/airflow/dags/weather_dag.py
[2026-08-16T04:27:52.620+0000] {processor.py:914} INFO - Processing file /opt/airflow/dags/weather_dag.py for tasks to queue
[2026-08-16T04:27:52.625+0000] {logging_mixin.py:190} INFO - [2026-08-16T04:27:52.624+0000] {dagbag.py:588} INFO - Filling up the DagBag from /opt/airflow/dags/weather_dag.py
[2026-08-16T04:27:52.645+0000] {processor.py:925} INFO - DAG(s) 'weather_ingestion' retrieved from /opt/airflow/dags/weather_dag.py
[2026-08-16T04:27:52.673+0000] {logging_mixin.py:190} INFO - [2026-08-16T04:27:52.673+0000] {dag.py:3239} INFO - Sync 1 DAGs
[2026-08-16T04:27:52.690+0000] {logging_mixin.py:190} INFO - [2026-08-16T04:27:52.690+0000] {dag.py:4180} INFO - Setting next_dagrun for weather_ingestion to 2026-08-16 04:00:00+00:00, run_after=2026-08-16 05:00:00+00:00
[2026-08-16T04:27:52.723+0000] {processor.py:208} INFO - Processing /opt/airflow/dags/weather_dag.py took 0.145 seconds
[2026-08-16T04:28:22.979+0000] {processor.py:186} INFO - Started process (PID=40167) to work on /opt/airflow/dags/weather_dag.py
[2026-08-16T04:28:22.980+0000] {processor.py:914} INFO - Processing file /opt/airflow/dags/weather_dag.py for tasks to queue
[2026-08-16T04:28:22.983+0000] {logging_mixin.py:190} INFO - [2026-08-16T04:28:22.983+0000] {dagbag.py:588} INFO - Filling up the DagBag from /opt/airflow/dags/weather_dag.py
[2026-08-16T04:28:22.994+0000] {processor.py:925} INFO - DAG(s) 'weather_ingestion' retrieved from /opt/airflow/dags/weather_dag.py
[2026-08-16T04:28:23.013+0000] {logging_mixin.py:190} INFO - [2026-08-16T04:28:23.013+0000] {dag.py:3239} INFO - Sync 1 DAGs
[2026-08-16T04:28:23.026+0000] {logging_mixin.py:190} INFO - [2026-08-16T04:28:23.026+0000] {dag.py:4180} INFO - Setting next_dagrun for weather_ingestion to 2026-08-16 04:00:00+00:00, run_after=2026-08-16 05:00:00+00:00
[2026-08-16T04:28:23.034+0000] {processor.py:208} INFO - Processing /opt/airflow/dags/weather_dag.py took 0.065 seconds
[2026-08-16T04:28:53.328+0000] {processor.py:186} INFO - Started process (PID=40172) to work on /opt/airflow/dags/weather_dag.py
[2026-08-16T04:28:53.331+0000] {processor.py:914} INFO - Processing file /opt/airflow/dags/weather_dag.py for tasks to queue
[2026-08-16T04:28:53.336+0000] {logging_mixin.py:190} INFO - [2026-08-16T04:28:53.336+0000] {dagbag.py:588} INFO - Filling up the DagBag from /opt/airflow/dags/weather_dag.py
[2026-08-16T04:28:53.350+0000] {processor.py:925} INFO - DAG(s) 'weather_ingestion' retrieved from /opt/airflow/dags/weather_dag.py
[2026-08-16T04:28:53.381+0000] {logging_mixin.py:190} INFO - [2026-08-16T04:28:53.381+0000] {dag.py:3239} INFO - Sync 1 DAGs
[2026-08-16T04:28:53.395+0000] {logging_mixin.py:190} INFO - [2026-08-16T04:28:53.395+0000] {dag.py:4180} INFO - Setting next_dagrun for weather_ingestion to 2026-08-16 04:00:00+00:00, run_after=2026-08-16 05:00:00+00:00
[2026-08-16T04:28:53.403+0000] {processor.py:208} INFO - Processing /opt/airflow/dags/weather_dag.py took 0.094 seconds
[2026-08-16T04:29:23.579+0000] {processor.py:186} INFO - Started process (PID=40515) to work on /opt/airflow/dags/weather_dag.py
[2026-08-16T04:29:23.580+0000] {processor.py:914} INFO - Processing file /opt/airflow/dags/weather_dag.py for tasks to queue
[2026-08-16T04:29:23.582+0000] {logging_mixin.py:190} INFO - [2026-08-16T04:29:23.582+0000] {dagbag.py:588} INFO - Filling up the DagBag from /opt/airflow/dags/weather_dag.py
[2026-08-16T04:29:23.590+0000] {processor.py:925} INFO - DAG(s) 'weather_ingestion' retrieved from /opt/airflow/dags/weather_dag.py
[2026-08-16T04:29:23.606+0000] {logging_mixin.py:190} INFO - [2026-08-16T04:29:23.606+0000] {dag.py:3239} INFO - Sync 1 DAGs
[2026-08-16T04:29:23.618+0000] {logging_mixin.py:190} INFO - [2026-08-16T04:29:23.618+0000] {dag.py:4180} INFO - Setting next_dagrun for weather_ingestion to 2026-08-16 04:00:00+00:00, run_after=2026-08-16 05:00:00+00:00
[2026-08-16T04:29:23.625+0000] {processor.py:208} INFO - Processing /opt/airflow/dags/weather_dag.py took 0.051 seconds
[2026-08-16T04:35:37.927+0000] {processor.py:186} INFO - Started process (PID=40565) to work on /opt/airflow/dags/weather_dag.py
[2026-08-16T04:35:37.928+0000] {processor.py:914} INFO - Processing file /opt/airflow/dags/weather_dag.py for tasks to queue
[2026-08-16T04:35:37.932+0000] {logging_mixin.py:190} INFO - [2026-08-16T04:35:37.932+0000] {dagbag.py:588} INFO - Filling up the DagBag from /opt/airflow/dags/weather_dag.py
[2026-08-16T04:35:37.944+0000] {processor.py:925} INFO - DAG(s) 'weather_ingestion' retrieved from /opt/airflow/dags/weather_dag.py
[2026-08-16T04:35:37.968+0000] {logging_mixin.py:190} INFO - [2026-08-16T04:35:37.968+0000] {dag.py:3239} INFO - Sync 1 DAGs
[2026-08-16T04:35:37.983+0000] {logging_mixin.py:190} INFO - [2026-08-16T04:35:37.983+0000] {dag.py:4180} INFO - Setting next_dagrun for weather_ingestion to 2026-08-16 04:00:00+00:00, run_after=2026-08-16 05:00:00+00:00
[2026-08-16T04:35:37.991+0000] {processor.py:208} INFO - Processing /opt/airflow/dags/weather_dag.py took 0.071 seconds
[2026-08-16T04:36:08.267+0000] {processor.py:186} INFO - Started process (PID=40570) to work on /opt/airflow/dags/weather_dag.py
[2026-08-16T04:36:08.268+0000] {processor.py:914} INFO - Processing file /opt/airflow/dags/weather_dag.py for tasks to queue
[2026-08-16T04:36:08.270+0000] {logging_mixin.py:190} INFO - [2026-08-16T04:36:08.270+0000] {dagbag.py:588} INFO - Filling up the DagBag from /opt/airflow/dags/weather_dag.py
[2026-08-16T04:36:08.279+0000] {processor.py:925} INFO - DAG(s) 'weather_ingestion' retrieved from /opt/airflow/dags/weather_dag.py
[2026-08-16T04:36:08.303+0000] {logging_mixin.py:190} INFO - [2026-08-16T04:36:08.303+0000] {dag.py:3239} INFO - Sync 1 DAGs
[2026-08-16T04:36:08.323+0000] {logging_mixin.py:190} INFO - [2026-08-16T04:36:08.323+0000] {dag.py:4180} INFO - Setting next_dagrun for weather_ingestion to 2026-08-16 04:00:00+00:00, run_after=2026-08-16 05:00:00+00:00
[2026-08-16T04:36:08.343+0000] {processor.py:208} INFO - Processing /opt/airflow/dags/weather_dag.py took 0.088 seconds
[2026-08-16T04:36:38.641+0000] {processor.py:186} INFO - Started process (PID=40575) to work on /opt/airflow/dags/weather_dag.py
[2026-08-16T04:36:38.642+0000] {processor.py:914} INFO - Processing file /opt/airflow/dags/weather_dag.py for tasks to queue
[2026-08-16T04:36:38.645+0000] {logging_mixin.py:190} INFO - [2026-08-16T04:36:38.645+0000] {dagbag.py:588} INFO - Filling up the DagBag from /opt/airflow/dags/weather_dag.py
[2026-08-16T04:36:38.686+0000] {processor.py:925} INFO - DAG(s) 'weather_ingestion' retrieved from /opt/airflow/dags/weather_dag.py
[2026-08-16T04:36:38.712+0000] {logging_mixin.py:190} INFO - [2026-08-16T04:36:38.712+0000] {dag.py:3239} INFO - Sync 1 DAGs
[2026-08-16T04:36:38.729+0000] {logging_mixin.py:190} INFO - [2026-08-16T04:36:38.728+0000] {dag.py:4180} INFO - Setting next_dagrun for weather_ingestion to 2026-08-16 04:00:00+00:00, run_after=2026-08-16 05:00:00+00:00
[2026-08-16T04:36:38.738+0000] {processor.py:208} INFO - Processing /opt/airflow/dags/weather_dag.py took 0.107 seconds
[2026-08-16T04:37:08.924+0000] {processor.py:186} INFO - Started process (PID=40580) to work on /opt/airflow/dags/weather_dag.py
[2026-08-16T04:37:08.925+0000] {processor.py:914} INFO - Processing file /opt/airflow/dags/weather_dag.py for tasks to queue
[2026-08-16T04:37:08.928+0000] {logging_mixin.py:190} INFO - [2026-08-16T04:37:08.928+0000] {dagbag.py:588} INFO - Filling up the DagBag from /opt/airflow/dags/weather_dag.py
[2026-08-16T04:37:08.941+0000] {processor.py:925} INFO - DAG(s) 'weather_ingestion' retrieved from /opt/airflow/dags/weather_dag.py
[2026-08-16T04:37:08.961+0000] {logging_mixin.py:190} INFO - [2026-08-16T04:37:08.961+0000] {dag.py:3239} INFO - Sync 1 DAGs
[2026-08-16T04:37:08.974+0000] {logging_mixin.py:190} INFO - [2026-08-16T04:37:08.974+0000] {dag.py:4180} INFO - Setting next_dagrun for weather_ingestion to 2026-08-16 04:00:00+00:00, run_after=2026-08-16 05:00:00+00:00
[2026-08-16T04:37:08.982+0000] {processor.py:208} INFO - Processing /opt/airflow/dags/weather_dag.py took 0.070 seconds
[2026-08-16T04:37:39.278+0000] {processor.py:186} INFO - Started process (PID=40585) to work on /opt/airflow/dags/weather_dag.py
[2026-08-16T04:37:39.280+0000] {processor.py:914} INFO - Processing file /opt/airflow/dags/weather_dag.py for tasks to queue
[2026-08-16T04:37:39.282+0000] {logging_mixin.py:190} INFO - [2026-08-16T04:37:39.282+0000] {dagbag.py:588} INFO - Filling up the DagBag from /opt/airflow/dags/weather_dag.py
[2026-08-16T04:37:39.294+0000] {processor.py:925} INFO - DAG(s) 'weather_ingestion' retrieved from /opt/airflow/dags/weather_dag.py
[2026-08-16T04:37:39.318+0000] {logging_mixin.py:190} INFO - [2026-08-16T04:37:39.318+0000] {dag.py:3239} INFO - Sync 1 DAGs
[2026-08-16T04:37:39.331+0000] {logging_mixin.py:190} INFO - [2026-08-16T04:37:39.331+0000] {dag.py:4180} INFO - Setting next_dagrun for weather_ingestion to 2026-08-16 04:00:00+00:00, run_after=2026-08-16 05:00:00+00:00
[2026-08-16T04:37:39.339+0000] {processor.py:208} INFO - Processing /opt/airflow/dags/weather_dag.py took 0.069 seconds
[2026-08-16T04:54:03.287+0000] {processor.py:186} INFO - Started process (PID=40590) to work on /opt/airflow/dags/weather_dag.py
[2026-08-16T04:54:03.288+0000] {processor.py:914} INFO - Processing file /opt/airflow/dags/weather_dag.py for tasks to queue
[2026-08-16T04:54:03.293+0000] {logging_mixin.py:190} INFO - [2026-08-16T04:54:03.292+0000] {dagbag.py:588} INFO - Filling up the DagBag from /opt/airflow/dags/weather_dag.py
[2026-08-16T04:54:03.312+0000] {processor.py:925} INFO - DAG(s) 'weather_ingestion' retrieved from /opt/airflow/dags/weather_dag.py
[2026-08-16T04:54:03.343+0000] {logging_mixin.py:190} INFO - [2026-08-16T04:54:03.343+0000] {dag.py:3239} INFO - Sync 1 DAGs
[2026-08-16T04:54:03.361+0000] {logging_mixin.py:190} INFO - [2026-08-16T04:54:03.361+0000] {dag.py:4180} INFO - Setting next_dagrun for weather_ingestion to 2026-08-16 04:00:00+00:00, run_after=2026-08-16 05:00:00+00:00
[2026-08-16T04:54:03.370+0000] {processor.py:208} INFO - Processing /opt/airflow/dags/weather_dag.py took 0.124 seconds
[2026-08-16T04:54:33.718+0000] {processor.py:186} INFO - Started process (PID=40595) to work on /opt/airflow/dags/weather_dag.py
[2026-08-16T04:54:33.721+0000] {processor.py:914} INFO - Processing file /opt/airflow/dags/weather_dag.py for tasks to queue
[2026-08-16T04:54:33.727+0000] {logging_mixin.py:190} INFO - [2026-08-16T04:54:33.727+0000] {dagbag.py:588} INFO - Filling up the DagBag from /opt/airflow/dags/weather_dag.py
[2026-08-16T04:54:33.747+0000] {processor.py:925} INFO - DAG(s) 'weather_ingestion' retrieved from /opt/airflow/dags/weather_dag.py
[2026-08-16T04:54:33.777+0000] {logging_mixin.py:190} INFO - [2026-08-16T04:54:33.777+0000] {dag.py:3239} INFO - Sync 1 DAGs
[2026-08-16T04:54:33.806+0000] {logging_mixin.py:190} INFO - [2026-08-16T04:54:33.806+0000] {dag.py:4180} INFO - Setting next_dagrun for weather_ingestion to 2026-08-16 04:00:00+00:00, run_after=2026-08-16 05:00:00+00:00
[2026-08-16T04:54:33.840+0000] {processor.py:208} INFO - Processing /opt/airflow/dags/weather_dag.py took 0.174 seconds
[2026-08-16T05:11:43.033+0000] {processor.py:186} INFO - Started process (PID=40600) to work on /opt/airflow/dags/weather_dag.py
[2026-08-16T05:11:43.035+0000] {processor.py:914} INFO - Processing file /opt/airflow/dags/weather_dag.py for tasks to queue
[2026-08-16T05:11:43.040+0000] {logging_mixin.py:190} INFO - [2026-08-16T05:11:43.040+0000] {dagbag.py:588} INFO - Filling up the DagBag from /opt/airflow/dags/weather_dag.py
[2026-08-16T05:11:43.056+0000] {processor.py:925} INFO - DAG(s) 'weather_ingestion' retrieved from /opt/airflow/dags/weather_dag.py
[2026-08-16T05:11:43.084+0000] {logging_mixin.py:190} INFO - [2026-08-16T05:11:43.084+0000] {dag.py:3239} INFO - Sync 1 DAGs
[2026-08-16T05:11:43.106+0000] {logging_mixin.py:190} INFO - [2026-08-16T05:11:43.106+0000] {dag.py:4180} INFO - Setting next_dagrun for weather_ingestion to 2026-08-16 04:00:00+00:00, run_after=2026-08-16 05:00:00+00:00
[2026-08-16T05:11:43.118+0000] {processor.py:208} INFO - Processing /opt/airflow/dags/weather_dag.py took 0.103 seconds
[2026-08-16T05:12:13.367+0000] {processor.py:186} INFO - Started process (PID=40610) to work on /opt/airflow/dags/weather_dag.py
[2026-08-16T05:12:13.368+0000] {processor.py:914} INFO - Processing file /opt/airflow/dags/weather_dag.py for tasks to queue
[2026-08-16T05:12:13.372+0000] {logging_mixin.py:190} INFO - [2026-08-16T05:12:13.372+0000] {dagbag.py:588} INFO - Filling up the DagBag from /opt/airflow/dags/weather_dag.py
[2026-08-16T05:12:13.392+0000] {processor.py:925} INFO - DAG(s) 'weather_ingestion' retrieved from /opt/airflow/dags/weather_dag.py
[2026-08-16T05:12:13.428+0000] {logging_mixin.py:190} INFO - [2026-08-16T05:12:13.428+0000] {dag.py:3239} INFO - Sync 1 DAGs
[2026-08-16T05:12:13.469+0000] {logging_mixin.py:190} INFO - [2026-08-16T05:12:13.469+0000] {dag.py:4180} INFO - Setting next_dagrun for weather_ingestion to 2026-08-16 05:00:00+00:00, run_after=2026-08-16 06:00:00+00:00
[2026-08-16T05:12:13.500+0000] {processor.py:208} INFO - Processing /opt/airflow/dags/weather_dag.py took 0.164 seconds
[2026-08-16T05:12:43.780+0000] {processor.py:186} INFO - Started process (PID=40615) to work on /opt/airflow/dags/weather_dag.py
[2026-08-16T05:12:43.782+0000] {processor.py:914} INFO - Processing file /opt/airflow/dags/weather_dag.py for tasks to queue
[2026-08-16T05:12:43.786+0000] {logging_mixin.py:190} INFO - [2026-08-16T05:12:43.785+0000] {dagbag.py:588} INFO - Filling up the DagBag from /opt/airflow/dags/weather_dag.py
[2026-08-16T05:12:43.797+0000] {processor.py:925} INFO - DAG(s) 'weather_ingestion' retrieved from /opt/airflow/dags/weather_dag.py
[2026-08-16T05:12:43.815+0000] {logging_mixin.py:190} INFO - [2026-08-16T05:12:43.814+0000] {dag.py:3239} INFO - Sync 1 DAGs
[2026-08-16T05:12:43.827+0000] {logging_mixin.py:190} INFO - [2026-08-16T05:12:43.827+0000] {dag.py:4180} INFO - Setting next_dagrun for weather_ingestion to 2026-08-16 05:00:00+00:00, run_after=2026-08-16 06:00:00+00:00
[2026-08-16T05:12:43.834+0000] {processor.py:208} INFO - Processing /opt/airflow/dags/weather_dag.py took 0.072 seconds
[2026-08-16T05:13:14.148+0000] {processor.py:186} INFO - Started process (PID=40620) to work on /opt/airflow/dags/weather_dag.py
[2026-08-16T05:13:14.150+0000] {processor.py:914} INFO - Processing file /opt/airflow/dags/weather_dag.py for tasks to queue
[2026-08-16T05:13:14.154+0000] {logging_mixin.py:190} INFO - [2026-08-16T05:13:14.154+0000] {dagbag.py:588} INFO - Filling up the DagBag from /opt/airflow/dags/weather_dag.py
[2026-08-16T05:13:14.183+0000] {processor.py:925} INFO - DAG(s) 'weather_ingestion' retrieved from /opt/airflow/dags/weather_dag.py
[2026-08-16T05:13:14.214+0000] {logging_mixin.py:190} INFO - [2026-08-16T05:13:14.214+0000] {dag.py:3239} INFO - Sync 1 DAGs
[2026-08-16T05:13:14.230+0000] {logging_mixin.py:190} INFO - [2026-08-16T05:13:14.229+0000] {dag.py:4180} INFO - Setting next_dagrun for weather_ingestion to 2026-08-16 05:00:00+00:00, run_after=2026-08-16 06:00:00+00:00
[2026-08-16T05:13:14.238+0000] {processor.py:208} INFO - Processing /opt/airflow/dags/weather_dag.py took 0.099 seconds
[2026-08-16T05:28:50.501+0000] {processor.py:186} INFO - Started process (PID=40626) to work on /opt/airflow/dags/weather_dag.py
[2026-08-16T05:28:50.504+0000] {processor.py:914} INFO - Processing file /opt/airflow/dags/weather_dag.py for tasks to queue
[2026-08-16T05:28:50.508+0000] {logging_mixin.py:190} INFO - [2026-08-16T05:28:50.507+0000] {dagbag.py:588} INFO - Filling up the DagBag from /opt/airflow/dags/weather_dag.py
[2026-08-16T05:28:50.524+0000] {processor.py:925} INFO - DAG(s) 'weather_ingestion' retrieved from /opt/airflow/dags/weather_dag.py
[2026-08-16T05:28:50.564+0000] {logging_mixin.py:190} INFO - [2026-08-16T05:28:50.564+0000] {dag.py:3239} INFO - Sync 1 DAGs
[2026-08-16T05:28:50.589+0000] {logging_mixin.py:190} INFO - [2026-08-16T05:28:50.589+0000] {dag.py:4180} INFO - Setting next_dagrun for weather_ingestion to 2026-08-16 05:00:00+00:00, run_after=2026-08-16 06:00:00+00:00
[2026-08-16T05:28:50.605+0000] {processor.py:208} INFO - Processing /opt/airflow/dags/weather_dag.py took 0.121 seconds
[2026-08-16T05:29:20.929+0000] {processor.py:186} INFO - Started process (PID=40635) to work on /opt/airflow/dags/weather_dag.py
[2026-08-16T05:29:20.931+0000] {processor.py:914} INFO - Processing file /opt/airflow/dags/weather_dag.py for tasks to queue
[2026-08-16T05:29:20.940+0000] {logging_mixin.py:190} INFO - [2026-08-16T05:29:20.938+0000] {dagbag.py:588} INFO - Filling up the DagBag from /opt/airflow/dags/weather_dag.py
[2026-08-16T05:29:20.968+0000] {processor.py:925} INFO - DAG(s) 'weather_ingestion' retrieved from /opt/airflow/dags/weather_dag.py
[2026-08-16T05:29:21.008+0000] {logging_mixin.py:190} INFO - [2026-08-16T05:29:21.008+0000] {dag.py:3239} INFO - Sync 1 DAGs
[2026-08-16T05:29:21.035+0000] {logging_mixin.py:190} INFO - [2026-08-16T05:29:21.035+0000] {dag.py:4180} INFO - Setting next_dagrun for weather_ingestion to 2026-08-16 05:00:00+00:00, run_after=2026-08-16 06:00:00+00:00
[2026-08-16T05:29:21.047+0000] {processor.py:208} INFO - Processing /opt/airflow/dags/weather_dag.py took 0.128 seconds
[2026-08-16T05:29:51.208+0000] {processor.py:186} INFO - Started process (PID=40640) to work on /opt/airflow/dags/weather_dag.py
[2026-08-16T05:29:51.209+0000] {processor.py:914} INFO - Processing file /opt/airflow/dags/weather_dag.py for tasks to queue
[2026-08-16T05:29:51.212+0000] {logging_mixin.py:190} INFO - [2026-08-16T05:29:51.211+0000] {dagbag.py:588} INFO - Filling up the DagBag from /opt/airflow/dags/weather_dag.py
[2026-08-16T05:29:51.223+0000] {processor.py:925} INFO - DAG(s) 'weather_ingestion' retrieved from /opt/airflow/dags/weather_dag.py
[2026-08-16T05:29:51.241+0000] {logging_mixin.py:190} INFO - [2026-08-16T05:29:51.241+0000] {dag.py:3239} INFO - Sync 1 DAGs
[2026-08-16T05:29:51.252+0000] {logging_mixin.py:190} INFO - [2026-08-16T05:29:51.252+0000] {dag.py:4180} INFO - Setting next_dagrun for weather_ingestion to 2026-08-16 05:00:00+00:00, run_after=2026-08-16 06:00:00+00:00
[2026-08-16T05:29:51.260+0000] {processor.py:208} INFO - Processing /opt/airflow/dags/weather_dag.py took 0.059 seconds
[2026-08-16T05:30:21.597+0000] {processor.py:186} INFO - Started process (PID=40645) to work on /opt/airflow/dags/weather_dag.py
[2026-08-16T05:30:21.599+0000] {processor.py:914} INFO - Processing file /opt/airflow/dags/weather_dag.py for tasks to queue
[2026-08-16T05:30:21.601+0000] {logging_mixin.py:190} INFO - [2026-08-16T05:30:21.601+0000] {dagbag.py:588} INFO - Filling up the DagBag from /opt/airflow/dags/weather_dag.py
[2026-08-16T05:30:21.612+0000] {processor.py:925} INFO - DAG(s) 'weather_ingestion' retrieved from /opt/airflow/dags/weather_dag.py
[2026-08-16T05:30:21.636+0000] {logging_mixin.py:190} INFO - [2026-08-16T05:30:21.636+0000] {dag.py:3239} INFO - Sync 1 DAGs
[2026-08-16T05:30:21.652+0000] {logging_mixin.py:190} INFO - [2026-08-16T05:30:21.652+0000] {dag.py:4180} INFO - Setting next_dagrun for weather_ingestion to 2026-08-16 05:00:00+00:00, run_after=2026-08-16 06:00:00+00:00
[2026-08-16T05:30:21.662+0000] {processor.py:208} INFO - Processing /opt/airflow/dags/weather_dag.py took 0.072 seconds
[2026-08-16T05:46:49.635+0000] {processor.py:186} INFO - Started process (PID=40651) to work on /opt/airflow/dags/weather_dag.py
[2026-08-16T05:46:49.707+0000] {processor.py:914} INFO - Processing file /opt/airflow/dags/weather_dag.py for tasks to queue
[2026-08-16T05:46:49.715+0000] {logging_mixin.py:190} INFO - [2026-08-16T05:46:49.714+0000] {dagbag.py:588} INFO - Filling up the DagBag from /opt/airflow/dags/weather_dag.py
[2026-08-16T05:46:49.911+0000] {processor.py:925} INFO - DAG(s) 'weather_ingestion' retrieved from /opt/airflow/dags/weather_dag.py
[2026-08-16T05:46:50.044+0000] {logging_mixin.py:190} INFO - [2026-08-16T05:46:50.043+0000] {dag.py:3239} INFO - Sync 1 DAGs
[2026-08-16T05:46:50.149+0000] {logging_mixin.py:190} INFO - [2026-08-16T05:46:50.149+0000] {dag.py:4180} INFO - Setting next_dagrun for weather_ingestion to 2026-08-16 05:00:00+00:00, run_after=2026-08-16 06:00:00+00:00
[2026-08-16T05:46:50.219+0000] {processor.py:208} INFO - Processing /opt/airflow/dags/weather_dag.py took 0.721 seconds
[2026-08-16T05:47:20.536+0000] {processor.py:186} INFO - Started process (PID=40660) to work on /opt/airflow/dags/weather_dag.py
[2026-08-16T05:47:20.538+0000] {processor.py:914} INFO - Processing file /opt/airflow/dags/weather_dag.py for tasks to queue
[2026-08-16T05:47:20.542+0000] {logging_mixin.py:190} INFO - [2026-08-16T05:47:20.542+0000] {dagbag.py:588} INFO - Filling up the DagBag from /opt/airflow/dags/weather_dag.py
[2026-08-16T05:47:20.561+0000] {processor.py:925} INFO - DAG(s) 'weather_ingestion' retrieved from /opt/airflow/dags/weather_dag.py
[2026-08-16T05:47:20.609+0000] {logging_mixin.py:190} INFO - [2026-08-16T05:47:20.609+0000] {dag.py:3239} INFO - Sync 1 DAGs
[2026-08-16T05:47:20.628+0000] {logging_mixin.py:190} INFO - [2026-08-16T05:47:20.628+0000] {dag.py:4180} INFO - Setting next_dagrun for weather_ingestion to 2026-08-16 05:00:00+00:00, run_after=2026-08-16 06:00:00+00:00
[2026-08-16T05:47:20.639+0000] {processor.py:208} INFO - Processing /opt/airflow/dags/weather_dag.py took 0.125 seconds
[2026-08-16T05:47:50.849+0000] {processor.py:186} INFO - Started process (PID=40665) to work on /opt/airflow/dags/weather_dag.py
[2026-08-16T05:47:50.852+0000] {processor.py:914} INFO - Processing file /opt/airflow/dags/weather_dag.py for tasks to queue
[2026-08-16T05:47:50.861+0000] {logging_mixin.py:190} INFO - [2026-08-16T05:47:50.860+0000] {dagbag.py:588} INFO - Filling up the DagBag from /opt/airflow/dags/weather_dag.py
[2026-08-16T05:47:50.900+0000] {processor.py:925} INFO - DAG(s) 'weather_ingestion' retrieved from /opt/airflow/dags/weather_dag.py
[2026-08-16T05:47:50.928+0000] {logging_mixin.py:190} INFO - [2026-08-16T05:47:50.928+0000] {dag.py:3239} INFO - Sync 1 DAGs
[2026-08-16T05:47:50.945+0000] {logging_mixin.py:190} INFO - [2026-08-16T05:47:50.945+0000] {dag.py:4180} INFO - Setting next_dagrun for weather_ingestion to 2026-08-16 05:00:00+00:00, run_after=2026-08-16 06:00:00+00:00
[2026-08-16T05:47:50.963+0000] {processor.py:208} INFO - Processing /opt/airflow/dags/weather_dag.py took 0.133 seconds
[2026-08-16T05:48:21.244+0000] {processor.py:186} INFO - Started process (PID=40670) to work on /opt/airflow/dags/weather_dag.py
[2026-08-16T05:48:21.245+0000] {processor.py:914} INFO - Processing file /opt/airflow/dags/weather_dag.py for tasks to queue
[2026-08-16T05:48:21.247+0000] {logging_mixin.py:190} INFO - [2026-08-16T05:48:21.247+0000] {dagbag.py:588} INFO - Filling up the DagBag from /opt/airflow/dags/weather_dag.py
[2026-08-16T05:48:21.258+0000] {processor.py:925} INFO - DAG(s) 'weather_ingestion' retrieved from /opt/airflow/dags/weather_dag.py
[2026-08-16T05:48:21.276+0000] {logging_mixin.py:190} INFO - [2026-08-16T05:48:21.276+0000] {dag.py:3239} INFO - Sync 1 DAGs
[2026-08-16T05:48:21.287+0000] {logging_mixin.py:190} INFO - [2026-08-16T05:48:21.287+0000] {dag.py:4180} INFO - Setting next_dagrun for weather_ingestion to 2026-08-16 05:00:00+00:00, run_after=2026-08-16 06:00:00+00:00
[2026-08-16T05:48:21.294+0000] {processor.py:208} INFO - Processing /opt/airflow/dags/weather_dag.py took 0.058 seconds
[2026-08-16T05:48:51.575+0000] {processor.py:186} INFO - Started process (PID=40675) to work on /opt/airflow/dags/weather_dag.py
[2026-08-16T05:48:51.577+0000] {processor.py:914} INFO - Processing file /opt/airflow/dags/weather_dag.py for tasks to queue
[2026-08-16T05:48:51.579+0000] {logging_mixin.py:190} INFO - [2026-08-16T05:48:51.579+0000] {dagbag.py:588} INFO - Filling up the DagBag from /opt/airflow/dags/weather_dag.py
[2026-08-16T05:48:51.590+0000] {processor.py:925} INFO - DAG(s) 'weather_ingestion' retrieved from /opt/airflow/dags/weather_dag.py
[2026-08-16T05:48:51.609+0000] {logging_mixin.py:190} INFO - [2026-08-16T05:48:51.609+0000] {dag.py:3239} INFO - Sync 1 DAGs
[2026-08-16T05:48:51.620+0000] {logging_mixin.py:190} INFO - [2026-08-16T05:48:51.620+0000] {dag.py:4180} INFO - Setting next_dagrun for weather_ingestion to 2026-08-16 05:00:00+00:00, run_after=2026-08-16 06:00:00+00:00
[2026-08-16T05:48:51.627+0000] {processor.py:208} INFO - Processing /opt/airflow/dags/weather_dag.py took 0.059 seconds
[2026-08-16T06:04:56.142+0000] {processor.py:186} INFO - Started process (PID=40685) to work on /opt/airflow/dags/weather_dag.py
[2026-08-16T06:04:56.143+0000] {processor.py:914} INFO - Processing file /opt/airflow/dags/weather_dag.py for tasks to queue
[2026-08-16T06:04:56.158+0000] {logging_mixin.py:190} INFO - [2026-08-16T06:04:56.156+0000] {dagbag.py:588} INFO - Filling up the DagBag from /opt/airflow/dags/weather_dag.py
[2026-08-16T06:04:56.190+0000] {processor.py:925} INFO - DAG(s) 'weather_ingestion' retrieved from /opt/airflow/dags/weather_dag.py
[2026-08-16T06:04:56.219+0000] {logging_mixin.py:190} INFO - [2026-08-16T06:04:56.219+0000] {dag.py:3239} INFO - Sync 1 DAGs
[2026-08-16T06:04:56.236+0000] {logging_mixin.py:190} INFO - [2026-08-16T06:04:56.236+0000] {dag.py:4180} INFO - Setting next_dagrun for weather_ingestion to 2026-08-16 06:00:00+00:00, run_after=2026-08-16 07:00:00+00:00
[2026-08-16T06:04:56.246+0000] {processor.py:208} INFO - Processing /opt/airflow/dags/weather_dag.py took 0.113 seconds
[2026-08-16T06:05:26.434+0000] {processor.py:186} INFO - Started process (PID=40695) to work on /opt/airflow/dags/weather_dag.py
[2026-08-16T06:05:26.435+0000] {processor.py:914} INFO - Processing file /opt/airflow/dags/weather_dag.py for tasks to queue
[2026-08-16T06:05:26.437+0000] {logging_mixin.py:190} INFO - [2026-08-16T06:05:26.437+0000] {dagbag.py:588} INFO - Filling up the DagBag from /opt/airflow/dags/weather_dag.py
[2026-08-16T06:05:26.447+0000] {processor.py:925} INFO - DAG(s) 'weather_ingestion' retrieved from /opt/airflow/dags/weather_dag.py
[2026-08-16T06:05:26.467+0000] {logging_mixin.py:190} INFO - [2026-08-16T06:05:26.467+0000] {dag.py:3239} INFO - Sync 1 DAGs
[2026-08-16T06:05:26.481+0000] {logging_mixin.py:190} INFO - [2026-08-16T06:05:26.481+0000] {dag.py:4180} INFO - Setting next_dagrun for weather_ingestion to 2026-08-16 06:00:00+00:00, run_after=2026-08-16 07:00:00+00:00
[2026-08-16T06:05:26.488+0000] {processor.py:208} INFO - Processing /opt/airflow/dags/weather_dag.py took 0.064 seconds
[2026-08-16T06:05:56.731+0000] {processor.py:186} INFO - Started process (PID=40700) to work on /opt/airflow/dags/weather_dag.py
[2026-08-16T06:05:56.732+0000] {processor.py:914} INFO - Processing file /opt/airflow/dags/weather_dag.py for tasks to queue
[2026-08-16T06:05:56.734+0000] {logging_mixin.py:190} INFO - [2026-08-16T06:05:56.733+0000] {dagbag.py:588} INFO - Filling up the DagBag from /opt/airflow/dags/weather_dag.py
[2026-08-16T06:05:56.744+0000] {processor.py:925} INFO - DAG(s) 'weather_ingestion' retrieved from /opt/airflow/dags/weather_dag.py
[2026-08-16T06:05:56.762+0000] {logging_mixin.py:190} INFO - [2026-08-16T06:05:56.762+0000] {dag.py:3239} INFO - Sync 1 DAGs
[2026-08-16T06:05:56.778+0000] {logging_mixin.py:190} INFO - [2026-08-16T06:05:56.778+0000] {dag.py:4180} INFO - Setting next_dagrun for weather_ingestion to 2026-08-16 06:00:00+00:00, run_after=2026-08-16 07:00:00+00:00
[2026-08-16T06:05:56.786+0000] {processor.py:208} INFO - Processing /opt/airflow/dags/weather_dag.py took 0.062 seconds
[2026-08-16T06:06:27.008+0000] {processor.py:186} INFO - Started process (PID=40705) to work on /opt/airflow/dags/weather_dag.py
[2026-08-16T06:06:27.009+0000] {processor.py:914} INFO - Processing file /opt/airflow/dags/weather_dag.py for tasks to queue
[2026-08-16T06:06:27.010+0000] {logging_mixin.py:190} INFO - [2026-08-16T06:06:27.010+0000] {dagbag.py:588} INFO - Filling up the DagBag from /opt/airflow/dags/weather_dag.py
[2026-08-16T06:06:27.017+0000] {processor.py:925} INFO - DAG(s) 'weather_ingestion' retrieved from /opt/airflow/dags/weather_dag.py
[2026-08-16T06:06:27.034+0000] {logging_mixin.py:190} INFO - [2026-08-16T06:06:27.034+0000] {dag.py:3239} INFO - Sync 1 DAGs
[2026-08-16T06:06:27.045+0000] {logging_mixin.py:190} INFO - [2026-08-16T06:06:27.045+0000] {dag.py:4180} INFO - Setting next_dagrun for weather_ingestion to 2026-08-16 06:00:00+00:00, run_after=2026-08-16 07:00:00+00:00
[2026-08-16T06:06:27.051+0000] {processor.py:208} INFO - Processing /opt/airflow/dags/weather_dag.py took 0.049 seconds
[2026-08-16T06:22:03.938+0000] {processor.py:186} INFO - Started process (PID=40710) to work on /opt/airflow/dags/weather_dag.py
[2026-08-16T06:22:03.941+0000] {processor.py:914} INFO - Processing file /opt/airflow/dags/weather_dag.py for tasks to queue
[2026-08-16T06:22:03.948+0000] {logging_mixin.py:190} INFO - [2026-08-16T06:22:03.947+0000] {dagbag.py:588} INFO - Filling up the DagBag from /opt/airflow/dags/weather_dag.py
[2026-08-16T06:22:03.981+0000] {processor.py:925} INFO - DAG(s) 'weather_ingestion' retrieved from /opt/airflow/dags/weather_dag.py
[2026-08-16T06:22:04.037+0000] {logging_mixin.py:190} INFO - [2026-08-16T06:22:04.037+0000] {dag.py:3239} INFO - Sync 1 DAGs
[2026-08-16T06:22:04.074+0000] {logging_mixin.py:190} INFO - [2026-08-16T06:22:04.073+0000] {dag.py:4180} INFO - Setting next_dagrun for weather_ingestion to 2026-08-16 06:00:00+00:00, run_after=2026-08-16 07:00:00+00:00
[2026-08-16T06:22:04.092+0000] {processor.py:208} INFO - Processing /opt/airflow/dags/weather_dag.py took 0.169 seconds
[2026-08-16T06:22:34.491+0000] {processor.py:186} INFO - Started process (PID=40720) to work on /opt/airflow/dags/weather_dag.py
[2026-08-16T06:22:34.492+0000] {processor.py:914} INFO - Processing file /opt/airflow/dags/weather_dag.py for tasks to queue
[2026-08-16T06:22:34.497+0000] {logging_mixin.py:190} INFO - [2026-08-16T06:22:34.496+0000] {dagbag.py:588} INFO - Filling up the DagBag from /opt/airflow/dags/weather_dag.py
[2026-08-16T06:22:34.515+0000] {processor.py:925} INFO - DAG(s) 'weather_ingestion' retrieved from /opt/airflow/dags/weather_dag.py
[2026-08-16T06:22:34.547+0000] {logging_mixin.py:190} INFO - [2026-08-16T06:22:34.546+0000] {dag.py:3239} INFO - Sync 1 DAGs
[2026-08-16T06:22:34.581+0000] {logging_mixin.py:190} INFO - [2026-08-16T06:22:34.581+0000] {dag.py:4180} INFO - Setting next_dagrun for weather_ingestion to 2026-08-16 06:00:00+00:00, run_after=2026-08-16 07:00:00+00:00
[2026-08-16T06:22:34.593+0000] {processor.py:208} INFO - Processing /opt/airflow/dags/weather_dag.py took 0.152 seconds
[2026-08-16T06:23:04.826+0000] {processor.py:186} INFO - Started process (PID=40725) to work on /opt/airflow/dags/weather_dag.py
[2026-08-16T06:23:04.829+0000] {processor.py:914} INFO - Processing file /opt/airflow/dags/weather_dag.py for tasks to queue
[2026-08-16T06:23:04.832+0000] {logging_mixin.py:190} INFO - [2026-08-16T06:23:04.832+0000] {dagbag.py:588} INFO - Filling up the DagBag from /opt/airflow/dags/weather_dag.py
[2026-08-16T06:23:04.851+0000] {processor.py:925} INFO - DAG(s) 'weather_ingestion' retrieved from /opt/airflow/dags/weather_dag.py
[2026-08-16T06:23:04.878+0000] {logging_mixin.py:190} INFO - [2026-08-16T06:23:04.878+0000] {dag.py:3239} INFO - Sync 1 DAGs
[2026-08-16T06:23:04.911+0000] {logging_mixin.py:190} INFO - [2026-08-16T06:23:04.911+0000] {dag.py:4180} INFO - Setting next_dagrun for weather_ingestion to 2026-08-16 06:00:00+00:00, run_after=2026-08-16 07:00:00+00:00
[2026-08-16T06:23:04.922+0000] {processor.py:208} INFO - Processing /opt/airflow/dags/weather_dag.py took 0.114 seconds
[2026-08-16T06:23:35.241+0000] {processor.py:186} INFO - Started process (PID=40730) to work on /opt/airflow/dags/weather_dag.py
[2026-08-16T06:23:35.243+0000] {processor.py:914} INFO - Processing file /opt/airflow/dags/weather_dag.py for tasks to queue
[2026-08-16T06:23:35.245+0000] {logging_mixin.py:190} INFO - [2026-08-16T06:23:35.245+0000] {dagbag.py:588} INFO - Filling up the DagBag from /opt/airflow/dags/weather_dag.py
[2026-08-16T06:23:35.256+0000] {processor.py:925} INFO - DAG(s) 'weather_ingestion' retrieved from /opt/airflow/dags/weather_dag.py
[2026-08-16T06:23:35.276+0000] {logging_mixin.py:190} INFO - [2026-08-16T06:23:35.276+0000] {dag.py:3239} INFO - Sync 1 DAGs
[2026-08-16T06:23:35.287+0000] {logging_mixin.py:190} INFO - [2026-08-16T06:23:35.287+0000] {dag.py:4180} INFO - Setting next_dagrun for weather_ingestion to 2026-08-16 06:00:00+00:00, run_after=2026-08-16 07:00:00+00:00
[2026-08-16T06:23:35.294+0000] {processor.py:208} INFO - Processing /opt/airflow/dags/weather_dag.py took 0.061 seconds
[2026-08-16T06:24:05.584+0000] {processor.py:186} INFO - Started process (PID=40735) to work on /opt/airflow/dags/weather_dag.py
[2026-08-16T06:24:05.586+0000] {processor.py:914} INFO - Processing file /opt/airflow/dags/weather_dag.py for tasks to queue
[2026-08-16T06:24:05.588+0000] {logging_mixin.py:190} INFO - [2026-08-16T06:24:05.588+0000] {dagbag.py:588} INFO - Filling up the DagBag from /opt/airflow/dags/weather_dag.py
[2026-08-16T06:24:05.600+0000] {processor.py:925} INFO - DAG(s) 'weather_ingestion' retrieved from /opt/airflow/dags/weather_dag.py
[2026-08-16T06:24:05.618+0000] {logging_mixin.py:190} INFO - [2026-08-16T06:24:05.618+0000] {dag.py:3239} INFO - Sync 1 DAGs
[2026-08-16T06:24:05.632+0000] {logging_mixin.py:190} INFO - [2026-08-16T06:24:05.632+0000] {dag.py:4180} INFO - Setting next_dagrun for weather_ingestion to 2026-08-16 06:00:00+00:00, run_after=2026-08-16 07:00:00+00:00
[2026-08-16T06:24:05.641+0000] {processor.py:208} INFO - Processing /opt/airflow/dags/weather_dag.py took 0.063 seconds
[2026-08-16T06:40:51.538+0000] {processor.py:186} INFO - Started process (PID=40750) to work on /opt/airflow/dags/weather_dag.py
[2026-08-16T06:40:51.539+0000] {processor.py:914} INFO - Processing file /opt/airflow/dags/weather_dag.py for tasks to queue
[2026-08-16T06:40:51.542+0000] {logging_mixin.py:190} INFO - [2026-08-16T06:40:51.542+0000] {dagbag.py:588} INFO - Filling up the DagBag from /opt/airflow/dags/weather_dag.py
[2026-08-16T06:40:51.556+0000] {processor.py:925} INFO - DAG(s) 'weather_ingestion' retrieved from /opt/airflow/dags/weather_dag.py
[2026-08-16T06:40:51.579+0000] {logging_mixin.py:190} INFO - [2026-08-16T06:40:51.579+0000] {dag.py:3239} INFO - Sync 1 DAGs
[2026-08-16T06:40:51.607+0000] {logging_mixin.py:190} INFO - [2026-08-16T06:40:51.606+0000] {dag.py:4180} INFO - Setting next_dagrun for weather_ingestion to 2026-08-16 06:00:00+00:00, run_after=2026-08-16 07:00:00+00:00
[2026-08-16T06:40:51.619+0000] {processor.py:208} INFO - Processing /opt/airflow/dags/weather_dag.py took 0.090 seconds
[2026-08-16T06:41:21.912+0000] {processor.py:186} INFO - Started process (PID=41146) to work on /opt/airflow/dags/weather_dag.py
[2026-08-16T06:41:21.914+0000] {processor.py:914} INFO - Processing file /opt/airflow/dags/weather_dag.py for tasks to queue
[2026-08-16T06:41:21.918+0000] {logging_mixin.py:190} INFO - [2026-08-16T06:41:21.918+0000] {dagbag.py:588} INFO - Filling up the DagBag from /opt/airflow/dags/weather_dag.py
[2026-08-16T06:41:21.931+0000] {processor.py:925} INFO - DAG(s) 'weather_ingestion' retrieved from /opt/airflow/dags/weather_dag.py
[2026-08-16T06:41:21.953+0000] {logging_mixin.py:190} INFO - [2026-08-16T06:41:21.953+0000] {dag.py:3239} INFO - Sync 1 DAGs
[2026-08-16T06:41:21.966+0000] {logging_mixin.py:190} INFO - [2026-08-16T06:41:21.966+0000] {dag.py:4180} INFO - Setting next_dagrun for weather_ingestion to 2026-08-16 06:00:00+00:00, run_after=2026-08-16 07:00:00+00:00
[2026-08-16T06:41:21.975+0000] {processor.py:208} INFO - Processing /opt/airflow/dags/weather_dag.py took 0.080 seconds
[2026-08-16T06:41:52.200+0000] {processor.py:186} INFO - Started process (PID=41151) to work on /opt/airflow/dags/weather_dag.py
[2026-08-16T06:41:52.201+0000] {processor.py:914} INFO - Processing file /opt/airflow/dags/weather_dag.py for tasks to queue
[2026-08-16T06:41:52.204+0000] {logging_mixin.py:190} INFO - [2026-08-16T06:41:52.204+0000] {dagbag.py:588} INFO - Filling up the DagBag from /opt/airflow/dags/weather_dag.py
[2026-08-16T06:41:52.215+0000] {processor.py:925} INFO - DAG(s) 'weather_ingestion' retrieved from /opt/airflow/dags/weather_dag.py
[2026-08-16T06:41:52.232+0000] {logging_mixin.py:190} INFO - [2026-08-16T06:41:52.232+0000] {dag.py:3239} INFO - Sync 1 DAGs
[2026-08-16T06:41:52.244+0000] {logging_mixin.py:190} INFO - [2026-08-16T06:41:52.244+0000] {dag.py:4180} INFO - Setting next_dagrun for weather_ingestion to 2026-08-16 06:00:00+00:00, run_after=2026-08-16 07:00:00+00:00
[2026-08-16T06:41:52.252+0000] {processor.py:208} INFO - Processing /opt/airflow/dags/weather_dag.py took 0.059 seconds
[2026-08-16T06:42:22.560+0000] {processor.py:186} INFO - Started process (PID=41156) to work on /opt/airflow/dags/weather_dag.py
[2026-08-16T06:42:22.562+0000] {processor.py:914} INFO - Processing file /opt/airflow/dags/weather_dag.py for tasks to queue
[2026-08-16T06:42:22.567+0000] {logging_mixin.py:190} INFO - [2026-08-16T06:42:22.566+0000] {dagbag.py:588} INFO - Filling up the DagBag from /opt/airflow/dags/weather_dag.py
[2026-08-16T06:42:22.585+0000] {processor.py:925} INFO - DAG(s) 'weather_ingestion' retrieved from /opt/airflow/dags/weather_dag.py
[2026-08-16T06:42:22.608+0000] {logging_mixin.py:190} INFO - [2026-08-16T06:42:22.608+0000] {dag.py:3239} INFO - Sync 1 DAGs
[2026-08-16T06:42:22.623+0000] {logging_mixin.py:190} INFO - [2026-08-16T06:42:22.623+0000] {dag.py:4180} INFO - Setting next_dagrun for weather_ingestion to 2026-08-16 06:00:00+00:00, run_after=2026-08-16 07:00:00+00:00
[2026-08-16T06:42:22.631+0000] {processor.py:208} INFO - Processing /opt/airflow/dags/weather_dag.py took 0.083 seconds
[2026-08-16T06:58:18.845+0000] {processor.py:186} INFO - Started process (PID=41161) to work on /opt/airflow/dags/weather_dag.py
[2026-08-16T06:58:18.847+0000] {processor.py:914} INFO - Processing file /opt/airflow/dags/weather_dag.py for tasks to queue
[2026-08-16T06:58:18.852+0000] {logging_mixin.py:190} INFO - [2026-08-16T06:58:18.851+0000] {dagbag.py:588} INFO - Filling up the DagBag from /opt/airflow/dags/weather_dag.py
[2026-08-16T06:58:18.883+0000] {processor.py:925} INFO - DAG(s) 'weather_ingestion' retrieved from /opt/airflow/dags/weather_dag.py
[2026-08-16T06:58:18.916+0000] {logging_mixin.py:190} INFO - [2026-08-16T06:58:18.916+0000] {dag.py:3239} INFO - Sync 1 DAGs
[2026-08-16T06:58:18.941+0000] {logging_mixin.py:190} INFO - [2026-08-16T06:58:18.940+0000] {dag.py:4180} INFO - Setting next_dagrun for weather_ingestion to 2026-08-16 06:00:00+00:00, run_after=2026-08-16 07:00:00+00:00
[2026-08-16T06:58:18.962+0000] {processor.py:208} INFO - Processing /opt/airflow/dags/weather_dag.py took 0.134 seconds
[2026-08-16T06:58:49.220+0000] {processor.py:186} INFO - Started process (PID=41166) to work on /opt/airflow/dags/weather_dag.py
[2026-08-16T06:58:49.222+0000] {processor.py:914} INFO - Processing file /opt/airflow/dags/weather_dag.py for tasks to queue
[2026-08-16T06:58:49.228+0000] {logging_mixin.py:190} INFO - [2026-08-16T06:58:49.227+0000] {dagbag.py:588} INFO - Filling up the DagBag from /opt/airflow/dags/weather_dag.py
[2026-08-16T06:58:49.282+0000] {processor.py:925} INFO - DAG(s) 'weather_ingestion' retrieved from /opt/airflow/dags/weather_dag.py
[2026-08-16T06:58:49.316+0000] {logging_mixin.py:190} INFO - [2026-08-16T06:58:49.316+0000] {dag.py:3239} INFO - Sync 1 DAGs
[2026-08-16T06:58:49.335+0000] {logging_mixin.py:190} INFO - [2026-08-16T06:58:49.335+0000] {dag.py:4180} INFO - Setting next_dagrun for weather_ingestion to 2026-08-16 06:00:00+00:00, run_after=2026-08-16 07:00:00+00:00
[2026-08-16T06:58:49.345+0000] {processor.py:208} INFO - Processing /opt/airflow/dags/weather_dag.py took 0.144 seconds
[2026-08-16T07:14:41.208+0000] {processor.py:186} INFO - Started process (PID=41171) to work on /opt/airflow/dags/weather_dag.py
[2026-08-16T07:14:41.210+0000] {processor.py:914} INFO - Processing file /opt/airflow/dags/weather_dag.py for tasks to queue
[2026-08-16T07:14:41.228+0000] {logging_mixin.py:190} INFO - [2026-08-16T07:14:41.226+0000] {dagbag.py:588} INFO - Filling up the DagBag from /opt/airflow/dags/weather_dag.py
[2026-08-16T07:14:41.279+0000] {processor.py:925} INFO - DAG(s) 'weather_ingestion' retrieved from /opt/airflow/dags/weather_dag.py
[2026-08-16T07:14:41.339+0000] {logging_mixin.py:190} INFO - [2026-08-16T07:14:41.339+0000] {dag.py:3239} INFO - Sync 1 DAGs
[2026-08-16T07:14:41.359+0000] {logging_mixin.py:190} INFO - [2026-08-16T07:14:41.359+0000] {dag.py:4180} INFO - Setting next_dagrun for weather_ingestion to 2026-08-16 06:00:00+00:00, run_after=2026-08-16 07:00:00+00:00
[2026-08-16T07:14:41.370+0000] {processor.py:208} INFO - Processing /opt/airflow/dags/weather_dag.py took 0.193 seconds
[2026-08-16T07:15:11.731+0000] {processor.py:186} INFO - Started process (PID=41181) to work on /opt/airflow/dags/weather_dag.py
[2026-08-16T07:15:11.732+0000] {processor.py:914} INFO - Processing file /opt/airflow/dags/weather_dag.py for tasks to queue
[2026-08-16T07:15:11.736+0000] {logging_mixin.py:190} INFO - [2026-08-16T07:15:11.736+0000] {dagbag.py:588} INFO - Filling up the DagBag from /opt/airflow/dags/weather_dag.py
[2026-08-16T07:15:11.761+0000] {processor.py:925} INFO - DAG(s) 'weather_ingestion' retrieved from /opt/airflow/dags/weather_dag.py
[2026-08-16T07:15:11.798+0000] {logging_mixin.py:190} INFO - [2026-08-16T07:15:11.798+0000] {dag.py:3239} INFO - Sync 1 DAGs
[2026-08-16T07:15:11.882+0000] {logging_mixin.py:190} INFO - [2026-08-16T07:15:11.881+0000] {dag.py:4180} INFO - Setting next_dagrun for weather_ingestion to 2026-08-16 07:00:00+00:00, run_after=2026-08-16 08:00:00+00:00
[2026-08-16T07:15:11.905+0000] {processor.py:208} INFO - Processing /opt/airflow/dags/weather_dag.py took 0.183 seconds
[2026-08-16T07:15:42.051+0000] {processor.py:186} INFO - Started process (PID=41186) to work on /opt/airflow/dags/weather_dag.py
[2026-08-16T07:15:42.054+0000] {processor.py:914} INFO - Processing file /opt/airflow/dags/weather_dag.py for tasks to queue
[2026-08-16T07:15:42.060+0000] {logging_mixin.py:190} INFO - [2026-08-16T07:15:42.059+0000] {dagbag.py:588} INFO - Filling up the DagBag from /opt/airflow/dags/weather_dag.py
[2026-08-16T07:15:42.080+0000] {processor.py:925} INFO - DAG(s) 'weather_ingestion' retrieved from /opt/airflow/dags/weather_dag.py
[2026-08-16T07:15:42.110+0000] {logging_mixin.py:190} INFO - [2026-08-16T07:15:42.109+0000] {dag.py:3239} INFO - Sync 1 DAGs
[2026-08-16T07:15:42.125+0000] {logging_mixin.py:190} INFO - [2026-08-16T07:15:42.125+0000] {dag.py:4180} INFO - Setting next_dagrun for weather_ingestion to 2026-08-16 07:00:00+00:00, run_after=2026-08-16 08:00:00+00:00
[2026-08-16T07:15:42.133+0000] {processor.py:208} INFO - Processing /opt/airflow/dags/weather_dag.py took 0.096 seconds
[2026-08-16T07:16:12.350+0000] {processor.py:186} INFO - Started process (PID=41191) to work on /opt/airflow/dags/weather_dag.py
[2026-08-16T07:16:12.351+0000] {processor.py:914} INFO - Processing file /opt/airflow/dags/weather_dag.py for tasks to queue
[2026-08-16T07:16:12.354+0000] {logging_mixin.py:190} INFO - [2026-08-16T07:16:12.353+0000] {dagbag.py:588} INFO - Filling up the DagBag from /opt/airflow/dags/weather_dag.py
[2026-08-16T07:16:12.366+0000] {processor.py:925} INFO - DAG(s) 'weather_ingestion' retrieved from /opt/airflow/dags/weather_dag.py
[2026-08-16T07:16:12.386+0000] {logging_mixin.py:190} INFO - [2026-08-16T07:16:12.385+0000] {dag.py:3239} INFO - Sync 1 DAGs
[2026-08-16T07:16:12.398+0000] {logging_mixin.py:190} INFO - [2026-08-16T07:16:12.398+0000] {dag.py:4180} INFO - Setting next_dagrun for weather_ingestion to 2026-08-16 07:00:00+00:00, run_after=2026-08-16 08:00:00+00:00
[2026-08-16T07:16:12.405+0000] {processor.py:208} INFO - Processing /opt/airflow/dags/weather_dag.py took 0.067 seconds
[2026-08-16T07:16:43.537+0000] {processor.py:186} INFO - Started process (PID=41196) to work on /opt/airflow/dags/weather_dag.py
[2026-08-16T07:16:43.560+0000] {processor.py:914} INFO - Processing file /opt/airflow/dags/weather_dag.py for tasks to queue
[2026-08-16T07:16:43.567+0000] {logging_mixin.py:190} INFO - [2026-08-16T07:16:43.565+0000] {dagbag.py:588} INFO - Filling up the DagBag from /opt/airflow/dags/weather_dag.py
[2026-08-16T07:16:43.952+0000] {processor.py:925} INFO - DAG(s) 'weather_ingestion' retrieved from /opt/airflow/dags/weather_dag.py
[2026-08-16T07:16:44.502+0000] {logging_mixin.py:190} INFO - [2026-08-16T07:16:44.502+0000] {dag.py:3239} INFO - Sync 1 DAGs
[2026-08-16T07:16:44.667+0000] {logging_mixin.py:190} INFO - [2026-08-16T07:16:44.666+0000] {dag.py:4180} INFO - Setting next_dagrun for weather_ingestion to 2026-08-16 07:00:00+00:00, run_after=2026-08-16 08:00:00+00:00
[2026-08-16T07:16:45.137+0000] {processor.py:208} INFO - Processing /opt/airflow/dags/weather_dag.py took 1.626 seconds
[2026-08-16T07:33:58.216+0000] {processor.py:186} INFO - Started process (PID=41206) to work on /opt/airflow/dags/weather_dag.py
[2026-08-16T07:33:58.217+0000] {processor.py:914} INFO - Processing file /opt/airflow/dags/weather_dag.py for tasks to queue
[2026-08-16T07:33:58.221+0000] {logging_mixin.py:190} INFO - [2026-08-16T07:33:58.220+0000] {dagbag.py:588} INFO - Filling up the DagBag from /opt/airflow/dags/weather_dag.py
[2026-08-16T07:33:58.234+0000] {processor.py:925} INFO - DAG(s) 'weather_ingestion' retrieved from /opt/airflow/dags/weather_dag.py
[2026-08-16T07:33:58.264+0000] {logging_mixin.py:190} INFO - [2026-08-16T07:33:58.264+0000] {dag.py:3239} INFO - Sync 1 DAGs
[2026-08-16T07:33:58.279+0000] {logging_mixin.py:190} INFO - [2026-08-16T07:33:58.279+0000] {dag.py:4180} INFO - Setting next_dagrun for weather_ingestion to 2026-08-16 07:00:00+00:00, run_after=2026-08-16 08:00:00+00:00
[2026-08-16T07:33:58.290+0000] {processor.py:208} INFO - Processing /opt/airflow/dags/weather_dag.py took 0.083 seconds
[2026-08-16T07:34:28.522+0000] {processor.py:186} INFO - Started process (PID=41592) to work on /opt/airflow/dags/weather_dag.py
[2026-08-16T07:34:28.525+0000] {processor.py:914} INFO - Processing file /opt/airflow/dags/weather_dag.py for tasks to queue
[2026-08-16T07:34:28.531+0000] {logging_mixin.py:190} INFO - [2026-08-16T07:34:28.530+0000] {dagbag.py:588} INFO - Filling up the DagBag from /opt/airflow/dags/weather_dag.py
[2026-08-16T07:34:28.555+0000] {processor.py:925} INFO - DAG(s) 'weather_ingestion' retrieved from /opt/airflow/dags/weather_dag.py
[2026-08-16T07:34:28.600+0000] {logging_mixin.py:190} INFO - [2026-08-16T07:34:28.600+0000] {dag.py:3239} INFO - Sync 1 DAGs
[2026-08-16T07:34:28.614+0000] {logging_mixin.py:190} INFO - [2026-08-16T07:34:28.614+0000] {dag.py:4180} INFO - Setting next_dagrun for weather_ingestion to 2026-08-16 07:00:00+00:00, run_after=2026-08-16 08:00:00+00:00
[2026-08-16T07:34:28.624+0000] {processor.py:208} INFO - Processing /opt/airflow/dags/weather_dag.py took 0.118 seconds
[2026-08-16T07:34:58.980+0000] {processor.py:186} INFO - Started process (PID=41597) to work on /opt/airflow/dags/weather_dag.py
[2026-08-16T07:34:58.982+0000] {processor.py:914} INFO - Processing file /opt/airflow/dags/weather_dag.py for tasks to queue
[2026-08-16T07:34:58.986+0000] {logging_mixin.py:190} INFO - [2026-08-16T07:34:58.985+0000] {dagbag.py:588} INFO - Filling up the DagBag from /opt/airflow/dags/weather_dag.py
[2026-08-16T07:34:59.000+0000] {processor.py:925} INFO - DAG(s) 'weather_ingestion' retrieved from /opt/airflow/dags/weather_dag.py
[2026-08-16T07:34:59.023+0000] {logging_mixin.py:190} INFO - [2026-08-16T07:34:59.023+0000] {dag.py:3239} INFO - Sync 1 DAGs
[2026-08-16T07:34:59.036+0000] {logging_mixin.py:190} INFO - [2026-08-16T07:34:59.036+0000] {dag.py:4180} INFO - Setting next_dagrun for weather_ingestion to 2026-08-16 07:00:00+00:00, run_after=2026-08-16 08:00:00+00:00
[2026-08-16T07:34:59.045+0000] {processor.py:208} INFO - Processing /opt/airflow/dags/weather_dag.py took 0.074 seconds
[2026-08-16T07:35:29.291+0000] {processor.py:186} INFO - Started process (PID=41602) to work on /opt/airflow/dags/weather_dag.py
[2026-08-16T07:35:29.292+0000] {processor.py:914} INFO - Processing file /opt/airflow/dags/weather_dag.py for tasks to queue
[2026-08-16T07:35:29.294+0000] {logging_mixin.py:190} INFO - [2026-08-16T07:35:29.294+0000] {dagbag.py:588} INFO - Filling up the DagBag from /opt/airflow/dags/weather_dag.py
[2026-08-16T07:35:29.303+0000] {processor.py:925} INFO - DAG(s) 'weather_ingestion' retrieved from /opt/airflow/dags/weather_dag.py
[2026-08-16T07:35:29.321+0000] {logging_mixin.py:190} INFO - [2026-08-16T07:35:29.321+0000] {dag.py:3239} INFO - Sync 1 DAGs
[2026-08-16T07:35:29.335+0000] {logging_mixin.py:190} INFO - [2026-08-16T07:35:29.335+0000] {dag.py:4180} INFO - Setting next_dagrun for weather_ingestion to 2026-08-16 07:00:00+00:00, run_after=2026-08-16 08:00:00+00:00
[2026-08-16T07:35:29.344+0000] {processor.py:208} INFO - Processing /opt/airflow/dags/weather_dag.py took 0.061 seconds
[2026-08-16T07:53:04.693+0000] {processor.py:186} INFO - Started process (PID=41607) to work on /opt/airflow/dags/weather_dag.py
[2026-08-16T07:53:04.695+0000] {processor.py:914} INFO - Processing file /opt/airflow/dags/weather_dag.py for tasks to queue
[2026-08-16T07:53:04.701+0000] {logging_mixin.py:190} INFO - [2026-08-16T07:53:04.700+0000] {dagbag.py:588} INFO - Filling up the DagBag from /opt/airflow/dags/weather_dag.py
[2026-08-16T07:53:04.743+0000] {processor.py:925} INFO - DAG(s) 'weather_ingestion' retrieved from /opt/airflow/dags/weather_dag.py
[2026-08-16T07:53:04.818+0000] {logging_mixin.py:190} INFO - [2026-08-16T07:53:04.818+0000] {dag.py:3239} INFO - Sync 1 DAGs
[2026-08-16T07:53:04.909+0000] {logging_mixin.py:190} INFO - [2026-08-16T07:53:04.909+0000] {dag.py:4180} INFO - Setting next_dagrun for weather_ingestion to 2026-08-16 07:00:00+00:00, run_after=2026-08-16 08:00:00+00:00
[2026-08-16T07:53:04.945+0000] {processor.py:208} INFO - Processing /opt/airflow/dags/weather_dag.py took 0.270 seconds
[2026-08-16T07:53:35.019+0000] {processor.py:186} INFO - Started process (PID=41612) to work on /opt/airflow/dags/weather_dag.py
[2026-08-16T07:53:35.022+0000] {processor.py:914} INFO - Processing file /opt/airflow/dags/weather_dag.py for tasks to queue
[2026-08-16T07:53:35.026+0000] {logging_mixin.py:190} INFO - [2026-08-16T07:53:35.026+0000] {dagbag.py:588} INFO - Filling up the DagBag from /opt/airflow/dags/weather_dag.py
[2026-08-16T07:53:35.088+0000] {processor.py:925} INFO - DAG(s) 'weather_ingestion' retrieved from /opt/airflow/dags/weather_dag.py
[2026-08-16T07:53:35.122+0000] {logging_mixin.py:190} INFO - [2026-08-16T07:53:35.121+0000] {dag.py:3239} INFO - Sync 1 DAGs
[2026-08-16T07:53:35.140+0000] {logging_mixin.py:190} INFO - [2026-08-16T07:53:35.140+0000] {dag.py:4180} INFO - Setting next_dagrun for weather_ingestion to 2026-08-16 07:00:00+00:00, run_after=2026-08-16 08:00:00+00:00
[2026-08-16T07:53:35.150+0000] {processor.py:208} INFO - Processing /opt/airflow/dags/weather_dag.py took 0.143 seconds
[2026-08-16T07:54:05.387+0000] {processor.py:186} INFO - Started process (PID=41617) to work on /opt/airflow/dags/weather_dag.py
[2026-08-16T07:54:05.390+0000] {processor.py:914} INFO - Processing file /opt/airflow/dags/weather_dag.py for tasks to queue
[2026-08-16T07:54:05.394+0000] {logging_mixin.py:190} INFO - [2026-08-16T07:54:05.393+0000] {dagbag.py:588} INFO - Filling up the DagBag from /opt/airflow/dags/weather_dag.py
[2026-08-16T07:54:05.423+0000] {processor.py:925} INFO - DAG(s) 'weather_ingestion' retrieved from /opt/airflow/dags/weather_dag.py
[2026-08-16T07:54:05.461+0000] {logging_mixin.py:190} INFO - [2026-08-16T07:54:05.461+0000] {dag.py:3239} INFO - Sync 1 DAGs
[2026-08-16T07:54:05.480+0000] {logging_mixin.py:190} INFO - [2026-08-16T07:54:05.479+0000] {dag.py:4180} INFO - Setting next_dagrun for weather_ingestion to 2026-08-16 07:00:00+00:00, run_after=2026-08-16 08:00:00+00:00
[2026-08-16T07:54:05.489+0000] {processor.py:208} INFO - Processing /opt/airflow/dags/weather_dag.py took 0.119 seconds
[2026-08-16T07:54:35.763+0000] {processor.py:186} INFO - Started process (PID=41622) to work on /opt/airflow/dags/weather_dag.py
[2026-08-16T07:54:35.765+0000] {processor.py:914} INFO - Processing file /opt/airflow/dags/weather_dag.py for tasks to queue
[2026-08-16T07:54:35.767+0000] {logging_mixin.py:190} INFO - [2026-08-16T07:54:35.767+0000] {dagbag.py:588} INFO - Filling up the DagBag from /opt/airflow/dags/weather_dag.py
[2026-08-16T07:54:35.777+0000] {processor.py:925} INFO - DAG(s) 'weather_ingestion' retrieved from /opt/airflow/dags/weather_dag.py
[2026-08-16T07:54:35.794+0000] {logging_mixin.py:190} INFO - [2026-08-16T07:54:35.793+0000] {dag.py:3239} INFO - Sync 1 DAGs
[2026-08-16T07:54:35.805+0000] {logging_mixin.py:190} INFO - [2026-08-16T07:54:35.805+0000] {dag.py:4180} INFO - Setting next_dagrun for weather_ingestion to 2026-08-16 07:00:00+00:00, run_after=2026-08-16 08:00:00+00:00
[2026-08-16T07:54:35.812+0000] {processor.py:208} INFO - Processing /opt/airflow/dags/weather_dag.py took 0.055 seconds
[2026-08-16T07:55:06.112+0000] {processor.py:186} INFO - Started process (PID=41627) to work on /opt/airflow/dags/weather_dag.py
[2026-08-16T07:55:06.113+0000] {processor.py:914} INFO - Processing file /opt/airflow/dags/weather_dag.py for tasks to queue
[2026-08-16T07:55:06.117+0000] {logging_mixin.py:190} INFO - [2026-08-16T07:55:06.116+0000] {dagbag.py:588} INFO - Filling up the DagBag from /opt/airflow/dags/weather_dag.py
[2026-08-16T07:55:06.130+0000] {processor.py:925} INFO - DAG(s) 'weather_ingestion' retrieved from /opt/airflow/dags/weather_dag.py
[2026-08-16T07:55:06.154+0000] {logging_mixin.py:190} INFO - [2026-08-16T07:55:06.154+0000] {dag.py:3239} INFO - Sync 1 DAGs
[2026-08-16T07:55:06.168+0000] {logging_mixin.py:190} INFO - [2026-08-16T07:55:06.168+0000] {dag.py:4180} INFO - Setting next_dagrun for weather_ingestion to 2026-08-16 07:00:00+00:00, run_after=2026-08-16 08:00:00+00:00
[2026-08-16T07:55:06.176+0000] {processor.py:208} INFO - Processing /opt/airflow/dags/weather_dag.py took 0.076 seconds
[2026-08-16T08:12:04.676+0000] {processor.py:186} INFO - Started process (PID=41635) to work on /opt/airflow/dags/weather_dag.py
[2026-08-16T08:12:04.677+0000] {processor.py:914} INFO - Processing file /opt/airflow/dags/weather_dag.py for tasks to queue
[2026-08-16T08:12:04.680+0000] {logging_mixin.py:190} INFO - [2026-08-16T08:12:04.680+0000] {dagbag.py:588} INFO - Filling up the DagBag from /opt/airflow/dags/weather_dag.py
[2026-08-16T08:12:04.717+0000] {processor.py:925} INFO - DAG(s) 'weather_ingestion' retrieved from /opt/airflow/dags/weather_dag.py
[2026-08-16T08:12:04.746+0000] {logging_mixin.py:190} INFO - [2026-08-16T08:12:04.746+0000] {dag.py:3239} INFO - Sync 1 DAGs
[2026-08-16T08:12:04.766+0000] {logging_mixin.py:190} INFO - [2026-08-16T08:12:04.766+0000] {dag.py:4180} INFO - Setting next_dagrun for weather_ingestion to 2026-08-16 08:00:00+00:00, run_after=2026-08-16 09:00:00+00:00
[2026-08-16T08:12:04.786+0000] {processor.py:208} INFO - Processing /opt/airflow/dags/weather_dag.py took 0.117 seconds
[2026-08-16T08:12:34.926+0000] {processor.py:186} INFO - Started process (PID=42041) to work on /opt/airflow/dags/weather_dag.py
[2026-08-16T08:12:34.933+0000] {processor.py:914} INFO - Processing file /opt/airflow/dags/weather_dag.py for tasks to queue
[2026-08-16T08:12:34.952+0000] {logging_mixin.py:190} INFO - [2026-08-16T08:12:34.950+0000] {dagbag.py:588} INFO - Filling up the DagBag from /opt/airflow/dags/weather_dag.py
[2026-08-16T08:12:34.981+0000] {processor.py:925} INFO - DAG(s) 'weather_ingestion' retrieved from /opt/airflow/dags/weather_dag.py
[2026-08-16T08:12:35.008+0000] {logging_mixin.py:190} INFO - [2026-08-16T08:12:35.008+0000] {dag.py:3239} INFO - Sync 1 DAGs
[2026-08-16T08:12:35.024+0000] {logging_mixin.py:190} INFO - [2026-08-16T08:12:35.024+0000] {dag.py:4180} INFO - Setting next_dagrun for weather_ingestion to 2026-08-16 08:00:00+00:00, run_after=2026-08-16 09:00:00+00:00
[2026-08-16T08:12:35.033+0000] {processor.py:208} INFO - Processing /opt/airflow/dags/weather_dag.py took 0.119 seconds
[2026-08-16T08:13:05.322+0000] {processor.py:186} INFO - Started process (PID=42046) to work on /opt/airflow/dags/weather_dag.py
[2026-08-16T08:13:05.323+0000] {processor.py:914} INFO - Processing file /opt/airflow/dags/weather_dag.py for tasks to queue
[2026-08-16T08:13:05.326+0000] {logging_mixin.py:190} INFO - [2026-08-16T08:13:05.325+0000] {dagbag.py:588} INFO - Filling up the DagBag from /opt/airflow/dags/weather_dag.py
[2026-08-16T08:13:05.339+0000] {processor.py:925} INFO - DAG(s) 'weather_ingestion' retrieved from /opt/airflow/dags/weather_dag.py
[2026-08-16T08:13:05.364+0000] {logging_mixin.py:190} INFO - [2026-08-16T08:13:05.364+0000] {dag.py:3239} INFO - Sync 1 DAGs
[2026-08-16T08:13:05.378+0000] {logging_mixin.py:190} INFO - [2026-08-16T08:13:05.378+0000] {dag.py:4180} INFO - Setting next_dagrun for weather_ingestion to 2026-08-16 08:00:00+00:00, run_after=2026-08-16 09:00:00+00:00
[2026-08-16T08:13:05.395+0000] {processor.py:208} INFO - Processing /opt/airflow/dags/weather_dag.py took 0.082 seconds
[2026-08-16T08:13:35.673+0000] {processor.py:186} INFO - Started process (PID=42051) to work on /opt/airflow/dags/weather_dag.py
[2026-08-16T08:13:35.675+0000] {processor.py:914} INFO - Processing file /opt/airflow/dags/weather_dag.py for tasks to queue
[2026-08-16T08:13:35.678+0000] {logging_mixin.py:190} INFO - [2026-08-16T08:13:35.678+0000] {dagbag.py:588} INFO - Filling up the DagBag from /opt/airflow/dags/weather_dag.py
[2026-08-16T08:13:35.692+0000] {processor.py:925} INFO - DAG(s) 'weather_ingestion' retrieved from /opt/airflow/dags/weather_dag.py
[2026-08-16T08:13:35.713+0000] {logging_mixin.py:190} INFO - [2026-08-16T08:13:35.713+0000] {dag.py:3239} INFO - Sync 1 DAGs
[2026-08-16T08:13:35.726+0000] {logging_mixin.py:190} INFO - [2026-08-16T08:13:35.726+0000] {dag.py:4180} INFO - Setting next_dagrun for weather_ingestion to 2026-08-16 08:00:00+00:00, run_after=2026-08-16 09:00:00+00:00
[2026-08-16T08:13:35.734+0000] {processor.py:208} INFO - Processing /opt/airflow/dags/weather_dag.py took 0.071 seconds
[2026-08-16T08:24:52.132+0000] {processor.py:186} INFO - Started process (PID=42056) to work on /opt/airflow/dags/weather_dag.py
[2026-08-16T08:24:52.133+0000] {processor.py:914} INFO - Processing file /opt/airflow/dags/weather_dag.py for tasks to queue
[2026-08-16T08:24:52.135+0000] {logging_mixin.py:190} INFO - [2026-08-16T08:24:52.135+0000] {dagbag.py:588} INFO - Filling up the DagBag from /opt/airflow/dags/weather_dag.py
[2026-08-16T08:24:52.148+0000] {processor.py:925} INFO - DAG(s) 'weather_ingestion' retrieved from /opt/airflow/dags/weather_dag.py
[2026-08-16T08:24:52.189+0000] {logging_mixin.py:190} INFO - [2026-08-16T08:24:52.189+0000] {dag.py:3239} INFO - Sync 1 DAGs
[2026-08-16T08:24:52.202+0000] {logging_mixin.py:190} INFO - [2026-08-16T08:24:52.202+0000] {dag.py:4180} INFO - Setting next_dagrun for weather_ingestion to 2026-08-16 08:00:00+00:00, run_after=2026-08-16 09:00:00+00:00
[2026-08-16T08:24:52.210+0000] {processor.py:208} INFO - Processing /opt/airflow/dags/weather_dag.py took 0.085 seconds
[2026-08-16T08:25:22.484+0000] {processor.py:186} INFO - Started process (PID=42061) to work on /opt/airflow/dags/weather_dag.py
[2026-08-16T08:25:22.486+0000] {processor.py:914} INFO - Processing file /opt/airflow/dags/weather_dag.py for tasks to queue
[2026-08-16T08:25:22.492+0000] {logging_mixin.py:190} INFO - [2026-08-16T08:25:22.491+0000] {dagbag.py:588} INFO - Filling up the DagBag from /opt/airflow/dags/weather_dag.py
[2026-08-16T08:25:22.511+0000] {processor.py:925} INFO - DAG(s) 'weather_ingestion' retrieved from /opt/airflow/dags/weather_dag.py
[2026-08-16T08:25:22.535+0000] {logging_mixin.py:190} INFO - [2026-08-16T08:25:22.535+0000] {dag.py:3239} INFO - Sync 1 DAGs
[2026-08-16T08:25:22.549+0000] {logging_mixin.py:190} INFO - [2026-08-16T08:25:22.549+0000] {dag.py:4180} INFO - Setting next_dagrun for weather_ingestion to 2026-08-16 08:00:00+00:00, run_after=2026-08-16 09:00:00+00:00
[2026-08-16T08:25:22.562+0000] {processor.py:208} INFO - Processing /opt/airflow/dags/weather_dag.py took 0.094 seconds
[2026-08-16T08:25:52.804+0000] {processor.py:186} INFO - Started process (PID=42066) to work on /opt/airflow/dags/weather_dag.py
[2026-08-16T08:25:52.806+0000] {processor.py:914} INFO - Processing file /opt/airflow/dags/weather_dag.py for tasks to queue
[2026-08-16T08:25:52.809+0000] {logging_mixin.py:190} INFO - [2026-08-16T08:25:52.808+0000] {dagbag.py:588} INFO - Filling up the DagBag from /opt/airflow/dags/weather_dag.py
[2026-08-16T08:25:52.822+0000] {processor.py:925} INFO - DAG(s) 'weather_ingestion' retrieved from /opt/airflow/dags/weather_dag.py
[2026-08-16T08:25:52.845+0000] {logging_mixin.py:190} INFO - [2026-08-16T08:25:52.845+0000] {dag.py:3239} INFO - Sync 1 DAGs
[2026-08-16T08:25:52.871+0000] {logging_mixin.py:190} INFO - [2026-08-16T08:25:52.871+0000] {dag.py:4180} INFO - Setting next_dagrun for weather_ingestion to 2026-08-16 08:00:00+00:00, run_after=2026-08-16 09:00:00+00:00
[2026-08-16T08:25:52.883+0000] {processor.py:208} INFO - Processing /opt/airflow/dags/weather_dag.py took 0.089 seconds
[2026-08-16T08:26:23.170+0000] {processor.py:186} INFO - Started process (PID=42071) to work on /opt/airflow/dags/weather_dag.py
[2026-08-16T08:26:23.173+0000] {processor.py:914} INFO - Processing file /opt/airflow/dags/weather_dag.py for tasks to queue
[2026-08-16T08:26:23.179+0000] {logging_mixin.py:190} INFO - [2026-08-16T08:26:23.177+0000] {dagbag.py:588} INFO - Filling up the DagBag from /opt/airflow/dags/weather_dag.py
[2026-08-16T08:26:23.202+0000] {processor.py:925} INFO - DAG(s) 'weather_ingestion' retrieved from /opt/airflow/dags/weather_dag.py
[2026-08-16T08:26:23.263+0000] {logging_mixin.py:190} INFO - [2026-08-16T08:26:23.263+0000] {dag.py:3239} INFO - Sync 1 DAGs
[2026-08-16T08:26:23.281+0000] {logging_mixin.py:190} INFO - [2026-08-16T08:26:23.281+0000] {dag.py:4180} INFO - Setting next_dagrun for weather_ingestion to 2026-08-16 08:00:00+00:00, run_after=2026-08-16 09:00:00+00:00
[2026-08-16T08:26:23.289+0000] {processor.py:208} INFO - Processing /opt/airflow/dags/weather_dag.py took 0.133 seconds
[2026-08-16T08:42:22.377+0000] {processor.py:186} INFO - Started process (PID=42076) to work on /opt/airflow/dags/weather_dag.py
[2026-08-16T08:42:22.380+0000] {processor.py:914} INFO - Processing file /opt/airflow/dags/weather_dag.py for tasks to queue
[2026-08-16T08:42:22.393+0000] {logging_mixin.py:190} INFO - [2026-08-16T08:42:22.391+0000] {dagbag.py:588} INFO - Filling up the DagBag from /opt/airflow/dags/weather_dag.py
[2026-08-16T08:42:22.462+0000] {processor.py:925} INFO - DAG(s) 'weather_ingestion' retrieved from /opt/airflow/dags/weather_dag.py
[2026-08-16T08:42:22.571+0000] {logging_mixin.py:190} INFO - [2026-08-16T08:42:22.570+0000] {dag.py:3239} INFO - Sync 1 DAGs
[2026-08-16T08:42:22.646+0000] {logging_mixin.py:190} INFO - [2026-08-16T08:42:22.645+0000] {dag.py:4180} INFO - Setting next_dagrun for weather_ingestion to 2026-08-16 08:00:00+00:00, run_after=2026-08-16 09:00:00+00:00
[2026-08-16T08:42:22.668+0000] {processor.py:208} INFO - Processing /opt/airflow/dags/weather_dag.py took 0.310 seconds
[2026-08-16T08:42:53.133+0000] {processor.py:186} INFO - Started process (PID=42081) to work on /opt/airflow/dags/weather_dag.py
[2026-08-16T08:42:53.137+0000] {processor.py:914} INFO - Processing file /opt/airflow/dags/weather_dag.py for tasks to queue
[2026-08-16T08:42:53.143+0000] {logging_mixin.py:190} INFO - [2026-08-16T08:42:53.142+0000] {dagbag.py:588} INFO - Filling up the DagBag from /opt/airflow/dags/weather_dag.py
[2026-08-16T08:42:53.168+0000] {processor.py:925} INFO - DAG(s) 'weather_ingestion' retrieved from /opt/airflow/dags/weather_dag.py
[2026-08-16T08:42:53.260+0000] {logging_mixin.py:190} INFO - [2026-08-16T08:42:53.259+0000] {dag.py:3239} INFO - Sync 1 DAGs
[2026-08-16T08:42:53.281+0000] {logging_mixin.py:190} INFO - [2026-08-16T08:42:53.281+0000] {dag.py:4180} INFO - Setting next_dagrun for weather_ingestion to 2026-08-16 08:00:00+00:00, run_after=2026-08-16 09:00:00+00:00
[2026-08-16T08:42:53.295+0000] {processor.py:208} INFO - Processing /opt/airflow/dags/weather_dag.py took 0.252 seconds
[2026-08-16T08:43:23.609+0000] {processor.py:186} INFO - Started process (PID=42086) to work on /opt/airflow/dags/weather_dag.py
[2026-08-16T08:43:23.612+0000] {processor.py:914} INFO - Processing file /opt/airflow/dags/weather_dag.py for tasks to queue
[2026-08-16T08:43:23.618+0000] {logging_mixin.py:190} INFO - [2026-08-16T08:43:23.617+0000] {dagbag.py:588} INFO - Filling up the DagBag from /opt/airflow/dags/weather_dag.py
[2026-08-16T08:43:23.637+0000] {processor.py:925} INFO - DAG(s) 'weather_ingestion' retrieved from /opt/airflow/dags/weather_dag.py
[2026-08-16T08:43:23.685+0000] {logging_mixin.py:190} INFO - [2026-08-16T08:43:23.685+0000] {dag.py:3239} INFO - Sync 1 DAGs
[2026-08-16T08:43:23.704+0000] {logging_mixin.py:190} INFO - [2026-08-16T08:43:23.704+0000] {dag.py:4180} INFO - Setting next_dagrun for weather_ingestion to 2026-08-16 08:00:00+00:00, run_after=2026-08-16 09:00:00+00:00
[2026-08-16T08:43:23.738+0000] {processor.py:208} INFO - Processing /opt/airflow/dags/weather_dag.py took 0.149 seconds
[2026-08-16T08:43:53.912+0000] {processor.py:186} INFO - Started process (PID=42091) to work on /opt/airflow/dags/weather_dag.py
[2026-08-16T08:43:53.915+0000] {processor.py:914} INFO - Processing file /opt/airflow/dags/weather_dag.py for tasks to queue
[2026-08-16T08:43:53.917+0000] {logging_mixin.py:190} INFO - [2026-08-16T08:43:53.917+0000] {dagbag.py:588} INFO - Filling up the DagBag from /opt/airflow/dags/weather_dag.py
[2026-08-16T08:43:53.928+0000] {processor.py:925} INFO - DAG(s) 'weather_ingestion' retrieved from /opt/airflow/dags/weather_dag.py
[2026-08-16T08:43:53.946+0000] {logging_mixin.py:190} INFO - [2026-08-16T08:43:53.946+0000] {dag.py:3239} INFO - Sync 1 DAGs
[2026-08-16T08:43:53.958+0000] {logging_mixin.py:190} INFO - [2026-08-16T08:43:53.958+0000] {dag.py:4180} INFO - Setting next_dagrun for weather_ingestion to 2026-08-16 08:00:00+00:00, run_after=2026-08-16 09:00:00+00:00
[2026-08-16T08:43:53.965+0000] {processor.py:208} INFO - Processing /opt/airflow/dags/weather_dag.py took 0.070 seconds
[2026-08-16T08:44:24.184+0000] {processor.py:186} INFO - Started process (PID=42096) to work on /opt/airflow/dags/weather_dag.py
[2026-08-16T08:44:24.186+0000] {processor.py:914} INFO - Processing file /opt/airflow/dags/weather_dag.py for tasks to queue
[2026-08-16T08:44:24.188+0000] {logging_mixin.py:190} INFO - [2026-08-16T08:44:24.188+0000] {dagbag.py:588} INFO - Filling up the DagBag from /opt/airflow/dags/weather_dag.py
[2026-08-16T08:44:24.198+0000] {processor.py:925} INFO - DAG(s) 'weather_ingestion' retrieved from /opt/airflow/dags/weather_dag.py
[2026-08-16T08:44:24.217+0000] {logging_mixin.py:190} INFO - [2026-08-16T08:44:24.217+0000] {dag.py:3239} INFO - Sync 1 DAGs
[2026-08-16T08:44:24.229+0000] {logging_mixin.py:190} INFO - [2026-08-16T08:44:24.229+0000] {dag.py:4180} INFO - Setting next_dagrun for weather_ingestion to 2026-08-16 08:00:00+00:00, run_after=2026-08-16 09:00:00+00:00
[2026-08-16T08:44:24.236+0000] {processor.py:208} INFO - Processing /opt/airflow/dags/weather_dag.py took 0.059 seconds
[2026-08-16T09:00:02.464+0000] {processor.py:186} INFO - Started process (PID=42101) to work on /opt/airflow/dags/weather_dag.py
[2026-08-16T09:00:02.466+0000] {processor.py:914} INFO - Processing file /opt/airflow/dags/weather_dag.py for tasks to queue
[2026-08-16T09:00:02.473+0000] {logging_mixin.py:190} INFO - [2026-08-16T09:00:02.472+0000] {dagbag.py:588} INFO - Filling up the DagBag from /opt/airflow/dags/weather_dag.py
[2026-08-16T09:00:02.494+0000] {processor.py:925} INFO - DAG(s) 'weather_ingestion' retrieved from /opt/airflow/dags/weather_dag.py
[2026-08-16T09:00:02.521+0000] {logging_mixin.py:190} INFO - [2026-08-16T09:00:02.521+0000] {dag.py:3239} INFO - Sync 1 DAGs
[2026-08-16T09:00:02.538+0000] {logging_mixin.py:190} INFO - [2026-08-16T09:00:02.538+0000] {dag.py:4180} INFO - Setting next_dagrun for weather_ingestion to 2026-08-16 08:00:00+00:00, run_after=2026-08-16 09:00:00+00:00
[2026-08-16T09:00:02.549+0000] {processor.py:208} INFO - Processing /opt/airflow/dags/weather_dag.py took 0.102 seconds
[2026-08-16T09:00:32.794+0000] {processor.py:186} INFO - Started process (PID=42111) to work on /opt/airflow/dags/weather_dag.py
[2026-08-16T09:00:32.797+0000] {processor.py:914} INFO - Processing file /opt/airflow/dags/weather_dag.py for tasks to queue
[2026-08-16T09:00:32.801+0000] {logging_mixin.py:190} INFO - [2026-08-16T09:00:32.800+0000] {dagbag.py:588} INFO - Filling up the DagBag from /opt/airflow/dags/weather_dag.py
[2026-08-16T09:00:32.817+0000] {processor.py:925} INFO - DAG(s) 'weather_ingestion' retrieved from /opt/airflow/dags/weather_dag.py
[2026-08-16T09:00:32.839+0000] {logging_mixin.py:190} INFO - [2026-08-16T09:00:32.839+0000] {dag.py:3239} INFO - Sync 1 DAGs
[2026-08-16T09:00:32.853+0000] {logging_mixin.py:190} INFO - [2026-08-16T09:00:32.853+0000] {dag.py:4180} INFO - Setting next_dagrun for weather_ingestion to 2026-08-16 09:00:00+00:00, run_after=2026-08-16 10:00:00+00:00
[2026-08-16T09:00:32.861+0000] {processor.py:208} INFO - Processing /opt/airflow/dags/weather_dag.py took 0.078 seconds
[2026-08-16T09:01:03.112+0000] {processor.py:186} INFO - Started process (PID=42116) to work on /opt/airflow/dags/weather_dag.py
[2026-08-16T09:01:03.113+0000] {processor.py:914} INFO - Processing file /opt/airflow/dags/weather_dag.py for tasks to queue
[2026-08-16T09:01:03.115+0000] {logging_mixin.py:190} INFO - [2026-08-16T09:01:03.115+0000] {dagbag.py:588} INFO - Filling up the DagBag from /opt/airflow/dags/weather_dag.py
[2026-08-16T09:01:03.126+0000] {processor.py:925} INFO - DAG(s) 'weather_ingestion' retrieved from /opt/airflow/dags/weather_dag.py
[2026-08-16T09:01:03.145+0000] {logging_mixin.py:190} INFO - [2026-08-16T09:01:03.145+0000] {dag.py:3239} INFO - Sync 1 DAGs
[2026-08-16T09:01:03.156+0000] {logging_mixin.py:190} INFO - [2026-08-16T09:01:03.156+0000] {dag.py:4180} INFO - Setting next_dagrun for weather_ingestion to 2026-08-16 09:00:00+00:00, run_after=2026-08-16 10:00:00+00:00
[2026-08-16T09:01:03.163+0000] {processor.py:208} INFO - Processing /opt/airflow/dags/weather_dag.py took 0.057 seconds
[2026-08-16T09:01:33.428+0000] {processor.py:186} INFO - Started process (PID=42121) to work on /opt/airflow/dags/weather_dag.py
[2026-08-16T09:01:33.429+0000] {processor.py:914} INFO - Processing file /opt/airflow/dags/weather_dag.py for tasks to queue
[2026-08-16T09:01:33.432+0000] {logging_mixin.py:190} INFO - [2026-08-16T09:01:33.431+0000] {dagbag.py:588} INFO - Filling up the DagBag from /opt/airflow/dags/weather_dag.py
[2026-08-16T09:01:33.442+0000] {processor.py:925} INFO - DAG(s) 'weather_ingestion' retrieved from /opt/airflow/dags/weather_dag.py
[2026-08-16T09:01:33.460+0000] {logging_mixin.py:190} INFO - [2026-08-16T09:01:33.460+0000] {dag.py:3239} INFO - Sync 1 DAGs
[2026-08-16T09:01:33.472+0000] {logging_mixin.py:190} INFO - [2026-08-16T09:01:33.472+0000] {dag.py:4180} INFO - Setting next_dagrun for weather_ingestion to 2026-08-16 09:00:00+00:00, run_after=2026-08-16 10:00:00+00:00
[2026-08-16T09:01:33.479+0000] {processor.py:208} INFO - Processing /opt/airflow/dags/weather_dag.py took 0.059 seconds
[2026-08-16T09:02:03.751+0000] {processor.py:186} INFO - Started process (PID=42126) to work on /opt/airflow/dags/weather_dag.py
[2026-08-16T09:02:03.752+0000] {processor.py:914} INFO - Processing file /opt/airflow/dags/weather_dag.py for tasks to queue
[2026-08-16T09:02:03.756+0000] {logging_mixin.py:190} INFO - [2026-08-16T09:02:03.756+0000] {dagbag.py:588} INFO - Filling up the DagBag from /opt/airflow/dags/weather_dag.py
[2026-08-16T09:02:03.771+0000] {processor.py:925} INFO - DAG(s) 'weather_ingestion' retrieved from /opt/airflow/dags/weather_dag.py
[2026-08-16T09:02:03.796+0000] {logging_mixin.py:190} INFO - [2026-08-16T09:02:03.796+0000] {dag.py:3239} INFO - Sync 1 DAGs
[2026-08-16T09:02:03.810+0000] {logging_mixin.py:190} INFO - [2026-08-16T09:02:03.810+0000] {dag.py:4180} INFO - Setting next_dagrun for weather_ingestion to 2026-08-16 09:00:00+00:00, run_after=2026-08-16 10:00:00+00:00
[2026-08-16T09:02:03.818+0000] {processor.py:208} INFO - Processing /opt/airflow/dags/weather_dag.py took 0.076 seconds
[2026-08-16T09:02:34.015+0000] {processor.py:186} INFO - Started process (PID=42517) to work on /opt/airflow/dags/weather_dag.py
[2026-08-16T09:02:34.017+0000] {processor.py:914} INFO - Processing file /opt/airflow/dags/weather_dag.py for tasks to queue
[2026-08-16T09:02:34.019+0000] {logging_mixin.py:190} INFO - [2026-08-16T09:02:34.018+0000] {dagbag.py:588} INFO - Filling up the DagBag from /opt/airflow/dags/weather_dag.py
[2026-08-16T09:02:34.028+0000] {processor.py:925} INFO - DAG(s) 'weather_ingestion' retrieved from /opt/airflow/dags/weather_dag.py
[2026-08-16T09:02:34.046+0000] {logging_mixin.py:190} INFO - [2026-08-16T09:02:34.046+0000] {dag.py:3239} INFO - Sync 1 DAGs
[2026-08-16T09:02:34.057+0000] {logging_mixin.py:190} INFO - [2026-08-16T09:02:34.057+0000] {dag.py:4180} INFO - Setting next_dagrun for weather_ingestion to 2026-08-16 09:00:00+00:00, run_after=2026-08-16 10:00:00+00:00
[2026-08-16T09:02:34.064+0000] {processor.py:208} INFO - Processing /opt/airflow/dags/weather_dag.py took 0.056 seconds
[2026-08-16T09:18:21.292+0000] {processor.py:186} INFO - Started process (PID=42522) to work on /opt/airflow/dags/weather_dag.py
[2026-08-16T09:18:21.293+0000] {processor.py:914} INFO - Processing file /opt/airflow/dags/weather_dag.py for tasks to queue
[2026-08-16T09:18:21.297+0000] {logging_mixin.py:190} INFO - [2026-08-16T09:18:21.297+0000] {dagbag.py:588} INFO - Filling up the DagBag from /opt/airflow/dags/weather_dag.py
[2026-08-16T09:18:21.333+0000] {processor.py:925} INFO - DAG(s) 'weather_ingestion' retrieved from /opt/airflow/dags/weather_dag.py
[2026-08-16T09:18:21.365+0000] {logging_mixin.py:190} INFO - [2026-08-16T09:18:21.365+0000] {dag.py:3239} INFO - Sync 1 DAGs
[2026-08-16T09:18:21.384+0000] {logging_mixin.py:190} INFO - [2026-08-16T09:18:21.384+0000] {dag.py:4180} INFO - Setting next_dagrun for weather_ingestion to 2026-08-16 09:00:00+00:00, run_after=2026-08-16 10:00:00+00:00
[2026-08-16T09:18:21.393+0000] {processor.py:208} INFO - Processing /opt/airflow/dags/weather_dag.py took 0.110 seconds
[2026-08-16T09:18:51.729+0000] {processor.py:186} INFO - Started process (PID=42527) to work on /opt/airflow/dags/weather_dag.py
[2026-08-16T09:18:51.731+0000] {processor.py:914} INFO - Processing file /opt/airflow/dags/weather_dag.py for tasks to queue
[2026-08-16T09:18:51.736+0000] {logging_mixin.py:190} INFO - [2026-08-16T09:18:51.735+0000] {dagbag.py:588} INFO - Filling up the DagBag from /opt/airflow/dags/weather_dag.py
[2026-08-16T09:18:51.756+0000] {processor.py:925} INFO - DAG(s) 'weather_ingestion' retrieved from /opt/airflow/dags/weather_dag.py
[2026-08-16T09:18:51.799+0000] {logging_mixin.py:190} INFO - [2026-08-16T09:18:51.799+0000] {dag.py:3239} INFO - Sync 1 DAGs
[2026-08-16T09:18:51.828+0000] {logging_mixin.py:190} INFO - [2026-08-16T09:18:51.828+0000] {dag.py:4180} INFO - Setting next_dagrun for weather_ingestion to 2026-08-16 09:00:00+00:00, run_after=2026-08-16 10:00:00+00:00
[2026-08-16T09:18:51.837+0000] {processor.py:208} INFO - Processing /opt/airflow/dags/weather_dag.py took 0.145 seconds
[2026-08-16T09:19:22.086+0000] {processor.py:186} INFO - Started process (PID=42532) to work on /opt/airflow/dags/weather_dag.py
[2026-08-16T09:19:22.088+0000] {processor.py:914} INFO - Processing file /opt/airflow/dags/weather_dag.py for tasks to queue
[2026-08-16T09:19:22.090+0000] {logging_mixin.py:190} INFO - [2026-08-16T09:19:22.089+0000] {dagbag.py:588} INFO - Filling up the DagBag from /opt/airflow/dags/weather_dag.py
[2026-08-16T09:19:22.099+0000] {processor.py:925} INFO - DAG(s) 'weather_ingestion' retrieved from /opt/airflow/dags/weather_dag.py
[2026-08-16T09:19:22.117+0000] {logging_mixin.py:190} INFO - [2026-08-16T09:19:22.117+0000] {dag.py:3239} INFO - Sync 1 DAGs
[2026-08-16T09:19:22.128+0000] {logging_mixin.py:190} INFO - [2026-08-16T09:19:22.128+0000] {dag.py:4180} INFO - Setting next_dagrun for weather_ingestion to 2026-08-16 09:00:00+00:00, run_after=2026-08-16 10:00:00+00:00
[2026-08-16T09:19:22.135+0000] {processor.py:208} INFO - Processing /opt/airflow/dags/weather_dag.py took 0.056 seconds
[2026-08-16T09:19:52.374+0000] {processor.py:186} INFO - Started process (PID=42537) to work on /opt/airflow/dags/weather_dag.py
[2026-08-16T09:19:52.375+0000] {processor.py:914} INFO - Processing file /opt/airflow/dags/weather_dag.py for tasks to queue
[2026-08-16T09:19:52.377+0000] {logging_mixin.py:190} INFO - [2026-08-16T09:19:52.376+0000] {dagbag.py:588} INFO - Filling up the DagBag from /opt/airflow/dags/weather_dag.py
[2026-08-16T09:19:52.384+0000] {processor.py:925} INFO - DAG(s) 'weather_ingestion' retrieved from /opt/airflow/dags/weather_dag.py
[2026-08-16T09:19:52.400+0000] {logging_mixin.py:190} INFO - [2026-08-16T09:19:52.399+0000] {dag.py:3239} INFO - Sync 1 DAGs
[2026-08-16T09:19:52.411+0000] {logging_mixin.py:190} INFO - [2026-08-16T09:19:52.411+0000] {dag.py:4180} INFO - Setting next_dagrun for weather_ingestion to 2026-08-16 09:00:00+00:00, run_after=2026-08-16 10:00:00+00:00
[2026-08-16T09:19:52.418+0000] {processor.py:208} INFO - Processing /opt/airflow/dags/weather_dag.py took 0.053 seconds
[2026-08-16T09:36:53.064+0000] {processor.py:186} INFO - Started process (PID=42542) to work on /opt/airflow/dags/weather_dag.py
[2026-08-16T09:36:53.067+0000] {processor.py:914} INFO - Processing file /opt/airflow/dags/weather_dag.py for tasks to queue
[2026-08-16T09:36:53.080+0000] {logging_mixin.py:190} INFO - [2026-08-16T09:36:53.079+0000] {dagbag.py:588} INFO - Filling up the DagBag from /opt/airflow/dags/weather_dag.py
[2026-08-16T09:36:53.100+0000] {processor.py:925} INFO - DAG(s) 'weather_ingestion' retrieved from /opt/airflow/dags/weather_dag.py
[2026-08-16T09:36:53.135+0000] {logging_mixin.py:190} INFO - [2026-08-16T09:36:53.135+0000] {dag.py:3239} INFO - Sync 1 DAGs
[2026-08-16T09:36:53.162+0000] {logging_mixin.py:190} INFO - [2026-08-16T09:36:53.162+0000] {dag.py:4180} INFO - Setting next_dagrun for weather_ingestion to 2026-08-16 09:00:00+00:00, run_after=2026-08-16 10:00:00+00:00
[2026-08-16T09:36:53.171+0000] {processor.py:208} INFO - Processing /opt/airflow/dags/weather_dag.py took 0.122 seconds
[2026-08-16T09:37:23.331+0000] {processor.py:186} INFO - Started process (PID=42547) to work on /opt/airflow/dags/weather_dag.py
[2026-08-16T09:37:23.334+0000] {processor.py:914} INFO - Processing file /opt/airflow/dags/weather_dag.py for tasks to queue
[2026-08-16T09:37:23.339+0000] {logging_mixin.py:190} INFO - [2026-08-16T09:37:23.338+0000] {dagbag.py:588} INFO - Filling up the DagBag from /opt/airflow/dags/weather_dag.py
[2026-08-16T09:37:23.354+0000] {processor.py:925} INFO - DAG(s) 'weather_ingestion' retrieved from /opt/airflow/dags/weather_dag.py
[2026-08-16T09:37:23.384+0000] {logging_mixin.py:190} INFO - [2026-08-16T09:37:23.384+0000] {dag.py:3239} INFO - Sync 1 DAGs
[2026-08-16T09:37:23.402+0000] {logging_mixin.py:190} INFO - [2026-08-16T09:37:23.402+0000] {dag.py:4180} INFO - Setting next_dagrun for weather_ingestion to 2026-08-16 09:00:00+00:00, run_after=2026-08-16 10:00:00+00:00
[2026-08-16T09:37:23.412+0000] {processor.py:208} INFO - Processing /opt/airflow/dags/weather_dag.py took 0.091 seconds
[2026-08-16T09:37:53.612+0000] {processor.py:186} INFO - Started process (PID=42552) to work on /opt/airflow/dags/weather_dag.py
[2026-08-16T09:37:53.613+0000] {processor.py:914} INFO - Processing file /opt/airflow/dags/weather_dag.py for tasks to queue
[2026-08-16T09:37:53.616+0000] {logging_mixin.py:190} INFO - [2026-08-16T09:37:53.616+0000] {dagbag.py:588} INFO - Filling up the DagBag from /opt/airflow/dags/weather_dag.py
[2026-08-16T09:37:53.628+0000] {processor.py:925} INFO - DAG(s) 'weather_ingestion' retrieved from /opt/airflow/dags/weather_dag.py
[2026-08-16T09:37:53.657+0000] {logging_mixin.py:190} INFO - [2026-08-16T09:37:53.657+0000] {dag.py:3239} INFO - Sync 1 DAGs
[2026-08-16T09:37:53.674+0000] {logging_mixin.py:190} INFO - [2026-08-16T09:37:53.674+0000] {dag.py:4180} INFO - Setting next_dagrun for weather_ingestion to 2026-08-16 09:00:00+00:00, run_after=2026-08-16 10:00:00+00:00
[2026-08-16T09:37:53.682+0000] {processor.py:208} INFO - Processing /opt/airflow/dags/weather_dag.py took 0.076 seconds
[2026-08-16T09:38:24.013+0000] {processor.py:186} INFO - Started process (PID=42557) to work on /opt/airflow/dags/weather_dag.py
[2026-08-16T09:38:24.014+0000] {processor.py:914} INFO - Processing file /opt/airflow/dags/weather_dag.py for tasks to queue
[2026-08-16T09:38:24.016+0000] {logging_mixin.py:190} INFO - [2026-08-16T09:38:24.016+0000] {dagbag.py:588} INFO - Filling up the DagBag from /opt/airflow/dags/weather_dag.py
[2026-08-16T09:38:24.024+0000] {processor.py:925} INFO - DAG(s) 'weather_ingestion' retrieved from /opt/airflow/dags/weather_dag.py
[2026-08-16T09:38:24.041+0000] {logging_mixin.py:190} INFO - [2026-08-16T09:38:24.041+0000] {dag.py:3239} INFO - Sync 1 DAGs
[2026-08-16T09:38:24.052+0000] {logging_mixin.py:190} INFO - [2026-08-16T09:38:24.052+0000] {dag.py:4180} INFO - Setting next_dagrun for weather_ingestion to 2026-08-16 09:00:00+00:00, run_after=2026-08-16 10:00:00+00:00
[2026-08-16T09:38:24.060+0000] {processor.py:208} INFO - Processing /opt/airflow/dags/weather_dag.py took 0.052 seconds
[2026-08-16T09:38:54.316+0000] {processor.py:186} INFO - Started process (PID=42562) to work on /opt/airflow/dags/weather_dag.py
[2026-08-16T09:38:54.318+0000] {processor.py:914} INFO - Processing file /opt/airflow/dags/weather_dag.py for tasks to queue
[2026-08-16T09:38:54.323+0000] {logging_mixin.py:190} INFO - [2026-08-16T09:38:54.322+0000] {dagbag.py:588} INFO - Filling up the DagBag from /opt/airflow/dags/weather_dag.py
[2026-08-16T09:38:54.339+0000] {processor.py:925} INFO - DAG(s) 'weather_ingestion' retrieved from /opt/airflow/dags/weather_dag.py
[2026-08-16T09:38:54.363+0000] {logging_mixin.py:190} INFO - [2026-08-16T09:38:54.363+0000] {dag.py:3239} INFO - Sync 1 DAGs
[2026-08-16T09:38:54.378+0000] {logging_mixin.py:190} INFO - [2026-08-16T09:38:54.378+0000] {dag.py:4180} INFO - Setting next_dagrun for weather_ingestion to 2026-08-16 09:00:00+00:00, run_after=2026-08-16 10:00:00+00:00
[2026-08-16T09:38:54.386+0000] {processor.py:208} INFO - Processing /opt/airflow/dags/weather_dag.py took 0.078 seconds
[2026-08-16T09:56:21.092+0000] {processor.py:186} INFO - Started process (PID=42567) to work on /opt/airflow/dags/weather_dag.py
[2026-08-16T09:56:21.097+0000] {processor.py:914} INFO - Processing file /opt/airflow/dags/weather_dag.py for tasks to queue
[2026-08-16T09:56:21.101+0000] {logging_mixin.py:190} INFO - [2026-08-16T09:56:21.101+0000] {dagbag.py:588} INFO - Filling up the DagBag from /opt/airflow/dags/weather_dag.py
[2026-08-16T09:56:21.119+0000] {processor.py:925} INFO - DAG(s) 'weather_ingestion' retrieved from /opt/airflow/dags/weather_dag.py
[2026-08-16T09:56:21.145+0000] {logging_mixin.py:190} INFO - [2026-08-16T09:56:21.145+0000] {dag.py:3239} INFO - Sync 1 DAGs
[2026-08-16T09:56:21.162+0000] {logging_mixin.py:190} INFO - [2026-08-16T09:56:21.162+0000] {dag.py:4180} INFO - Setting next_dagrun for weather_ingestion to 2026-08-16 09:00:00+00:00, run_after=2026-08-16 10:00:00+00:00
[2026-08-16T09:56:21.173+0000] {processor.py:208} INFO - Processing /opt/airflow/dags/weather_dag.py took 0.109 seconds
[2026-08-16T09:56:51.382+0000] {processor.py:186} INFO - Started process (PID=42572) to work on /opt/airflow/dags/weather_dag.py
[2026-08-16T09:56:51.384+0000] {processor.py:914} INFO - Processing file /opt/airflow/dags/weather_dag.py for tasks to queue
[2026-08-16T09:56:51.388+0000] {logging_mixin.py:190} INFO - [2026-08-16T09:56:51.387+0000] {dagbag.py:588} INFO - Filling up the DagBag from /opt/airflow/dags/weather_dag.py
[2026-08-16T09:56:51.405+0000] {processor.py:925} INFO - DAG(s) 'weather_ingestion' retrieved from /opt/airflow/dags/weather_dag.py
[2026-08-16T09:56:51.457+0000] {logging_mixin.py:190} INFO - [2026-08-16T09:56:51.457+0000] {dag.py:3239} INFO - Sync 1 DAGs
[2026-08-16T09:56:51.473+0000] {logging_mixin.py:190} INFO - [2026-08-16T09:56:51.473+0000] {dag.py:4180} INFO - Setting next_dagrun for weather_ingestion to 2026-08-16 09:00:00+00:00, run_after=2026-08-16 10:00:00+00:00
[2026-08-16T09:56:51.481+0000] {processor.py:208} INFO - Processing /opt/airflow/dags/weather_dag.py took 0.110 seconds
[2026-08-16T09:57:21.788+0000] {processor.py:186} INFO - Started process (PID=42577) to work on /opt/airflow/dags/weather_dag.py
[2026-08-16T09:57:21.790+0000] {processor.py:914} INFO - Processing file /opt/airflow/dags/weather_dag.py for tasks to queue
[2026-08-16T09:57:21.794+0000] {logging_mixin.py:190} INFO - [2026-08-16T09:57:21.793+0000] {dagbag.py:588} INFO - Filling up the DagBag from /opt/airflow/dags/weather_dag.py
[2026-08-16T09:57:21.809+0000] {processor.py:925} INFO - DAG(s) 'weather_ingestion' retrieved from /opt/airflow/dags/weather_dag.py
[2026-08-16T09:57:21.830+0000] {logging_mixin.py:190} INFO - [2026-08-16T09:57:21.830+0000] {dag.py:3239} INFO - Sync 1 DAGs
[2026-08-16T09:57:21.846+0000] {logging_mixin.py:190} INFO - [2026-08-16T09:57:21.846+0000] {dag.py:4180} INFO - Setting next_dagrun for weather_ingestion to 2026-08-16 09:00:00+00:00, run_after=2026-08-16 10:00:00+00:00
[2026-08-16T09:57:21.854+0000] {processor.py:208} INFO - Processing /opt/airflow/dags/weather_dag.py took 0.076 seconds
[2026-08-16T09:57:52.111+0000] {processor.py:186} INFO - Started process (PID=42582) to work on /opt/airflow/dags/weather_dag.py
[2026-08-16T09:57:52.112+0000] {processor.py:914} INFO - Processing file /opt/airflow/dags/weather_dag.py for tasks to queue
[2026-08-16T09:57:52.115+0000] {logging_mixin.py:190} INFO - [2026-08-16T09:57:52.115+0000] {dagbag.py:588} INFO - Filling up the DagBag from /opt/airflow/dags/weather_dag.py
[2026-08-16T09:57:52.126+0000] {processor.py:925} INFO - DAG(s) 'weather_ingestion' retrieved from /opt/airflow/dags/weather_dag.py
[2026-08-16T09:57:52.145+0000] {logging_mixin.py:190} INFO - [2026-08-16T09:57:52.144+0000] {dag.py:3239} INFO - Sync 1 DAGs
[2026-08-16T09:57:52.157+0000] {logging_mixin.py:190} INFO - [2026-08-16T09:57:52.157+0000] {dag.py:4180} INFO - Setting next_dagrun for weather_ingestion to 2026-08-16 09:00:00+00:00, run_after=2026-08-16 10:00:00+00:00
[2026-08-16T09:57:52.164+0000] {processor.py:208} INFO - Processing /opt/airflow/dags/weather_dag.py took 0.061 seconds
[2026-08-16T10:13:55.990+0000] {processor.py:186} INFO - Started process (PID=42591) to work on /opt/airflow/dags/weather_dag.py
[2026-08-16T10:13:55.993+0000] {processor.py:914} INFO - Processing file /opt/airflow/dags/weather_dag.py for tasks to queue
[2026-08-16T10:13:55.997+0000] {logging_mixin.py:190} INFO - [2026-08-16T10:13:55.997+0000] {dagbag.py:588} INFO - Filling up the DagBag from /opt/airflow/dags/weather_dag.py
[2026-08-16T10:13:56.011+0000] {processor.py:925} INFO - DAG(s) 'weather_ingestion' retrieved from /opt/airflow/dags/weather_dag.py
[2026-08-16T10:13:56.038+0000] {logging_mixin.py:190} INFO - [2026-08-16T10:13:56.038+0000] {dag.py:3239} INFO - Sync 1 DAGs
[2026-08-16T10:13:56.051+0000] {logging_mixin.py:190} INFO - [2026-08-16T10:13:56.051+0000] {dag.py:4180} INFO - Setting next_dagrun for weather_ingestion to 2026-08-16 10:00:00+00:00, run_after=2026-08-16 11:00:00+00:00
[2026-08-16T10:13:56.059+0000] {processor.py:208} INFO - Processing /opt/airflow/dags/weather_dag.py took 0.080 seconds
[2026-08-16T10:14:26.491+0000] {processor.py:186} INFO - Started process (PID=42597) to work on /opt/airflow/dags/weather_dag.py
[2026-08-16T10:14:26.493+0000] {processor.py:914} INFO - Processing file /opt/airflow/dags/weather_dag.py for tasks to queue
[2026-08-16T10:14:26.498+0000] {logging_mixin.py:190} INFO - [2026-08-16T10:14:26.497+0000] {dagbag.py:588} INFO - Filling up the DagBag from /opt/airflow/dags/weather_dag.py
[2026-08-16T10:14:26.516+0000] {processor.py:925} INFO - DAG(s) 'weather_ingestion' retrieved from /opt/airflow/dags/weather_dag.py
[2026-08-16T10:14:26.543+0000] {logging_mixin.py:190} INFO - [2026-08-16T10:14:26.542+0000] {dag.py:3239} INFO - Sync 1 DAGs
[2026-08-16T10:14:26.567+0000] {logging_mixin.py:190} INFO - [2026-08-16T10:14:26.567+0000] {dag.py:4180} INFO - Setting next_dagrun for weather_ingestion to 2026-08-16 10:00:00+00:00, run_after=2026-08-16 11:00:00+00:00
[2026-08-16T10:14:26.577+0000] {processor.py:208} INFO - Processing /opt/airflow/dags/weather_dag.py took 0.118 seconds
[2026-08-16T10:14:56.795+0000] {processor.py:186} INFO - Started process (PID=42602) to work on /opt/airflow/dags/weather_dag.py
[2026-08-16T10:14:56.797+0000] {processor.py:914} INFO - Processing file /opt/airflow/dags/weather_dag.py for tasks to queue
[2026-08-16T10:14:56.800+0000] {logging_mixin.py:190} INFO - [2026-08-16T10:14:56.799+0000] {dagbag.py:588} INFO - Filling up the DagBag from /opt/airflow/dags/weather_dag.py
[2026-08-16T10:14:56.813+0000] {processor.py:925} INFO - DAG(s) 'weather_ingestion' retrieved from /opt/airflow/dags/weather_dag.py
[2026-08-16T10:14:56.831+0000] {logging_mixin.py:190} INFO - [2026-08-16T10:14:56.831+0000] {dag.py:3239} INFO - Sync 1 DAGs
[2026-08-16T10:14:56.842+0000] {logging_mixin.py:190} INFO - [2026-08-16T10:14:56.842+0000] {dag.py:4180} INFO - Setting next_dagrun for weather_ingestion to 2026-08-16 10:00:00+00:00, run_after=2026-08-16 11:00:00+00:00
[2026-08-16T10:14:56.849+0000] {processor.py:208} INFO - Processing /opt/airflow/dags/weather_dag.py took 0.066 seconds
[2026-08-16T10:15:27.203+0000] {processor.py:186} INFO - Started process (PID=42607) to work on /opt/airflow/dags/weather_dag.py
[2026-08-16T10:15:27.205+0000] {processor.py:914} INFO - Processing file /opt/airflow/dags/weather_dag.py for tasks to queue
[2026-08-16T10:15:27.208+0000] {logging_mixin.py:190} INFO - [2026-08-16T10:15:27.208+0000] {dagbag.py:588} INFO - Filling up the DagBag from /opt/airflow/dags/weather_dag.py
[2026-08-16T10:15:27.225+0000] {processor.py:925} INFO - DAG(s) 'weather_ingestion' retrieved from /opt/airflow/dags/weather_dag.py
[2026-08-16T10:15:27.250+0000] {logging_mixin.py:190} INFO - [2026-08-16T10:15:27.250+0000] {dag.py:3239} INFO - Sync 1 DAGs
[2026-08-16T10:15:27.264+0000] {logging_mixin.py:190} INFO - [2026-08-16T10:15:27.264+0000] {dag.py:4180} INFO - Setting next_dagrun for weather_ingestion to 2026-08-16 10:00:00+00:00, run_after=2026-08-16 11:00:00+00:00
[2026-08-16T10:15:27.272+0000] {processor.py:208} INFO - Processing /opt/airflow/dags/weather_dag.py took 0.085 seconds
[2026-08-16T10:25:38.576+0000] {processor.py:186} INFO - Started process (PID=42616) to work on /opt/airflow/dags/weather_dag.py
[2026-08-16T10:25:38.577+0000] {processor.py:914} INFO - Processing file /opt/airflow/dags/weather_dag.py for tasks to queue
[2026-08-16T10:25:38.579+0000] {logging_mixin.py:190} INFO - [2026-08-16T10:25:38.578+0000] {dagbag.py:588} INFO - Filling up the DagBag from /opt/airflow/dags/weather_dag.py
[2026-08-16T10:25:38.587+0000] {processor.py:925} INFO - DAG(s) 'weather_ingestion' retrieved from /opt/airflow/dags/weather_dag.py
[2026-08-16T10:25:38.615+0000] {logging_mixin.py:190} INFO - [2026-08-16T10:25:38.615+0000] {dag.py:3239} INFO - Sync 1 DAGs
[2026-08-16T10:25:38.627+0000] {logging_mixin.py:190} INFO - [2026-08-16T10:25:38.627+0000] {dag.py:4180} INFO - Setting next_dagrun for weather_ingestion to 2026-08-16 10:00:00+00:00, run_after=2026-08-16 11:00:00+00:00
[2026-08-16T10:25:38.635+0000] {processor.py:208} INFO - Processing /opt/airflow/dags/weather_dag.py took 0.063 seconds
[2026-08-16T10:26:08.946+0000] {processor.py:186} INFO - Started process (PID=42622) to work on /opt/airflow/dags/weather_dag.py
[2026-08-16T10:26:08.948+0000] {processor.py:914} INFO - Processing file /opt/airflow/dags/weather_dag.py for tasks to queue
[2026-08-16T10:26:08.955+0000] {logging_mixin.py:190} INFO - [2026-08-16T10:26:08.954+0000] {dagbag.py:588} INFO - Filling up the DagBag from /opt/airflow/dags/weather_dag.py
[2026-08-16T10:26:08.980+0000] {processor.py:925} INFO - DAG(s) 'weather_ingestion' retrieved from /opt/airflow/dags/weather_dag.py
[2026-08-16T10:26:09.006+0000] {logging_mixin.py:190} INFO - [2026-08-16T10:26:09.006+0000] {dag.py:3239} INFO - Sync 1 DAGs
[2026-08-16T10:26:09.020+0000] {logging_mixin.py:190} INFO - [2026-08-16T10:26:09.020+0000] {dag.py:4180} INFO - Setting next_dagrun for weather_ingestion to 2026-08-16 10:00:00+00:00, run_after=2026-08-16 11:00:00+00:00
[2026-08-16T10:26:09.028+0000] {processor.py:208} INFO - Processing /opt/airflow/dags/weather_dag.py took 0.099 seconds
[2026-08-16T10:26:39.310+0000] {processor.py:186} INFO - Started process (PID=42627) to work on /opt/airflow/dags/weather_dag.py
[2026-08-16T10:26:39.312+0000] {processor.py:914} INFO - Processing file /opt/airflow/dags/weather_dag.py for tasks to queue
[2026-08-16T10:26:39.314+0000] {logging_mixin.py:190} INFO - [2026-08-16T10:26:39.314+0000] {dagbag.py:588} INFO - Filling up the DagBag from /opt/airflow/dags/weather_dag.py
[2026-08-16T10:26:39.327+0000] {processor.py:925} INFO - DAG(s) 'weather_ingestion' retrieved from /opt/airflow/dags/weather_dag.py
[2026-08-16T10:26:39.347+0000] {logging_mixin.py:190} INFO - [2026-08-16T10:26:39.347+0000] {dag.py:3239} INFO - Sync 1 DAGs
[2026-08-16T10:26:39.361+0000] {logging_mixin.py:190} INFO - [2026-08-16T10:26:39.361+0000] {dag.py:4180} INFO - Setting next_dagrun for weather_ingestion to 2026-08-16 10:00:00+00:00, run_after=2026-08-16 11:00:00+00:00
[2026-08-16T10:26:39.398+0000] {processor.py:208} INFO - Processing /opt/airflow/dags/weather_dag.py took 0.099 seconds
[2026-08-16T10:27:09.636+0000] {processor.py:186} INFO - Started process (PID=42632) to work on /opt/airflow/dags/weather_dag.py
[2026-08-16T10:27:09.638+0000] {processor.py:914} INFO - Processing file /opt/airflow/dags/weather_dag.py for tasks to queue
[2026-08-16T10:27:09.642+0000] {logging_mixin.py:190} INFO - [2026-08-16T10:27:09.641+0000] {dagbag.py:588} INFO - Filling up the DagBag from /opt/airflow/dags/weather_dag.py
[2026-08-16T10:27:09.656+0000] {processor.py:925} INFO - DAG(s) 'weather_ingestion' retrieved from /opt/airflow/dags/weather_dag.py
[2026-08-16T10:27:09.683+0000] {logging_mixin.py:190} INFO - [2026-08-16T10:27:09.683+0000] {dag.py:3239} INFO - Sync 1 DAGs
[2026-08-16T10:27:09.710+0000] {logging_mixin.py:190} INFO - [2026-08-16T10:27:09.710+0000] {dag.py:4180} INFO - Setting next_dagrun for weather_ingestion to 2026-08-16 10:00:00+00:00, run_after=2026-08-16 11:00:00+00:00
[2026-08-16T10:27:09.719+0000] {processor.py:208} INFO - Processing /opt/airflow/dags/weather_dag.py took 0.093 seconds
[2026-08-16T10:27:39.985+0000] {processor.py:186} INFO - Started process (PID=42637) to work on /opt/airflow/dags/weather_dag.py
[2026-08-16T10:27:39.987+0000] {processor.py:914} INFO - Processing file /opt/airflow/dags/weather_dag.py for tasks to queue
[2026-08-16T10:27:39.989+0000] {logging_mixin.py:190} INFO - [2026-08-16T10:27:39.989+0000] {dagbag.py:588} INFO - Filling up the DagBag from /opt/airflow/dags/weather_dag.py
[2026-08-16T10:27:39.996+0000] {processor.py:925} INFO - DAG(s) 'weather_ingestion' retrieved from /opt/airflow/dags/weather_dag.py
[2026-08-16T10:27:40.012+0000] {logging_mixin.py:190} INFO - [2026-08-16T10:27:40.012+0000] {dag.py:3239} INFO - Sync 1 DAGs
[2026-08-16T10:27:40.023+0000] {logging_mixin.py:190} INFO - [2026-08-16T10:27:40.023+0000] {dag.py:4180} INFO - Setting next_dagrun for weather_ingestion to 2026-08-16 10:00:00+00:00, run_after=2026-08-16 11:00:00+00:00
[2026-08-16T10:27:40.030+0000] {processor.py:208} INFO - Processing /opt/airflow/dags/weather_dag.py took 0.051 seconds
[2026-08-16T10:44:09.297+0000] {processor.py:186} INFO - Started process (PID=42888) to work on /opt/airflow/dags/weather_dag.py
[2026-08-16T10:44:09.298+0000] {processor.py:914} INFO - Processing file /opt/airflow/dags/weather_dag.py for tasks to queue
[2026-08-16T10:44:09.304+0000] {logging_mixin.py:190} INFO - [2026-08-16T10:44:09.303+0000] {dagbag.py:588} INFO - Filling up the DagBag from /opt/airflow/dags/weather_dag.py
[2026-08-16T10:44:09.322+0000] {processor.py:925} INFO - DAG(s) 'weather_ingestion' retrieved from /opt/airflow/dags/weather_dag.py
[2026-08-16T10:44:09.361+0000] {logging_mixin.py:190} INFO - [2026-08-16T10:44:09.361+0000] {dag.py:3239} INFO - Sync 1 DAGs
[2026-08-16T10:44:09.380+0000] {logging_mixin.py:190} INFO - [2026-08-16T10:44:09.379+0000] {dag.py:4180} INFO - Setting next_dagrun for weather_ingestion to 2026-08-16 10:00:00+00:00, run_after=2026-08-16 11:00:00+00:00
[2026-08-16T10:44:09.389+0000] {processor.py:208} INFO - Processing /opt/airflow/dags/weather_dag.py took 0.101 seconds
[2026-08-16T10:44:09.603+0000] {processor.py:186} INFO - Started process (PID=42893) to work on /opt/airflow/dags/weather_dag.py
[2026-08-16T10:44:09.604+0000] {processor.py:914} INFO - Processing file /opt/airflow/dags/weather_dag.py for tasks to queue
[2026-08-16T10:44:09.605+0000] {logging_mixin.py:190} INFO - [2026-08-16T10:44:09.605+0000] {dagbag.py:588} INFO - Filling up the DagBag from /opt/airflow/dags/weather_dag.py
[2026-08-16T10:44:09.614+0000] {processor.py:925} INFO - DAG(s) 'weather_ingestion' retrieved from /opt/airflow/dags/weather_dag.py
[2026-08-16T10:44:09.630+0000] {logging_mixin.py:190} INFO - [2026-08-16T10:44:09.630+0000] {taskinstance.py:3313} ERROR - {'DAG Id': 'weather_ingestion', 'Task Id': 'transform_weather', 'Run Id': 'scheduled__2026-08-16T09:00:00+00:00', 'Hostname': 'e3cd9dc09b95'}
[2026-08-16T10:44:09.648+0000] {logging_mixin.py:190} INFO - [2026-08-16T10:44:09.647+0000] {taskinstance.py:1225} INFO - Marking task as UP_FOR_RETRY. dag_id=weather_ingestion, task_id=transform_weather, run_id=scheduled__2026-08-16T09:00:00+00:00, execution_date=20260816T090000, start_date=20260816T102754, end_date=20260816T104409
[2026-08-16T10:44:09.655+0000] {logging_mixin.py:190} INFO - [2026-08-16T10:44:09.655+0000] {processor.py:876} INFO - Executed callback for <TaskInstance: weather_ingestion.transform_weather scheduled__2026-08-16T09:00:00+00:00 [up_for_retry]> in state up_for_retry
[2026-08-16T10:44:09.663+0000] {logging_mixin.py:190} INFO - [2026-08-16T10:44:09.663+0000] {dag.py:3239} INFO - Sync 1 DAGs
[2026-08-16T10:44:09.672+0000] {logging_mixin.py:190} INFO - [2026-08-16T10:44:09.672+0000] {dag.py:4180} INFO - Setting next_dagrun for weather_ingestion to 2026-08-16 10:00:00+00:00, run_after=2026-08-16 11:00:00+00:00
[2026-08-16T10:44:09.678+0000] {processor.py:208} INFO - Processing /opt/airflow/dags/weather_dag.py took 0.083 seconds
[2026-08-16T10:44:39.955+0000] {processor.py:186} INFO - Started process (PID=42941) to work on /opt/airflow/dags/weather_dag.py
[2026-08-16T10:44:39.958+0000] {processor.py:914} INFO - Processing file /opt/airflow/dags/weather_dag.py for tasks to queue
[2026-08-16T10:44:39.964+0000] {logging_mixin.py:190} INFO - [2026-08-16T10:44:39.963+0000] {dagbag.py:588} INFO - Filling up the DagBag from /opt/airflow/dags/weather_dag.py
[2026-08-16T10:44:39.987+0000] {processor.py:925} INFO - DAG(s) 'weather_ingestion' retrieved from /opt/airflow/dags/weather_dag.py
[2026-08-16T10:44:40.037+0000] {logging_mixin.py:190} INFO - [2026-08-16T10:44:40.037+0000] {dag.py:3239} INFO - Sync 1 DAGs
[2026-08-16T10:44:40.057+0000] {logging_mixin.py:190} INFO - [2026-08-16T10:44:40.057+0000] {dag.py:4180} INFO - Setting next_dagrun for weather_ingestion to 2026-08-16 10:00:00+00:00, run_after=2026-08-16 11:00:00+00:00
[2026-08-16T10:44:40.068+0000] {processor.py:208} INFO - Processing /opt/airflow/dags/weather_dag.py took 0.127 seconds
[2026-08-16T10:45:10.308+0000] {processor.py:186} INFO - Started process (PID=42946) to work on /opt/airflow/dags/weather_dag.py
[2026-08-16T10:45:10.311+0000] {processor.py:914} INFO - Processing file /opt/airflow/dags/weather_dag.py for tasks to queue
[2026-08-16T10:45:10.315+0000] {logging_mixin.py:190} INFO - [2026-08-16T10:45:10.314+0000] {dagbag.py:588} INFO - Filling up the DagBag from /opt/airflow/dags/weather_dag.py
[2026-08-16T10:45:10.332+0000] {processor.py:925} INFO - DAG(s) 'weather_ingestion' retrieved from /opt/airflow/dags/weather_dag.py
[2026-08-16T10:45:10.357+0000] {logging_mixin.py:190} INFO - [2026-08-16T10:45:10.357+0000] {dag.py:3239} INFO - Sync 1 DAGs
[2026-08-16T10:45:10.371+0000] {logging_mixin.py:190} INFO - [2026-08-16T10:45:10.371+0000] {dag.py:4180} INFO - Setting next_dagrun for weather_ingestion to 2026-08-16 10:00:00+00:00, run_after=2026-08-16 11:00:00+00:00
[2026-08-16T10:45:10.380+0000] {processor.py:208} INFO - Processing /opt/airflow/dags/weather_dag.py took 0.086 seconds
[2026-08-16T10:45:40.642+0000] {processor.py:186} INFO - Started process (PID=42951) to work on /opt/airflow/dags/weather_dag.py
[2026-08-16T10:45:40.644+0000] {processor.py:914} INFO - Processing file /opt/airflow/dags/weather_dag.py for tasks to queue
[2026-08-16T10:45:40.646+0000] {logging_mixin.py:190} INFO - [2026-08-16T10:45:40.646+0000] {dagbag.py:588} INFO - Filling up the DagBag from /opt/airflow/dags/weather_dag.py
[2026-08-16T10:45:40.656+0000] {processor.py:925} INFO - DAG(s) 'weather_ingestion' retrieved from /opt/airflow/dags/weather_dag.py
[2026-08-16T10:45:40.678+0000] {logging_mixin.py:190} INFO - [2026-08-16T10:45:40.678+0000] {dag.py:3239} INFO - Sync 1 DAGs
[2026-08-16T10:45:40.688+0000] {logging_mixin.py:190} INFO - [2026-08-16T10:45:40.688+0000] {dag.py:4180} INFO - Setting next_dagrun for weather_ingestion to 2026-08-16 10:00:00+00:00, run_after=2026-08-16 11:00:00+00:00
[2026-08-16T10:45:40.695+0000] {processor.py:208} INFO - Processing /opt/airflow/dags/weather_dag.py took 0.060 seconds
[2026-08-16T10:46:10.995+0000] {processor.py:186} INFO - Started process (PID=42956) to work on /opt/airflow/dags/weather_dag.py
[2026-08-16T10:46:10.996+0000] {processor.py:914} INFO - Processing file /opt/airflow/dags/weather_dag.py for tasks to queue
[2026-08-16T10:46:10.997+0000] {logging_mixin.py:190} INFO - [2026-08-16T10:46:10.997+0000] {dagbag.py:588} INFO - Filling up the DagBag from /opt/airflow/dags/weather_dag.py
[2026-08-16T10:46:11.005+0000] {processor.py:925} INFO - DAG(s) 'weather_ingestion' retrieved from /opt/airflow/dags/weather_dag.py
[2026-08-16T10:46:12.485+0000] {logging_mixin.py:190} INFO - [2026-08-16T10:46:12.485+0000] {dag.py:3239} INFO - Sync 1 DAGs
[2026-08-16T10:46:12.539+0000] {logging_mixin.py:190} INFO - [2026-08-16T10:46:12.538+0000] {dag.py:4180} INFO - Setting next_dagrun for weather_ingestion to 2026-08-16 10:00:00+00:00, run_after=2026-08-16 11:00:00+00:00
[2026-08-16T10:46:12.614+0000] {processor.py:208} INFO - Processing /opt/airflow/dags/weather_dag.py took 1.623 seconds
[2026-08-16T11:02:54.803+0000] {processor.py:186} INFO - Started process (PID=43203) to work on /opt/airflow/dags/weather_dag.py
[2026-08-16T11:02:54.804+0000] {processor.py:914} INFO - Processing file /opt/airflow/dags/weather_dag.py for tasks to queue
[2026-08-16T11:02:54.807+0000] {logging_mixin.py:190} INFO - [2026-08-16T11:02:54.807+0000] {dagbag.py:588} INFO - Filling up the DagBag from /opt/airflow/dags/weather_dag.py
[2026-08-16T11:02:54.819+0000] {processor.py:925} INFO - DAG(s) 'weather_ingestion' retrieved from /opt/airflow/dags/weather_dag.py
[2026-08-16T11:02:54.838+0000] {logging_mixin.py:190} INFO - [2026-08-16T11:02:54.838+0000] {dag.py:3239} INFO - Sync 1 DAGs
[2026-08-16T11:02:54.861+0000] {logging_mixin.py:190} INFO - [2026-08-16T11:02:54.861+0000] {dag.py:4180} INFO - Setting next_dagrun for weather_ingestion to 2026-08-16 11:00:00+00:00, run_after=2026-08-16 12:00:00+00:00
[2026-08-16T11:02:54.869+0000] {processor.py:208} INFO - Processing /opt/airflow/dags/weather_dag.py took 0.073 seconds
[2026-08-16T11:02:56.332+0000] {processor.py:186} INFO - Started process (PID=43213) to work on /opt/airflow/dags/weather_dag.py
[2026-08-16T11:02:56.334+0000] {processor.py:914} INFO - Processing file /opt/airflow/dags/weather_dag.py for tasks to queue
[2026-08-16T11:02:56.338+0000] {logging_mixin.py:190} INFO - [2026-08-16T11:02:56.338+0000] {dagbag.py:588} INFO - Filling up the DagBag from /opt/airflow/dags/weather_dag.py
[2026-08-16T11:02:56.353+0000] {processor.py:925} INFO - DAG(s) 'weather_ingestion' retrieved from /opt/airflow/dags/weather_dag.py
[2026-08-16T11:02:56.368+0000] {logging_mixin.py:190} INFO - [2026-08-16T11:02:56.368+0000] {taskinstance.py:3313} ERROR - {'DAG Id': 'weather_ingestion', 'Task Id': 'transform_weather', 'Run Id': 'scheduled__2026-08-16T09:00:00+00:00', 'Hostname': 'e3cd9dc09b95'}
[2026-08-16T11:02:56.385+0000] {logging_mixin.py:190} INFO - [2026-08-16T11:02:56.385+0000] {taskinstance.py:1225} INFO - Marking task as UP_FOR_RETRY. dag_id=weather_ingestion, task_id=transform_weather, run_id=scheduled__2026-08-16T09:00:00+00:00, execution_date=20260816T090000, start_date=20260816T104618, end_date=20260816T110256
[2026-08-16T11:02:56.393+0000] {logging_mixin.py:190} INFO - [2026-08-16T11:02:56.393+0000] {processor.py:876} INFO - Executed callback for <TaskInstance: weather_ingestion.transform_weather scheduled__2026-08-16T09:00:00+00:00 [up_for_retry]> in state up_for_retry
[2026-08-16T11:02:56.401+0000] {logging_mixin.py:190} INFO - [2026-08-16T11:02:56.401+0000] {dag.py:3239} INFO - Sync 1 DAGs
[2026-08-16T11:02:56.409+0000] {logging_mixin.py:190} INFO - [2026-08-16T11:02:56.409+0000] {dag.py:4180} INFO - Setting next_dagrun for weather_ingestion to 2026-08-16 11:00:00+00:00, run_after=2026-08-16 12:00:00+00:00
[2026-08-16T11:02:56.415+0000] {processor.py:208} INFO - Processing /opt/airflow/dags/weather_dag.py took 0.093 seconds
[2026-08-16T11:03:26.567+0000] {processor.py:186} INFO - Started process (PID=43631) to work on /opt/airflow/dags/weather_dag.py
[2026-08-16T11:03:26.568+0000] {processor.py:914} INFO - Processing file /opt/airflow/dags/weather_dag.py for tasks to queue
[2026-08-16T11:03:26.572+0000] {logging_mixin.py:190} INFO - [2026-08-16T11:03:26.572+0000] {dagbag.py:588} INFO - Filling up the DagBag from /opt/airflow/dags/weather_dag.py
[2026-08-16T11:03:26.586+0000] {processor.py:925} INFO - DAG(s) 'weather_ingestion' retrieved from /opt/airflow/dags/weather_dag.py
[2026-08-16T11:03:26.610+0000] {logging_mixin.py:190} INFO - [2026-08-16T11:03:26.610+0000] {dag.py:3239} INFO - Sync 1 DAGs
[2026-08-16T11:03:26.625+0000] {logging_mixin.py:190} INFO - [2026-08-16T11:03:26.625+0000] {dag.py:4180} INFO - Setting next_dagrun for weather_ingestion to 2026-08-16 11:00:00+00:00, run_after=2026-08-16 12:00:00+00:00
[2026-08-16T11:03:26.634+0000] {processor.py:208} INFO - Processing /opt/airflow/dags/weather_dag.py took 0.074 seconds
[2026-08-16T11:03:56.857+0000] {processor.py:186} INFO - Started process (PID=43636) to work on /opt/airflow/dags/weather_dag.py
[2026-08-16T11:03:56.858+0000] {processor.py:914} INFO - Processing file /opt/airflow/dags/weather_dag.py for tasks to queue
[2026-08-16T11:03:56.861+0000] {logging_mixin.py:190} INFO - [2026-08-16T11:03:56.861+0000] {dagbag.py:588} INFO - Filling up the DagBag from /opt/airflow/dags/weather_dag.py
[2026-08-16T11:03:56.873+0000] {processor.py:925} INFO - DAG(s) 'weather_ingestion' retrieved from /opt/airflow/dags/weather_dag.py
[2026-08-16T11:03:56.895+0000] {logging_mixin.py:190} INFO - [2026-08-16T11:03:56.895+0000] {dag.py:3239} INFO - Sync 1 DAGs
[2026-08-16T11:03:56.907+0000] {logging_mixin.py:190} INFO - [2026-08-16T11:03:56.907+0000] {dag.py:4180} INFO - Setting next_dagrun for weather_ingestion to 2026-08-16 11:00:00+00:00, run_after=2026-08-16 12:00:00+00:00
[2026-08-16T11:03:56.917+0000] {processor.py:208} INFO - Processing /opt/airflow/dags/weather_dag.py took 0.067 seconds
[2026-08-16T11:04:27.187+0000] {processor.py:186} INFO - Started process (PID=43641) to work on /opt/airflow/dags/weather_dag.py
[2026-08-16T11:04:27.189+0000] {processor.py:914} INFO - Processing file /opt/airflow/dags/weather_dag.py for tasks to queue
[2026-08-16T11:04:27.193+0000] {logging_mixin.py:190} INFO - [2026-08-16T11:04:27.193+0000] {dagbag.py:588} INFO - Filling up the DagBag from /opt/airflow/dags/weather_dag.py
[2026-08-16T11:04:27.205+0000] {processor.py:925} INFO - DAG(s) 'weather_ingestion' retrieved from /opt/airflow/dags/weather_dag.py
[2026-08-16T11:04:27.225+0000] {logging_mixin.py:190} INFO - [2026-08-16T11:04:27.225+0000] {dag.py:3239} INFO - Sync 1 DAGs
[2026-08-16T11:04:27.238+0000] {logging_mixin.py:190} INFO - [2026-08-16T11:04:27.238+0000] {dag.py:4180} INFO - Setting next_dagrun for weather_ingestion to 2026-08-16 11:00:00+00:00, run_after=2026-08-16 12:00:00+00:00
[2026-08-16T11:04:27.247+0000] {processor.py:208} INFO - Processing /opt/airflow/dags/weather_dag.py took 0.072 seconds
[2026-08-16T11:04:57.567+0000] {processor.py:186} INFO - Started process (PID=43646) to work on /opt/airflow/dags/weather_dag.py
[2026-08-16T11:04:57.569+0000] {processor.py:914} INFO - Processing file /opt/airflow/dags/weather_dag.py for tasks to queue
[2026-08-16T11:04:57.575+0000] {logging_mixin.py:190} INFO - [2026-08-16T11:04:57.574+0000] {dagbag.py:588} INFO - Filling up the DagBag from /opt/airflow/dags/weather_dag.py
[2026-08-16T11:04:57.595+0000] {processor.py:925} INFO - DAG(s) 'weather_ingestion' retrieved from /opt/airflow/dags/weather_dag.py
[2026-08-16T11:04:57.620+0000] {logging_mixin.py:190} INFO - [2026-08-16T11:04:57.620+0000] {dag.py:3239} INFO - Sync 1 DAGs
[2026-08-16T11:04:57.634+0000] {logging_mixin.py:190} INFO - [2026-08-16T11:04:57.634+0000] {dag.py:4180} INFO - Setting next_dagrun for weather_ingestion to 2026-08-16 11:00:00+00:00, run_after=2026-08-16 12:00:00+00:00
[2026-08-16T11:04:57.643+0000] {processor.py:208} INFO - Processing /opt/airflow/dags/weather_dag.py took 0.091 seconds
[2026-08-16T11:21:01.012+0000] {processor.py:186} INFO - Started process (PID=44021) to work on /opt/airflow/dags/weather_dag.py
[2026-08-16T11:21:01.014+0000] {processor.py:914} INFO - Processing file /opt/airflow/dags/weather_dag.py for tasks to queue
[2026-08-16T11:21:01.020+0000] {logging_mixin.py:190} INFO - [2026-08-16T11:21:01.020+0000] {dagbag.py:588} INFO - Filling up the DagBag from /opt/airflow/dags/weather_dag.py
[2026-08-16T11:21:01.067+0000] {processor.py:925} INFO - DAG(s) 'weather_ingestion' retrieved from /opt/airflow/dags/weather_dag.py
[2026-08-16T11:21:01.145+0000] {logging_mixin.py:190} INFO - [2026-08-16T11:21:01.144+0000] {dag.py:3239} INFO - Sync 1 DAGs
[2026-08-16T11:21:01.187+0000] {logging_mixin.py:190} INFO - [2026-08-16T11:21:01.186+0000] {dag.py:4180} INFO - Setting next_dagrun for weather_ingestion to 2026-08-16 11:00:00+00:00, run_after=2026-08-16 12:00:00+00:00
[2026-08-16T11:21:01.218+0000] {processor.py:208} INFO - Processing /opt/airflow/dags/weather_dag.py took 0.219 seconds
[2026-08-16T11:21:31.498+0000] {processor.py:186} INFO - Started process (PID=44026) to work on /opt/airflow/dags/weather_dag.py
[2026-08-16T11:21:31.499+0000] {processor.py:914} INFO - Processing file /opt/airflow/dags/weather_dag.py for tasks to queue
[2026-08-16T11:21:31.503+0000] {logging_mixin.py:190} INFO - [2026-08-16T11:21:31.503+0000] {dagbag.py:588} INFO - Filling up the DagBag from /opt/airflow/dags/weather_dag.py
[2026-08-16T11:21:31.523+0000] {processor.py:925} INFO - DAG(s) 'weather_ingestion' retrieved from /opt/airflow/dags/weather_dag.py
[2026-08-16T11:21:31.553+0000] {logging_mixin.py:190} INFO - [2026-08-16T11:21:31.553+0000] {dag.py:3239} INFO - Sync 1 DAGs
[2026-08-16T11:21:31.578+0000] {logging_mixin.py:190} INFO - [2026-08-16T11:21:31.578+0000] {dag.py:4180} INFO - Setting next_dagrun for weather_ingestion to 2026-08-16 11:00:00+00:00, run_after=2026-08-16 12:00:00+00:00
[2026-08-16T11:21:31.607+0000] {processor.py:208} INFO - Processing /opt/airflow/dags/weather_dag.py took 0.120 seconds
[2026-08-16T11:22:01.922+0000] {processor.py:186} INFO - Started process (PID=44031) to work on /opt/airflow/dags/weather_dag.py
[2026-08-16T11:22:01.924+0000] {processor.py:914} INFO - Processing file /opt/airflow/dags/weather_dag.py for tasks to queue
[2026-08-16T11:22:01.928+0000] {logging_mixin.py:190} INFO - [2026-08-16T11:22:01.927+0000] {dagbag.py:588} INFO - Filling up the DagBag from /opt/airflow/dags/weather_dag.py
[2026-08-16T11:22:01.946+0000] {processor.py:925} INFO - DAG(s) 'weather_ingestion' retrieved from /opt/airflow/dags/weather_dag.py
[2026-08-16T11:22:01.972+0000] {logging_mixin.py:190} INFO - [2026-08-16T11:22:01.972+0000] {dag.py:3239} INFO - Sync 1 DAGs
[2026-08-16T11:22:01.989+0000] {logging_mixin.py:190} INFO - [2026-08-16T11:22:01.989+0000] {dag.py:4180} INFO - Setting next_dagrun for weather_ingestion to 2026-08-16 11:00:00+00:00, run_after=2026-08-16 12:00:00+00:00
[2026-08-16T11:22:01.998+0000] {processor.py:208} INFO - Processing /opt/airflow/dags/weather_dag.py took 0.109 seconds
[2026-08-16T11:22:32.231+0000] {processor.py:186} INFO - Started process (PID=44036) to work on /opt/airflow/dags/weather_dag.py
[2026-08-16T11:22:32.233+0000] {processor.py:914} INFO - Processing file /opt/airflow/dags/weather_dag.py for tasks to queue
[2026-08-16T11:22:32.235+0000] {logging_mixin.py:190} INFO - [2026-08-16T11:22:32.235+0000] {dagbag.py:588} INFO - Filling up the DagBag from /opt/airflow/dags/weather_dag.py
[2026-08-16T11:22:32.245+0000] {processor.py:925} INFO - DAG(s) 'weather_ingestion' retrieved from /opt/airflow/dags/weather_dag.py
[2026-08-16T11:22:32.261+0000] {logging_mixin.py:190} INFO - [2026-08-16T11:22:32.260+0000] {dag.py:3239} INFO - Sync 1 DAGs
[2026-08-16T11:22:32.271+0000] {logging_mixin.py:190} INFO - [2026-08-16T11:22:32.271+0000] {dag.py:4180} INFO - Setting next_dagrun for weather_ingestion to 2026-08-16 11:00:00+00:00, run_after=2026-08-16 12:00:00+00:00
[2026-08-16T11:22:32.278+0000] {processor.py:208} INFO - Processing /opt/airflow/dags/weather_dag.py took 0.061 seconds
[2026-08-16T11:23:02.538+0000] {processor.py:186} INFO - Started process (PID=44041) to work on /opt/airflow/dags/weather_dag.py
[2026-08-16T11:23:02.539+0000] {processor.py:914} INFO - Processing file /opt/airflow/dags/weather_dag.py for tasks to queue
[2026-08-16T11:23:02.542+0000] {logging_mixin.py:190} INFO - [2026-08-16T11:23:02.541+0000] {dagbag.py:588} INFO - Filling up the DagBag from /opt/airflow/dags/weather_dag.py
[2026-08-16T11:23:02.553+0000] {processor.py:925} INFO - DAG(s) 'weather_ingestion' retrieved from /opt/airflow/dags/weather_dag.py
[2026-08-16T11:23:02.572+0000] {logging_mixin.py:190} INFO - [2026-08-16T11:23:02.572+0000] {dag.py:3239} INFO - Sync 1 DAGs
[2026-08-16T11:23:02.583+0000] {logging_mixin.py:190} INFO - [2026-08-16T11:23:02.583+0000] {dag.py:4180} INFO - Setting next_dagrun for weather_ingestion to 2026-08-16 11:00:00+00:00, run_after=2026-08-16 12:00:00+00:00
[2026-08-16T11:23:02.590+0000] {processor.py:208} INFO - Processing /opt/airflow/dags/weather_dag.py took 0.059 seconds
[2026-08-16T11:40:25.607+0000] {processor.py:186} INFO - Started process (PID=44046) to work on /opt/airflow/dags/weather_dag.py
[2026-08-16T11:40:25.609+0000] {processor.py:914} INFO - Processing file /opt/airflow/dags/weather_dag.py for tasks to queue
[2026-08-16T11:40:25.614+0000] {logging_mixin.py:190} INFO - [2026-08-16T11:40:25.614+0000] {dagbag.py:588} INFO - Filling up the DagBag from /opt/airflow/dags/weather_dag.py
[2026-08-16T11:40:25.642+0000] {processor.py:925} INFO - DAG(s) 'weather_ingestion' retrieved from /opt/airflow/dags/weather_dag.py
[2026-08-16T11:40:25.669+0000] {logging_mixin.py:190} INFO - [2026-08-16T11:40:25.669+0000] {dag.py:3239} INFO - Sync 1 DAGs
[2026-08-16T11:40:25.686+0000] {logging_mixin.py:190} INFO - [2026-08-16T11:40:25.686+0000] {dag.py:4180} INFO - Setting next_dagrun for weather_ingestion to 2026-08-16 11:00:00+00:00, run_after=2026-08-16 12:00:00+00:00
[2026-08-16T11:40:25.701+0000] {processor.py:208} INFO - Processing /opt/airflow/dags/weather_dag.py took 0.107 seconds
[2026-08-16T11:40:55.909+0000] {processor.py:186} INFO - Started process (PID=44051) to work on /opt/airflow/dags/weather_dag.py
[2026-08-16T11:40:55.914+0000] {processor.py:914} INFO - Processing file /opt/airflow/dags/weather_dag.py for tasks to queue
[2026-08-16T11:40:55.936+0000] {logging_mixin.py:190} INFO - [2026-08-16T11:40:55.935+0000] {dagbag.py:588} INFO - Filling up the DagBag from /opt/airflow/dags/weather_dag.py
[2026-08-16T11:40:55.958+0000] {processor.py:925} INFO - DAG(s) 'weather_ingestion' retrieved from /opt/airflow/dags/weather_dag.py
[2026-08-16T11:40:56.006+0000] {logging_mixin.py:190} INFO - [2026-08-16T11:40:56.006+0000] {dag.py:3239} INFO - Sync 1 DAGs
[2026-08-16T11:40:56.029+0000] {logging_mixin.py:190} INFO - [2026-08-16T11:40:56.029+0000] {dag.py:4180} INFO - Setting next_dagrun for weather_ingestion to 2026-08-16 11:00:00+00:00, run_after=2026-08-16 12:00:00+00:00
[2026-08-16T11:40:56.039+0000] {processor.py:208} INFO - Processing /opt/airflow/dags/weather_dag.py took 0.145 seconds
[2026-08-16T11:41:26.360+0000] {processor.py:186} INFO - Started process (PID=44056) to work on /opt/airflow/dags/weather_dag.py
[2026-08-16T11:41:26.362+0000] {processor.py:914} INFO - Processing file /opt/airflow/dags/weather_dag.py for tasks to queue
[2026-08-16T11:41:26.364+0000] {logging_mixin.py:190} INFO - [2026-08-16T11:41:26.364+0000] {dagbag.py:588} INFO - Filling up the DagBag from /opt/airflow/dags/weather_dag.py
[2026-08-16T11:41:26.374+0000] {processor.py:925} INFO - DAG(s) 'weather_ingestion' retrieved from /opt/airflow/dags/weather_dag.py
[2026-08-16T11:41:26.390+0000] {logging_mixin.py:190} INFO - [2026-08-16T11:41:26.390+0000] {dag.py:3239} INFO - Sync 1 DAGs
[2026-08-16T11:41:26.401+0000] {logging_mixin.py:190} INFO - [2026-08-16T11:41:26.401+0000] {dag.py:4180} INFO - Setting next_dagrun for weather_ingestion to 2026-08-16 11:00:00+00:00, run_after=2026-08-16 12:00:00+00:00
[2026-08-16T11:41:26.408+0000] {processor.py:208} INFO - Processing /opt/airflow/dags/weather_dag.py took 0.059 seconds
[2026-08-16T11:41:56.710+0000] {processor.py:186} INFO - Started process (PID=44061) to work on /opt/airflow/dags/weather_dag.py
[2026-08-16T11:41:56.711+0000] {processor.py:914} INFO - Processing file /opt/airflow/dags/weather_dag.py for tasks to queue
[2026-08-16T11:41:56.713+0000] {logging_mixin.py:190} INFO - [2026-08-16T11:41:56.713+0000] {dagbag.py:588} INFO - Filling up the DagBag from /opt/airflow/dags/weather_dag.py
[2026-08-16T11:41:56.724+0000] {processor.py:925} INFO - DAG(s) 'weather_ingestion' retrieved from /opt/airflow/dags/weather_dag.py
[2026-08-16T11:41:56.744+0000] {logging_mixin.py:190} INFO - [2026-08-16T11:41:56.744+0000] {dag.py:3239} INFO - Sync 1 DAGs
[2026-08-16T11:41:56.756+0000] {logging_mixin.py:190} INFO - [2026-08-16T11:41:56.756+0000] {dag.py:4180} INFO - Setting next_dagrun for weather_ingestion to 2026-08-16 11:00:00+00:00, run_after=2026-08-16 12:00:00+00:00
[2026-08-16T11:41:56.763+0000] {processor.py:208} INFO - Processing /opt/airflow/dags/weather_dag.py took 0.060 seconds
[2026-08-16T11:42:27.045+0000] {processor.py:186} INFO - Started process (PID=44066) to work on /opt/airflow/dags/weather_dag.py
[2026-08-16T11:42:27.048+0000] {processor.py:914} INFO - Processing file /opt/airflow/dags/weather_dag.py for tasks to queue
[2026-08-16T11:42:27.052+0000] {logging_mixin.py:190} INFO - [2026-08-16T11:42:27.051+0000] {dagbag.py:588} INFO - Filling up the DagBag from /opt/airflow/dags/weather_dag.py
[2026-08-16T11:42:27.068+0000] {processor.py:925} INFO - DAG(s) 'weather_ingestion' retrieved from /opt/airflow/dags/weather_dag.py
[2026-08-16T11:42:27.093+0000] {logging_mixin.py:190} INFO - [2026-08-16T11:42:27.093+0000] {dag.py:3239} INFO - Sync 1 DAGs
[2026-08-16T11:42:27.108+0000] {logging_mixin.py:190} INFO - [2026-08-16T11:42:27.108+0000] {dag.py:4180} INFO - Setting next_dagrun for weather_ingestion to 2026-08-16 11:00:00+00:00, run_after=2026-08-16 12:00:00+00:00
[2026-08-16T11:42:27.116+0000] {processor.py:208} INFO - Processing /opt/airflow/dags/weather_dag.py took 0.084 seconds
[2026-08-16T11:57:55.558+0000] {processor.py:186} INFO - Started process (PID=44071) to work on /opt/airflow/dags/weather_dag.py
[2026-08-16T11:57:55.559+0000] {processor.py:914} INFO - Processing file /opt/airflow/dags/weather_dag.py for tasks to queue
[2026-08-16T11:57:55.561+0000] {logging_mixin.py:190} INFO - [2026-08-16T11:57:55.561+0000] {dagbag.py:588} INFO - Filling up the DagBag from /opt/airflow/dags/weather_dag.py
[2026-08-16T11:57:55.576+0000] {processor.py:925} INFO - DAG(s) 'weather_ingestion' retrieved from /opt/airflow/dags/weather_dag.py
[2026-08-16T11:57:55.604+0000] {logging_mixin.py:190} INFO - [2026-08-16T11:57:55.604+0000] {dag.py:3239} INFO - Sync 1 DAGs
[2026-08-16T11:57:55.624+0000] {logging_mixin.py:190} INFO - [2026-08-16T11:57:55.624+0000] {dag.py:4180} INFO - Setting next_dagrun for weather_ingestion to 2026-08-16 11:00:00+00:00, run_after=2026-08-16 12:00:00+00:00
[2026-08-16T11:57:55.633+0000] {processor.py:208} INFO - Processing /opt/airflow/dags/weather_dag.py took 0.084 seconds
[2026-08-16T11:58:25.849+0000] {processor.py:186} INFO - Started process (PID=44076) to work on /opt/airflow/dags/weather_dag.py
[2026-08-16T11:58:25.851+0000] {processor.py:914} INFO - Processing file /opt/airflow/dags/weather_dag.py for tasks to queue
[2026-08-16T11:58:25.853+0000] {logging_mixin.py:190} INFO - [2026-08-16T11:58:25.853+0000] {dagbag.py:588} INFO - Filling up the DagBag from /opt/airflow/dags/weather_dag.py
[2026-08-16T11:58:25.863+0000] {processor.py:925} INFO - DAG(s) 'weather_ingestion' retrieved from /opt/airflow/dags/weather_dag.py
[2026-08-16T11:58:25.882+0000] {logging_mixin.py:190} INFO - [2026-08-16T11:58:25.881+0000] {dag.py:3239} INFO - Sync 1 DAGs
[2026-08-16T11:58:25.895+0000] {logging_mixin.py:190} INFO - [2026-08-16T11:58:25.895+0000] {dag.py:4180} INFO - Setting next_dagrun for weather_ingestion to 2026-08-16 11:00:00+00:00, run_after=2026-08-16 12:00:00+00:00
[2026-08-16T11:58:25.905+0000] {processor.py:208} INFO - Processing /opt/airflow/dags/weather_dag.py took 0.064 seconds
[2026-08-16T11:58:56.271+0000] {processor.py:186} INFO - Started process (PID=44081) to work on /opt/airflow/dags/weather_dag.py
[2026-08-16T11:58:56.273+0000] {processor.py:914} INFO - Processing file /opt/airflow/dags/weather_dag.py for tasks to queue
[2026-08-16T11:58:56.280+0000] {logging_mixin.py:190} INFO - [2026-08-16T11:58:56.279+0000] {dagbag.py:588} INFO - Filling up the DagBag from /opt/airflow/dags/weather_dag.py
[2026-08-16T11:58:56.320+0000] {processor.py:925} INFO - DAG(s) 'weather_ingestion' retrieved from /opt/airflow/dags/weather_dag.py
[2026-08-16T11:58:56.352+0000] {logging_mixin.py:190} INFO - [2026-08-16T11:58:56.352+0000] {dag.py:3239} INFO - Sync 1 DAGs
[2026-08-16T11:58:56.388+0000] {logging_mixin.py:190} INFO - [2026-08-16T11:58:56.388+0000] {dag.py:4180} INFO - Setting next_dagrun for weather_ingestion to 2026-08-16 11:00:00+00:00, run_after=2026-08-16 12:00:00+00:00
[2026-08-16T11:58:56.400+0000] {processor.py:208} INFO - Processing /opt/airflow/dags/weather_dag.py took 0.147 seconds
[2026-08-16T11:59:26.606+0000] {processor.py:186} INFO - Started process (PID=44086) to work on /opt/airflow/dags/weather_dag.py
[2026-08-16T11:59:26.607+0000] {processor.py:914} INFO - Processing file /opt/airflow/dags/weather_dag.py for tasks to queue
[2026-08-16T11:59:26.610+0000] {logging_mixin.py:190} INFO - [2026-08-16T11:59:26.609+0000] {dagbag.py:588} INFO - Filling up the DagBag from /opt/airflow/dags/weather_dag.py
[2026-08-16T11:59:26.623+0000] {processor.py:925} INFO - DAG(s) 'weather_ingestion' retrieved from /opt/airflow/dags/weather_dag.py
[2026-08-16T11:59:26.646+0000] {logging_mixin.py:190} INFO - [2026-08-16T11:59:26.646+0000] {dag.py:3239} INFO - Sync 1 DAGs
[2026-08-16T11:59:26.658+0000] {logging_mixin.py:190} INFO - [2026-08-16T11:59:26.658+0000] {dag.py:4180} INFO - Setting next_dagrun for weather_ingestion to 2026-08-16 11:00:00+00:00, run_after=2026-08-16 12:00:00+00:00
[2026-08-16T11:59:26.666+0000] {processor.py:208} INFO - Processing /opt/airflow/dags/weather_dag.py took 0.069 seconds
[2026-08-16T12:10:22.847+0000] {processor.py:186} INFO - Started process (PID=44091) to work on /opt/airflow/dags/weather_dag.py
[2026-08-16T12:10:22.848+0000] {processor.py:914} INFO - Processing file /opt/airflow/dags/weather_dag.py for tasks to queue
[2026-08-16T12:10:22.851+0000] {logging_mixin.py:190} INFO - [2026-08-16T12:10:22.851+0000] {dagbag.py:588} INFO - Filling up the DagBag from /opt/airflow/dags/weather_dag.py
[2026-08-16T12:10:22.864+0000] {processor.py:925} INFO - DAG(s) 'weather_ingestion' retrieved from /opt/airflow/dags/weather_dag.py
[2026-08-16T12:10:22.887+0000] {logging_mixin.py:190} INFO - [2026-08-16T12:10:22.887+0000] {dag.py:3239} INFO - Sync 1 DAGs
[2026-08-16T12:10:22.906+0000] {logging_mixin.py:190} INFO - [2026-08-16T12:10:22.906+0000] {dag.py:4180} INFO - Setting next_dagrun for weather_ingestion to 2026-08-16 12:00:00+00:00, run_after=2026-08-16 13:00:00+00:00
[2026-08-16T12:10:22.927+0000] {processor.py:208} INFO - Processing /opt/airflow/dags/weather_dag.py took 0.088 seconds
[2026-08-16T12:10:53.265+0000] {processor.py:186} INFO - Started process (PID=44101) to work on /opt/airflow/dags/weather_dag.py
[2026-08-16T12:10:53.266+0000] {processor.py:914} INFO - Processing file /opt/airflow/dags/weather_dag.py for tasks to queue
[2026-08-16T12:10:53.269+0000] {logging_mixin.py:190} INFO - [2026-08-16T12:10:53.269+0000] {dagbag.py:588} INFO - Filling up the DagBag from /opt/airflow/dags/weather_dag.py
[2026-08-16T12:10:53.280+0000] {processor.py:925} INFO - DAG(s) 'weather_ingestion' retrieved from /opt/airflow/dags/weather_dag.py
[2026-08-16T12:10:53.306+0000] {logging_mixin.py:190} INFO - [2026-08-16T12:10:53.305+0000] {dag.py:3239} INFO - Sync 1 DAGs
[2026-08-16T12:10:53.322+0000] {logging_mixin.py:190} INFO - [2026-08-16T12:10:53.321+0000] {dag.py:4180} INFO - Setting next_dagrun for weather_ingestion to 2026-08-16 12:00:00+00:00, run_after=2026-08-16 13:00:00+00:00
[2026-08-16T12:10:53.330+0000] {processor.py:208} INFO - Processing /opt/airflow/dags/weather_dag.py took 0.072 seconds
[2026-08-16T12:11:23.661+0000] {processor.py:186} INFO - Started process (PID=44106) to work on /opt/airflow/dags/weather_dag.py
[2026-08-16T12:11:23.662+0000] {processor.py:914} INFO - Processing file /opt/airflow/dags/weather_dag.py for tasks to queue
[2026-08-16T12:11:23.668+0000] {logging_mixin.py:190} INFO - [2026-08-16T12:11:23.667+0000] {dagbag.py:588} INFO - Filling up the DagBag from /opt/airflow/dags/weather_dag.py
[2026-08-16T12:11:23.690+0000] {processor.py:925} INFO - DAG(s) 'weather_ingestion' retrieved from /opt/airflow/dags/weather_dag.py
[2026-08-16T12:11:23.715+0000] {logging_mixin.py:190} INFO - [2026-08-16T12:11:23.715+0000] {dag.py:3239} INFO - Sync 1 DAGs
[2026-08-16T12:11:23.729+0000] {logging_mixin.py:190} INFO - [2026-08-16T12:11:23.729+0000] {dag.py:4180} INFO - Setting next_dagrun for weather_ingestion to 2026-08-16 12:00:00+00:00, run_after=2026-08-16 13:00:00+00:00
[2026-08-16T12:11:23.746+0000] {processor.py:208} INFO - Processing /opt/airflow/dags/weather_dag.py took 0.098 seconds
[2026-08-16T12:11:54.005+0000] {processor.py:186} INFO - Started process (PID=44111) to work on /opt/airflow/dags/weather_dag.py
[2026-08-16T12:11:54.006+0000] {processor.py:914} INFO - Processing file /opt/airflow/dags/weather_dag.py for tasks to queue
[2026-08-16T12:11:54.008+0000] {logging_mixin.py:190} INFO - [2026-08-16T12:11:54.008+0000] {dagbag.py:588} INFO - Filling up the DagBag from /opt/airflow/dags/weather_dag.py
[2026-08-16T12:11:54.018+0000] {processor.py:925} INFO - DAG(s) 'weather_ingestion' retrieved from /opt/airflow/dags/weather_dag.py
[2026-08-16T12:11:54.036+0000] {logging_mixin.py:190} INFO - [2026-08-16T12:11:54.036+0000] {dag.py:3239} INFO - Sync 1 DAGs
[2026-08-16T12:11:54.049+0000] {logging_mixin.py:190} INFO - [2026-08-16T12:11:54.049+0000] {dag.py:4180} INFO - Setting next_dagrun for weather_ingestion to 2026-08-16 12:00:00+00:00, run_after=2026-08-16 13:00:00+00:00
[2026-08-16T12:11:54.056+0000] {processor.py:208} INFO - Processing /opt/airflow/dags/weather_dag.py took 0.063 seconds
[2026-08-16T12:12:24.357+0000] {processor.py:186} INFO - Started process (PID=44116) to work on /opt/airflow/dags/weather_dag.py
[2026-08-16T12:12:24.361+0000] {processor.py:914} INFO - Processing file /opt/airflow/dags/weather_dag.py for tasks to queue
[2026-08-16T12:12:24.363+0000] {logging_mixin.py:190} INFO - [2026-08-16T12:12:24.362+0000] {dagbag.py:588} INFO - Filling up the DagBag from /opt/airflow/dags/weather_dag.py
[2026-08-16T12:12:24.371+0000] {processor.py:925} INFO - DAG(s) 'weather_ingestion' retrieved from /opt/airflow/dags/weather_dag.py
[2026-08-16T12:12:24.389+0000] {logging_mixin.py:190} INFO - [2026-08-16T12:12:24.389+0000] {dag.py:3239} INFO - Sync 1 DAGs
[2026-08-16T12:12:24.401+0000] {logging_mixin.py:190} INFO - [2026-08-16T12:12:24.401+0000] {dag.py:4180} INFO - Setting next_dagrun for weather_ingestion to 2026-08-16 12:00:00+00:00, run_after=2026-08-16 13:00:00+00:00
[2026-08-16T12:12:24.408+0000] {processor.py:208} INFO - Processing /opt/airflow/dags/weather_dag.py took 0.057 seconds
[2026-08-16T12:27:58.983+0000] {processor.py:186} INFO - Started process (PID=44126) to work on /opt/airflow/dags/weather_dag.py
[2026-08-16T12:27:58.984+0000] {processor.py:914} INFO - Processing file /opt/airflow/dags/weather_dag.py for tasks to queue
[2026-08-16T12:27:58.987+0000] {logging_mixin.py:190} INFO - [2026-08-16T12:27:58.986+0000] {dagbag.py:588} INFO - Filling up the DagBag from /opt/airflow/dags/weather_dag.py
[2026-08-16T12:27:58.999+0000] {processor.py:925} INFO - DAG(s) 'weather_ingestion' retrieved from /opt/airflow/dags/weather_dag.py
[2026-08-16T12:27:59.020+0000] {logging_mixin.py:190} INFO - [2026-08-16T12:27:59.020+0000] {dag.py:3239} INFO - Sync 1 DAGs
[2026-08-16T12:27:59.032+0000] {logging_mixin.py:190} INFO - [2026-08-16T12:27:59.032+0000] {dag.py:4180} INFO - Setting next_dagrun for weather_ingestion to 2026-08-16 12:00:00+00:00, run_after=2026-08-16 13:00:00+00:00
[2026-08-16T12:27:59.039+0000] {processor.py:208} INFO - Processing /opt/airflow/dags/weather_dag.py took 0.065 seconds
[2026-08-16T12:28:29.341+0000] {processor.py:186} INFO - Started process (PID=44531) to work on /opt/airflow/dags/weather_dag.py
[2026-08-16T12:28:29.344+0000] {processor.py:914} INFO - Processing file /opt/airflow/dags/weather_dag.py for tasks to queue
[2026-08-16T12:28:29.349+0000] {logging_mixin.py:190} INFO - [2026-08-16T12:28:29.349+0000] {dagbag.py:588} INFO - Filling up the DagBag from /opt/airflow/dags/weather_dag.py
[2026-08-16T12:28:29.371+0000] {processor.py:925} INFO - DAG(s) 'weather_ingestion' retrieved from /opt/airflow/dags/weather_dag.py
[2026-08-16T12:28:29.395+0000] {logging_mixin.py:190} INFO - [2026-08-16T12:28:29.395+0000] {dag.py:3239} INFO - Sync 1 DAGs
[2026-08-16T12:28:29.428+0000] {logging_mixin.py:190} INFO - [2026-08-16T12:28:29.428+0000] {dag.py:4180} INFO - Setting next_dagrun for weather_ingestion to 2026-08-16 12:00:00+00:00, run_after=2026-08-16 13:00:00+00:00
[2026-08-16T12:28:29.436+0000] {processor.py:208} INFO - Processing /opt/airflow/dags/weather_dag.py took 0.111 seconds
[2026-08-16T12:28:59.683+0000] {processor.py:186} INFO - Started process (PID=44536) to work on /opt/airflow/dags/weather_dag.py
[2026-08-16T12:28:59.686+0000] {processor.py:914} INFO - Processing file /opt/airflow/dags/weather_dag.py for tasks to queue
[2026-08-16T12:28:59.688+0000] {logging_mixin.py:190} INFO - [2026-08-16T12:28:59.688+0000] {dagbag.py:588} INFO - Filling up the DagBag from /opt/airflow/dags/weather_dag.py
[2026-08-16T12:28:59.701+0000] {processor.py:925} INFO - DAG(s) 'weather_ingestion' retrieved from /opt/airflow/dags/weather_dag.py
[2026-08-16T12:28:59.722+0000] {logging_mixin.py:190} INFO - [2026-08-16T12:28:59.722+0000] {dag.py:3239} INFO - Sync 1 DAGs
[2026-08-16T12:28:59.735+0000] {logging_mixin.py:190} INFO - [2026-08-16T12:28:59.735+0000] {dag.py:4180} INFO - Setting next_dagrun for weather_ingestion to 2026-08-16 12:00:00+00:00, run_after=2026-08-16 13:00:00+00:00
[2026-08-16T12:28:59.742+0000] {processor.py:208} INFO - Processing /opt/airflow/dags/weather_dag.py took 0.070 seconds
[2026-08-16T12:29:30.013+0000] {processor.py:186} INFO - Started process (PID=44541) to work on /opt/airflow/dags/weather_dag.py
[2026-08-16T12:29:30.015+0000] {processor.py:914} INFO - Processing file /opt/airflow/dags/weather_dag.py for tasks to queue
[2026-08-16T12:29:30.019+0000] {logging_mixin.py:190} INFO - [2026-08-16T12:29:30.018+0000] {dagbag.py:588} INFO - Filling up the DagBag from /opt/airflow/dags/weather_dag.py
[2026-08-16T12:29:30.035+0000] {processor.py:925} INFO - DAG(s) 'weather_ingestion' retrieved from /opt/airflow/dags/weather_dag.py
[2026-08-16T12:29:30.057+0000] {logging_mixin.py:190} INFO - [2026-08-16T12:29:30.057+0000] {dag.py:3239} INFO - Sync 1 DAGs
[2026-08-16T12:29:30.072+0000] {logging_mixin.py:190} INFO - [2026-08-16T12:29:30.072+0000] {dag.py:4180} INFO - Setting next_dagrun for weather_ingestion to 2026-08-16 12:00:00+00:00, run_after=2026-08-16 13:00:00+00:00
[2026-08-16T12:29:30.081+0000] {processor.py:208} INFO - Processing /opt/airflow/dags/weather_dag.py took 0.077 seconds
[2026-08-16T12:46:28.253+0000] {processor.py:186} INFO - Started process (PID=44546) to work on /opt/airflow/dags/weather_dag.py
[2026-08-16T12:46:28.255+0000] {processor.py:914} INFO - Processing file /opt/airflow/dags/weather_dag.py for tasks to queue
[2026-08-16T12:46:28.261+0000] {logging_mixin.py:190} INFO - [2026-08-16T12:46:28.260+0000] {dagbag.py:588} INFO - Filling up the DagBag from /opt/airflow/dags/weather_dag.py
[2026-08-16T12:46:28.278+0000] {processor.py:925} INFO - DAG(s) 'weather_ingestion' retrieved from /opt/airflow/dags/weather_dag.py
[2026-08-16T12:46:28.314+0000] {logging_mixin.py:190} INFO - [2026-08-16T12:46:28.314+0000] {dag.py:3239} INFO - Sync 1 DAGs
[2026-08-16T12:46:28.333+0000] {logging_mixin.py:190} INFO - [2026-08-16T12:46:28.333+0000] {dag.py:4180} INFO - Setting next_dagrun for weather_ingestion to 2026-08-16 12:00:00+00:00, run_after=2026-08-16 13:00:00+00:00
[2026-08-16T12:46:28.343+0000] {processor.py:208} INFO - Processing /opt/airflow/dags/weather_dag.py took 0.106 seconds
[2026-08-16T12:46:58.568+0000] {processor.py:186} INFO - Started process (PID=44551) to work on /opt/airflow/dags/weather_dag.py
[2026-08-16T12:46:58.572+0000] {processor.py:914} INFO - Processing file /opt/airflow/dags/weather_dag.py for tasks to queue
[2026-08-16T12:46:58.589+0000] {logging_mixin.py:190} INFO - [2026-08-16T12:46:58.587+0000] {dagbag.py:588} INFO - Filling up the DagBag from /opt/airflow/dags/weather_dag.py
[2026-08-16T12:46:58.608+0000] {processor.py:925} INFO - DAG(s) 'weather_ingestion' retrieved from /opt/airflow/dags/weather_dag.py
[2026-08-16T12:46:58.653+0000] {logging_mixin.py:190} INFO - [2026-08-16T12:46:58.653+0000] {dag.py:3239} INFO - Sync 1 DAGs
[2026-08-16T12:46:58.673+0000] {logging_mixin.py:190} INFO - [2026-08-16T12:46:58.673+0000] {dag.py:4180} INFO - Setting next_dagrun for weather_ingestion to 2026-08-16 12:00:00+00:00, run_after=2026-08-16 13:00:00+00:00
[2026-08-16T12:46:58.683+0000] {processor.py:208} INFO - Processing /opt/airflow/dags/weather_dag.py took 0.134 seconds
[2026-08-16T12:47:28.979+0000] {processor.py:186} INFO - Started process (PID=44556) to work on /opt/airflow/dags/weather_dag.py
[2026-08-16T12:47:28.981+0000] {processor.py:914} INFO - Processing file /opt/airflow/dags/weather_dag.py for tasks to queue
[2026-08-16T12:47:28.983+0000] {logging_mixin.py:190} INFO - [2026-08-16T12:47:28.982+0000] {dagbag.py:588} INFO - Filling up the DagBag from /opt/airflow/dags/weather_dag.py
[2026-08-16T12:47:28.991+0000] {processor.py:925} INFO - DAG(s) 'weather_ingestion' retrieved from /opt/airflow/dags/weather_dag.py
[2026-08-16T12:47:29.009+0000] {logging_mixin.py:190} INFO - [2026-08-16T12:47:29.009+0000] {dag.py:3239} INFO - Sync 1 DAGs
[2026-08-16T12:47:29.025+0000] {logging_mixin.py:190} INFO - [2026-08-16T12:47:29.025+0000] {dag.py:4180} INFO - Setting next_dagrun for weather_ingestion to 2026-08-16 12:00:00+00:00, run_after=2026-08-16 13:00:00+00:00
[2026-08-16T12:47:29.033+0000] {processor.py:208} INFO - Processing /opt/airflow/dags/weather_dag.py took 0.062 seconds
[2026-08-16T12:47:59.309+0000] {processor.py:186} INFO - Started process (PID=44561) to work on /opt/airflow/dags/weather_dag.py
[2026-08-16T12:47:59.310+0000] {processor.py:914} INFO - Processing file /opt/airflow/dags/weather_dag.py for tasks to queue
[2026-08-16T12:47:59.313+0000] {logging_mixin.py:190} INFO - [2026-08-16T12:47:59.313+0000] {dagbag.py:588} INFO - Filling up the DagBag from /opt/airflow/dags/weather_dag.py
[2026-08-16T12:47:59.328+0000] {processor.py:925} INFO - DAG(s) 'weather_ingestion' retrieved from /opt/airflow/dags/weather_dag.py
[2026-08-16T12:47:59.354+0000] {logging_mixin.py:190} INFO - [2026-08-16T12:47:59.354+0000] {dag.py:3239} INFO - Sync 1 DAGs
[2026-08-16T12:47:59.370+0000] {logging_mixin.py:190} INFO - [2026-08-16T12:47:59.370+0000] {dag.py:4180} INFO - Setting next_dagrun for weather_ingestion to 2026-08-16 12:00:00+00:00, run_after=2026-08-16 13:00:00+00:00
[2026-08-16T12:47:59.378+0000] {processor.py:208} INFO - Processing /opt/airflow/dags/weather_dag.py took 0.078 seconds
[2026-08-16T13:04:01.762+0000] {processor.py:186} INFO - Started process (PID=44566) to work on /opt/airflow/dags/weather_dag.py
[2026-08-16T13:04:01.777+0000] {processor.py:914} INFO - Processing file /opt/airflow/dags/weather_dag.py for tasks to queue
[2026-08-16T13:04:01.846+0000] {logging_mixin.py:190} INFO - [2026-08-16T13:04:01.846+0000] {dagbag.py:588} INFO - Filling up the DagBag from /opt/airflow/dags/weather_dag.py
[2026-08-16T13:04:01.974+0000] {processor.py:925} INFO - DAG(s) 'weather_ingestion' retrieved from /opt/airflow/dags/weather_dag.py
[2026-08-16T13:04:02.365+0000] {logging_mixin.py:190} INFO - [2026-08-16T13:04:02.365+0000] {dag.py:3239} INFO - Sync 1 DAGs
[2026-08-16T13:04:02.413+0000] {logging_mixin.py:190} INFO - [2026-08-16T13:04:02.413+0000] {dag.py:4180} INFO - Setting next_dagrun for weather_ingestion to 2026-08-16 13:00:00+00:00, run_after=2026-08-16 14:00:00+00:00
[2026-08-16T13:04:02.493+0000] {processor.py:208} INFO - Processing /opt/airflow/dags/weather_dag.py took 0.760 seconds
[2026-08-16T13:04:33.152+0000] {processor.py:186} INFO - Started process (PID=44576) to work on /opt/airflow/dags/weather_dag.py
[2026-08-16T13:04:33.153+0000] {processor.py:914} INFO - Processing file /opt/airflow/dags/weather_dag.py for tasks to queue
[2026-08-16T13:04:33.157+0000] {logging_mixin.py:190} INFO - [2026-08-16T13:04:33.157+0000] {dagbag.py:588} INFO - Filling up the DagBag from /opt/airflow/dags/weather_dag.py
[2026-08-16T13:04:33.173+0000] {processor.py:925} INFO - DAG(s) 'weather_ingestion' retrieved from /opt/airflow/dags/weather_dag.py
[2026-08-16T13:04:33.210+0000] {logging_mixin.py:190} INFO - [2026-08-16T13:04:33.210+0000] {dag.py:3239} INFO - Sync 1 DAGs
[2026-08-16T13:04:33.231+0000] {logging_mixin.py:190} INFO - [2026-08-16T13:04:33.231+0000] {dag.py:4180} INFO - Setting next_dagrun for weather_ingestion to 2026-08-16 13:00:00+00:00, run_after=2026-08-16 14:00:00+00:00
[2026-08-16T13:04:33.243+0000] {processor.py:208} INFO - Processing /opt/airflow/dags/weather_dag.py took 0.110 seconds
[2026-08-16T13:05:03.425+0000] {processor.py:186} INFO - Started process (PID=44581) to work on /opt/airflow/dags/weather_dag.py
[2026-08-16T13:05:03.427+0000] {processor.py:914} INFO - Processing file /opt/airflow/dags/weather_dag.py for tasks to queue
[2026-08-16T13:05:03.431+0000] {logging_mixin.py:190} INFO - [2026-08-16T13:05:03.430+0000] {dagbag.py:588} INFO - Filling up the DagBag from /opt/airflow/dags/weather_dag.py
[2026-08-16T13:05:03.477+0000] {processor.py:925} INFO - DAG(s) 'weather_ingestion' retrieved from /opt/airflow/dags/weather_dag.py
[2026-08-16T13:05:03.509+0000] {logging_mixin.py:190} INFO - [2026-08-16T13:05:03.509+0000] {dag.py:3239} INFO - Sync 1 DAGs
[2026-08-16T13:05:03.526+0000] {logging_mixin.py:190} INFO - [2026-08-16T13:05:03.526+0000] {dag.py:4180} INFO - Setting next_dagrun for weather_ingestion to 2026-08-16 13:00:00+00:00, run_after=2026-08-16 14:00:00+00:00
[2026-08-16T13:05:03.534+0000] {processor.py:208} INFO - Processing /opt/airflow/dags/weather_dag.py took 0.120 seconds
[2026-08-16T13:05:33.831+0000] {processor.py:186} INFO - Started process (PID=44586) to work on /opt/airflow/dags/weather_dag.py
[2026-08-16T13:05:33.832+0000] {processor.py:914} INFO - Processing file /opt/airflow/dags/weather_dag.py for tasks to queue
[2026-08-16T13:05:33.834+0000] {logging_mixin.py:190} INFO - [2026-08-16T13:05:33.834+0000] {dagbag.py:588} INFO - Filling up the DagBag from /opt/airflow/dags/weather_dag.py
[2026-08-16T13:05:33.844+0000] {processor.py:925} INFO - DAG(s) 'weather_ingestion' retrieved from /opt/airflow/dags/weather_dag.py
[2026-08-16T13:05:33.862+0000] {logging_mixin.py:190} INFO - [2026-08-16T13:05:33.862+0000] {dag.py:3239} INFO - Sync 1 DAGs
[2026-08-16T13:05:33.874+0000] {logging_mixin.py:190} INFO - [2026-08-16T13:05:33.874+0000] {dag.py:4180} INFO - Setting next_dagrun for weather_ingestion to 2026-08-16 13:00:00+00:00, run_after=2026-08-16 14:00:00+00:00
[2026-08-16T13:05:33.882+0000] {processor.py:208} INFO - Processing /opt/airflow/dags/weather_dag.py took 0.056 seconds
[2026-08-16T13:06:04.120+0000] {processor.py:186} INFO - Started process (PID=44591) to work on /opt/airflow/dags/weather_dag.py
[2026-08-16T13:06:04.122+0000] {processor.py:914} INFO - Processing file /opt/airflow/dags/weather_dag.py for tasks to queue
[2026-08-16T13:06:04.125+0000] {logging_mixin.py:190} INFO - [2026-08-16T13:06:04.124+0000] {dagbag.py:588} INFO - Filling up the DagBag from /opt/airflow/dags/weather_dag.py
[2026-08-16T13:06:04.134+0000] {processor.py:925} INFO - DAG(s) 'weather_ingestion' retrieved from /opt/airflow/dags/weather_dag.py
[2026-08-16T13:06:04.153+0000] {logging_mixin.py:190} INFO - [2026-08-16T13:06:04.153+0000] {dag.py:3239} INFO - Sync 1 DAGs
[2026-08-16T13:06:04.166+0000] {logging_mixin.py:190} INFO - [2026-08-16T13:06:04.166+0000] {dag.py:4180} INFO - Setting next_dagrun for weather_ingestion to 2026-08-16 13:00:00+00:00, run_after=2026-08-16 14:00:00+00:00
[2026-08-16T13:06:04.173+0000] {processor.py:208} INFO - Processing /opt/airflow/dags/weather_dag.py took 0.060 seconds
[2026-08-16T13:06:34.386+0000] {processor.py:186} INFO - Started process (PID=44953) to work on /opt/airflow/dags/weather_dag.py
[2026-08-16T13:06:34.388+0000] {processor.py:914} INFO - Processing file /opt/airflow/dags/weather_dag.py for tasks to queue
[2026-08-16T13:06:34.393+0000] {logging_mixin.py:190} INFO - [2026-08-16T13:06:34.393+0000] {dagbag.py:588} INFO - Filling up the DagBag from /opt/airflow/dags/weather_dag.py
[2026-08-16T13:06:34.427+0000] {processor.py:925} INFO - DAG(s) 'weather_ingestion' retrieved from /opt/airflow/dags/weather_dag.py
[2026-08-16T13:06:34.451+0000] {logging_mixin.py:190} INFO - [2026-08-16T13:06:34.451+0000] {dag.py:3239} INFO - Sync 1 DAGs
[2026-08-16T13:06:34.465+0000] {logging_mixin.py:190} INFO - [2026-08-16T13:06:34.465+0000] {dag.py:4180} INFO - Setting next_dagrun for weather_ingestion to 2026-08-16 13:00:00+00:00, run_after=2026-08-16 14:00:00+00:00
[2026-08-16T13:06:34.474+0000] {processor.py:208} INFO - Processing /opt/airflow/dags/weather_dag.py took 0.098 seconds
[2026-08-16T13:07:04.693+0000] {processor.py:186} INFO - Started process (PID=44958) to work on /opt/airflow/dags/weather_dag.py
[2026-08-16T13:07:04.695+0000] {processor.py:914} INFO - Processing file /opt/airflow/dags/weather_dag.py for tasks to queue
[2026-08-16T13:07:04.697+0000] {logging_mixin.py:190} INFO - [2026-08-16T13:07:04.697+0000] {dagbag.py:588} INFO - Filling up the DagBag from /opt/airflow/dags/weather_dag.py
[2026-08-16T13:07:04.708+0000] {processor.py:925} INFO - DAG(s) 'weather_ingestion' retrieved from /opt/airflow/dags/weather_dag.py
[2026-08-16T13:07:04.725+0000] {logging_mixin.py:190} INFO - [2026-08-16T13:07:04.724+0000] {dag.py:3239} INFO - Sync 1 DAGs
[2026-08-16T13:07:04.736+0000] {logging_mixin.py:190} INFO - [2026-08-16T13:07:04.736+0000] {dag.py:4180} INFO - Setting next_dagrun for weather_ingestion to 2026-08-16 13:00:00+00:00, run_after=2026-08-16 14:00:00+00:00
[2026-08-16T13:07:04.743+0000] {processor.py:208} INFO - Processing /opt/airflow/dags/weather_dag.py took 0.058 seconds
[2026-08-16T13:07:35.016+0000] {processor.py:186} INFO - Started process (PID=44963) to work on /opt/airflow/dags/weather_dag.py
[2026-08-16T13:07:35.017+0000] {processor.py:914} INFO - Processing file /opt/airflow/dags/weather_dag.py for tasks to queue
[2026-08-16T13:07:35.020+0000] {logging_mixin.py:190} INFO - [2026-08-16T13:07:35.019+0000] {dagbag.py:588} INFO - Filling up the DagBag from /opt/airflow/dags/weather_dag.py
[2026-08-16T13:07:35.031+0000] {processor.py:925} INFO - DAG(s) 'weather_ingestion' retrieved from /opt/airflow/dags/weather_dag.py
[2026-08-16T13:07:35.050+0000] {logging_mixin.py:190} INFO - [2026-08-16T13:07:35.050+0000] {dag.py:3239} INFO - Sync 1 DAGs
[2026-08-16T13:07:35.062+0000] {logging_mixin.py:190} INFO - [2026-08-16T13:07:35.062+0000] {dag.py:4180} INFO - Setting next_dagrun for weather_ingestion to 2026-08-16 13:00:00+00:00, run_after=2026-08-16 14:00:00+00:00
[2026-08-16T13:07:35.069+0000] {processor.py:208} INFO - Processing /opt/airflow/dags/weather_dag.py took 0.062 seconds
[2026-08-16T13:08:05.353+0000] {processor.py:186} INFO - Started process (PID=44968) to work on /opt/airflow/dags/weather_dag.py
[2026-08-16T13:08:05.355+0000] {processor.py:914} INFO - Processing file /opt/airflow/dags/weather_dag.py for tasks to queue
[2026-08-16T13:08:05.359+0000] {logging_mixin.py:190} INFO - [2026-08-16T13:08:05.358+0000] {dagbag.py:588} INFO - Filling up the DagBag from /opt/airflow/dags/weather_dag.py
[2026-08-16T13:08:05.375+0000] {processor.py:925} INFO - DAG(s) 'weather_ingestion' retrieved from /opt/airflow/dags/weather_dag.py
[2026-08-16T13:08:05.401+0000] {logging_mixin.py:190} INFO - [2026-08-16T13:08:05.401+0000] {dag.py:3239} INFO - Sync 1 DAGs
[2026-08-16T13:08:05.416+0000] {logging_mixin.py:190} INFO - [2026-08-16T13:08:05.416+0000] {dag.py:4180} INFO - Setting next_dagrun for weather_ingestion to 2026-08-16 13:00:00+00:00, run_after=2026-08-16 14:00:00+00:00
[2026-08-16T13:08:05.424+0000] {processor.py:208} INFO - Processing /opt/airflow/dags/weather_dag.py took 0.082 seconds
[2026-08-16T13:08:35.647+0000] {processor.py:186} INFO - Started process (PID=44973) to work on /opt/airflow/dags/weather_dag.py
[2026-08-16T13:08:35.648+0000] {processor.py:914} INFO - Processing file /opt/airflow/dags/weather_dag.py for tasks to queue
[2026-08-16T13:08:35.650+0000] {logging_mixin.py:190} INFO - [2026-08-16T13:08:35.650+0000] {dagbag.py:588} INFO - Filling up the DagBag from /opt/airflow/dags/weather_dag.py
[2026-08-16T13:08:35.660+0000] {processor.py:925} INFO - DAG(s) 'weather_ingestion' retrieved from /opt/airflow/dags/weather_dag.py
[2026-08-16T13:08:35.680+0000] {logging_mixin.py:190} INFO - [2026-08-16T13:08:35.680+0000] {dag.py:3239} INFO - Sync 1 DAGs
[2026-08-16T13:08:35.691+0000] {logging_mixin.py:190} INFO - [2026-08-16T13:08:35.691+0000] {dag.py:4180} INFO - Setting next_dagrun for weather_ingestion to 2026-08-16 13:00:00+00:00, run_after=2026-08-16 14:00:00+00:00
[2026-08-16T13:08:35.698+0000] {processor.py:208} INFO - Processing /opt/airflow/dags/weather_dag.py took 0.057 seconds
[2026-08-16T13:24:12.787+0000] {processor.py:186} INFO - Started process (PID=44978) to work on /opt/airflow/dags/weather_dag.py
[2026-08-16T13:24:12.788+0000] {processor.py:914} INFO - Processing file /opt/airflow/dags/weather_dag.py for tasks to queue
[2026-08-16T13:24:12.792+0000] {logging_mixin.py:190} INFO - [2026-08-16T13:24:12.792+0000] {dagbag.py:588} INFO - Filling up the DagBag from /opt/airflow/dags/weather_dag.py
[2026-08-16T13:24:12.815+0000] {processor.py:925} INFO - DAG(s) 'weather_ingestion' retrieved from /opt/airflow/dags/weather_dag.py
[2026-08-16T13:24:12.841+0000] {logging_mixin.py:190} INFO - [2026-08-16T13:24:12.840+0000] {dag.py:3239} INFO - Sync 1 DAGs
[2026-08-16T13:24:12.858+0000] {logging_mixin.py:190} INFO - [2026-08-16T13:24:12.858+0000] {dag.py:4180} INFO - Setting next_dagrun for weather_ingestion to 2026-08-16 13:00:00+00:00, run_after=2026-08-16 14:00:00+00:00
[2026-08-16T13:24:12.867+0000] {processor.py:208} INFO - Processing /opt/airflow/dags/weather_dag.py took 0.090 seconds
[2026-08-16T13:24:43.185+0000] {processor.py:186} INFO - Started process (PID=44983) to work on /opt/airflow/dags/weather_dag.py
[2026-08-16T13:24:43.187+0000] {processor.py:914} INFO - Processing file /opt/airflow/dags/weather_dag.py for tasks to queue
[2026-08-16T13:24:43.191+0000] {logging_mixin.py:190} INFO - [2026-08-16T13:24:43.190+0000] {dagbag.py:588} INFO - Filling up the DagBag from /opt/airflow/dags/weather_dag.py
[2026-08-16T13:24:43.210+0000] {processor.py:925} INFO - DAG(s) 'weather_ingestion' retrieved from /opt/airflow/dags/weather_dag.py
[2026-08-16T13:24:43.238+0000] {logging_mixin.py:190} INFO - [2026-08-16T13:24:43.238+0000] {dag.py:3239} INFO - Sync 1 DAGs
[2026-08-16T13:24:43.275+0000] {logging_mixin.py:190} INFO - [2026-08-16T13:24:43.275+0000] {dag.py:4180} INFO - Setting next_dagrun for weather_ingestion to 2026-08-16 13:00:00+00:00, run_after=2026-08-16 14:00:00+00:00
[2026-08-16T13:24:43.285+0000] {processor.py:208} INFO - Processing /opt/airflow/dags/weather_dag.py took 0.111 seconds
[2026-08-16T13:41:02.539+0000] {processor.py:186} INFO - Started process (PID=44988) to work on /opt/airflow/dags/weather_dag.py
[2026-08-16T13:41:02.541+0000] {processor.py:914} INFO - Processing file /opt/airflow/dags/weather_dag.py for tasks to queue
[2026-08-16T13:41:02.545+0000] {logging_mixin.py:190} INFO - [2026-08-16T13:41:02.544+0000] {dagbag.py:588} INFO - Filling up the DagBag from /opt/airflow/dags/weather_dag.py
[2026-08-16T13:41:02.564+0000] {processor.py:925} INFO - DAG(s) 'weather_ingestion' retrieved from /opt/airflow/dags/weather_dag.py
[2026-08-16T13:41:02.606+0000] {logging_mixin.py:190} INFO - [2026-08-16T13:41:02.605+0000] {dag.py:3239} INFO - Sync 1 DAGs
[2026-08-16T13:41:02.625+0000] {logging_mixin.py:190} INFO - [2026-08-16T13:41:02.625+0000] {dag.py:4180} INFO - Setting next_dagrun for weather_ingestion to 2026-08-16 13:00:00+00:00, run_after=2026-08-16 14:00:00+00:00
[2026-08-16T13:41:02.635+0000] {processor.py:208} INFO - Processing /opt/airflow/dags/weather_dag.py took 0.115 seconds
[2026-08-16T13:41:32.833+0000] {processor.py:186} INFO - Started process (PID=44993) to work on /opt/airflow/dags/weather_dag.py
[2026-08-16T13:41:32.836+0000] {processor.py:914} INFO - Processing file /opt/airflow/dags/weather_dag.py for tasks to queue
[2026-08-16T13:41:32.857+0000] {logging_mixin.py:190} INFO - [2026-08-16T13:41:32.855+0000] {dagbag.py:588} INFO - Filling up the DagBag from /opt/airflow/dags/weather_dag.py
[2026-08-16T13:41:32.887+0000] {processor.py:925} INFO - DAG(s) 'weather_ingestion' retrieved from /opt/airflow/dags/weather_dag.py
[2026-08-16T13:41:32.922+0000] {logging_mixin.py:190} INFO - [2026-08-16T13:41:32.922+0000] {dag.py:3239} INFO - Sync 1 DAGs
[2026-08-16T13:41:32.964+0000] {logging_mixin.py:190} INFO - [2026-08-16T13:41:32.964+0000] {dag.py:4180} INFO - Setting next_dagrun for weather_ingestion to 2026-08-16 13:00:00+00:00, run_after=2026-08-16 14:00:00+00:00
[2026-08-16T13:41:32.975+0000] {processor.py:208} INFO - Processing /opt/airflow/dags/weather_dag.py took 0.156 seconds
[2026-08-16T13:42:03.247+0000] {processor.py:186} INFO - Started process (PID=44998) to work on /opt/airflow/dags/weather_dag.py
[2026-08-16T13:42:03.248+0000] {processor.py:914} INFO - Processing file /opt/airflow/dags/weather_dag.py for tasks to queue
[2026-08-16T13:42:03.250+0000] {logging_mixin.py:190} INFO - [2026-08-16T13:42:03.250+0000] {dagbag.py:588} INFO - Filling up the DagBag from /opt/airflow/dags/weather_dag.py
[2026-08-16T13:42:03.258+0000] {processor.py:925} INFO - DAG(s) 'weather_ingestion' retrieved from /opt/airflow/dags/weather_dag.py
[2026-08-16T13:42:03.276+0000] {logging_mixin.py:190} INFO - [2026-08-16T13:42:03.276+0000] {dag.py:3239} INFO - Sync 1 DAGs
[2026-08-16T13:42:03.293+0000] {logging_mixin.py:190} INFO - [2026-08-16T13:42:03.293+0000] {dag.py:4180} INFO - Setting next_dagrun for weather_ingestion to 2026-08-16 13:00:00+00:00, run_after=2026-08-16 14:00:00+00:00
[2026-08-16T13:42:03.304+0000] {processor.py:208} INFO - Processing /opt/airflow/dags/weather_dag.py took 0.063 seconds
[2026-08-16T13:42:33.545+0000] {processor.py:186} INFO - Started process (PID=45003) to work on /opt/airflow/dags/weather_dag.py
[2026-08-16T13:42:33.550+0000] {processor.py:914} INFO - Processing file /opt/airflow/dags/weather_dag.py for tasks to queue
[2026-08-16T13:42:33.560+0000] {logging_mixin.py:190} INFO - [2026-08-16T13:42:33.559+0000] {dagbag.py:588} INFO - Filling up the DagBag from /opt/airflow/dags/weather_dag.py
[2026-08-16T13:42:33.577+0000] {processor.py:925} INFO - DAG(s) 'weather_ingestion' retrieved from /opt/airflow/dags/weather_dag.py
[2026-08-16T13:42:33.604+0000] {logging_mixin.py:190} INFO - [2026-08-16T13:42:33.604+0000] {dag.py:3239} INFO - Sync 1 DAGs
[2026-08-16T13:42:33.621+0000] {logging_mixin.py:190} INFO - [2026-08-16T13:42:33.620+0000] {dag.py:4180} INFO - Setting next_dagrun for weather_ingestion to 2026-08-16 13:00:00+00:00, run_after=2026-08-16 14:00:00+00:00
[2026-08-16T13:42:33.629+0000] {processor.py:208} INFO - Processing /opt/airflow/dags/weather_dag.py took 0.102 seconds
[2026-08-16T13:43:03.898+0000] {processor.py:186} INFO - Started process (PID=45008) to work on /opt/airflow/dags/weather_dag.py
[2026-08-16T13:43:03.902+0000] {processor.py:914} INFO - Processing file /opt/airflow/dags/weather_dag.py for tasks to queue
[2026-08-16T13:43:03.905+0000] {logging_mixin.py:190} INFO - [2026-08-16T13:43:03.904+0000] {dagbag.py:588} INFO - Filling up the DagBag from /opt/airflow/dags/weather_dag.py
[2026-08-16T13:43:03.916+0000] {processor.py:925} INFO - DAG(s) 'weather_ingestion' retrieved from /opt/airflow/dags/weather_dag.py
[2026-08-16T13:43:03.937+0000] {logging_mixin.py:190} INFO - [2026-08-16T13:43:03.937+0000] {dag.py:3239} INFO - Sync 1 DAGs
[2026-08-16T13:43:03.952+0000] {logging_mixin.py:190} INFO - [2026-08-16T13:43:03.952+0000] {dag.py:4180} INFO - Setting next_dagrun for weather_ingestion to 2026-08-16 13:00:00+00:00, run_after=2026-08-16 14:00:00+00:00
[2026-08-16T13:43:03.960+0000] {processor.py:208} INFO - Processing /opt/airflow/dags/weather_dag.py took 0.072 seconds
[2026-08-16T13:43:34.207+0000] {processor.py:186} INFO - Started process (PID=45013) to work on /opt/airflow/dags/weather_dag.py
[2026-08-16T13:43:34.209+0000] {processor.py:914} INFO - Processing file /opt/airflow/dags/weather_dag.py for tasks to queue
[2026-08-16T13:43:34.214+0000] {logging_mixin.py:190} INFO - [2026-08-16T13:43:34.213+0000] {dagbag.py:588} INFO - Filling up the DagBag from /opt/airflow/dags/weather_dag.py
[2026-08-16T13:43:34.257+0000] {processor.py:925} INFO - DAG(s) 'weather_ingestion' retrieved from /opt/airflow/dags/weather_dag.py
[2026-08-16T13:43:34.287+0000] {logging_mixin.py:190} INFO - [2026-08-16T13:43:34.287+0000] {dag.py:3239} INFO - Sync 1 DAGs
[2026-08-16T13:43:34.303+0000] {logging_mixin.py:190} INFO - [2026-08-16T13:43:34.303+0000] {dag.py:4180} INFO - Setting next_dagrun for weather_ingestion to 2026-08-16 13:00:00+00:00, run_after=2026-08-16 14:00:00+00:00
[2026-08-16T13:43:34.311+0000] {processor.py:208} INFO - Processing /opt/airflow/dags/weather_dag.py took 0.117 seconds
[2026-08-16T13:44:04.539+0000] {processor.py:186} INFO - Started process (PID=45018) to work on /opt/airflow/dags/weather_dag.py
[2026-08-16T13:44:04.540+0000] {processor.py:914} INFO - Processing file /opt/airflow/dags/weather_dag.py for tasks to queue
[2026-08-16T13:44:04.542+0000] {logging_mixin.py:190} INFO - [2026-08-16T13:44:04.542+0000] {dagbag.py:588} INFO - Filling up the DagBag from /opt/airflow/dags/weather_dag.py
[2026-08-16T13:44:04.552+0000] {processor.py:925} INFO - DAG(s) 'weather_ingestion' retrieved from /opt/airflow/dags/weather_dag.py
[2026-08-16T13:44:04.571+0000] {logging_mixin.py:190} INFO - [2026-08-16T13:44:04.571+0000] {dag.py:3239} INFO - Sync 1 DAGs
[2026-08-16T13:44:04.581+0000] {logging_mixin.py:190} INFO - [2026-08-16T13:44:04.581+0000] {dag.py:4180} INFO - Setting next_dagrun for weather_ingestion to 2026-08-16 13:00:00+00:00, run_after=2026-08-16 14:00:00+00:00
[2026-08-16T13:44:04.589+0000] {processor.py:208} INFO - Processing /opt/airflow/dags/weather_dag.py took 0.060 seconds
[2026-08-16T14:01:56.100+0000] {processor.py:186} INFO - Started process (PID=45023) to work on /opt/airflow/dags/weather_dag.py
[2026-08-16T14:01:56.116+0000] {processor.py:914} INFO - Processing file /opt/airflow/dags/weather_dag.py for tasks to queue
[2026-08-16T14:01:56.143+0000] {logging_mixin.py:190} INFO - [2026-08-16T14:01:56.142+0000] {dagbag.py:588} INFO - Filling up the DagBag from /opt/airflow/dags/weather_dag.py
[2026-08-16T14:01:56.340+0000] {processor.py:925} INFO - DAG(s) 'weather_ingestion' retrieved from /opt/airflow/dags/weather_dag.py
[2026-08-16T14:01:56.542+0000] {logging_mixin.py:190} INFO - [2026-08-16T14:01:56.542+0000] {dag.py:3239} INFO - Sync 1 DAGs
[2026-08-16T14:01:56.684+0000] {logging_mixin.py:190} INFO - [2026-08-16T14:01:56.676+0000] {dag.py:4180} INFO - Setting next_dagrun for weather_ingestion to 2026-08-16 14:00:00+00:00, run_after=2026-08-16 15:00:00+00:00
[2026-08-16T14:01:56.865+0000] {processor.py:208} INFO - Processing /opt/airflow/dags/weather_dag.py took 0.815 seconds
[2026-08-16T14:02:27.639+0000] {processor.py:186} INFO - Started process (PID=45033) to work on /opt/airflow/dags/weather_dag.py
[2026-08-16T14:02:27.641+0000] {processor.py:914} INFO - Processing file /opt/airflow/dags/weather_dag.py for tasks to queue
[2026-08-16T14:02:27.645+0000] {logging_mixin.py:190} INFO - [2026-08-16T14:02:27.644+0000] {dagbag.py:588} INFO - Filling up the DagBag from /opt/airflow/dags/weather_dag.py
[2026-08-16T14:02:27.664+0000] {processor.py:925} INFO - DAG(s) 'weather_ingestion' retrieved from /opt/airflow/dags/weather_dag.py
[2026-08-16T14:02:27.694+0000] {logging_mixin.py:190} INFO - [2026-08-16T14:02:27.694+0000] {dag.py:3239} INFO - Sync 1 DAGs
[2026-08-16T14:02:27.714+0000] {logging_mixin.py:190} INFO - [2026-08-16T14:02:27.713+0000] {dag.py:4180} INFO - Setting next_dagrun for weather_ingestion to 2026-08-16 14:00:00+00:00, run_after=2026-08-16 15:00:00+00:00
[2026-08-16T14:02:27.724+0000] {processor.py:208} INFO - Processing /opt/airflow/dags/weather_dag.py took 0.103 seconds
[2026-08-16T14:02:57.973+0000] {processor.py:186} INFO - Started process (PID=45038) to work on /opt/airflow/dags/weather_dag.py
[2026-08-16T14:02:57.977+0000] {processor.py:914} INFO - Processing file /opt/airflow/dags/weather_dag.py for tasks to queue
[2026-08-16T14:02:57.982+0000] {logging_mixin.py:190} INFO - [2026-08-16T14:02:57.981+0000] {dagbag.py:588} INFO - Filling up the DagBag from /opt/airflow/dags/weather_dag.py
[2026-08-16T14:02:58.014+0000] {processor.py:925} INFO - DAG(s) 'weather_ingestion' retrieved from /opt/airflow/dags/weather_dag.py
[2026-08-16T14:02:58.044+0000] {logging_mixin.py:190} INFO - [2026-08-16T14:02:58.044+0000] {dag.py:3239} INFO - Sync 1 DAGs
[2026-08-16T14:02:58.060+0000] {logging_mixin.py:190} INFO - [2026-08-16T14:02:58.060+0000] {dag.py:4180} INFO - Setting next_dagrun for weather_ingestion to 2026-08-16 14:00:00+00:00, run_after=2026-08-16 15:00:00+00:00
[2026-08-16T14:02:58.069+0000] {processor.py:208} INFO - Processing /opt/airflow/dags/weather_dag.py took 0.112 seconds
[2026-08-16T14:03:28.266+0000] {processor.py:186} INFO - Started process (PID=45043) to work on /opt/airflow/dags/weather_dag.py
[2026-08-16T14:03:28.268+0000] {processor.py:914} INFO - Processing file /opt/airflow/dags/weather_dag.py for tasks to queue
[2026-08-16T14:03:28.271+0000] {logging_mixin.py:190} INFO - [2026-08-16T14:03:28.270+0000] {dagbag.py:588} INFO - Filling up the DagBag from /opt/airflow/dags/weather_dag.py
[2026-08-16T14:03:28.281+0000] {processor.py:925} INFO - DAG(s) 'weather_ingestion' retrieved from /opt/airflow/dags/weather_dag.py
[2026-08-16T14:03:28.299+0000] {logging_mixin.py:190} INFO - [2026-08-16T14:03:28.299+0000] {dag.py:3239} INFO - Sync 1 DAGs
[2026-08-16T14:03:28.310+0000] {logging_mixin.py:190} INFO - [2026-08-16T14:03:28.310+0000] {dag.py:4180} INFO - Setting next_dagrun for weather_ingestion to 2026-08-16 14:00:00+00:00, run_after=2026-08-16 15:00:00+00:00
[2026-08-16T14:03:28.316+0000] {processor.py:208} INFO - Processing /opt/airflow/dags/weather_dag.py took 0.059 seconds
[2026-08-16T14:03:58.579+0000] {processor.py:186} INFO - Started process (PID=45048) to work on /opt/airflow/dags/weather_dag.py
[2026-08-16T14:03:58.581+0000] {processor.py:914} INFO - Processing file /opt/airflow/dags/weather_dag.py for tasks to queue
[2026-08-16T14:03:58.584+0000] {logging_mixin.py:190} INFO - [2026-08-16T14:03:58.583+0000] {dagbag.py:588} INFO - Filling up the DagBag from /opt/airflow/dags/weather_dag.py
[2026-08-16T14:03:58.594+0000] {processor.py:925} INFO - DAG(s) 'weather_ingestion' retrieved from /opt/airflow/dags/weather_dag.py
[2026-08-16T14:03:58.614+0000] {logging_mixin.py:190} INFO - [2026-08-16T14:03:58.614+0000] {dag.py:3239} INFO - Sync 1 DAGs
[2026-08-16T14:03:58.626+0000] {logging_mixin.py:190} INFO - [2026-08-16T14:03:58.626+0000] {dag.py:4180} INFO - Setting next_dagrun for weather_ingestion to 2026-08-16 14:00:00+00:00, run_after=2026-08-16 15:00:00+00:00
[2026-08-16T14:03:58.633+0000] {processor.py:208} INFO - Processing /opt/airflow/dags/weather_dag.py took 0.060 seconds
[2026-08-16T14:04:28.868+0000] {processor.py:186} INFO - Started process (PID=45429) to work on /opt/airflow/dags/weather_dag.py
[2026-08-16T14:04:28.870+0000] {processor.py:914} INFO - Processing file /opt/airflow/dags/weather_dag.py for tasks to queue
[2026-08-16T14:04:28.873+0000] {logging_mixin.py:190} INFO - [2026-08-16T14:04:28.872+0000] {dagbag.py:588} INFO - Filling up the DagBag from /opt/airflow/dags/weather_dag.py
[2026-08-16T14:04:28.881+0000] {processor.py:925} INFO - DAG(s) 'weather_ingestion' retrieved from /opt/airflow/dags/weather_dag.py
[2026-08-16T14:04:28.899+0000] {logging_mixin.py:190} INFO - [2026-08-16T14:04:28.899+0000] {dag.py:3239} INFO - Sync 1 DAGs
[2026-08-16T14:04:28.912+0000] {logging_mixin.py:190} INFO - [2026-08-16T14:04:28.911+0000] {dag.py:4180} INFO - Setting next_dagrun for weather_ingestion to 2026-08-16 14:00:00+00:00, run_after=2026-08-16 15:00:00+00:00
[2026-08-16T14:04:28.919+0000] {processor.py:208} INFO - Processing /opt/airflow/dags/weather_dag.py took 0.059 seconds
[2026-08-16T14:04:59.191+0000] {processor.py:186} INFO - Started process (PID=45434) to work on /opt/airflow/dags/weather_dag.py
[2026-08-16T14:04:59.193+0000] {processor.py:914} INFO - Processing file /opt/airflow/dags/weather_dag.py for tasks to queue
[2026-08-16T14:04:59.198+0000] {logging_mixin.py:190} INFO - [2026-08-16T14:04:59.197+0000] {dagbag.py:588} INFO - Filling up the DagBag from /opt/airflow/dags/weather_dag.py
[2026-08-16T14:04:59.213+0000] {processor.py:925} INFO - DAG(s) 'weather_ingestion' retrieved from /opt/airflow/dags/weather_dag.py
[2026-08-16T14:04:59.236+0000] {logging_mixin.py:190} INFO - [2026-08-16T14:04:59.235+0000] {dag.py:3239} INFO - Sync 1 DAGs
[2026-08-16T14:04:59.250+0000] {logging_mixin.py:190} INFO - [2026-08-16T14:04:59.250+0000] {dag.py:4180} INFO - Setting next_dagrun for weather_ingestion to 2026-08-16 14:00:00+00:00, run_after=2026-08-16 15:00:00+00:00
[2026-08-16T14:04:59.258+0000] {processor.py:208} INFO - Processing /opt/airflow/dags/weather_dag.py took 0.077 seconds
[2026-08-16T14:05:29.535+0000] {processor.py:186} INFO - Started process (PID=45439) to work on /opt/airflow/dags/weather_dag.py
[2026-08-16T14:05:29.537+0000] {processor.py:914} INFO - Processing file /opt/airflow/dags/weather_dag.py for tasks to queue
[2026-08-16T14:05:29.539+0000] {logging_mixin.py:190} INFO - [2026-08-16T14:05:29.539+0000] {dagbag.py:588} INFO - Filling up the DagBag from /opt/airflow/dags/weather_dag.py
[2026-08-16T14:05:29.549+0000] {processor.py:925} INFO - DAG(s) 'weather_ingestion' retrieved from /opt/airflow/dags/weather_dag.py
[2026-08-16T14:05:29.570+0000] {logging_mixin.py:190} INFO - [2026-08-16T14:05:29.570+0000] {dag.py:3239} INFO - Sync 1 DAGs
[2026-08-16T14:05:29.582+0000] {logging_mixin.py:190} INFO - [2026-08-16T14:05:29.582+0000] {dag.py:4180} INFO - Setting next_dagrun for weather_ingestion to 2026-08-16 14:00:00+00:00, run_after=2026-08-16 15:00:00+00:00
[2026-08-16T14:05:29.590+0000] {processor.py:208} INFO - Processing /opt/airflow/dags/weather_dag.py took 0.062 seconds
[2026-08-16T14:05:59.856+0000] {processor.py:186} INFO - Started process (PID=45444) to work on /opt/airflow/dags/weather_dag.py
[2026-08-16T14:05:59.860+0000] {processor.py:914} INFO - Processing file /opt/airflow/dags/weather_dag.py for tasks to queue
[2026-08-16T14:05:59.862+0000] {logging_mixin.py:190} INFO - [2026-08-16T14:05:59.862+0000] {dagbag.py:588} INFO - Filling up the DagBag from /opt/airflow/dags/weather_dag.py
[2026-08-16T14:05:59.873+0000] {processor.py:925} INFO - DAG(s) 'weather_ingestion' retrieved from /opt/airflow/dags/weather_dag.py
[2026-08-16T14:05:59.892+0000] {logging_mixin.py:190} INFO - [2026-08-16T14:05:59.892+0000] {dag.py:3239} INFO - Sync 1 DAGs
[2026-08-16T14:05:59.906+0000] {logging_mixin.py:190} INFO - [2026-08-16T14:05:59.906+0000] {dag.py:4180} INFO - Setting next_dagrun for weather_ingestion to 2026-08-16 14:00:00+00:00, run_after=2026-08-16 15:00:00+00:00
[2026-08-16T14:05:59.915+0000] {processor.py:208} INFO - Processing /opt/airflow/dags/weather_dag.py took 0.069 seconds
[2026-08-16T14:06:30.217+0000] {processor.py:186} INFO - Started process (PID=45449) to work on /opt/airflow/dags/weather_dag.py
[2026-08-16T14:06:30.219+0000] {processor.py:914} INFO - Processing file /opt/airflow/dags/weather_dag.py for tasks to queue
[2026-08-16T14:06:30.222+0000] {logging_mixin.py:190} INFO - [2026-08-16T14:06:30.221+0000] {dagbag.py:588} INFO - Filling up the DagBag from /opt/airflow/dags/weather_dag.py
[2026-08-16T14:06:30.232+0000] {processor.py:925} INFO - DAG(s) 'weather_ingestion' retrieved from /opt/airflow/dags/weather_dag.py
[2026-08-16T14:06:30.253+0000] {logging_mixin.py:190} INFO - [2026-08-16T14:06:30.253+0000] {dag.py:3239} INFO - Sync 1 DAGs
[2026-08-16T14:06:30.266+0000] {logging_mixin.py:190} INFO - [2026-08-16T14:06:30.266+0000] {dag.py:4180} INFO - Setting next_dagrun for weather_ingestion to 2026-08-16 14:00:00+00:00, run_after=2026-08-16 15:00:00+00:00
[2026-08-16T14:06:30.274+0000] {processor.py:208} INFO - Processing /opt/airflow/dags/weather_dag.py took 0.064 seconds
[2026-08-16T14:07:00.626+0000] {processor.py:186} INFO - Started process (PID=45454) to work on /opt/airflow/dags/weather_dag.py
[2026-08-16T14:07:00.629+0000] {processor.py:914} INFO - Processing file /opt/airflow/dags/weather_dag.py for tasks to queue
[2026-08-16T14:07:00.632+0000] {logging_mixin.py:190} INFO - [2026-08-16T14:07:00.632+0000] {dagbag.py:588} INFO - Filling up the DagBag from /opt/airflow/dags/weather_dag.py
[2026-08-16T14:07:00.647+0000] {processor.py:925} INFO - DAG(s) 'weather_ingestion' retrieved from /opt/airflow/dags/weather_dag.py
[2026-08-16T14:07:00.668+0000] {logging_mixin.py:190} INFO - [2026-08-16T14:07:00.667+0000] {dag.py:3239} INFO - Sync 1 DAGs
[2026-08-16T14:07:00.680+0000] {logging_mixin.py:190} INFO - [2026-08-16T14:07:00.680+0000] {dag.py:4180} INFO - Setting next_dagrun for weather_ingestion to 2026-08-16 14:00:00+00:00, run_after=2026-08-16 15:00:00+00:00
[2026-08-16T14:07:00.688+0000] {processor.py:208} INFO - Processing /opt/airflow/dags/weather_dag.py took 0.072 seconds
[2026-08-16T14:07:30.995+0000] {processor.py:186} INFO - Started process (PID=45459) to work on /opt/airflow/dags/weather_dag.py
[2026-08-16T14:07:30.997+0000] {processor.py:914} INFO - Processing file /opt/airflow/dags/weather_dag.py for tasks to queue
[2026-08-16T14:07:31.000+0000] {logging_mixin.py:190} INFO - [2026-08-16T14:07:30.999+0000] {dagbag.py:588} INFO - Filling up the DagBag from /opt/airflow/dags/weather_dag.py
[2026-08-16T14:07:31.011+0000] {processor.py:925} INFO - DAG(s) 'weather_ingestion' retrieved from /opt/airflow/dags/weather_dag.py
[2026-08-16T14:07:31.030+0000] {logging_mixin.py:190} INFO - [2026-08-16T14:07:31.030+0000] {dag.py:3239} INFO - Sync 1 DAGs
[2026-08-16T14:07:31.045+0000] {logging_mixin.py:190} INFO - [2026-08-16T14:07:31.045+0000] {dag.py:4180} INFO - Setting next_dagrun for weather_ingestion to 2026-08-16 14:00:00+00:00, run_after=2026-08-16 15:00:00+00:00
[2026-08-16T14:07:31.053+0000] {processor.py:208} INFO - Processing /opt/airflow/dags/weather_dag.py took 0.065 seconds
[2026-08-16T14:08:01.348+0000] {processor.py:186} INFO - Started process (PID=45464) to work on /opt/airflow/dags/weather_dag.py
[2026-08-16T14:08:01.350+0000] {processor.py:914} INFO - Processing file /opt/airflow/dags/weather_dag.py for tasks to queue
[2026-08-16T14:08:01.353+0000] {logging_mixin.py:190} INFO - [2026-08-16T14:08:01.352+0000] {dagbag.py:588} INFO - Filling up the DagBag from /opt/airflow/dags/weather_dag.py
[2026-08-16T14:08:01.362+0000] {processor.py:925} INFO - DAG(s) 'weather_ingestion' retrieved from /opt/airflow/dags/weather_dag.py
[2026-08-16T14:08:01.380+0000] {logging_mixin.py:190} INFO - [2026-08-16T14:08:01.380+0000] {dag.py:3239} INFO - Sync 1 DAGs
[2026-08-16T14:08:01.391+0000] {logging_mixin.py:190} INFO - [2026-08-16T14:08:01.391+0000] {dag.py:4180} INFO - Setting next_dagrun for weather_ingestion to 2026-08-16 14:00:00+00:00, run_after=2026-08-16 15:00:00+00:00
[2026-08-16T14:08:01.399+0000] {processor.py:208} INFO - Processing /opt/airflow/dags/weather_dag.py took 0.057 seconds
[2026-08-16T14:08:31.690+0000] {processor.py:186} INFO - Started process (PID=45469) to work on /opt/airflow/dags/weather_dag.py
[2026-08-16T14:08:31.691+0000] {processor.py:914} INFO - Processing file /opt/airflow/dags/weather_dag.py for tasks to queue
[2026-08-16T14:08:31.693+0000] {logging_mixin.py:190} INFO - [2026-08-16T14:08:31.693+0000] {dagbag.py:588} INFO - Filling up the DagBag from /opt/airflow/dags/weather_dag.py
[2026-08-16T14:08:31.702+0000] {processor.py:925} INFO - DAG(s) 'weather_ingestion' retrieved from /opt/airflow/dags/weather_dag.py
[2026-08-16T14:08:31.720+0000] {logging_mixin.py:190} INFO - [2026-08-16T14:08:31.719+0000] {dag.py:3239} INFO - Sync 1 DAGs
[2026-08-16T14:08:31.733+0000] {logging_mixin.py:190} INFO - [2026-08-16T14:08:31.732+0000] {dag.py:4180} INFO - Setting next_dagrun for weather_ingestion to 2026-08-16 14:00:00+00:00, run_after=2026-08-16 15:00:00+00:00
[2026-08-16T14:08:31.741+0000] {processor.py:208} INFO - Processing /opt/airflow/dags/weather_dag.py took 0.054 seconds
[2026-08-16T14:09:01.982+0000] {processor.py:186} INFO - Started process (PID=45474) to work on /opt/airflow/dags/weather_dag.py
[2026-08-16T14:09:01.983+0000] {processor.py:914} INFO - Processing file /opt/airflow/dags/weather_dag.py for tasks to queue
[2026-08-16T14:09:01.985+0000] {logging_mixin.py:190} INFO - [2026-08-16T14:09:01.985+0000] {dagbag.py:588} INFO - Filling up the DagBag from /opt/airflow/dags/weather_dag.py
[2026-08-16T14:09:01.996+0000] {processor.py:925} INFO - DAG(s) 'weather_ingestion' retrieved from /opt/airflow/dags/weather_dag.py
[2026-08-16T14:09:02.016+0000] {logging_mixin.py:190} INFO - [2026-08-16T14:09:02.016+0000] {dag.py:3239} INFO - Sync 1 DAGs
[2026-08-16T14:09:02.027+0000] {logging_mixin.py:190} INFO - [2026-08-16T14:09:02.027+0000] {dag.py:4180} INFO - Setting next_dagrun for weather_ingestion to 2026-08-16 14:00:00+00:00, run_after=2026-08-16 15:00:00+00:00
[2026-08-16T14:09:02.035+0000] {processor.py:208} INFO - Processing /opt/airflow/dags/weather_dag.py took 0.061 seconds
[2026-08-16T14:09:32.251+0000] {processor.py:186} INFO - Started process (PID=45479) to work on /opt/airflow/dags/weather_dag.py
[2026-08-16T14:09:32.252+0000] {processor.py:914} INFO - Processing file /opt/airflow/dags/weather_dag.py for tasks to queue
[2026-08-16T14:09:32.255+0000] {logging_mixin.py:190} INFO - [2026-08-16T14:09:32.254+0000] {dagbag.py:588} INFO - Filling up the DagBag from /opt/airflow/dags/weather_dag.py
[2026-08-16T14:09:32.265+0000] {processor.py:925} INFO - DAG(s) 'weather_ingestion' retrieved from /opt/airflow/dags/weather_dag.py
[2026-08-16T14:09:32.285+0000] {logging_mixin.py:190} INFO - [2026-08-16T14:09:32.285+0000] {dag.py:3239} INFO - Sync 1 DAGs
[2026-08-16T14:09:32.296+0000] {logging_mixin.py:190} INFO - [2026-08-16T14:09:32.296+0000] {dag.py:4180} INFO - Setting next_dagrun for weather_ingestion to 2026-08-16 14:00:00+00:00, run_after=2026-08-16 15:00:00+00:00
[2026-08-16T14:09:32.304+0000] {processor.py:208} INFO - Processing /opt/airflow/dags/weather_dag.py took 0.061 seconds
[2026-08-16T14:10:02.531+0000] {processor.py:186} INFO - Started process (PID=45484) to work on /opt/airflow/dags/weather_dag.py
[2026-08-16T14:10:02.532+0000] {processor.py:914} INFO - Processing file /opt/airflow/dags/weather_dag.py for tasks to queue
[2026-08-16T14:10:02.534+0000] {logging_mixin.py:190} INFO - [2026-08-16T14:10:02.534+0000] {dagbag.py:588} INFO - Filling up the DagBag from /opt/airflow/dags/weather_dag.py
[2026-08-16T14:10:02.544+0000] {processor.py:925} INFO - DAG(s) 'weather_ingestion' retrieved from /opt/airflow/dags/weather_dag.py
[2026-08-16T14:10:02.563+0000] {logging_mixin.py:190} INFO - [2026-08-16T14:10:02.563+0000] {dag.py:3239} INFO - Sync 1 DAGs
[2026-08-16T14:10:02.574+0000] {logging_mixin.py:190} INFO - [2026-08-16T14:10:02.574+0000] {dag.py:4180} INFO - Setting next_dagrun for weather_ingestion to 2026-08-16 14:00:00+00:00, run_after=2026-08-16 15:00:00+00:00
[2026-08-16T14:10:02.582+0000] {processor.py:208} INFO - Processing /opt/airflow/dags/weather_dag.py took 0.057 seconds
[2026-08-16T14:10:32.807+0000] {processor.py:186} INFO - Started process (PID=45489) to work on /opt/airflow/dags/weather_dag.py
[2026-08-16T14:10:32.809+0000] {processor.py:914} INFO - Processing file /opt/airflow/dags/weather_dag.py for tasks to queue
[2026-08-16T14:10:32.812+0000] {logging_mixin.py:190} INFO - [2026-08-16T14:10:32.812+0000] {dagbag.py:588} INFO - Filling up the DagBag from /opt/airflow/dags/weather_dag.py
[2026-08-16T14:10:32.827+0000] {processor.py:925} INFO - DAG(s) 'weather_ingestion' retrieved from /opt/airflow/dags/weather_dag.py
[2026-08-16T14:10:32.851+0000] {logging_mixin.py:190} INFO - [2026-08-16T14:10:32.851+0000] {dag.py:3239} INFO - Sync 1 DAGs
[2026-08-16T14:10:32.866+0000] {logging_mixin.py:190} INFO - [2026-08-16T14:10:32.866+0000] {dag.py:4180} INFO - Setting next_dagrun for weather_ingestion to 2026-08-16 14:00:00+00:00, run_after=2026-08-16 15:00:00+00:00
[2026-08-16T14:10:32.874+0000] {processor.py:208} INFO - Processing /opt/airflow/dags/weather_dag.py took 0.081 seconds
[2026-08-16T14:11:03.116+0000] {processor.py:186} INFO - Started process (PID=45494) to work on /opt/airflow/dags/weather_dag.py
[2026-08-16T14:11:03.117+0000] {processor.py:914} INFO - Processing file /opt/airflow/dags/weather_dag.py for tasks to queue
[2026-08-16T14:11:03.119+0000] {logging_mixin.py:190} INFO - [2026-08-16T14:11:03.119+0000] {dagbag.py:588} INFO - Filling up the DagBag from /opt/airflow/dags/weather_dag.py
[2026-08-16T14:11:03.130+0000] {processor.py:925} INFO - DAG(s) 'weather_ingestion' retrieved from /opt/airflow/dags/weather_dag.py
[2026-08-16T14:11:03.149+0000] {logging_mixin.py:190} INFO - [2026-08-16T14:11:03.149+0000] {dag.py:3239} INFO - Sync 1 DAGs
[2026-08-16T14:11:03.163+0000] {logging_mixin.py:190} INFO - [2026-08-16T14:11:03.163+0000] {dag.py:4180} INFO - Setting next_dagrun for weather_ingestion to 2026-08-16 14:00:00+00:00, run_after=2026-08-16 15:00:00+00:00
[2026-08-16T14:11:03.171+0000] {processor.py:208} INFO - Processing /opt/airflow/dags/weather_dag.py took 0.061 seconds
[2026-08-16T14:11:33.482+0000] {processor.py:186} INFO - Started process (PID=45499) to work on /opt/airflow/dags/weather_dag.py
[2026-08-16T14:11:33.484+0000] {processor.py:914} INFO - Processing file /opt/airflow/dags/weather_dag.py for tasks to queue
[2026-08-16T14:11:33.486+0000] {logging_mixin.py:190} INFO - [2026-08-16T14:11:33.486+0000] {dagbag.py:588} INFO - Filling up the DagBag from /opt/airflow/dags/weather_dag.py
[2026-08-16T14:11:33.498+0000] {processor.py:925} INFO - DAG(s) 'weather_ingestion' retrieved from /opt/airflow/dags/weather_dag.py
[2026-08-16T14:11:33.518+0000] {logging_mixin.py:190} INFO - [2026-08-16T14:11:33.518+0000] {dag.py:3239} INFO - Sync 1 DAGs
[2026-08-16T14:11:33.530+0000] {logging_mixin.py:190} INFO - [2026-08-16T14:11:33.530+0000] {dag.py:4180} INFO - Setting next_dagrun for weather_ingestion to 2026-08-16 14:00:00+00:00, run_after=2026-08-16 15:00:00+00:00
[2026-08-16T14:11:33.537+0000] {processor.py:208} INFO - Processing /opt/airflow/dags/weather_dag.py took 0.061 seconds
[2026-08-16T14:12:03.832+0000] {processor.py:186} INFO - Started process (PID=45504) to work on /opt/airflow/dags/weather_dag.py
[2026-08-16T14:12:03.834+0000] {processor.py:914} INFO - Processing file /opt/airflow/dags/weather_dag.py for tasks to queue
[2026-08-16T14:12:03.837+0000] {logging_mixin.py:190} INFO - [2026-08-16T14:12:03.836+0000] {dagbag.py:588} INFO - Filling up the DagBag from /opt/airflow/dags/weather_dag.py
[2026-08-16T14:12:03.849+0000] {processor.py:925} INFO - DAG(s) 'weather_ingestion' retrieved from /opt/airflow/dags/weather_dag.py
[2026-08-16T14:12:03.870+0000] {logging_mixin.py:190} INFO - [2026-08-16T14:12:03.870+0000] {dag.py:3239} INFO - Sync 1 DAGs
[2026-08-16T14:12:03.883+0000] {logging_mixin.py:190} INFO - [2026-08-16T14:12:03.883+0000] {dag.py:4180} INFO - Setting next_dagrun for weather_ingestion to 2026-08-16 14:00:00+00:00, run_after=2026-08-16 15:00:00+00:00
[2026-08-16T14:12:03.891+0000] {processor.py:208} INFO - Processing /opt/airflow/dags/weather_dag.py took 0.069 seconds
[2026-08-16T14:12:34.183+0000] {processor.py:186} INFO - Started process (PID=45509) to work on /opt/airflow/dags/weather_dag.py
[2026-08-16T14:12:34.184+0000] {processor.py:914} INFO - Processing file /opt/airflow/dags/weather_dag.py for tasks to queue
[2026-08-16T14:12:34.187+0000] {logging_mixin.py:190} INFO - [2026-08-16T14:12:34.187+0000] {dagbag.py:588} INFO - Filling up the DagBag from /opt/airflow/dags/weather_dag.py
[2026-08-16T14:12:34.200+0000] {processor.py:925} INFO - DAG(s) 'weather_ingestion' retrieved from /opt/airflow/dags/weather_dag.py
[2026-08-16T14:12:34.221+0000] {logging_mixin.py:190} INFO - [2026-08-16T14:12:34.221+0000] {dag.py:3239} INFO - Sync 1 DAGs
[2026-08-16T14:12:34.234+0000] {logging_mixin.py:190} INFO - [2026-08-16T14:12:34.234+0000] {dag.py:4180} INFO - Setting next_dagrun for weather_ingestion to 2026-08-16 14:00:00+00:00, run_after=2026-08-16 15:00:00+00:00
[2026-08-16T14:12:34.243+0000] {processor.py:208} INFO - Processing /opt/airflow/dags/weather_dag.py took 0.069 seconds
[2026-08-16T14:13:04.514+0000] {processor.py:186} INFO - Started process (PID=45514) to work on /opt/airflow/dags/weather_dag.py
[2026-08-16T14:13:04.517+0000] {processor.py:914} INFO - Processing file /opt/airflow/dags/weather_dag.py for tasks to queue
[2026-08-16T14:13:04.519+0000] {logging_mixin.py:190} INFO - [2026-08-16T14:13:04.519+0000] {dagbag.py:588} INFO - Filling up the DagBag from /opt/airflow/dags/weather_dag.py
[2026-08-16T14:13:04.530+0000] {processor.py:925} INFO - DAG(s) 'weather_ingestion' retrieved from /opt/airflow/dags/weather_dag.py
[2026-08-16T14:13:04.550+0000] {logging_mixin.py:190} INFO - [2026-08-16T14:13:04.550+0000] {dag.py:3239} INFO - Sync 1 DAGs
[2026-08-16T14:13:04.562+0000] {logging_mixin.py:190} INFO - [2026-08-16T14:13:04.562+0000] {dag.py:4180} INFO - Setting next_dagrun for weather_ingestion to 2026-08-16 14:00:00+00:00, run_after=2026-08-16 15:00:00+00:00
[2026-08-16T14:13:04.570+0000] {processor.py:208} INFO - Processing /opt/airflow/dags/weather_dag.py took 0.064 seconds
[2026-08-16T14:13:34.820+0000] {processor.py:186} INFO - Started process (PID=45519) to work on /opt/airflow/dags/weather_dag.py
[2026-08-16T14:13:34.822+0000] {processor.py:914} INFO - Processing file /opt/airflow/dags/weather_dag.py for tasks to queue
[2026-08-16T14:13:34.824+0000] {logging_mixin.py:190} INFO - [2026-08-16T14:13:34.824+0000] {dagbag.py:588} INFO - Filling up the DagBag from /opt/airflow/dags/weather_dag.py
[2026-08-16T14:13:34.833+0000] {processor.py:925} INFO - DAG(s) 'weather_ingestion' retrieved from /opt/airflow/dags/weather_dag.py
[2026-08-16T14:13:34.850+0000] {logging_mixin.py:190} INFO - [2026-08-16T14:13:34.850+0000] {dag.py:3239} INFO - Sync 1 DAGs
[2026-08-16T14:13:34.861+0000] {logging_mixin.py:190} INFO - [2026-08-16T14:13:34.861+0000] {dag.py:4180} INFO - Setting next_dagrun for weather_ingestion to 2026-08-16 14:00:00+00:00, run_after=2026-08-16 15:00:00+00:00
[2026-08-16T14:13:34.868+0000] {processor.py:208} INFO - Processing /opt/airflow/dags/weather_dag.py took 0.057 seconds
[2026-08-16T14:14:05.144+0000] {processor.py:186} INFO - Started process (PID=45524) to work on /opt/airflow/dags/weather_dag.py
[2026-08-16T14:14:05.146+0000] {processor.py:914} INFO - Processing file /opt/airflow/dags/weather_dag.py for tasks to queue
[2026-08-16T14:14:05.148+0000] {logging_mixin.py:190} INFO - [2026-08-16T14:14:05.148+0000] {dagbag.py:588} INFO - Filling up the DagBag from /opt/airflow/dags/weather_dag.py
[2026-08-16T14:14:05.159+0000] {processor.py:925} INFO - DAG(s) 'weather_ingestion' retrieved from /opt/airflow/dags/weather_dag.py
[2026-08-16T14:14:05.178+0000] {logging_mixin.py:190} INFO - [2026-08-16T14:14:05.178+0000] {dag.py:3239} INFO - Sync 1 DAGs
[2026-08-16T14:14:05.190+0000] {logging_mixin.py:190} INFO - [2026-08-16T14:14:05.190+0000] {dag.py:4180} INFO - Setting next_dagrun for weather_ingestion to 2026-08-16 14:00:00+00:00, run_after=2026-08-16 15:00:00+00:00
[2026-08-16T14:14:05.198+0000] {processor.py:208} INFO - Processing /opt/airflow/dags/weather_dag.py took 0.061 seconds
[2026-08-16T14:14:35.478+0000] {processor.py:186} INFO - Started process (PID=45529) to work on /opt/airflow/dags/weather_dag.py
[2026-08-16T14:14:35.480+0000] {processor.py:914} INFO - Processing file /opt/airflow/dags/weather_dag.py for tasks to queue
[2026-08-16T14:14:35.482+0000] {logging_mixin.py:190} INFO - [2026-08-16T14:14:35.482+0000] {dagbag.py:588} INFO - Filling up the DagBag from /opt/airflow/dags/weather_dag.py
[2026-08-16T14:14:35.494+0000] {processor.py:925} INFO - DAG(s) 'weather_ingestion' retrieved from /opt/airflow/dags/weather_dag.py
[2026-08-16T14:14:35.512+0000] {logging_mixin.py:190} INFO - [2026-08-16T14:14:35.512+0000] {dag.py:3239} INFO - Sync 1 DAGs
[2026-08-16T14:14:35.524+0000] {logging_mixin.py:190} INFO - [2026-08-16T14:14:35.524+0000] {dag.py:4180} INFO - Setting next_dagrun for weather_ingestion to 2026-08-16 14:00:00+00:00, run_after=2026-08-16 15:00:00+00:00
[2026-08-16T14:14:35.531+0000] {processor.py:208} INFO - Processing /opt/airflow/dags/weather_dag.py took 0.060 seconds
[2026-08-16T14:15:05.834+0000] {processor.py:186} INFO - Started process (PID=45534) to work on /opt/airflow/dags/weather_dag.py
[2026-08-16T14:15:05.835+0000] {processor.py:914} INFO - Processing file /opt/airflow/dags/weather_dag.py for tasks to queue
[2026-08-16T14:15:05.837+0000] {logging_mixin.py:190} INFO - [2026-08-16T14:15:05.837+0000] {dagbag.py:588} INFO - Filling up the DagBag from /opt/airflow/dags/weather_dag.py
[2026-08-16T14:15:05.848+0000] {processor.py:925} INFO - DAG(s) 'weather_ingestion' retrieved from /opt/airflow/dags/weather_dag.py
[2026-08-16T14:15:05.869+0000] {logging_mixin.py:190} INFO - [2026-08-16T14:15:05.869+0000] {dag.py:3239} INFO - Sync 1 DAGs
[2026-08-16T14:15:05.880+0000] {logging_mixin.py:190} INFO - [2026-08-16T14:15:05.880+0000] {dag.py:4180} INFO - Setting next_dagrun for weather_ingestion to 2026-08-16 14:00:00+00:00, run_after=2026-08-16 15:00:00+00:00
[2026-08-16T14:15:05.887+0000] {processor.py:208} INFO - Processing /opt/airflow/dags/weather_dag.py took 0.059 seconds
[2026-08-16T14:15:36.058+0000] {processor.py:186} INFO - Started process (PID=45539) to work on /opt/airflow/dags/weather_dag.py
[2026-08-16T14:15:36.065+0000] {processor.py:914} INFO - Processing file /opt/airflow/dags/weather_dag.py for tasks to queue
[2026-08-16T14:15:36.087+0000] {logging_mixin.py:190} INFO - [2026-08-16T14:15:36.081+0000] {dagbag.py:588} INFO - Filling up the DagBag from /opt/airflow/dags/weather_dag.py
[2026-08-16T14:15:36.192+0000] {processor.py:925} INFO - DAG(s) 'weather_ingestion' retrieved from /opt/airflow/dags/weather_dag.py
[2026-08-16T14:15:36.383+0000] {logging_mixin.py:190} INFO - [2026-08-16T14:15:36.382+0000] {dag.py:3239} INFO - Sync 1 DAGs
[2026-08-16T14:15:36.620+0000] {logging_mixin.py:190} INFO - [2026-08-16T14:15:36.620+0000] {dag.py:4180} INFO - Setting next_dagrun for weather_ingestion to 2026-08-16 14:00:00+00:00, run_after=2026-08-16 15:00:00+00:00
[2026-08-16T14:15:36.698+0000] {processor.py:208} INFO - Processing /opt/airflow/dags/weather_dag.py took 0.672 seconds
[2026-08-16T14:31:25.795+0000] {processor.py:186} INFO - Started process (PID=45544) to work on /opt/airflow/dags/weather_dag.py
[2026-08-16T14:31:25.796+0000] {processor.py:914} INFO - Processing file /opt/airflow/dags/weather_dag.py for tasks to queue
[2026-08-16T14:31:25.798+0000] {logging_mixin.py:190} INFO - [2026-08-16T14:31:25.798+0000] {dagbag.py:588} INFO - Filling up the DagBag from /opt/airflow/dags/weather_dag.py
[2026-08-16T14:31:25.805+0000] {processor.py:925} INFO - DAG(s) 'weather_ingestion' retrieved from /opt/airflow/dags/weather_dag.py
[2026-08-16T14:31:25.823+0000] {logging_mixin.py:190} INFO - [2026-08-16T14:31:25.823+0000] {dag.py:3239} INFO - Sync 1 DAGs
[2026-08-16T14:31:25.835+0000] {logging_mixin.py:190} INFO - [2026-08-16T14:31:25.835+0000] {dag.py:4180} INFO - Setting next_dagrun for weather_ingestion to 2026-08-16 14:00:00+00:00, run_after=2026-08-16 15:00:00+00:00
[2026-08-16T14:31:25.842+0000] {processor.py:208} INFO - Processing /opt/airflow/dags/weather_dag.py took 0.057 seconds
[2026-08-16T14:31:56.162+0000] {processor.py:186} INFO - Started process (PID=45549) to work on /opt/airflow/dags/weather_dag.py
[2026-08-16T14:31:56.163+0000] {processor.py:914} INFO - Processing file /opt/airflow/dags/weather_dag.py for tasks to queue
[2026-08-16T14:31:56.167+0000] {logging_mixin.py:190} INFO - [2026-08-16T14:31:56.166+0000] {dagbag.py:588} INFO - Filling up the DagBag from /opt/airflow/dags/weather_dag.py
[2026-08-16T14:31:56.185+0000] {processor.py:925} INFO - DAG(s) 'weather_ingestion' retrieved from /opt/airflow/dags/weather_dag.py
[2026-08-16T14:31:56.232+0000] {logging_mixin.py:190} INFO - [2026-08-16T14:31:56.232+0000] {dag.py:3239} INFO - Sync 1 DAGs
[2026-08-16T14:31:56.249+0000] {logging_mixin.py:190} INFO - [2026-08-16T14:31:56.249+0000] {dag.py:4180} INFO - Setting next_dagrun for weather_ingestion to 2026-08-16 14:00:00+00:00, run_after=2026-08-16 15:00:00+00:00
[2026-08-16T14:31:56.258+0000] {processor.py:208} INFO - Processing /opt/airflow/dags/weather_dag.py took 0.107 seconds
[2026-08-16T14:32:26.557+0000] {processor.py:186} INFO - Started process (PID=45554) to work on /opt/airflow/dags/weather_dag.py
[2026-08-16T14:32:26.559+0000] {processor.py:914} INFO - Processing file /opt/airflow/dags/weather_dag.py for tasks to queue
[2026-08-16T14:32:26.563+0000] {logging_mixin.py:190} INFO - [2026-08-16T14:32:26.562+0000] {dagbag.py:588} INFO - Filling up the DagBag from /opt/airflow/dags/weather_dag.py
[2026-08-16T14:32:26.580+0000] {processor.py:925} INFO - DAG(s) 'weather_ingestion' retrieved from /opt/airflow/dags/weather_dag.py
[2026-08-16T14:32:26.603+0000] {logging_mixin.py:190} INFO - [2026-08-16T14:32:26.603+0000] {dag.py:3239} INFO - Sync 1 DAGs
[2026-08-16T14:32:26.618+0000] {logging_mixin.py:190} INFO - [2026-08-16T14:32:26.618+0000] {dag.py:4180} INFO - Setting next_dagrun for weather_ingestion to 2026-08-16 14:00:00+00:00, run_after=2026-08-16 15:00:00+00:00
[2026-08-16T14:32:26.626+0000] {processor.py:208} INFO - Processing /opt/airflow/dags/weather_dag.py took 0.085 seconds
[2026-08-16T14:32:56.877+0000] {processor.py:186} INFO - Started process (PID=45559) to work on /opt/airflow/dags/weather_dag.py
[2026-08-16T14:32:56.878+0000] {processor.py:914} INFO - Processing file /opt/airflow/dags/weather_dag.py for tasks to queue
[2026-08-16T14:32:56.881+0000] {logging_mixin.py:190} INFO - [2026-08-16T14:32:56.880+0000] {dagbag.py:588} INFO - Filling up the DagBag from /opt/airflow/dags/weather_dag.py
[2026-08-16T14:32:56.892+0000] {processor.py:925} INFO - DAG(s) 'weather_ingestion' retrieved from /opt/airflow/dags/weather_dag.py
[2026-08-16T14:32:56.910+0000] {logging_mixin.py:190} INFO - [2026-08-16T14:32:56.910+0000] {dag.py:3239} INFO - Sync 1 DAGs
[2026-08-16T14:32:56.922+0000] {logging_mixin.py:190} INFO - [2026-08-16T14:32:56.922+0000] {dag.py:4180} INFO - Setting next_dagrun for weather_ingestion to 2026-08-16 14:00:00+00:00, run_after=2026-08-16 15:00:00+00:00
[2026-08-16T14:32:56.929+0000] {processor.py:208} INFO - Processing /opt/airflow/dags/weather_dag.py took 0.061 seconds
[2026-08-16T14:33:27.247+0000] {processor.py:186} INFO - Started process (PID=45564) to work on /opt/airflow/dags/weather_dag.py
[2026-08-16T14:33:27.248+0000] {processor.py:914} INFO - Processing file /opt/airflow/dags/weather_dag.py for tasks to queue
[2026-08-16T14:33:27.250+0000] {logging_mixin.py:190} INFO - [2026-08-16T14:33:27.250+0000] {dagbag.py:588} INFO - Filling up the DagBag from /opt/airflow/dags/weather_dag.py
[2026-08-16T14:33:27.261+0000] {processor.py:925} INFO - DAG(s) 'weather_ingestion' retrieved from /opt/airflow/dags/weather_dag.py
[2026-08-16T14:33:27.280+0000] {logging_mixin.py:190} INFO - [2026-08-16T14:33:27.280+0000] {dag.py:3239} INFO - Sync 1 DAGs
[2026-08-16T14:33:27.292+0000] {logging_mixin.py:190} INFO - [2026-08-16T14:33:27.292+0000] {dag.py:4180} INFO - Setting next_dagrun for weather_ingestion to 2026-08-16 14:00:00+00:00, run_after=2026-08-16 15:00:00+00:00
[2026-08-16T14:33:27.299+0000] {processor.py:208} INFO - Processing /opt/airflow/dags/weather_dag.py took 0.059 seconds
[2026-08-16T14:33:57.615+0000] {processor.py:186} INFO - Started process (PID=45569) to work on /opt/airflow/dags/weather_dag.py
[2026-08-16T14:33:57.617+0000] {processor.py:914} INFO - Processing file /opt/airflow/dags/weather_dag.py for tasks to queue
[2026-08-16T14:33:57.622+0000] {logging_mixin.py:190} INFO - [2026-08-16T14:33:57.621+0000] {dagbag.py:588} INFO - Filling up the DagBag from /opt/airflow/dags/weather_dag.py
[2026-08-16T14:33:57.638+0000] {processor.py:925} INFO - DAG(s) 'weather_ingestion' retrieved from /opt/airflow/dags/weather_dag.py
[2026-08-16T14:33:57.669+0000] {logging_mixin.py:190} INFO - [2026-08-16T14:33:57.669+0000] {dag.py:3239} INFO - Sync 1 DAGs
[2026-08-16T14:33:57.686+0000] {logging_mixin.py:190} INFO - [2026-08-16T14:33:57.686+0000] {dag.py:4180} INFO - Setting next_dagrun for weather_ingestion to 2026-08-16 14:00:00+00:00, run_after=2026-08-16 15:00:00+00:00
[2026-08-16T14:33:57.696+0000] {processor.py:208} INFO - Processing /opt/airflow/dags/weather_dag.py took 0.092 seconds
[2026-08-16T14:34:27.970+0000] {processor.py:186} INFO - Started process (PID=45574) to work on /opt/airflow/dags/weather_dag.py
[2026-08-16T14:34:27.971+0000] {processor.py:914} INFO - Processing file /opt/airflow/dags/weather_dag.py for tasks to queue
[2026-08-16T14:34:27.978+0000] {logging_mixin.py:190} INFO - [2026-08-16T14:34:27.977+0000] {dagbag.py:588} INFO - Filling up the DagBag from /opt/airflow/dags/weather_dag.py
[2026-08-16T14:34:28.000+0000] {processor.py:925} INFO - DAG(s) 'weather_ingestion' retrieved from /opt/airflow/dags/weather_dag.py
[2026-08-16T14:34:28.028+0000] {logging_mixin.py:190} INFO - [2026-08-16T14:34:28.027+0000] {dag.py:3239} INFO - Sync 1 DAGs
[2026-08-16T14:34:28.050+0000] {logging_mixin.py:190} INFO - [2026-08-16T14:34:28.050+0000] {dag.py:4180} INFO - Setting next_dagrun for weather_ingestion to 2026-08-16 14:00:00+00:00, run_after=2026-08-16 15:00:00+00:00
[2026-08-16T14:34:28.059+0000] {processor.py:208} INFO - Processing /opt/airflow/dags/weather_dag.py took 0.102 seconds
[2026-08-16T14:34:58.276+0000] {processor.py:186} INFO - Started process (PID=45579) to work on /opt/airflow/dags/weather_dag.py
[2026-08-16T14:34:58.278+0000] {processor.py:914} INFO - Processing file /opt/airflow/dags/weather_dag.py for tasks to queue
[2026-08-16T14:34:58.280+0000] {logging_mixin.py:190} INFO - [2026-08-16T14:34:58.280+0000] {dagbag.py:588} INFO - Filling up the DagBag from /opt/airflow/dags/weather_dag.py
[2026-08-16T14:34:58.289+0000] {processor.py:925} INFO - DAG(s) 'weather_ingestion' retrieved from /opt/airflow/dags/weather_dag.py
[2026-08-16T14:34:58.310+0000] {logging_mixin.py:190} INFO - [2026-08-16T14:34:58.310+0000] {dag.py:3239} INFO - Sync 1 DAGs
[2026-08-16T14:34:58.325+0000] {logging_mixin.py:190} INFO - [2026-08-16T14:34:58.325+0000] {dag.py:4180} INFO - Setting next_dagrun for weather_ingestion to 2026-08-16 14:00:00+00:00, run_after=2026-08-16 15:00:00+00:00
[2026-08-16T14:34:58.333+0000] {processor.py:208} INFO - Processing /opt/airflow/dags/weather_dag.py took 0.067 seconds
[2026-08-16T14:35:28.678+0000] {processor.py:186} INFO - Started process (PID=45584) to work on /opt/airflow/dags/weather_dag.py
[2026-08-16T14:35:28.680+0000] {processor.py:914} INFO - Processing file /opt/airflow/dags/weather_dag.py for tasks to queue
[2026-08-16T14:35:28.683+0000] {logging_mixin.py:190} INFO - [2026-08-16T14:35:28.683+0000] {dagbag.py:588} INFO - Filling up the DagBag from /opt/airflow/dags/weather_dag.py
[2026-08-16T14:35:28.695+0000] {processor.py:925} INFO - DAG(s) 'weather_ingestion' retrieved from /opt/airflow/dags/weather_dag.py
[2026-08-16T14:35:28.714+0000] {logging_mixin.py:190} INFO - [2026-08-16T14:35:28.714+0000] {dag.py:3239} INFO - Sync 1 DAGs
[2026-08-16T14:35:28.727+0000] {logging_mixin.py:190} INFO - [2026-08-16T14:35:28.727+0000] {dag.py:4180} INFO - Setting next_dagrun for weather_ingestion to 2026-08-16 14:00:00+00:00, run_after=2026-08-16 15:00:00+00:00
[2026-08-16T14:35:28.734+0000] {processor.py:208} INFO - Processing /opt/airflow/dags/weather_dag.py took 0.065 seconds
[2026-08-16T14:35:59.009+0000] {processor.py:186} INFO - Started process (PID=45589) to work on /opt/airflow/dags/weather_dag.py
[2026-08-16T14:35:59.011+0000] {processor.py:914} INFO - Processing file /opt/airflow/dags/weather_dag.py for tasks to queue
[2026-08-16T14:35:59.014+0000] {logging_mixin.py:190} INFO - [2026-08-16T14:35:59.013+0000] {dagbag.py:588} INFO - Filling up the DagBag from /opt/airflow/dags/weather_dag.py
[2026-08-16T14:35:59.023+0000] {processor.py:925} INFO - DAG(s) 'weather_ingestion' retrieved from /opt/airflow/dags/weather_dag.py
[2026-08-16T14:35:59.041+0000] {logging_mixin.py:190} INFO - [2026-08-16T14:35:59.041+0000] {dag.py:3239} INFO - Sync 1 DAGs
[2026-08-16T14:35:59.054+0000] {logging_mixin.py:190} INFO - [2026-08-16T14:35:59.054+0000] {dag.py:4180} INFO - Setting next_dagrun for weather_ingestion to 2026-08-16 14:00:00+00:00, run_after=2026-08-16 15:00:00+00:00
[2026-08-16T14:35:59.063+0000] {processor.py:208} INFO - Processing /opt/airflow/dags/weather_dag.py took 0.061 seconds
[2026-08-16T14:36:29.374+0000] {processor.py:186} INFO - Started process (PID=45594) to work on /opt/airflow/dags/weather_dag.py
[2026-08-16T14:36:29.376+0000] {processor.py:914} INFO - Processing file /opt/airflow/dags/weather_dag.py for tasks to queue
[2026-08-16T14:36:29.379+0000] {logging_mixin.py:190} INFO - [2026-08-16T14:36:29.378+0000] {dagbag.py:588} INFO - Filling up the DagBag from /opt/airflow/dags/weather_dag.py
[2026-08-16T14:36:29.394+0000] {processor.py:925} INFO - DAG(s) 'weather_ingestion' retrieved from /opt/airflow/dags/weather_dag.py
[2026-08-16T14:36:29.415+0000] {logging_mixin.py:190} INFO - [2026-08-16T14:36:29.415+0000] {dag.py:3239} INFO - Sync 1 DAGs
[2026-08-16T14:36:29.428+0000] {logging_mixin.py:190} INFO - [2026-08-16T14:36:29.428+0000] {dag.py:4180} INFO - Setting next_dagrun for weather_ingestion to 2026-08-16 14:00:00+00:00, run_after=2026-08-16 15:00:00+00:00
[2026-08-16T14:36:29.435+0000] {processor.py:208} INFO - Processing /opt/airflow/dags/weather_dag.py took 0.074 seconds
[2026-08-16T14:36:59.695+0000] {processor.py:186} INFO - Started process (PID=45599) to work on /opt/airflow/dags/weather_dag.py
[2026-08-16T14:36:59.697+0000] {processor.py:914} INFO - Processing file /opt/airflow/dags/weather_dag.py for tasks to queue
[2026-08-16T14:36:59.701+0000] {logging_mixin.py:190} INFO - [2026-08-16T14:36:59.700+0000] {dagbag.py:588} INFO - Filling up the DagBag from /opt/airflow/dags/weather_dag.py
[2026-08-16T14:36:59.716+0000] {processor.py:925} INFO - DAG(s) 'weather_ingestion' retrieved from /opt/airflow/dags/weather_dag.py
[2026-08-16T14:36:59.744+0000] {logging_mixin.py:190} INFO - [2026-08-16T14:36:59.744+0000] {dag.py:3239} INFO - Sync 1 DAGs
[2026-08-16T14:36:59.762+0000] {logging_mixin.py:190} INFO - [2026-08-16T14:36:59.762+0000] {dag.py:4180} INFO - Setting next_dagrun for weather_ingestion to 2026-08-16 14:00:00+00:00, run_after=2026-08-16 15:00:00+00:00
[2026-08-16T14:36:59.771+0000] {processor.py:208} INFO - Processing /opt/airflow/dags/weather_dag.py took 0.086 seconds
[2026-08-16T14:37:30.047+0000] {processor.py:186} INFO - Started process (PID=45604) to work on /opt/airflow/dags/weather_dag.py
[2026-08-16T14:37:30.049+0000] {processor.py:914} INFO - Processing file /opt/airflow/dags/weather_dag.py for tasks to queue
[2026-08-16T14:37:30.051+0000] {logging_mixin.py:190} INFO - [2026-08-16T14:37:30.051+0000] {dagbag.py:588} INFO - Filling up the DagBag from /opt/airflow/dags/weather_dag.py
[2026-08-16T14:37:30.061+0000] {processor.py:925} INFO - DAG(s) 'weather_ingestion' retrieved from /opt/airflow/dags/weather_dag.py
[2026-08-16T14:37:30.076+0000] {logging_mixin.py:190} INFO - [2026-08-16T14:37:30.076+0000] {dag.py:3239} INFO - Sync 1 DAGs
[2026-08-16T14:37:30.088+0000] {logging_mixin.py:190} INFO - [2026-08-16T14:37:30.088+0000] {dag.py:4180} INFO - Setting next_dagrun for weather_ingestion to 2026-08-16 14:00:00+00:00, run_after=2026-08-16 15:00:00+00:00
[2026-08-16T14:37:30.095+0000] {processor.py:208} INFO - Processing /opt/airflow/dags/weather_dag.py took 0.064 seconds
[2026-08-16T14:38:00.416+0000] {processor.py:186} INFO - Started process (PID=45609) to work on /opt/airflow/dags/weather_dag.py
[2026-08-16T14:38:00.419+0000] {processor.py:914} INFO - Processing file /opt/airflow/dags/weather_dag.py for tasks to queue
[2026-08-16T14:38:00.422+0000] {logging_mixin.py:190} INFO - [2026-08-16T14:38:00.422+0000] {dagbag.py:588} INFO - Filling up the DagBag from /opt/airflow/dags/weather_dag.py
[2026-08-16T14:38:00.432+0000] {processor.py:925} INFO - DAG(s) 'weather_ingestion' retrieved from /opt/airflow/dags/weather_dag.py
[2026-08-16T14:38:00.467+0000] {logging_mixin.py:190} INFO - [2026-08-16T14:38:00.467+0000] {dag.py:3239} INFO - Sync 1 DAGs
[2026-08-16T14:38:00.489+0000] {logging_mixin.py:190} INFO - [2026-08-16T14:38:00.489+0000] {dag.py:4180} INFO - Setting next_dagrun for weather_ingestion to 2026-08-16 14:00:00+00:00, run_after=2026-08-16 15:00:00+00:00
[2026-08-16T14:38:00.497+0000] {processor.py:208} INFO - Processing /opt/airflow/dags/weather_dag.py took 0.087 seconds
[2026-08-16T14:38:30.830+0000] {processor.py:186} INFO - Started process (PID=45614) to work on /opt/airflow/dags/weather_dag.py
[2026-08-16T14:38:30.833+0000] {processor.py:914} INFO - Processing file /opt/airflow/dags/weather_dag.py for tasks to queue
[2026-08-16T14:38:30.835+0000] {logging_mixin.py:190} INFO - [2026-08-16T14:38:30.835+0000] {dagbag.py:588} INFO - Filling up the DagBag from /opt/airflow/dags/weather_dag.py
[2026-08-16T14:38:30.846+0000] {processor.py:925} INFO - DAG(s) 'weather_ingestion' retrieved from /opt/airflow/dags/weather_dag.py
[2026-08-16T14:38:30.874+0000] {logging_mixin.py:190} INFO - [2026-08-16T14:38:30.874+0000] {dag.py:3239} INFO - Sync 1 DAGs
[2026-08-16T14:38:30.885+0000] {logging_mixin.py:190} INFO - [2026-08-16T14:38:30.884+0000] {dag.py:4180} INFO - Setting next_dagrun for weather_ingestion to 2026-08-16 14:00:00+00:00, run_after=2026-08-16 15:00:00+00:00
[2026-08-16T14:38:30.892+0000] {processor.py:208} INFO - Processing /opt/airflow/dags/weather_dag.py took 0.069 seconds
[2026-08-16T14:39:01.169+0000] {processor.py:186} INFO - Started process (PID=45619) to work on /opt/airflow/dags/weather_dag.py
[2026-08-16T14:39:01.171+0000] {processor.py:914} INFO - Processing file /opt/airflow/dags/weather_dag.py for tasks to queue
[2026-08-16T14:39:01.174+0000] {logging_mixin.py:190} INFO - [2026-08-16T14:39:01.174+0000] {dagbag.py:588} INFO - Filling up the DagBag from /opt/airflow/dags/weather_dag.py
[2026-08-16T14:39:01.185+0000] {processor.py:925} INFO - DAG(s) 'weather_ingestion' retrieved from /opt/airflow/dags/weather_dag.py
[2026-08-16T14:39:01.205+0000] {logging_mixin.py:190} INFO - [2026-08-16T14:39:01.204+0000] {dag.py:3239} INFO - Sync 1 DAGs
[2026-08-16T14:39:01.216+0000] {logging_mixin.py:190} INFO - [2026-08-16T14:39:01.216+0000] {dag.py:4180} INFO - Setting next_dagrun for weather_ingestion to 2026-08-16 14:00:00+00:00, run_after=2026-08-16 15:00:00+00:00
[2026-08-16T14:39:01.224+0000] {processor.py:208} INFO - Processing /opt/airflow/dags/weather_dag.py took 0.062 seconds
[2026-08-16T14:39:31.508+0000] {processor.py:186} INFO - Started process (PID=45624) to work on /opt/airflow/dags/weather_dag.py
[2026-08-16T14:39:31.509+0000] {processor.py:914} INFO - Processing file /opt/airflow/dags/weather_dag.py for tasks to queue
[2026-08-16T14:39:31.511+0000] {logging_mixin.py:190} INFO - [2026-08-16T14:39:31.511+0000] {dagbag.py:588} INFO - Filling up the DagBag from /opt/airflow/dags/weather_dag.py
[2026-08-16T14:39:31.519+0000] {processor.py:925} INFO - DAG(s) 'weather_ingestion' retrieved from /opt/airflow/dags/weather_dag.py
[2026-08-16T14:39:31.537+0000] {logging_mixin.py:190} INFO - [2026-08-16T14:39:31.537+0000] {dag.py:3239} INFO - Sync 1 DAGs
[2026-08-16T14:39:31.549+0000] {logging_mixin.py:190} INFO - [2026-08-16T14:39:31.549+0000] {dag.py:4180} INFO - Setting next_dagrun for weather_ingestion to 2026-08-16 14:00:00+00:00, run_after=2026-08-16 15:00:00+00:00
[2026-08-16T14:39:31.557+0000] {processor.py:208} INFO - Processing /opt/airflow/dags/weather_dag.py took 0.054 seconds
[2026-08-16T14:40:01.930+0000] {processor.py:186} INFO - Started process (PID=45629) to work on /opt/airflow/dags/weather_dag.py
[2026-08-16T14:40:01.933+0000] {processor.py:914} INFO - Processing file /opt/airflow/dags/weather_dag.py for tasks to queue
[2026-08-16T14:40:01.935+0000] {logging_mixin.py:190} INFO - [2026-08-16T14:40:01.935+0000] {dagbag.py:588} INFO - Filling up the DagBag from /opt/airflow/dags/weather_dag.py
[2026-08-16T14:40:01.946+0000] {processor.py:925} INFO - DAG(s) 'weather_ingestion' retrieved from /opt/airflow/dags/weather_dag.py
[2026-08-16T14:40:01.966+0000] {logging_mixin.py:190} INFO - [2026-08-16T14:40:01.966+0000] {dag.py:3239} INFO - Sync 1 DAGs
[2026-08-16T14:40:01.978+0000] {logging_mixin.py:190} INFO - [2026-08-16T14:40:01.978+0000] {dag.py:4180} INFO - Setting next_dagrun for weather_ingestion to 2026-08-16 14:00:00+00:00, run_after=2026-08-16 15:00:00+00:00
[2026-08-16T14:40:01.985+0000] {processor.py:208} INFO - Processing /opt/airflow/dags/weather_dag.py took 0.062 seconds
[2026-08-16T14:40:32.274+0000] {processor.py:186} INFO - Started process (PID=45634) to work on /opt/airflow/dags/weather_dag.py
[2026-08-16T14:40:32.276+0000] {processor.py:914} INFO - Processing file /opt/airflow/dags/weather_dag.py for tasks to queue
[2026-08-16T14:40:32.280+0000] {logging_mixin.py:190} INFO - [2026-08-16T14:40:32.279+0000] {dagbag.py:588} INFO - Filling up the DagBag from /opt/airflow/dags/weather_dag.py
[2026-08-16T14:40:32.294+0000] {processor.py:925} INFO - DAG(s) 'weather_ingestion' retrieved from /opt/airflow/dags/weather_dag.py
[2026-08-16T14:40:32.318+0000] {logging_mixin.py:190} INFO - [2026-08-16T14:40:32.318+0000] {dag.py:3239} INFO - Sync 1 DAGs
[2026-08-16T14:40:32.332+0000] {logging_mixin.py:190} INFO - [2026-08-16T14:40:32.332+0000] {dag.py:4180} INFO - Setting next_dagrun for weather_ingestion to 2026-08-16 14:00:00+00:00, run_after=2026-08-16 15:00:00+00:00
[2026-08-16T14:40:32.340+0000] {processor.py:208} INFO - Processing /opt/airflow/dags/weather_dag.py took 0.075 seconds
[2026-08-16T14:41:02.593+0000] {processor.py:186} INFO - Started process (PID=45639) to work on /opt/airflow/dags/weather_dag.py
[2026-08-16T14:41:02.594+0000] {processor.py:914} INFO - Processing file /opt/airflow/dags/weather_dag.py for tasks to queue
[2026-08-16T14:41:02.596+0000] {logging_mixin.py:190} INFO - [2026-08-16T14:41:02.596+0000] {dagbag.py:588} INFO - Filling up the DagBag from /opt/airflow/dags/weather_dag.py
[2026-08-16T14:41:02.607+0000] {processor.py:925} INFO - DAG(s) 'weather_ingestion' retrieved from /opt/airflow/dags/weather_dag.py
[2026-08-16T14:41:02.625+0000] {logging_mixin.py:190} INFO - [2026-08-16T14:41:02.625+0000] {dag.py:3239} INFO - Sync 1 DAGs
[2026-08-16T14:41:02.637+0000] {logging_mixin.py:190} INFO - [2026-08-16T14:41:02.636+0000] {dag.py:4180} INFO - Setting next_dagrun for weather_ingestion to 2026-08-16 14:00:00+00:00, run_after=2026-08-16 15:00:00+00:00
[2026-08-16T14:41:02.644+0000] {processor.py:208} INFO - Processing /opt/airflow/dags/weather_dag.py took 0.059 seconds
[2026-08-16T14:41:32.885+0000] {processor.py:186} INFO - Started process (PID=45644) to work on /opt/airflow/dags/weather_dag.py
[2026-08-16T14:41:32.886+0000] {processor.py:914} INFO - Processing file /opt/airflow/dags/weather_dag.py for tasks to queue
[2026-08-16T14:41:32.889+0000] {logging_mixin.py:190} INFO - [2026-08-16T14:41:32.889+0000] {dagbag.py:588} INFO - Filling up the DagBag from /opt/airflow/dags/weather_dag.py
[2026-08-16T14:41:32.898+0000] {processor.py:925} INFO - DAG(s) 'weather_ingestion' retrieved from /opt/airflow/dags/weather_dag.py
[2026-08-16T14:41:32.915+0000] {logging_mixin.py:190} INFO - [2026-08-16T14:41:32.915+0000] {dag.py:3239} INFO - Sync 1 DAGs
[2026-08-16T14:41:32.925+0000] {logging_mixin.py:190} INFO - [2026-08-16T14:41:32.925+0000] {dag.py:4180} INFO - Setting next_dagrun for weather_ingestion to 2026-08-16 14:00:00+00:00, run_after=2026-08-16 15:00:00+00:00
[2026-08-16T14:41:32.932+0000] {processor.py:208} INFO - Processing /opt/airflow/dags/weather_dag.py took 0.052 seconds
[2026-08-16T14:42:03.184+0000] {processor.py:186} INFO - Started process (PID=45649) to work on /opt/airflow/dags/weather_dag.py
[2026-08-16T14:42:03.185+0000] {processor.py:914} INFO - Processing file /opt/airflow/dags/weather_dag.py for tasks to queue
[2026-08-16T14:42:03.187+0000] {logging_mixin.py:190} INFO - [2026-08-16T14:42:03.187+0000] {dagbag.py:588} INFO - Filling up the DagBag from /opt/airflow/dags/weather_dag.py
[2026-08-16T14:42:03.196+0000] {processor.py:925} INFO - DAG(s) 'weather_ingestion' retrieved from /opt/airflow/dags/weather_dag.py
[2026-08-16T14:42:03.214+0000] {logging_mixin.py:190} INFO - [2026-08-16T14:42:03.214+0000] {dag.py:3239} INFO - Sync 1 DAGs
[2026-08-16T14:42:03.226+0000] {logging_mixin.py:190} INFO - [2026-08-16T14:42:03.226+0000] {dag.py:4180} INFO - Setting next_dagrun for weather_ingestion to 2026-08-16 14:00:00+00:00, run_after=2026-08-16 15:00:00+00:00
[2026-08-16T14:42:03.233+0000] {processor.py:208} INFO - Processing /opt/airflow/dags/weather_dag.py took 0.054 seconds
[2026-08-16T14:42:33.502+0000] {processor.py:186} INFO - Started process (PID=45654) to work on /opt/airflow/dags/weather_dag.py
[2026-08-16T14:42:33.504+0000] {processor.py:914} INFO - Processing file /opt/airflow/dags/weather_dag.py for tasks to queue
[2026-08-16T14:42:33.506+0000] {logging_mixin.py:190} INFO - [2026-08-16T14:42:33.506+0000] {dagbag.py:588} INFO - Filling up the DagBag from /opt/airflow/dags/weather_dag.py
[2026-08-16T14:42:33.516+0000] {processor.py:925} INFO - DAG(s) 'weather_ingestion' retrieved from /opt/airflow/dags/weather_dag.py
[2026-08-16T14:42:33.534+0000] {logging_mixin.py:190} INFO - [2026-08-16T14:42:33.534+0000] {dag.py:3239} INFO - Sync 1 DAGs
[2026-08-16T14:42:33.547+0000] {logging_mixin.py:190} INFO - [2026-08-16T14:42:33.547+0000] {dag.py:4180} INFO - Setting next_dagrun for weather_ingestion to 2026-08-16 14:00:00+00:00, run_after=2026-08-16 15:00:00+00:00
[2026-08-16T14:42:33.555+0000] {processor.py:208} INFO - Processing /opt/airflow/dags/weather_dag.py took 0.063 seconds
[2026-08-16T14:43:03.848+0000] {processor.py:186} INFO - Started process (PID=45659) to work on /opt/airflow/dags/weather_dag.py
[2026-08-16T14:43:03.851+0000] {processor.py:914} INFO - Processing file /opt/airflow/dags/weather_dag.py for tasks to queue
[2026-08-16T14:43:03.853+0000] {logging_mixin.py:190} INFO - [2026-08-16T14:43:03.853+0000] {dagbag.py:588} INFO - Filling up the DagBag from /opt/airflow/dags/weather_dag.py
[2026-08-16T14:43:03.864+0000] {processor.py:925} INFO - DAG(s) 'weather_ingestion' retrieved from /opt/airflow/dags/weather_dag.py
[2026-08-16T14:43:03.881+0000] {logging_mixin.py:190} INFO - [2026-08-16T14:43:03.881+0000] {dag.py:3239} INFO - Sync 1 DAGs
[2026-08-16T14:43:03.894+0000] {logging_mixin.py:190} INFO - [2026-08-16T14:43:03.894+0000] {dag.py:4180} INFO - Setting next_dagrun for weather_ingestion to 2026-08-16 14:00:00+00:00, run_after=2026-08-16 15:00:00+00:00
[2026-08-16T14:43:03.901+0000] {processor.py:208} INFO - Processing /opt/airflow/dags/weather_dag.py took 0.062 seconds
[2026-08-16T14:43:34.204+0000] {processor.py:186} INFO - Started process (PID=45664) to work on /opt/airflow/dags/weather_dag.py
[2026-08-16T14:43:34.205+0000] {processor.py:914} INFO - Processing file /opt/airflow/dags/weather_dag.py for tasks to queue
[2026-08-16T14:43:34.207+0000] {logging_mixin.py:190} INFO - [2026-08-16T14:43:34.207+0000] {dagbag.py:588} INFO - Filling up the DagBag from /opt/airflow/dags/weather_dag.py
[2026-08-16T14:43:34.217+0000] {processor.py:925} INFO - DAG(s) 'weather_ingestion' retrieved from /opt/airflow/dags/weather_dag.py
[2026-08-16T14:43:34.235+0000] {logging_mixin.py:190} INFO - [2026-08-16T14:43:34.234+0000] {dag.py:3239} INFO - Sync 1 DAGs
[2026-08-16T14:43:34.246+0000] {logging_mixin.py:190} INFO - [2026-08-16T14:43:34.246+0000] {dag.py:4180} INFO - Setting next_dagrun for weather_ingestion to 2026-08-16 14:00:00+00:00, run_after=2026-08-16 15:00:00+00:00
[2026-08-16T14:43:34.254+0000] {processor.py:208} INFO - Processing /opt/airflow/dags/weather_dag.py took 0.056 seconds
[2026-08-16T14:44:04.553+0000] {processor.py:186} INFO - Started process (PID=45669) to work on /opt/airflow/dags/weather_dag.py
[2026-08-16T14:44:04.554+0000] {processor.py:914} INFO - Processing file /opt/airflow/dags/weather_dag.py for tasks to queue
[2026-08-16T14:44:04.556+0000] {logging_mixin.py:190} INFO - [2026-08-16T14:44:04.556+0000] {dagbag.py:588} INFO - Filling up the DagBag from /opt/airflow/dags/weather_dag.py
[2026-08-16T14:44:04.565+0000] {processor.py:925} INFO - DAG(s) 'weather_ingestion' retrieved from /opt/airflow/dags/weather_dag.py
[2026-08-16T14:44:04.591+0000] {logging_mixin.py:190} INFO - [2026-08-16T14:44:04.591+0000] {dag.py:3239} INFO - Sync 1 DAGs
[2026-08-16T14:44:04.604+0000] {logging_mixin.py:190} INFO - [2026-08-16T14:44:04.604+0000] {dag.py:4180} INFO - Setting next_dagrun for weather_ingestion to 2026-08-16 14:00:00+00:00, run_after=2026-08-16 15:00:00+00:00
[2026-08-16T14:44:04.612+0000] {processor.py:208} INFO - Processing /opt/airflow/dags/weather_dag.py took 0.065 seconds
[2026-08-16T14:44:34.946+0000] {processor.py:186} INFO - Started process (PID=45674) to work on /opt/airflow/dags/weather_dag.py
[2026-08-16T14:44:34.948+0000] {processor.py:914} INFO - Processing file /opt/airflow/dags/weather_dag.py for tasks to queue
[2026-08-16T14:44:34.952+0000] {logging_mixin.py:190} INFO - [2026-08-16T14:44:34.951+0000] {dagbag.py:588} INFO - Filling up the DagBag from /opt/airflow/dags/weather_dag.py
[2026-08-16T14:44:34.966+0000] {processor.py:925} INFO - DAG(s) 'weather_ingestion' retrieved from /opt/airflow/dags/weather_dag.py
[2026-08-16T14:44:34.988+0000] {logging_mixin.py:190} INFO - [2026-08-16T14:44:34.988+0000] {dag.py:3239} INFO - Sync 1 DAGs
[2026-08-16T14:44:35.001+0000] {logging_mixin.py:190} INFO - [2026-08-16T14:44:35.001+0000] {dag.py:4180} INFO - Setting next_dagrun for weather_ingestion to 2026-08-16 14:00:00+00:00, run_after=2026-08-16 15:00:00+00:00
[2026-08-16T14:44:35.009+0000] {processor.py:208} INFO - Processing /opt/airflow/dags/weather_dag.py took 0.073 seconds
[2026-08-16T14:45:05.296+0000] {processor.py:186} INFO - Started process (PID=45679) to work on /opt/airflow/dags/weather_dag.py
[2026-08-16T14:45:05.298+0000] {processor.py:914} INFO - Processing file /opt/airflow/dags/weather_dag.py for tasks to queue
[2026-08-16T14:45:05.300+0000] {logging_mixin.py:190} INFO - [2026-08-16T14:45:05.300+0000] {dagbag.py:588} INFO - Filling up the DagBag from /opt/airflow/dags/weather_dag.py
[2026-08-16T14:45:05.311+0000] {processor.py:925} INFO - DAG(s) 'weather_ingestion' retrieved from /opt/airflow/dags/weather_dag.py
[2026-08-16T14:45:05.330+0000] {logging_mixin.py:190} INFO - [2026-08-16T14:45:05.330+0000] {dag.py:3239} INFO - Sync 1 DAGs
[2026-08-16T14:45:05.341+0000] {logging_mixin.py:190} INFO - [2026-08-16T14:45:05.341+0000] {dag.py:4180} INFO - Setting next_dagrun for weather_ingestion to 2026-08-16 14:00:00+00:00, run_after=2026-08-16 15:00:00+00:00
[2026-08-16T14:45:05.348+0000] {processor.py:208} INFO - Processing /opt/airflow/dags/weather_dag.py took 0.059 seconds
[2026-08-16T14:45:35.621+0000] {processor.py:186} INFO - Started process (PID=45684) to work on /opt/airflow/dags/weather_dag.py
[2026-08-16T14:45:35.623+0000] {processor.py:914} INFO - Processing file /opt/airflow/dags/weather_dag.py for tasks to queue
[2026-08-16T14:45:35.624+0000] {logging_mixin.py:190} INFO - [2026-08-16T14:45:35.624+0000] {dagbag.py:588} INFO - Filling up the DagBag from /opt/airflow/dags/weather_dag.py
[2026-08-16T14:45:35.633+0000] {processor.py:925} INFO - DAG(s) 'weather_ingestion' retrieved from /opt/airflow/dags/weather_dag.py
[2026-08-16T14:45:35.653+0000] {logging_mixin.py:190} INFO - [2026-08-16T14:45:35.653+0000] {dag.py:3239} INFO - Sync 1 DAGs
[2026-08-16T14:45:35.666+0000] {logging_mixin.py:190} INFO - [2026-08-16T14:45:35.666+0000] {dag.py:4180} INFO - Setting next_dagrun for weather_ingestion to 2026-08-16 14:00:00+00:00, run_after=2026-08-16 15:00:00+00:00
[2026-08-16T14:45:35.674+0000] {processor.py:208} INFO - Processing /opt/airflow/dags/weather_dag.py took 0.058 seconds
[2026-08-16T14:46:06.393+0000] {processor.py:186} INFO - Started process (PID=45689) to work on /opt/airflow/dags/weather_dag.py
[2026-08-16T14:46:06.447+0000] {processor.py:914} INFO - Processing file /opt/airflow/dags/weather_dag.py for tasks to queue
[2026-08-16T14:46:06.464+0000] {logging_mixin.py:190} INFO - [2026-08-16T14:46:06.462+0000] {dagbag.py:588} INFO - Filling up the DagBag from /opt/airflow/dags/weather_dag.py
[2026-08-16T14:46:06.640+0000] {processor.py:925} INFO - DAG(s) 'weather_ingestion' retrieved from /opt/airflow/dags/weather_dag.py
[2026-08-16T14:46:06.805+0000] {logging_mixin.py:190} INFO - [2026-08-16T14:46:06.805+0000] {dag.py:3239} INFO - Sync 1 DAGs
[2026-08-16T14:46:06.895+0000] {logging_mixin.py:190} INFO - [2026-08-16T14:46:06.895+0000] {dag.py:4180} INFO - Setting next_dagrun for weather_ingestion to 2026-08-16 14:00:00+00:00, run_after=2026-08-16 15:00:00+00:00
[2026-08-16T14:46:06.995+0000] {processor.py:208} INFO - Processing /opt/airflow/dags/weather_dag.py took 0.609 seconds
[2026-08-16T14:46:37.411+0000] {processor.py:186} INFO - Started process (PID=45694) to work on /opt/airflow/dags/weather_dag.py
[2026-08-16T14:46:37.413+0000] {processor.py:914} INFO - Processing file /opt/airflow/dags/weather_dag.py for tasks to queue
[2026-08-16T14:46:37.417+0000] {logging_mixin.py:190} INFO - [2026-08-16T14:46:37.416+0000] {dagbag.py:588} INFO - Filling up the DagBag from /opt/airflow/dags/weather_dag.py
[2026-08-16T14:46:37.437+0000] {processor.py:925} INFO - DAG(s) 'weather_ingestion' retrieved from /opt/airflow/dags/weather_dag.py
[2026-08-16T14:46:37.467+0000] {logging_mixin.py:190} INFO - [2026-08-16T14:46:37.467+0000] {dag.py:3239} INFO - Sync 1 DAGs
[2026-08-16T14:46:37.484+0000] {logging_mixin.py:190} INFO - [2026-08-16T14:46:37.484+0000] {dag.py:4180} INFO - Setting next_dagrun for weather_ingestion to 2026-08-16 14:00:00+00:00, run_after=2026-08-16 15:00:00+00:00
[2026-08-16T14:46:37.498+0000] {processor.py:208} INFO - Processing /opt/airflow/dags/weather_dag.py took 0.112 seconds
[2026-08-16T14:47:07.679+0000] {processor.py:186} INFO - Started process (PID=45699) to work on /opt/airflow/dags/weather_dag.py
[2026-08-16T14:47:07.681+0000] {processor.py:914} INFO - Processing file /opt/airflow/dags/weather_dag.py for tasks to queue
[2026-08-16T14:47:07.685+0000] {logging_mixin.py:190} INFO - [2026-08-16T14:47:07.685+0000] {dagbag.py:588} INFO - Filling up the DagBag from /opt/airflow/dags/weather_dag.py
[2026-08-16T14:47:07.701+0000] {processor.py:925} INFO - DAG(s) 'weather_ingestion' retrieved from /opt/airflow/dags/weather_dag.py
[2026-08-16T14:47:07.732+0000] {logging_mixin.py:190} INFO - [2026-08-16T14:47:07.731+0000] {dag.py:3239} INFO - Sync 1 DAGs
[2026-08-16T14:47:07.755+0000] {logging_mixin.py:190} INFO - [2026-08-16T14:47:07.755+0000] {dag.py:4180} INFO - Setting next_dagrun for weather_ingestion to 2026-08-16 14:00:00+00:00, run_after=2026-08-16 15:00:00+00:00
[2026-08-16T14:47:07.765+0000] {processor.py:208} INFO - Processing /opt/airflow/dags/weather_dag.py took 0.098 seconds
[2026-08-16T14:47:37.951+0000] {processor.py:186} INFO - Started process (PID=45704) to work on /opt/airflow/dags/weather_dag.py
[2026-08-16T14:47:37.952+0000] {processor.py:914} INFO - Processing file /opt/airflow/dags/weather_dag.py for tasks to queue
[2026-08-16T14:47:37.954+0000] {logging_mixin.py:190} INFO - [2026-08-16T14:47:37.954+0000] {dagbag.py:588} INFO - Filling up the DagBag from /opt/airflow/dags/weather_dag.py
[2026-08-16T14:47:37.963+0000] {processor.py:925} INFO - DAG(s) 'weather_ingestion' retrieved from /opt/airflow/dags/weather_dag.py
[2026-08-16T14:47:37.980+0000] {logging_mixin.py:190} INFO - [2026-08-16T14:47:37.979+0000] {dag.py:3239} INFO - Sync 1 DAGs
[2026-08-16T14:47:37.992+0000] {logging_mixin.py:190} INFO - [2026-08-16T14:47:37.992+0000] {dag.py:4180} INFO - Setting next_dagrun for weather_ingestion to 2026-08-16 14:00:00+00:00, run_after=2026-08-16 15:00:00+00:00
[2026-08-16T14:47:37.999+0000] {processor.py:208} INFO - Processing /opt/airflow/dags/weather_dag.py took 0.055 seconds
[2026-08-16T14:48:08.370+0000] {processor.py:186} INFO - Started process (PID=45709) to work on /opt/airflow/dags/weather_dag.py
[2026-08-16T14:48:08.373+0000] {processor.py:914} INFO - Processing file /opt/airflow/dags/weather_dag.py for tasks to queue
[2026-08-16T14:48:08.375+0000] {logging_mixin.py:190} INFO - [2026-08-16T14:48:08.375+0000] {dagbag.py:588} INFO - Filling up the DagBag from /opt/airflow/dags/weather_dag.py
[2026-08-16T14:48:08.388+0000] {processor.py:925} INFO - DAG(s) 'weather_ingestion' retrieved from /opt/airflow/dags/weather_dag.py
[2026-08-16T14:48:08.410+0000] {logging_mixin.py:190} INFO - [2026-08-16T14:48:08.410+0000] {dag.py:3239} INFO - Sync 1 DAGs
[2026-08-16T14:48:08.423+0000] {logging_mixin.py:190} INFO - [2026-08-16T14:48:08.423+0000] {dag.py:4180} INFO - Setting next_dagrun for weather_ingestion to 2026-08-16 14:00:00+00:00, run_after=2026-08-16 15:00:00+00:00
[2026-08-16T14:48:08.431+0000] {processor.py:208} INFO - Processing /opt/airflow/dags/weather_dag.py took 0.073 seconds
[2026-08-16T14:48:38.695+0000] {processor.py:186} INFO - Started process (PID=45714) to work on /opt/airflow/dags/weather_dag.py
[2026-08-16T14:48:38.696+0000] {processor.py:914} INFO - Processing file /opt/airflow/dags/weather_dag.py for tasks to queue
[2026-08-16T14:48:38.698+0000] {logging_mixin.py:190} INFO - [2026-08-16T14:48:38.697+0000] {dagbag.py:588} INFO - Filling up the DagBag from /opt/airflow/dags/weather_dag.py
[2026-08-16T14:48:38.709+0000] {processor.py:925} INFO - DAG(s) 'weather_ingestion' retrieved from /opt/airflow/dags/weather_dag.py
[2026-08-16T14:48:38.729+0000] {logging_mixin.py:190} INFO - [2026-08-16T14:48:38.729+0000] {dag.py:3239} INFO - Sync 1 DAGs
[2026-08-16T14:48:38.743+0000] {logging_mixin.py:190} INFO - [2026-08-16T14:48:38.743+0000] {dag.py:4180} INFO - Setting next_dagrun for weather_ingestion to 2026-08-16 14:00:00+00:00, run_after=2026-08-16 15:00:00+00:00
[2026-08-16T14:48:38.751+0000] {processor.py:208} INFO - Processing /opt/airflow/dags/weather_dag.py took 0.063 seconds
[2026-08-16T14:49:09.197+0000] {processor.py:186} INFO - Started process (PID=45719) to work on /opt/airflow/dags/weather_dag.py
[2026-08-16T14:49:09.199+0000] {processor.py:914} INFO - Processing file /opt/airflow/dags/weather_dag.py for tasks to queue
[2026-08-16T14:49:09.203+0000] {logging_mixin.py:190} INFO - [2026-08-16T14:49:09.202+0000] {dagbag.py:588} INFO - Filling up the DagBag from /opt/airflow/dags/weather_dag.py
[2026-08-16T14:49:09.217+0000] {processor.py:925} INFO - DAG(s) 'weather_ingestion' retrieved from /opt/airflow/dags/weather_dag.py
[2026-08-16T14:49:09.241+0000] {logging_mixin.py:190} INFO - [2026-08-16T14:49:09.241+0000] {dag.py:3239} INFO - Sync 1 DAGs
[2026-08-16T14:49:09.254+0000] {logging_mixin.py:190} INFO - [2026-08-16T14:49:09.254+0000] {dag.py:4180} INFO - Setting next_dagrun for weather_ingestion to 2026-08-16 14:00:00+00:00, run_after=2026-08-16 15:00:00+00:00
[2026-08-16T14:49:09.262+0000] {processor.py:208} INFO - Processing /opt/airflow/dags/weather_dag.py took 0.076 seconds
[2026-08-16T14:49:39.526+0000] {processor.py:186} INFO - Started process (PID=45724) to work on /opt/airflow/dags/weather_dag.py
[2026-08-16T14:49:39.528+0000] {processor.py:914} INFO - Processing file /opt/airflow/dags/weather_dag.py for tasks to queue
[2026-08-16T14:49:39.530+0000] {logging_mixin.py:190} INFO - [2026-08-16T14:49:39.529+0000] {dagbag.py:588} INFO - Filling up the DagBag from /opt/airflow/dags/weather_dag.py
[2026-08-16T14:49:39.540+0000] {processor.py:925} INFO - DAG(s) 'weather_ingestion' retrieved from /opt/airflow/dags/weather_dag.py
[2026-08-16T14:49:39.561+0000] {logging_mixin.py:190} INFO - [2026-08-16T14:49:39.561+0000] {dag.py:3239} INFO - Sync 1 DAGs
[2026-08-16T14:49:39.572+0000] {logging_mixin.py:190} INFO - [2026-08-16T14:49:39.572+0000] {dag.py:4180} INFO - Setting next_dagrun for weather_ingestion to 2026-08-16 14:00:00+00:00, run_after=2026-08-16 15:00:00+00:00
[2026-08-16T14:49:39.579+0000] {processor.py:208} INFO - Processing /opt/airflow/dags/weather_dag.py took 0.062 seconds
[2026-08-16T14:50:09.875+0000] {processor.py:186} INFO - Started process (PID=45729) to work on /opt/airflow/dags/weather_dag.py
[2026-08-16T14:50:09.877+0000] {processor.py:914} INFO - Processing file /opt/airflow/dags/weather_dag.py for tasks to queue
[2026-08-16T14:50:09.881+0000] {logging_mixin.py:190} INFO - [2026-08-16T14:50:09.880+0000] {dagbag.py:588} INFO - Filling up the DagBag from /opt/airflow/dags/weather_dag.py
[2026-08-16T14:50:09.894+0000] {processor.py:925} INFO - DAG(s) 'weather_ingestion' retrieved from /opt/airflow/dags/weather_dag.py
[2026-08-16T14:50:09.918+0000] {logging_mixin.py:190} INFO - [2026-08-16T14:50:09.917+0000] {dag.py:3239} INFO - Sync 1 DAGs
[2026-08-16T14:50:09.931+0000] {logging_mixin.py:190} INFO - [2026-08-16T14:50:09.931+0000] {dag.py:4180} INFO - Setting next_dagrun for weather_ingestion to 2026-08-16 14:00:00+00:00, run_after=2026-08-16 15:00:00+00:00
[2026-08-16T14:50:09.939+0000] {processor.py:208} INFO - Processing /opt/airflow/dags/weather_dag.py took 0.072 seconds
[2026-08-16T14:50:40.312+0000] {processor.py:186} INFO - Started process (PID=45734) to work on /opt/airflow/dags/weather_dag.py
[2026-08-16T14:50:40.315+0000] {processor.py:914} INFO - Processing file /opt/airflow/dags/weather_dag.py for tasks to queue
[2026-08-16T14:50:40.321+0000] {logging_mixin.py:190} INFO - [2026-08-16T14:50:40.321+0000] {dagbag.py:588} INFO - Filling up the DagBag from /opt/airflow/dags/weather_dag.py
[2026-08-16T14:50:40.368+0000] {processor.py:925} INFO - DAG(s) 'weather_ingestion' retrieved from /opt/airflow/dags/weather_dag.py
[2026-08-16T14:50:40.390+0000] {logging_mixin.py:190} INFO - [2026-08-16T14:50:40.390+0000] {dag.py:3239} INFO - Sync 1 DAGs
[2026-08-16T14:50:40.406+0000] {logging_mixin.py:190} INFO - [2026-08-16T14:50:40.406+0000] {dag.py:4180} INFO - Setting next_dagrun for weather_ingestion to 2026-08-16 14:00:00+00:00, run_after=2026-08-16 15:00:00+00:00
[2026-08-16T14:50:40.415+0000] {processor.py:208} INFO - Processing /opt/airflow/dags/weather_dag.py took 0.120 seconds
[2026-08-16T14:51:10.654+0000] {processor.py:186} INFO - Started process (PID=45739) to work on /opt/airflow/dags/weather_dag.py
[2026-08-16T14:51:10.656+0000] {processor.py:914} INFO - Processing file /opt/airflow/dags/weather_dag.py for tasks to queue
[2026-08-16T14:51:10.661+0000] {logging_mixin.py:190} INFO - [2026-08-16T14:51:10.661+0000] {dagbag.py:588} INFO - Filling up the DagBag from /opt/airflow/dags/weather_dag.py
[2026-08-16T14:51:10.673+0000] {processor.py:925} INFO - DAG(s) 'weather_ingestion' retrieved from /opt/airflow/dags/weather_dag.py
[2026-08-16T14:51:10.692+0000] {logging_mixin.py:190} INFO - [2026-08-16T14:51:10.692+0000] {dag.py:3239} INFO - Sync 1 DAGs
[2026-08-16T14:51:10.705+0000] {logging_mixin.py:190} INFO - [2026-08-16T14:51:10.705+0000] {dag.py:4180} INFO - Setting next_dagrun for weather_ingestion to 2026-08-16 14:00:00+00:00, run_after=2026-08-16 15:00:00+00:00
[2026-08-16T14:51:10.713+0000] {processor.py:208} INFO - Processing /opt/airflow/dags/weather_dag.py took 0.070 seconds
[2026-08-16T14:51:41.014+0000] {processor.py:186} INFO - Started process (PID=45744) to work on /opt/airflow/dags/weather_dag.py
[2026-08-16T14:51:41.015+0000] {processor.py:914} INFO - Processing file /opt/airflow/dags/weather_dag.py for tasks to queue
[2026-08-16T14:51:41.017+0000] {logging_mixin.py:190} INFO - [2026-08-16T14:51:41.017+0000] {dagbag.py:588} INFO - Filling up the DagBag from /opt/airflow/dags/weather_dag.py
[2026-08-16T14:51:41.027+0000] {processor.py:925} INFO - DAG(s) 'weather_ingestion' retrieved from /opt/airflow/dags/weather_dag.py
[2026-08-16T14:51:41.044+0000] {logging_mixin.py:190} INFO - [2026-08-16T14:51:41.044+0000] {dag.py:3239} INFO - Sync 1 DAGs
[2026-08-16T14:51:41.056+0000] {logging_mixin.py:190} INFO - [2026-08-16T14:51:41.056+0000] {dag.py:4180} INFO - Setting next_dagrun for weather_ingestion to 2026-08-16 14:00:00+00:00, run_after=2026-08-16 15:00:00+00:00
[2026-08-16T14:51:41.064+0000] {processor.py:208} INFO - Processing /opt/airflow/dags/weather_dag.py took 0.057 seconds
[2026-08-16T14:52:11.315+0000] {processor.py:186} INFO - Started process (PID=45749) to work on /opt/airflow/dags/weather_dag.py
[2026-08-16T14:52:11.316+0000] {processor.py:914} INFO - Processing file /opt/airflow/dags/weather_dag.py for tasks to queue
[2026-08-16T14:52:11.320+0000] {logging_mixin.py:190} INFO - [2026-08-16T14:52:11.319+0000] {dagbag.py:588} INFO - Filling up the DagBag from /opt/airflow/dags/weather_dag.py
[2026-08-16T14:52:11.335+0000] {processor.py:925} INFO - DAG(s) 'weather_ingestion' retrieved from /opt/airflow/dags/weather_dag.py
[2026-08-16T14:52:11.361+0000] {logging_mixin.py:190} INFO - [2026-08-16T14:52:11.361+0000] {dag.py:3239} INFO - Sync 1 DAGs
[2026-08-16T14:52:11.374+0000] {logging_mixin.py:190} INFO - [2026-08-16T14:52:11.374+0000] {dag.py:4180} INFO - Setting next_dagrun for weather_ingestion to 2026-08-16 14:00:00+00:00, run_after=2026-08-16 15:00:00+00:00
[2026-08-16T14:52:11.382+0000] {processor.py:208} INFO - Processing /opt/airflow/dags/weather_dag.py took 0.078 seconds
[2026-08-16T14:52:41.720+0000] {processor.py:186} INFO - Started process (PID=45754) to work on /opt/airflow/dags/weather_dag.py
[2026-08-16T14:52:41.722+0000] {processor.py:914} INFO - Processing file /opt/airflow/dags/weather_dag.py for tasks to queue
[2026-08-16T14:52:41.724+0000] {logging_mixin.py:190} INFO - [2026-08-16T14:52:41.724+0000] {dagbag.py:588} INFO - Filling up the DagBag from /opt/airflow/dags/weather_dag.py
[2026-08-16T14:52:41.734+0000] {processor.py:925} INFO - DAG(s) 'weather_ingestion' retrieved from /opt/airflow/dags/weather_dag.py
[2026-08-16T14:52:41.751+0000] {logging_mixin.py:190} INFO - [2026-08-16T14:52:41.751+0000] {dag.py:3239} INFO - Sync 1 DAGs
[2026-08-16T14:52:41.763+0000] {logging_mixin.py:190} INFO - [2026-08-16T14:52:41.763+0000] {dag.py:4180} INFO - Setting next_dagrun for weather_ingestion to 2026-08-16 14:00:00+00:00, run_after=2026-08-16 15:00:00+00:00
[2026-08-16T14:52:41.769+0000] {processor.py:208} INFO - Processing /opt/airflow/dags/weather_dag.py took 0.057 seconds
[2026-08-16T14:53:12.059+0000] {processor.py:186} INFO - Started process (PID=45759) to work on /opt/airflow/dags/weather_dag.py
[2026-08-16T14:53:12.061+0000] {processor.py:914} INFO - Processing file /opt/airflow/dags/weather_dag.py for tasks to queue
[2026-08-16T14:53:12.064+0000] {logging_mixin.py:190} INFO - [2026-08-16T14:53:12.063+0000] {dagbag.py:588} INFO - Filling up the DagBag from /opt/airflow/dags/weather_dag.py
[2026-08-16T14:53:12.074+0000] {processor.py:925} INFO - DAG(s) 'weather_ingestion' retrieved from /opt/airflow/dags/weather_dag.py
[2026-08-16T14:53:12.093+0000] {logging_mixin.py:190} INFO - [2026-08-16T14:53:12.093+0000] {dag.py:3239} INFO - Sync 1 DAGs
[2026-08-16T14:53:12.103+0000] {logging_mixin.py:190} INFO - [2026-08-16T14:53:12.103+0000] {dag.py:4180} INFO - Setting next_dagrun for weather_ingestion to 2026-08-16 14:00:00+00:00, run_after=2026-08-16 15:00:00+00:00
[2026-08-16T14:53:12.110+0000] {processor.py:208} INFO - Processing /opt/airflow/dags/weather_dag.py took 0.057 seconds
[2026-08-16T14:53:42.386+0000] {processor.py:186} INFO - Started process (PID=45764) to work on /opt/airflow/dags/weather_dag.py
[2026-08-16T14:53:42.387+0000] {processor.py:914} INFO - Processing file /opt/airflow/dags/weather_dag.py for tasks to queue
[2026-08-16T14:53:42.389+0000] {logging_mixin.py:190} INFO - [2026-08-16T14:53:42.389+0000] {dagbag.py:588} INFO - Filling up the DagBag from /opt/airflow/dags/weather_dag.py
[2026-08-16T14:53:42.398+0000] {processor.py:925} INFO - DAG(s) 'weather_ingestion' retrieved from /opt/airflow/dags/weather_dag.py
[2026-08-16T14:53:42.416+0000] {logging_mixin.py:190} INFO - [2026-08-16T14:53:42.416+0000] {dag.py:3239} INFO - Sync 1 DAGs
[2026-08-16T14:53:42.429+0000] {logging_mixin.py:190} INFO - [2026-08-16T14:53:42.429+0000] {dag.py:4180} INFO - Setting next_dagrun for weather_ingestion to 2026-08-16 14:00:00+00:00, run_after=2026-08-16 15:00:00+00:00
[2026-08-16T14:53:42.437+0000] {processor.py:208} INFO - Processing /opt/airflow/dags/weather_dag.py took 0.057 seconds
[2026-08-16T14:54:12.734+0000] {processor.py:186} INFO - Started process (PID=45769) to work on /opt/airflow/dags/weather_dag.py
[2026-08-16T14:54:12.735+0000] {processor.py:914} INFO - Processing file /opt/airflow/dags/weather_dag.py for tasks to queue
[2026-08-16T14:54:12.738+0000] {logging_mixin.py:190} INFO - [2026-08-16T14:54:12.737+0000] {dagbag.py:588} INFO - Filling up the DagBag from /opt/airflow/dags/weather_dag.py
[2026-08-16T14:54:12.748+0000] {processor.py:925} INFO - DAG(s) 'weather_ingestion' retrieved from /opt/airflow/dags/weather_dag.py
[2026-08-16T14:54:12.769+0000] {logging_mixin.py:190} INFO - [2026-08-16T14:54:12.769+0000] {dag.py:3239} INFO - Sync 1 DAGs
[2026-08-16T14:54:12.783+0000] {logging_mixin.py:190} INFO - [2026-08-16T14:54:12.783+0000] {dag.py:4180} INFO - Setting next_dagrun for weather_ingestion to 2026-08-16 14:00:00+00:00, run_after=2026-08-16 15:00:00+00:00
[2026-08-16T14:54:12.791+0000] {processor.py:208} INFO - Processing /opt/airflow/dags/weather_dag.py took 0.064 seconds
[2026-08-16T14:54:43.109+0000] {processor.py:186} INFO - Started process (PID=45774) to work on /opt/airflow/dags/weather_dag.py
[2026-08-16T14:54:43.111+0000] {processor.py:914} INFO - Processing file /opt/airflow/dags/weather_dag.py for tasks to queue
[2026-08-16T14:54:43.114+0000] {logging_mixin.py:190} INFO - [2026-08-16T14:54:43.114+0000] {dagbag.py:588} INFO - Filling up the DagBag from /opt/airflow/dags/weather_dag.py
[2026-08-16T14:54:43.126+0000] {processor.py:925} INFO - DAG(s) 'weather_ingestion' retrieved from /opt/airflow/dags/weather_dag.py
[2026-08-16T14:54:43.145+0000] {logging_mixin.py:190} INFO - [2026-08-16T14:54:43.145+0000] {dag.py:3239} INFO - Sync 1 DAGs
[2026-08-16T14:54:43.157+0000] {logging_mixin.py:190} INFO - [2026-08-16T14:54:43.157+0000] {dag.py:4180} INFO - Setting next_dagrun for weather_ingestion to 2026-08-16 14:00:00+00:00, run_after=2026-08-16 15:00:00+00:00
[2026-08-16T14:54:43.164+0000] {processor.py:208} INFO - Processing /opt/airflow/dags/weather_dag.py took 0.062 seconds
[2026-08-16T14:55:13.525+0000] {processor.py:186} INFO - Started process (PID=45779) to work on /opt/airflow/dags/weather_dag.py
[2026-08-16T14:55:13.527+0000] {processor.py:914} INFO - Processing file /opt/airflow/dags/weather_dag.py for tasks to queue
[2026-08-16T14:55:13.530+0000] {logging_mixin.py:190} INFO - [2026-08-16T14:55:13.529+0000] {dagbag.py:588} INFO - Filling up the DagBag from /opt/airflow/dags/weather_dag.py
[2026-08-16T14:55:13.541+0000] {processor.py:925} INFO - DAG(s) 'weather_ingestion' retrieved from /opt/airflow/dags/weather_dag.py
[2026-08-16T14:55:13.561+0000] {logging_mixin.py:190} INFO - [2026-08-16T14:55:13.561+0000] {dag.py:3239} INFO - Sync 1 DAGs
[2026-08-16T14:55:13.573+0000] {logging_mixin.py:190} INFO - [2026-08-16T14:55:13.573+0000] {dag.py:4180} INFO - Setting next_dagrun for weather_ingestion to 2026-08-16 14:00:00+00:00, run_after=2026-08-16 15:00:00+00:00
[2026-08-16T14:55:13.581+0000] {processor.py:208} INFO - Processing /opt/airflow/dags/weather_dag.py took 0.064 seconds
[2026-08-16T14:55:43.884+0000] {processor.py:186} INFO - Started process (PID=45784) to work on /opt/airflow/dags/weather_dag.py
[2026-08-16T14:55:43.886+0000] {processor.py:914} INFO - Processing file /opt/airflow/dags/weather_dag.py for tasks to queue
[2026-08-16T14:55:43.889+0000] {logging_mixin.py:190} INFO - [2026-08-16T14:55:43.889+0000] {dagbag.py:588} INFO - Filling up the DagBag from /opt/airflow/dags/weather_dag.py
[2026-08-16T14:55:43.903+0000] {processor.py:925} INFO - DAG(s) 'weather_ingestion' retrieved from /opt/airflow/dags/weather_dag.py
[2026-08-16T14:55:43.924+0000] {logging_mixin.py:190} INFO - [2026-08-16T14:55:43.924+0000] {dag.py:3239} INFO - Sync 1 DAGs
[2026-08-16T14:55:43.938+0000] {logging_mixin.py:190} INFO - [2026-08-16T14:55:43.937+0000] {dag.py:4180} INFO - Setting next_dagrun for weather_ingestion to 2026-08-16 14:00:00+00:00, run_after=2026-08-16 15:00:00+00:00
[2026-08-16T14:55:43.946+0000] {processor.py:208} INFO - Processing /opt/airflow/dags/weather_dag.py took 0.072 seconds
[2026-08-16T14:56:14.243+0000] {processor.py:186} INFO - Started process (PID=45789) to work on /opt/airflow/dags/weather_dag.py
[2026-08-16T14:56:14.244+0000] {processor.py:914} INFO - Processing file /opt/airflow/dags/weather_dag.py for tasks to queue
[2026-08-16T14:56:14.245+0000] {logging_mixin.py:190} INFO - [2026-08-16T14:56:14.245+0000] {dagbag.py:588} INFO - Filling up the DagBag from /opt/airflow/dags/weather_dag.py
[2026-08-16T14:56:14.253+0000] {processor.py:925} INFO - DAG(s) 'weather_ingestion' retrieved from /opt/airflow/dags/weather_dag.py
[2026-08-16T14:56:14.270+0000] {logging_mixin.py:190} INFO - [2026-08-16T14:56:14.270+0000] {dag.py:3239} INFO - Sync 1 DAGs
[2026-08-16T14:56:14.282+0000] {logging_mixin.py:190} INFO - [2026-08-16T14:56:14.282+0000] {dag.py:4180} INFO - Setting next_dagrun for weather_ingestion to 2026-08-16 14:00:00+00:00, run_after=2026-08-16 15:00:00+00:00
[2026-08-16T14:56:14.290+0000] {processor.py:208} INFO - Processing /opt/airflow/dags/weather_dag.py took 0.052 seconds
[2026-08-16T14:56:44.562+0000] {processor.py:186} INFO - Started process (PID=45794) to work on /opt/airflow/dags/weather_dag.py
[2026-08-16T14:56:44.563+0000] {processor.py:914} INFO - Processing file /opt/airflow/dags/weather_dag.py for tasks to queue
[2026-08-16T14:56:44.565+0000] {logging_mixin.py:190} INFO - [2026-08-16T14:56:44.565+0000] {dagbag.py:588} INFO - Filling up the DagBag from /opt/airflow/dags/weather_dag.py
[2026-08-16T14:56:44.576+0000] {processor.py:925} INFO - DAG(s) 'weather_ingestion' retrieved from /opt/airflow/dags/weather_dag.py
[2026-08-16T14:56:44.594+0000] {logging_mixin.py:190} INFO - [2026-08-16T14:56:44.594+0000] {dag.py:3239} INFO - Sync 1 DAGs
[2026-08-16T14:56:44.605+0000] {logging_mixin.py:190} INFO - [2026-08-16T14:56:44.605+0000] {dag.py:4180} INFO - Setting next_dagrun for weather_ingestion to 2026-08-16 14:00:00+00:00, run_after=2026-08-16 15:00:00+00:00
[2026-08-16T14:56:44.612+0000] {processor.py:208} INFO - Processing /opt/airflow/dags/weather_dag.py took 0.060 seconds
[2026-08-16T14:57:14.909+0000] {processor.py:186} INFO - Started process (PID=45799) to work on /opt/airflow/dags/weather_dag.py
[2026-08-16T14:57:14.911+0000] {processor.py:914} INFO - Processing file /opt/airflow/dags/weather_dag.py for tasks to queue
[2026-08-16T14:57:14.914+0000] {logging_mixin.py:190} INFO - [2026-08-16T14:57:14.913+0000] {dagbag.py:588} INFO - Filling up the DagBag from /opt/airflow/dags/weather_dag.py
[2026-08-16T14:57:14.928+0000] {processor.py:925} INFO - DAG(s) 'weather_ingestion' retrieved from /opt/airflow/dags/weather_dag.py
[2026-08-16T14:57:14.950+0000] {logging_mixin.py:190} INFO - [2026-08-16T14:57:14.950+0000] {dag.py:3239} INFO - Sync 1 DAGs
[2026-08-16T14:57:14.963+0000] {logging_mixin.py:190} INFO - [2026-08-16T14:57:14.963+0000] {dag.py:4180} INFO - Setting next_dagrun for weather_ingestion to 2026-08-16 14:00:00+00:00, run_after=2026-08-16 15:00:00+00:00
[2026-08-16T14:57:14.971+0000] {processor.py:208} INFO - Processing /opt/airflow/dags/weather_dag.py took 0.071 seconds
[2026-08-16T14:57:45.207+0000] {processor.py:186} INFO - Started process (PID=45804) to work on /opt/airflow/dags/weather_dag.py
[2026-08-16T14:57:45.208+0000] {processor.py:914} INFO - Processing file /opt/airflow/dags/weather_dag.py for tasks to queue
[2026-08-16T14:57:45.211+0000] {logging_mixin.py:190} INFO - [2026-08-16T14:57:45.211+0000] {dagbag.py:588} INFO - Filling up the DagBag from /opt/airflow/dags/weather_dag.py
[2026-08-16T14:57:45.221+0000] {processor.py:925} INFO - DAG(s) 'weather_ingestion' retrieved from /opt/airflow/dags/weather_dag.py
[2026-08-16T14:57:45.241+0000] {logging_mixin.py:190} INFO - [2026-08-16T14:57:45.241+0000] {dag.py:3239} INFO - Sync 1 DAGs
[2026-08-16T14:57:45.253+0000] {logging_mixin.py:190} INFO - [2026-08-16T14:57:45.253+0000] {dag.py:4180} INFO - Setting next_dagrun for weather_ingestion to 2026-08-16 14:00:00+00:00, run_after=2026-08-16 15:00:00+00:00
[2026-08-16T14:57:45.261+0000] {processor.py:208} INFO - Processing /opt/airflow/dags/weather_dag.py took 0.062 seconds
[2026-08-16T14:58:15.474+0000] {processor.py:186} INFO - Started process (PID=45809) to work on /opt/airflow/dags/weather_dag.py
[2026-08-16T14:58:15.475+0000] {processor.py:914} INFO - Processing file /opt/airflow/dags/weather_dag.py for tasks to queue
[2026-08-16T14:58:15.477+0000] {logging_mixin.py:190} INFO - [2026-08-16T14:58:15.477+0000] {dagbag.py:588} INFO - Filling up the DagBag from /opt/airflow/dags/weather_dag.py
[2026-08-16T14:58:15.487+0000] {processor.py:925} INFO - DAG(s) 'weather_ingestion' retrieved from /opt/airflow/dags/weather_dag.py
[2026-08-16T14:58:15.505+0000] {logging_mixin.py:190} INFO - [2026-08-16T14:58:15.505+0000] {dag.py:3239} INFO - Sync 1 DAGs
[2026-08-16T14:58:15.518+0000] {logging_mixin.py:190} INFO - [2026-08-16T14:58:15.518+0000] {dag.py:4180} INFO - Setting next_dagrun for weather_ingestion to 2026-08-16 14:00:00+00:00, run_after=2026-08-16 15:00:00+00:00
[2026-08-16T14:58:15.525+0000] {processor.py:208} INFO - Processing /opt/airflow/dags/weather_dag.py took 0.055 seconds
[2026-08-16T14:58:45.874+0000] {processor.py:186} INFO - Started process (PID=45814) to work on /opt/airflow/dags/weather_dag.py
[2026-08-16T14:58:45.876+0000] {processor.py:914} INFO - Processing file /opt/airflow/dags/weather_dag.py for tasks to queue
[2026-08-16T14:58:45.880+0000] {logging_mixin.py:190} INFO - [2026-08-16T14:58:45.879+0000] {dagbag.py:588} INFO - Filling up the DagBag from /opt/airflow/dags/weather_dag.py
[2026-08-16T14:58:45.893+0000] {processor.py:925} INFO - DAG(s) 'weather_ingestion' retrieved from /opt/airflow/dags/weather_dag.py
[2026-08-16T14:58:45.915+0000] {logging_mixin.py:190} INFO - [2026-08-16T14:58:45.915+0000] {dag.py:3239} INFO - Sync 1 DAGs
[2026-08-16T14:58:45.929+0000] {logging_mixin.py:190} INFO - [2026-08-16T14:58:45.929+0000] {dag.py:4180} INFO - Setting next_dagrun for weather_ingestion to 2026-08-16 14:00:00+00:00, run_after=2026-08-16 15:00:00+00:00
[2026-08-16T14:58:45.937+0000] {processor.py:208} INFO - Processing /opt/airflow/dags/weather_dag.py took 0.072 seconds
[2026-08-16T14:59:16.213+0000] {processor.py:186} INFO - Started process (PID=45819) to work on /opt/airflow/dags/weather_dag.py
[2026-08-16T14:59:16.215+0000] {processor.py:914} INFO - Processing file /opt/airflow/dags/weather_dag.py for tasks to queue
[2026-08-16T14:59:16.218+0000] {logging_mixin.py:190} INFO - [2026-08-16T14:59:16.217+0000] {dagbag.py:588} INFO - Filling up the DagBag from /opt/airflow/dags/weather_dag.py
[2026-08-16T14:59:16.228+0000] {processor.py:925} INFO - DAG(s) 'weather_ingestion' retrieved from /opt/airflow/dags/weather_dag.py
[2026-08-16T14:59:16.247+0000] {logging_mixin.py:190} INFO - [2026-08-16T14:59:16.247+0000] {dag.py:3239} INFO - Sync 1 DAGs
[2026-08-16T14:59:16.258+0000] {logging_mixin.py:190} INFO - [2026-08-16T14:59:16.258+0000] {dag.py:4180} INFO - Setting next_dagrun for weather_ingestion to 2026-08-16 14:00:00+00:00, run_after=2026-08-16 15:00:00+00:00
[2026-08-16T14:59:16.265+0000] {processor.py:208} INFO - Processing /opt/airflow/dags/weather_dag.py took 0.059 seconds
[2026-08-16T14:59:46.550+0000] {processor.py:186} INFO - Started process (PID=45824) to work on /opt/airflow/dags/weather_dag.py
[2026-08-16T14:59:46.552+0000] {processor.py:914} INFO - Processing file /opt/airflow/dags/weather_dag.py for tasks to queue
[2026-08-16T14:59:46.554+0000] {logging_mixin.py:190} INFO - [2026-08-16T14:59:46.553+0000] {dagbag.py:588} INFO - Filling up the DagBag from /opt/airflow/dags/weather_dag.py
[2026-08-16T14:59:46.563+0000] {processor.py:925} INFO - DAG(s) 'weather_ingestion' retrieved from /opt/airflow/dags/weather_dag.py
[2026-08-16T14:59:46.584+0000] {logging_mixin.py:190} INFO - [2026-08-16T14:59:46.584+0000] {dag.py:3239} INFO - Sync 1 DAGs
[2026-08-16T14:59:46.595+0000] {logging_mixin.py:190} INFO - [2026-08-16T14:59:46.595+0000] {dag.py:4180} INFO - Setting next_dagrun for weather_ingestion to 2026-08-16 14:00:00+00:00, run_after=2026-08-16 15:00:00+00:00
[2026-08-16T14:59:46.602+0000] {processor.py:208} INFO - Processing /opt/airflow/dags/weather_dag.py took 0.058 seconds
[2026-08-16T15:00:16.884+0000] {processor.py:186} INFO - Started process (PID=45834) to work on /opt/airflow/dags/weather_dag.py
[2026-08-16T15:00:16.886+0000] {processor.py:914} INFO - Processing file /opt/airflow/dags/weather_dag.py for tasks to queue
[2026-08-16T15:00:16.888+0000] {logging_mixin.py:190} INFO - [2026-08-16T15:00:16.888+0000] {dagbag.py:588} INFO - Filling up the DagBag from /opt/airflow/dags/weather_dag.py
[2026-08-16T15:00:16.900+0000] {processor.py:925} INFO - DAG(s) 'weather_ingestion' retrieved from /opt/airflow/dags/weather_dag.py
[2026-08-16T15:00:16.918+0000] {logging_mixin.py:190} INFO - [2026-08-16T15:00:16.918+0000] {dag.py:3239} INFO - Sync 1 DAGs
[2026-08-16T15:00:16.931+0000] {logging_mixin.py:190} INFO - [2026-08-16T15:00:16.931+0000] {dag.py:4180} INFO - Setting next_dagrun for weather_ingestion to 2026-08-16 15:00:00+00:00, run_after=2026-08-16 16:00:00+00:00
[2026-08-16T15:00:16.938+0000] {processor.py:208} INFO - Processing /opt/airflow/dags/weather_dag.py took 0.061 seconds
[2026-08-16T15:00:47.363+0000] {processor.py:186} INFO - Started process (PID=45839) to work on /opt/airflow/dags/weather_dag.py
[2026-08-16T15:00:47.365+0000] {processor.py:914} INFO - Processing file /opt/airflow/dags/weather_dag.py for tasks to queue
[2026-08-16T15:00:47.367+0000] {logging_mixin.py:190} INFO - [2026-08-16T15:00:47.367+0000] {dagbag.py:588} INFO - Filling up the DagBag from /opt/airflow/dags/weather_dag.py
[2026-08-16T15:00:47.376+0000] {processor.py:925} INFO - DAG(s) 'weather_ingestion' retrieved from /opt/airflow/dags/weather_dag.py
[2026-08-16T15:00:47.395+0000] {logging_mixin.py:190} INFO - [2026-08-16T15:00:47.395+0000] {dag.py:3239} INFO - Sync 1 DAGs
[2026-08-16T15:00:47.408+0000] {logging_mixin.py:190} INFO - [2026-08-16T15:00:47.408+0000] {dag.py:4180} INFO - Setting next_dagrun for weather_ingestion to 2026-08-16 15:00:00+00:00, run_after=2026-08-16 16:00:00+00:00
[2026-08-16T15:00:47.415+0000] {processor.py:208} INFO - Processing /opt/airflow/dags/weather_dag.py took 0.057 seconds
[2026-08-16T15:01:17.806+0000] {processor.py:186} INFO - Started process (PID=45844) to work on /opt/airflow/dags/weather_dag.py
[2026-08-16T15:01:17.808+0000] {processor.py:914} INFO - Processing file /opt/airflow/dags/weather_dag.py for tasks to queue
[2026-08-16T15:01:17.812+0000] {logging_mixin.py:190} INFO - [2026-08-16T15:01:17.811+0000] {dagbag.py:588} INFO - Filling up the DagBag from /opt/airflow/dags/weather_dag.py
[2026-08-16T15:01:17.836+0000] {processor.py:925} INFO - DAG(s) 'weather_ingestion' retrieved from /opt/airflow/dags/weather_dag.py
[2026-08-16T15:01:17.878+0000] {logging_mixin.py:190} INFO - [2026-08-16T15:01:17.878+0000] {dag.py:3239} INFO - Sync 1 DAGs
[2026-08-16T15:01:17.899+0000] {logging_mixin.py:190} INFO - [2026-08-16T15:01:17.898+0000] {dag.py:4180} INFO - Setting next_dagrun for weather_ingestion to 2026-08-16 15:00:00+00:00, run_after=2026-08-16 16:00:00+00:00
[2026-08-16T15:01:17.912+0000] {processor.py:208} INFO - Processing /opt/airflow/dags/weather_dag.py took 0.116 seconds
[2026-08-16T15:01:48.203+0000] {processor.py:186} INFO - Started process (PID=45849) to work on /opt/airflow/dags/weather_dag.py
[2026-08-16T15:01:48.206+0000] {processor.py:914} INFO - Processing file /opt/airflow/dags/weather_dag.py for tasks to queue
[2026-08-16T15:01:48.211+0000] {logging_mixin.py:190} INFO - [2026-08-16T15:01:48.210+0000] {dagbag.py:588} INFO - Filling up the DagBag from /opt/airflow/dags/weather_dag.py
[2026-08-16T15:01:48.228+0000] {processor.py:925} INFO - DAG(s) 'weather_ingestion' retrieved from /opt/airflow/dags/weather_dag.py
[2026-08-16T15:01:48.280+0000] {logging_mixin.py:190} INFO - [2026-08-16T15:01:48.280+0000] {dag.py:3239} INFO - Sync 1 DAGs
[2026-08-16T15:01:48.293+0000] {logging_mixin.py:190} INFO - [2026-08-16T15:01:48.293+0000] {dag.py:4180} INFO - Setting next_dagrun for weather_ingestion to 2026-08-16 15:00:00+00:00, run_after=2026-08-16 16:00:00+00:00
[2026-08-16T15:01:48.302+0000] {processor.py:208} INFO - Processing /opt/airflow/dags/weather_dag.py took 0.111 seconds
[2026-08-16T15:02:18.473+0000] {processor.py:186} INFO - Started process (PID=46198) to work on /opt/airflow/dags/weather_dag.py
[2026-08-16T15:02:18.475+0000] {processor.py:914} INFO - Processing file /opt/airflow/dags/weather_dag.py for tasks to queue
[2026-08-16T15:02:18.479+0000] {logging_mixin.py:190} INFO - [2026-08-16T15:02:18.478+0000] {dagbag.py:588} INFO - Filling up the DagBag from /opt/airflow/dags/weather_dag.py
[2026-08-16T15:02:18.509+0000] {processor.py:925} INFO - DAG(s) 'weather_ingestion' retrieved from /opt/airflow/dags/weather_dag.py
[2026-08-16T15:02:18.533+0000] {logging_mixin.py:190} INFO - [2026-08-16T15:02:18.533+0000] {dag.py:3239} INFO - Sync 1 DAGs
[2026-08-16T15:02:18.547+0000] {logging_mixin.py:190} INFO - [2026-08-16T15:02:18.546+0000] {dag.py:4180} INFO - Setting next_dagrun for weather_ingestion to 2026-08-16 15:00:00+00:00, run_after=2026-08-16 16:00:00+00:00
[2026-08-16T15:02:18.555+0000] {processor.py:208} INFO - Processing /opt/airflow/dags/weather_dag.py took 0.089 seconds
[2026-08-16T15:02:48.849+0000] {processor.py:186} INFO - Started process (PID=46247) to work on /opt/airflow/dags/weather_dag.py
[2026-08-16T15:02:48.851+0000] {processor.py:914} INFO - Processing file /opt/airflow/dags/weather_dag.py for tasks to queue
[2026-08-16T15:02:48.854+0000] {logging_mixin.py:190} INFO - [2026-08-16T15:02:48.854+0000] {dagbag.py:588} INFO - Filling up the DagBag from /opt/airflow/dags/weather_dag.py
[2026-08-16T15:02:48.864+0000] {processor.py:925} INFO - DAG(s) 'weather_ingestion' retrieved from /opt/airflow/dags/weather_dag.py
[2026-08-16T15:02:48.884+0000] {logging_mixin.py:190} INFO - [2026-08-16T15:02:48.884+0000] {dag.py:3239} INFO - Sync 1 DAGs
[2026-08-16T15:02:48.897+0000] {logging_mixin.py:190} INFO - [2026-08-16T15:02:48.897+0000] {dag.py:4180} INFO - Setting next_dagrun for weather_ingestion to 2026-08-16 15:00:00+00:00, run_after=2026-08-16 16:00:00+00:00
[2026-08-16T15:02:48.905+0000] {processor.py:208} INFO - Processing /opt/airflow/dags/weather_dag.py took 0.063 seconds
[2026-08-16T15:03:19.152+0000] {processor.py:186} INFO - Started process (PID=46252) to work on /opt/airflow/dags/weather_dag.py
[2026-08-16T15:03:19.154+0000] {processor.py:914} INFO - Processing file /opt/airflow/dags/weather_dag.py for tasks to queue
[2026-08-16T15:03:19.157+0000] {logging_mixin.py:190} INFO - [2026-08-16T15:03:19.157+0000] {dagbag.py:588} INFO - Filling up the DagBag from /opt/airflow/dags/weather_dag.py
[2026-08-16T15:03:19.171+0000] {processor.py:925} INFO - DAG(s) 'weather_ingestion' retrieved from /opt/airflow/dags/weather_dag.py
[2026-08-16T15:03:19.194+0000] {logging_mixin.py:190} INFO - [2026-08-16T15:03:19.194+0000] {dag.py:3239} INFO - Sync 1 DAGs
[2026-08-16T15:03:19.210+0000] {logging_mixin.py:190} INFO - [2026-08-16T15:03:19.210+0000] {dag.py:4180} INFO - Setting next_dagrun for weather_ingestion to 2026-08-16 15:00:00+00:00, run_after=2026-08-16 16:00:00+00:00
[2026-08-16T15:03:19.219+0000] {processor.py:208} INFO - Processing /opt/airflow/dags/weather_dag.py took 0.077 seconds
[2026-08-16T15:03:49.570+0000] {processor.py:186} INFO - Started process (PID=46257) to work on /opt/airflow/dags/weather_dag.py
[2026-08-16T15:03:49.572+0000] {processor.py:914} INFO - Processing file /opt/airflow/dags/weather_dag.py for tasks to queue
[2026-08-16T15:03:49.575+0000] {logging_mixin.py:190} INFO - [2026-08-16T15:03:49.575+0000] {dagbag.py:588} INFO - Filling up the DagBag from /opt/airflow/dags/weather_dag.py
[2026-08-16T15:03:49.591+0000] {processor.py:925} INFO - DAG(s) 'weather_ingestion' retrieved from /opt/airflow/dags/weather_dag.py
[2026-08-16T15:03:49.615+0000] {logging_mixin.py:190} INFO - [2026-08-16T15:03:49.615+0000] {dag.py:3239} INFO - Sync 1 DAGs
[2026-08-16T15:03:49.629+0000] {logging_mixin.py:190} INFO - [2026-08-16T15:03:49.628+0000] {dag.py:4180} INFO - Setting next_dagrun for weather_ingestion to 2026-08-16 15:00:00+00:00, run_after=2026-08-16 16:00:00+00:00
[2026-08-16T15:03:49.636+0000] {processor.py:208} INFO - Processing /opt/airflow/dags/weather_dag.py took 0.078 seconds
[2026-08-16T15:04:19.907+0000] {processor.py:186} INFO - Started process (PID=46262) to work on /opt/airflow/dags/weather_dag.py
[2026-08-16T15:04:19.910+0000] {processor.py:914} INFO - Processing file /opt/airflow/dags/weather_dag.py for tasks to queue
[2026-08-16T15:04:19.913+0000] {logging_mixin.py:190} INFO - [2026-08-16T15:04:19.913+0000] {dagbag.py:588} INFO - Filling up the DagBag from /opt/airflow/dags/weather_dag.py
[2026-08-16T15:04:19.927+0000] {processor.py:925} INFO - DAG(s) 'weather_ingestion' retrieved from /opt/airflow/dags/weather_dag.py
[2026-08-16T15:04:19.942+0000] {logging_mixin.py:190} INFO - [2026-08-16T15:04:19.942+0000] {dag.py:3239} INFO - Sync 1 DAGs
[2026-08-16T15:04:19.956+0000] {logging_mixin.py:190} INFO - [2026-08-16T15:04:19.956+0000] {dag.py:4180} INFO - Setting next_dagrun for weather_ingestion to 2026-08-16 15:00:00+00:00, run_after=2026-08-16 16:00:00+00:00
[2026-08-16T15:04:19.963+0000] {processor.py:208} INFO - Processing /opt/airflow/dags/weather_dag.py took 0.065 seconds
[2026-08-16T15:04:50.285+0000] {processor.py:186} INFO - Started process (PID=46267) to work on /opt/airflow/dags/weather_dag.py
[2026-08-16T15:04:50.287+0000] {processor.py:914} INFO - Processing file /opt/airflow/dags/weather_dag.py for tasks to queue
[2026-08-16T15:04:50.291+0000] {logging_mixin.py:190} INFO - [2026-08-16T15:04:50.291+0000] {dagbag.py:588} INFO - Filling up the DagBag from /opt/airflow/dags/weather_dag.py
[2026-08-16T15:04:50.307+0000] {processor.py:925} INFO - DAG(s) 'weather_ingestion' retrieved from /opt/airflow/dags/weather_dag.py
[2026-08-16T15:04:50.330+0000] {logging_mixin.py:190} INFO - [2026-08-16T15:04:50.330+0000] {dag.py:3239} INFO - Sync 1 DAGs
[2026-08-16T15:04:50.344+0000] {logging_mixin.py:190} INFO - [2026-08-16T15:04:50.344+0000] {dag.py:4180} INFO - Setting next_dagrun for weather_ingestion to 2026-08-16 15:00:00+00:00, run_after=2026-08-16 16:00:00+00:00
[2026-08-16T15:04:50.352+0000] {processor.py:208} INFO - Processing /opt/airflow/dags/weather_dag.py took 0.078 seconds
[2026-08-16T15:05:20.637+0000] {processor.py:186} INFO - Started process (PID=46272) to work on /opt/airflow/dags/weather_dag.py
[2026-08-16T15:05:20.638+0000] {processor.py:914} INFO - Processing file /opt/airflow/dags/weather_dag.py for tasks to queue
[2026-08-16T15:05:20.640+0000] {logging_mixin.py:190} INFO - [2026-08-16T15:05:20.640+0000] {dagbag.py:588} INFO - Filling up the DagBag from /opt/airflow/dags/weather_dag.py
[2026-08-16T15:05:20.652+0000] {processor.py:925} INFO - DAG(s) 'weather_ingestion' retrieved from /opt/airflow/dags/weather_dag.py
[2026-08-16T15:05:20.671+0000] {logging_mixin.py:190} INFO - [2026-08-16T15:05:20.671+0000] {dag.py:3239} INFO - Sync 1 DAGs
[2026-08-16T15:05:20.683+0000] {logging_mixin.py:190} INFO - [2026-08-16T15:05:20.683+0000] {dag.py:4180} INFO - Setting next_dagrun for weather_ingestion to 2026-08-16 15:00:00+00:00, run_after=2026-08-16 16:00:00+00:00
[2026-08-16T15:05:20.690+0000] {processor.py:208} INFO - Processing /opt/airflow/dags/weather_dag.py took 0.062 seconds
[2026-08-16T15:05:50.990+0000] {processor.py:186} INFO - Started process (PID=46277) to work on /opt/airflow/dags/weather_dag.py
[2026-08-16T15:05:50.992+0000] {processor.py:914} INFO - Processing file /opt/airflow/dags/weather_dag.py for tasks to queue
[2026-08-16T15:05:50.995+0000] {logging_mixin.py:190} INFO - [2026-08-16T15:05:50.994+0000] {dagbag.py:588} INFO - Filling up the DagBag from /opt/airflow/dags/weather_dag.py
[2026-08-16T15:05:51.006+0000] {processor.py:925} INFO - DAG(s) 'weather_ingestion' retrieved from /opt/airflow/dags/weather_dag.py
[2026-08-16T15:05:51.028+0000] {logging_mixin.py:190} INFO - [2026-08-16T15:05:51.028+0000] {dag.py:3239} INFO - Sync 1 DAGs
[2026-08-16T15:05:51.041+0000] {logging_mixin.py:190} INFO - [2026-08-16T15:05:51.041+0000] {dag.py:4180} INFO - Setting next_dagrun for weather_ingestion to 2026-08-16 15:00:00+00:00, run_after=2026-08-16 16:00:00+00:00
[2026-08-16T15:05:51.053+0000] {processor.py:208} INFO - Processing /opt/airflow/dags/weather_dag.py took 0.069 seconds
[2026-08-16T15:06:21.339+0000] {processor.py:186} INFO - Started process (PID=46282) to work on /opt/airflow/dags/weather_dag.py
[2026-08-16T15:06:21.341+0000] {processor.py:914} INFO - Processing file /opt/airflow/dags/weather_dag.py for tasks to queue
[2026-08-16T15:06:21.343+0000] {logging_mixin.py:190} INFO - [2026-08-16T15:06:21.343+0000] {dagbag.py:588} INFO - Filling up the DagBag from /opt/airflow/dags/weather_dag.py
[2026-08-16T15:06:21.354+0000] {processor.py:925} INFO - DAG(s) 'weather_ingestion' retrieved from /opt/airflow/dags/weather_dag.py
[2026-08-16T15:06:21.373+0000] {logging_mixin.py:190} INFO - [2026-08-16T15:06:21.373+0000] {dag.py:3239} INFO - Sync 1 DAGs
[2026-08-16T15:06:21.385+0000] {logging_mixin.py:190} INFO - [2026-08-16T15:06:21.385+0000] {dag.py:4180} INFO - Setting next_dagrun for weather_ingestion to 2026-08-16 15:00:00+00:00, run_after=2026-08-16 16:00:00+00:00
[2026-08-16T15:06:21.393+0000] {processor.py:208} INFO - Processing /opt/airflow/dags/weather_dag.py took 0.060 seconds
[2026-08-16T15:06:51.786+0000] {processor.py:186} INFO - Started process (PID=46287) to work on /opt/airflow/dags/weather_dag.py
[2026-08-16T15:06:51.789+0000] {processor.py:914} INFO - Processing file /opt/airflow/dags/weather_dag.py for tasks to queue
[2026-08-16T15:06:51.797+0000] {logging_mixin.py:190} INFO - [2026-08-16T15:06:51.796+0000] {dagbag.py:588} INFO - Filling up the DagBag from /opt/airflow/dags/weather_dag.py
[2026-08-16T15:06:51.823+0000] {processor.py:925} INFO - DAG(s) 'weather_ingestion' retrieved from /opt/airflow/dags/weather_dag.py
[2026-08-16T15:06:51.866+0000] {logging_mixin.py:190} INFO - [2026-08-16T15:06:51.866+0000] {dag.py:3239} INFO - Sync 1 DAGs
[2026-08-16T15:06:51.884+0000] {logging_mixin.py:190} INFO - [2026-08-16T15:06:51.884+0000] {dag.py:4180} INFO - Setting next_dagrun for weather_ingestion to 2026-08-16 15:00:00+00:00, run_after=2026-08-16 16:00:00+00:00
[2026-08-16T15:06:51.893+0000] {processor.py:208} INFO - Processing /opt/airflow/dags/weather_dag.py took 0.125 seconds
[2026-08-16T15:07:22.187+0000] {processor.py:186} INFO - Started process (PID=46292) to work on /opt/airflow/dags/weather_dag.py
[2026-08-16T15:07:22.189+0000] {processor.py:914} INFO - Processing file /opt/airflow/dags/weather_dag.py for tasks to queue
[2026-08-16T15:07:22.191+0000] {logging_mixin.py:190} INFO - [2026-08-16T15:07:22.191+0000] {dagbag.py:588} INFO - Filling up the DagBag from /opt/airflow/dags/weather_dag.py
[2026-08-16T15:07:22.203+0000] {processor.py:925} INFO - DAG(s) 'weather_ingestion' retrieved from /opt/airflow/dags/weather_dag.py
[2026-08-16T15:07:22.223+0000] {logging_mixin.py:190} INFO - [2026-08-16T15:07:22.223+0000] {dag.py:3239} INFO - Sync 1 DAGs
[2026-08-16T15:07:22.236+0000] {logging_mixin.py:190} INFO - [2026-08-16T15:07:22.236+0000] {dag.py:4180} INFO - Setting next_dagrun for weather_ingestion to 2026-08-16 15:00:00+00:00, run_after=2026-08-16 16:00:00+00:00
[2026-08-16T15:07:22.243+0000] {processor.py:208} INFO - Processing /opt/airflow/dags/weather_dag.py took 0.064 seconds
[2026-08-16T15:07:52.566+0000] {processor.py:186} INFO - Started process (PID=46297) to work on /opt/airflow/dags/weather_dag.py
[2026-08-16T15:07:52.568+0000] {processor.py:914} INFO - Processing file /opt/airflow/dags/weather_dag.py for tasks to queue
[2026-08-16T15:07:52.571+0000] {logging_mixin.py:190} INFO - [2026-08-16T15:07:52.570+0000] {dagbag.py:588} INFO - Filling up the DagBag from /opt/airflow/dags/weather_dag.py
[2026-08-16T15:07:52.583+0000] {processor.py:925} INFO - DAG(s) 'weather_ingestion' retrieved from /opt/airflow/dags/weather_dag.py
[2026-08-16T15:07:52.601+0000] {logging_mixin.py:190} INFO - [2026-08-16T15:07:52.601+0000] {dag.py:3239} INFO - Sync 1 DAGs
[2026-08-16T15:07:52.613+0000] {logging_mixin.py:190} INFO - [2026-08-16T15:07:52.613+0000] {dag.py:4180} INFO - Setting next_dagrun for weather_ingestion to 2026-08-16 15:00:00+00:00, run_after=2026-08-16 16:00:00+00:00
[2026-08-16T15:07:52.620+0000] {processor.py:208} INFO - Processing /opt/airflow/dags/weather_dag.py took 0.061 seconds
[2026-08-16T15:08:22.962+0000] {processor.py:186} INFO - Started process (PID=46302) to work on /opt/airflow/dags/weather_dag.py
[2026-08-16T15:08:22.964+0000] {processor.py:914} INFO - Processing file /opt/airflow/dags/weather_dag.py for tasks to queue
[2026-08-16T15:08:22.967+0000] {logging_mixin.py:190} INFO - [2026-08-16T15:08:22.966+0000] {dagbag.py:588} INFO - Filling up the DagBag from /opt/airflow/dags/weather_dag.py
[2026-08-16T15:08:22.978+0000] {processor.py:925} INFO - DAG(s) 'weather_ingestion' retrieved from /opt/airflow/dags/weather_dag.py
[2026-08-16T15:08:23.002+0000] {logging_mixin.py:190} INFO - [2026-08-16T15:08:23.002+0000] {dag.py:3239} INFO - Sync 1 DAGs
[2026-08-16T15:08:23.017+0000] {logging_mixin.py:190} INFO - [2026-08-16T15:08:23.017+0000] {dag.py:4180} INFO - Setting next_dagrun for weather_ingestion to 2026-08-16 15:00:00+00:00, run_after=2026-08-16 16:00:00+00:00
[2026-08-16T15:08:23.025+0000] {processor.py:208} INFO - Processing /opt/airflow/dags/weather_dag.py took 0.071 seconds
[2026-08-16T15:08:53.322+0000] {processor.py:186} INFO - Started process (PID=46307) to work on /opt/airflow/dags/weather_dag.py
[2026-08-16T15:08:53.323+0000] {processor.py:914} INFO - Processing file /opt/airflow/dags/weather_dag.py for tasks to queue
[2026-08-16T15:08:53.325+0000] {logging_mixin.py:190} INFO - [2026-08-16T15:08:53.325+0000] {dagbag.py:588} INFO - Filling up the DagBag from /opt/airflow/dags/weather_dag.py
[2026-08-16T15:08:53.335+0000] {processor.py:925} INFO - DAG(s) 'weather_ingestion' retrieved from /opt/airflow/dags/weather_dag.py
[2026-08-16T15:08:53.354+0000] {logging_mixin.py:190} INFO - [2026-08-16T15:08:53.354+0000] {dag.py:3239} INFO - Sync 1 DAGs
[2026-08-16T15:08:53.365+0000] {logging_mixin.py:190} INFO - [2026-08-16T15:08:53.365+0000] {dag.py:4180} INFO - Setting next_dagrun for weather_ingestion to 2026-08-16 15:00:00+00:00, run_after=2026-08-16 16:00:00+00:00
[2026-08-16T15:08:53.373+0000] {processor.py:208} INFO - Processing /opt/airflow/dags/weather_dag.py took 0.058 seconds
[2026-08-16T15:09:23.655+0000] {processor.py:186} INFO - Started process (PID=46312) to work on /opt/airflow/dags/weather_dag.py
[2026-08-16T15:09:23.657+0000] {processor.py:914} INFO - Processing file /opt/airflow/dags/weather_dag.py for tasks to queue
[2026-08-16T15:09:23.659+0000] {logging_mixin.py:190} INFO - [2026-08-16T15:09:23.659+0000] {dagbag.py:588} INFO - Filling up the DagBag from /opt/airflow/dags/weather_dag.py
[2026-08-16T15:09:23.670+0000] {processor.py:925} INFO - DAG(s) 'weather_ingestion' retrieved from /opt/airflow/dags/weather_dag.py
[2026-08-16T15:09:23.692+0000] {logging_mixin.py:190} INFO - [2026-08-16T15:09:23.692+0000] {dag.py:3239} INFO - Sync 1 DAGs
[2026-08-16T15:09:23.704+0000] {logging_mixin.py:190} INFO - [2026-08-16T15:09:23.704+0000] {dag.py:4180} INFO - Setting next_dagrun for weather_ingestion to 2026-08-16 15:00:00+00:00, run_after=2026-08-16 16:00:00+00:00
[2026-08-16T15:09:23.711+0000] {processor.py:208} INFO - Processing /opt/airflow/dags/weather_dag.py took 0.062 seconds
[2026-08-16T15:09:54.035+0000] {processor.py:186} INFO - Started process (PID=46317) to work on /opt/airflow/dags/weather_dag.py
[2026-08-16T15:09:54.037+0000] {processor.py:914} INFO - Processing file /opt/airflow/dags/weather_dag.py for tasks to queue
[2026-08-16T15:09:54.040+0000] {logging_mixin.py:190} INFO - [2026-08-16T15:09:54.039+0000] {dagbag.py:588} INFO - Filling up the DagBag from /opt/airflow/dags/weather_dag.py
[2026-08-16T15:09:54.051+0000] {processor.py:925} INFO - DAG(s) 'weather_ingestion' retrieved from /opt/airflow/dags/weather_dag.py
[2026-08-16T15:09:54.071+0000] {logging_mixin.py:190} INFO - [2026-08-16T15:09:54.071+0000] {dag.py:3239} INFO - Sync 1 DAGs
[2026-08-16T15:09:54.082+0000] {logging_mixin.py:190} INFO - [2026-08-16T15:09:54.082+0000] {dag.py:4180} INFO - Setting next_dagrun for weather_ingestion to 2026-08-16 15:00:00+00:00, run_after=2026-08-16 16:00:00+00:00
[2026-08-16T15:09:54.089+0000] {processor.py:208} INFO - Processing /opt/airflow/dags/weather_dag.py took 0.060 seconds
[2026-08-16T15:10:24.429+0000] {processor.py:186} INFO - Started process (PID=46322) to work on /opt/airflow/dags/weather_dag.py
[2026-08-16T15:10:24.431+0000] {processor.py:914} INFO - Processing file /opt/airflow/dags/weather_dag.py for tasks to queue
[2026-08-16T15:10:24.433+0000] {logging_mixin.py:190} INFO - [2026-08-16T15:10:24.433+0000] {dagbag.py:588} INFO - Filling up the DagBag from /opt/airflow/dags/weather_dag.py
[2026-08-16T15:10:24.444+0000] {processor.py:925} INFO - DAG(s) 'weather_ingestion' retrieved from /opt/airflow/dags/weather_dag.py
[2026-08-16T15:10:24.486+0000] {logging_mixin.py:190} INFO - [2026-08-16T15:10:24.486+0000] {dag.py:3239} INFO - Sync 1 DAGs
[2026-08-16T15:10:24.498+0000] {logging_mixin.py:190} INFO - [2026-08-16T15:10:24.498+0000] {dag.py:4180} INFO - Setting next_dagrun for weather_ingestion to 2026-08-16 15:00:00+00:00, run_after=2026-08-16 16:00:00+00:00
[2026-08-16T15:10:24.506+0000] {processor.py:208} INFO - Processing /opt/airflow/dags/weather_dag.py took 0.084 seconds
[2026-08-16T15:10:54.774+0000] {processor.py:186} INFO - Started process (PID=46327) to work on /opt/airflow/dags/weather_dag.py
[2026-08-16T15:10:54.776+0000] {processor.py:914} INFO - Processing file /opt/airflow/dags/weather_dag.py for tasks to queue
[2026-08-16T15:10:54.778+0000] {logging_mixin.py:190} INFO - [2026-08-16T15:10:54.778+0000] {dagbag.py:588} INFO - Filling up the DagBag from /opt/airflow/dags/weather_dag.py
[2026-08-16T15:10:54.788+0000] {processor.py:925} INFO - DAG(s) 'weather_ingestion' retrieved from /opt/airflow/dags/weather_dag.py
[2026-08-16T15:10:54.806+0000] {logging_mixin.py:190} INFO - [2026-08-16T15:10:54.806+0000] {dag.py:3239} INFO - Sync 1 DAGs
[2026-08-16T15:10:54.817+0000] {logging_mixin.py:190} INFO - [2026-08-16T15:10:54.817+0000] {dag.py:4180} INFO - Setting next_dagrun for weather_ingestion to 2026-08-16 15:00:00+00:00, run_after=2026-08-16 16:00:00+00:00
[2026-08-16T15:10:54.825+0000] {processor.py:208} INFO - Processing /opt/airflow/dags/weather_dag.py took 0.057 seconds
[2026-08-16T15:11:25.090+0000] {processor.py:186} INFO - Started process (PID=46332) to work on /opt/airflow/dags/weather_dag.py
[2026-08-16T15:11:25.091+0000] {processor.py:914} INFO - Processing file /opt/airflow/dags/weather_dag.py for tasks to queue
[2026-08-16T15:11:25.094+0000] {logging_mixin.py:190} INFO - [2026-08-16T15:11:25.094+0000] {dagbag.py:588} INFO - Filling up the DagBag from /opt/airflow/dags/weather_dag.py
[2026-08-16T15:11:25.105+0000] {processor.py:925} INFO - DAG(s) 'weather_ingestion' retrieved from /opt/airflow/dags/weather_dag.py
[2026-08-16T15:11:25.123+0000] {logging_mixin.py:190} INFO - [2026-08-16T15:11:25.123+0000] {dag.py:3239} INFO - Sync 1 DAGs
[2026-08-16T15:11:25.135+0000] {logging_mixin.py:190} INFO - [2026-08-16T15:11:25.135+0000] {dag.py:4180} INFO - Setting next_dagrun for weather_ingestion to 2026-08-16 15:00:00+00:00, run_after=2026-08-16 16:00:00+00:00
[2026-08-16T15:11:25.141+0000] {processor.py:208} INFO - Processing /opt/airflow/dags/weather_dag.py took 0.059 seconds
[2026-08-16T15:11:55.406+0000] {processor.py:186} INFO - Started process (PID=46337) to work on /opt/airflow/dags/weather_dag.py
[2026-08-16T15:11:55.407+0000] {processor.py:914} INFO - Processing file /opt/airflow/dags/weather_dag.py for tasks to queue
[2026-08-16T15:11:55.409+0000] {logging_mixin.py:190} INFO - [2026-08-16T15:11:55.409+0000] {dagbag.py:588} INFO - Filling up the DagBag from /opt/airflow/dags/weather_dag.py
[2026-08-16T15:11:55.419+0000] {processor.py:925} INFO - DAG(s) 'weather_ingestion' retrieved from /opt/airflow/dags/weather_dag.py
[2026-08-16T15:11:55.437+0000] {logging_mixin.py:190} INFO - [2026-08-16T15:11:55.437+0000] {dag.py:3239} INFO - Sync 1 DAGs
[2026-08-16T15:11:55.449+0000] {logging_mixin.py:190} INFO - [2026-08-16T15:11:55.449+0000] {dag.py:4180} INFO - Setting next_dagrun for weather_ingestion to 2026-08-16 15:00:00+00:00, run_after=2026-08-16 16:00:00+00:00
[2026-08-16T15:11:55.455+0000] {processor.py:208} INFO - Processing /opt/airflow/dags/weather_dag.py took 0.056 seconds
[2026-08-16T15:12:25.712+0000] {processor.py:186} INFO - Started process (PID=46342) to work on /opt/airflow/dags/weather_dag.py
[2026-08-16T15:12:25.713+0000] {processor.py:914} INFO - Processing file /opt/airflow/dags/weather_dag.py for tasks to queue
[2026-08-16T15:12:25.717+0000] {logging_mixin.py:190} INFO - [2026-08-16T15:12:25.716+0000] {dagbag.py:588} INFO - Filling up the DagBag from /opt/airflow/dags/weather_dag.py
[2026-08-16T15:12:25.732+0000] {processor.py:925} INFO - DAG(s) 'weather_ingestion' retrieved from /opt/airflow/dags/weather_dag.py
[2026-08-16T15:12:25.756+0000] {logging_mixin.py:190} INFO - [2026-08-16T15:12:25.756+0000] {dag.py:3239} INFO - Sync 1 DAGs
[2026-08-16T15:12:25.770+0000] {logging_mixin.py:190} INFO - [2026-08-16T15:12:25.769+0000] {dag.py:4180} INFO - Setting next_dagrun for weather_ingestion to 2026-08-16 15:00:00+00:00, run_after=2026-08-16 16:00:00+00:00
[2026-08-16T15:12:25.777+0000] {processor.py:208} INFO - Processing /opt/airflow/dags/weather_dag.py took 0.075 seconds
[2026-08-16T15:12:56.079+0000] {processor.py:186} INFO - Started process (PID=46347) to work on /opt/airflow/dags/weather_dag.py
[2026-08-16T15:12:56.081+0000] {processor.py:914} INFO - Processing file /opt/airflow/dags/weather_dag.py for tasks to queue
[2026-08-16T15:12:56.083+0000] {logging_mixin.py:190} INFO - [2026-08-16T15:12:56.083+0000] {dagbag.py:588} INFO - Filling up the DagBag from /opt/airflow/dags/weather_dag.py
[2026-08-16T15:12:56.093+0000] {processor.py:925} INFO - DAG(s) 'weather_ingestion' retrieved from /opt/airflow/dags/weather_dag.py
[2026-08-16T15:12:56.111+0000] {logging_mixin.py:190} INFO - [2026-08-16T15:12:56.111+0000] {dag.py:3239} INFO - Sync 1 DAGs
[2026-08-16T15:12:56.123+0000] {logging_mixin.py:190} INFO - [2026-08-16T15:12:56.123+0000] {dag.py:4180} INFO - Setting next_dagrun for weather_ingestion to 2026-08-16 15:00:00+00:00, run_after=2026-08-16 16:00:00+00:00
[2026-08-16T15:12:56.130+0000] {processor.py:208} INFO - Processing /opt/airflow/dags/weather_dag.py took 0.056 seconds
[2026-08-16T15:13:26.421+0000] {processor.py:186} INFO - Started process (PID=46352) to work on /opt/airflow/dags/weather_dag.py
[2026-08-16T15:13:26.423+0000] {processor.py:914} INFO - Processing file /opt/airflow/dags/weather_dag.py for tasks to queue
[2026-08-16T15:13:26.426+0000] {logging_mixin.py:190} INFO - [2026-08-16T15:13:26.425+0000] {dagbag.py:588} INFO - Filling up the DagBag from /opt/airflow/dags/weather_dag.py
[2026-08-16T15:13:26.437+0000] {processor.py:925} INFO - DAG(s) 'weather_ingestion' retrieved from /opt/airflow/dags/weather_dag.py
[2026-08-16T15:13:26.458+0000] {logging_mixin.py:190} INFO - [2026-08-16T15:13:26.457+0000] {dag.py:3239} INFO - Sync 1 DAGs
[2026-08-16T15:13:26.470+0000] {logging_mixin.py:190} INFO - [2026-08-16T15:13:26.470+0000] {dag.py:4180} INFO - Setting next_dagrun for weather_ingestion to 2026-08-16 15:00:00+00:00, run_after=2026-08-16 16:00:00+00:00
[2026-08-16T15:13:26.478+0000] {processor.py:208} INFO - Processing /opt/airflow/dags/weather_dag.py took 0.063 seconds
[2026-08-16T15:13:56.778+0000] {processor.py:186} INFO - Started process (PID=46357) to work on /opt/airflow/dags/weather_dag.py
[2026-08-16T15:13:56.779+0000] {processor.py:914} INFO - Processing file /opt/airflow/dags/weather_dag.py for tasks to queue
[2026-08-16T15:13:56.781+0000] {logging_mixin.py:190} INFO - [2026-08-16T15:13:56.781+0000] {dagbag.py:588} INFO - Filling up the DagBag from /opt/airflow/dags/weather_dag.py
[2026-08-16T15:13:56.791+0000] {processor.py:925} INFO - DAG(s) 'weather_ingestion' retrieved from /opt/airflow/dags/weather_dag.py
[2026-08-16T15:13:56.811+0000] {logging_mixin.py:190} INFO - [2026-08-16T15:13:56.810+0000] {dag.py:3239} INFO - Sync 1 DAGs
[2026-08-16T15:13:56.822+0000] {logging_mixin.py:190} INFO - [2026-08-16T15:13:56.822+0000] {dag.py:4180} INFO - Setting next_dagrun for weather_ingestion to 2026-08-16 15:00:00+00:00, run_after=2026-08-16 16:00:00+00:00
[2026-08-16T15:13:56.829+0000] {processor.py:208} INFO - Processing /opt/airflow/dags/weather_dag.py took 0.058 seconds
[2026-08-16T15:14:27.138+0000] {processor.py:186} INFO - Started process (PID=46362) to work on /opt/airflow/dags/weather_dag.py
[2026-08-16T15:14:27.140+0000] {processor.py:914} INFO - Processing file /opt/airflow/dags/weather_dag.py for tasks to queue
[2026-08-16T15:14:27.144+0000] {logging_mixin.py:190} INFO - [2026-08-16T15:14:27.144+0000] {dagbag.py:588} INFO - Filling up the DagBag from /opt/airflow/dags/weather_dag.py
[2026-08-16T15:14:27.160+0000] {processor.py:925} INFO - DAG(s) 'weather_ingestion' retrieved from /opt/airflow/dags/weather_dag.py
[2026-08-16T15:14:27.184+0000] {logging_mixin.py:190} INFO - [2026-08-16T15:14:27.183+0000] {dag.py:3239} INFO - Sync 1 DAGs
[2026-08-16T15:14:27.198+0000] {logging_mixin.py:190} INFO - [2026-08-16T15:14:27.198+0000] {dag.py:4180} INFO - Setting next_dagrun for weather_ingestion to 2026-08-16 15:00:00+00:00, run_after=2026-08-16 16:00:00+00:00
[2026-08-16T15:14:27.206+0000] {processor.py:208} INFO - Processing /opt/airflow/dags/weather_dag.py took 0.077 seconds
[2026-08-16T15:14:57.461+0000] {processor.py:186} INFO - Started process (PID=46367) to work on /opt/airflow/dags/weather_dag.py
[2026-08-16T15:14:57.463+0000] {processor.py:914} INFO - Processing file /opt/airflow/dags/weather_dag.py for tasks to queue
[2026-08-16T15:14:57.465+0000] {logging_mixin.py:190} INFO - [2026-08-16T15:14:57.465+0000] {dagbag.py:588} INFO - Filling up the DagBag from /opt/airflow/dags/weather_dag.py
[2026-08-16T15:14:57.473+0000] {processor.py:925} INFO - DAG(s) 'weather_ingestion' retrieved from /opt/airflow/dags/weather_dag.py
[2026-08-16T15:14:57.489+0000] {logging_mixin.py:190} INFO - [2026-08-16T15:14:57.489+0000] {dag.py:3239} INFO - Sync 1 DAGs
[2026-08-16T15:14:57.501+0000] {logging_mixin.py:190} INFO - [2026-08-16T15:14:57.501+0000] {dag.py:4180} INFO - Setting next_dagrun for weather_ingestion to 2026-08-16 15:00:00+00:00, run_after=2026-08-16 16:00:00+00:00
[2026-08-16T15:14:57.508+0000] {processor.py:208} INFO - Processing /opt/airflow/dags/weather_dag.py took 0.051 seconds
[2026-08-16T15:15:27.793+0000] {processor.py:186} INFO - Started process (PID=46372) to work on /opt/airflow/dags/weather_dag.py
[2026-08-16T15:15:27.795+0000] {processor.py:914} INFO - Processing file /opt/airflow/dags/weather_dag.py for tasks to queue
[2026-08-16T15:15:27.797+0000] {logging_mixin.py:190} INFO - [2026-08-16T15:15:27.797+0000] {dagbag.py:588} INFO - Filling up the DagBag from /opt/airflow/dags/weather_dag.py
[2026-08-16T15:15:27.807+0000] {processor.py:925} INFO - DAG(s) 'weather_ingestion' retrieved from /opt/airflow/dags/weather_dag.py
[2026-08-16T15:15:27.825+0000] {logging_mixin.py:190} INFO - [2026-08-16T15:15:27.825+0000] {dag.py:3239} INFO - Sync 1 DAGs
[2026-08-16T15:15:27.838+0000] {logging_mixin.py:190} INFO - [2026-08-16T15:15:27.837+0000] {dag.py:4180} INFO - Setting next_dagrun for weather_ingestion to 2026-08-16 15:00:00+00:00, run_after=2026-08-16 16:00:00+00:00
[2026-08-16T15:15:27.845+0000] {processor.py:208} INFO - Processing /opt/airflow/dags/weather_dag.py took 0.059 seconds
[2026-08-16T15:15:58.105+0000] {processor.py:186} INFO - Started process (PID=46377) to work on /opt/airflow/dags/weather_dag.py
[2026-08-16T15:15:58.107+0000] {processor.py:914} INFO - Processing file /opt/airflow/dags/weather_dag.py for tasks to queue
[2026-08-16T15:15:58.108+0000] {logging_mixin.py:190} INFO - [2026-08-16T15:15:58.108+0000] {dagbag.py:588} INFO - Filling up the DagBag from /opt/airflow/dags/weather_dag.py
[2026-08-16T15:15:58.115+0000] {processor.py:925} INFO - DAG(s) 'weather_ingestion' retrieved from /opt/airflow/dags/weather_dag.py
[2026-08-16T15:15:58.131+0000] {logging_mixin.py:190} INFO - [2026-08-16T15:15:58.131+0000] {dag.py:3239} INFO - Sync 1 DAGs
[2026-08-16T15:15:58.143+0000] {logging_mixin.py:190} INFO - [2026-08-16T15:15:58.142+0000] {dag.py:4180} INFO - Setting next_dagrun for weather_ingestion to 2026-08-16 15:00:00+00:00, run_after=2026-08-16 16:00:00+00:00
[2026-08-16T15:15:58.149+0000] {processor.py:208} INFO - Processing /opt/airflow/dags/weather_dag.py took 0.050 seconds
[2026-08-16T15:16:28.465+0000] {processor.py:186} INFO - Started process (PID=46382) to work on /opt/airflow/dags/weather_dag.py
[2026-08-16T15:16:28.468+0000] {processor.py:914} INFO - Processing file /opt/airflow/dags/weather_dag.py for tasks to queue
[2026-08-16T15:16:28.475+0000] {logging_mixin.py:190} INFO - [2026-08-16T15:16:28.475+0000] {dagbag.py:588} INFO - Filling up the DagBag from /opt/airflow/dags/weather_dag.py
[2026-08-16T15:16:28.496+0000] {processor.py:925} INFO - DAG(s) 'weather_ingestion' retrieved from /opt/airflow/dags/weather_dag.py
[2026-08-16T15:16:28.535+0000] {logging_mixin.py:190} INFO - [2026-08-16T15:16:28.534+0000] {dag.py:3239} INFO - Sync 1 DAGs
[2026-08-16T15:16:28.571+0000] {logging_mixin.py:190} INFO - [2026-08-16T15:16:28.571+0000] {dag.py:4180} INFO - Setting next_dagrun for weather_ingestion to 2026-08-16 15:00:00+00:00, run_after=2026-08-16 16:00:00+00:00
[2026-08-16T15:16:28.588+0000] {processor.py:208} INFO - Processing /opt/airflow/dags/weather_dag.py took 0.138 seconds
[2026-08-16T15:16:58.817+0000] {processor.py:186} INFO - Started process (PID=46387) to work on /opt/airflow/dags/weather_dag.py
[2026-08-16T15:16:58.818+0000] {processor.py:914} INFO - Processing file /opt/airflow/dags/weather_dag.py for tasks to queue
[2026-08-16T15:16:58.821+0000] {logging_mixin.py:190} INFO - [2026-08-16T15:16:58.821+0000] {dagbag.py:588} INFO - Filling up the DagBag from /opt/airflow/dags/weather_dag.py
[2026-08-16T15:16:58.834+0000] {processor.py:925} INFO - DAG(s) 'weather_ingestion' retrieved from /opt/airflow/dags/weather_dag.py
[2026-08-16T15:16:58.856+0000] {logging_mixin.py:190} INFO - [2026-08-16T15:16:58.856+0000] {dag.py:3239} INFO - Sync 1 DAGs
[2026-08-16T15:16:58.870+0000] {logging_mixin.py:190} INFO - [2026-08-16T15:16:58.869+0000] {dag.py:4180} INFO - Setting next_dagrun for weather_ingestion to 2026-08-16 15:00:00+00:00, run_after=2026-08-16 16:00:00+00:00
[2026-08-16T15:16:58.878+0000] {processor.py:208} INFO - Processing /opt/airflow/dags/weather_dag.py took 0.068 seconds
[2026-08-16T15:17:29.238+0000] {processor.py:186} INFO - Started process (PID=46392) to work on /opt/airflow/dags/weather_dag.py
[2026-08-16T15:17:29.241+0000] {processor.py:914} INFO - Processing file /opt/airflow/dags/weather_dag.py for tasks to queue
[2026-08-16T15:17:29.248+0000] {logging_mixin.py:190} INFO - [2026-08-16T15:17:29.246+0000] {dagbag.py:588} INFO - Filling up the DagBag from /opt/airflow/dags/weather_dag.py
[2026-08-16T15:17:29.274+0000] {processor.py:925} INFO - DAG(s) 'weather_ingestion' retrieved from /opt/airflow/dags/weather_dag.py
[2026-08-16T15:17:29.305+0000] {logging_mixin.py:190} INFO - [2026-08-16T15:17:29.304+0000] {dag.py:3239} INFO - Sync 1 DAGs
[2026-08-16T15:17:29.326+0000] {logging_mixin.py:190} INFO - [2026-08-16T15:17:29.326+0000] {dag.py:4180} INFO - Setting next_dagrun for weather_ingestion to 2026-08-16 15:00:00+00:00, run_after=2026-08-16 16:00:00+00:00
[2026-08-16T15:17:29.335+0000] {processor.py:208} INFO - Processing /opt/airflow/dags/weather_dag.py took 0.112 seconds
[2026-08-16T15:17:59.499+0000] {processor.py:186} INFO - Started process (PID=46397) to work on /opt/airflow/dags/weather_dag.py
[2026-08-16T15:17:59.501+0000] {processor.py:914} INFO - Processing file /opt/airflow/dags/weather_dag.py for tasks to queue
[2026-08-16T15:17:59.503+0000] {logging_mixin.py:190} INFO - [2026-08-16T15:17:59.503+0000] {dagbag.py:588} INFO - Filling up the DagBag from /opt/airflow/dags/weather_dag.py
[2026-08-16T15:17:59.515+0000] {processor.py:925} INFO - DAG(s) 'weather_ingestion' retrieved from /opt/airflow/dags/weather_dag.py
[2026-08-16T15:17:59.534+0000] {logging_mixin.py:190} INFO - [2026-08-16T15:17:59.534+0000] {dag.py:3239} INFO - Sync 1 DAGs
[2026-08-16T15:17:59.546+0000] {logging_mixin.py:190} INFO - [2026-08-16T15:17:59.546+0000] {dag.py:4180} INFO - Setting next_dagrun for weather_ingestion to 2026-08-16 15:00:00+00:00, run_after=2026-08-16 16:00:00+00:00
[2026-08-16T15:17:59.553+0000] {processor.py:208} INFO - Processing /opt/airflow/dags/weather_dag.py took 0.061 seconds
[2026-08-16T15:18:29.805+0000] {processor.py:186} INFO - Started process (PID=46402) to work on /opt/airflow/dags/weather_dag.py
[2026-08-16T15:18:29.806+0000] {processor.py:914} INFO - Processing file /opt/airflow/dags/weather_dag.py for tasks to queue
[2026-08-16T15:18:29.808+0000] {logging_mixin.py:190} INFO - [2026-08-16T15:18:29.808+0000] {dagbag.py:588} INFO - Filling up the DagBag from /opt/airflow/dags/weather_dag.py
[2026-08-16T15:18:29.819+0000] {processor.py:925} INFO - DAG(s) 'weather_ingestion' retrieved from /opt/airflow/dags/weather_dag.py
[2026-08-16T15:18:29.838+0000] {logging_mixin.py:190} INFO - [2026-08-16T15:18:29.838+0000] {dag.py:3239} INFO - Sync 1 DAGs
[2026-08-16T15:18:29.851+0000] {logging_mixin.py:190} INFO - [2026-08-16T15:18:29.851+0000] {dag.py:4180} INFO - Setting next_dagrun for weather_ingestion to 2026-08-16 15:00:00+00:00, run_after=2026-08-16 16:00:00+00:00
[2026-08-16T15:18:29.859+0000] {processor.py:208} INFO - Processing /opt/airflow/dags/weather_dag.py took 0.065 seconds
[2026-08-16T15:19:00.114+0000] {processor.py:186} INFO - Started process (PID=46407) to work on /opt/airflow/dags/weather_dag.py
[2026-08-16T15:19:00.115+0000] {processor.py:914} INFO - Processing file /opt/airflow/dags/weather_dag.py for tasks to queue
[2026-08-16T15:19:00.118+0000] {logging_mixin.py:190} INFO - [2026-08-16T15:19:00.117+0000] {dagbag.py:588} INFO - Filling up the DagBag from /opt/airflow/dags/weather_dag.py
[2026-08-16T15:19:00.127+0000] {processor.py:925} INFO - DAG(s) 'weather_ingestion' retrieved from /opt/airflow/dags/weather_dag.py
[2026-08-16T15:19:00.146+0000] {logging_mixin.py:190} INFO - [2026-08-16T15:19:00.146+0000] {dag.py:3239} INFO - Sync 1 DAGs
[2026-08-16T15:19:00.157+0000] {logging_mixin.py:190} INFO - [2026-08-16T15:19:00.157+0000] {dag.py:4180} INFO - Setting next_dagrun for weather_ingestion to 2026-08-16 15:00:00+00:00, run_after=2026-08-16 16:00:00+00:00
[2026-08-16T15:19:00.164+0000] {processor.py:208} INFO - Processing /opt/airflow/dags/weather_dag.py took 0.056 seconds
[2026-08-16T15:19:30.456+0000] {processor.py:186} INFO - Started process (PID=46412) to work on /opt/airflow/dags/weather_dag.py
[2026-08-16T15:19:30.458+0000] {processor.py:914} INFO - Processing file /opt/airflow/dags/weather_dag.py for tasks to queue
[2026-08-16T15:19:30.462+0000] {logging_mixin.py:190} INFO - [2026-08-16T15:19:30.462+0000] {dagbag.py:588} INFO - Filling up the DagBag from /opt/airflow/dags/weather_dag.py
[2026-08-16T15:19:30.480+0000] {processor.py:925} INFO - DAG(s) 'weather_ingestion' retrieved from /opt/airflow/dags/weather_dag.py
[2026-08-16T15:19:30.520+0000] {logging_mixin.py:190} INFO - [2026-08-16T15:19:30.520+0000] {dag.py:3239} INFO - Sync 1 DAGs
[2026-08-16T15:19:30.536+0000] {logging_mixin.py:190} INFO - [2026-08-16T15:19:30.536+0000] {dag.py:4180} INFO - Setting next_dagrun for weather_ingestion to 2026-08-16 15:00:00+00:00, run_after=2026-08-16 16:00:00+00:00
[2026-08-16T15:19:30.544+0000] {processor.py:208} INFO - Processing /opt/airflow/dags/weather_dag.py took 0.099 seconds
[2026-08-16T15:20:00.758+0000] {processor.py:186} INFO - Started process (PID=46417) to work on /opt/airflow/dags/weather_dag.py
[2026-08-16T15:20:00.760+0000] {processor.py:914} INFO - Processing file /opt/airflow/dags/weather_dag.py for tasks to queue
[2026-08-16T15:20:00.763+0000] {logging_mixin.py:190} INFO - [2026-08-16T15:20:00.762+0000] {dagbag.py:588} INFO - Filling up the DagBag from /opt/airflow/dags/weather_dag.py
[2026-08-16T15:20:00.773+0000] {processor.py:925} INFO - DAG(s) 'weather_ingestion' retrieved from /opt/airflow/dags/weather_dag.py
[2026-08-16T15:20:00.792+0000] {logging_mixin.py:190} INFO - [2026-08-16T15:20:00.792+0000] {dag.py:3239} INFO - Sync 1 DAGs
[2026-08-16T15:20:00.805+0000] {logging_mixin.py:190} INFO - [2026-08-16T15:20:00.805+0000] {dag.py:4180} INFO - Setting next_dagrun for weather_ingestion to 2026-08-16 15:00:00+00:00, run_after=2026-08-16 16:00:00+00:00
[2026-08-16T15:20:00.812+0000] {processor.py:208} INFO - Processing /opt/airflow/dags/weather_dag.py took 0.061 seconds
[2026-08-16T15:20:31.121+0000] {processor.py:186} INFO - Started process (PID=46422) to work on /opt/airflow/dags/weather_dag.py
[2026-08-16T15:20:31.124+0000] {processor.py:914} INFO - Processing file /opt/airflow/dags/weather_dag.py for tasks to queue
[2026-08-16T15:20:31.126+0000] {logging_mixin.py:190} INFO - [2026-08-16T15:20:31.126+0000] {dagbag.py:588} INFO - Filling up the DagBag from /opt/airflow/dags/weather_dag.py
[2026-08-16T15:20:31.137+0000] {processor.py:925} INFO - DAG(s) 'weather_ingestion' retrieved from /opt/airflow/dags/weather_dag.py
[2026-08-16T15:20:31.156+0000] {logging_mixin.py:190} INFO - [2026-08-16T15:20:31.156+0000] {dag.py:3239} INFO - Sync 1 DAGs
[2026-08-16T15:20:31.169+0000] {logging_mixin.py:190} INFO - [2026-08-16T15:20:31.169+0000] {dag.py:4180} INFO - Setting next_dagrun for weather_ingestion to 2026-08-16 15:00:00+00:00, run_after=2026-08-16 16:00:00+00:00
[2026-08-16T15:20:31.177+0000] {processor.py:208} INFO - Processing /opt/airflow/dags/weather_dag.py took 0.063 seconds
[2026-08-16T15:21:01.468+0000] {processor.py:186} INFO - Started process (PID=46427) to work on /opt/airflow/dags/weather_dag.py
[2026-08-16T15:21:01.471+0000] {processor.py:914} INFO - Processing file /opt/airflow/dags/weather_dag.py for tasks to queue
[2026-08-16T15:21:01.472+0000] {logging_mixin.py:190} INFO - [2026-08-16T15:21:01.472+0000] {dagbag.py:588} INFO - Filling up the DagBag from /opt/airflow/dags/weather_dag.py
[2026-08-16T15:21:01.482+0000] {processor.py:925} INFO - DAG(s) 'weather_ingestion' retrieved from /opt/airflow/dags/weather_dag.py
[2026-08-16T15:21:01.499+0000] {logging_mixin.py:190} INFO - [2026-08-16T15:21:01.499+0000] {dag.py:3239} INFO - Sync 1 DAGs
[2026-08-16T15:21:01.510+0000] {logging_mixin.py:190} INFO - [2026-08-16T15:21:01.510+0000] {dag.py:4180} INFO - Setting next_dagrun for weather_ingestion to 2026-08-16 15:00:00+00:00, run_after=2026-08-16 16:00:00+00:00
[2026-08-16T15:21:01.517+0000] {processor.py:208} INFO - Processing /opt/airflow/dags/weather_dag.py took 0.055 seconds
[2026-08-16T15:21:31.842+0000] {processor.py:186} INFO - Started process (PID=46432) to work on /opt/airflow/dags/weather_dag.py
[2026-08-16T15:21:31.843+0000] {processor.py:914} INFO - Processing file /opt/airflow/dags/weather_dag.py for tasks to queue
[2026-08-16T15:21:31.845+0000] {logging_mixin.py:190} INFO - [2026-08-16T15:21:31.844+0000] {dagbag.py:588} INFO - Filling up the DagBag from /opt/airflow/dags/weather_dag.py
[2026-08-16T15:21:31.854+0000] {processor.py:925} INFO - DAG(s) 'weather_ingestion' retrieved from /opt/airflow/dags/weather_dag.py
[2026-08-16T15:21:31.873+0000] {logging_mixin.py:190} INFO - [2026-08-16T15:21:31.873+0000] {dag.py:3239} INFO - Sync 1 DAGs
[2026-08-16T15:21:31.885+0000] {logging_mixin.py:190} INFO - [2026-08-16T15:21:31.885+0000] {dag.py:4180} INFO - Setting next_dagrun for weather_ingestion to 2026-08-16 15:00:00+00:00, run_after=2026-08-16 16:00:00+00:00
[2026-08-16T15:21:31.893+0000] {processor.py:208} INFO - Processing /opt/airflow/dags/weather_dag.py took 0.056 seconds
[2026-08-16T15:22:02.230+0000] {processor.py:186} INFO - Started process (PID=46437) to work on /opt/airflow/dags/weather_dag.py
[2026-08-16T15:22:02.232+0000] {processor.py:914} INFO - Processing file /opt/airflow/dags/weather_dag.py for tasks to queue
[2026-08-16T15:22:02.235+0000] {logging_mixin.py:190} INFO - [2026-08-16T15:22:02.235+0000] {dagbag.py:588} INFO - Filling up the DagBag from /opt/airflow/dags/weather_dag.py
[2026-08-16T15:22:02.251+0000] {processor.py:925} INFO - DAG(s) 'weather_ingestion' retrieved from /opt/airflow/dags/weather_dag.py
[2026-08-16T15:22:02.274+0000] {logging_mixin.py:190} INFO - [2026-08-16T15:22:02.274+0000] {dag.py:3239} INFO - Sync 1 DAGs
[2026-08-16T15:22:02.289+0000] {logging_mixin.py:190} INFO - [2026-08-16T15:22:02.288+0000] {dag.py:4180} INFO - Setting next_dagrun for weather_ingestion to 2026-08-16 15:00:00+00:00, run_after=2026-08-16 16:00:00+00:00
[2026-08-16T15:22:02.298+0000] {processor.py:208} INFO - Processing /opt/airflow/dags/weather_dag.py took 0.077 seconds
[2026-08-16T15:22:32.577+0000] {processor.py:186} INFO - Started process (PID=46442) to work on /opt/airflow/dags/weather_dag.py
[2026-08-16T15:22:32.579+0000] {processor.py:914} INFO - Processing file /opt/airflow/dags/weather_dag.py for tasks to queue
[2026-08-16T15:22:32.582+0000] {logging_mixin.py:190} INFO - [2026-08-16T15:22:32.581+0000] {dagbag.py:588} INFO - Filling up the DagBag from /opt/airflow/dags/weather_dag.py
[2026-08-16T15:22:32.593+0000] {processor.py:925} INFO - DAG(s) 'weather_ingestion' retrieved from /opt/airflow/dags/weather_dag.py
[2026-08-16T15:22:32.612+0000] {logging_mixin.py:190} INFO - [2026-08-16T15:22:32.612+0000] {dag.py:3239} INFO - Sync 1 DAGs
[2026-08-16T15:22:32.623+0000] {logging_mixin.py:190} INFO - [2026-08-16T15:22:32.623+0000] {dag.py:4180} INFO - Setting next_dagrun for weather_ingestion to 2026-08-16 15:00:00+00:00, run_after=2026-08-16 16:00:00+00:00
[2026-08-16T15:22:32.631+0000] {processor.py:208} INFO - Processing /opt/airflow/dags/weather_dag.py took 0.066 seconds
[2026-08-16T15:23:02.933+0000] {processor.py:186} INFO - Started process (PID=46447) to work on /opt/airflow/dags/weather_dag.py
[2026-08-16T15:23:02.935+0000] {processor.py:914} INFO - Processing file /opt/airflow/dags/weather_dag.py for tasks to queue
[2026-08-16T15:23:02.938+0000] {logging_mixin.py:190} INFO - [2026-08-16T15:23:02.937+0000] {dagbag.py:588} INFO - Filling up the DagBag from /opt/airflow/dags/weather_dag.py
[2026-08-16T15:23:02.947+0000] {processor.py:925} INFO - DAG(s) 'weather_ingestion' retrieved from /opt/airflow/dags/weather_dag.py
[2026-08-16T15:23:02.966+0000] {logging_mixin.py:190} INFO - [2026-08-16T15:23:02.966+0000] {dag.py:3239} INFO - Sync 1 DAGs
[2026-08-16T15:23:02.978+0000] {logging_mixin.py:190} INFO - [2026-08-16T15:23:02.977+0000] {dag.py:4180} INFO - Setting next_dagrun for weather_ingestion to 2026-08-16 15:00:00+00:00, run_after=2026-08-16 16:00:00+00:00
[2026-08-16T15:23:02.985+0000] {processor.py:208} INFO - Processing /opt/airflow/dags/weather_dag.py took 0.058 seconds
[2026-08-16T15:23:33.304+0000] {processor.py:186} INFO - Started process (PID=46452) to work on /opt/airflow/dags/weather_dag.py
[2026-08-16T15:23:33.306+0000] {processor.py:914} INFO - Processing file /opt/airflow/dags/weather_dag.py for tasks to queue
[2026-08-16T15:23:33.309+0000] {logging_mixin.py:190} INFO - [2026-08-16T15:23:33.309+0000] {dagbag.py:588} INFO - Filling up the DagBag from /opt/airflow/dags/weather_dag.py
[2026-08-16T15:23:33.320+0000] {processor.py:925} INFO - DAG(s) 'weather_ingestion' retrieved from /opt/airflow/dags/weather_dag.py
[2026-08-16T15:23:33.339+0000] {logging_mixin.py:190} INFO - [2026-08-16T15:23:33.339+0000] {dag.py:3239} INFO - Sync 1 DAGs
[2026-08-16T15:23:33.351+0000] {logging_mixin.py:190} INFO - [2026-08-16T15:23:33.351+0000] {dag.py:4180} INFO - Setting next_dagrun for weather_ingestion to 2026-08-16 15:00:00+00:00, run_after=2026-08-16 16:00:00+00:00
[2026-08-16T15:23:33.358+0000] {processor.py:208} INFO - Processing /opt/airflow/dags/weather_dag.py took 0.060 seconds
[2026-08-16T15:24:03.665+0000] {processor.py:186} INFO - Started process (PID=46457) to work on /opt/airflow/dags/weather_dag.py
[2026-08-16T15:24:03.667+0000] {processor.py:914} INFO - Processing file /opt/airflow/dags/weather_dag.py for tasks to queue
[2026-08-16T15:24:03.669+0000] {logging_mixin.py:190} INFO - [2026-08-16T15:24:03.669+0000] {dagbag.py:588} INFO - Filling up the DagBag from /opt/airflow/dags/weather_dag.py
[2026-08-16T15:24:03.678+0000] {processor.py:925} INFO - DAG(s) 'weather_ingestion' retrieved from /opt/airflow/dags/weather_dag.py
[2026-08-16T15:24:03.694+0000] {logging_mixin.py:190} INFO - [2026-08-16T15:24:03.694+0000] {dag.py:3239} INFO - Sync 1 DAGs
[2026-08-16T15:24:03.706+0000] {logging_mixin.py:190} INFO - [2026-08-16T15:24:03.706+0000] {dag.py:4180} INFO - Setting next_dagrun for weather_ingestion to 2026-08-16 15:00:00+00:00, run_after=2026-08-16 16:00:00+00:00
[2026-08-16T15:24:03.713+0000] {processor.py:208} INFO - Processing /opt/airflow/dags/weather_dag.py took 0.054 seconds
[2026-08-16T15:24:33.963+0000] {processor.py:186} INFO - Started process (PID=46462) to work on /opt/airflow/dags/weather_dag.py
[2026-08-16T15:24:33.965+0000] {processor.py:914} INFO - Processing file /opt/airflow/dags/weather_dag.py for tasks to queue
[2026-08-16T15:24:33.967+0000] {logging_mixin.py:190} INFO - [2026-08-16T15:24:33.966+0000] {dagbag.py:588} INFO - Filling up the DagBag from /opt/airflow/dags/weather_dag.py
[2026-08-16T15:24:33.976+0000] {processor.py:925} INFO - DAG(s) 'weather_ingestion' retrieved from /opt/airflow/dags/weather_dag.py
[2026-08-16T15:24:33.996+0000] {logging_mixin.py:190} INFO - [2026-08-16T15:24:33.996+0000] {dag.py:3239} INFO - Sync 1 DAGs
[2026-08-16T15:24:34.013+0000] {logging_mixin.py:190} INFO - [2026-08-16T15:24:34.013+0000] {dag.py:4180} INFO - Setting next_dagrun for weather_ingestion to 2026-08-16 15:00:00+00:00, run_after=2026-08-16 16:00:00+00:00
[2026-08-16T15:24:34.021+0000] {processor.py:208} INFO - Processing /opt/airflow/dags/weather_dag.py took 0.065 seconds
[2026-08-16T15:25:04.258+0000] {processor.py:186} INFO - Started process (PID=46467) to work on /opt/airflow/dags/weather_dag.py
[2026-08-16T15:25:04.260+0000] {processor.py:914} INFO - Processing file /opt/airflow/dags/weather_dag.py for tasks to queue
[2026-08-16T15:25:04.263+0000] {logging_mixin.py:190} INFO - [2026-08-16T15:25:04.263+0000] {dagbag.py:588} INFO - Filling up the DagBag from /opt/airflow/dags/weather_dag.py
[2026-08-16T15:25:04.278+0000] {processor.py:925} INFO - DAG(s) 'weather_ingestion' retrieved from /opt/airflow/dags/weather_dag.py
[2026-08-16T15:25:04.301+0000] {logging_mixin.py:190} INFO - [2026-08-16T15:25:04.301+0000] {dag.py:3239} INFO - Sync 1 DAGs
[2026-08-16T15:25:04.316+0000] {logging_mixin.py:190} INFO - [2026-08-16T15:25:04.315+0000] {dag.py:4180} INFO - Setting next_dagrun for weather_ingestion to 2026-08-16 15:00:00+00:00, run_after=2026-08-16 16:00:00+00:00
[2026-08-16T15:25:04.324+0000] {processor.py:208} INFO - Processing /opt/airflow/dags/weather_dag.py took 0.077 seconds
[2026-08-16T15:25:34.615+0000] {processor.py:186} INFO - Started process (PID=46472) to work on /opt/airflow/dags/weather_dag.py
[2026-08-16T15:25:34.617+0000] {processor.py:914} INFO - Processing file /opt/airflow/dags/weather_dag.py for tasks to queue
[2026-08-16T15:25:34.619+0000] {logging_mixin.py:190} INFO - [2026-08-16T15:25:34.619+0000] {dagbag.py:588} INFO - Filling up the DagBag from /opt/airflow/dags/weather_dag.py
[2026-08-16T15:25:34.630+0000] {processor.py:925} INFO - DAG(s) 'weather_ingestion' retrieved from /opt/airflow/dags/weather_dag.py
[2026-08-16T15:25:34.649+0000] {logging_mixin.py:190} INFO - [2026-08-16T15:25:34.649+0000] {dag.py:3239} INFO - Sync 1 DAGs
[2026-08-16T15:25:34.660+0000] {logging_mixin.py:190} INFO - [2026-08-16T15:25:34.660+0000] {dag.py:4180} INFO - Setting next_dagrun for weather_ingestion to 2026-08-16 15:00:00+00:00, run_after=2026-08-16 16:00:00+00:00
[2026-08-16T15:25:34.668+0000] {processor.py:208} INFO - Processing /opt/airflow/dags/weather_dag.py took 0.061 seconds
[2026-08-16T15:26:04.984+0000] {processor.py:186} INFO - Started process (PID=46477) to work on /opt/airflow/dags/weather_dag.py
[2026-08-16T15:26:04.985+0000] {processor.py:914} INFO - Processing file /opt/airflow/dags/weather_dag.py for tasks to queue
[2026-08-16T15:26:04.986+0000] {logging_mixin.py:190} INFO - [2026-08-16T15:26:04.986+0000] {dagbag.py:588} INFO - Filling up the DagBag from /opt/airflow/dags/weather_dag.py
[2026-08-16T15:26:04.996+0000] {processor.py:925} INFO - DAG(s) 'weather_ingestion' retrieved from /opt/airflow/dags/weather_dag.py
[2026-08-16T15:26:05.015+0000] {logging_mixin.py:190} INFO - [2026-08-16T15:26:05.015+0000] {dag.py:3239} INFO - Sync 1 DAGs
[2026-08-16T15:26:05.027+0000] {logging_mixin.py:190} INFO - [2026-08-16T15:26:05.027+0000] {dag.py:4180} INFO - Setting next_dagrun for weather_ingestion to 2026-08-16 15:00:00+00:00, run_after=2026-08-16 16:00:00+00:00
[2026-08-16T15:26:05.034+0000] {processor.py:208} INFO - Processing /opt/airflow/dags/weather_dag.py took 0.057 seconds
[2026-08-16T15:26:36.042+0000] {processor.py:186} INFO - Started process (PID=46482) to work on /opt/airflow/dags/weather_dag.py
[2026-08-16T15:26:36.049+0000] {processor.py:914} INFO - Processing file /opt/airflow/dags/weather_dag.py for tasks to queue
[2026-08-16T15:26:36.111+0000] {logging_mixin.py:190} INFO - [2026-08-16T15:26:36.110+0000] {dagbag.py:588} INFO - Filling up the DagBag from /opt/airflow/dags/weather_dag.py
[2026-08-16T15:26:36.244+0000] {processor.py:925} INFO - DAG(s) 'weather_ingestion' retrieved from /opt/airflow/dags/weather_dag.py
[2026-08-16T15:26:36.406+0000] {logging_mixin.py:190} INFO - [2026-08-16T15:26:36.406+0000] {dag.py:3239} INFO - Sync 1 DAGs
[2026-08-16T15:26:36.459+0000] {logging_mixin.py:190} INFO - [2026-08-16T15:26:36.459+0000] {dag.py:4180} INFO - Setting next_dagrun for weather_ingestion to 2026-08-16 15:00:00+00:00, run_after=2026-08-16 16:00:00+00:00
[2026-08-16T15:26:36.499+0000] {processor.py:208} INFO - Processing /opt/airflow/dags/weather_dag.py took 0.494 seconds
[2026-08-16T15:42:18.370+0000] {processor.py:186} INFO - Started process (PID=46487) to work on /opt/airflow/dags/weather_dag.py
[2026-08-16T15:42:18.371+0000] {processor.py:914} INFO - Processing file /opt/airflow/dags/weather_dag.py for tasks to queue
[2026-08-16T15:42:18.374+0000] {logging_mixin.py:190} INFO - [2026-08-16T15:42:18.373+0000] {dagbag.py:588} INFO - Filling up the DagBag from /opt/airflow/dags/weather_dag.py
[2026-08-16T15:42:18.383+0000] {processor.py:925} INFO - DAG(s) 'weather_ingestion' retrieved from /opt/airflow/dags/weather_dag.py
[2026-08-16T15:42:18.402+0000] {logging_mixin.py:190} INFO - [2026-08-16T15:42:18.402+0000] {dag.py:3239} INFO - Sync 1 DAGs
[2026-08-16T15:42:18.416+0000] {logging_mixin.py:190} INFO - [2026-08-16T15:42:18.416+0000] {dag.py:4180} INFO - Setting next_dagrun for weather_ingestion to 2026-08-16 15:00:00+00:00, run_after=2026-08-16 16:00:00+00:00
[2026-08-16T15:42:18.427+0000] {processor.py:208} INFO - Processing /opt/airflow/dags/weather_dag.py took 0.066 seconds
[2026-08-16T15:42:48.853+0000] {processor.py:186} INFO - Started process (PID=46492) to work on /opt/airflow/dags/weather_dag.py
[2026-08-16T15:42:48.855+0000] {processor.py:914} INFO - Processing file /opt/airflow/dags/weather_dag.py for tasks to queue
[2026-08-16T15:42:48.860+0000] {logging_mixin.py:190} INFO - [2026-08-16T15:42:48.859+0000] {dagbag.py:588} INFO - Filling up the DagBag from /opt/airflow/dags/weather_dag.py
[2026-08-16T15:42:48.881+0000] {processor.py:925} INFO - DAG(s) 'weather_ingestion' retrieved from /opt/airflow/dags/weather_dag.py
[2026-08-16T15:42:48.912+0000] {logging_mixin.py:190} INFO - [2026-08-16T15:42:48.912+0000] {dag.py:3239} INFO - Sync 1 DAGs
[2026-08-16T15:42:48.955+0000] {logging_mixin.py:190} INFO - [2026-08-16T15:42:48.955+0000] {dag.py:4180} INFO - Setting next_dagrun for weather_ingestion to 2026-08-16 15:00:00+00:00, run_after=2026-08-16 16:00:00+00:00
[2026-08-16T15:42:48.964+0000] {processor.py:208} INFO - Processing /opt/airflow/dags/weather_dag.py took 0.151 seconds
[2026-08-16T16:00:22.075+0000] {processor.py:186} INFO - Started process (PID=46497) to work on /opt/airflow/dags/weather_dag.py
[2026-08-16T16:00:22.078+0000] {processor.py:914} INFO - Processing file /opt/airflow/dags/weather_dag.py for tasks to queue
[2026-08-16T16:00:22.082+0000] {logging_mixin.py:190} INFO - [2026-08-16T16:00:22.082+0000] {dagbag.py:588} INFO - Filling up the DagBag from /opt/airflow/dags/weather_dag.py
[2026-08-16T16:00:22.119+0000] {processor.py:925} INFO - DAG(s) 'weather_ingestion' retrieved from /opt/airflow/dags/weather_dag.py
[2026-08-16T16:00:22.148+0000] {logging_mixin.py:190} INFO - [2026-08-16T16:00:22.148+0000] {dag.py:3239} INFO - Sync 1 DAGs
[2026-08-16T16:00:22.168+0000] {logging_mixin.py:190} INFO - [2026-08-16T16:00:22.168+0000] {dag.py:4180} INFO - Setting next_dagrun for weather_ingestion to 2026-08-16 15:00:00+00:00, run_after=2026-08-16 16:00:00+00:00
[2026-08-16T16:00:22.179+0000] {processor.py:208} INFO - Processing /opt/airflow/dags/weather_dag.py took 0.119 seconds
[2026-08-16T16:00:52.384+0000] {processor.py:186} INFO - Started process (PID=46853) to work on /opt/airflow/dags/weather_dag.py
[2026-08-16T16:00:52.385+0000] {processor.py:914} INFO - Processing file /opt/airflow/dags/weather_dag.py for tasks to queue
[2026-08-16T16:00:52.389+0000] {logging_mixin.py:190} INFO - [2026-08-16T16:00:52.389+0000] {dagbag.py:588} INFO - Filling up the DagBag from /opt/airflow/dags/weather_dag.py
[2026-08-16T16:00:52.407+0000] {processor.py:925} INFO - DAG(s) 'weather_ingestion' retrieved from /opt/airflow/dags/weather_dag.py
[2026-08-16T16:00:52.473+0000] {logging_mixin.py:190} INFO - [2026-08-16T16:00:52.473+0000] {dag.py:3239} INFO - Sync 1 DAGs
[2026-08-16T16:00:52.516+0000] {logging_mixin.py:190} INFO - [2026-08-16T16:00:52.516+0000] {dag.py:4180} INFO - Setting next_dagrun for weather_ingestion to 2026-08-16 16:00:00+00:00, run_after=2026-08-16 17:00:00+00:00
[2026-08-16T16:00:52.524+0000] {processor.py:208} INFO - Processing /opt/airflow/dags/weather_dag.py took 0.150 seconds
[2026-08-16T16:01:22.692+0000] {processor.py:186} INFO - Started process (PID=46899) to work on /opt/airflow/dags/weather_dag.py
[2026-08-16T16:01:22.694+0000] {processor.py:914} INFO - Processing file /opt/airflow/dags/weather_dag.py for tasks to queue
[2026-08-16T16:01:22.697+0000] {logging_mixin.py:190} INFO - [2026-08-16T16:01:22.697+0000] {dagbag.py:588} INFO - Filling up the DagBag from /opt/airflow/dags/weather_dag.py
[2026-08-16T16:01:22.713+0000] {processor.py:925} INFO - DAG(s) 'weather_ingestion' retrieved from /opt/airflow/dags/weather_dag.py
[2026-08-16T16:01:22.738+0000] {logging_mixin.py:190} INFO - [2026-08-16T16:01:22.738+0000] {dag.py:3239} INFO - Sync 1 DAGs
[2026-08-16T16:01:22.751+0000] {logging_mixin.py:190} INFO - [2026-08-16T16:01:22.751+0000] {dag.py:4180} INFO - Setting next_dagrun for weather_ingestion to 2026-08-16 16:00:00+00:00, run_after=2026-08-16 17:00:00+00:00
[2026-08-16T16:01:22.758+0000] {processor.py:208} INFO - Processing /opt/airflow/dags/weather_dag.py took 0.075 seconds
[2026-08-16T16:01:52.996+0000] {processor.py:186} INFO - Started process (PID=46904) to work on /opt/airflow/dags/weather_dag.py
[2026-08-16T16:01:52.997+0000] {processor.py:914} INFO - Processing file /opt/airflow/dags/weather_dag.py for tasks to queue
[2026-08-16T16:01:53.003+0000] {logging_mixin.py:190} INFO - [2026-08-16T16:01:53.003+0000] {dagbag.py:588} INFO - Filling up the DagBag from /opt/airflow/dags/weather_dag.py
[2026-08-16T16:01:53.020+0000] {processor.py:925} INFO - DAG(s) 'weather_ingestion' retrieved from /opt/airflow/dags/weather_dag.py
[2026-08-16T16:01:53.045+0000] {logging_mixin.py:190} INFO - [2026-08-16T16:01:53.045+0000] {dag.py:3239} INFO - Sync 1 DAGs
[2026-08-16T16:01:53.059+0000] {logging_mixin.py:190} INFO - [2026-08-16T16:01:53.059+0000] {dag.py:4180} INFO - Setting next_dagrun for weather_ingestion to 2026-08-16 16:00:00+00:00, run_after=2026-08-16 17:00:00+00:00
[2026-08-16T16:01:53.067+0000] {processor.py:208} INFO - Processing /opt/airflow/dags/weather_dag.py took 0.083 seconds
[2026-08-16T16:02:23.353+0000] {processor.py:186} INFO - Started process (PID=46909) to work on /opt/airflow/dags/weather_dag.py
[2026-08-16T16:02:23.356+0000] {processor.py:914} INFO - Processing file /opt/airflow/dags/weather_dag.py for tasks to queue
[2026-08-16T16:02:23.361+0000] {logging_mixin.py:190} INFO - [2026-08-16T16:02:23.360+0000] {dagbag.py:588} INFO - Filling up the DagBag from /opt/airflow/dags/weather_dag.py
[2026-08-16T16:02:23.373+0000] {processor.py:925} INFO - DAG(s) 'weather_ingestion' retrieved from /opt/airflow/dags/weather_dag.py
[2026-08-16T16:02:23.395+0000] {logging_mixin.py:190} INFO - [2026-08-16T16:02:23.395+0000] {dag.py:3239} INFO - Sync 1 DAGs
[2026-08-16T16:02:23.410+0000] {logging_mixin.py:190} INFO - [2026-08-16T16:02:23.410+0000] {dag.py:4180} INFO - Setting next_dagrun for weather_ingestion to 2026-08-16 16:00:00+00:00, run_after=2026-08-16 17:00:00+00:00
[2026-08-16T16:02:23.417+0000] {processor.py:208} INFO - Processing /opt/airflow/dags/weather_dag.py took 0.075 seconds
[2026-08-16T16:20:20.425+0000] {processor.py:186} INFO - Started process (PID=46914) to work on /opt/airflow/dags/weather_dag.py
[2026-08-16T16:20:20.427+0000] {processor.py:914} INFO - Processing file /opt/airflow/dags/weather_dag.py for tasks to queue
[2026-08-16T16:20:20.436+0000] {logging_mixin.py:190} INFO - [2026-08-16T16:20:20.436+0000] {dagbag.py:588} INFO - Filling up the DagBag from /opt/airflow/dags/weather_dag.py
[2026-08-16T16:20:20.454+0000] {processor.py:925} INFO - DAG(s) 'weather_ingestion' retrieved from /opt/airflow/dags/weather_dag.py
[2026-08-16T16:20:20.494+0000] {logging_mixin.py:190} INFO - [2026-08-16T16:20:20.494+0000] {dag.py:3239} INFO - Sync 1 DAGs
[2026-08-16T16:20:20.516+0000] {logging_mixin.py:190} INFO - [2026-08-16T16:20:20.516+0000] {dag.py:4180} INFO - Setting next_dagrun for weather_ingestion to 2026-08-16 16:00:00+00:00, run_after=2026-08-16 17:00:00+00:00
[2026-08-16T16:20:20.527+0000] {processor.py:208} INFO - Processing /opt/airflow/dags/weather_dag.py took 0.115 seconds
[2026-08-16T16:20:50.804+0000] {processor.py:186} INFO - Started process (PID=46919) to work on /opt/airflow/dags/weather_dag.py
[2026-08-16T16:20:50.805+0000] {processor.py:914} INFO - Processing file /opt/airflow/dags/weather_dag.py for tasks to queue
[2026-08-16T16:20:50.809+0000] {logging_mixin.py:190} INFO - [2026-08-16T16:20:50.808+0000] {dagbag.py:588} INFO - Filling up the DagBag from /opt/airflow/dags/weather_dag.py
[2026-08-16T16:20:50.824+0000] {processor.py:925} INFO - DAG(s) 'weather_ingestion' retrieved from /opt/airflow/dags/weather_dag.py
[2026-08-16T16:20:50.851+0000] {logging_mixin.py:190} INFO - [2026-08-16T16:20:50.851+0000] {dag.py:3239} INFO - Sync 1 DAGs
[2026-08-16T16:20:50.866+0000] {logging_mixin.py:190} INFO - [2026-08-16T16:20:50.866+0000] {dag.py:4180} INFO - Setting next_dagrun for weather_ingestion to 2026-08-16 16:00:00+00:00, run_after=2026-08-16 17:00:00+00:00
[2026-08-16T16:20:50.877+0000] {processor.py:208} INFO - Processing /opt/airflow/dags/weather_dag.py took 0.082 seconds
[2026-08-16T16:21:21.089+0000] {processor.py:186} INFO - Started process (PID=46924) to work on /opt/airflow/dags/weather_dag.py
[2026-08-16T16:21:21.090+0000] {processor.py:914} INFO - Processing file /opt/airflow/dags/weather_dag.py for tasks to queue
[2026-08-16T16:21:21.093+0000] {logging_mixin.py:190} INFO - [2026-08-16T16:21:21.093+0000] {dagbag.py:588} INFO - Filling up the DagBag from /opt/airflow/dags/weather_dag.py
[2026-08-16T16:21:21.105+0000] {processor.py:925} INFO - DAG(s) 'weather_ingestion' retrieved from /opt/airflow/dags/weather_dag.py
[2026-08-16T16:21:21.124+0000] {logging_mixin.py:190} INFO - [2026-08-16T16:21:21.124+0000] {dag.py:3239} INFO - Sync 1 DAGs
[2026-08-16T16:21:21.135+0000] {logging_mixin.py:190} INFO - [2026-08-16T16:21:21.135+0000] {dag.py:4180} INFO - Setting next_dagrun for weather_ingestion to 2026-08-16 16:00:00+00:00, run_after=2026-08-16 17:00:00+00:00
[2026-08-16T16:21:21.142+0000] {processor.py:208} INFO - Processing /opt/airflow/dags/weather_dag.py took 0.063 seconds
[2026-08-16T16:21:51.493+0000] {processor.py:186} INFO - Started process (PID=46929) to work on /opt/airflow/dags/weather_dag.py
[2026-08-16T16:21:51.494+0000] {processor.py:914} INFO - Processing file /opt/airflow/dags/weather_dag.py for tasks to queue
[2026-08-16T16:21:51.499+0000] {logging_mixin.py:190} INFO - [2026-08-16T16:21:51.498+0000] {dagbag.py:588} INFO - Filling up the DagBag from /opt/airflow/dags/weather_dag.py
[2026-08-16T16:21:51.517+0000] {processor.py:925} INFO - DAG(s) 'weather_ingestion' retrieved from /opt/airflow/dags/weather_dag.py
[2026-08-16T16:21:51.546+0000] {logging_mixin.py:190} INFO - [2026-08-16T16:21:51.546+0000] {dag.py:3239} INFO - Sync 1 DAGs
[2026-08-16T16:21:51.568+0000] {logging_mixin.py:190} INFO - [2026-08-16T16:21:51.568+0000] {dag.py:4180} INFO - Setting next_dagrun for weather_ingestion to 2026-08-16 16:00:00+00:00, run_after=2026-08-16 17:00:00+00:00
[2026-08-16T16:21:51.589+0000] {processor.py:208} INFO - Processing /opt/airflow/dags/weather_dag.py took 0.145 seconds
[2026-08-16T16:22:21.806+0000] {processor.py:186} INFO - Started process (PID=46934) to work on /opt/airflow/dags/weather_dag.py
[2026-08-16T16:22:21.807+0000] {processor.py:914} INFO - Processing file /opt/airflow/dags/weather_dag.py for tasks to queue
[2026-08-16T16:22:21.812+0000] {logging_mixin.py:190} INFO - [2026-08-16T16:22:21.811+0000] {dagbag.py:588} INFO - Filling up the DagBag from /opt/airflow/dags/weather_dag.py
[2026-08-16T16:22:21.828+0000] {processor.py:925} INFO - DAG(s) 'weather_ingestion' retrieved from /opt/airflow/dags/weather_dag.py
[2026-08-16T16:22:21.851+0000] {logging_mixin.py:190} INFO - [2026-08-16T16:22:21.851+0000] {dag.py:3239} INFO - Sync 1 DAGs
[2026-08-16T16:22:21.865+0000] {logging_mixin.py:190} INFO - [2026-08-16T16:22:21.865+0000] {dag.py:4180} INFO - Setting next_dagrun for weather_ingestion to 2026-08-16 16:00:00+00:00, run_after=2026-08-16 17:00:00+00:00
[2026-08-16T16:22:21.873+0000] {processor.py:208} INFO - Processing /opt/airflow/dags/weather_dag.py took 0.077 seconds
[2026-08-16T16:38:00.025+0000] {processor.py:186} INFO - Started process (PID=46939) to work on /opt/airflow/dags/weather_dag.py
[2026-08-16T16:38:00.026+0000] {processor.py:914} INFO - Processing file /opt/airflow/dags/weather_dag.py for tasks to queue
[2026-08-16T16:38:00.033+0000] {logging_mixin.py:190} INFO - [2026-08-16T16:38:00.032+0000] {dagbag.py:588} INFO - Filling up the DagBag from /opt/airflow/dags/weather_dag.py
[2026-08-16T16:38:00.052+0000] {processor.py:925} INFO - DAG(s) 'weather_ingestion' retrieved from /opt/airflow/dags/weather_dag.py
[2026-08-16T16:38:00.075+0000] {logging_mixin.py:190} INFO - [2026-08-16T16:38:00.075+0000] {dag.py:3239} INFO - Sync 1 DAGs
[2026-08-16T16:38:00.092+0000] {logging_mixin.py:190} INFO - [2026-08-16T16:38:00.091+0000] {dag.py:4180} INFO - Setting next_dagrun for weather_ingestion to 2026-08-16 16:00:00+00:00, run_after=2026-08-16 17:00:00+00:00
[2026-08-16T16:38:00.100+0000] {processor.py:208} INFO - Processing /opt/airflow/dags/weather_dag.py took 0.084 seconds
[2026-08-16T16:38:30.394+0000] {processor.py:186} INFO - Started process (PID=46944) to work on /opt/airflow/dags/weather_dag.py
[2026-08-16T16:38:30.397+0000] {processor.py:914} INFO - Processing file /opt/airflow/dags/weather_dag.py for tasks to queue
[2026-08-16T16:38:30.403+0000] {logging_mixin.py:190} INFO - [2026-08-16T16:38:30.402+0000] {dagbag.py:588} INFO - Filling up the DagBag from /opt/airflow/dags/weather_dag.py
[2026-08-16T16:38:30.430+0000] {processor.py:925} INFO - DAG(s) 'weather_ingestion' retrieved from /opt/airflow/dags/weather_dag.py
[2026-08-16T16:38:30.469+0000] {logging_mixin.py:190} INFO - [2026-08-16T16:38:30.469+0000] {dag.py:3239} INFO - Sync 1 DAGs
[2026-08-16T16:38:30.486+0000] {logging_mixin.py:190} INFO - [2026-08-16T16:38:30.486+0000] {dag.py:4180} INFO - Setting next_dagrun for weather_ingestion to 2026-08-16 16:00:00+00:00, run_after=2026-08-16 17:00:00+00:00
[2026-08-16T16:38:30.496+0000] {processor.py:208} INFO - Processing /opt/airflow/dags/weather_dag.py took 0.120 seconds
[2026-08-16T16:39:00.743+0000] {processor.py:186} INFO - Started process (PID=46949) to work on /opt/airflow/dags/weather_dag.py
[2026-08-16T16:39:00.745+0000] {processor.py:914} INFO - Processing file /opt/airflow/dags/weather_dag.py for tasks to queue
[2026-08-16T16:39:00.747+0000] {logging_mixin.py:190} INFO - [2026-08-16T16:39:00.747+0000] {dagbag.py:588} INFO - Filling up the DagBag from /opt/airflow/dags/weather_dag.py
[2026-08-16T16:39:00.756+0000] {processor.py:925} INFO - DAG(s) 'weather_ingestion' retrieved from /opt/airflow/dags/weather_dag.py
[2026-08-16T16:39:00.775+0000] {logging_mixin.py:190} INFO - [2026-08-16T16:39:00.774+0000] {dag.py:3239} INFO - Sync 1 DAGs
[2026-08-16T16:39:00.787+0000] {logging_mixin.py:190} INFO - [2026-08-16T16:39:00.787+0000] {dag.py:4180} INFO - Setting next_dagrun for weather_ingestion to 2026-08-16 16:00:00+00:00, run_after=2026-08-16 17:00:00+00:00
[2026-08-16T16:39:00.795+0000] {processor.py:208} INFO - Processing /opt/airflow/dags/weather_dag.py took 0.060 seconds
[2026-08-16T16:39:31.040+0000] {processor.py:186} INFO - Started process (PID=46954) to work on /opt/airflow/dags/weather_dag.py
[2026-08-16T16:39:31.041+0000] {processor.py:914} INFO - Processing file /opt/airflow/dags/weather_dag.py for tasks to queue
[2026-08-16T16:39:31.043+0000] {logging_mixin.py:190} INFO - [2026-08-16T16:39:31.043+0000] {dagbag.py:588} INFO - Filling up the DagBag from /opt/airflow/dags/weather_dag.py
[2026-08-16T16:39:31.052+0000] {processor.py:925} INFO - DAG(s) 'weather_ingestion' retrieved from /opt/airflow/dags/weather_dag.py
[2026-08-16T16:39:31.071+0000] {logging_mixin.py:190} INFO - [2026-08-16T16:39:31.071+0000] {dag.py:3239} INFO - Sync 1 DAGs
[2026-08-16T16:39:31.083+0000] {logging_mixin.py:190} INFO - [2026-08-16T16:39:31.083+0000] {dag.py:4180} INFO - Setting next_dagrun for weather_ingestion to 2026-08-16 16:00:00+00:00, run_after=2026-08-16 17:00:00+00:00
[2026-08-16T16:39:31.092+0000] {processor.py:208} INFO - Processing /opt/airflow/dags/weather_dag.py took 0.059 seconds
[2026-08-16T16:55:57.899+0000] {processor.py:186} INFO - Started process (PID=46959) to work on /opt/airflow/dags/weather_dag.py
[2026-08-16T16:55:57.917+0000] {processor.py:914} INFO - Processing file /opt/airflow/dags/weather_dag.py for tasks to queue
[2026-08-16T16:55:57.925+0000] {logging_mixin.py:190} INFO - [2026-08-16T16:55:57.924+0000] {dagbag.py:588} INFO - Filling up the DagBag from /opt/airflow/dags/weather_dag.py
[2026-08-16T16:55:57.986+0000] {processor.py:925} INFO - DAG(s) 'weather_ingestion' retrieved from /opt/airflow/dags/weather_dag.py
[2026-08-16T16:55:58.095+0000] {logging_mixin.py:190} INFO - [2026-08-16T16:55:58.095+0000] {dag.py:3239} INFO - Sync 1 DAGs
[2026-08-16T16:55:58.192+0000] {logging_mixin.py:190} INFO - [2026-08-16T16:55:58.191+0000] {dag.py:4180} INFO - Setting next_dagrun for weather_ingestion to 2026-08-16 16:00:00+00:00, run_after=2026-08-16 17:00:00+00:00
[2026-08-16T16:55:58.231+0000] {processor.py:208} INFO - Processing /opt/airflow/dags/weather_dag.py took 0.378 seconds
[2026-08-16T16:56:28.780+0000] {processor.py:186} INFO - Started process (PID=46964) to work on /opt/airflow/dags/weather_dag.py
[2026-08-16T16:56:28.786+0000] {processor.py:914} INFO - Processing file /opt/airflow/dags/weather_dag.py for tasks to queue
[2026-08-16T16:56:28.802+0000] {logging_mixin.py:190} INFO - [2026-08-16T16:56:28.798+0000] {dagbag.py:588} INFO - Filling up the DagBag from /opt/airflow/dags/weather_dag.py
[2026-08-16T16:56:28.859+0000] {processor.py:925} INFO - DAG(s) 'weather_ingestion' retrieved from /opt/airflow/dags/weather_dag.py
[2026-08-16T16:56:29.031+0000] {logging_mixin.py:190} INFO - [2026-08-16T16:56:29.031+0000] {dag.py:3239} INFO - Sync 1 DAGs
[2026-08-16T16:56:29.062+0000] {logging_mixin.py:190} INFO - [2026-08-16T16:56:29.062+0000] {dag.py:4180} INFO - Setting next_dagrun for weather_ingestion to 2026-08-16 16:00:00+00:00, run_after=2026-08-16 17:00:00+00:00
[2026-08-16T16:56:29.077+0000] {processor.py:208} INFO - Processing /opt/airflow/dags/weather_dag.py took 0.333 seconds
[2026-08-16T16:56:59.411+0000] {processor.py:186} INFO - Started process (PID=46969) to work on /opt/airflow/dags/weather_dag.py
[2026-08-16T16:56:59.414+0000] {processor.py:914} INFO - Processing file /opt/airflow/dags/weather_dag.py for tasks to queue
[2026-08-16T16:56:59.418+0000] {logging_mixin.py:190} INFO - [2026-08-16T16:56:59.417+0000] {dagbag.py:588} INFO - Filling up the DagBag from /opt/airflow/dags/weather_dag.py
[2026-08-16T16:56:59.434+0000] {processor.py:925} INFO - DAG(s) 'weather_ingestion' retrieved from /opt/airflow/dags/weather_dag.py
[2026-08-16T16:56:59.459+0000] {logging_mixin.py:190} INFO - [2026-08-16T16:56:59.459+0000] {dag.py:3239} INFO - Sync 1 DAGs
[2026-08-16T16:56:59.473+0000] {logging_mixin.py:190} INFO - [2026-08-16T16:56:59.473+0000] {dag.py:4180} INFO - Setting next_dagrun for weather_ingestion to 2026-08-16 16:00:00+00:00, run_after=2026-08-16 17:00:00+00:00
[2026-08-16T16:56:59.482+0000] {processor.py:208} INFO - Processing /opt/airflow/dags/weather_dag.py took 0.081 seconds
[2026-08-16T16:57:29.865+0000] {processor.py:186} INFO - Started process (PID=46974) to work on /opt/airflow/dags/weather_dag.py
[2026-08-16T16:57:29.868+0000] {processor.py:914} INFO - Processing file /opt/airflow/dags/weather_dag.py for tasks to queue
[2026-08-16T16:57:29.871+0000] {logging_mixin.py:190} INFO - [2026-08-16T16:57:29.870+0000] {dagbag.py:588} INFO - Filling up the DagBag from /opt/airflow/dags/weather_dag.py
[2026-08-16T16:57:29.884+0000] {processor.py:925} INFO - DAG(s) 'weather_ingestion' retrieved from /opt/airflow/dags/weather_dag.py
[2026-08-16T16:57:29.922+0000] {logging_mixin.py:190} INFO - [2026-08-16T16:57:29.922+0000] {dag.py:3239} INFO - Sync 1 DAGs
[2026-08-16T16:57:29.938+0000] {logging_mixin.py:190} INFO - [2026-08-16T16:57:29.937+0000] {dag.py:4180} INFO - Setting next_dagrun for weather_ingestion to 2026-08-16 16:00:00+00:00, run_after=2026-08-16 17:00:00+00:00
[2026-08-16T16:57:29.947+0000] {processor.py:208} INFO - Processing /opt/airflow/dags/weather_dag.py took 0.092 seconds
[2026-08-16T16:58:00.262+0000] {processor.py:186} INFO - Started process (PID=46979) to work on /opt/airflow/dags/weather_dag.py
[2026-08-16T16:58:00.264+0000] {processor.py:914} INFO - Processing file /opt/airflow/dags/weather_dag.py for tasks to queue
[2026-08-16T16:58:00.267+0000] {logging_mixin.py:190} INFO - [2026-08-16T16:58:00.267+0000] {dagbag.py:588} INFO - Filling up the DagBag from /opt/airflow/dags/weather_dag.py
[2026-08-16T16:58:00.278+0000] {processor.py:925} INFO - DAG(s) 'weather_ingestion' retrieved from /opt/airflow/dags/weather_dag.py
[2026-08-16T16:58:00.296+0000] {logging_mixin.py:190} INFO - [2026-08-16T16:58:00.296+0000] {dag.py:3239} INFO - Sync 1 DAGs
[2026-08-16T16:58:00.308+0000] {logging_mixin.py:190} INFO - [2026-08-16T16:58:00.308+0000] {dag.py:4180} INFO - Setting next_dagrun for weather_ingestion to 2026-08-16 16:00:00+00:00, run_after=2026-08-16 17:00:00+00:00
[2026-08-16T16:58:00.316+0000] {processor.py:208} INFO - Processing /opt/airflow/dags/weather_dag.py took 0.061 seconds
[2026-08-16T16:58:30.633+0000] {processor.py:186} INFO - Started process (PID=46984) to work on /opt/airflow/dags/weather_dag.py
[2026-08-16T16:58:30.636+0000] {processor.py:914} INFO - Processing file /opt/airflow/dags/weather_dag.py for tasks to queue
[2026-08-16T16:58:30.643+0000] {logging_mixin.py:190} INFO - [2026-08-16T16:58:30.642+0000] {dagbag.py:588} INFO - Filling up the DagBag from /opt/airflow/dags/weather_dag.py
[2026-08-16T16:58:30.672+0000] {processor.py:925} INFO - DAG(s) 'weather_ingestion' retrieved from /opt/airflow/dags/weather_dag.py
[2026-08-16T16:58:30.727+0000] {logging_mixin.py:190} INFO - [2026-08-16T16:58:30.727+0000] {dag.py:3239} INFO - Sync 1 DAGs
[2026-08-16T16:58:30.745+0000] {logging_mixin.py:190} INFO - [2026-08-16T16:58:30.745+0000] {dag.py:4180} INFO - Setting next_dagrun for weather_ingestion to 2026-08-16 16:00:00+00:00, run_after=2026-08-16 17:00:00+00:00
[2026-08-16T16:58:30.755+0000] {processor.py:208} INFO - Processing /opt/airflow/dags/weather_dag.py took 0.136 seconds
[2026-08-16T17:14:26.890+0000] {processor.py:186} INFO - Started process (PID=46989) to work on /opt/airflow/dags/weather_dag.py
[2026-08-16T17:14:26.892+0000] {processor.py:914} INFO - Processing file /opt/airflow/dags/weather_dag.py for tasks to queue
[2026-08-16T17:14:26.899+0000] {logging_mixin.py:190} INFO - [2026-08-16T17:14:26.898+0000] {dagbag.py:588} INFO - Filling up the DagBag from /opt/airflow/dags/weather_dag.py
[2026-08-16T17:14:26.922+0000] {processor.py:925} INFO - DAG(s) 'weather_ingestion' retrieved from /opt/airflow/dags/weather_dag.py
[2026-08-16T17:14:26.954+0000] {logging_mixin.py:190} INFO - [2026-08-16T17:14:26.954+0000] {dag.py:3239} INFO - Sync 1 DAGs
[2026-08-16T17:14:26.972+0000] {logging_mixin.py:190} INFO - [2026-08-16T17:14:26.972+0000] {dag.py:4180} INFO - Setting next_dagrun for weather_ingestion to 2026-08-16 16:00:00+00:00, run_after=2026-08-16 17:00:00+00:00
[2026-08-16T17:14:26.983+0000] {processor.py:208} INFO - Processing /opt/airflow/dags/weather_dag.py took 0.105 seconds
[2026-08-16T17:14:57.271+0000] {processor.py:186} INFO - Started process (PID=46999) to work on /opt/airflow/dags/weather_dag.py
[2026-08-16T17:14:57.273+0000] {processor.py:914} INFO - Processing file /opt/airflow/dags/weather_dag.py for tasks to queue
[2026-08-16T17:14:57.278+0000] {logging_mixin.py:190} INFO - [2026-08-16T17:14:57.278+0000] {dagbag.py:588} INFO - Filling up the DagBag from /opt/airflow/dags/weather_dag.py
[2026-08-16T17:14:57.309+0000] {processor.py:925} INFO - DAG(s) 'weather_ingestion' retrieved from /opt/airflow/dags/weather_dag.py
[2026-08-16T17:14:57.339+0000] {logging_mixin.py:190} INFO - [2026-08-16T17:14:57.338+0000] {dag.py:3239} INFO - Sync 1 DAGs
[2026-08-16T17:14:57.357+0000] {logging_mixin.py:190} INFO - [2026-08-16T17:14:57.357+0000] {dag.py:4180} INFO - Setting next_dagrun for weather_ingestion to 2026-08-16 17:00:00+00:00, run_after=2026-08-16 18:00:00+00:00
[2026-08-16T17:14:57.367+0000] {processor.py:208} INFO - Processing /opt/airflow/dags/weather_dag.py took 0.115 seconds
[2026-08-16T17:15:27.602+0000] {processor.py:186} INFO - Started process (PID=47004) to work on /opt/airflow/dags/weather_dag.py
[2026-08-16T17:15:27.605+0000] {processor.py:914} INFO - Processing file /opt/airflow/dags/weather_dag.py for tasks to queue
[2026-08-16T17:15:27.607+0000] {logging_mixin.py:190} INFO - [2026-08-16T17:15:27.607+0000] {dagbag.py:588} INFO - Filling up the DagBag from /opt/airflow/dags/weather_dag.py
[2026-08-16T17:15:27.617+0000] {processor.py:925} INFO - DAG(s) 'weather_ingestion' retrieved from /opt/airflow/dags/weather_dag.py
[2026-08-16T17:15:27.633+0000] {logging_mixin.py:190} INFO - [2026-08-16T17:15:27.633+0000] {dag.py:3239} INFO - Sync 1 DAGs
[2026-08-16T17:15:27.644+0000] {logging_mixin.py:190} INFO - [2026-08-16T17:15:27.644+0000] {dag.py:4180} INFO - Setting next_dagrun for weather_ingestion to 2026-08-16 17:00:00+00:00, run_after=2026-08-16 18:00:00+00:00
[2026-08-16T17:15:27.651+0000] {processor.py:208} INFO - Processing /opt/airflow/dags/weather_dag.py took 0.057 seconds
[2026-08-16T17:15:57.901+0000] {processor.py:186} INFO - Started process (PID=47009) to work on /opt/airflow/dags/weather_dag.py
[2026-08-16T17:15:57.903+0000] {processor.py:914} INFO - Processing file /opt/airflow/dags/weather_dag.py for tasks to queue
[2026-08-16T17:15:57.905+0000] {logging_mixin.py:190} INFO - [2026-08-16T17:15:57.905+0000] {dagbag.py:588} INFO - Filling up the DagBag from /opt/airflow/dags/weather_dag.py
[2026-08-16T17:15:57.914+0000] {processor.py:925} INFO - DAG(s) 'weather_ingestion' retrieved from /opt/airflow/dags/weather_dag.py
[2026-08-16T17:15:57.933+0000] {logging_mixin.py:190} INFO - [2026-08-16T17:15:57.933+0000] {dag.py:3239} INFO - Sync 1 DAGs
[2026-08-16T17:15:57.946+0000] {logging_mixin.py:190} INFO - [2026-08-16T17:15:57.946+0000] {dag.py:4180} INFO - Setting next_dagrun for weather_ingestion to 2026-08-16 17:00:00+00:00, run_after=2026-08-16 18:00:00+00:00
[2026-08-16T17:15:57.955+0000] {processor.py:208} INFO - Processing /opt/airflow/dags/weather_dag.py took 0.060 seconds
[2026-08-16T17:16:28.982+0000] {processor.py:186} INFO - Started process (PID=47014) to work on /opt/airflow/dags/weather_dag.py
[2026-08-16T17:16:28.987+0000] {processor.py:914} INFO - Processing file /opt/airflow/dags/weather_dag.py for tasks to queue
[2026-08-16T17:16:28.999+0000] {logging_mixin.py:190} INFO - [2026-08-16T17:16:28.998+0000] {dagbag.py:588} INFO - Filling up the DagBag from /opt/airflow/dags/weather_dag.py
[2026-08-16T17:16:29.090+0000] {processor.py:925} INFO - DAG(s) 'weather_ingestion' retrieved from /opt/airflow/dags/weather_dag.py
[2026-08-16T17:16:29.345+0000] {logging_mixin.py:190} INFO - [2026-08-16T17:16:29.343+0000] {dag.py:3239} INFO - Sync 1 DAGs
[2026-08-16T17:16:29.660+0000] {logging_mixin.py:190} INFO - [2026-08-16T17:16:29.660+0000] {dag.py:4180} INFO - Setting next_dagrun for weather_ingestion to 2026-08-16 17:00:00+00:00, run_after=2026-08-16 18:00:00+00:00
[2026-08-16T17:16:30.056+0000] {processor.py:208} INFO - Processing /opt/airflow/dags/weather_dag.py took 1.113 seconds
[2026-08-16T17:33:10.837+0000] {processor.py:186} INFO - Started process (PID=47024) to work on /opt/airflow/dags/weather_dag.py
[2026-08-16T17:33:10.841+0000] {processor.py:914} INFO - Processing file /opt/airflow/dags/weather_dag.py for tasks to queue
[2026-08-16T17:33:10.847+0000] {logging_mixin.py:190} INFO - [2026-08-16T17:33:10.846+0000] {dagbag.py:588} INFO - Filling up the DagBag from /opt/airflow/dags/weather_dag.py
[2026-08-16T17:33:10.862+0000] {processor.py:925} INFO - DAG(s) 'weather_ingestion' retrieved from /opt/airflow/dags/weather_dag.py
[2026-08-16T17:33:10.882+0000] {logging_mixin.py:190} INFO - [2026-08-16T17:33:10.882+0000] {dag.py:3239} INFO - Sync 1 DAGs
[2026-08-16T17:33:10.894+0000] {logging_mixin.py:190} INFO - [2026-08-16T17:33:10.894+0000] {dag.py:4180} INFO - Setting next_dagrun for weather_ingestion to 2026-08-16 17:00:00+00:00, run_after=2026-08-16 18:00:00+00:00
[2026-08-16T17:33:10.901+0000] {processor.py:208} INFO - Processing /opt/airflow/dags/weather_dag.py took 0.078 seconds
[2026-08-16T17:33:41.120+0000] {processor.py:186} INFO - Started process (PID=47421) to work on /opt/airflow/dags/weather_dag.py
[2026-08-16T17:33:41.121+0000] {processor.py:914} INFO - Processing file /opt/airflow/dags/weather_dag.py for tasks to queue
[2026-08-16T17:33:41.125+0000] {logging_mixin.py:190} INFO - [2026-08-16T17:33:41.124+0000] {dagbag.py:588} INFO - Filling up the DagBag from /opt/airflow/dags/weather_dag.py
[2026-08-16T17:33:41.138+0000] {processor.py:925} INFO - DAG(s) 'weather_ingestion' retrieved from /opt/airflow/dags/weather_dag.py
[2026-08-16T17:33:41.159+0000] {logging_mixin.py:190} INFO - [2026-08-16T17:33:41.159+0000] {dag.py:3239} INFO - Sync 1 DAGs
[2026-08-16T17:33:41.172+0000] {logging_mixin.py:190} INFO - [2026-08-16T17:33:41.172+0000] {dag.py:4180} INFO - Setting next_dagrun for weather_ingestion to 2026-08-16 17:00:00+00:00, run_after=2026-08-16 18:00:00+00:00
[2026-08-16T17:33:41.180+0000] {processor.py:208} INFO - Processing /opt/airflow/dags/weather_dag.py took 0.070 seconds
[2026-08-16T17:34:11.465+0000] {processor.py:186} INFO - Started process (PID=47426) to work on /opt/airflow/dags/weather_dag.py
[2026-08-16T17:34:11.467+0000] {processor.py:914} INFO - Processing file /opt/airflow/dags/weather_dag.py for tasks to queue
[2026-08-16T17:34:11.470+0000] {logging_mixin.py:190} INFO - [2026-08-16T17:34:11.469+0000] {dagbag.py:588} INFO - Filling up the DagBag from /opt/airflow/dags/weather_dag.py
[2026-08-16T17:34:11.486+0000] {processor.py:925} INFO - DAG(s) 'weather_ingestion' retrieved from /opt/airflow/dags/weather_dag.py
[2026-08-16T17:34:11.514+0000] {logging_mixin.py:190} INFO - [2026-08-16T17:34:11.513+0000] {dag.py:3239} INFO - Sync 1 DAGs
[2026-08-16T17:34:11.530+0000] {logging_mixin.py:190} INFO - [2026-08-16T17:34:11.530+0000] {dag.py:4180} INFO - Setting next_dagrun for weather_ingestion to 2026-08-16 17:00:00+00:00, run_after=2026-08-16 18:00:00+00:00
[2026-08-16T17:34:11.538+0000] {processor.py:208} INFO - Processing /opt/airflow/dags/weather_dag.py took 0.078 seconds
[2026-08-16T17:34:41.743+0000] {processor.py:186} INFO - Started process (PID=47431) to work on /opt/airflow/dags/weather_dag.py
[2026-08-16T17:34:41.746+0000] {processor.py:914} INFO - Processing file /opt/airflow/dags/weather_dag.py for tasks to queue
[2026-08-16T17:34:41.748+0000] {logging_mixin.py:190} INFO - [2026-08-16T17:34:41.748+0000] {dagbag.py:588} INFO - Filling up the DagBag from /opt/airflow/dags/weather_dag.py
[2026-08-16T17:34:41.760+0000] {processor.py:925} INFO - DAG(s) 'weather_ingestion' retrieved from /opt/airflow/dags/weather_dag.py
[2026-08-16T17:34:41.782+0000] {logging_mixin.py:190} INFO - [2026-08-16T17:34:41.782+0000] {dag.py:3239} INFO - Sync 1 DAGs
[2026-08-16T17:34:41.795+0000] {logging_mixin.py:190} INFO - [2026-08-16T17:34:41.795+0000] {dag.py:4180} INFO - Setting next_dagrun for weather_ingestion to 2026-08-16 17:00:00+00:00, run_after=2026-08-16 18:00:00+00:00
[2026-08-16T17:34:41.804+0000] {processor.py:208} INFO - Processing /opt/airflow/dags/weather_dag.py took 0.070 seconds
[2026-08-16T17:35:12.072+0000] {processor.py:186} INFO - Started process (PID=47436) to work on /opt/airflow/dags/weather_dag.py
[2026-08-16T17:35:12.074+0000] {processor.py:914} INFO - Processing file /opt/airflow/dags/weather_dag.py for tasks to queue
[2026-08-16T17:35:12.079+0000] {logging_mixin.py:190} INFO - [2026-08-16T17:35:12.078+0000] {dagbag.py:588} INFO - Filling up the DagBag from /opt/airflow/dags/weather_dag.py
[2026-08-16T17:35:12.095+0000] {processor.py:925} INFO - DAG(s) 'weather_ingestion' retrieved from /opt/airflow/dags/weather_dag.py
[2026-08-16T17:35:12.121+0000] {logging_mixin.py:190} INFO - [2026-08-16T17:35:12.121+0000] {dag.py:3239} INFO - Sync 1 DAGs
[2026-08-16T17:35:12.144+0000] {logging_mixin.py:190} INFO - [2026-08-16T17:35:12.144+0000] {dag.py:4180} INFO - Setting next_dagrun for weather_ingestion to 2026-08-16 17:00:00+00:00, run_after=2026-08-16 18:00:00+00:00
[2026-08-16T17:35:12.159+0000] {processor.py:208} INFO - Processing /opt/airflow/dags/weather_dag.py took 0.095 seconds
[2026-08-16T17:50:50.221+0000] {processor.py:186} INFO - Started process (PID=47441) to work on /opt/airflow/dags/weather_dag.py
[2026-08-16T17:50:50.224+0000] {processor.py:914} INFO - Processing file /opt/airflow/dags/weather_dag.py for tasks to queue
[2026-08-16T17:50:50.231+0000] {logging_mixin.py:190} INFO - [2026-08-16T17:50:50.230+0000] {dagbag.py:588} INFO - Filling up the DagBag from /opt/airflow/dags/weather_dag.py
[2026-08-16T17:50:50.249+0000] {processor.py:925} INFO - DAG(s) 'weather_ingestion' retrieved from /opt/airflow/dags/weather_dag.py
[2026-08-16T17:50:50.276+0000] {logging_mixin.py:190} INFO - [2026-08-16T17:50:50.276+0000] {dag.py:3239} INFO - Sync 1 DAGs
[2026-08-16T17:50:50.294+0000] {logging_mixin.py:190} INFO - [2026-08-16T17:50:50.294+0000] {dag.py:4180} INFO - Setting next_dagrun for weather_ingestion to 2026-08-16 17:00:00+00:00, run_after=2026-08-16 18:00:00+00:00
[2026-08-16T17:50:50.307+0000] {processor.py:208} INFO - Processing /opt/airflow/dags/weather_dag.py took 0.105 seconds
[2026-08-16T17:51:20.528+0000] {processor.py:186} INFO - Started process (PID=47446) to work on /opt/airflow/dags/weather_dag.py
[2026-08-16T17:51:20.540+0000] {processor.py:914} INFO - Processing file /opt/airflow/dags/weather_dag.py for tasks to queue
[2026-08-16T17:51:20.545+0000] {logging_mixin.py:190} INFO - [2026-08-16T17:51:20.544+0000] {dagbag.py:588} INFO - Filling up the DagBag from /opt/airflow/dags/weather_dag.py
[2026-08-16T17:51:20.565+0000] {processor.py:925} INFO - DAG(s) 'weather_ingestion' retrieved from /opt/airflow/dags/weather_dag.py
[2026-08-16T17:51:20.604+0000] {logging_mixin.py:190} INFO - [2026-08-16T17:51:20.603+0000] {dag.py:3239} INFO - Sync 1 DAGs
[2026-08-16T17:51:20.636+0000] {logging_mixin.py:190} INFO - [2026-08-16T17:51:20.636+0000] {dag.py:4180} INFO - Setting next_dagrun for weather_ingestion to 2026-08-16 17:00:00+00:00, run_after=2026-08-16 18:00:00+00:00
[2026-08-16T17:51:20.647+0000] {processor.py:208} INFO - Processing /opt/airflow/dags/weather_dag.py took 0.143 seconds
[2026-08-16T17:51:50.879+0000] {processor.py:186} INFO - Started process (PID=47451) to work on /opt/airflow/dags/weather_dag.py
[2026-08-16T17:51:50.881+0000] {processor.py:914} INFO - Processing file /opt/airflow/dags/weather_dag.py for tasks to queue
[2026-08-16T17:51:50.883+0000] {logging_mixin.py:190} INFO - [2026-08-16T17:51:50.882+0000] {dagbag.py:588} INFO - Filling up the DagBag from /opt/airflow/dags/weather_dag.py
[2026-08-16T17:51:50.892+0000] {processor.py:925} INFO - DAG(s) 'weather_ingestion' retrieved from /opt/airflow/dags/weather_dag.py
[2026-08-16T17:51:50.910+0000] {logging_mixin.py:190} INFO - [2026-08-16T17:51:50.910+0000] {dag.py:3239} INFO - Sync 1 DAGs
[2026-08-16T17:51:50.924+0000] {logging_mixin.py:190} INFO - [2026-08-16T17:51:50.924+0000] {dag.py:4180} INFO - Setting next_dagrun for weather_ingestion to 2026-08-16 17:00:00+00:00, run_after=2026-08-16 18:00:00+00:00
[2026-08-16T17:51:50.934+0000] {processor.py:208} INFO - Processing /opt/airflow/dags/weather_dag.py took 0.061 seconds
[2026-08-16T17:52:21.217+0000] {processor.py:186} INFO - Started process (PID=47456) to work on /opt/airflow/dags/weather_dag.py
[2026-08-16T17:52:21.219+0000] {processor.py:914} INFO - Processing file /opt/airflow/dags/weather_dag.py for tasks to queue
[2026-08-16T17:52:21.222+0000] {logging_mixin.py:190} INFO - [2026-08-16T17:52:21.221+0000] {dagbag.py:588} INFO - Filling up the DagBag from /opt/airflow/dags/weather_dag.py
[2026-08-16T17:52:21.232+0000] {processor.py:925} INFO - DAG(s) 'weather_ingestion' retrieved from /opt/airflow/dags/weather_dag.py
[2026-08-16T17:52:21.249+0000] {logging_mixin.py:190} INFO - [2026-08-16T17:52:21.249+0000] {dag.py:3239} INFO - Sync 1 DAGs
[2026-08-16T17:52:21.261+0000] {logging_mixin.py:190} INFO - [2026-08-16T17:52:21.261+0000] {dag.py:4180} INFO - Setting next_dagrun for weather_ingestion to 2026-08-16 17:00:00+00:00, run_after=2026-08-16 18:00:00+00:00
[2026-08-16T17:52:21.270+0000] {processor.py:208} INFO - Processing /opt/airflow/dags/weather_dag.py took 0.060 seconds
[2026-08-16T18:07:57.888+0000] {processor.py:186} INFO - Started process (PID=47461) to work on /opt/airflow/dags/weather_dag.py
[2026-08-16T18:07:57.899+0000] {processor.py:914} INFO - Processing file /opt/airflow/dags/weather_dag.py for tasks to queue
[2026-08-16T18:07:57.918+0000] {logging_mixin.py:190} INFO - [2026-08-16T18:07:57.917+0000] {dagbag.py:588} INFO - Filling up the DagBag from /opt/airflow/dags/weather_dag.py
[2026-08-16T18:07:58.158+0000] {processor.py:925} INFO - DAG(s) 'weather_ingestion' retrieved from /opt/airflow/dags/weather_dag.py
[2026-08-16T18:07:58.298+0000] {logging_mixin.py:190} INFO - [2026-08-16T18:07:58.298+0000] {dag.py:3239} INFO - Sync 1 DAGs
[2026-08-16T18:07:58.401+0000] {logging_mixin.py:190} INFO - [2026-08-16T18:07:58.401+0000] {dag.py:4180} INFO - Setting next_dagrun for weather_ingestion to 2026-08-16 18:00:00+00:00, run_after=2026-08-16 19:00:00+00:00
[2026-08-16T18:07:58.503+0000] {processor.py:208} INFO - Processing /opt/airflow/dags/weather_dag.py took 0.655 seconds
[2026-08-16T18:08:28.963+0000] {processor.py:186} INFO - Started process (PID=47471) to work on /opt/airflow/dags/weather_dag.py
[2026-08-16T18:08:28.967+0000] {processor.py:914} INFO - Processing file /opt/airflow/dags/weather_dag.py for tasks to queue
[2026-08-16T18:08:28.979+0000] {logging_mixin.py:190} INFO - [2026-08-16T18:08:28.977+0000] {dagbag.py:588} INFO - Filling up the DagBag from /opt/airflow/dags/weather_dag.py
[2026-08-16T18:08:29.076+0000] {processor.py:925} INFO - DAG(s) 'weather_ingestion' retrieved from /opt/airflow/dags/weather_dag.py
[2026-08-16T18:08:29.116+0000] {logging_mixin.py:190} INFO - [2026-08-16T18:08:29.116+0000] {dag.py:3239} INFO - Sync 1 DAGs
[2026-08-16T18:08:29.141+0000] {logging_mixin.py:190} INFO - [2026-08-16T18:08:29.140+0000] {dag.py:4180} INFO - Setting next_dagrun for weather_ingestion to 2026-08-16 18:00:00+00:00, run_after=2026-08-16 19:00:00+00:00
[2026-08-16T18:08:29.196+0000] {processor.py:208} INFO - Processing /opt/airflow/dags/weather_dag.py took 0.245 seconds
[2026-08-16T18:08:59.489+0000] {processor.py:186} INFO - Started process (PID=47476) to work on /opt/airflow/dags/weather_dag.py
[2026-08-16T18:08:59.491+0000] {processor.py:914} INFO - Processing file /opt/airflow/dags/weather_dag.py for tasks to queue
[2026-08-16T18:08:59.496+0000] {logging_mixin.py:190} INFO - [2026-08-16T18:08:59.495+0000] {dagbag.py:588} INFO - Filling up the DagBag from /opt/airflow/dags/weather_dag.py
[2026-08-16T18:08:59.510+0000] {processor.py:925} INFO - DAG(s) 'weather_ingestion' retrieved from /opt/airflow/dags/weather_dag.py
[2026-08-16T18:08:59.533+0000] {logging_mixin.py:190} INFO - [2026-08-16T18:08:59.532+0000] {dag.py:3239} INFO - Sync 1 DAGs
[2026-08-16T18:08:59.548+0000] {logging_mixin.py:190} INFO - [2026-08-16T18:08:59.548+0000] {dag.py:4180} INFO - Setting next_dagrun for weather_ingestion to 2026-08-16 18:00:00+00:00, run_after=2026-08-16 19:00:00+00:00
[2026-08-16T18:08:59.557+0000] {processor.py:208} INFO - Processing /opt/airflow/dags/weather_dag.py took 0.079 seconds
[2026-08-16T18:09:29.783+0000] {processor.py:186} INFO - Started process (PID=47481) to work on /opt/airflow/dags/weather_dag.py
[2026-08-16T18:09:29.785+0000] {processor.py:914} INFO - Processing file /opt/airflow/dags/weather_dag.py for tasks to queue
[2026-08-16T18:09:29.788+0000] {logging_mixin.py:190} INFO - [2026-08-16T18:09:29.788+0000] {dagbag.py:588} INFO - Filling up the DagBag from /opt/airflow/dags/weather_dag.py
[2026-08-16T18:09:29.798+0000] {processor.py:925} INFO - DAG(s) 'weather_ingestion' retrieved from /opt/airflow/dags/weather_dag.py
[2026-08-16T18:09:29.814+0000] {logging_mixin.py:190} INFO - [2026-08-16T18:09:29.814+0000] {dag.py:3239} INFO - Sync 1 DAGs
[2026-08-16T18:09:29.826+0000] {logging_mixin.py:190} INFO - [2026-08-16T18:09:29.826+0000] {dag.py:4180} INFO - Setting next_dagrun for weather_ingestion to 2026-08-16 18:00:00+00:00, run_after=2026-08-16 19:00:00+00:00
[2026-08-16T18:09:29.833+0000] {processor.py:208} INFO - Processing /opt/airflow/dags/weather_dag.py took 0.061 seconds
[2026-08-16T18:10:00.067+0000] {processor.py:186} INFO - Started process (PID=47486) to work on /opt/airflow/dags/weather_dag.py
[2026-08-16T18:10:00.068+0000] {processor.py:914} INFO - Processing file /opt/airflow/dags/weather_dag.py for tasks to queue
[2026-08-16T18:10:00.071+0000] {logging_mixin.py:190} INFO - [2026-08-16T18:10:00.070+0000] {dagbag.py:588} INFO - Filling up the DagBag from /opt/airflow/dags/weather_dag.py
[2026-08-16T18:10:00.081+0000] {processor.py:925} INFO - DAG(s) 'weather_ingestion' retrieved from /opt/airflow/dags/weather_dag.py
[2026-08-16T18:10:00.102+0000] {logging_mixin.py:190} INFO - [2026-08-16T18:10:00.102+0000] {dag.py:3239} INFO - Sync 1 DAGs
[2026-08-16T18:10:00.116+0000] {logging_mixin.py:190} INFO - [2026-08-16T18:10:00.116+0000] {dag.py:4180} INFO - Setting next_dagrun for weather_ingestion to 2026-08-16 18:00:00+00:00, run_after=2026-08-16 19:00:00+00:00
[2026-08-16T18:10:00.125+0000] {processor.py:208} INFO - Processing /opt/airflow/dags/weather_dag.py took 0.065 seconds
[2026-08-16T18:14:19.900+0000] {processor.py:186} INFO - Started process (PID=47496) to work on /opt/airflow/dags/weather_dag.py
[2026-08-16T18:14:19.901+0000] {processor.py:914} INFO - Processing file /opt/airflow/dags/weather_dag.py for tasks to queue
[2026-08-16T18:14:19.905+0000] {logging_mixin.py:190} INFO - [2026-08-16T18:14:19.904+0000] {dagbag.py:588} INFO - Filling up the DagBag from /opt/airflow/dags/weather_dag.py
[2026-08-16T18:14:19.920+0000] {processor.py:925} INFO - DAG(s) 'weather_ingestion' retrieved from /opt/airflow/dags/weather_dag.py
[2026-08-16T18:14:19.943+0000] {logging_mixin.py:190} INFO - [2026-08-16T18:14:19.943+0000] {dag.py:3239} INFO - Sync 1 DAGs
[2026-08-16T18:14:19.958+0000] {logging_mixin.py:190} INFO - [2026-08-16T18:14:19.958+0000] {dag.py:4180} INFO - Setting next_dagrun for weather_ingestion to 2026-08-16 18:00:00+00:00, run_after=2026-08-16 19:00:00+00:00
[2026-08-16T18:14:19.967+0000] {processor.py:208} INFO - Processing /opt/airflow/dags/weather_dag.py took 0.075 seconds
[2026-08-16T18:14:50.230+0000] {processor.py:186} INFO - Started process (PID=47501) to work on /opt/airflow/dags/weather_dag.py
[2026-08-16T18:14:50.233+0000] {processor.py:914} INFO - Processing file /opt/airflow/dags/weather_dag.py for tasks to queue
[2026-08-16T18:14:50.237+0000] {logging_mixin.py:190} INFO - [2026-08-16T18:14:50.236+0000] {dagbag.py:588} INFO - Filling up the DagBag from /opt/airflow/dags/weather_dag.py
[2026-08-16T18:14:50.256+0000] {processor.py:925} INFO - DAG(s) 'weather_ingestion' retrieved from /opt/airflow/dags/weather_dag.py
[2026-08-16T18:14:50.279+0000] {logging_mixin.py:190} INFO - [2026-08-16T18:14:50.279+0000] {dag.py:3239} INFO - Sync 1 DAGs
[2026-08-16T18:14:50.293+0000] {logging_mixin.py:190} INFO - [2026-08-16T18:14:50.293+0000] {dag.py:4180} INFO - Setting next_dagrun for weather_ingestion to 2026-08-16 18:00:00+00:00, run_after=2026-08-16 19:00:00+00:00
[2026-08-16T18:14:50.301+0000] {processor.py:208} INFO - Processing /opt/airflow/dags/weather_dag.py took 0.083 seconds
[2026-08-16T18:15:20.577+0000] {processor.py:186} INFO - Started process (PID=47889) to work on /opt/airflow/dags/weather_dag.py
[2026-08-16T18:15:20.579+0000] {processor.py:914} INFO - Processing file /opt/airflow/dags/weather_dag.py for tasks to queue
[2026-08-16T18:15:20.581+0000] {logging_mixin.py:190} INFO - [2026-08-16T18:15:20.580+0000] {dagbag.py:588} INFO - Filling up the DagBag from /opt/airflow/dags/weather_dag.py
[2026-08-16T18:15:20.593+0000] {processor.py:925} INFO - DAG(s) 'weather_ingestion' retrieved from /opt/airflow/dags/weather_dag.py
[2026-08-16T18:15:20.612+0000] {logging_mixin.py:190} INFO - [2026-08-16T18:15:20.612+0000] {dag.py:3239} INFO - Sync 1 DAGs
[2026-08-16T18:15:20.626+0000] {logging_mixin.py:190} INFO - [2026-08-16T18:15:20.626+0000] {dag.py:4180} INFO - Setting next_dagrun for weather_ingestion to 2026-08-16 18:00:00+00:00, run_after=2026-08-16 19:00:00+00:00
[2026-08-16T18:15:20.634+0000] {processor.py:208} INFO - Processing /opt/airflow/dags/weather_dag.py took 0.063 seconds
[2026-08-16T18:15:50.888+0000] {processor.py:186} INFO - Started process (PID=47894) to work on /opt/airflow/dags/weather_dag.py
[2026-08-16T18:15:50.890+0000] {processor.py:914} INFO - Processing file /opt/airflow/dags/weather_dag.py for tasks to queue
[2026-08-16T18:15:50.892+0000] {logging_mixin.py:190} INFO - [2026-08-16T18:15:50.892+0000] {dagbag.py:588} INFO - Filling up the DagBag from /opt/airflow/dags/weather_dag.py
[2026-08-16T18:15:50.903+0000] {processor.py:925} INFO - DAG(s) 'weather_ingestion' retrieved from /opt/airflow/dags/weather_dag.py
[2026-08-16T18:15:50.923+0000] {logging_mixin.py:190} INFO - [2026-08-16T18:15:50.923+0000] {dag.py:3239} INFO - Sync 1 DAGs
[2026-08-16T18:15:50.936+0000] {logging_mixin.py:190} INFO - [2026-08-16T18:15:50.936+0000] {dag.py:4180} INFO - Setting next_dagrun for weather_ingestion to 2026-08-16 18:00:00+00:00, run_after=2026-08-16 19:00:00+00:00
[2026-08-16T18:15:50.944+0000] {processor.py:208} INFO - Processing /opt/airflow/dags/weather_dag.py took 0.063 seconds
[2026-08-16T18:16:21.240+0000] {processor.py:186} INFO - Started process (PID=47899) to work on /opt/airflow/dags/weather_dag.py
[2026-08-16T18:16:21.242+0000] {processor.py:914} INFO - Processing file /opt/airflow/dags/weather_dag.py for tasks to queue
[2026-08-16T18:16:21.246+0000] {logging_mixin.py:190} INFO - [2026-08-16T18:16:21.245+0000] {dagbag.py:588} INFO - Filling up the DagBag from /opt/airflow/dags/weather_dag.py
[2026-08-16T18:16:21.261+0000] {processor.py:925} INFO - DAG(s) 'weather_ingestion' retrieved from /opt/airflow/dags/weather_dag.py
[2026-08-16T18:16:21.284+0000] {logging_mixin.py:190} INFO - [2026-08-16T18:16:21.284+0000] {dag.py:3239} INFO - Sync 1 DAGs
[2026-08-16T18:16:21.298+0000] {logging_mixin.py:190} INFO - [2026-08-16T18:16:21.298+0000] {dag.py:4180} INFO - Setting next_dagrun for weather_ingestion to 2026-08-16 18:00:00+00:00, run_after=2026-08-16 19:00:00+00:00
[2026-08-16T18:16:21.306+0000] {processor.py:208} INFO - Processing /opt/airflow/dags/weather_dag.py took 0.075 seconds
[2026-08-16T18:16:51.545+0000] {processor.py:186} INFO - Started process (PID=47904) to work on /opt/airflow/dags/weather_dag.py
[2026-08-16T18:16:51.546+0000] {processor.py:914} INFO - Processing file /opt/airflow/dags/weather_dag.py for tasks to queue
[2026-08-16T18:16:51.549+0000] {logging_mixin.py:190} INFO - [2026-08-16T18:16:51.549+0000] {dagbag.py:588} INFO - Filling up the DagBag from /opt/airflow/dags/weather_dag.py
[2026-08-16T18:16:51.559+0000] {processor.py:925} INFO - DAG(s) 'weather_ingestion' retrieved from /opt/airflow/dags/weather_dag.py
[2026-08-16T18:16:51.581+0000] {logging_mixin.py:190} INFO - [2026-08-16T18:16:51.581+0000] {dag.py:3239} INFO - Sync 1 DAGs
[2026-08-16T18:16:51.592+0000] {logging_mixin.py:190} INFO - [2026-08-16T18:16:51.592+0000] {dag.py:4180} INFO - Setting next_dagrun for weather_ingestion to 2026-08-16 18:00:00+00:00, run_after=2026-08-16 19:00:00+00:00
[2026-08-16T18:16:51.598+0000] {processor.py:208} INFO - Processing /opt/airflow/dags/weather_dag.py took 0.060 seconds
[2026-08-16T18:17:21.865+0000] {processor.py:186} INFO - Started process (PID=47909) to work on /opt/airflow/dags/weather_dag.py
[2026-08-16T18:17:21.866+0000] {processor.py:914} INFO - Processing file /opt/airflow/dags/weather_dag.py for tasks to queue
[2026-08-16T18:17:21.869+0000] {logging_mixin.py:190} INFO - [2026-08-16T18:17:21.868+0000] {dagbag.py:588} INFO - Filling up the DagBag from /opt/airflow/dags/weather_dag.py
[2026-08-16T18:17:21.880+0000] {processor.py:925} INFO - DAG(s) 'weather_ingestion' retrieved from /opt/airflow/dags/weather_dag.py
[2026-08-16T18:17:21.899+0000] {logging_mixin.py:190} INFO - [2026-08-16T18:17:21.898+0000] {dag.py:3239} INFO - Sync 1 DAGs
[2026-08-16T18:17:21.910+0000] {logging_mixin.py:190} INFO - [2026-08-16T18:17:21.910+0000] {dag.py:4180} INFO - Setting next_dagrun for weather_ingestion to 2026-08-16 18:00:00+00:00, run_after=2026-08-16 19:00:00+00:00
[2026-08-16T18:17:21.917+0000] {processor.py:208} INFO - Processing /opt/airflow/dags/weather_dag.py took 0.059 seconds
[2026-08-16T18:17:52.201+0000] {processor.py:186} INFO - Started process (PID=47914) to work on /opt/airflow/dags/weather_dag.py
[2026-08-16T18:17:52.203+0000] {processor.py:914} INFO - Processing file /opt/airflow/dags/weather_dag.py for tasks to queue
[2026-08-16T18:17:52.206+0000] {logging_mixin.py:190} INFO - [2026-08-16T18:17:52.206+0000] {dagbag.py:588} INFO - Filling up the DagBag from /opt/airflow/dags/weather_dag.py
[2026-08-16T18:17:52.216+0000] {processor.py:925} INFO - DAG(s) 'weather_ingestion' retrieved from /opt/airflow/dags/weather_dag.py
[2026-08-16T18:17:52.235+0000] {logging_mixin.py:190} INFO - [2026-08-16T18:17:52.235+0000] {dag.py:3239} INFO - Sync 1 DAGs
[2026-08-16T18:17:52.246+0000] {logging_mixin.py:190} INFO - [2026-08-16T18:17:52.246+0000] {dag.py:4180} INFO - Setting next_dagrun for weather_ingestion to 2026-08-16 18:00:00+00:00, run_after=2026-08-16 19:00:00+00:00
[2026-08-16T18:17:52.253+0000] {processor.py:208} INFO - Processing /opt/airflow/dags/weather_dag.py took 0.059 seconds
[2026-08-16T18:34:05.260+0000] {processor.py:186} INFO - Started process (PID=47919) to work on /opt/airflow/dags/weather_dag.py
[2026-08-16T18:34:05.271+0000] {processor.py:914} INFO - Processing file /opt/airflow/dags/weather_dag.py for tasks to queue
[2026-08-16T18:34:05.340+0000] {logging_mixin.py:190} INFO - [2026-08-16T18:34:05.335+0000] {dagbag.py:588} INFO - Filling up the DagBag from /opt/airflow/dags/weather_dag.py
[2026-08-16T18:34:05.514+0000] {processor.py:925} INFO - DAG(s) 'weather_ingestion' retrieved from /opt/airflow/dags/weather_dag.py
[2026-08-16T18:34:05.807+0000] {logging_mixin.py:190} INFO - [2026-08-16T18:34:05.803+0000] {dag.py:3239} INFO - Sync 1 DAGs
[2026-08-16T18:34:05.919+0000] {logging_mixin.py:190} INFO - [2026-08-16T18:34:05.912+0000] {dag.py:4180} INFO - Setting next_dagrun for weather_ingestion to 2026-08-16 18:00:00+00:00, run_after=2026-08-16 19:00:00+00:00
[2026-08-16T18:34:05.938+0000] {processor.py:208} INFO - Processing /opt/airflow/dags/weather_dag.py took 0.741 seconds
[2026-08-16T18:34:36.335+0000] {processor.py:186} INFO - Started process (PID=47924) to work on /opt/airflow/dags/weather_dag.py
[2026-08-16T18:34:36.339+0000] {processor.py:914} INFO - Processing file /opt/airflow/dags/weather_dag.py for tasks to queue
[2026-08-16T18:34:36.343+0000] {logging_mixin.py:190} INFO - [2026-08-16T18:34:36.342+0000] {dagbag.py:588} INFO - Filling up the DagBag from /opt/airflow/dags/weather_dag.py
[2026-08-16T18:34:36.361+0000] {processor.py:925} INFO - DAG(s) 'weather_ingestion' retrieved from /opt/airflow/dags/weather_dag.py
[2026-08-16T18:34:36.447+0000] {logging_mixin.py:190} INFO - [2026-08-16T18:34:36.446+0000] {dag.py:3239} INFO - Sync 1 DAGs
[2026-08-16T18:34:36.645+0000] {logging_mixin.py:190} INFO - [2026-08-16T18:34:36.645+0000] {dag.py:4180} INFO - Setting next_dagrun for weather_ingestion to 2026-08-16 18:00:00+00:00, run_after=2026-08-16 19:00:00+00:00
[2026-08-16T18:34:36.723+0000] {processor.py:208} INFO - Processing /opt/airflow/dags/weather_dag.py took 0.405 seconds
[2026-08-16T18:35:06.859+0000] {processor.py:186} INFO - Started process (PID=47929) to work on /opt/airflow/dags/weather_dag.py
[2026-08-16T18:35:06.860+0000] {processor.py:914} INFO - Processing file /opt/airflow/dags/weather_dag.py for tasks to queue
[2026-08-16T18:35:06.864+0000] {logging_mixin.py:190} INFO - [2026-08-16T18:35:06.864+0000] {dagbag.py:588} INFO - Filling up the DagBag from /opt/airflow/dags/weather_dag.py
[2026-08-16T18:35:06.903+0000] {processor.py:925} INFO - DAG(s) 'weather_ingestion' retrieved from /opt/airflow/dags/weather_dag.py
[2026-08-16T18:35:06.934+0000] {logging_mixin.py:190} INFO - [2026-08-16T18:35:06.934+0000] {dag.py:3239} INFO - Sync 1 DAGs
[2026-08-16T18:35:06.973+0000] {logging_mixin.py:190} INFO - [2026-08-16T18:35:06.973+0000] {dag.py:4180} INFO - Setting next_dagrun for weather_ingestion to 2026-08-16 18:00:00+00:00, run_after=2026-08-16 19:00:00+00:00
[2026-08-16T18:35:06.983+0000] {processor.py:208} INFO - Processing /opt/airflow/dags/weather_dag.py took 0.167 seconds
[2026-08-16T18:35:37.150+0000] {processor.py:186} INFO - Started process (PID=47934) to work on /opt/airflow/dags/weather_dag.py
[2026-08-16T18:35:37.153+0000] {processor.py:914} INFO - Processing file /opt/airflow/dags/weather_dag.py for tasks to queue
[2026-08-16T18:35:37.155+0000] {logging_mixin.py:190} INFO - [2026-08-16T18:35:37.155+0000] {dagbag.py:588} INFO - Filling up the DagBag from /opt/airflow/dags/weather_dag.py
[2026-08-16T18:35:37.166+0000] {processor.py:925} INFO - DAG(s) 'weather_ingestion' retrieved from /opt/airflow/dags/weather_dag.py
[2026-08-16T18:35:37.186+0000] {logging_mixin.py:190} INFO - [2026-08-16T18:35:37.186+0000] {dag.py:3239} INFO - Sync 1 DAGs
[2026-08-16T18:35:37.197+0000] {logging_mixin.py:190} INFO - [2026-08-16T18:35:37.197+0000] {dag.py:4180} INFO - Setting next_dagrun for weather_ingestion to 2026-08-16 18:00:00+00:00, run_after=2026-08-16 19:00:00+00:00
[2026-08-16T18:35:37.206+0000] {processor.py:208} INFO - Processing /opt/airflow/dags/weather_dag.py took 0.063 seconds
[2026-08-16T18:36:07.525+0000] {processor.py:186} INFO - Started process (PID=47939) to work on /opt/airflow/dags/weather_dag.py
[2026-08-16T18:36:07.527+0000] {processor.py:914} INFO - Processing file /opt/airflow/dags/weather_dag.py for tasks to queue
[2026-08-16T18:36:07.531+0000] {logging_mixin.py:190} INFO - [2026-08-16T18:36:07.530+0000] {dagbag.py:588} INFO - Filling up the DagBag from /opt/airflow/dags/weather_dag.py
[2026-08-16T18:36:07.548+0000] {processor.py:925} INFO - DAG(s) 'weather_ingestion' retrieved from /opt/airflow/dags/weather_dag.py
[2026-08-16T18:36:07.572+0000] {logging_mixin.py:190} INFO - [2026-08-16T18:36:07.572+0000] {dag.py:3239} INFO - Sync 1 DAGs
[2026-08-16T18:36:07.587+0000] {logging_mixin.py:190} INFO - [2026-08-16T18:36:07.587+0000] {dag.py:4180} INFO - Setting next_dagrun for weather_ingestion to 2026-08-16 18:00:00+00:00, run_after=2026-08-16 19:00:00+00:00
[2026-08-16T18:36:07.595+0000] {processor.py:208} INFO - Processing /opt/airflow/dags/weather_dag.py took 0.082 seconds
[2026-08-16T18:51:32.827+0000] {processor.py:186} INFO - Started process (PID=47944) to work on /opt/airflow/dags/weather_dag.py
[2026-08-16T18:51:32.829+0000] {processor.py:914} INFO - Processing file /opt/airflow/dags/weather_dag.py for tasks to queue
[2026-08-16T18:51:32.832+0000] {logging_mixin.py:190} INFO - [2026-08-16T18:51:32.832+0000] {dagbag.py:588} INFO - Filling up the DagBag from /opt/airflow/dags/weather_dag.py
[2026-08-16T18:51:32.848+0000] {processor.py:925} INFO - DAG(s) 'weather_ingestion' retrieved from /opt/airflow/dags/weather_dag.py
[2026-08-16T18:51:32.871+0000] {logging_mixin.py:190} INFO - [2026-08-16T18:51:32.871+0000] {dag.py:3239} INFO - Sync 1 DAGs
[2026-08-16T18:51:32.891+0000] {logging_mixin.py:190} INFO - [2026-08-16T18:51:32.891+0000] {dag.py:4180} INFO - Setting next_dagrun for weather_ingestion to 2026-08-16 18:00:00+00:00, run_after=2026-08-16 19:00:00+00:00
[2026-08-16T18:51:32.901+0000] {processor.py:208} INFO - Processing /opt/airflow/dags/weather_dag.py took 0.083 seconds
[2026-08-16T18:52:03.170+0000] {processor.py:186} INFO - Started process (PID=47949) to work on /opt/airflow/dags/weather_dag.py
[2026-08-16T18:52:03.172+0000] {processor.py:914} INFO - Processing file /opt/airflow/dags/weather_dag.py for tasks to queue
[2026-08-16T18:52:03.176+0000] {logging_mixin.py:190} INFO - [2026-08-16T18:52:03.176+0000] {dagbag.py:588} INFO - Filling up the DagBag from /opt/airflow/dags/weather_dag.py
[2026-08-16T18:52:03.195+0000] {processor.py:925} INFO - DAG(s) 'weather_ingestion' retrieved from /opt/airflow/dags/weather_dag.py
[2026-08-16T18:52:03.219+0000] {logging_mixin.py:190} INFO - [2026-08-16T18:52:03.219+0000] {dag.py:3239} INFO - Sync 1 DAGs
[2026-08-16T18:52:03.234+0000] {logging_mixin.py:190} INFO - [2026-08-16T18:52:03.234+0000] {dag.py:4180} INFO - Setting next_dagrun for weather_ingestion to 2026-08-16 18:00:00+00:00, run_after=2026-08-16 19:00:00+00:00
[2026-08-16T18:52:03.242+0000] {processor.py:208} INFO - Processing /opt/airflow/dags/weather_dag.py took 0.085 seconds
[2026-08-16T18:52:33.486+0000] {processor.py:186} INFO - Started process (PID=47954) to work on /opt/airflow/dags/weather_dag.py
[2026-08-16T18:52:33.489+0000] {processor.py:914} INFO - Processing file /opt/airflow/dags/weather_dag.py for tasks to queue
[2026-08-16T18:52:33.492+0000] {logging_mixin.py:190} INFO - [2026-08-16T18:52:33.492+0000] {dagbag.py:588} INFO - Filling up the DagBag from /opt/airflow/dags/weather_dag.py
[2026-08-16T18:52:33.502+0000] {processor.py:925} INFO - DAG(s) 'weather_ingestion' retrieved from /opt/airflow/dags/weather_dag.py
[2026-08-16T18:52:33.520+0000] {logging_mixin.py:190} INFO - [2026-08-16T18:52:33.520+0000] {dag.py:3239} INFO - Sync 1 DAGs
[2026-08-16T18:52:33.532+0000] {logging_mixin.py:190} INFO - [2026-08-16T18:52:33.532+0000] {dag.py:4180} INFO - Setting next_dagrun for weather_ingestion to 2026-08-16 18:00:00+00:00, run_after=2026-08-16 19:00:00+00:00
[2026-08-16T18:52:33.541+0000] {processor.py:208} INFO - Processing /opt/airflow/dags/weather_dag.py took 0.063 seconds
[2026-08-16T18:53:03.879+0000] {processor.py:186} INFO - Started process (PID=47959) to work on /opt/airflow/dags/weather_dag.py
[2026-08-16T18:53:03.881+0000] {processor.py:914} INFO - Processing file /opt/airflow/dags/weather_dag.py for tasks to queue
[2026-08-16T18:53:03.885+0000] {logging_mixin.py:190} INFO - [2026-08-16T18:53:03.884+0000] {dagbag.py:588} INFO - Filling up the DagBag from /opt/airflow/dags/weather_dag.py
[2026-08-16T18:53:03.896+0000] {processor.py:925} INFO - DAG(s) 'weather_ingestion' retrieved from /opt/airflow/dags/weather_dag.py
[2026-08-16T18:53:03.918+0000] {logging_mixin.py:190} INFO - [2026-08-16T18:53:03.917+0000] {dag.py:3239} INFO - Sync 1 DAGs
[2026-08-16T18:53:03.930+0000] {logging_mixin.py:190} INFO - [2026-08-16T18:53:03.930+0000] {dag.py:4180} INFO - Setting next_dagrun for weather_ingestion to 2026-08-16 18:00:00+00:00, run_after=2026-08-16 19:00:00+00:00
[2026-08-16T18:53:03.936+0000] {processor.py:208} INFO - Processing /opt/airflow/dags/weather_dag.py took 0.066 seconds
[2026-08-16T19:08:41.457+0000] {processor.py:186} INFO - Started process (PID=47965) to work on /opt/airflow/dags/weather_dag.py
[2026-08-16T19:08:41.458+0000] {processor.py:914} INFO - Processing file /opt/airflow/dags/weather_dag.py for tasks to queue
[2026-08-16T19:08:41.464+0000] {logging_mixin.py:190} INFO - [2026-08-16T19:08:41.464+0000] {dagbag.py:588} INFO - Filling up the DagBag from /opt/airflow/dags/weather_dag.py
[2026-08-16T19:08:41.487+0000] {processor.py:925} INFO - DAG(s) 'weather_ingestion' retrieved from /opt/airflow/dags/weather_dag.py
[2026-08-16T19:08:41.526+0000] {logging_mixin.py:190} INFO - [2026-08-16T19:08:41.526+0000] {dag.py:3239} INFO - Sync 1 DAGs
[2026-08-16T19:08:41.544+0000] {logging_mixin.py:190} INFO - [2026-08-16T19:08:41.544+0000] {dag.py:4180} INFO - Setting next_dagrun for weather_ingestion to 2026-08-16 19:00:00+00:00, run_after=2026-08-16 20:00:00+00:00
[2026-08-16T19:08:41.558+0000] {processor.py:208} INFO - Processing /opt/airflow/dags/weather_dag.py took 0.115 seconds
[2026-08-16T19:09:11.865+0000] {processor.py:186} INFO - Started process (PID=47974) to work on /opt/airflow/dags/weather_dag.py
[2026-08-16T19:09:11.868+0000] {processor.py:914} INFO - Processing file /opt/airflow/dags/weather_dag.py for tasks to queue
[2026-08-16T19:09:11.874+0000] {logging_mixin.py:190} INFO - [2026-08-16T19:09:11.873+0000] {dagbag.py:588} INFO - Filling up the DagBag from /opt/airflow/dags/weather_dag.py
[2026-08-16T19:09:11.913+0000] {processor.py:925} INFO - DAG(s) 'weather_ingestion' retrieved from /opt/airflow/dags/weather_dag.py
[2026-08-16T19:09:11.942+0000] {logging_mixin.py:190} INFO - [2026-08-16T19:09:11.942+0000] {dag.py:3239} INFO - Sync 1 DAGs
[2026-08-16T19:09:11.959+0000] {logging_mixin.py:190} INFO - [2026-08-16T19:09:11.959+0000] {dag.py:4180} INFO - Setting next_dagrun for weather_ingestion to 2026-08-16 19:00:00+00:00, run_after=2026-08-16 20:00:00+00:00
[2026-08-16T19:09:11.970+0000] {processor.py:208} INFO - Processing /opt/airflow/dags/weather_dag.py took 0.128 seconds
[2026-08-16T19:09:42.192+0000] {processor.py:186} INFO - Started process (PID=47979) to work on /opt/airflow/dags/weather_dag.py
[2026-08-16T19:09:42.193+0000] {processor.py:914} INFO - Processing file /opt/airflow/dags/weather_dag.py for tasks to queue
[2026-08-16T19:09:42.195+0000] {logging_mixin.py:190} INFO - [2026-08-16T19:09:42.195+0000] {dagbag.py:588} INFO - Filling up the DagBag from /opt/airflow/dags/weather_dag.py
[2026-08-16T19:09:42.205+0000] {processor.py:925} INFO - DAG(s) 'weather_ingestion' retrieved from /opt/airflow/dags/weather_dag.py
[2026-08-16T19:09:42.224+0000] {logging_mixin.py:190} INFO - [2026-08-16T19:09:42.224+0000] {dag.py:3239} INFO - Sync 1 DAGs
[2026-08-16T19:09:42.237+0000] {logging_mixin.py:190} INFO - [2026-08-16T19:09:42.237+0000] {dag.py:4180} INFO - Setting next_dagrun for weather_ingestion to 2026-08-16 19:00:00+00:00, run_after=2026-08-16 20:00:00+00:00
[2026-08-16T19:09:42.245+0000] {processor.py:208} INFO - Processing /opt/airflow/dags/weather_dag.py took 0.061 seconds
[2026-08-16T19:10:12.576+0000] {processor.py:186} INFO - Started process (PID=47984) to work on /opt/airflow/dags/weather_dag.py
[2026-08-16T19:10:12.578+0000] {processor.py:914} INFO - Processing file /opt/airflow/dags/weather_dag.py for tasks to queue
[2026-08-16T19:10:12.586+0000] {logging_mixin.py:190} INFO - [2026-08-16T19:10:12.584+0000] {dagbag.py:588} INFO - Filling up the DagBag from /opt/airflow/dags/weather_dag.py
[2026-08-16T19:10:12.634+0000] {processor.py:925} INFO - DAG(s) 'weather_ingestion' retrieved from /opt/airflow/dags/weather_dag.py
[2026-08-16T19:10:12.661+0000] {logging_mixin.py:190} INFO - [2026-08-16T19:10:12.661+0000] {dag.py:3239} INFO - Sync 1 DAGs
[2026-08-16T19:10:12.681+0000] {logging_mixin.py:190} INFO - [2026-08-16T19:10:12.680+0000] {dag.py:4180} INFO - Setting next_dagrun for weather_ingestion to 2026-08-16 19:00:00+00:00, run_after=2026-08-16 20:00:00+00:00
[2026-08-16T19:10:12.692+0000] {processor.py:208} INFO - Processing /opt/airflow/dags/weather_dag.py took 0.132 seconds
[2026-08-16T19:10:42.908+0000] {processor.py:186} INFO - Started process (PID=47989) to work on /opt/airflow/dags/weather_dag.py
[2026-08-16T19:10:42.910+0000] {processor.py:914} INFO - Processing file /opt/airflow/dags/weather_dag.py for tasks to queue
[2026-08-16T19:10:42.912+0000] {logging_mixin.py:190} INFO - [2026-08-16T19:10:42.912+0000] {dagbag.py:588} INFO - Filling up the DagBag from /opt/airflow/dags/weather_dag.py
[2026-08-16T19:10:42.923+0000] {processor.py:925} INFO - DAG(s) 'weather_ingestion' retrieved from /opt/airflow/dags/weather_dag.py
[2026-08-16T19:10:42.942+0000] {logging_mixin.py:190} INFO - [2026-08-16T19:10:42.942+0000] {dag.py:3239} INFO - Sync 1 DAGs
[2026-08-16T19:10:42.953+0000] {logging_mixin.py:190} INFO - [2026-08-16T19:10:42.953+0000] {dag.py:4180} INFO - Setting next_dagrun for weather_ingestion to 2026-08-16 19:00:00+00:00, run_after=2026-08-16 20:00:00+00:00
[2026-08-16T19:10:42.960+0000] {processor.py:208} INFO - Processing /opt/airflow/dags/weather_dag.py took 0.058 seconds
[2026-08-16T19:11:13.224+0000] {processor.py:186} INFO - Started process (PID=48379) to work on /opt/airflow/dags/weather_dag.py
[2026-08-16T19:11:13.225+0000] {processor.py:914} INFO - Processing file /opt/airflow/dags/weather_dag.py for tasks to queue
[2026-08-16T19:11:13.228+0000] {logging_mixin.py:190} INFO - [2026-08-16T19:11:13.228+0000] {dagbag.py:588} INFO - Filling up the DagBag from /opt/airflow/dags/weather_dag.py
[2026-08-16T19:11:13.253+0000] {processor.py:925} INFO - DAG(s) 'weather_ingestion' retrieved from /opt/airflow/dags/weather_dag.py
[2026-08-16T19:11:13.283+0000] {logging_mixin.py:190} INFO - [2026-08-16T19:11:13.283+0000] {dag.py:3239} INFO - Sync 1 DAGs
[2026-08-16T19:11:13.298+0000] {logging_mixin.py:190} INFO - [2026-08-16T19:11:13.298+0000] {dag.py:4180} INFO - Setting next_dagrun for weather_ingestion to 2026-08-16 19:00:00+00:00, run_after=2026-08-16 20:00:00+00:00
[2026-08-16T19:11:13.306+0000] {processor.py:208} INFO - Processing /opt/airflow/dags/weather_dag.py took 0.091 seconds
[2026-08-16T19:29:08.096+0000] {processor.py:186} INFO - Started process (PID=48384) to work on /opt/airflow/dags/weather_dag.py
[2026-08-16T19:29:08.097+0000] {processor.py:914} INFO - Processing file /opt/airflow/dags/weather_dag.py for tasks to queue
[2026-08-16T19:29:08.101+0000] {logging_mixin.py:190} INFO - [2026-08-16T19:29:08.100+0000] {dagbag.py:588} INFO - Filling up the DagBag from /opt/airflow/dags/weather_dag.py
[2026-08-16T19:29:08.124+0000] {processor.py:925} INFO - DAG(s) 'weather_ingestion' retrieved from /opt/airflow/dags/weather_dag.py
[2026-08-16T19:29:08.152+0000] {logging_mixin.py:190} INFO - [2026-08-16T19:29:08.152+0000] {dag.py:3239} INFO - Sync 1 DAGs
[2026-08-16T19:29:08.178+0000] {logging_mixin.py:190} INFO - [2026-08-16T19:29:08.177+0000] {dag.py:4180} INFO - Setting next_dagrun for weather_ingestion to 2026-08-16 19:00:00+00:00, run_after=2026-08-16 20:00:00+00:00
[2026-08-16T19:29:08.197+0000] {processor.py:208} INFO - Processing /opt/airflow/dags/weather_dag.py took 0.110 seconds
[2026-08-16T19:29:38.421+0000] {processor.py:186} INFO - Started process (PID=48389) to work on /opt/airflow/dags/weather_dag.py
[2026-08-16T19:29:38.424+0000] {processor.py:914} INFO - Processing file /opt/airflow/dags/weather_dag.py for tasks to queue
[2026-08-16T19:29:38.428+0000] {logging_mixin.py:190} INFO - [2026-08-16T19:29:38.428+0000] {dagbag.py:588} INFO - Filling up the DagBag from /opt/airflow/dags/weather_dag.py
[2026-08-16T19:29:38.448+0000] {processor.py:925} INFO - DAG(s) 'weather_ingestion' retrieved from /opt/airflow/dags/weather_dag.py
[2026-08-16T19:29:38.475+0000] {logging_mixin.py:190} INFO - [2026-08-16T19:29:38.475+0000] {dag.py:3239} INFO - Sync 1 DAGs
[2026-08-16T19:29:38.490+0000] {logging_mixin.py:190} INFO - [2026-08-16T19:29:38.490+0000] {dag.py:4180} INFO - Setting next_dagrun for weather_ingestion to 2026-08-16 19:00:00+00:00, run_after=2026-08-16 20:00:00+00:00
[2026-08-16T19:29:38.502+0000] {processor.py:208} INFO - Processing /opt/airflow/dags/weather_dag.py took 0.092 seconds
[2026-08-16T19:30:08.747+0000] {processor.py:186} INFO - Started process (PID=48394) to work on /opt/airflow/dags/weather_dag.py
[2026-08-16T19:30:08.749+0000] {processor.py:914} INFO - Processing file /opt/airflow/dags/weather_dag.py for tasks to queue
[2026-08-16T19:30:08.751+0000] {logging_mixin.py:190} INFO - [2026-08-16T19:30:08.751+0000] {dagbag.py:588} INFO - Filling up the DagBag from /opt/airflow/dags/weather_dag.py
[2026-08-16T19:30:08.762+0000] {processor.py:925} INFO - DAG(s) 'weather_ingestion' retrieved from /opt/airflow/dags/weather_dag.py
[2026-08-16T19:30:08.780+0000] {logging_mixin.py:190} INFO - [2026-08-16T19:30:08.780+0000] {dag.py:3239} INFO - Sync 1 DAGs
[2026-08-16T19:30:08.792+0000] {logging_mixin.py:190} INFO - [2026-08-16T19:30:08.792+0000] {dag.py:4180} INFO - Setting next_dagrun for weather_ingestion to 2026-08-16 19:00:00+00:00, run_after=2026-08-16 20:00:00+00:00
[2026-08-16T19:30:08.800+0000] {processor.py:208} INFO - Processing /opt/airflow/dags/weather_dag.py took 0.060 seconds
[2026-08-16T19:30:39.024+0000] {processor.py:186} INFO - Started process (PID=48399) to work on /opt/airflow/dags/weather_dag.py
[2026-08-16T19:30:39.025+0000] {processor.py:914} INFO - Processing file /opt/airflow/dags/weather_dag.py for tasks to queue
[2026-08-16T19:30:39.028+0000] {logging_mixin.py:190} INFO - [2026-08-16T19:30:39.027+0000] {dagbag.py:588} INFO - Filling up the DagBag from /opt/airflow/dags/weather_dag.py
[2026-08-16T19:30:39.038+0000] {processor.py:925} INFO - DAG(s) 'weather_ingestion' retrieved from /opt/airflow/dags/weather_dag.py
[2026-08-16T19:30:39.058+0000] {logging_mixin.py:190} INFO - [2026-08-16T19:30:39.058+0000] {dag.py:3239} INFO - Sync 1 DAGs
[2026-08-16T19:30:39.069+0000] {logging_mixin.py:190} INFO - [2026-08-16T19:30:39.069+0000] {dag.py:4180} INFO - Setting next_dagrun for weather_ingestion to 2026-08-16 19:00:00+00:00, run_after=2026-08-16 20:00:00+00:00
[2026-08-16T19:30:39.076+0000] {processor.py:208} INFO - Processing /opt/airflow/dags/weather_dag.py took 0.059 seconds
[2026-08-16T19:47:22.100+0000] {processor.py:186} INFO - Started process (PID=48404) to work on /opt/airflow/dags/weather_dag.py
[2026-08-16T19:47:22.102+0000] {processor.py:914} INFO - Processing file /opt/airflow/dags/weather_dag.py for tasks to queue
[2026-08-16T19:47:22.110+0000] {logging_mixin.py:190} INFO - [2026-08-16T19:47:22.110+0000] {dagbag.py:588} INFO - Filling up the DagBag from /opt/airflow/dags/weather_dag.py
[2026-08-16T19:47:22.129+0000] {processor.py:925} INFO - DAG(s) 'weather_ingestion' retrieved from /opt/airflow/dags/weather_dag.py
[2026-08-16T19:47:22.165+0000] {logging_mixin.py:190} INFO - [2026-08-16T19:47:22.165+0000] {dag.py:3239} INFO - Sync 1 DAGs
[2026-08-16T19:47:22.184+0000] {logging_mixin.py:190} INFO - [2026-08-16T19:47:22.184+0000] {dag.py:4180} INFO - Setting next_dagrun for weather_ingestion to 2026-08-16 19:00:00+00:00, run_after=2026-08-16 20:00:00+00:00
[2026-08-16T19:47:22.193+0000] {processor.py:208} INFO - Processing /opt/airflow/dags/weather_dag.py took 0.122 seconds
[2026-08-16T19:47:52.426+0000] {processor.py:186} INFO - Started process (PID=48409) to work on /opt/airflow/dags/weather_dag.py
[2026-08-16T19:47:52.430+0000] {processor.py:914} INFO - Processing file /opt/airflow/dags/weather_dag.py for tasks to queue
[2026-08-16T19:47:52.439+0000] {logging_mixin.py:190} INFO - [2026-08-16T19:47:52.438+0000] {dagbag.py:588} INFO - Filling up the DagBag from /opt/airflow/dags/weather_dag.py
[2026-08-16T19:47:52.458+0000] {processor.py:925} INFO - DAG(s) 'weather_ingestion' retrieved from /opt/airflow/dags/weather_dag.py
[2026-08-16T19:47:52.488+0000] {logging_mixin.py:190} INFO - [2026-08-16T19:47:52.488+0000] {dag.py:3239} INFO - Sync 1 DAGs
[2026-08-16T19:47:52.515+0000] {logging_mixin.py:190} INFO - [2026-08-16T19:47:52.515+0000] {dag.py:4180} INFO - Setting next_dagrun for weather_ingestion to 2026-08-16 19:00:00+00:00, run_after=2026-08-16 20:00:00+00:00
[2026-08-16T19:47:52.525+0000] {processor.py:208} INFO - Processing /opt/airflow/dags/weather_dag.py took 0.125 seconds
[2026-08-16T19:48:22.773+0000] {processor.py:186} INFO - Started process (PID=48414) to work on /opt/airflow/dags/weather_dag.py
[2026-08-16T19:48:22.775+0000] {processor.py:914} INFO - Processing file /opt/airflow/dags/weather_dag.py for tasks to queue
[2026-08-16T19:48:22.778+0000] {logging_mixin.py:190} INFO - [2026-08-16T19:48:22.777+0000] {dagbag.py:588} INFO - Filling up the DagBag from /opt/airflow/dags/weather_dag.py
[2026-08-16T19:48:22.789+0000] {processor.py:925} INFO - DAG(s) 'weather_ingestion' retrieved from /opt/airflow/dags/weather_dag.py
[2026-08-16T19:48:22.817+0000] {logging_mixin.py:190} INFO - [2026-08-16T19:48:22.817+0000] {dag.py:3239} INFO - Sync 1 DAGs
[2026-08-16T19:48:22.828+0000] {logging_mixin.py:190} INFO - [2026-08-16T19:48:22.828+0000] {dag.py:4180} INFO - Setting next_dagrun for weather_ingestion to 2026-08-16 19:00:00+00:00, run_after=2026-08-16 20:00:00+00:00
[2026-08-16T19:48:22.835+0000] {processor.py:208} INFO - Processing /opt/airflow/dags/weather_dag.py took 0.071 seconds
[2026-08-16T19:48:53.153+0000] {processor.py:186} INFO - Started process (PID=48419) to work on /opt/airflow/dags/weather_dag.py
[2026-08-16T19:48:53.156+0000] {processor.py:914} INFO - Processing file /opt/airflow/dags/weather_dag.py for tasks to queue
[2026-08-16T19:48:53.163+0000] {logging_mixin.py:190} INFO - [2026-08-16T19:48:53.162+0000] {dagbag.py:588} INFO - Filling up the DagBag from /opt/airflow/dags/weather_dag.py
[2026-08-16T19:48:53.237+0000] {processor.py:925} INFO - DAG(s) 'weather_ingestion' retrieved from /opt/airflow/dags/weather_dag.py
[2026-08-16T19:48:53.278+0000] {logging_mixin.py:190} INFO - [2026-08-16T19:48:53.278+0000] {dag.py:3239} INFO - Sync 1 DAGs
[2026-08-16T19:48:53.297+0000] {logging_mixin.py:190} INFO - [2026-08-16T19:48:53.297+0000] {dag.py:4180} INFO - Setting next_dagrun for weather_ingestion to 2026-08-16 19:00:00+00:00, run_after=2026-08-16 20:00:00+00:00
[2026-08-16T19:48:53.307+0000] {processor.py:208} INFO - Processing /opt/airflow/dags/weather_dag.py took 0.171 seconds
[2026-08-16T20:05:39.866+0000] {processor.py:186} INFO - Started process (PID=48424) to work on /opt/airflow/dags/weather_dag.py
[2026-08-16T20:05:39.870+0000] {processor.py:914} INFO - Processing file /opt/airflow/dags/weather_dag.py for tasks to queue
[2026-08-16T20:05:39.881+0000] {logging_mixin.py:190} INFO - [2026-08-16T20:05:39.879+0000] {dagbag.py:588} INFO - Filling up the DagBag from /opt/airflow/dags/weather_dag.py
[2026-08-16T20:05:39.961+0000] {processor.py:925} INFO - DAG(s) 'weather_ingestion' retrieved from /opt/airflow/dags/weather_dag.py
[2026-08-16T20:05:40.080+0000] {logging_mixin.py:190} INFO - [2026-08-16T20:05:40.078+0000] {dag.py:3239} INFO - Sync 1 DAGs
[2026-08-16T20:05:40.136+0000] {logging_mixin.py:190} INFO - [2026-08-16T20:05:40.136+0000] {dag.py:4180} INFO - Setting next_dagrun for weather_ingestion to 2026-08-16 20:00:00+00:00, run_after=2026-08-16 21:00:00+00:00
[2026-08-16T20:05:40.211+0000] {processor.py:208} INFO - Processing /opt/airflow/dags/weather_dag.py took 0.371 seconds
[2026-08-16T20:06:10.668+0000] {processor.py:186} INFO - Started process (PID=48434) to work on /opt/airflow/dags/weather_dag.py
[2026-08-16T20:06:10.669+0000] {processor.py:914} INFO - Processing file /opt/airflow/dags/weather_dag.py for tasks to queue
[2026-08-16T20:06:10.677+0000] {logging_mixin.py:190} INFO - [2026-08-16T20:06:10.676+0000] {dagbag.py:588} INFO - Filling up the DagBag from /opt/airflow/dags/weather_dag.py
[2026-08-16T20:06:10.707+0000] {processor.py:925} INFO - DAG(s) 'weather_ingestion' retrieved from /opt/airflow/dags/weather_dag.py
[2026-08-16T20:06:10.739+0000] {logging_mixin.py:190} INFO - [2026-08-16T20:06:10.739+0000] {dag.py:3239} INFO - Sync 1 DAGs
[2026-08-16T20:06:10.767+0000] {logging_mixin.py:190} INFO - [2026-08-16T20:06:10.766+0000] {dag.py:4180} INFO - Setting next_dagrun for weather_ingestion to 2026-08-16 20:00:00+00:00, run_after=2026-08-16 21:00:00+00:00
[2026-08-16T20:06:10.777+0000] {processor.py:208} INFO - Processing /opt/airflow/dags/weather_dag.py took 0.119 seconds
[2026-08-16T20:06:40.968+0000] {processor.py:186} INFO - Started process (PID=48439) to work on /opt/airflow/dags/weather_dag.py
[2026-08-16T20:06:40.970+0000] {processor.py:914} INFO - Processing file /opt/airflow/dags/weather_dag.py for tasks to queue
[2026-08-16T20:06:40.977+0000] {logging_mixin.py:190} INFO - [2026-08-16T20:06:40.976+0000] {dagbag.py:588} INFO - Filling up the DagBag from /opt/airflow/dags/weather_dag.py
[2026-08-16T20:06:40.994+0000] {processor.py:925} INFO - DAG(s) 'weather_ingestion' retrieved from /opt/airflow/dags/weather_dag.py
[2026-08-16T20:06:41.019+0000] {logging_mixin.py:190} INFO - [2026-08-16T20:06:41.019+0000] {dag.py:3239} INFO - Sync 1 DAGs
[2026-08-16T20:06:41.035+0000] {logging_mixin.py:190} INFO - [2026-08-16T20:06:41.035+0000] {dag.py:4180} INFO - Setting next_dagrun for weather_ingestion to 2026-08-16 20:00:00+00:00, run_after=2026-08-16 21:00:00+00:00
[2026-08-16T20:06:41.043+0000] {processor.py:208} INFO - Processing /opt/airflow/dags/weather_dag.py took 0.089 seconds
[2026-08-16T20:07:11.223+0000] {processor.py:186} INFO - Started process (PID=48444) to work on /opt/airflow/dags/weather_dag.py
[2026-08-16T20:07:11.225+0000] {processor.py:914} INFO - Processing file /opt/airflow/dags/weather_dag.py for tasks to queue
[2026-08-16T20:07:11.227+0000] {logging_mixin.py:190} INFO - [2026-08-16T20:07:11.226+0000] {dagbag.py:588} INFO - Filling up the DagBag from /opt/airflow/dags/weather_dag.py
[2026-08-16T20:07:11.235+0000] {processor.py:925} INFO - DAG(s) 'weather_ingestion' retrieved from /opt/airflow/dags/weather_dag.py
[2026-08-16T20:07:11.255+0000] {logging_mixin.py:190} INFO - [2026-08-16T20:07:11.255+0000] {dag.py:3239} INFO - Sync 1 DAGs
[2026-08-16T20:07:11.269+0000] {logging_mixin.py:190} INFO - [2026-08-16T20:07:11.269+0000] {dag.py:4180} INFO - Setting next_dagrun for weather_ingestion to 2026-08-16 20:00:00+00:00, run_after=2026-08-16 21:00:00+00:00
[2026-08-16T20:07:11.278+0000] {processor.py:208} INFO - Processing /opt/airflow/dags/weather_dag.py took 0.060 seconds
[2026-08-16T20:07:41.544+0000] {processor.py:186} INFO - Started process (PID=48449) to work on /opt/airflow/dags/weather_dag.py
[2026-08-16T20:07:41.546+0000] {processor.py:914} INFO - Processing file /opt/airflow/dags/weather_dag.py for tasks to queue
[2026-08-16T20:07:41.549+0000] {logging_mixin.py:190} INFO - [2026-08-16T20:07:41.549+0000] {dagbag.py:588} INFO - Filling up the DagBag from /opt/airflow/dags/weather_dag.py
[2026-08-16T20:07:41.565+0000] {processor.py:925} INFO - DAG(s) 'weather_ingestion' retrieved from /opt/airflow/dags/weather_dag.py
[2026-08-16T20:07:41.590+0000] {logging_mixin.py:190} INFO - [2026-08-16T20:07:41.590+0000] {dag.py:3239} INFO - Sync 1 DAGs
[2026-08-16T20:07:41.606+0000] {logging_mixin.py:190} INFO - [2026-08-16T20:07:41.606+0000] {dag.py:4180} INFO - Setting next_dagrun for weather_ingestion to 2026-08-16 20:00:00+00:00, run_after=2026-08-16 21:00:00+00:00
[2026-08-16T20:07:41.616+0000] {processor.py:208} INFO - Processing /opt/airflow/dags/weather_dag.py took 0.080 seconds
[2026-08-16T20:15:29.882+0000] {processor.py:186} INFO - Started process (PID=48462) to work on /opt/airflow/dags/weather_dag.py
[2026-08-16T20:15:29.883+0000] {processor.py:914} INFO - Processing file /opt/airflow/dags/weather_dag.py for tasks to queue
[2026-08-16T20:15:29.886+0000] {logging_mixin.py:190} INFO - [2026-08-16T20:15:29.885+0000] {dagbag.py:588} INFO - Filling up the DagBag from /opt/airflow/dags/weather_dag.py
[2026-08-16T20:15:29.904+0000] {processor.py:925} INFO - DAG(s) 'weather_ingestion' retrieved from /opt/airflow/dags/weather_dag.py
[2026-08-16T20:15:29.926+0000] {logging_mixin.py:190} INFO - [2026-08-16T20:15:29.926+0000] {dag.py:3239} INFO - Sync 1 DAGs
[2026-08-16T20:15:29.942+0000] {logging_mixin.py:190} INFO - [2026-08-16T20:15:29.942+0000] {dag.py:4180} INFO - Setting next_dagrun for weather_ingestion to 2026-08-16 20:00:00+00:00, run_after=2026-08-16 21:00:00+00:00
[2026-08-16T20:15:29.956+0000] {processor.py:208} INFO - Processing /opt/airflow/dags/weather_dag.py took 0.080 seconds
[2026-08-16T20:16:00.316+0000] {processor.py:186} INFO - Started process (PID=48469) to work on /opt/airflow/dags/weather_dag.py
[2026-08-16T20:16:00.318+0000] {processor.py:914} INFO - Processing file /opt/airflow/dags/weather_dag.py for tasks to queue
[2026-08-16T20:16:00.322+0000] {logging_mixin.py:190} INFO - [2026-08-16T20:16:00.321+0000] {dagbag.py:588} INFO - Filling up the DagBag from /opt/airflow/dags/weather_dag.py
[2026-08-16T20:16:00.336+0000] {processor.py:925} INFO - DAG(s) 'weather_ingestion' retrieved from /opt/airflow/dags/weather_dag.py
[2026-08-16T20:16:00.360+0000] {logging_mixin.py:190} INFO - [2026-08-16T20:16:00.360+0000] {dag.py:3239} INFO - Sync 1 DAGs
[2026-08-16T20:16:00.374+0000] {logging_mixin.py:190} INFO - [2026-08-16T20:16:00.374+0000] {dag.py:4180} INFO - Setting next_dagrun for weather_ingestion to 2026-08-16 20:00:00+00:00, run_after=2026-08-16 21:00:00+00:00
[2026-08-16T20:16:00.381+0000] {processor.py:208} INFO - Processing /opt/airflow/dags/weather_dag.py took 0.075 seconds
[2026-08-16T20:16:30.710+0000] {processor.py:186} INFO - Started process (PID=48474) to work on /opt/airflow/dags/weather_dag.py
[2026-08-16T20:16:30.713+0000] {processor.py:914} INFO - Processing file /opt/airflow/dags/weather_dag.py for tasks to queue
[2026-08-16T20:16:30.719+0000] {logging_mixin.py:190} INFO - [2026-08-16T20:16:30.718+0000] {dagbag.py:588} INFO - Filling up the DagBag from /opt/airflow/dags/weather_dag.py
[2026-08-16T20:16:30.743+0000] {processor.py:925} INFO - DAG(s) 'weather_ingestion' retrieved from /opt/airflow/dags/weather_dag.py
[2026-08-16T20:16:30.769+0000] {logging_mixin.py:190} INFO - [2026-08-16T20:16:30.769+0000] {dag.py:3239} INFO - Sync 1 DAGs
[2026-08-16T20:16:30.785+0000] {logging_mixin.py:190} INFO - [2026-08-16T20:16:30.785+0000] {dag.py:4180} INFO - Setting next_dagrun for weather_ingestion to 2026-08-16 20:00:00+00:00, run_after=2026-08-16 21:00:00+00:00
[2026-08-16T20:16:30.795+0000] {processor.py:208} INFO - Processing /opt/airflow/dags/weather_dag.py took 0.098 seconds
[2026-08-16T20:17:01.069+0000] {processor.py:186} INFO - Started process (PID=48479) to work on /opt/airflow/dags/weather_dag.py
[2026-08-16T20:17:01.072+0000] {processor.py:914} INFO - Processing file /opt/airflow/dags/weather_dag.py for tasks to queue
[2026-08-16T20:17:01.076+0000] {logging_mixin.py:190} INFO - [2026-08-16T20:17:01.076+0000] {dagbag.py:588} INFO - Filling up the DagBag from /opt/airflow/dags/weather_dag.py
[2026-08-16T20:17:01.103+0000] {processor.py:925} INFO - DAG(s) 'weather_ingestion' retrieved from /opt/airflow/dags/weather_dag.py
[2026-08-16T20:17:01.140+0000] {logging_mixin.py:190} INFO - [2026-08-16T20:17:01.139+0000] {dag.py:3239} INFO - Sync 1 DAGs
[2026-08-16T20:17:01.158+0000] {logging_mixin.py:190} INFO - [2026-08-16T20:17:01.158+0000] {dag.py:4180} INFO - Setting next_dagrun for weather_ingestion to 2026-08-16 20:00:00+00:00, run_after=2026-08-16 21:00:00+00:00
[2026-08-16T20:17:01.168+0000] {processor.py:208} INFO - Processing /opt/airflow/dags/weather_dag.py took 0.111 seconds
[2026-08-16T20:33:28.907+0000] {processor.py:186} INFO - Started process (PID=48485) to work on /opt/airflow/dags/weather_dag.py
[2026-08-16T20:33:28.909+0000] {processor.py:914} INFO - Processing file /opt/airflow/dags/weather_dag.py for tasks to queue
[2026-08-16T20:33:28.917+0000] {logging_mixin.py:190} INFO - [2026-08-16T20:33:28.916+0000] {dagbag.py:588} INFO - Filling up the DagBag from /opt/airflow/dags/weather_dag.py
[2026-08-16T20:33:28.937+0000] {processor.py:925} INFO - DAG(s) 'weather_ingestion' retrieved from /opt/airflow/dags/weather_dag.py
[2026-08-16T20:33:28.978+0000] {logging_mixin.py:190} INFO - [2026-08-16T20:33:28.978+0000] {dag.py:3239} INFO - Sync 1 DAGs
[2026-08-16T20:33:29.001+0000] {logging_mixin.py:190} INFO - [2026-08-16T20:33:29.001+0000] {dag.py:4180} INFO - Setting next_dagrun for weather_ingestion to 2026-08-16 20:00:00+00:00, run_after=2026-08-16 21:00:00+00:00
[2026-08-16T20:33:29.014+0000] {processor.py:208} INFO - Processing /opt/airflow/dags/weather_dag.py took 0.118 seconds
[2026-08-16T20:33:59.310+0000] {processor.py:186} INFO - Started process (PID=48494) to work on /opt/airflow/dags/weather_dag.py
[2026-08-16T20:33:59.312+0000] {processor.py:914} INFO - Processing file /opt/airflow/dags/weather_dag.py for tasks to queue
[2026-08-16T20:33:59.318+0000] {logging_mixin.py:190} INFO - [2026-08-16T20:33:59.318+0000] {dagbag.py:588} INFO - Filling up the DagBag from /opt/airflow/dags/weather_dag.py
[2026-08-16T20:33:59.367+0000] {processor.py:925} INFO - DAG(s) 'weather_ingestion' retrieved from /opt/airflow/dags/weather_dag.py
[2026-08-16T20:33:59.401+0000] {logging_mixin.py:190} INFO - [2026-08-16T20:33:59.401+0000] {dag.py:3239} INFO - Sync 1 DAGs
[2026-08-16T20:33:59.421+0000] {logging_mixin.py:190} INFO - [2026-08-16T20:33:59.421+0000] {dag.py:4180} INFO - Setting next_dagrun for weather_ingestion to 2026-08-16 20:00:00+00:00, run_after=2026-08-16 21:00:00+00:00
[2026-08-16T20:33:59.431+0000] {processor.py:208} INFO - Processing /opt/airflow/dags/weather_dag.py took 0.132 seconds
[2026-08-16T20:34:29.588+0000] {processor.py:186} INFO - Started process (PID=48499) to work on /opt/airflow/dags/weather_dag.py
[2026-08-16T20:34:29.589+0000] {processor.py:914} INFO - Processing file /opt/airflow/dags/weather_dag.py for tasks to queue
[2026-08-16T20:34:29.592+0000] {logging_mixin.py:190} INFO - [2026-08-16T20:34:29.592+0000] {dagbag.py:588} INFO - Filling up the DagBag from /opt/airflow/dags/weather_dag.py
[2026-08-16T20:34:29.602+0000] {processor.py:925} INFO - DAG(s) 'weather_ingestion' retrieved from /opt/airflow/dags/weather_dag.py
[2026-08-16T20:34:29.619+0000] {logging_mixin.py:190} INFO - [2026-08-16T20:34:29.618+0000] {dag.py:3239} INFO - Sync 1 DAGs
[2026-08-16T20:34:29.635+0000] {logging_mixin.py:190} INFO - [2026-08-16T20:34:29.635+0000] {dag.py:4180} INFO - Setting next_dagrun for weather_ingestion to 2026-08-16 20:00:00+00:00, run_after=2026-08-16 21:00:00+00:00
[2026-08-16T20:34:29.644+0000] {processor.py:208} INFO - Processing /opt/airflow/dags/weather_dag.py took 0.063 seconds
[2026-08-16T20:34:59.847+0000] {processor.py:186} INFO - Started process (PID=48504) to work on /opt/airflow/dags/weather_dag.py
[2026-08-16T20:34:59.849+0000] {processor.py:914} INFO - Processing file /opt/airflow/dags/weather_dag.py for tasks to queue
[2026-08-16T20:34:59.852+0000] {logging_mixin.py:190} INFO - [2026-08-16T20:34:59.852+0000] {dagbag.py:588} INFO - Filling up the DagBag from /opt/airflow/dags/weather_dag.py
[2026-08-16T20:34:59.866+0000] {processor.py:925} INFO - DAG(s) 'weather_ingestion' retrieved from /opt/airflow/dags/weather_dag.py
[2026-08-16T20:34:59.887+0000] {logging_mixin.py:190} INFO - [2026-08-16T20:34:59.887+0000] {dag.py:3239} INFO - Sync 1 DAGs
[2026-08-16T20:34:59.907+0000] {logging_mixin.py:190} INFO - [2026-08-16T20:34:59.907+0000] {dag.py:4180} INFO - Setting next_dagrun for weather_ingestion to 2026-08-16 20:00:00+00:00, run_after=2026-08-16 21:00:00+00:00
[2026-08-16T20:34:59.923+0000] {processor.py:208} INFO - Processing /opt/airflow/dags/weather_dag.py took 0.084 seconds
[2026-08-16T20:35:30.193+0000] {processor.py:186} INFO - Started process (PID=48509) to work on /opt/airflow/dags/weather_dag.py
[2026-08-16T20:35:30.195+0000] {processor.py:914} INFO - Processing file /opt/airflow/dags/weather_dag.py for tasks to queue
[2026-08-16T20:35:30.197+0000] {logging_mixin.py:190} INFO - [2026-08-16T20:35:30.197+0000] {dagbag.py:588} INFO - Filling up the DagBag from /opt/airflow/dags/weather_dag.py
[2026-08-16T20:35:30.207+0000] {processor.py:925} INFO - DAG(s) 'weather_ingestion' retrieved from /opt/airflow/dags/weather_dag.py
[2026-08-16T20:35:30.226+0000] {logging_mixin.py:190} INFO - [2026-08-16T20:35:30.226+0000] {dag.py:3239} INFO - Sync 1 DAGs
[2026-08-16T20:35:30.237+0000] {logging_mixin.py:190} INFO - [2026-08-16T20:35:30.237+0000] {dag.py:4180} INFO - Setting next_dagrun for weather_ingestion to 2026-08-16 20:00:00+00:00, run_after=2026-08-16 21:00:00+00:00
[2026-08-16T20:35:30.245+0000] {processor.py:208} INFO - Processing /opt/airflow/dags/weather_dag.py took 0.063 seconds
[2026-08-16T20:51:03.766+0000] {processor.py:186} INFO - Started process (PID=48514) to work on /opt/airflow/dags/weather_dag.py
[2026-08-16T20:51:03.767+0000] {processor.py:914} INFO - Processing file /opt/airflow/dags/weather_dag.py for tasks to queue
[2026-08-16T20:51:03.774+0000] {logging_mixin.py:190} INFO - [2026-08-16T20:51:03.773+0000] {dagbag.py:588} INFO - Filling up the DagBag from /opt/airflow/dags/weather_dag.py
[2026-08-16T20:51:03.793+0000] {processor.py:925} INFO - DAG(s) 'weather_ingestion' retrieved from /opt/airflow/dags/weather_dag.py
[2026-08-16T20:51:03.819+0000] {logging_mixin.py:190} INFO - [2026-08-16T20:51:03.819+0000] {dag.py:3239} INFO - Sync 1 DAGs
[2026-08-16T20:51:03.850+0000] {logging_mixin.py:190} INFO - [2026-08-16T20:51:03.850+0000] {dag.py:4180} INFO - Setting next_dagrun for weather_ingestion to 2026-08-16 20:00:00+00:00, run_after=2026-08-16 21:00:00+00:00
[2026-08-16T20:51:03.859+0000] {processor.py:208} INFO - Processing /opt/airflow/dags/weather_dag.py took 0.102 seconds
[2026-08-16T20:51:34.168+0000] {processor.py:186} INFO - Started process (PID=48519) to work on /opt/airflow/dags/weather_dag.py
[2026-08-16T20:51:34.169+0000] {processor.py:914} INFO - Processing file /opt/airflow/dags/weather_dag.py for tasks to queue
[2026-08-16T20:51:34.173+0000] {logging_mixin.py:190} INFO - [2026-08-16T20:51:34.173+0000] {dagbag.py:588} INFO - Filling up the DagBag from /opt/airflow/dags/weather_dag.py
[2026-08-16T20:51:34.191+0000] {processor.py:925} INFO - DAG(s) 'weather_ingestion' retrieved from /opt/airflow/dags/weather_dag.py
[2026-08-16T20:51:34.220+0000] {logging_mixin.py:190} INFO - [2026-08-16T20:51:34.220+0000] {dag.py:3239} INFO - Sync 1 DAGs
[2026-08-16T20:51:34.266+0000] {logging_mixin.py:190} INFO - [2026-08-16T20:51:34.266+0000] {dag.py:4180} INFO - Setting next_dagrun for weather_ingestion to 2026-08-16 20:00:00+00:00, run_after=2026-08-16 21:00:00+00:00
[2026-08-16T20:51:34.275+0000] {processor.py:208} INFO - Processing /opt/airflow/dags/weather_dag.py took 0.132 seconds
[2026-08-16T20:52:04.501+0000] {processor.py:186} INFO - Started process (PID=48524) to work on /opt/airflow/dags/weather_dag.py
[2026-08-16T20:52:04.503+0000] {processor.py:914} INFO - Processing file /opt/airflow/dags/weather_dag.py for tasks to queue
[2026-08-16T20:52:04.507+0000] {logging_mixin.py:190} INFO - [2026-08-16T20:52:04.507+0000] {dagbag.py:588} INFO - Filling up the DagBag from /opt/airflow/dags/weather_dag.py
[2026-08-16T20:52:04.519+0000] {processor.py:925} INFO - DAG(s) 'weather_ingestion' retrieved from /opt/airflow/dags/weather_dag.py
[2026-08-16T20:52:04.537+0000] {logging_mixin.py:190} INFO - [2026-08-16T20:52:04.537+0000] {dag.py:3239} INFO - Sync 1 DAGs
[2026-08-16T20:52:04.548+0000] {logging_mixin.py:190} INFO - [2026-08-16T20:52:04.548+0000] {dag.py:4180} INFO - Setting next_dagrun for weather_ingestion to 2026-08-16 20:00:00+00:00, run_after=2026-08-16 21:00:00+00:00
[2026-08-16T20:52:04.555+0000] {processor.py:208} INFO - Processing /opt/airflow/dags/weather_dag.py took 0.061 seconds
[2026-08-16T20:52:34.917+0000] {processor.py:186} INFO - Started process (PID=48529) to work on /opt/airflow/dags/weather_dag.py
[2026-08-16T20:52:34.919+0000] {processor.py:914} INFO - Processing file /opt/airflow/dags/weather_dag.py for tasks to queue
[2026-08-16T20:52:34.923+0000] {logging_mixin.py:190} INFO - [2026-08-16T20:52:34.922+0000] {dagbag.py:588} INFO - Filling up the DagBag from /opt/airflow/dags/weather_dag.py
[2026-08-16T20:52:34.942+0000] {processor.py:925} INFO - DAG(s) 'weather_ingestion' retrieved from /opt/airflow/dags/weather_dag.py
[2026-08-16T20:52:34.968+0000] {logging_mixin.py:190} INFO - [2026-08-16T20:52:34.967+0000] {dag.py:3239} INFO - Sync 1 DAGs
[2026-08-16T20:52:34.986+0000] {logging_mixin.py:190} INFO - [2026-08-16T20:52:34.986+0000] {dag.py:4180} INFO - Setting next_dagrun for weather_ingestion to 2026-08-16 20:00:00+00:00, run_after=2026-08-16 21:00:00+00:00
[2026-08-16T20:52:34.993+0000] {processor.py:208} INFO - Processing /opt/airflow/dags/weather_dag.py took 0.087 seconds
[2026-08-16T21:09:38.679+0000] {processor.py:186} INFO - Started process (PID=48534) to work on /opt/airflow/dags/weather_dag.py
[2026-08-16T21:09:38.681+0000] {processor.py:914} INFO - Processing file /opt/airflow/dags/weather_dag.py for tasks to queue
[2026-08-16T21:09:38.692+0000] {logging_mixin.py:190} INFO - [2026-08-16T21:09:38.688+0000] {dagbag.py:588} INFO - Filling up the DagBag from /opt/airflow/dags/weather_dag.py
[2026-08-16T21:09:38.729+0000] {processor.py:925} INFO - DAG(s) 'weather_ingestion' retrieved from /opt/airflow/dags/weather_dag.py
[2026-08-16T21:09:38.783+0000] {logging_mixin.py:190} INFO - [2026-08-16T21:09:38.783+0000] {dag.py:3239} INFO - Sync 1 DAGs
[2026-08-16T21:09:38.831+0000] {logging_mixin.py:190} INFO - [2026-08-16T21:09:38.830+0000] {dag.py:4180} INFO - Setting next_dagrun for weather_ingestion to 2026-08-16 20:00:00+00:00, run_after=2026-08-16 21:00:00+00:00
[2026-08-16T21:09:38.862+0000] {processor.py:208} INFO - Processing /opt/airflow/dags/weather_dag.py took 0.199 seconds
[2026-08-16T21:10:09.624+0000] {processor.py:186} INFO - Started process (PID=48544) to work on /opt/airflow/dags/weather_dag.py
[2026-08-16T21:10:09.627+0000] {processor.py:914} INFO - Processing file /opt/airflow/dags/weather_dag.py for tasks to queue
[2026-08-16T21:10:09.634+0000] {logging_mixin.py:190} INFO - [2026-08-16T21:10:09.633+0000] {dagbag.py:588} INFO - Filling up the DagBag from /opt/airflow/dags/weather_dag.py
[2026-08-16T21:10:09.693+0000] {processor.py:925} INFO - DAG(s) 'weather_ingestion' retrieved from /opt/airflow/dags/weather_dag.py
[2026-08-16T21:10:09.755+0000] {logging_mixin.py:190} INFO - [2026-08-16T21:10:09.755+0000] {dag.py:3239} INFO - Sync 1 DAGs
[2026-08-16T21:10:09.774+0000] {logging_mixin.py:190} INFO - [2026-08-16T21:10:09.774+0000] {dag.py:4180} INFO - Setting next_dagrun for weather_ingestion to 2026-08-16 21:00:00+00:00, run_after=2026-08-16 22:00:00+00:00
[2026-08-16T21:10:09.787+0000] {processor.py:208} INFO - Processing /opt/airflow/dags/weather_dag.py took 0.178 seconds
[2026-08-16T21:10:40.123+0000] {processor.py:186} INFO - Started process (PID=48549) to work on /opt/airflow/dags/weather_dag.py
[2026-08-16T21:10:40.124+0000] {processor.py:914} INFO - Processing file /opt/airflow/dags/weather_dag.py for tasks to queue
[2026-08-16T21:10:40.127+0000] {logging_mixin.py:190} INFO - [2026-08-16T21:10:40.127+0000] {dagbag.py:588} INFO - Filling up the DagBag from /opt/airflow/dags/weather_dag.py
[2026-08-16T21:10:40.137+0000] {processor.py:925} INFO - DAG(s) 'weather_ingestion' retrieved from /opt/airflow/dags/weather_dag.py
[2026-08-16T21:10:40.161+0000] {logging_mixin.py:190} INFO - [2026-08-16T21:10:40.161+0000] {dag.py:3239} INFO - Sync 1 DAGs
[2026-08-16T21:10:40.173+0000] {logging_mixin.py:190} INFO - [2026-08-16T21:10:40.173+0000] {dag.py:4180} INFO - Setting next_dagrun for weather_ingestion to 2026-08-16 21:00:00+00:00, run_after=2026-08-16 22:00:00+00:00
[2026-08-16T21:10:40.180+0000] {processor.py:208} INFO - Processing /opt/airflow/dags/weather_dag.py took 0.063 seconds
[2026-08-16T21:11:10.436+0000] {processor.py:186} INFO - Started process (PID=48554) to work on /opt/airflow/dags/weather_dag.py
[2026-08-16T21:11:10.437+0000] {processor.py:914} INFO - Processing file /opt/airflow/dags/weather_dag.py for tasks to queue
[2026-08-16T21:11:10.440+0000] {logging_mixin.py:190} INFO - [2026-08-16T21:11:10.440+0000] {dagbag.py:588} INFO - Filling up the DagBag from /opt/airflow/dags/weather_dag.py
[2026-08-16T21:11:10.455+0000] {processor.py:925} INFO - DAG(s) 'weather_ingestion' retrieved from /opt/airflow/dags/weather_dag.py
[2026-08-16T21:11:10.479+0000] {logging_mixin.py:190} INFO - [2026-08-16T21:11:10.478+0000] {dag.py:3239} INFO - Sync 1 DAGs
[2026-08-16T21:11:10.495+0000] {logging_mixin.py:190} INFO - [2026-08-16T21:11:10.495+0000] {dag.py:4180} INFO - Setting next_dagrun for weather_ingestion to 2026-08-16 21:00:00+00:00, run_after=2026-08-16 22:00:00+00:00
[2026-08-16T21:11:10.507+0000] {processor.py:208} INFO - Processing /opt/airflow/dags/weather_dag.py took 0.080 seconds
[2026-08-16T21:11:40.765+0000] {processor.py:186} INFO - Started process (PID=48559) to work on /opt/airflow/dags/weather_dag.py
[2026-08-16T21:11:40.766+0000] {processor.py:914} INFO - Processing file /opt/airflow/dags/weather_dag.py for tasks to queue
[2026-08-16T21:11:40.768+0000] {logging_mixin.py:190} INFO - [2026-08-16T21:11:40.768+0000] {dagbag.py:588} INFO - Filling up the DagBag from /opt/airflow/dags/weather_dag.py
[2026-08-16T21:11:40.776+0000] {processor.py:925} INFO - DAG(s) 'weather_ingestion' retrieved from /opt/airflow/dags/weather_dag.py
[2026-08-16T21:11:40.794+0000] {logging_mixin.py:190} INFO - [2026-08-16T21:11:40.794+0000] {dag.py:3239} INFO - Sync 1 DAGs
[2026-08-16T21:11:40.807+0000] {logging_mixin.py:190} INFO - [2026-08-16T21:11:40.807+0000] {dag.py:4180} INFO - Setting next_dagrun for weather_ingestion to 2026-08-16 21:00:00+00:00, run_after=2026-08-16 22:00:00+00:00
[2026-08-16T21:11:40.814+0000] {processor.py:208} INFO - Processing /opt/airflow/dags/weather_dag.py took 0.054 seconds
[2026-08-16T21:12:11.001+0000] {processor.py:186} INFO - Started process (PID=48919) to work on /opt/airflow/dags/weather_dag.py
[2026-08-16T21:12:11.001+0000] {processor.py:914} INFO - Processing file /opt/airflow/dags/weather_dag.py for tasks to queue
[2026-08-16T21:12:11.003+0000] {logging_mixin.py:190} INFO - [2026-08-16T21:12:11.002+0000] {dagbag.py:588} INFO - Filling up the DagBag from /opt/airflow/dags/weather_dag.py
[2026-08-16T21:12:11.010+0000] {processor.py:925} INFO - DAG(s) 'weather_ingestion' retrieved from /opt/airflow/dags/weather_dag.py
[2026-08-16T21:12:11.048+0000] {logging_mixin.py:190} INFO - [2026-08-16T21:12:11.048+0000] {dag.py:3239} INFO - Sync 1 DAGs
[2026-08-16T21:12:11.062+0000] {logging_mixin.py:190} INFO - [2026-08-16T21:12:11.062+0000] {dag.py:4180} INFO - Setting next_dagrun for weather_ingestion to 2026-08-16 21:00:00+00:00, run_after=2026-08-16 22:00:00+00:00
[2026-08-16T21:12:11.070+0000] {processor.py:208} INFO - Processing /opt/airflow/dags/weather_dag.py took 0.074 seconds
[2026-08-16T21:16:27.677+0000] {processor.py:186} INFO - Started process (PID=48968) to work on /opt/airflow/dags/weather_dag.py
[2026-08-16T21:16:27.678+0000] {processor.py:914} INFO - Processing file /opt/airflow/dags/weather_dag.py for tasks to queue
[2026-08-16T21:16:27.680+0000] {logging_mixin.py:190} INFO - [2026-08-16T21:16:27.680+0000] {dagbag.py:588} INFO - Filling up the DagBag from /opt/airflow/dags/weather_dag.py
[2026-08-16T21:16:27.692+0000] {processor.py:925} INFO - DAG(s) 'weather_ingestion' retrieved from /opt/airflow/dags/weather_dag.py
[2026-08-16T21:16:27.713+0000] {logging_mixin.py:190} INFO - [2026-08-16T21:16:27.713+0000] {dag.py:3239} INFO - Sync 1 DAGs
[2026-08-16T21:16:27.726+0000] {logging_mixin.py:190} INFO - [2026-08-16T21:16:27.726+0000] {dag.py:4180} INFO - Setting next_dagrun for weather_ingestion to 2026-08-16 21:00:00+00:00, run_after=2026-08-16 22:00:00+00:00
[2026-08-16T21:16:27.734+0000] {processor.py:208} INFO - Processing /opt/airflow/dags/weather_dag.py took 0.064 seconds
[2026-08-16T21:16:57.968+0000] {processor.py:186} INFO - Started process (PID=48973) to work on /opt/airflow/dags/weather_dag.py
[2026-08-16T21:16:57.970+0000] {processor.py:914} INFO - Processing file /opt/airflow/dags/weather_dag.py for tasks to queue
[2026-08-16T21:16:57.974+0000] {logging_mixin.py:190} INFO - [2026-08-16T21:16:57.973+0000] {dagbag.py:588} INFO - Filling up the DagBag from /opt/airflow/dags/weather_dag.py
[2026-08-16T21:16:57.990+0000] {processor.py:925} INFO - DAG(s) 'weather_ingestion' retrieved from /opt/airflow/dags/weather_dag.py
[2026-08-16T21:16:58.015+0000] {logging_mixin.py:190} INFO - [2026-08-16T21:16:58.015+0000] {dag.py:3239} INFO - Sync 1 DAGs
[2026-08-16T21:16:58.028+0000] {logging_mixin.py:190} INFO - [2026-08-16T21:16:58.028+0000] {dag.py:4180} INFO - Setting next_dagrun for weather_ingestion to 2026-08-16 21:00:00+00:00, run_after=2026-08-16 22:00:00+00:00
[2026-08-16T21:16:58.036+0000] {processor.py:208} INFO - Processing /opt/airflow/dags/weather_dag.py took 0.080 seconds
[2026-08-16T21:17:28.277+0000] {processor.py:186} INFO - Started process (PID=48978) to work on /opt/airflow/dags/weather_dag.py
[2026-08-16T21:17:28.278+0000] {processor.py:914} INFO - Processing file /opt/airflow/dags/weather_dag.py for tasks to queue
[2026-08-16T21:17:28.280+0000] {logging_mixin.py:190} INFO - [2026-08-16T21:17:28.280+0000] {dagbag.py:588} INFO - Filling up the DagBag from /opt/airflow/dags/weather_dag.py
[2026-08-16T21:17:28.290+0000] {processor.py:925} INFO - DAG(s) 'weather_ingestion' retrieved from /opt/airflow/dags/weather_dag.py
[2026-08-16T21:17:28.307+0000] {logging_mixin.py:190} INFO - [2026-08-16T21:17:28.307+0000] {dag.py:3239} INFO - Sync 1 DAGs
[2026-08-16T21:17:28.319+0000] {logging_mixin.py:190} INFO - [2026-08-16T21:17:28.319+0000] {dag.py:4180} INFO - Setting next_dagrun for weather_ingestion to 2026-08-16 21:00:00+00:00, run_after=2026-08-16 22:00:00+00:00
[2026-08-16T21:17:28.326+0000] {processor.py:208} INFO - Processing /opt/airflow/dags/weather_dag.py took 0.057 seconds
[2026-08-16T21:17:58.585+0000] {processor.py:186} INFO - Started process (PID=48983) to work on /opt/airflow/dags/weather_dag.py
[2026-08-16T21:17:58.586+0000] {processor.py:914} INFO - Processing file /opt/airflow/dags/weather_dag.py for tasks to queue
[2026-08-16T21:17:58.588+0000] {logging_mixin.py:190} INFO - [2026-08-16T21:17:58.587+0000] {dagbag.py:588} INFO - Filling up the DagBag from /opt/airflow/dags/weather_dag.py
[2026-08-16T21:17:58.602+0000] {processor.py:925} INFO - DAG(s) 'weather_ingestion' retrieved from /opt/airflow/dags/weather_dag.py
[2026-08-16T21:17:58.624+0000] {logging_mixin.py:190} INFO - [2026-08-16T21:17:58.624+0000] {dag.py:3239} INFO - Sync 1 DAGs
[2026-08-16T21:17:58.638+0000] {logging_mixin.py:190} INFO - [2026-08-16T21:17:58.638+0000] {dag.py:4180} INFO - Setting next_dagrun for weather_ingestion to 2026-08-16 21:00:00+00:00, run_after=2026-08-16 22:00:00+00:00
[2026-08-16T21:17:58.646+0000] {processor.py:208} INFO - Processing /opt/airflow/dags/weather_dag.py took 0.068 seconds
[2026-08-16T21:19:56.040+0000] {processor.py:186} INFO - Started process (PID=48988) to work on /opt/airflow/dags/weather_dag.py
[2026-08-16T21:19:56.042+0000] {processor.py:914} INFO - Processing file /opt/airflow/dags/weather_dag.py for tasks to queue
[2026-08-16T21:19:56.044+0000] {logging_mixin.py:190} INFO - [2026-08-16T21:19:56.044+0000] {dagbag.py:588} INFO - Filling up the DagBag from /opt/airflow/dags/weather_dag.py
[2026-08-16T21:19:56.056+0000] {processor.py:925} INFO - DAG(s) 'weather_ingestion' retrieved from /opt/airflow/dags/weather_dag.py
[2026-08-16T21:19:56.074+0000] {logging_mixin.py:190} INFO - [2026-08-16T21:19:56.074+0000] {dag.py:3239} INFO - Sync 1 DAGs
[2026-08-16T21:19:56.087+0000] {logging_mixin.py:190} INFO - [2026-08-16T21:19:56.087+0000] {dag.py:4180} INFO - Setting next_dagrun for weather_ingestion to 2026-08-16 21:00:00+00:00, run_after=2026-08-16 22:00:00+00:00
[2026-08-16T21:19:56.096+0000] {processor.py:208} INFO - Processing /opt/airflow/dags/weather_dag.py took 0.063 seconds
[2026-08-16T21:20:26.466+0000] {processor.py:186} INFO - Started process (PID=48993) to work on /opt/airflow/dags/weather_dag.py
[2026-08-16T21:20:26.471+0000] {processor.py:914} INFO - Processing file /opt/airflow/dags/weather_dag.py for tasks to queue
[2026-08-16T21:20:26.484+0000] {logging_mixin.py:190} INFO - [2026-08-16T21:20:26.483+0000] {dagbag.py:588} INFO - Filling up the DagBag from /opt/airflow/dags/weather_dag.py
[2026-08-16T21:20:26.535+0000] {processor.py:925} INFO - DAG(s) 'weather_ingestion' retrieved from /opt/airflow/dags/weather_dag.py
[2026-08-16T21:20:26.573+0000] {logging_mixin.py:190} INFO - [2026-08-16T21:20:26.573+0000] {dag.py:3239} INFO - Sync 1 DAGs
[2026-08-16T21:20:26.591+0000] {logging_mixin.py:190} INFO - [2026-08-16T21:20:26.591+0000] {dag.py:4180} INFO - Setting next_dagrun for weather_ingestion to 2026-08-16 21:00:00+00:00, run_after=2026-08-16 22:00:00+00:00
[2026-08-16T21:20:26.602+0000] {processor.py:208} INFO - Processing /opt/airflow/dags/weather_dag.py took 0.155 seconds
[2026-08-16T21:20:56.738+0000] {processor.py:186} INFO - Started process (PID=48998) to work on /opt/airflow/dags/weather_dag.py
[2026-08-16T21:20:56.739+0000] {processor.py:914} INFO - Processing file /opt/airflow/dags/weather_dag.py for tasks to queue
[2026-08-16T21:20:56.741+0000] {logging_mixin.py:190} INFO - [2026-08-16T21:20:56.740+0000] {dagbag.py:588} INFO - Filling up the DagBag from /opt/airflow/dags/weather_dag.py
[2026-08-16T21:20:56.748+0000] {processor.py:925} INFO - DAG(s) 'weather_ingestion' retrieved from /opt/airflow/dags/weather_dag.py
[2026-08-16T21:20:56.765+0000] {logging_mixin.py:190} INFO - [2026-08-16T21:20:56.765+0000] {dag.py:3239} INFO - Sync 1 DAGs
[2026-08-16T21:20:56.777+0000] {logging_mixin.py:190} INFO - [2026-08-16T21:20:56.777+0000] {dag.py:4180} INFO - Setting next_dagrun for weather_ingestion to 2026-08-16 21:00:00+00:00, run_after=2026-08-16 22:00:00+00:00
[2026-08-16T21:20:56.784+0000] {processor.py:208} INFO - Processing /opt/airflow/dags/weather_dag.py took 0.052 seconds
[2026-08-16T21:21:27.030+0000] {processor.py:186} INFO - Started process (PID=49003) to work on /opt/airflow/dags/weather_dag.py
[2026-08-16T21:21:27.032+0000] {processor.py:914} INFO - Processing file /opt/airflow/dags/weather_dag.py for tasks to queue
[2026-08-16T21:21:27.035+0000] {logging_mixin.py:190} INFO - [2026-08-16T21:21:27.035+0000] {dagbag.py:588} INFO - Filling up the DagBag from /opt/airflow/dags/weather_dag.py
[2026-08-16T21:21:27.045+0000] {processor.py:925} INFO - DAG(s) 'weather_ingestion' retrieved from /opt/airflow/dags/weather_dag.py
[2026-08-16T21:21:27.064+0000] {logging_mixin.py:190} INFO - [2026-08-16T21:21:27.063+0000] {dag.py:3239} INFO - Sync 1 DAGs
[2026-08-16T21:21:27.075+0000] {logging_mixin.py:190} INFO - [2026-08-16T21:21:27.074+0000] {dag.py:4180} INFO - Setting next_dagrun for weather_ingestion to 2026-08-16 21:00:00+00:00, run_after=2026-08-16 22:00:00+00:00
[2026-08-16T21:21:27.084+0000] {processor.py:208} INFO - Processing /opt/airflow/dags/weather_dag.py took 0.060 seconds
[2026-08-16T21:21:57.409+0000] {processor.py:186} INFO - Started process (PID=49008) to work on /opt/airflow/dags/weather_dag.py
[2026-08-16T21:21:57.411+0000] {processor.py:914} INFO - Processing file /opt/airflow/dags/weather_dag.py for tasks to queue
[2026-08-16T21:21:57.414+0000] {logging_mixin.py:190} INFO - [2026-08-16T21:21:57.414+0000] {dagbag.py:588} INFO - Filling up the DagBag from /opt/airflow/dags/weather_dag.py
[2026-08-16T21:21:57.429+0000] {processor.py:925} INFO - DAG(s) 'weather_ingestion' retrieved from /opt/airflow/dags/weather_dag.py
[2026-08-16T21:21:57.451+0000] {logging_mixin.py:190} INFO - [2026-08-16T21:21:57.451+0000] {dag.py:3239} INFO - Sync 1 DAGs
[2026-08-16T21:21:57.463+0000] {logging_mixin.py:190} INFO - [2026-08-16T21:21:57.463+0000] {dag.py:4180} INFO - Setting next_dagrun for weather_ingestion to 2026-08-16 21:00:00+00:00, run_after=2026-08-16 22:00:00+00:00
[2026-08-16T21:21:57.470+0000] {processor.py:208} INFO - Processing /opt/airflow/dags/weather_dag.py took 0.074 seconds
[2026-08-16T21:37:44.318+0000] {processor.py:186} INFO - Started process (PID=49013) to work on /opt/airflow/dags/weather_dag.py
[2026-08-16T21:37:44.320+0000] {processor.py:914} INFO - Processing file /opt/airflow/dags/weather_dag.py for tasks to queue
[2026-08-16T21:37:44.325+0000] {logging_mixin.py:190} INFO - [2026-08-16T21:37:44.325+0000] {dagbag.py:588} INFO - Filling up the DagBag from /opt/airflow/dags/weather_dag.py
[2026-08-16T21:37:44.343+0000] {processor.py:925} INFO - DAG(s) 'weather_ingestion' retrieved from /opt/airflow/dags/weather_dag.py
[2026-08-16T21:37:44.393+0000] {logging_mixin.py:190} INFO - [2026-08-16T21:37:44.393+0000] {dag.py:3239} INFO - Sync 1 DAGs
[2026-08-16T21:37:44.411+0000] {logging_mixin.py:190} INFO - [2026-08-16T21:37:44.411+0000] {dag.py:4180} INFO - Setting next_dagrun for weather_ingestion to 2026-08-16 21:00:00+00:00, run_after=2026-08-16 22:00:00+00:00
[2026-08-16T21:37:44.422+0000] {processor.py:208} INFO - Processing /opt/airflow/dags/weather_dag.py took 0.115 seconds
[2026-08-16T21:38:14.669+0000] {processor.py:186} INFO - Started process (PID=49018) to work on /opt/airflow/dags/weather_dag.py
[2026-08-16T21:38:14.671+0000] {processor.py:914} INFO - Processing file /opt/airflow/dags/weather_dag.py for tasks to queue
[2026-08-16T21:38:14.674+0000] {logging_mixin.py:190} INFO - [2026-08-16T21:38:14.674+0000] {dagbag.py:588} INFO - Filling up the DagBag from /opt/airflow/dags/weather_dag.py
[2026-08-16T21:38:14.689+0000] {processor.py:925} INFO - DAG(s) 'weather_ingestion' retrieved from /opt/airflow/dags/weather_dag.py
[2026-08-16T21:38:14.714+0000] {logging_mixin.py:190} INFO - [2026-08-16T21:38:14.714+0000] {dag.py:3239} INFO - Sync 1 DAGs
[2026-08-16T21:38:14.731+0000] {logging_mixin.py:190} INFO - [2026-08-16T21:38:14.731+0000] {dag.py:4180} INFO - Setting next_dagrun for weather_ingestion to 2026-08-16 21:00:00+00:00, run_after=2026-08-16 22:00:00+00:00
[2026-08-16T21:38:14.739+0000] {processor.py:208} INFO - Processing /opt/airflow/dags/weather_dag.py took 0.082 seconds
[2026-08-16T21:38:44.931+0000] {processor.py:186} INFO - Started process (PID=49023) to work on /opt/airflow/dags/weather_dag.py
[2026-08-16T21:38:44.933+0000] {processor.py:914} INFO - Processing file /opt/airflow/dags/weather_dag.py for tasks to queue
[2026-08-16T21:38:44.935+0000] {logging_mixin.py:190} INFO - [2026-08-16T21:38:44.934+0000] {dagbag.py:588} INFO - Filling up the DagBag from /opt/airflow/dags/weather_dag.py
[2026-08-16T21:38:44.945+0000] {processor.py:925} INFO - DAG(s) 'weather_ingestion' retrieved from /opt/airflow/dags/weather_dag.py
[2026-08-16T21:38:44.966+0000] {logging_mixin.py:190} INFO - [2026-08-16T21:38:44.966+0000] {dag.py:3239} INFO - Sync 1 DAGs
[2026-08-16T21:38:44.977+0000] {logging_mixin.py:190} INFO - [2026-08-16T21:38:44.977+0000] {dag.py:4180} INFO - Setting next_dagrun for weather_ingestion to 2026-08-16 21:00:00+00:00, run_after=2026-08-16 22:00:00+00:00
[2026-08-16T21:38:44.984+0000] {processor.py:208} INFO - Processing /opt/airflow/dags/weather_dag.py took 0.060 seconds
[2026-08-16T21:39:15.304+0000] {processor.py:186} INFO - Started process (PID=49028) to work on /opt/airflow/dags/weather_dag.py
[2026-08-16T21:39:15.306+0000] {processor.py:914} INFO - Processing file /opt/airflow/dags/weather_dag.py for tasks to queue
[2026-08-16T21:39:15.309+0000] {logging_mixin.py:190} INFO - [2026-08-16T21:39:15.308+0000] {dagbag.py:588} INFO - Filling up the DagBag from /opt/airflow/dags/weather_dag.py
[2026-08-16T21:39:15.320+0000] {processor.py:925} INFO - DAG(s) 'weather_ingestion' retrieved from /opt/airflow/dags/weather_dag.py
[2026-08-16T21:39:15.339+0000] {logging_mixin.py:190} INFO - [2026-08-16T21:39:15.339+0000] {dag.py:3239} INFO - Sync 1 DAGs
[2026-08-16T21:39:15.350+0000] {logging_mixin.py:190} INFO - [2026-08-16T21:39:15.350+0000] {dag.py:4180} INFO - Setting next_dagrun for weather_ingestion to 2026-08-16 21:00:00+00:00, run_after=2026-08-16 22:00:00+00:00
[2026-08-16T21:39:15.359+0000] {processor.py:208} INFO - Processing /opt/airflow/dags/weather_dag.py took 0.061 seconds
[2026-08-16T21:54:45.462+0000] {processor.py:186} INFO - Started process (PID=49033) to work on /opt/airflow/dags/weather_dag.py
[2026-08-16T21:54:45.463+0000] {processor.py:914} INFO - Processing file /opt/airflow/dags/weather_dag.py for tasks to queue
[2026-08-16T21:54:45.469+0000] {logging_mixin.py:190} INFO - [2026-08-16T21:54:45.468+0000] {dagbag.py:588} INFO - Filling up the DagBag from /opt/airflow/dags/weather_dag.py
[2026-08-16T21:54:45.490+0000] {processor.py:925} INFO - DAG(s) 'weather_ingestion' retrieved from /opt/airflow/dags/weather_dag.py
[2026-08-16T21:54:45.518+0000] {logging_mixin.py:190} INFO - [2026-08-16T21:54:45.518+0000] {dag.py:3239} INFO - Sync 1 DAGs
[2026-08-16T21:54:45.537+0000] {logging_mixin.py:190} INFO - [2026-08-16T21:54:45.537+0000] {dag.py:4180} INFO - Setting next_dagrun for weather_ingestion to 2026-08-16 21:00:00+00:00, run_after=2026-08-16 22:00:00+00:00
[2026-08-16T21:54:45.548+0000] {processor.py:208} INFO - Processing /opt/airflow/dags/weather_dag.py took 0.100 seconds
[2026-08-16T21:55:15.831+0000] {processor.py:186} INFO - Started process (PID=49038) to work on /opt/airflow/dags/weather_dag.py
[2026-08-16T21:55:15.835+0000] {processor.py:914} INFO - Processing file /opt/airflow/dags/weather_dag.py for tasks to queue
[2026-08-16T21:55:15.876+0000] {logging_mixin.py:190} INFO - [2026-08-16T21:55:15.866+0000] {dagbag.py:588} INFO - Filling up the DagBag from /opt/airflow/dags/weather_dag.py
[2026-08-16T21:55:15.897+0000] {processor.py:925} INFO - DAG(s) 'weather_ingestion' retrieved from /opt/airflow/dags/weather_dag.py
[2026-08-16T21:55:15.931+0000] {logging_mixin.py:190} INFO - [2026-08-16T21:55:15.931+0000] {dag.py:3239} INFO - Sync 1 DAGs
[2026-08-16T21:55:15.974+0000] {logging_mixin.py:190} INFO - [2026-08-16T21:55:15.973+0000] {dag.py:4180} INFO - Setting next_dagrun for weather_ingestion to 2026-08-16 21:00:00+00:00, run_after=2026-08-16 22:00:00+00:00
[2026-08-16T21:55:15.985+0000] {processor.py:208} INFO - Processing /opt/airflow/dags/weather_dag.py took 0.169 seconds
[2026-08-16T21:55:46.186+0000] {processor.py:186} INFO - Started process (PID=49043) to work on /opt/airflow/dags/weather_dag.py
[2026-08-16T21:55:46.190+0000] {processor.py:914} INFO - Processing file /opt/airflow/dags/weather_dag.py for tasks to queue
[2026-08-16T21:55:46.194+0000] {logging_mixin.py:190} INFO - [2026-08-16T21:55:46.194+0000] {dagbag.py:588} INFO - Filling up the DagBag from /opt/airflow/dags/weather_dag.py
[2026-08-16T21:55:46.214+0000] {processor.py:925} INFO - DAG(s) 'weather_ingestion' retrieved from /opt/airflow/dags/weather_dag.py
[2026-08-16T21:55:46.239+0000] {logging_mixin.py:190} INFO - [2026-08-16T21:55:46.239+0000] {dag.py:3239} INFO - Sync 1 DAGs
[2026-08-16T21:55:46.255+0000] {logging_mixin.py:190} INFO - [2026-08-16T21:55:46.255+0000] {dag.py:4180} INFO - Setting next_dagrun for weather_ingestion to 2026-08-16 21:00:00+00:00, run_after=2026-08-16 22:00:00+00:00
[2026-08-16T21:55:46.264+0000] {processor.py:208} INFO - Processing /opt/airflow/dags/weather_dag.py took 0.094 seconds
[2026-08-16T21:56:16.514+0000] {processor.py:186} INFO - Started process (PID=49048) to work on /opt/airflow/dags/weather_dag.py
[2026-08-16T21:56:16.517+0000] {processor.py:914} INFO - Processing file /opt/airflow/dags/weather_dag.py for tasks to queue
[2026-08-16T21:56:16.519+0000] {logging_mixin.py:190} INFO - [2026-08-16T21:56:16.519+0000] {dagbag.py:588} INFO - Filling up the DagBag from /opt/airflow/dags/weather_dag.py
[2026-08-16T21:56:16.529+0000] {processor.py:925} INFO - DAG(s) 'weather_ingestion' retrieved from /opt/airflow/dags/weather_dag.py
[2026-08-16T21:56:16.547+0000] {logging_mixin.py:190} INFO - [2026-08-16T21:56:16.547+0000] {dag.py:3239} INFO - Sync 1 DAGs
[2026-08-16T21:56:16.558+0000] {logging_mixin.py:190} INFO - [2026-08-16T21:56:16.558+0000] {dag.py:4180} INFO - Setting next_dagrun for weather_ingestion to 2026-08-16 21:00:00+00:00, run_after=2026-08-16 22:00:00+00:00
[2026-08-16T21:56:16.571+0000] {processor.py:208} INFO - Processing /opt/airflow/dags/weather_dag.py took 0.068 seconds
[2026-08-16T21:56:46.890+0000] {processor.py:186} INFO - Started process (PID=49053) to work on /opt/airflow/dags/weather_dag.py
[2026-08-16T21:56:46.893+0000] {processor.py:914} INFO - Processing file /opt/airflow/dags/weather_dag.py for tasks to queue
[2026-08-16T21:56:46.897+0000] {logging_mixin.py:190} INFO - [2026-08-16T21:56:46.896+0000] {dagbag.py:588} INFO - Filling up the DagBag from /opt/airflow/dags/weather_dag.py
[2026-08-16T21:56:46.912+0000] {processor.py:925} INFO - DAG(s) 'weather_ingestion' retrieved from /opt/airflow/dags/weather_dag.py
[2026-08-16T21:56:46.935+0000] {logging_mixin.py:190} INFO - [2026-08-16T21:56:46.935+0000] {dag.py:3239} INFO - Sync 1 DAGs
[2026-08-16T21:56:46.950+0000] {logging_mixin.py:190} INFO - [2026-08-16T21:56:46.950+0000] {dag.py:4180} INFO - Setting next_dagrun for weather_ingestion to 2026-08-16 21:00:00+00:00, run_after=2026-08-16 22:00:00+00:00
[2026-08-16T21:56:46.958+0000] {processor.py:208} INFO - Processing /opt/airflow/dags/weather_dag.py took 0.080 seconds
[2026-08-16T22:13:48.024+0000] {processor.py:186} INFO - Started process (PID=49059) to work on /opt/airflow/dags/weather_dag.py
[2026-08-16T22:13:48.026+0000] {processor.py:914} INFO - Processing file /opt/airflow/dags/weather_dag.py for tasks to queue
[2026-08-16T22:13:48.032+0000] {logging_mixin.py:190} INFO - [2026-08-16T22:13:48.032+0000] {dagbag.py:588} INFO - Filling up the DagBag from /opt/airflow/dags/weather_dag.py
[2026-08-16T22:13:48.049+0000] {processor.py:925} INFO - DAG(s) 'weather_ingestion' retrieved from /opt/airflow/dags/weather_dag.py
[2026-08-16T22:13:48.069+0000] {logging_mixin.py:190} INFO - [2026-08-16T22:13:48.069+0000] {dag.py:3239} INFO - Sync 1 DAGs
[2026-08-16T22:13:48.091+0000] {logging_mixin.py:190} INFO - [2026-08-16T22:13:48.091+0000] {dag.py:4180} INFO - Setting next_dagrun for weather_ingestion to 2026-08-16 22:00:00+00:00, run_after=2026-08-16 23:00:00+00:00
[2026-08-16T22:13:48.106+0000] {processor.py:208} INFO - Processing /opt/airflow/dags/weather_dag.py took 0.091 seconds
[2026-08-16T22:14:18.410+0000] {processor.py:186} INFO - Started process (PID=49068) to work on /opt/airflow/dags/weather_dag.py
[2026-08-16T22:14:18.412+0000] {processor.py:914} INFO - Processing file /opt/airflow/dags/weather_dag.py for tasks to queue
[2026-08-16T22:14:18.417+0000] {logging_mixin.py:190} INFO - [2026-08-16T22:14:18.416+0000] {dagbag.py:588} INFO - Filling up the DagBag from /opt/airflow/dags/weather_dag.py
[2026-08-16T22:14:18.438+0000] {processor.py:925} INFO - DAG(s) 'weather_ingestion' retrieved from /opt/airflow/dags/weather_dag.py
[2026-08-16T22:14:18.494+0000] {logging_mixin.py:190} INFO - [2026-08-16T22:14:18.494+0000] {dag.py:3239} INFO - Sync 1 DAGs
[2026-08-16T22:14:18.514+0000] {logging_mixin.py:190} INFO - [2026-08-16T22:14:18.514+0000] {dag.py:4180} INFO - Setting next_dagrun for weather_ingestion to 2026-08-16 22:00:00+00:00, run_after=2026-08-16 23:00:00+00:00
[2026-08-16T22:14:18.524+0000] {processor.py:208} INFO - Processing /opt/airflow/dags/weather_dag.py took 0.127 seconds
[2026-08-16T22:14:48.762+0000] {processor.py:186} INFO - Started process (PID=49073) to work on /opt/airflow/dags/weather_dag.py
[2026-08-16T22:14:48.765+0000] {processor.py:914} INFO - Processing file /opt/airflow/dags/weather_dag.py for tasks to queue
[2026-08-16T22:14:48.767+0000] {logging_mixin.py:190} INFO - [2026-08-16T22:14:48.767+0000] {dagbag.py:588} INFO - Filling up the DagBag from /opt/airflow/dags/weather_dag.py
[2026-08-16T22:14:48.777+0000] {processor.py:925} INFO - DAG(s) 'weather_ingestion' retrieved from /opt/airflow/dags/weather_dag.py
[2026-08-16T22:14:48.796+0000] {logging_mixin.py:190} INFO - [2026-08-16T22:14:48.796+0000] {dag.py:3239} INFO - Sync 1 DAGs
[2026-08-16T22:14:48.807+0000] {logging_mixin.py:190} INFO - [2026-08-16T22:14:48.807+0000] {dag.py:4180} INFO - Setting next_dagrun for weather_ingestion to 2026-08-16 22:00:00+00:00, run_after=2026-08-16 23:00:00+00:00
[2026-08-16T22:14:48.814+0000] {processor.py:208} INFO - Processing /opt/airflow/dags/weather_dag.py took 0.063 seconds
[2026-08-16T22:15:19.105+0000] {processor.py:186} INFO - Started process (PID=49078) to work on /opt/airflow/dags/weather_dag.py
[2026-08-16T22:15:19.108+0000] {processor.py:914} INFO - Processing file /opt/airflow/dags/weather_dag.py for tasks to queue
[2026-08-16T22:15:19.113+0000] {logging_mixin.py:190} INFO - [2026-08-16T22:15:19.112+0000] {dagbag.py:588} INFO - Filling up the DagBag from /opt/airflow/dags/weather_dag.py
[2026-08-16T22:15:19.129+0000] {processor.py:925} INFO - DAG(s) 'weather_ingestion' retrieved from /opt/airflow/dags/weather_dag.py
[2026-08-16T22:15:19.155+0000] {logging_mixin.py:190} INFO - [2026-08-16T22:15:19.155+0000] {dag.py:3239} INFO - Sync 1 DAGs
[2026-08-16T22:15:19.171+0000] {logging_mixin.py:190} INFO - [2026-08-16T22:15:19.171+0000] {dag.py:4180} INFO - Setting next_dagrun for weather_ingestion to 2026-08-16 22:00:00+00:00, run_after=2026-08-16 23:00:00+00:00
[2026-08-16T22:15:19.179+0000] {processor.py:208} INFO - Processing /opt/airflow/dags/weather_dag.py took 0.085 seconds
[2026-08-16T22:15:49.394+0000] {processor.py:186} INFO - Started process (PID=49083) to work on /opt/airflow/dags/weather_dag.py
[2026-08-16T22:15:49.395+0000] {processor.py:914} INFO - Processing file /opt/airflow/dags/weather_dag.py for tasks to queue
[2026-08-16T22:15:49.398+0000] {logging_mixin.py:190} INFO - [2026-08-16T22:15:49.397+0000] {dagbag.py:588} INFO - Filling up the DagBag from /opt/airflow/dags/weather_dag.py
[2026-08-16T22:15:49.407+0000] {processor.py:925} INFO - DAG(s) 'weather_ingestion' retrieved from /opt/airflow/dags/weather_dag.py
[2026-08-16T22:15:49.429+0000] {logging_mixin.py:190} INFO - [2026-08-16T22:15:49.429+0000] {dag.py:3239} INFO - Sync 1 DAGs
[2026-08-16T22:15:49.443+0000] {logging_mixin.py:190} INFO - [2026-08-16T22:15:49.443+0000] {dag.py:4180} INFO - Setting next_dagrun for weather_ingestion to 2026-08-16 22:00:00+00:00, run_after=2026-08-16 23:00:00+00:00
[2026-08-16T22:15:49.450+0000] {processor.py:208} INFO - Processing /opt/airflow/dags/weather_dag.py took 0.065 seconds
[2026-08-16T22:17:35.078+0000] {processor.py:186} INFO - Started process (PID=49093) to work on /opt/airflow/dags/weather_dag.py
[2026-08-16T22:17:35.081+0000] {processor.py:914} INFO - Processing file /opt/airflow/dags/weather_dag.py for tasks to queue
[2026-08-16T22:17:35.085+0000] {logging_mixin.py:190} INFO - [2026-08-16T22:17:35.085+0000] {dagbag.py:588} INFO - Filling up the DagBag from /opt/airflow/dags/weather_dag.py
[2026-08-16T22:17:35.101+0000] {processor.py:925} INFO - DAG(s) 'weather_ingestion' retrieved from /opt/airflow/dags/weather_dag.py
[2026-08-16T22:17:35.124+0000] {logging_mixin.py:190} INFO - [2026-08-16T22:17:35.124+0000] {dag.py:3239} INFO - Sync 1 DAGs
[2026-08-16T22:17:35.138+0000] {logging_mixin.py:190} INFO - [2026-08-16T22:17:35.138+0000] {dag.py:4180} INFO - Setting next_dagrun for weather_ingestion to 2026-08-16 22:00:00+00:00, run_after=2026-08-16 23:00:00+00:00
[2026-08-16T22:17:35.146+0000] {processor.py:208} INFO - Processing /opt/airflow/dags/weather_dag.py took 0.077 seconds
[2026-08-16T22:18:05.451+0000] {processor.py:186} INFO - Started process (PID=49098) to work on /opt/airflow/dags/weather_dag.py
[2026-08-16T22:18:05.452+0000] {processor.py:914} INFO - Processing file /opt/airflow/dags/weather_dag.py for tasks to queue
[2026-08-16T22:18:05.455+0000] {logging_mixin.py:190} INFO - [2026-08-16T22:18:05.454+0000] {dagbag.py:588} INFO - Filling up the DagBag from /opt/airflow/dags/weather_dag.py
[2026-08-16T22:18:05.466+0000] {processor.py:925} INFO - DAG(s) 'weather_ingestion' retrieved from /opt/airflow/dags/weather_dag.py
[2026-08-16T22:18:05.489+0000] {logging_mixin.py:190} INFO - [2026-08-16T22:18:05.489+0000] {dag.py:3239} INFO - Sync 1 DAGs
[2026-08-16T22:18:05.502+0000] {logging_mixin.py:190} INFO - [2026-08-16T22:18:05.502+0000] {dag.py:4180} INFO - Setting next_dagrun for weather_ingestion to 2026-08-16 22:00:00+00:00, run_after=2026-08-16 23:00:00+00:00
[2026-08-16T22:18:05.521+0000] {processor.py:208} INFO - Processing /opt/airflow/dags/weather_dag.py took 0.077 seconds
[2026-08-16T22:18:35.837+0000] {processor.py:186} INFO - Started process (PID=49481) to work on /opt/airflow/dags/weather_dag.py
[2026-08-16T22:18:35.839+0000] {processor.py:914} INFO - Processing file /opt/airflow/dags/weather_dag.py for tasks to queue
[2026-08-16T22:18:35.844+0000] {logging_mixin.py:190} INFO - [2026-08-16T22:18:35.844+0000] {dagbag.py:588} INFO - Filling up the DagBag from /opt/airflow/dags/weather_dag.py
[2026-08-16T22:18:35.863+0000] {processor.py:925} INFO - DAG(s) 'weather_ingestion' retrieved from /opt/airflow/dags/weather_dag.py
[2026-08-16T22:18:35.885+0000] {logging_mixin.py:190} INFO - [2026-08-16T22:18:35.885+0000] {dag.py:3239} INFO - Sync 1 DAGs
[2026-08-16T22:18:35.898+0000] {logging_mixin.py:190} INFO - [2026-08-16T22:18:35.898+0000] {dag.py:4180} INFO - Setting next_dagrun for weather_ingestion to 2026-08-16 22:00:00+00:00, run_after=2026-08-16 23:00:00+00:00
[2026-08-16T22:18:35.906+0000] {processor.py:208} INFO - Processing /opt/airflow/dags/weather_dag.py took 0.082 seconds
[2026-08-16T22:19:06.164+0000] {processor.py:186} INFO - Started process (PID=49486) to work on /opt/airflow/dags/weather_dag.py
[2026-08-16T22:19:06.166+0000] {processor.py:914} INFO - Processing file /opt/airflow/dags/weather_dag.py for tasks to queue
[2026-08-16T22:19:06.169+0000] {logging_mixin.py:190} INFO - [2026-08-16T22:19:06.169+0000] {dagbag.py:588} INFO - Filling up the DagBag from /opt/airflow/dags/weather_dag.py
[2026-08-16T22:19:06.182+0000] {processor.py:925} INFO - DAG(s) 'weather_ingestion' retrieved from /opt/airflow/dags/weather_dag.py
[2026-08-16T22:19:06.204+0000] {logging_mixin.py:190} INFO - [2026-08-16T22:19:06.204+0000] {dag.py:3239} INFO - Sync 1 DAGs
[2026-08-16T22:19:06.218+0000] {logging_mixin.py:190} INFO - [2026-08-16T22:19:06.218+0000] {dag.py:4180} INFO - Setting next_dagrun for weather_ingestion to 2026-08-16 22:00:00+00:00, run_after=2026-08-16 23:00:00+00:00
[2026-08-16T22:19:06.226+0000] {processor.py:208} INFO - Processing /opt/airflow/dags/weather_dag.py took 0.070 seconds
[2026-08-16T22:36:37.733+0000] {processor.py:186} INFO - Started process (PID=49491) to work on /opt/airflow/dags/weather_dag.py
[2026-08-16T22:36:37.734+0000] {processor.py:914} INFO - Processing file /opt/airflow/dags/weather_dag.py for tasks to queue
[2026-08-16T22:36:37.739+0000] {logging_mixin.py:190} INFO - [2026-08-16T22:36:37.738+0000] {dagbag.py:588} INFO - Filling up the DagBag from /opt/airflow/dags/weather_dag.py
[2026-08-16T22:36:37.759+0000] {processor.py:925} INFO - DAG(s) 'weather_ingestion' retrieved from /opt/airflow/dags/weather_dag.py
[2026-08-16T22:36:37.793+0000] {logging_mixin.py:190} INFO - [2026-08-16T22:36:37.793+0000] {dag.py:3239} INFO - Sync 1 DAGs
[2026-08-16T22:36:37.811+0000] {logging_mixin.py:190} INFO - [2026-08-16T22:36:37.811+0000] {dag.py:4180} INFO - Setting next_dagrun for weather_ingestion to 2026-08-16 22:00:00+00:00, run_after=2026-08-16 23:00:00+00:00
[2026-08-16T22:36:37.819+0000] {processor.py:208} INFO - Processing /opt/airflow/dags/weather_dag.py took 0.105 seconds
[2026-08-16T22:37:08.122+0000] {processor.py:186} INFO - Started process (PID=49496) to work on /opt/airflow/dags/weather_dag.py
[2026-08-16T22:37:08.124+0000] {processor.py:914} INFO - Processing file /opt/airflow/dags/weather_dag.py for tasks to queue
[2026-08-16T22:37:08.130+0000] {logging_mixin.py:190} INFO - [2026-08-16T22:37:08.129+0000] {dagbag.py:588} INFO - Filling up the DagBag from /opt/airflow/dags/weather_dag.py
[2026-08-16T22:37:08.149+0000] {processor.py:925} INFO - DAG(s) 'weather_ingestion' retrieved from /opt/airflow/dags/weather_dag.py
[2026-08-16T22:37:08.182+0000] {logging_mixin.py:190} INFO - [2026-08-16T22:37:08.182+0000] {dag.py:3239} INFO - Sync 1 DAGs
[2026-08-16T22:37:08.221+0000] {logging_mixin.py:190} INFO - [2026-08-16T22:37:08.221+0000] {dag.py:4180} INFO - Setting next_dagrun for weather_ingestion to 2026-08-16 22:00:00+00:00, run_after=2026-08-16 23:00:00+00:00
[2026-08-16T22:37:08.230+0000] {processor.py:208} INFO - Processing /opt/airflow/dags/weather_dag.py took 0.127 seconds
[2026-08-16T22:37:38.455+0000] {processor.py:186} INFO - Started process (PID=49501) to work on /opt/airflow/dags/weather_dag.py
[2026-08-16T22:37:38.458+0000] {processor.py:914} INFO - Processing file /opt/airflow/dags/weather_dag.py for tasks to queue
[2026-08-16T22:37:38.462+0000] {logging_mixin.py:190} INFO - [2026-08-16T22:37:38.461+0000] {dagbag.py:588} INFO - Filling up the DagBag from /opt/airflow/dags/weather_dag.py
[2026-08-16T22:37:38.477+0000] {processor.py:925} INFO - DAG(s) 'weather_ingestion' retrieved from /opt/airflow/dags/weather_dag.py
[2026-08-16T22:37:38.493+0000] {logging_mixin.py:190} INFO - [2026-08-16T22:37:38.493+0000] {dag.py:3239} INFO - Sync 1 DAGs
[2026-08-16T22:37:38.504+0000] {logging_mixin.py:190} INFO - [2026-08-16T22:37:38.503+0000] {dag.py:4180} INFO - Setting next_dagrun for weather_ingestion to 2026-08-16 22:00:00+00:00, run_after=2026-08-16 23:00:00+00:00
[2026-08-16T22:37:38.510+0000] {processor.py:208} INFO - Processing /opt/airflow/dags/weather_dag.py took 0.068 seconds
[2026-08-16T22:38:08.819+0000] {processor.py:186} INFO - Started process (PID=49506) to work on /opt/airflow/dags/weather_dag.py
[2026-08-16T22:38:08.821+0000] {processor.py:914} INFO - Processing file /opt/airflow/dags/weather_dag.py for tasks to queue
[2026-08-16T22:38:08.826+0000] {logging_mixin.py:190} INFO - [2026-08-16T22:38:08.825+0000] {dagbag.py:588} INFO - Filling up the DagBag from /opt/airflow/dags/weather_dag.py
[2026-08-16T22:38:08.839+0000] {processor.py:925} INFO - DAG(s) 'weather_ingestion' retrieved from /opt/airflow/dags/weather_dag.py
[2026-08-16T22:38:08.863+0000] {logging_mixin.py:190} INFO - [2026-08-16T22:38:08.863+0000] {dag.py:3239} INFO - Sync 1 DAGs
[2026-08-16T22:38:08.878+0000] {logging_mixin.py:190} INFO - [2026-08-16T22:38:08.878+0000] {dag.py:4180} INFO - Setting next_dagrun for weather_ingestion to 2026-08-16 22:00:00+00:00, run_after=2026-08-16 23:00:00+00:00
[2026-08-16T22:38:08.887+0000] {processor.py:208} INFO - Processing /opt/airflow/dags/weather_dag.py took 0.078 seconds
[2026-08-16T22:38:39.108+0000] {processor.py:186} INFO - Started process (PID=49511) to work on /opt/airflow/dags/weather_dag.py
[2026-08-16T22:38:39.110+0000] {processor.py:914} INFO - Processing file /opt/airflow/dags/weather_dag.py for tasks to queue
[2026-08-16T22:38:39.114+0000] {logging_mixin.py:190} INFO - [2026-08-16T22:38:39.113+0000] {dagbag.py:588} INFO - Filling up the DagBag from /opt/airflow/dags/weather_dag.py
[2026-08-16T22:38:39.130+0000] {processor.py:925} INFO - DAG(s) 'weather_ingestion' retrieved from /opt/airflow/dags/weather_dag.py
[2026-08-16T22:38:39.157+0000] {logging_mixin.py:190} INFO - [2026-08-16T22:38:39.157+0000] {dag.py:3239} INFO - Sync 1 DAGs
[2026-08-16T22:38:39.174+0000] {logging_mixin.py:190} INFO - [2026-08-16T22:38:39.173+0000] {dag.py:4180} INFO - Setting next_dagrun for weather_ingestion to 2026-08-16 22:00:00+00:00, run_after=2026-08-16 23:00:00+00:00
[2026-08-16T22:38:39.183+0000] {processor.py:208} INFO - Processing /opt/airflow/dags/weather_dag.py took 0.084 seconds
[2026-08-16T22:54:42.629+0000] {processor.py:186} INFO - Started process (PID=49516) to work on /opt/airflow/dags/weather_dag.py
[2026-08-16T22:54:42.632+0000] {processor.py:914} INFO - Processing file /opt/airflow/dags/weather_dag.py for tasks to queue
[2026-08-16T22:54:42.634+0000] {logging_mixin.py:190} INFO - [2026-08-16T22:54:42.634+0000] {dagbag.py:588} INFO - Filling up the DagBag from /opt/airflow/dags/weather_dag.py
[2026-08-16T22:54:42.837+0000] {processor.py:925} INFO - DAG(s) 'weather_ingestion' retrieved from /opt/airflow/dags/weather_dag.py
[2026-08-16T22:54:43.019+0000] {logging_mixin.py:190} INFO - [2026-08-16T22:54:43.018+0000] {dag.py:3239} INFO - Sync 1 DAGs
[2026-08-16T22:54:43.090+0000] {logging_mixin.py:190} INFO - [2026-08-16T22:54:43.089+0000] {dag.py:4180} INFO - Setting next_dagrun for weather_ingestion to 2026-08-16 22:00:00+00:00, run_after=2026-08-16 23:00:00+00:00
[2026-08-16T22:54:43.144+0000] {processor.py:208} INFO - Processing /opt/airflow/dags/weather_dag.py took 0.522 seconds
[2026-08-16T22:55:13.604+0000] {processor.py:186} INFO - Started process (PID=49521) to work on /opt/airflow/dags/weather_dag.py
[2026-08-16T22:55:13.605+0000] {processor.py:914} INFO - Processing file /opt/airflow/dags/weather_dag.py for tasks to queue
[2026-08-16T22:55:13.611+0000] {logging_mixin.py:190} INFO - [2026-08-16T22:55:13.610+0000] {dagbag.py:588} INFO - Filling up the DagBag from /opt/airflow/dags/weather_dag.py
[2026-08-16T22:55:13.640+0000] {processor.py:925} INFO - DAG(s) 'weather_ingestion' retrieved from /opt/airflow/dags/weather_dag.py
[2026-08-16T22:55:13.674+0000] {logging_mixin.py:190} INFO - [2026-08-16T22:55:13.674+0000] {dag.py:3239} INFO - Sync 1 DAGs
[2026-08-16T22:55:13.694+0000] {logging_mixin.py:190} INFO - [2026-08-16T22:55:13.694+0000] {dag.py:4180} INFO - Setting next_dagrun for weather_ingestion to 2026-08-16 22:00:00+00:00, run_after=2026-08-16 23:00:00+00:00
[2026-08-16T22:55:13.704+0000] {processor.py:208} INFO - Processing /opt/airflow/dags/weather_dag.py took 0.112 seconds
[2026-08-16T22:55:43.939+0000] {processor.py:186} INFO - Started process (PID=49526) to work on /opt/airflow/dags/weather_dag.py
[2026-08-16T22:55:43.940+0000] {processor.py:914} INFO - Processing file /opt/airflow/dags/weather_dag.py for tasks to queue
[2026-08-16T22:55:43.942+0000] {logging_mixin.py:190} INFO - [2026-08-16T22:55:43.942+0000] {dagbag.py:588} INFO - Filling up the DagBag from /opt/airflow/dags/weather_dag.py
[2026-08-16T22:55:43.952+0000] {processor.py:925} INFO - DAG(s) 'weather_ingestion' retrieved from /opt/airflow/dags/weather_dag.py
[2026-08-16T22:55:43.973+0000] {logging_mixin.py:190} INFO - [2026-08-16T22:55:43.973+0000] {dag.py:3239} INFO - Sync 1 DAGs
[2026-08-16T22:55:43.990+0000] {logging_mixin.py:190} INFO - [2026-08-16T22:55:43.990+0000] {dag.py:4180} INFO - Setting next_dagrun for weather_ingestion to 2026-08-16 22:00:00+00:00, run_after=2026-08-16 23:00:00+00:00
[2026-08-16T22:55:43.999+0000] {processor.py:208} INFO - Processing /opt/airflow/dags/weather_dag.py took 0.066 seconds
[2026-08-16T22:56:14.371+0000] {processor.py:186} INFO - Started process (PID=49531) to work on /opt/airflow/dags/weather_dag.py
[2026-08-16T22:56:14.375+0000] {processor.py:914} INFO - Processing file /opt/airflow/dags/weather_dag.py for tasks to queue
[2026-08-16T22:56:14.381+0000] {logging_mixin.py:190} INFO - [2026-08-16T22:56:14.381+0000] {dagbag.py:588} INFO - Filling up the DagBag from /opt/airflow/dags/weather_dag.py
[2026-08-16T22:56:14.433+0000] {processor.py:925} INFO - DAG(s) 'weather_ingestion' retrieved from /opt/airflow/dags/weather_dag.py
[2026-08-16T22:56:14.467+0000] {logging_mixin.py:190} INFO - [2026-08-16T22:56:14.467+0000] {dag.py:3239} INFO - Sync 1 DAGs
[2026-08-16T22:56:14.485+0000] {logging_mixin.py:190} INFO - [2026-08-16T22:56:14.485+0000] {dag.py:4180} INFO - Setting next_dagrun for weather_ingestion to 2026-08-16 22:00:00+00:00, run_after=2026-08-16 23:00:00+00:00
[2026-08-16T22:56:14.500+0000] {processor.py:208} INFO - Processing /opt/airflow/dags/weather_dag.py took 0.147 seconds
[2026-08-16T22:56:44.690+0000] {processor.py:186} INFO - Started process (PID=49536) to work on /opt/airflow/dags/weather_dag.py
[2026-08-16T22:56:44.692+0000] {processor.py:914} INFO - Processing file /opt/airflow/dags/weather_dag.py for tasks to queue
[2026-08-16T22:56:44.694+0000] {logging_mixin.py:190} INFO - [2026-08-16T22:56:44.694+0000] {dagbag.py:588} INFO - Filling up the DagBag from /opt/airflow/dags/weather_dag.py
[2026-08-16T22:56:44.707+0000] {processor.py:925} INFO - DAG(s) 'weather_ingestion' retrieved from /opt/airflow/dags/weather_dag.py
[2026-08-16T22:56:44.727+0000] {logging_mixin.py:190} INFO - [2026-08-16T22:56:44.727+0000] {dag.py:3239} INFO - Sync 1 DAGs
[2026-08-16T22:56:44.740+0000] {logging_mixin.py:190} INFO - [2026-08-16T22:56:44.740+0000] {dag.py:4180} INFO - Setting next_dagrun for weather_ingestion to 2026-08-16 22:00:00+00:00, run_after=2026-08-16 23:00:00+00:00
[2026-08-16T22:56:44.748+0000] {processor.py:208} INFO - Processing /opt/airflow/dags/weather_dag.py took 0.067 seconds
[2026-08-16T22:57:15.004+0000] {processor.py:186} INFO - Started process (PID=49541) to work on /opt/airflow/dags/weather_dag.py
[2026-08-16T22:57:15.006+0000] {processor.py:914} INFO - Processing file /opt/airflow/dags/weather_dag.py for tasks to queue
[2026-08-16T22:57:15.008+0000] {logging_mixin.py:190} INFO - [2026-08-16T22:57:15.007+0000] {dagbag.py:588} INFO - Filling up the DagBag from /opt/airflow/dags/weather_dag.py
[2026-08-16T22:57:15.015+0000] {processor.py:925} INFO - DAG(s) 'weather_ingestion' retrieved from /opt/airflow/dags/weather_dag.py
[2026-08-16T22:57:15.032+0000] {logging_mixin.py:190} INFO - [2026-08-16T22:57:15.032+0000] {dag.py:3239} INFO - Sync 1 DAGs
[2026-08-16T22:57:15.042+0000] {logging_mixin.py:190} INFO - [2026-08-16T22:57:15.042+0000] {dag.py:4180} INFO - Setting next_dagrun for weather_ingestion to 2026-08-16 22:00:00+00:00, run_after=2026-08-16 23:00:00+00:00
[2026-08-16T22:57:15.050+0000] {processor.py:208} INFO - Processing /opt/airflow/dags/weather_dag.py took 0.051 seconds
[2026-08-16T23:13:57.632+0000] {processor.py:186} INFO - Started process (PID=49546) to work on /opt/airflow/dags/weather_dag.py
[2026-08-16T23:13:57.633+0000] {processor.py:914} INFO - Processing file /opt/airflow/dags/weather_dag.py for tasks to queue
[2026-08-16T23:13:57.639+0000] {logging_mixin.py:190} INFO - [2026-08-16T23:13:57.638+0000] {dagbag.py:588} INFO - Filling up the DagBag from /opt/airflow/dags/weather_dag.py
[2026-08-16T23:13:57.668+0000] {processor.py:925} INFO - DAG(s) 'weather_ingestion' retrieved from /opt/airflow/dags/weather_dag.py
[2026-08-16T23:13:57.704+0000] {logging_mixin.py:190} INFO - [2026-08-16T23:13:57.704+0000] {dag.py:3239} INFO - Sync 1 DAGs
[2026-08-16T23:13:57.727+0000] {logging_mixin.py:190} INFO - [2026-08-16T23:13:57.727+0000] {dag.py:4180} INFO - Setting next_dagrun for weather_ingestion to 2026-08-16 23:00:00+00:00, run_after=2026-08-17 00:00:00+00:00
[2026-08-16T23:13:57.742+0000] {processor.py:208} INFO - Processing /opt/airflow/dags/weather_dag.py took 0.124 seconds
[2026-08-16T23:14:28.051+0000] {processor.py:186} INFO - Started process (PID=49556) to work on /opt/airflow/dags/weather_dag.py
[2026-08-16T23:14:28.056+0000] {processor.py:914} INFO - Processing file /opt/airflow/dags/weather_dag.py for tasks to queue
[2026-08-16T23:14:28.062+0000] {logging_mixin.py:190} INFO - [2026-08-16T23:14:28.061+0000] {dagbag.py:588} INFO - Filling up the DagBag from /opt/airflow/dags/weather_dag.py
[2026-08-16T23:14:28.080+0000] {processor.py:925} INFO - DAG(s) 'weather_ingestion' retrieved from /opt/airflow/dags/weather_dag.py
[2026-08-16T23:14:28.112+0000] {logging_mixin.py:190} INFO - [2026-08-16T23:14:28.112+0000] {dag.py:3239} INFO - Sync 1 DAGs
[2026-08-16T23:14:28.133+0000] {logging_mixin.py:190} INFO - [2026-08-16T23:14:28.132+0000] {dag.py:4180} INFO - Setting next_dagrun for weather_ingestion to 2026-08-16 23:00:00+00:00, run_after=2026-08-17 00:00:00+00:00
[2026-08-16T23:14:28.142+0000] {processor.py:208} INFO - Processing /opt/airflow/dags/weather_dag.py took 0.136 seconds
[2026-08-16T23:14:58.386+0000] {processor.py:186} INFO - Started process (PID=49561) to work on /opt/airflow/dags/weather_dag.py
[2026-08-16T23:14:58.389+0000] {processor.py:914} INFO - Processing file /opt/airflow/dags/weather_dag.py for tasks to queue
[2026-08-16T23:14:58.392+0000] {logging_mixin.py:190} INFO - [2026-08-16T23:14:58.392+0000] {dagbag.py:588} INFO - Filling up the DagBag from /opt/airflow/dags/weather_dag.py
[2026-08-16T23:14:58.407+0000] {processor.py:925} INFO - DAG(s) 'weather_ingestion' retrieved from /opt/airflow/dags/weather_dag.py
[2026-08-16T23:14:58.434+0000] {logging_mixin.py:190} INFO - [2026-08-16T23:14:58.434+0000] {dag.py:3239} INFO - Sync 1 DAGs
[2026-08-16T23:14:58.450+0000] {logging_mixin.py:190} INFO - [2026-08-16T23:14:58.449+0000] {dag.py:4180} INFO - Setting next_dagrun for weather_ingestion to 2026-08-16 23:00:00+00:00, run_after=2026-08-17 00:00:00+00:00
[2026-08-16T23:14:58.458+0000] {processor.py:208} INFO - Processing /opt/airflow/dags/weather_dag.py took 0.083 seconds
[2026-08-16T23:15:28.714+0000] {processor.py:186} INFO - Started process (PID=49566) to work on /opt/airflow/dags/weather_dag.py
[2026-08-16T23:15:28.717+0000] {processor.py:914} INFO - Processing file /opt/airflow/dags/weather_dag.py for tasks to queue
[2026-08-16T23:15:28.720+0000] {logging_mixin.py:190} INFO - [2026-08-16T23:15:28.720+0000] {dagbag.py:588} INFO - Filling up the DagBag from /opt/airflow/dags/weather_dag.py
[2026-08-16T23:15:28.730+0000] {processor.py:925} INFO - DAG(s) 'weather_ingestion' retrieved from /opt/airflow/dags/weather_dag.py
[2026-08-16T23:15:28.748+0000] {logging_mixin.py:190} INFO - [2026-08-16T23:15:28.748+0000] {dag.py:3239} INFO - Sync 1 DAGs
[2026-08-16T23:15:28.759+0000] {logging_mixin.py:190} INFO - [2026-08-16T23:15:28.759+0000] {dag.py:4180} INFO - Setting next_dagrun for weather_ingestion to 2026-08-16 23:00:00+00:00, run_after=2026-08-17 00:00:00+00:00
[2026-08-16T23:15:28.766+0000] {processor.py:208} INFO - Processing /opt/airflow/dags/weather_dag.py took 0.064 seconds
[2026-08-16T23:18:06.476+0000] {processor.py:186} INFO - Started process (PID=49571) to work on /opt/airflow/dags/weather_dag.py
[2026-08-16T23:18:06.478+0000] {processor.py:914} INFO - Processing file /opt/airflow/dags/weather_dag.py for tasks to queue
[2026-08-16T23:18:06.480+0000] {logging_mixin.py:190} INFO - [2026-08-16T23:18:06.479+0000] {dagbag.py:588} INFO - Filling up the DagBag from /opt/airflow/dags/weather_dag.py
[2026-08-16T23:18:06.491+0000] {processor.py:925} INFO - DAG(s) 'weather_ingestion' retrieved from /opt/airflow/dags/weather_dag.py
[2026-08-16T23:18:06.511+0000] {logging_mixin.py:190} INFO - [2026-08-16T23:18:06.511+0000] {dag.py:3239} INFO - Sync 1 DAGs
[2026-08-16T23:18:06.523+0000] {logging_mixin.py:190} INFO - [2026-08-16T23:18:06.523+0000] {dag.py:4180} INFO - Setting next_dagrun for weather_ingestion to 2026-08-16 23:00:00+00:00, run_after=2026-08-17 00:00:00+00:00
[2026-08-16T23:18:06.533+0000] {processor.py:208} INFO - Processing /opt/airflow/dags/weather_dag.py took 0.062 seconds
[2026-08-16T23:18:36.903+0000] {processor.py:186} INFO - Started process (PID=49581) to work on /opt/airflow/dags/weather_dag.py
[2026-08-16T23:18:36.905+0000] {processor.py:914} INFO - Processing file /opt/airflow/dags/weather_dag.py for tasks to queue
[2026-08-16T23:18:36.909+0000] {logging_mixin.py:190} INFO - [2026-08-16T23:18:36.909+0000] {dagbag.py:588} INFO - Filling up the DagBag from /opt/airflow/dags/weather_dag.py
[2026-08-16T23:18:36.930+0000] {processor.py:925} INFO - DAG(s) 'weather_ingestion' retrieved from /opt/airflow/dags/weather_dag.py
[2026-08-16T23:18:36.962+0000] {logging_mixin.py:190} INFO - [2026-08-16T23:18:36.961+0000] {dag.py:3239} INFO - Sync 1 DAGs
[2026-08-16T23:18:36.978+0000] {logging_mixin.py:190} INFO - [2026-08-16T23:18:36.978+0000] {dag.py:4180} INFO - Setting next_dagrun for weather_ingestion to 2026-08-16 23:00:00+00:00, run_after=2026-08-17 00:00:00+00:00
[2026-08-16T23:18:36.996+0000] {processor.py:208} INFO - Processing /opt/airflow/dags/weather_dag.py took 0.112 seconds
[2026-08-16T23:19:07.305+0000] {processor.py:186} INFO - Started process (PID=49586) to work on /opt/airflow/dags/weather_dag.py
[2026-08-16T23:19:07.306+0000] {processor.py:914} INFO - Processing file /opt/airflow/dags/weather_dag.py for tasks to queue
[2026-08-16T23:19:07.309+0000] {logging_mixin.py:190} INFO - [2026-08-16T23:19:07.309+0000] {dagbag.py:588} INFO - Filling up the DagBag from /opt/airflow/dags/weather_dag.py
[2026-08-16T23:19:07.323+0000] {processor.py:925} INFO - DAG(s) 'weather_ingestion' retrieved from /opt/airflow/dags/weather_dag.py
[2026-08-16T23:19:07.348+0000] {logging_mixin.py:190} INFO - [2026-08-16T23:19:07.348+0000] {dag.py:3239} INFO - Sync 1 DAGs
[2026-08-16T23:19:07.363+0000] {logging_mixin.py:190} INFO - [2026-08-16T23:19:07.363+0000] {dag.py:4180} INFO - Setting next_dagrun for weather_ingestion to 2026-08-16 23:00:00+00:00, run_after=2026-08-17 00:00:00+00:00
[2026-08-16T23:19:07.372+0000] {processor.py:208} INFO - Processing /opt/airflow/dags/weather_dag.py took 0.074 seconds
[2026-08-16T23:19:37.649+0000] {processor.py:186} INFO - Started process (PID=49591) to work on /opt/airflow/dags/weather_dag.py
[2026-08-16T23:19:37.651+0000] {processor.py:914} INFO - Processing file /opt/airflow/dags/weather_dag.py for tasks to queue
[2026-08-16T23:19:37.654+0000] {logging_mixin.py:190} INFO - [2026-08-16T23:19:37.654+0000] {dagbag.py:588} INFO - Filling up the DagBag from /opt/airflow/dags/weather_dag.py
[2026-08-16T23:19:37.666+0000] {processor.py:925} INFO - DAG(s) 'weather_ingestion' retrieved from /opt/airflow/dags/weather_dag.py
[2026-08-16T23:19:37.685+0000] {logging_mixin.py:190} INFO - [2026-08-16T23:19:37.685+0000] {dag.py:3239} INFO - Sync 1 DAGs
[2026-08-16T23:19:37.697+0000] {logging_mixin.py:190} INFO - [2026-08-16T23:19:37.697+0000] {dag.py:4180} INFO - Setting next_dagrun for weather_ingestion to 2026-08-16 23:00:00+00:00, run_after=2026-08-17 00:00:00+00:00
[2026-08-16T23:19:37.705+0000] {processor.py:208} INFO - Processing /opt/airflow/dags/weather_dag.py took 0.063 seconds
[2026-08-16T23:20:07.985+0000] {processor.py:186} INFO - Started process (PID=49596) to work on /opt/airflow/dags/weather_dag.py
[2026-08-16T23:20:07.987+0000] {processor.py:914} INFO - Processing file /opt/airflow/dags/weather_dag.py for tasks to queue
[2026-08-16T23:20:07.989+0000] {logging_mixin.py:190} INFO - [2026-08-16T23:20:07.989+0000] {dagbag.py:588} INFO - Filling up the DagBag from /opt/airflow/dags/weather_dag.py
[2026-08-16T23:20:07.997+0000] {processor.py:925} INFO - DAG(s) 'weather_ingestion' retrieved from /opt/airflow/dags/weather_dag.py
[2026-08-16T23:20:08.013+0000] {logging_mixin.py:190} INFO - [2026-08-16T23:20:08.013+0000] {dag.py:3239} INFO - Sync 1 DAGs
[2026-08-16T23:20:08.025+0000] {logging_mixin.py:190} INFO - [2026-08-16T23:20:08.025+0000] {dag.py:4180} INFO - Setting next_dagrun for weather_ingestion to 2026-08-16 23:00:00+00:00, run_after=2026-08-17 00:00:00+00:00
[2026-08-16T23:20:08.032+0000] {processor.py:208} INFO - Processing /opt/airflow/dags/weather_dag.py took 0.054 seconds
[2026-08-16T23:20:38.221+0000] {processor.py:186} INFO - Started process (PID=50000) to work on /opt/airflow/dags/weather_dag.py
[2026-08-16T23:20:38.222+0000] {processor.py:914} INFO - Processing file /opt/airflow/dags/weather_dag.py for tasks to queue
[2026-08-16T23:20:38.225+0000] {logging_mixin.py:190} INFO - [2026-08-16T23:20:38.225+0000] {dagbag.py:588} INFO - Filling up the DagBag from /opt/airflow/dags/weather_dag.py
[2026-08-16T23:20:38.236+0000] {processor.py:925} INFO - DAG(s) 'weather_ingestion' retrieved from /opt/airflow/dags/weather_dag.py
[2026-08-16T23:20:38.255+0000] {logging_mixin.py:190} INFO - [2026-08-16T23:20:38.254+0000] {dag.py:3239} INFO - Sync 1 DAGs
[2026-08-16T23:20:38.267+0000] {logging_mixin.py:190} INFO - [2026-08-16T23:20:38.267+0000] {dag.py:4180} INFO - Setting next_dagrun for weather_ingestion to 2026-08-16 23:00:00+00:00, run_after=2026-08-17 00:00:00+00:00
[2026-08-16T23:20:38.275+0000] {processor.py:208} INFO - Processing /opt/airflow/dags/weather_dag.py took 0.060 seconds
[2026-08-16T23:21:08.518+0000] {processor.py:186} INFO - Started process (PID=50005) to work on /opt/airflow/dags/weather_dag.py
[2026-08-16T23:21:08.520+0000] {processor.py:914} INFO - Processing file /opt/airflow/dags/weather_dag.py for tasks to queue
[2026-08-16T23:21:08.522+0000] {logging_mixin.py:190} INFO - [2026-08-16T23:21:08.522+0000] {dagbag.py:588} INFO - Filling up the DagBag from /opt/airflow/dags/weather_dag.py
[2026-08-16T23:21:08.532+0000] {processor.py:925} INFO - DAG(s) 'weather_ingestion' retrieved from /opt/airflow/dags/weather_dag.py
[2026-08-16T23:21:08.579+0000] {logging_mixin.py:190} INFO - [2026-08-16T23:21:08.579+0000] {dag.py:3239} INFO - Sync 1 DAGs
[2026-08-16T23:21:08.592+0000] {logging_mixin.py:190} INFO - [2026-08-16T23:21:08.591+0000] {dag.py:4180} INFO - Setting next_dagrun for weather_ingestion to 2026-08-16 23:00:00+00:00, run_after=2026-08-17 00:00:00+00:00
[2026-08-16T23:21:08.600+0000] {processor.py:208} INFO - Processing /opt/airflow/dags/weather_dag.py took 0.089 seconds
[2026-08-16T23:21:38.852+0000] {processor.py:186} INFO - Started process (PID=50010) to work on /opt/airflow/dags/weather_dag.py
[2026-08-16T23:21:38.854+0000] {processor.py:914} INFO - Processing file /opt/airflow/dags/weather_dag.py for tasks to queue
[2026-08-16T23:21:38.857+0000] {logging_mixin.py:190} INFO - [2026-08-16T23:21:38.857+0000] {dagbag.py:588} INFO - Filling up the DagBag from /opt/airflow/dags/weather_dag.py
[2026-08-16T23:21:38.869+0000] {processor.py:925} INFO - DAG(s) 'weather_ingestion' retrieved from /opt/airflow/dags/weather_dag.py
[2026-08-16T23:21:38.889+0000] {logging_mixin.py:190} INFO - [2026-08-16T23:21:38.889+0000] {dag.py:3239} INFO - Sync 1 DAGs
[2026-08-16T23:21:38.902+0000] {logging_mixin.py:190} INFO - [2026-08-16T23:21:38.902+0000] {dag.py:4180} INFO - Setting next_dagrun for weather_ingestion to 2026-08-16 23:00:00+00:00, run_after=2026-08-17 00:00:00+00:00
[2026-08-16T23:21:38.910+0000] {processor.py:208} INFO - Processing /opt/airflow/dags/weather_dag.py took 0.066 seconds
[2026-08-16T23:22:09.158+0000] {processor.py:186} INFO - Started process (PID=50015) to work on /opt/airflow/dags/weather_dag.py
[2026-08-16T23:22:09.160+0000] {processor.py:914} INFO - Processing file /opt/airflow/dags/weather_dag.py for tasks to queue
[2026-08-16T23:22:09.162+0000] {logging_mixin.py:190} INFO - [2026-08-16T23:22:09.161+0000] {dagbag.py:588} INFO - Filling up the DagBag from /opt/airflow/dags/weather_dag.py
[2026-08-16T23:22:09.172+0000] {processor.py:925} INFO - DAG(s) 'weather_ingestion' retrieved from /opt/airflow/dags/weather_dag.py
[2026-08-16T23:22:09.190+0000] {logging_mixin.py:190} INFO - [2026-08-16T23:22:09.190+0000] {dag.py:3239} INFO - Sync 1 DAGs
[2026-08-16T23:22:09.201+0000] {logging_mixin.py:190} INFO - [2026-08-16T23:22:09.201+0000] {dag.py:4180} INFO - Setting next_dagrun for weather_ingestion to 2026-08-16 23:00:00+00:00, run_after=2026-08-17 00:00:00+00:00
[2026-08-16T23:22:09.208+0000] {processor.py:208} INFO - Processing /opt/airflow/dags/weather_dag.py took 0.057 seconds
[2026-08-16T23:38:52.222+0000] {processor.py:186} INFO - Started process (PID=50020) to work on /opt/airflow/dags/weather_dag.py
[2026-08-16T23:38:52.223+0000] {processor.py:914} INFO - Processing file /opt/airflow/dags/weather_dag.py for tasks to queue
[2026-08-16T23:38:52.227+0000] {logging_mixin.py:190} INFO - [2026-08-16T23:38:52.226+0000] {dagbag.py:588} INFO - Filling up the DagBag from /opt/airflow/dags/weather_dag.py
[2026-08-16T23:38:52.246+0000] {processor.py:925} INFO - DAG(s) 'weather_ingestion' retrieved from /opt/airflow/dags/weather_dag.py
[2026-08-16T23:38:52.292+0000] {logging_mixin.py:190} INFO - [2026-08-16T23:38:52.292+0000] {dag.py:3239} INFO - Sync 1 DAGs
[2026-08-16T23:38:52.309+0000] {logging_mixin.py:190} INFO - [2026-08-16T23:38:52.309+0000] {dag.py:4180} INFO - Setting next_dagrun for weather_ingestion to 2026-08-16 23:00:00+00:00, run_after=2026-08-17 00:00:00+00:00
[2026-08-16T23:38:52.319+0000] {processor.py:208} INFO - Processing /opt/airflow/dags/weather_dag.py took 0.109 seconds
[2026-08-16T23:39:22.629+0000] {processor.py:186} INFO - Started process (PID=50025) to work on /opt/airflow/dags/weather_dag.py
[2026-08-16T23:39:22.631+0000] {processor.py:914} INFO - Processing file /opt/airflow/dags/weather_dag.py for tasks to queue
[2026-08-16T23:39:22.636+0000] {logging_mixin.py:190} INFO - [2026-08-16T23:39:22.635+0000] {dagbag.py:588} INFO - Filling up the DagBag from /opt/airflow/dags/weather_dag.py
[2026-08-16T23:39:22.656+0000] {processor.py:925} INFO - DAG(s) 'weather_ingestion' retrieved from /opt/airflow/dags/weather_dag.py
[2026-08-16T23:39:22.710+0000] {logging_mixin.py:190} INFO - [2026-08-16T23:39:22.710+0000] {dag.py:3239} INFO - Sync 1 DAGs
[2026-08-16T23:39:22.731+0000] {logging_mixin.py:190} INFO - [2026-08-16T23:39:22.731+0000] {dag.py:4180} INFO - Setting next_dagrun for weather_ingestion to 2026-08-16 23:00:00+00:00, run_after=2026-08-17 00:00:00+00:00
[2026-08-16T23:39:22.743+0000] {processor.py:208} INFO - Processing /opt/airflow/dags/weather_dag.py took 0.125 seconds
[2026-08-16T23:39:52.946+0000] {processor.py:186} INFO - Started process (PID=50030) to work on /opt/airflow/dags/weather_dag.py
[2026-08-16T23:39:52.949+0000] {processor.py:914} INFO - Processing file /opt/airflow/dags/weather_dag.py for tasks to queue
[2026-08-16T23:39:52.951+0000] {logging_mixin.py:190} INFO - [2026-08-16T23:39:52.951+0000] {dagbag.py:588} INFO - Filling up the DagBag from /opt/airflow/dags/weather_dag.py
[2026-08-16T23:39:52.963+0000] {processor.py:925} INFO - DAG(s) 'weather_ingestion' retrieved from /opt/airflow/dags/weather_dag.py
[2026-08-16T23:39:52.983+0000] {logging_mixin.py:190} INFO - [2026-08-16T23:39:52.983+0000] {dag.py:3239} INFO - Sync 1 DAGs
[2026-08-16T23:39:52.995+0000] {logging_mixin.py:190} INFO - [2026-08-16T23:39:52.994+0000] {dag.py:4180} INFO - Setting next_dagrun for weather_ingestion to 2026-08-16 23:00:00+00:00, run_after=2026-08-17 00:00:00+00:00
[2026-08-16T23:39:53.001+0000] {processor.py:208} INFO - Processing /opt/airflow/dags/weather_dag.py took 0.067 seconds
[2026-08-16T23:40:23.401+0000] {processor.py:186} INFO - Started process (PID=50035) to work on /opt/airflow/dags/weather_dag.py
[2026-08-16T23:40:23.404+0000] {processor.py:914} INFO - Processing file /opt/airflow/dags/weather_dag.py for tasks to queue
[2026-08-16T23:40:23.413+0000] {logging_mixin.py:190} INFO - [2026-08-16T23:40:23.410+0000] {dagbag.py:588} INFO - Filling up the DagBag from /opt/airflow/dags/weather_dag.py
[2026-08-16T23:40:23.501+0000] {processor.py:925} INFO - DAG(s) 'weather_ingestion' retrieved from /opt/airflow/dags/weather_dag.py
[2026-08-16T23:40:23.569+0000] {logging_mixin.py:190} INFO - [2026-08-16T23:40:23.569+0000] {dag.py:3239} INFO - Sync 1 DAGs
[2026-08-16T23:40:23.590+0000] {logging_mixin.py:190} INFO - [2026-08-16T23:40:23.590+0000] {dag.py:4180} INFO - Setting next_dagrun for weather_ingestion to 2026-08-16 23:00:00+00:00, run_after=2026-08-17 00:00:00+00:00
[2026-08-16T23:40:23.600+0000] {processor.py:208} INFO - Processing /opt/airflow/dags/weather_dag.py took 0.220 seconds
[2026-08-16T23:56:31.670+0000] {processor.py:186} INFO - Started process (PID=50040) to work on /opt/airflow/dags/weather_dag.py
[2026-08-16T23:56:31.672+0000] {processor.py:914} INFO - Processing file /opt/airflow/dags/weather_dag.py for tasks to queue
[2026-08-16T23:56:31.690+0000] {logging_mixin.py:190} INFO - [2026-08-16T23:56:31.688+0000] {dagbag.py:588} INFO - Filling up the DagBag from /opt/airflow/dags/weather_dag.py
[2026-08-16T23:56:31.717+0000] {processor.py:925} INFO - DAG(s) 'weather_ingestion' retrieved from /opt/airflow/dags/weather_dag.py
[2026-08-16T23:56:31.832+0000] {logging_mixin.py:190} INFO - [2026-08-16T23:56:31.832+0000] {dag.py:3239} INFO - Sync 1 DAGs
[2026-08-16T23:56:31.883+0000] {logging_mixin.py:190} INFO - [2026-08-16T23:56:31.883+0000] {dag.py:4180} INFO - Setting next_dagrun for weather_ingestion to 2026-08-16 23:00:00+00:00, run_after=2026-08-17 00:00:00+00:00
[2026-08-16T23:56:31.915+0000] {processor.py:208} INFO - Processing /opt/airflow/dags/weather_dag.py took 0.260 seconds
[2026-08-16T23:57:01.980+0000] {processor.py:186} INFO - Started process (PID=50045) to work on /opt/airflow/dags/weather_dag.py
[2026-08-16T23:57:01.983+0000] {processor.py:914} INFO - Processing file /opt/airflow/dags/weather_dag.py for tasks to queue
[2026-08-16T23:57:01.988+0000] {logging_mixin.py:190} INFO - [2026-08-16T23:57:01.987+0000] {dagbag.py:588} INFO - Filling up the DagBag from /opt/airflow/dags/weather_dag.py
[2026-08-16T23:57:02.005+0000] {processor.py:925} INFO - DAG(s) 'weather_ingestion' retrieved from /opt/airflow/dags/weather_dag.py
[2026-08-16T23:57:02.035+0000] {logging_mixin.py:190} INFO - [2026-08-16T23:57:02.035+0000] {dag.py:3239} INFO - Sync 1 DAGs
[2026-08-16T23:57:02.099+0000] {logging_mixin.py:190} INFO - [2026-08-16T23:57:02.099+0000] {dag.py:4180} INFO - Setting next_dagrun for weather_ingestion to 2026-08-16 23:00:00+00:00, run_after=2026-08-17 00:00:00+00:00
[2026-08-16T23:57:02.112+0000] {processor.py:208} INFO - Processing /opt/airflow/dags/weather_dag.py took 0.144 seconds
[2026-08-16T23:57:32.338+0000] {processor.py:186} INFO - Started process (PID=50050) to work on /opt/airflow/dags/weather_dag.py
[2026-08-16T23:57:32.342+0000] {processor.py:914} INFO - Processing file /opt/airflow/dags/weather_dag.py for tasks to queue
[2026-08-16T23:57:32.344+0000] {logging_mixin.py:190} INFO - [2026-08-16T23:57:32.344+0000] {dagbag.py:588} INFO - Filling up the DagBag from /opt/airflow/dags/weather_dag.py
[2026-08-16T23:57:32.354+0000] {processor.py:925} INFO - DAG(s) 'weather_ingestion' retrieved from /opt/airflow/dags/weather_dag.py
[2026-08-16T23:57:32.369+0000] {logging_mixin.py:190} INFO - [2026-08-16T23:57:32.369+0000] {dag.py:3239} INFO - Sync 1 DAGs
[2026-08-16T23:57:32.379+0000] {logging_mixin.py:190} INFO - [2026-08-16T23:57:32.379+0000] {dag.py:4180} INFO - Setting next_dagrun for weather_ingestion to 2026-08-16 23:00:00+00:00, run_after=2026-08-17 00:00:00+00:00
[2026-08-16T23:57:32.386+0000] {processor.py:208} INFO - Processing /opt/airflow/dags/weather_dag.py took 0.061 seconds
[2026-08-16T23:58:02.709+0000] {processor.py:186} INFO - Started process (PID=50055) to work on /opt/airflow/dags/weather_dag.py
[2026-08-16T23:58:02.713+0000] {processor.py:914} INFO - Processing file /opt/airflow/dags/weather_dag.py for tasks to queue
[2026-08-16T23:58:02.716+0000] {logging_mixin.py:190} INFO - [2026-08-16T23:58:02.716+0000] {dagbag.py:588} INFO - Filling up the DagBag from /opt/airflow/dags/weather_dag.py
[2026-08-16T23:58:02.727+0000] {processor.py:925} INFO - DAG(s) 'weather_ingestion' retrieved from /opt/airflow/dags/weather_dag.py
[2026-08-16T23:58:02.746+0000] {logging_mixin.py:190} INFO - [2026-08-16T23:58:02.746+0000] {dag.py:3239} INFO - Sync 1 DAGs
[2026-08-16T23:58:02.759+0000] {logging_mixin.py:190} INFO - [2026-08-16T23:58:02.759+0000] {dag.py:4180} INFO - Setting next_dagrun for weather_ingestion to 2026-08-16 23:00:00+00:00, run_after=2026-08-17 00:00:00+00:00
[2026-08-16T23:58:02.766+0000] {processor.py:208} INFO - Processing /opt/airflow/dags/weather_dag.py took 0.070 seconds
[2026-08-16T23:58:33.048+0000] {processor.py:186} INFO - Started process (PID=50060) to work on /opt/airflow/dags/weather_dag.py
[2026-08-16T23:58:33.050+0000] {processor.py:914} INFO - Processing file /opt/airflow/dags/weather_dag.py for tasks to queue
[2026-08-16T23:58:33.055+0000] {logging_mixin.py:190} INFO - [2026-08-16T23:58:33.054+0000] {dagbag.py:588} INFO - Filling up the DagBag from /opt/airflow/dags/weather_dag.py
[2026-08-16T23:58:33.079+0000] {processor.py:925} INFO - DAG(s) 'weather_ingestion' retrieved from /opt/airflow/dags/weather_dag.py
[2026-08-16T23:58:33.110+0000] {logging_mixin.py:190} INFO - [2026-08-16T23:58:33.110+0000] {dag.py:3239} INFO - Sync 1 DAGs
[2026-08-16T23:58:33.127+0000] {logging_mixin.py:190} INFO - [2026-08-16T23:58:33.127+0000] {dag.py:4180} INFO - Setting next_dagrun for weather_ingestion to 2026-08-16 23:00:00+00:00, run_after=2026-08-17 00:00:00+00:00
[2026-08-16T23:58:33.138+0000] {processor.py:208} INFO - Processing /opt/airflow/dags/weather_dag.py took 0.098 seconds
