[2026-08-12T00:03:28.140+0000] {processor.py:186} INFO - Started process (PID=40259) to work on /opt/airflow/dags/weather_dag.py
[2026-08-12T00:03:28.142+0000] {processor.py:914} INFO - Processing file /opt/airflow/dags/weather_dag.py for tasks to queue
[2026-08-12T00:03:28.151+0000] {logging_mixin.py:190} INFO - [2026-08-12T00:03:28.151+0000] {dagbag.py:588} INFO - Filling up the DagBag from /opt/airflow/dags/weather_dag.py
[2026-08-12T00:03:28.654+0000] {processor.py:925} INFO - DAG(s) 'weather_ingestion' retrieved from /opt/airflow/dags/weather_dag.py
[2026-08-12T00:03:28.665+0000] {logging_mixin.py:190} INFO - [2026-08-12T00:03:28.665+0000] {dag.py:3239} INFO - Sync 1 DAGs
[2026-08-12T00:03:28.675+0000] {logging_mixin.py:190} INFO - [2026-08-12T00:03:28.675+0000] {dag.py:4180} INFO - Setting next_dagrun for weather_ingestion to 2026-08-12 00:00:00+00:00, run_after=2026-08-12 01:00:00+00:00
[2026-08-12T00:03:28.682+0000] {processor.py:208} INFO - Processing /opt/airflow/dags/weather_dag.py took 0.548 seconds
[2026-08-12T00:03:59.064+0000] {processor.py:186} INFO - Started process (PID=40269) to work on /opt/airflow/dags/weather_dag.py
[2026-08-12T00:03:59.068+0000] {processor.py:914} INFO - Processing file /opt/airflow/dags/weather_dag.py for tasks to queue
[2026-08-12T00:03:59.074+0000] {logging_mixin.py:190} INFO - [2026-08-12T00:03:59.073+0000] {dagbag.py:588} INFO - Filling up the DagBag from /opt/airflow/dags/weather_dag.py
[2026-08-12T00:03:59.651+0000] {processor.py:925} INFO - DAG(s) 'weather_ingestion' retrieved from /opt/airflow/dags/weather_dag.py
[2026-08-12T00:03:59.661+0000] {logging_mixin.py:190} INFO - [2026-08-12T00:03:59.661+0000] {dag.py:3239} INFO - Sync 1 DAGs
[2026-08-12T00:03:59.670+0000] {logging_mixin.py:190} INFO - [2026-08-12T00:03:59.670+0000] {dag.py:4180} INFO - Setting next_dagrun for weather_ingestion to 2026-08-12 00:00:00+00:00, run_after=2026-08-12 01:00:00+00:00
[2026-08-12T00:03:59.676+0000] {processor.py:208} INFO - Processing /opt/airflow/dags/weather_dag.py took 0.631 seconds
[2026-08-12T00:04:29.905+0000] {processor.py:186} INFO - Started process (PID=40276) to work on /opt/airflow/dags/weather_dag.py
[2026-08-12T00:04:29.907+0000] {processor.py:914} INFO - Processing file /opt/airflow/dags/weather_dag.py for tasks to queue
[2026-08-12T00:04:29.910+0000] {logging_mixin.py:190} INFO - [2026-08-12T00:04:29.910+0000] {dagbag.py:588} INFO - Filling up the DagBag from /opt/airflow/dags/weather_dag.py
[2026-08-12T00:04:30.202+0000] {processor.py:925} INFO - DAG(s) 'weather_ingestion' retrieved from /opt/airflow/dags/weather_dag.py
[2026-08-12T00:04:30.213+0000] {logging_mixin.py:190} INFO - [2026-08-12T00:04:30.213+0000] {dag.py:3239} INFO - Sync 1 DAGs
[2026-08-12T00:04:30.222+0000] {logging_mixin.py:190} INFO - [2026-08-12T00:04:30.222+0000] {dag.py:4180} INFO - Setting next_dagrun for weather_ingestion to 2026-08-12 00:00:00+00:00, run_after=2026-08-12 01:00:00+00:00
[2026-08-12T00:04:30.228+0000] {processor.py:208} INFO - Processing /opt/airflow/dags/weather_dag.py took 0.331 seconds
[2026-08-12T00:05:00.339+0000] {processor.py:186} INFO - Started process (PID=40283) to work on /opt/airflow/dags/weather_dag.py
[2026-08-12T00:05:00.340+0000] {processor.py:914} INFO - Processing file /opt/airflow/dags/weather_dag.py for tasks to queue
[2026-08-12T00:05:00.344+0000] {logging_mixin.py:190} INFO - [2026-08-12T00:05:00.343+0000] {dagbag.py:588} INFO - Filling up the DagBag from /opt/airflow/dags/weather_dag.py
[2026-08-12T00:05:00.626+0000] {processor.py:925} INFO - DAG(s) 'weather_ingestion' retrieved from /opt/airflow/dags/weather_dag.py
[2026-08-12T00:05:00.636+0000] {logging_mixin.py:190} INFO - [2026-08-12T00:05:00.636+0000] {dag.py:3239} INFO - Sync 1 DAGs
[2026-08-12T00:05:00.645+0000] {logging_mixin.py:190} INFO - [2026-08-12T00:05:00.644+0000] {dag.py:4180} INFO - Setting next_dagrun for weather_ingestion to 2026-08-12 00:00:00+00:00, run_after=2026-08-12 01:00:00+00:00
[2026-08-12T00:05:00.650+0000] {processor.py:208} INFO - Processing /opt/airflow/dags/weather_dag.py took 0.319 seconds
[2026-08-12T00:22:09.759+0000] {processor.py:186} INFO - Started process (PID=40290) to work on /opt/airflow/dags/weather_dag.py
[2026-08-12T00:22:09.760+0000] {processor.py:914} INFO - Processing file /opt/airflow/dags/weather_dag.py for tasks to queue
[2026-08-12T00:22:09.767+0000] {logging_mixin.py:190} INFO - [2026-08-12T00:22:09.766+0000] {dagbag.py:588} INFO - Filling up the DagBag from /opt/airflow/dags/weather_dag.py
[2026-08-12T00:22:10.325+0000] {processor.py:925} INFO - DAG(s) 'weather_ingestion' retrieved from /opt/airflow/dags/weather_dag.py
[2026-08-12T00:22:10.337+0000] {logging_mixin.py:190} INFO - [2026-08-12T00:22:10.337+0000] {dag.py:3239} INFO - Sync 1 DAGs
[2026-08-12T00:22:10.348+0000] {logging_mixin.py:190} INFO - [2026-08-12T00:22:10.348+0000] {dag.py:4180} INFO - Setting next_dagrun for weather_ingestion to 2026-08-12 00:00:00+00:00, run_after=2026-08-12 01:00:00+00:00
[2026-08-12T00:22:10.355+0000] {processor.py:208} INFO - Processing /opt/airflow/dags/weather_dag.py took 0.623 seconds
[2026-08-12T00:22:40.827+0000] {processor.py:186} INFO - Started process (PID=40302) to work on /opt/airflow/dags/weather_dag.py
[2026-08-12T00:22:40.829+0000] {processor.py:914} INFO - Processing file /opt/airflow/dags/weather_dag.py for tasks to queue
[2026-08-12T00:22:40.833+0000] {logging_mixin.py:190} INFO - [2026-08-12T00:22:40.832+0000] {dagbag.py:588} INFO - Filling up the DagBag from /opt/airflow/dags/weather_dag.py
[2026-08-12T00:22:41.453+0000] {processor.py:925} INFO - DAG(s) 'weather_ingestion' retrieved from /opt/airflow/dags/weather_dag.py
[2026-08-12T00:22:41.466+0000] {logging_mixin.py:190} INFO - [2026-08-12T00:22:41.465+0000] {dag.py:3239} INFO - Sync 1 DAGs
[2026-08-12T00:22:41.475+0000] {logging_mixin.py:190} INFO - [2026-08-12T00:22:41.475+0000] {dag.py:4180} INFO - Setting next_dagrun for weather_ingestion to 2026-08-12 00:00:00+00:00, run_after=2026-08-12 01:00:00+00:00
[2026-08-12T00:22:41.482+0000] {processor.py:208} INFO - Processing /opt/airflow/dags/weather_dag.py took 0.666 seconds
[2026-08-12T00:23:11.816+0000] {processor.py:186} INFO - Started process (PID=40309) to work on /opt/airflow/dags/weather_dag.py
[2026-08-12T00:23:11.819+0000] {processor.py:914} INFO - Processing file /opt/airflow/dags/weather_dag.py for tasks to queue
[2026-08-12T00:23:11.821+0000] {logging_mixin.py:190} INFO - [2026-08-12T00:23:11.820+0000] {dagbag.py:588} INFO - Filling up the DagBag from /opt/airflow/dags/weather_dag.py
[2026-08-12T00:23:12.106+0000] {processor.py:925} INFO - DAG(s) 'weather_ingestion' retrieved from /opt/airflow/dags/weather_dag.py
[2026-08-12T00:23:12.116+0000] {logging_mixin.py:190} INFO - [2026-08-12T00:23:12.116+0000] {dag.py:3239} INFO - Sync 1 DAGs
[2026-08-12T00:23:12.125+0000] {logging_mixin.py:190} INFO - [2026-08-12T00:23:12.125+0000] {dag.py:4180} INFO - Setting next_dagrun for weather_ingestion to 2026-08-12 00:00:00+00:00, run_after=2026-08-12 01:00:00+00:00
[2026-08-12T00:23:12.131+0000] {processor.py:208} INFO - Processing /opt/airflow/dags/weather_dag.py took 0.326 seconds
[2026-08-12T00:23:42.222+0000] {processor.py:186} INFO - Started process (PID=40316) to work on /opt/airflow/dags/weather_dag.py
[2026-08-12T00:23:42.224+0000] {processor.py:914} INFO - Processing file /opt/airflow/dags/weather_dag.py for tasks to queue
[2026-08-12T00:23:42.228+0000] {logging_mixin.py:190} INFO - [2026-08-12T00:23:42.227+0000] {dagbag.py:588} INFO - Filling up the DagBag from /opt/airflow/dags/weather_dag.py
[2026-08-12T00:23:42.548+0000] {processor.py:925} INFO - DAG(s) 'weather_ingestion' retrieved from /opt/airflow/dags/weather_dag.py
[2026-08-12T00:23:42.558+0000] {logging_mixin.py:190} INFO - [2026-08-12T00:23:42.558+0000] {dag.py:3239} INFO - Sync 1 DAGs
[2026-08-12T00:23:42.566+0000] {logging_mixin.py:190} INFO - [2026-08-12T00:23:42.566+0000] {dag.py:4180} INFO - Setting next_dagrun for weather_ingestion to 2026-08-12 00:00:00+00:00, run_after=2026-08-12 01:00:00+00:00
[2026-08-12T00:23:42.573+0000] {processor.py:208} INFO - Processing /opt/airflow/dags/weather_dag.py took 0.364 seconds
[2026-08-12T00:24:12.856+0000] {processor.py:186} INFO - Started process (PID=40323) to work on /opt/airflow/dags/weather_dag.py
[2026-08-12T00:24:12.858+0000] {processor.py:914} INFO - Processing file /opt/airflow/dags/weather_dag.py for tasks to queue
[2026-08-12T00:24:12.862+0000] {logging_mixin.py:190} INFO - [2026-08-12T00:24:12.861+0000] {dagbag.py:588} INFO - Filling up the DagBag from /opt/airflow/dags/weather_dag.py
[2026-08-12T00:24:13.301+0000] {processor.py:925} INFO - DAG(s) 'weather_ingestion' retrieved from /opt/airflow/dags/weather_dag.py
[2026-08-12T00:24:13.313+0000] {logging_mixin.py:190} INFO - [2026-08-12T00:24:13.313+0000] {dag.py:3239} INFO - Sync 1 DAGs
[2026-08-12T00:24:13.322+0000] {logging_mixin.py:190} INFO - [2026-08-12T00:24:13.322+0000] {dag.py:4180} INFO - Setting next_dagrun for weather_ingestion to 2026-08-12 00:00:00+00:00, run_after=2026-08-12 01:00:00+00:00
[2026-08-12T00:24:13.328+0000] {processor.py:208} INFO - Processing /opt/airflow/dags/weather_dag.py took 0.480 seconds
[2026-08-12T00:39:40.796+0000] {processor.py:186} INFO - Started process (PID=40335) to work on /opt/airflow/dags/weather_dag.py
[2026-08-12T00:39:40.798+0000] {processor.py:914} INFO - Processing file /opt/airflow/dags/weather_dag.py for tasks to queue
[2026-08-12T00:39:40.804+0000] {logging_mixin.py:190} INFO - [2026-08-12T00:39:40.803+0000] {dagbag.py:588} INFO - Filling up the DagBag from /opt/airflow/dags/weather_dag.py
[2026-08-12T00:39:41.585+0000] {processor.py:925} INFO - DAG(s) 'weather_ingestion' retrieved from /opt/airflow/dags/weather_dag.py
[2026-08-12T00:39:41.596+0000] {logging_mixin.py:190} INFO - [2026-08-12T00:39:41.596+0000] {dag.py:3239} INFO - Sync 1 DAGs
[2026-08-12T00:39:41.605+0000] {logging_mixin.py:190} INFO - [2026-08-12T00:39:41.605+0000] {dag.py:4180} INFO - Setting next_dagrun for weather_ingestion to 2026-08-12 00:00:00+00:00, run_after=2026-08-12 01:00:00+00:00
[2026-08-12T00:39:41.612+0000] {processor.py:208} INFO - Processing /opt/airflow/dags/weather_dag.py took 0.827 seconds
[2026-08-12T00:40:12.070+0000] {processor.py:186} INFO - Started process (PID=40342) to work on /opt/airflow/dags/weather_dag.py
[2026-08-12T00:40:12.083+0000] {processor.py:914} INFO - Processing file /opt/airflow/dags/weather_dag.py for tasks to queue
[2026-08-12T00:40:12.103+0000] {logging_mixin.py:190} INFO - [2026-08-12T00:40:12.102+0000] {dagbag.py:588} INFO - Filling up the DagBag from /opt/airflow/dags/weather_dag.py
[2026-08-12T00:40:12.694+0000] {processor.py:925} INFO - DAG(s) 'weather_ingestion' retrieved from /opt/airflow/dags/weather_dag.py
[2026-08-12T00:40:12.712+0000] {logging_mixin.py:190} INFO - [2026-08-12T00:40:12.712+0000] {dag.py:3239} INFO - Sync 1 DAGs
[2026-08-12T00:40:12.723+0000] {logging_mixin.py:190} INFO - [2026-08-12T00:40:12.723+0000] {dag.py:4180} INFO - Setting next_dagrun for weather_ingestion to 2026-08-12 00:00:00+00:00, run_after=2026-08-12 01:00:00+00:00
[2026-08-12T00:40:12.729+0000] {processor.py:208} INFO - Processing /opt/airflow/dags/weather_dag.py took 0.680 seconds
[2026-08-12T00:40:43.062+0000] {processor.py:186} INFO - Started process (PID=40349) to work on /opt/airflow/dags/weather_dag.py
[2026-08-12T00:40:43.064+0000] {processor.py:914} INFO - Processing file /opt/airflow/dags/weather_dag.py for tasks to queue
[2026-08-12T00:40:43.066+0000] {logging_mixin.py:190} INFO - [2026-08-12T00:40:43.066+0000] {dagbag.py:588} INFO - Filling up the DagBag from /opt/airflow/dags/weather_dag.py
[2026-08-12T00:40:43.363+0000] {processor.py:925} INFO - DAG(s) 'weather_ingestion' retrieved from /opt/airflow/dags/weather_dag.py
[2026-08-12T00:40:43.372+0000] {logging_mixin.py:190} INFO - [2026-08-12T00:40:43.372+0000] {dag.py:3239} INFO - Sync 1 DAGs
[2026-08-12T00:40:43.381+0000] {logging_mixin.py:190} INFO - [2026-08-12T00:40:43.381+0000] {dag.py:4180} INFO - Setting next_dagrun for weather_ingestion to 2026-08-12 00:00:00+00:00, run_after=2026-08-12 01:00:00+00:00
[2026-08-12T00:40:43.388+0000] {processor.py:208} INFO - Processing /opt/airflow/dags/weather_dag.py took 0.333 seconds
[2026-08-12T00:41:13.799+0000] {processor.py:186} INFO - Started process (PID=40356) to work on /opt/airflow/dags/weather_dag.py
[2026-08-12T00:41:13.801+0000] {processor.py:914} INFO - Processing file /opt/airflow/dags/weather_dag.py for tasks to queue
[2026-08-12T00:41:13.804+0000] {logging_mixin.py:190} INFO - [2026-08-12T00:41:13.804+0000] {dagbag.py:588} INFO - Filling up the DagBag from /opt/airflow/dags/weather_dag.py
[2026-08-12T00:41:14.181+0000] {processor.py:925} INFO - DAG(s) 'weather_ingestion' retrieved from /opt/airflow/dags/weather_dag.py
[2026-08-12T00:41:14.192+0000] {logging_mixin.py:190} INFO - [2026-08-12T00:41:14.192+0000] {dag.py:3239} INFO - Sync 1 DAGs
[2026-08-12T00:41:14.202+0000] {logging_mixin.py:190} INFO - [2026-08-12T00:41:14.202+0000] {dag.py:4180} INFO - Setting next_dagrun for weather_ingestion to 2026-08-12 00:00:00+00:00, run_after=2026-08-12 01:00:00+00:00
[2026-08-12T00:41:14.208+0000] {processor.py:208} INFO - Processing /opt/airflow/dags/weather_dag.py took 0.419 seconds
[2026-08-12T00:41:45.216+0000] {processor.py:186} INFO - Started process (PID=40363) to work on /opt/airflow/dags/weather_dag.py
[2026-08-12T00:41:45.222+0000] {processor.py:914} INFO - Processing file /opt/airflow/dags/weather_dag.py for tasks to queue
[2026-08-12T00:41:45.226+0000] {logging_mixin.py:190} INFO - [2026-08-12T00:41:45.225+0000] {dagbag.py:588} INFO - Filling up the DagBag from /opt/airflow/dags/weather_dag.py
[2026-08-12T00:41:45.674+0000] {processor.py:925} INFO - DAG(s) 'weather_ingestion' retrieved from /opt/airflow/dags/weather_dag.py
[2026-08-12T00:41:45.700+0000] {logging_mixin.py:190} INFO - [2026-08-12T00:41:45.700+0000] {dag.py:3239} INFO - Sync 1 DAGs
[2026-08-12T00:41:45.713+0000] {logging_mixin.py:190} INFO - [2026-08-12T00:41:45.713+0000] {dag.py:4180} INFO - Setting next_dagrun for weather_ingestion to 2026-08-12 00:00:00+00:00, run_after=2026-08-12 01:00:00+00:00
[2026-08-12T00:41:45.720+0000] {processor.py:208} INFO - Processing /opt/airflow/dags/weather_dag.py took 0.516 seconds
[2026-08-12T00:54:52.810+0000] {processor.py:186} INFO - Started process (PID=40370) to work on /opt/airflow/dags/weather_dag.py
[2026-08-12T00:54:52.812+0000] {processor.py:914} INFO - Processing file /opt/airflow/dags/weather_dag.py for tasks to queue
[2026-08-12T00:54:52.817+0000] {logging_mixin.py:190} INFO - [2026-08-12T00:54:52.816+0000] {dagbag.py:588} INFO - Filling up the DagBag from /opt/airflow/dags/weather_dag.py
[2026-08-12T00:54:53.341+0000] {processor.py:925} INFO - DAG(s) 'weather_ingestion' retrieved from /opt/airflow/dags/weather_dag.py
[2026-08-12T00:54:53.353+0000] {logging_mixin.py:190} INFO - [2026-08-12T00:54:53.353+0000] {dag.py:3239} INFO - Sync 1 DAGs
[2026-08-12T00:54:53.363+0000] {logging_mixin.py:190} INFO - [2026-08-12T00:54:53.363+0000] {dag.py:4180} INFO - Setting next_dagrun for weather_ingestion to 2026-08-12 00:00:00+00:00, run_after=2026-08-12 01:00:00+00:00
[2026-08-12T00:54:53.369+0000] {processor.py:208} INFO - Processing /opt/airflow/dags/weather_dag.py took 0.572 seconds
[2026-08-12T00:55:23.626+0000] {processor.py:186} INFO - Started process (PID=40377) to work on /opt/airflow/dags/weather_dag.py
[2026-08-12T00:55:23.629+0000] {processor.py:914} INFO - Processing file /opt/airflow/dags/weather_dag.py for tasks to queue
[2026-08-12T00:55:23.636+0000] {logging_mixin.py:190} INFO - [2026-08-12T00:55:23.635+0000] {dagbag.py:588} INFO - Filling up the DagBag from /opt/airflow/dags/weather_dag.py
[2026-08-12T00:55:24.188+0000] {processor.py:925} INFO - DAG(s) 'weather_ingestion' retrieved from /opt/airflow/dags/weather_dag.py
[2026-08-12T00:55:24.200+0000] {logging_mixin.py:190} INFO - [2026-08-12T00:55:24.200+0000] {dag.py:3239} INFO - Sync 1 DAGs
[2026-08-12T00:55:24.209+0000] {logging_mixin.py:190} INFO - [2026-08-12T00:55:24.209+0000] {dag.py:4180} INFO - Setting next_dagrun for weather_ingestion to 2026-08-12 00:00:00+00:00, run_after=2026-08-12 01:00:00+00:00
[2026-08-12T00:55:24.216+0000] {processor.py:208} INFO - Processing /opt/airflow/dags/weather_dag.py took 0.607 seconds
[2026-08-12T00:55:54.637+0000] {processor.py:186} INFO - Started process (PID=40384) to work on /opt/airflow/dags/weather_dag.py
[2026-08-12T00:55:54.639+0000] {processor.py:914} INFO - Processing file /opt/airflow/dags/weather_dag.py for tasks to queue
[2026-08-12T00:55:54.642+0000] {logging_mixin.py:190} INFO - [2026-08-12T00:55:54.641+0000] {dagbag.py:588} INFO - Filling up the DagBag from /opt/airflow/dags/weather_dag.py
[2026-08-12T00:55:54.925+0000] {processor.py:925} INFO - DAG(s) 'weather_ingestion' retrieved from /opt/airflow/dags/weather_dag.py
[2026-08-12T00:55:54.935+0000] {logging_mixin.py:190} INFO - [2026-08-12T00:55:54.935+0000] {dag.py:3239} INFO - Sync 1 DAGs
[2026-08-12T00:55:54.943+0000] {logging_mixin.py:190} INFO - [2026-08-12T00:55:54.943+0000] {dag.py:4180} INFO - Setting next_dagrun for weather_ingestion to 2026-08-12 00:00:00+00:00, run_after=2026-08-12 01:00:00+00:00
[2026-08-12T00:55:54.950+0000] {processor.py:208} INFO - Processing /opt/airflow/dags/weather_dag.py took 0.323 seconds
[2026-08-12T00:56:25.037+0000] {processor.py:186} INFO - Started process (PID=40391) to work on /opt/airflow/dags/weather_dag.py
[2026-08-12T00:56:25.040+0000] {processor.py:914} INFO - Processing file /opt/airflow/dags/weather_dag.py for tasks to queue
[2026-08-12T00:56:25.043+0000] {logging_mixin.py:190} INFO - [2026-08-12T00:56:25.043+0000] {dagbag.py:588} INFO - Filling up the DagBag from /opt/airflow/dags/weather_dag.py
[2026-08-12T00:56:25.490+0000] {processor.py:925} INFO - DAG(s) 'weather_ingestion' retrieved from /opt/airflow/dags/weather_dag.py
[2026-08-12T00:56:25.501+0000] {logging_mixin.py:190} INFO - [2026-08-12T00:56:25.501+0000] {dag.py:3239} INFO - Sync 1 DAGs
[2026-08-12T00:56:25.511+0000] {logging_mixin.py:190} INFO - [2026-08-12T00:56:25.511+0000] {dag.py:4180} INFO - Setting next_dagrun for weather_ingestion to 2026-08-12 00:00:00+00:00, run_after=2026-08-12 01:00:00+00:00
[2026-08-12T00:56:25.517+0000] {processor.py:208} INFO - Processing /opt/airflow/dags/weather_dag.py took 0.493 seconds
[2026-08-12T00:56:55.665+0000] {processor.py:186} INFO - Started process (PID=40398) to work on /opt/airflow/dags/weather_dag.py
[2026-08-12T00:56:55.667+0000] {processor.py:914} INFO - Processing file /opt/airflow/dags/weather_dag.py for tasks to queue
[2026-08-12T00:56:55.669+0000] {logging_mixin.py:190} INFO - [2026-08-12T00:56:55.669+0000] {dagbag.py:588} INFO - Filling up the DagBag from /opt/airflow/dags/weather_dag.py
[2026-08-12T00:56:56.027+0000] {processor.py:925} INFO - DAG(s) 'weather_ingestion' retrieved from /opt/airflow/dags/weather_dag.py
[2026-08-12T00:56:56.039+0000] {logging_mixin.py:190} INFO - [2026-08-12T00:56:56.038+0000] {dag.py:3239} INFO - Sync 1 DAGs
[2026-08-12T00:56:56.048+0000] {logging_mixin.py:190} INFO - [2026-08-12T00:56:56.048+0000] {dag.py:4180} INFO - Setting next_dagrun for weather_ingestion to 2026-08-12 00:00:00+00:00, run_after=2026-08-12 01:00:00+00:00
[2026-08-12T00:56:56.056+0000] {processor.py:208} INFO - Processing /opt/airflow/dags/weather_dag.py took 0.399 seconds
[2026-08-12T01:04:32.927+0000] {processor.py:186} INFO - Started process (PID=40405) to work on /opt/airflow/dags/weather_dag.py
[2026-08-12T01:04:32.927+0000] {processor.py:914} INFO - Processing file /opt/airflow/dags/weather_dag.py for tasks to queue
[2026-08-12T01:04:32.930+0000] {logging_mixin.py:190} INFO - [2026-08-12T01:04:32.930+0000] {dagbag.py:588} INFO - Filling up the DagBag from /opt/airflow/dags/weather_dag.py
[2026-08-12T01:04:33.351+0000] {processor.py:925} INFO - DAG(s) 'weather_ingestion' retrieved from /opt/airflow/dags/weather_dag.py
[2026-08-12T01:04:33.367+0000] {logging_mixin.py:190} INFO - [2026-08-12T01:04:33.366+0000] {dag.py:3239} INFO - Sync 1 DAGs
[2026-08-12T01:04:33.378+0000] {logging_mixin.py:190} INFO - [2026-08-12T01:04:33.378+0000] {dag.py:4180} INFO - Setting next_dagrun for weather_ingestion to 2026-08-12 01:00:00+00:00, run_after=2026-08-12 02:00:00+00:00
[2026-08-12T01:04:33.391+0000] {processor.py:208} INFO - Processing /opt/airflow/dags/weather_dag.py took 0.470 seconds
[2026-08-12T01:05:03.669+0000] {processor.py:186} INFO - Started process (PID=40417) to work on /opt/airflow/dags/weather_dag.py
[2026-08-12T01:05:03.670+0000] {processor.py:914} INFO - Processing file /opt/airflow/dags/weather_dag.py for tasks to queue
[2026-08-12T01:05:03.674+0000] {logging_mixin.py:190} INFO - [2026-08-12T01:05:03.673+0000] {dagbag.py:588} INFO - Filling up the DagBag from /opt/airflow/dags/weather_dag.py
[2026-08-12T01:05:04.081+0000] {processor.py:925} INFO - DAG(s) 'weather_ingestion' retrieved from /opt/airflow/dags/weather_dag.py
[2026-08-12T01:05:04.093+0000] {logging_mixin.py:190} INFO - [2026-08-12T01:05:04.093+0000] {dag.py:3239} INFO - Sync 1 DAGs
[2026-08-12T01:05:04.103+0000] {logging_mixin.py:190} INFO - [2026-08-12T01:05:04.103+0000] {dag.py:4180} INFO - Setting next_dagrun for weather_ingestion to 2026-08-12 01:00:00+00:00, run_after=2026-08-12 02:00:00+00:00
[2026-08-12T01:05:04.109+0000] {processor.py:208} INFO - Processing /opt/airflow/dags/weather_dag.py took 0.450 seconds
[2026-08-12T01:05:34.457+0000] {processor.py:186} INFO - Started process (PID=40424) to work on /opt/airflow/dags/weather_dag.py
[2026-08-12T01:05:34.458+0000] {processor.py:914} INFO - Processing file /opt/airflow/dags/weather_dag.py for tasks to queue
[2026-08-12T01:05:34.460+0000] {logging_mixin.py:190} INFO - [2026-08-12T01:05:34.460+0000] {dagbag.py:588} INFO - Filling up the DagBag from /opt/airflow/dags/weather_dag.py
[2026-08-12T01:05:34.739+0000] {processor.py:925} INFO - DAG(s) 'weather_ingestion' retrieved from /opt/airflow/dags/weather_dag.py
[2026-08-12T01:05:34.749+0000] {logging_mixin.py:190} INFO - [2026-08-12T01:05:34.749+0000] {dag.py:3239} INFO - Sync 1 DAGs
[2026-08-12T01:05:34.757+0000] {logging_mixin.py:190} INFO - [2026-08-12T01:05:34.757+0000] {dag.py:4180} INFO - Setting next_dagrun for weather_ingestion to 2026-08-12 01:00:00+00:00, run_after=2026-08-12 02:00:00+00:00
[2026-08-12T01:05:34.764+0000] {processor.py:208} INFO - Processing /opt/airflow/dags/weather_dag.py took 0.314 seconds
[2026-08-12T01:06:05.102+0000] {processor.py:186} INFO - Started process (PID=40431) to work on /opt/airflow/dags/weather_dag.py
[2026-08-12T01:06:05.104+0000] {processor.py:914} INFO - Processing file /opt/airflow/dags/weather_dag.py for tasks to queue
[2026-08-12T01:06:05.106+0000] {logging_mixin.py:190} INFO - [2026-08-12T01:06:05.106+0000] {dagbag.py:588} INFO - Filling up the DagBag from /opt/airflow/dags/weather_dag.py
[2026-08-12T01:06:05.392+0000] {processor.py:925} INFO - DAG(s) 'weather_ingestion' retrieved from /opt/airflow/dags/weather_dag.py
[2026-08-12T01:06:05.402+0000] {logging_mixin.py:190} INFO - [2026-08-12T01:06:05.402+0000] {dag.py:3239} INFO - Sync 1 DAGs
[2026-08-12T01:06:05.411+0000] {logging_mixin.py:190} INFO - [2026-08-12T01:06:05.411+0000] {dag.py:4180} INFO - Setting next_dagrun for weather_ingestion to 2026-08-12 01:00:00+00:00, run_after=2026-08-12 02:00:00+00:00
[2026-08-12T01:06:05.418+0000] {processor.py:208} INFO - Processing /opt/airflow/dags/weather_dag.py took 0.323 seconds
[2026-08-12T01:06:35.727+0000] {processor.py:186} INFO - Started process (PID=40438) to work on /opt/airflow/dags/weather_dag.py
[2026-08-12T01:06:35.728+0000] {processor.py:914} INFO - Processing file /opt/airflow/dags/weather_dag.py for tasks to queue
[2026-08-12T01:06:35.730+0000] {logging_mixin.py:190} INFO - [2026-08-12T01:06:35.730+0000] {dagbag.py:588} INFO - Filling up the DagBag from /opt/airflow/dags/weather_dag.py
[2026-08-12T01:06:36.042+0000] {processor.py:925} INFO - DAG(s) 'weather_ingestion' retrieved from /opt/airflow/dags/weather_dag.py
[2026-08-12T01:06:36.052+0000] {logging_mixin.py:190} INFO - [2026-08-12T01:06:36.052+0000] {dag.py:3239} INFO - Sync 1 DAGs
[2026-08-12T01:06:36.061+0000] {logging_mixin.py:190} INFO - [2026-08-12T01:06:36.061+0000] {dag.py:4180} INFO - Setting next_dagrun for weather_ingestion to 2026-08-12 01:00:00+00:00, run_after=2026-08-12 02:00:00+00:00
[2026-08-12T01:06:36.067+0000] {processor.py:208} INFO - Processing /opt/airflow/dags/weather_dag.py took 0.345 seconds
[2026-08-12T01:07:06.421+0000] {processor.py:186} INFO - Started process (PID=40450) to work on /opt/airflow/dags/weather_dag.py
[2026-08-12T01:07:06.423+0000] {processor.py:914} INFO - Processing file /opt/airflow/dags/weather_dag.py for tasks to queue
[2026-08-12T01:07:06.427+0000] {logging_mixin.py:190} INFO - [2026-08-12T01:07:06.426+0000] {dagbag.py:588} INFO - Filling up the DagBag from /opt/airflow/dags/weather_dag.py
[2026-08-12T01:07:06.786+0000] {processor.py:925} INFO - DAG(s) 'weather_ingestion' retrieved from /opt/airflow/dags/weather_dag.py
[2026-08-12T01:07:06.796+0000] {logging_mixin.py:190} INFO - [2026-08-12T01:07:06.796+0000] {dag.py:3239} INFO - Sync 1 DAGs
[2026-08-12T01:07:06.805+0000] {logging_mixin.py:190} INFO - [2026-08-12T01:07:06.805+0000] {dag.py:4180} INFO - Setting next_dagrun for weather_ingestion to 2026-08-12 01:00:00+00:00, run_after=2026-08-12 02:00:00+00:00
[2026-08-12T01:07:06.811+0000] {processor.py:208} INFO - Processing /opt/airflow/dags/weather_dag.py took 0.400 seconds
[2026-08-12T01:07:37.154+0000] {processor.py:186} INFO - Started process (PID=40457) to work on /opt/airflow/dags/weather_dag.py
[2026-08-12T01:07:37.155+0000] {processor.py:914} INFO - Processing file /opt/airflow/dags/weather_dag.py for tasks to queue
[2026-08-12T01:07:37.158+0000] {logging_mixin.py:190} INFO - [2026-08-12T01:07:37.158+0000] {dagbag.py:588} INFO - Filling up the DagBag from /opt/airflow/dags/weather_dag.py
[2026-08-12T01:07:37.447+0000] {processor.py:925} INFO - DAG(s) 'weather_ingestion' retrieved from /opt/airflow/dags/weather_dag.py
[2026-08-12T01:07:37.457+0000] {logging_mixin.py:190} INFO - [2026-08-12T01:07:37.457+0000] {dag.py:3239} INFO - Sync 1 DAGs
[2026-08-12T01:07:37.465+0000] {logging_mixin.py:190} INFO - [2026-08-12T01:07:37.465+0000] {dag.py:4180} INFO - Setting next_dagrun for weather_ingestion to 2026-08-12 01:00:00+00:00, run_after=2026-08-12 02:00:00+00:00
[2026-08-12T01:07:37.470+0000] {processor.py:208} INFO - Processing /opt/airflow/dags/weather_dag.py took 0.323 seconds
[2026-08-12T01:08:07.806+0000] {processor.py:186} INFO - Started process (PID=40464) to work on /opt/airflow/dags/weather_dag.py
[2026-08-12T01:08:07.807+0000] {processor.py:914} INFO - Processing file /opt/airflow/dags/weather_dag.py for tasks to queue
[2026-08-12T01:08:07.809+0000] {logging_mixin.py:190} INFO - [2026-08-12T01:08:07.809+0000] {dagbag.py:588} INFO - Filling up the DagBag from /opt/airflow/dags/weather_dag.py
[2026-08-12T01:08:08.096+0000] {processor.py:925} INFO - DAG(s) 'weather_ingestion' retrieved from /opt/airflow/dags/weather_dag.py
[2026-08-12T01:08:08.105+0000] {logging_mixin.py:190} INFO - [2026-08-12T01:08:08.105+0000] {dag.py:3239} INFO - Sync 1 DAGs
[2026-08-12T01:08:08.113+0000] {logging_mixin.py:190} INFO - [2026-08-12T01:08:08.113+0000] {dag.py:4180} INFO - Setting next_dagrun for weather_ingestion to 2026-08-12 01:00:00+00:00, run_after=2026-08-12 02:00:00+00:00
[2026-08-12T01:08:08.119+0000] {processor.py:208} INFO - Processing /opt/airflow/dags/weather_dag.py took 0.318 seconds
[2026-08-12T01:08:38.394+0000] {processor.py:186} INFO - Started process (PID=40471) to work on /opt/airflow/dags/weather_dag.py
[2026-08-12T01:08:38.396+0000] {processor.py:914} INFO - Processing file /opt/airflow/dags/weather_dag.py for tasks to queue
[2026-08-12T01:08:38.397+0000] {logging_mixin.py:190} INFO - [2026-08-12T01:08:38.397+0000] {dagbag.py:588} INFO - Filling up the DagBag from /opt/airflow/dags/weather_dag.py
[2026-08-12T01:08:38.714+0000] {processor.py:925} INFO - DAG(s) 'weather_ingestion' retrieved from /opt/airflow/dags/weather_dag.py
[2026-08-12T01:08:38.724+0000] {logging_mixin.py:190} INFO - [2026-08-12T01:08:38.724+0000] {dag.py:3239} INFO - Sync 1 DAGs
[2026-08-12T01:08:38.732+0000] {logging_mixin.py:190} INFO - [2026-08-12T01:08:38.732+0000] {dag.py:4180} INFO - Setting next_dagrun for weather_ingestion to 2026-08-12 01:00:00+00:00, run_after=2026-08-12 02:00:00+00:00
[2026-08-12T01:08:38.739+0000] {processor.py:208} INFO - Processing /opt/airflow/dags/weather_dag.py took 0.352 seconds
[2026-08-12T01:09:09.048+0000] {processor.py:186} INFO - Started process (PID=40478) to work on /opt/airflow/dags/weather_dag.py
[2026-08-12T01:09:09.050+0000] {processor.py:914} INFO - Processing file /opt/airflow/dags/weather_dag.py for tasks to queue
[2026-08-12T01:09:09.053+0000] {logging_mixin.py:190} INFO - [2026-08-12T01:09:09.052+0000] {dagbag.py:588} INFO - Filling up the DagBag from /opt/airflow/dags/weather_dag.py
[2026-08-12T01:09:09.345+0000] {processor.py:925} INFO - DAG(s) 'weather_ingestion' retrieved from /opt/airflow/dags/weather_dag.py
[2026-08-12T01:09:09.356+0000] {logging_mixin.py:190} INFO - [2026-08-12T01:09:09.355+0000] {dag.py:3239} INFO - Sync 1 DAGs
[2026-08-12T01:09:09.365+0000] {logging_mixin.py:190} INFO - [2026-08-12T01:09:09.364+0000] {dag.py:4180} INFO - Setting next_dagrun for weather_ingestion to 2026-08-12 01:00:00+00:00, run_after=2026-08-12 02:00:00+00:00
[2026-08-12T01:09:09.371+0000] {processor.py:208} INFO - Processing /opt/airflow/dags/weather_dag.py took 0.330 seconds
[2026-08-12T01:09:39.514+0000] {processor.py:186} INFO - Started process (PID=40485) to work on /opt/airflow/dags/weather_dag.py
[2026-08-12T01:09:39.516+0000] {processor.py:914} INFO - Processing file /opt/airflow/dags/weather_dag.py for tasks to queue
[2026-08-12T01:09:39.523+0000] {logging_mixin.py:190} INFO - [2026-08-12T01:09:39.520+0000] {dagbag.py:588} INFO - Filling up the DagBag from /opt/airflow/dags/weather_dag.py
[2026-08-12T01:09:40.904+0000] {processor.py:925} INFO - DAG(s) 'weather_ingestion' retrieved from /opt/airflow/dags/weather_dag.py
[2026-08-12T01:09:40.940+0000] {logging_mixin.py:190} INFO - [2026-08-12T01:09:40.940+0000] {dag.py:3239} INFO - Sync 1 DAGs
[2026-08-12T01:09:40.982+0000] {logging_mixin.py:190} INFO - [2026-08-12T01:09:40.981+0000] {dag.py:4180} INFO - Setting next_dagrun for weather_ingestion to 2026-08-12 01:00:00+00:00, run_after=2026-08-12 02:00:00+00:00
[2026-08-12T01:09:41.010+0000] {processor.py:208} INFO - Processing /opt/airflow/dags/weather_dag.py took 1.520 seconds
[2026-08-12T01:10:11.085+0000] {processor.py:186} INFO - Started process (PID=40492) to work on /opt/airflow/dags/weather_dag.py
[2026-08-12T01:10:11.088+0000] {processor.py:914} INFO - Processing file /opt/airflow/dags/weather_dag.py for tasks to queue
[2026-08-12T01:10:11.092+0000] {logging_mixin.py:190} INFO - [2026-08-12T01:10:11.091+0000] {dagbag.py:588} INFO - Filling up the DagBag from /opt/airflow/dags/weather_dag.py
[2026-08-12T01:10:11.492+0000] {processor.py:925} INFO - DAG(s) 'weather_ingestion' retrieved from /opt/airflow/dags/weather_dag.py
[2026-08-12T01:10:11.504+0000] {logging_mixin.py:190} INFO - [2026-08-12T01:10:11.504+0000] {dag.py:3239} INFO - Sync 1 DAGs
[2026-08-12T01:10:11.514+0000] {logging_mixin.py:190} INFO - [2026-08-12T01:10:11.514+0000] {dag.py:4180} INFO - Setting next_dagrun for weather_ingestion to 2026-08-12 01:00:00+00:00, run_after=2026-08-12 02:00:00+00:00
[2026-08-12T01:10:11.521+0000] {processor.py:208} INFO - Processing /opt/airflow/dags/weather_dag.py took 0.449 seconds
[2026-08-12T01:10:41.766+0000] {processor.py:186} INFO - Started process (PID=40499) to work on /opt/airflow/dags/weather_dag.py
[2026-08-12T01:10:41.768+0000] {processor.py:914} INFO - Processing file /opt/airflow/dags/weather_dag.py for tasks to queue
[2026-08-12T01:10:41.770+0000] {logging_mixin.py:190} INFO - [2026-08-12T01:10:41.770+0000] {dagbag.py:588} INFO - Filling up the DagBag from /opt/airflow/dags/weather_dag.py
[2026-08-12T01:10:42.061+0000] {processor.py:925} INFO - DAG(s) 'weather_ingestion' retrieved from /opt/airflow/dags/weather_dag.py
[2026-08-12T01:10:42.071+0000] {logging_mixin.py:190} INFO - [2026-08-12T01:10:42.071+0000] {dag.py:3239} INFO - Sync 1 DAGs
[2026-08-12T01:10:42.080+0000] {logging_mixin.py:190} INFO - [2026-08-12T01:10:42.080+0000] {dag.py:4180} INFO - Setting next_dagrun for weather_ingestion to 2026-08-12 01:00:00+00:00, run_after=2026-08-12 02:00:00+00:00
[2026-08-12T01:10:42.086+0000] {processor.py:208} INFO - Processing /opt/airflow/dags/weather_dag.py took 0.328 seconds
[2026-08-12T01:11:12.254+0000] {processor.py:186} INFO - Started process (PID=40506) to work on /opt/airflow/dags/weather_dag.py
[2026-08-12T01:11:12.256+0000] {processor.py:914} INFO - Processing file /opt/airflow/dags/weather_dag.py for tasks to queue
[2026-08-12T01:11:12.258+0000] {logging_mixin.py:190} INFO - [2026-08-12T01:11:12.258+0000] {dagbag.py:588} INFO - Filling up the DagBag from /opt/airflow/dags/weather_dag.py
[2026-08-12T01:11:12.541+0000] {processor.py:925} INFO - DAG(s) 'weather_ingestion' retrieved from /opt/airflow/dags/weather_dag.py
[2026-08-12T01:11:12.551+0000] {logging_mixin.py:190} INFO - [2026-08-12T01:11:12.550+0000] {dag.py:3239} INFO - Sync 1 DAGs
[2026-08-12T01:11:12.559+0000] {logging_mixin.py:190} INFO - [2026-08-12T01:11:12.559+0000] {dag.py:4180} INFO - Setting next_dagrun for weather_ingestion to 2026-08-12 01:00:00+00:00, run_after=2026-08-12 02:00:00+00:00
[2026-08-12T01:11:12.565+0000] {processor.py:208} INFO - Processing /opt/airflow/dags/weather_dag.py took 0.318 seconds
[2026-08-12T01:11:42.860+0000] {processor.py:186} INFO - Started process (PID=40513) to work on /opt/airflow/dags/weather_dag.py
[2026-08-12T01:11:42.862+0000] {processor.py:914} INFO - Processing file /opt/airflow/dags/weather_dag.py for tasks to queue
[2026-08-12T01:11:42.864+0000] {logging_mixin.py:190} INFO - [2026-08-12T01:11:42.864+0000] {dagbag.py:588} INFO - Filling up the DagBag from /opt/airflow/dags/weather_dag.py
[2026-08-12T01:11:43.151+0000] {processor.py:925} INFO - DAG(s) 'weather_ingestion' retrieved from /opt/airflow/dags/weather_dag.py
[2026-08-12T01:11:43.161+0000] {logging_mixin.py:190} INFO - [2026-08-12T01:11:43.161+0000] {dag.py:3239} INFO - Sync 1 DAGs
[2026-08-12T01:11:43.169+0000] {logging_mixin.py:190} INFO - [2026-08-12T01:11:43.168+0000] {dag.py:4180} INFO - Setting next_dagrun for weather_ingestion to 2026-08-12 01:00:00+00:00, run_after=2026-08-12 02:00:00+00:00
[2026-08-12T01:11:43.175+0000] {processor.py:208} INFO - Processing /opt/airflow/dags/weather_dag.py took 0.324 seconds
[2026-08-12T01:12:13.259+0000] {processor.py:186} INFO - Started process (PID=40520) to work on /opt/airflow/dags/weather_dag.py
[2026-08-12T01:12:13.261+0000] {processor.py:914} INFO - Processing file /opt/airflow/dags/weather_dag.py for tasks to queue
[2026-08-12T01:12:13.263+0000] {logging_mixin.py:190} INFO - [2026-08-12T01:12:13.263+0000] {dagbag.py:588} INFO - Filling up the DagBag from /opt/airflow/dags/weather_dag.py
[2026-08-12T01:12:13.548+0000] {processor.py:925} INFO - DAG(s) 'weather_ingestion' retrieved from /opt/airflow/dags/weather_dag.py
[2026-08-12T01:12:13.557+0000] {logging_mixin.py:190} INFO - [2026-08-12T01:12:13.557+0000] {dag.py:3239} INFO - Sync 1 DAGs
[2026-08-12T01:12:13.567+0000] {logging_mixin.py:190} INFO - [2026-08-12T01:12:13.567+0000] {dag.py:4180} INFO - Setting next_dagrun for weather_ingestion to 2026-08-12 01:00:00+00:00, run_after=2026-08-12 02:00:00+00:00
[2026-08-12T01:12:13.573+0000] {processor.py:208} INFO - Processing /opt/airflow/dags/weather_dag.py took 0.322 seconds
[2026-08-12T01:12:44.007+0000] {processor.py:186} INFO - Started process (PID=40527) to work on /opt/airflow/dags/weather_dag.py
[2026-08-12T01:12:44.025+0000] {processor.py:914} INFO - Processing file /opt/airflow/dags/weather_dag.py for tasks to queue
[2026-08-12T01:12:44.030+0000] {logging_mixin.py:190} INFO - [2026-08-12T01:12:44.029+0000] {dagbag.py:588} INFO - Filling up the DagBag from /opt/airflow/dags/weather_dag.py
[2026-08-12T01:12:44.512+0000] {processor.py:925} INFO - DAG(s) 'weather_ingestion' retrieved from /opt/airflow/dags/weather_dag.py
[2026-08-12T01:12:44.553+0000] {logging_mixin.py:190} INFO - [2026-08-12T01:12:44.552+0000] {dag.py:3239} INFO - Sync 1 DAGs
[2026-08-12T01:12:44.579+0000] {logging_mixin.py:190} INFO - [2026-08-12T01:12:44.579+0000] {dag.py:4180} INFO - Setting next_dagrun for weather_ingestion to 2026-08-12 01:00:00+00:00, run_after=2026-08-12 02:00:00+00:00
[2026-08-12T01:12:44.586+0000] {processor.py:208} INFO - Processing /opt/airflow/dags/weather_dag.py took 0.615 seconds
[2026-08-12T01:13:14.895+0000] {processor.py:186} INFO - Started process (PID=40534) to work on /opt/airflow/dags/weather_dag.py
[2026-08-12T01:13:14.897+0000] {processor.py:914} INFO - Processing file /opt/airflow/dags/weather_dag.py for tasks to queue
[2026-08-12T01:13:14.900+0000] {logging_mixin.py:190} INFO - [2026-08-12T01:13:14.899+0000] {dagbag.py:588} INFO - Filling up the DagBag from /opt/airflow/dags/weather_dag.py
[2026-08-12T01:13:15.197+0000] {processor.py:925} INFO - DAG(s) 'weather_ingestion' retrieved from /opt/airflow/dags/weather_dag.py
[2026-08-12T01:13:15.208+0000] {logging_mixin.py:190} INFO - [2026-08-12T01:13:15.208+0000] {dag.py:3239} INFO - Sync 1 DAGs
[2026-08-12T01:13:15.217+0000] {logging_mixin.py:190} INFO - [2026-08-12T01:13:15.217+0000] {dag.py:4180} INFO - Setting next_dagrun for weather_ingestion to 2026-08-12 01:00:00+00:00, run_after=2026-08-12 02:00:00+00:00
[2026-08-12T01:13:15.223+0000] {processor.py:208} INFO - Processing /opt/airflow/dags/weather_dag.py took 0.336 seconds
[2026-08-12T01:13:45.585+0000] {processor.py:186} INFO - Started process (PID=40541) to work on /opt/airflow/dags/weather_dag.py
[2026-08-12T01:13:45.588+0000] {processor.py:914} INFO - Processing file /opt/airflow/dags/weather_dag.py for tasks to queue
[2026-08-12T01:13:45.593+0000] {logging_mixin.py:190} INFO - [2026-08-12T01:13:45.592+0000] {dagbag.py:588} INFO - Filling up the DagBag from /opt/airflow/dags/weather_dag.py
[2026-08-12T01:13:46.159+0000] {processor.py:925} INFO - DAG(s) 'weather_ingestion' retrieved from /opt/airflow/dags/weather_dag.py
[2026-08-12T01:13:46.171+0000] {logging_mixin.py:190} INFO - [2026-08-12T01:13:46.171+0000] {dag.py:3239} INFO - Sync 1 DAGs
[2026-08-12T01:13:46.181+0000] {logging_mixin.py:190} INFO - [2026-08-12T01:13:46.181+0000] {dag.py:4180} INFO - Setting next_dagrun for weather_ingestion to 2026-08-12 01:00:00+00:00, run_after=2026-08-12 02:00:00+00:00
[2026-08-12T01:13:46.188+0000] {processor.py:208} INFO - Processing /opt/airflow/dags/weather_dag.py took 0.619 seconds
[2026-08-12T01:14:16.540+0000] {processor.py:186} INFO - Started process (PID=40548) to work on /opt/airflow/dags/weather_dag.py
[2026-08-12T01:14:16.542+0000] {processor.py:914} INFO - Processing file /opt/airflow/dags/weather_dag.py for tasks to queue
[2026-08-12T01:14:16.545+0000] {logging_mixin.py:190} INFO - [2026-08-12T01:14:16.545+0000] {dagbag.py:588} INFO - Filling up the DagBag from /opt/airflow/dags/weather_dag.py
[2026-08-12T01:14:16.844+0000] {processor.py:925} INFO - DAG(s) 'weather_ingestion' retrieved from /opt/airflow/dags/weather_dag.py
[2026-08-12T01:14:16.855+0000] {logging_mixin.py:190} INFO - [2026-08-12T01:14:16.855+0000] {dag.py:3239} INFO - Sync 1 DAGs
[2026-08-12T01:14:16.864+0000] {logging_mixin.py:190} INFO - [2026-08-12T01:14:16.863+0000] {dag.py:4180} INFO - Setting next_dagrun for weather_ingestion to 2026-08-12 01:00:00+00:00, run_after=2026-08-12 02:00:00+00:00
[2026-08-12T01:14:16.870+0000] {processor.py:208} INFO - Processing /opt/airflow/dags/weather_dag.py took 0.338 seconds
[2026-08-12T01:14:47.225+0000] {processor.py:186} INFO - Started process (PID=40555) to work on /opt/airflow/dags/weather_dag.py
[2026-08-12T01:14:47.227+0000] {processor.py:914} INFO - Processing file /opt/airflow/dags/weather_dag.py for tasks to queue
[2026-08-12T01:14:47.231+0000] {logging_mixin.py:190} INFO - [2026-08-12T01:14:47.231+0000] {dagbag.py:588} INFO - Filling up the DagBag from /opt/airflow/dags/weather_dag.py
[2026-08-12T01:14:47.573+0000] {processor.py:925} INFO - DAG(s) 'weather_ingestion' retrieved from /opt/airflow/dags/weather_dag.py
[2026-08-12T01:14:47.583+0000] {logging_mixin.py:190} INFO - [2026-08-12T01:14:47.583+0000] {dag.py:3239} INFO - Sync 1 DAGs
[2026-08-12T01:14:47.592+0000] {logging_mixin.py:190} INFO - [2026-08-12T01:14:47.591+0000] {dag.py:4180} INFO - Setting next_dagrun for weather_ingestion to 2026-08-12 01:00:00+00:00, run_after=2026-08-12 02:00:00+00:00
[2026-08-12T01:14:47.598+0000] {processor.py:208} INFO - Processing /opt/airflow/dags/weather_dag.py took 0.386 seconds
[2026-08-12T01:15:17.915+0000] {processor.py:186} INFO - Started process (PID=40562) to work on /opt/airflow/dags/weather_dag.py
[2026-08-12T01:15:17.917+0000] {processor.py:914} INFO - Processing file /opt/airflow/dags/weather_dag.py for tasks to queue
[2026-08-12T01:15:17.919+0000] {logging_mixin.py:190} INFO - [2026-08-12T01:15:17.919+0000] {dagbag.py:588} INFO - Filling up the DagBag from /opt/airflow/dags/weather_dag.py
[2026-08-12T01:15:18.239+0000] {processor.py:925} INFO - DAG(s) 'weather_ingestion' retrieved from /opt/airflow/dags/weather_dag.py
[2026-08-12T01:15:18.251+0000] {logging_mixin.py:190} INFO - [2026-08-12T01:15:18.251+0000] {dag.py:3239} INFO - Sync 1 DAGs
[2026-08-12T01:15:18.261+0000] {logging_mixin.py:190} INFO - [2026-08-12T01:15:18.261+0000] {dag.py:4180} INFO - Setting next_dagrun for weather_ingestion to 2026-08-12 01:00:00+00:00, run_after=2026-08-12 02:00:00+00:00
[2026-08-12T01:15:18.267+0000] {processor.py:208} INFO - Processing /opt/airflow/dags/weather_dag.py took 0.361 seconds
[2026-08-12T01:15:48.610+0000] {processor.py:186} INFO - Started process (PID=40569) to work on /opt/airflow/dags/weather_dag.py
[2026-08-12T01:15:48.612+0000] {processor.py:914} INFO - Processing file /opt/airflow/dags/weather_dag.py for tasks to queue
[2026-08-12T01:15:48.615+0000] {logging_mixin.py:190} INFO - [2026-08-12T01:15:48.615+0000] {dagbag.py:588} INFO - Filling up the DagBag from /opt/airflow/dags/weather_dag.py
[2026-08-12T01:15:48.897+0000] {processor.py:925} INFO - DAG(s) 'weather_ingestion' retrieved from /opt/airflow/dags/weather_dag.py
[2026-08-12T01:15:48.907+0000] {logging_mixin.py:190} INFO - [2026-08-12T01:15:48.907+0000] {dag.py:3239} INFO - Sync 1 DAGs
[2026-08-12T01:15:48.915+0000] {logging_mixin.py:190} INFO - [2026-08-12T01:15:48.915+0000] {dag.py:4180} INFO - Setting next_dagrun for weather_ingestion to 2026-08-12 01:00:00+00:00, run_after=2026-08-12 02:00:00+00:00
[2026-08-12T01:15:48.921+0000] {processor.py:208} INFO - Processing /opt/airflow/dags/weather_dag.py took 0.319 seconds
[2026-08-12T01:16:19.048+0000] {processor.py:186} INFO - Started process (PID=40576) to work on /opt/airflow/dags/weather_dag.py
[2026-08-12T01:16:19.050+0000] {processor.py:914} INFO - Processing file /opt/airflow/dags/weather_dag.py for tasks to queue
[2026-08-12T01:16:19.053+0000] {logging_mixin.py:190} INFO - [2026-08-12T01:16:19.053+0000] {dagbag.py:588} INFO - Filling up the DagBag from /opt/airflow/dags/weather_dag.py
[2026-08-12T01:16:19.449+0000] {processor.py:925} INFO - DAG(s) 'weather_ingestion' retrieved from /opt/airflow/dags/weather_dag.py
[2026-08-12T01:16:19.461+0000] {logging_mixin.py:190} INFO - [2026-08-12T01:16:19.461+0000] {dag.py:3239} INFO - Sync 1 DAGs
[2026-08-12T01:16:19.471+0000] {logging_mixin.py:190} INFO - [2026-08-12T01:16:19.471+0000] {dag.py:4180} INFO - Setting next_dagrun for weather_ingestion to 2026-08-12 01:00:00+00:00, run_after=2026-08-12 02:00:00+00:00
[2026-08-12T01:16:19.477+0000] {processor.py:208} INFO - Processing /opt/airflow/dags/weather_dag.py took 0.466 seconds
[2026-08-12T01:16:49.571+0000] {processor.py:186} INFO - Started process (PID=40583) to work on /opt/airflow/dags/weather_dag.py
[2026-08-12T01:16:49.573+0000] {processor.py:914} INFO - Processing file /opt/airflow/dags/weather_dag.py for tasks to queue
[2026-08-12T01:16:49.575+0000] {logging_mixin.py:190} INFO - [2026-08-12T01:16:49.575+0000] {dagbag.py:588} INFO - Filling up the DagBag from /opt/airflow/dags/weather_dag.py
[2026-08-12T01:16:49.897+0000] {processor.py:925} INFO - DAG(s) 'weather_ingestion' retrieved from /opt/airflow/dags/weather_dag.py
[2026-08-12T01:16:49.907+0000] {logging_mixin.py:190} INFO - [2026-08-12T01:16:49.906+0000] {dag.py:3239} INFO - Sync 1 DAGs
[2026-08-12T01:16:49.915+0000] {logging_mixin.py:190} INFO - [2026-08-12T01:16:49.914+0000] {dag.py:4180} INFO - Setting next_dagrun for weather_ingestion to 2026-08-12 01:00:00+00:00, run_after=2026-08-12 02:00:00+00:00
[2026-08-12T01:16:49.921+0000] {processor.py:208} INFO - Processing /opt/airflow/dags/weather_dag.py took 0.357 seconds
[2026-08-12T01:17:20.032+0000] {processor.py:186} INFO - Started process (PID=40590) to work on /opt/airflow/dags/weather_dag.py
[2026-08-12T01:17:20.034+0000] {processor.py:914} INFO - Processing file /opt/airflow/dags/weather_dag.py for tasks to queue
[2026-08-12T01:17:20.038+0000] {logging_mixin.py:190} INFO - [2026-08-12T01:17:20.037+0000] {dagbag.py:588} INFO - Filling up the DagBag from /opt/airflow/dags/weather_dag.py
[2026-08-12T01:17:20.507+0000] {processor.py:925} INFO - DAG(s) 'weather_ingestion' retrieved from /opt/airflow/dags/weather_dag.py
[2026-08-12T01:17:20.518+0000] {logging_mixin.py:190} INFO - [2026-08-12T01:17:20.518+0000] {dag.py:3239} INFO - Sync 1 DAGs
[2026-08-12T01:17:20.528+0000] {logging_mixin.py:190} INFO - [2026-08-12T01:17:20.528+0000] {dag.py:4180} INFO - Setting next_dagrun for weather_ingestion to 2026-08-12 01:00:00+00:00, run_after=2026-08-12 02:00:00+00:00
[2026-08-12T01:17:20.534+0000] {processor.py:208} INFO - Processing /opt/airflow/dags/weather_dag.py took 0.525 seconds
[2026-08-12T01:17:50.863+0000] {processor.py:186} INFO - Started process (PID=40597) to work on /opt/airflow/dags/weather_dag.py
[2026-08-12T01:17:50.865+0000] {processor.py:914} INFO - Processing file /opt/airflow/dags/weather_dag.py for tasks to queue
[2026-08-12T01:17:50.868+0000] {logging_mixin.py:190} INFO - [2026-08-12T01:17:50.867+0000] {dagbag.py:588} INFO - Filling up the DagBag from /opt/airflow/dags/weather_dag.py
[2026-08-12T01:17:51.205+0000] {processor.py:925} INFO - DAG(s) 'weather_ingestion' retrieved from /opt/airflow/dags/weather_dag.py
[2026-08-12T01:17:51.218+0000] {logging_mixin.py:190} INFO - [2026-08-12T01:17:51.217+0000] {dag.py:3239} INFO - Sync 1 DAGs
[2026-08-12T01:17:51.228+0000] {logging_mixin.py:190} INFO - [2026-08-12T01:17:51.228+0000] {dag.py:4180} INFO - Setting next_dagrun for weather_ingestion to 2026-08-12 01:00:00+00:00, run_after=2026-08-12 02:00:00+00:00
[2026-08-12T01:17:51.237+0000] {processor.py:208} INFO - Processing /opt/airflow/dags/weather_dag.py took 0.382 seconds
[2026-08-12T01:18:21.692+0000] {processor.py:186} INFO - Started process (PID=40604) to work on /opt/airflow/dags/weather_dag.py
[2026-08-12T01:18:21.695+0000] {processor.py:914} INFO - Processing file /opt/airflow/dags/weather_dag.py for tasks to queue
[2026-08-12T01:18:21.705+0000] {logging_mixin.py:190} INFO - [2026-08-12T01:18:21.704+0000] {dagbag.py:588} INFO - Filling up the DagBag from /opt/airflow/dags/weather_dag.py
[2026-08-12T01:18:22.327+0000] {processor.py:925} INFO - DAG(s) 'weather_ingestion' retrieved from /opt/airflow/dags/weather_dag.py
[2026-08-12T01:18:22.339+0000] {logging_mixin.py:190} INFO - [2026-08-12T01:18:22.339+0000] {dag.py:3239} INFO - Sync 1 DAGs
[2026-08-12T01:18:22.350+0000] {logging_mixin.py:190} INFO - [2026-08-12T01:18:22.350+0000] {dag.py:4180} INFO - Setting next_dagrun for weather_ingestion to 2026-08-12 01:00:00+00:00, run_after=2026-08-12 02:00:00+00:00
[2026-08-12T01:18:22.357+0000] {processor.py:208} INFO - Processing /opt/airflow/dags/weather_dag.py took 0.686 seconds
[2026-08-12T01:18:52.519+0000] {processor.py:186} INFO - Started process (PID=40611) to work on /opt/airflow/dags/weather_dag.py
[2026-08-12T01:18:52.521+0000] {processor.py:914} INFO - Processing file /opt/airflow/dags/weather_dag.py for tasks to queue
[2026-08-12T01:18:52.523+0000] {logging_mixin.py:190} INFO - [2026-08-12T01:18:52.523+0000] {dagbag.py:588} INFO - Filling up the DagBag from /opt/airflow/dags/weather_dag.py
[2026-08-12T01:18:52.819+0000] {processor.py:925} INFO - DAG(s) 'weather_ingestion' retrieved from /opt/airflow/dags/weather_dag.py
[2026-08-12T01:18:52.830+0000] {logging_mixin.py:190} INFO - [2026-08-12T01:18:52.829+0000] {dag.py:3239} INFO - Sync 1 DAGs
[2026-08-12T01:18:52.838+0000] {logging_mixin.py:190} INFO - [2026-08-12T01:18:52.838+0000] {dag.py:4180} INFO - Setting next_dagrun for weather_ingestion to 2026-08-12 01:00:00+00:00, run_after=2026-08-12 02:00:00+00:00
[2026-08-12T01:18:52.845+0000] {processor.py:208} INFO - Processing /opt/airflow/dags/weather_dag.py took 0.333 seconds
[2026-08-12T01:19:22.964+0000] {processor.py:186} INFO - Started process (PID=40618) to work on /opt/airflow/dags/weather_dag.py
[2026-08-12T01:19:22.967+0000] {processor.py:914} INFO - Processing file /opt/airflow/dags/weather_dag.py for tasks to queue
[2026-08-12T01:19:22.973+0000] {logging_mixin.py:190} INFO - [2026-08-12T01:19:22.972+0000] {dagbag.py:588} INFO - Filling up the DagBag from /opt/airflow/dags/weather_dag.py
[2026-08-12T01:19:23.533+0000] {processor.py:925} INFO - DAG(s) 'weather_ingestion' retrieved from /opt/airflow/dags/weather_dag.py
[2026-08-12T01:19:23.546+0000] {logging_mixin.py:190} INFO - [2026-08-12T01:19:23.546+0000] {dag.py:3239} INFO - Sync 1 DAGs
[2026-08-12T01:19:23.556+0000] {logging_mixin.py:190} INFO - [2026-08-12T01:19:23.556+0000] {dag.py:4180} INFO - Setting next_dagrun for weather_ingestion to 2026-08-12 01:00:00+00:00, run_after=2026-08-12 02:00:00+00:00
[2026-08-12T01:19:23.562+0000] {processor.py:208} INFO - Processing /opt/airflow/dags/weather_dag.py took 0.616 seconds
[2026-08-12T01:19:53.913+0000] {processor.py:186} INFO - Started process (PID=40625) to work on /opt/airflow/dags/weather_dag.py
[2026-08-12T01:19:53.915+0000] {processor.py:914} INFO - Processing file /opt/airflow/dags/weather_dag.py for tasks to queue
[2026-08-12T01:19:53.917+0000] {logging_mixin.py:190} INFO - [2026-08-12T01:19:53.917+0000] {dagbag.py:588} INFO - Filling up the DagBag from /opt/airflow/dags/weather_dag.py
[2026-08-12T01:19:54.216+0000] {processor.py:925} INFO - DAG(s) 'weather_ingestion' retrieved from /opt/airflow/dags/weather_dag.py
[2026-08-12T01:19:54.228+0000] {logging_mixin.py:190} INFO - [2026-08-12T01:19:54.227+0000] {dag.py:3239} INFO - Sync 1 DAGs
[2026-08-12T01:19:54.238+0000] {logging_mixin.py:190} INFO - [2026-08-12T01:19:54.238+0000] {dag.py:4180} INFO - Setting next_dagrun for weather_ingestion to 2026-08-12 01:00:00+00:00, run_after=2026-08-12 02:00:00+00:00
[2026-08-12T01:19:54.245+0000] {processor.py:208} INFO - Processing /opt/airflow/dags/weather_dag.py took 0.340 seconds
[2026-08-12T01:20:24.636+0000] {processor.py:186} INFO - Started process (PID=40632) to work on /opt/airflow/dags/weather_dag.py
[2026-08-12T01:20:24.639+0000] {processor.py:914} INFO - Processing file /opt/airflow/dags/weather_dag.py for tasks to queue
[2026-08-12T01:20:24.645+0000] {logging_mixin.py:190} INFO - [2026-08-12T01:20:24.644+0000] {dagbag.py:588} INFO - Filling up the DagBag from /opt/airflow/dags/weather_dag.py
[2026-08-12T01:20:25.223+0000] {processor.py:925} INFO - DAG(s) 'weather_ingestion' retrieved from /opt/airflow/dags/weather_dag.py
[2026-08-12T01:20:25.237+0000] {logging_mixin.py:190} INFO - [2026-08-12T01:20:25.236+0000] {dag.py:3239} INFO - Sync 1 DAGs
[2026-08-12T01:20:25.246+0000] {logging_mixin.py:190} INFO - [2026-08-12T01:20:25.246+0000] {dag.py:4180} INFO - Setting next_dagrun for weather_ingestion to 2026-08-12 01:00:00+00:00, run_after=2026-08-12 02:00:00+00:00
[2026-08-12T01:20:25.253+0000] {processor.py:208} INFO - Processing /opt/airflow/dags/weather_dag.py took 0.640 seconds
[2026-08-12T01:20:55.662+0000] {processor.py:186} INFO - Started process (PID=40639) to work on /opt/airflow/dags/weather_dag.py
[2026-08-12T01:20:55.664+0000] {processor.py:914} INFO - Processing file /opt/airflow/dags/weather_dag.py for tasks to queue
[2026-08-12T01:20:55.666+0000] {logging_mixin.py:190} INFO - [2026-08-12T01:20:55.666+0000] {dagbag.py:588} INFO - Filling up the DagBag from /opt/airflow/dags/weather_dag.py
[2026-08-12T01:20:56.093+0000] {processor.py:925} INFO - DAG(s) 'weather_ingestion' retrieved from /opt/airflow/dags/weather_dag.py
[2026-08-12T01:20:56.107+0000] {logging_mixin.py:190} INFO - [2026-08-12T01:20:56.107+0000] {dag.py:3239} INFO - Sync 1 DAGs
[2026-08-12T01:20:56.118+0000] {logging_mixin.py:190} INFO - [2026-08-12T01:20:56.118+0000] {dag.py:4180} INFO - Setting next_dagrun for weather_ingestion to 2026-08-12 01:00:00+00:00, run_after=2026-08-12 02:00:00+00:00
[2026-08-12T01:20:56.125+0000] {processor.py:208} INFO - Processing /opt/airflow/dags/weather_dag.py took 0.472 seconds
[2026-08-12T01:21:26.483+0000] {processor.py:186} INFO - Started process (PID=40646) to work on /opt/airflow/dags/weather_dag.py
[2026-08-12T01:21:26.486+0000] {processor.py:914} INFO - Processing file /opt/airflow/dags/weather_dag.py for tasks to queue
[2026-08-12T01:21:26.493+0000] {logging_mixin.py:190} INFO - [2026-08-12T01:21:26.492+0000] {dagbag.py:588} INFO - Filling up the DagBag from /opt/airflow/dags/weather_dag.py
[2026-08-12T01:21:27.041+0000] {processor.py:925} INFO - DAG(s) 'weather_ingestion' retrieved from /opt/airflow/dags/weather_dag.py
[2026-08-12T01:21:27.054+0000] {logging_mixin.py:190} INFO - [2026-08-12T01:21:27.054+0000] {dag.py:3239} INFO - Sync 1 DAGs
[2026-08-12T01:21:27.065+0000] {logging_mixin.py:190} INFO - [2026-08-12T01:21:27.065+0000] {dag.py:4180} INFO - Setting next_dagrun for weather_ingestion to 2026-08-12 01:00:00+00:00, run_after=2026-08-12 02:00:00+00:00
[2026-08-12T01:21:27.072+0000] {processor.py:208} INFO - Processing /opt/airflow/dags/weather_dag.py took 0.607 seconds
[2026-08-12T01:21:57.176+0000] {processor.py:186} INFO - Started process (PID=40653) to work on /opt/airflow/dags/weather_dag.py
[2026-08-12T01:21:57.179+0000] {processor.py:914} INFO - Processing file /opt/airflow/dags/weather_dag.py for tasks to queue
[2026-08-12T01:21:57.182+0000] {logging_mixin.py:190} INFO - [2026-08-12T01:21:57.181+0000] {dagbag.py:588} INFO - Filling up the DagBag from /opt/airflow/dags/weather_dag.py
[2026-08-12T01:21:57.472+0000] {processor.py:925} INFO - DAG(s) 'weather_ingestion' retrieved from /opt/airflow/dags/weather_dag.py
[2026-08-12T01:21:57.484+0000] {logging_mixin.py:190} INFO - [2026-08-12T01:21:57.484+0000] {dag.py:3239} INFO - Sync 1 DAGs
[2026-08-12T01:21:57.492+0000] {logging_mixin.py:190} INFO - [2026-08-12T01:21:57.492+0000] {dag.py:4180} INFO - Setting next_dagrun for weather_ingestion to 2026-08-12 01:00:00+00:00, run_after=2026-08-12 02:00:00+00:00
[2026-08-12T01:21:57.498+0000] {processor.py:208} INFO - Processing /opt/airflow/dags/weather_dag.py took 0.331 seconds
[2026-08-12T01:22:27.727+0000] {processor.py:186} INFO - Started process (PID=40660) to work on /opt/airflow/dags/weather_dag.py
[2026-08-12T01:22:27.730+0000] {processor.py:914} INFO - Processing file /opt/airflow/dags/weather_dag.py for tasks to queue
[2026-08-12T01:22:27.734+0000] {logging_mixin.py:190} INFO - [2026-08-12T01:22:27.734+0000] {dagbag.py:588} INFO - Filling up the DagBag from /opt/airflow/dags/weather_dag.py
[2026-08-12T01:22:28.095+0000] {processor.py:925} INFO - DAG(s) 'weather_ingestion' retrieved from /opt/airflow/dags/weather_dag.py
[2026-08-12T01:22:28.106+0000] {logging_mixin.py:190} INFO - [2026-08-12T01:22:28.105+0000] {dag.py:3239} INFO - Sync 1 DAGs
[2026-08-12T01:22:28.115+0000] {logging_mixin.py:190} INFO - [2026-08-12T01:22:28.115+0000] {dag.py:4180} INFO - Setting next_dagrun for weather_ingestion to 2026-08-12 01:00:00+00:00, run_after=2026-08-12 02:00:00+00:00
[2026-08-12T01:22:28.121+0000] {processor.py:208} INFO - Processing /opt/airflow/dags/weather_dag.py took 0.405 seconds
[2026-08-12T01:22:58.447+0000] {processor.py:186} INFO - Started process (PID=40667) to work on /opt/airflow/dags/weather_dag.py
[2026-08-12T01:22:58.449+0000] {processor.py:914} INFO - Processing file /opt/airflow/dags/weather_dag.py for tasks to queue
[2026-08-12T01:22:58.452+0000] {logging_mixin.py:190} INFO - [2026-08-12T01:22:58.452+0000] {dagbag.py:588} INFO - Filling up the DagBag from /opt/airflow/dags/weather_dag.py
[2026-08-12T01:22:58.741+0000] {processor.py:925} INFO - DAG(s) 'weather_ingestion' retrieved from /opt/airflow/dags/weather_dag.py
[2026-08-12T01:22:58.752+0000] {logging_mixin.py:190} INFO - [2026-08-12T01:22:58.752+0000] {dag.py:3239} INFO - Sync 1 DAGs
[2026-08-12T01:22:58.763+0000] {logging_mixin.py:190} INFO - [2026-08-12T01:22:58.763+0000] {dag.py:4180} INFO - Setting next_dagrun for weather_ingestion to 2026-08-12 01:00:00+00:00, run_after=2026-08-12 02:00:00+00:00
[2026-08-12T01:22:58.769+0000] {processor.py:208} INFO - Processing /opt/airflow/dags/weather_dag.py took 0.329 seconds
[2026-08-12T01:23:28.807+0000] {processor.py:186} INFO - Started process (PID=40674) to work on /opt/airflow/dags/weather_dag.py
[2026-08-12T01:23:28.809+0000] {processor.py:914} INFO - Processing file /opt/airflow/dags/weather_dag.py for tasks to queue
[2026-08-12T01:23:28.811+0000] {logging_mixin.py:190} INFO - [2026-08-12T01:23:28.811+0000] {dagbag.py:588} INFO - Filling up the DagBag from /opt/airflow/dags/weather_dag.py
[2026-08-12T01:23:29.126+0000] {processor.py:925} INFO - DAG(s) 'weather_ingestion' retrieved from /opt/airflow/dags/weather_dag.py
[2026-08-12T01:23:29.135+0000] {logging_mixin.py:190} INFO - [2026-08-12T01:23:29.135+0000] {dag.py:3239} INFO - Sync 1 DAGs
[2026-08-12T01:23:29.144+0000] {logging_mixin.py:190} INFO - [2026-08-12T01:23:29.144+0000] {dag.py:4180} INFO - Setting next_dagrun for weather_ingestion to 2026-08-12 01:00:00+00:00, run_after=2026-08-12 02:00:00+00:00
[2026-08-12T01:23:29.150+0000] {processor.py:208} INFO - Processing /opt/airflow/dags/weather_dag.py took 0.350 seconds
[2026-08-12T01:23:59.478+0000] {processor.py:186} INFO - Started process (PID=40681) to work on /opt/airflow/dags/weather_dag.py
[2026-08-12T01:23:59.480+0000] {processor.py:914} INFO - Processing file /opt/airflow/dags/weather_dag.py for tasks to queue
[2026-08-12T01:23:59.483+0000] {logging_mixin.py:190} INFO - [2026-08-12T01:23:59.483+0000] {dagbag.py:588} INFO - Filling up the DagBag from /opt/airflow/dags/weather_dag.py
[2026-08-12T01:23:59.806+0000] {processor.py:925} INFO - DAG(s) 'weather_ingestion' retrieved from /opt/airflow/dags/weather_dag.py
[2026-08-12T01:23:59.817+0000] {logging_mixin.py:190} INFO - [2026-08-12T01:23:59.817+0000] {dag.py:3239} INFO - Sync 1 DAGs
[2026-08-12T01:23:59.827+0000] {logging_mixin.py:190} INFO - [2026-08-12T01:23:59.827+0000] {dag.py:4180} INFO - Setting next_dagrun for weather_ingestion to 2026-08-12 01:00:00+00:00, run_after=2026-08-12 02:00:00+00:00
[2026-08-12T01:23:59.833+0000] {processor.py:208} INFO - Processing /opt/airflow/dags/weather_dag.py took 0.366 seconds
[2026-08-12T01:24:30.211+0000] {processor.py:186} INFO - Started process (PID=40688) to work on /opt/airflow/dags/weather_dag.py
[2026-08-12T01:24:30.213+0000] {processor.py:914} INFO - Processing file /opt/airflow/dags/weather_dag.py for tasks to queue
[2026-08-12T01:24:30.217+0000] {logging_mixin.py:190} INFO - [2026-08-12T01:24:30.216+0000] {dagbag.py:588} INFO - Filling up the DagBag from /opt/airflow/dags/weather_dag.py
[2026-08-12T01:24:30.766+0000] {processor.py:925} INFO - DAG(s) 'weather_ingestion' retrieved from /opt/airflow/dags/weather_dag.py
[2026-08-12T01:24:30.780+0000] {logging_mixin.py:190} INFO - [2026-08-12T01:24:30.779+0000] {dag.py:3239} INFO - Sync 1 DAGs
[2026-08-12T01:24:30.789+0000] {logging_mixin.py:190} INFO - [2026-08-12T01:24:30.789+0000] {dag.py:4180} INFO - Setting next_dagrun for weather_ingestion to 2026-08-12 01:00:00+00:00, run_after=2026-08-12 02:00:00+00:00
[2026-08-12T01:24:30.796+0000] {processor.py:208} INFO - Processing /opt/airflow/dags/weather_dag.py took 0.597 seconds
[2026-08-12T01:25:01.272+0000] {processor.py:186} INFO - Started process (PID=40695) to work on /opt/airflow/dags/weather_dag.py
[2026-08-12T01:25:01.275+0000] {processor.py:914} INFO - Processing file /opt/airflow/dags/weather_dag.py for tasks to queue
[2026-08-12T01:25:01.281+0000] {logging_mixin.py:190} INFO - [2026-08-12T01:25:01.280+0000] {dagbag.py:588} INFO - Filling up the DagBag from /opt/airflow/dags/weather_dag.py
[2026-08-12T01:25:01.914+0000] {processor.py:925} INFO - DAG(s) 'weather_ingestion' retrieved from /opt/airflow/dags/weather_dag.py
[2026-08-12T01:25:01.928+0000] {logging_mixin.py:190} INFO - [2026-08-12T01:25:01.928+0000] {dag.py:3239} INFO - Sync 1 DAGs
[2026-08-12T01:25:01.939+0000] {logging_mixin.py:190} INFO - [2026-08-12T01:25:01.939+0000] {dag.py:4180} INFO - Setting next_dagrun for weather_ingestion to 2026-08-12 01:00:00+00:00, run_after=2026-08-12 02:00:00+00:00
[2026-08-12T01:25:01.947+0000] {processor.py:208} INFO - Processing /opt/airflow/dags/weather_dag.py took 0.691 seconds
[2026-08-12T01:25:32.354+0000] {processor.py:186} INFO - Started process (PID=40702) to work on /opt/airflow/dags/weather_dag.py
[2026-08-12T01:25:32.356+0000] {processor.py:914} INFO - Processing file /opt/airflow/dags/weather_dag.py for tasks to queue
[2026-08-12T01:25:32.358+0000] {logging_mixin.py:190} INFO - [2026-08-12T01:25:32.358+0000] {dagbag.py:588} INFO - Filling up the DagBag from /opt/airflow/dags/weather_dag.py
[2026-08-12T01:25:32.663+0000] {processor.py:925} INFO - DAG(s) 'weather_ingestion' retrieved from /opt/airflow/dags/weather_dag.py
[2026-08-12T01:25:32.674+0000] {logging_mixin.py:190} INFO - [2026-08-12T01:25:32.674+0000] {dag.py:3239} INFO - Sync 1 DAGs
[2026-08-12T01:25:32.683+0000] {logging_mixin.py:190} INFO - [2026-08-12T01:25:32.683+0000] {dag.py:4180} INFO - Setting next_dagrun for weather_ingestion to 2026-08-12 01:00:00+00:00, run_after=2026-08-12 02:00:00+00:00
[2026-08-12T01:25:32.689+0000] {processor.py:208} INFO - Processing /opt/airflow/dags/weather_dag.py took 0.341 seconds
[2026-08-12T01:26:03.046+0000] {processor.py:186} INFO - Started process (PID=40709) to work on /opt/airflow/dags/weather_dag.py
[2026-08-12T01:26:03.048+0000] {processor.py:914} INFO - Processing file /opt/airflow/dags/weather_dag.py for tasks to queue
[2026-08-12T01:26:03.054+0000] {logging_mixin.py:190} INFO - [2026-08-12T01:26:03.053+0000] {dagbag.py:588} INFO - Filling up the DagBag from /opt/airflow/dags/weather_dag.py
[2026-08-12T01:26:03.580+0000] {processor.py:925} INFO - DAG(s) 'weather_ingestion' retrieved from /opt/airflow/dags/weather_dag.py
[2026-08-12T01:26:03.592+0000] {logging_mixin.py:190} INFO - [2026-08-12T01:26:03.592+0000] {dag.py:3239} INFO - Sync 1 DAGs
[2026-08-12T01:26:03.602+0000] {logging_mixin.py:190} INFO - [2026-08-12T01:26:03.602+0000] {dag.py:4180} INFO - Setting next_dagrun for weather_ingestion to 2026-08-12 01:00:00+00:00, run_after=2026-08-12 02:00:00+00:00
[2026-08-12T01:26:03.609+0000] {processor.py:208} INFO - Processing /opt/airflow/dags/weather_dag.py took 0.574 seconds
[2026-08-12T01:26:34.001+0000] {processor.py:186} INFO - Started process (PID=40716) to work on /opt/airflow/dags/weather_dag.py
[2026-08-12T01:26:34.002+0000] {processor.py:914} INFO - Processing file /opt/airflow/dags/weather_dag.py for tasks to queue
[2026-08-12T01:26:34.005+0000] {logging_mixin.py:190} INFO - [2026-08-12T01:26:34.005+0000] {dagbag.py:588} INFO - Filling up the DagBag from /opt/airflow/dags/weather_dag.py
[2026-08-12T01:26:34.310+0000] {processor.py:925} INFO - DAG(s) 'weather_ingestion' retrieved from /opt/airflow/dags/weather_dag.py
[2026-08-12T01:26:34.320+0000] {logging_mixin.py:190} INFO - [2026-08-12T01:26:34.320+0000] {dag.py:3239} INFO - Sync 1 DAGs
[2026-08-12T01:26:34.328+0000] {logging_mixin.py:190} INFO - [2026-08-12T01:26:34.328+0000] {dag.py:4180} INFO - Setting next_dagrun for weather_ingestion to 2026-08-12 01:00:00+00:00, run_after=2026-08-12 02:00:00+00:00
[2026-08-12T01:26:34.334+0000] {processor.py:208} INFO - Processing /opt/airflow/dags/weather_dag.py took 0.341 seconds
[2026-08-12T01:27:04.691+0000] {processor.py:186} INFO - Started process (PID=40723) to work on /opt/airflow/dags/weather_dag.py
[2026-08-12T01:27:04.693+0000] {processor.py:914} INFO - Processing file /opt/airflow/dags/weather_dag.py for tasks to queue
[2026-08-12T01:27:04.697+0000] {logging_mixin.py:190} INFO - [2026-08-12T01:27:04.696+0000] {dagbag.py:588} INFO - Filling up the DagBag from /opt/airflow/dags/weather_dag.py
[2026-08-12T01:27:05.211+0000] {processor.py:925} INFO - DAG(s) 'weather_ingestion' retrieved from /opt/airflow/dags/weather_dag.py
[2026-08-12T01:27:05.225+0000] {logging_mixin.py:190} INFO - [2026-08-12T01:27:05.225+0000] {dag.py:3239} INFO - Sync 1 DAGs
[2026-08-12T01:27:05.240+0000] {logging_mixin.py:190} INFO - [2026-08-12T01:27:05.240+0000] {dag.py:4180} INFO - Setting next_dagrun for weather_ingestion to 2026-08-12 01:00:00+00:00, run_after=2026-08-12 02:00:00+00:00
[2026-08-12T01:27:05.250+0000] {processor.py:208} INFO - Processing /opt/airflow/dags/weather_dag.py took 0.570 seconds
[2026-08-12T01:27:35.612+0000] {processor.py:186} INFO - Started process (PID=40730) to work on /opt/airflow/dags/weather_dag.py
[2026-08-12T01:27:35.614+0000] {processor.py:914} INFO - Processing file /opt/airflow/dags/weather_dag.py for tasks to queue
[2026-08-12T01:27:35.617+0000] {logging_mixin.py:190} INFO - [2026-08-12T01:27:35.617+0000] {dagbag.py:588} INFO - Filling up the DagBag from /opt/airflow/dags/weather_dag.py
[2026-08-12T01:27:35.941+0000] {processor.py:925} INFO - DAG(s) 'weather_ingestion' retrieved from /opt/airflow/dags/weather_dag.py
[2026-08-12T01:27:35.953+0000] {logging_mixin.py:190} INFO - [2026-08-12T01:27:35.953+0000] {dag.py:3239} INFO - Sync 1 DAGs
[2026-08-12T01:27:35.962+0000] {logging_mixin.py:190} INFO - [2026-08-12T01:27:35.962+0000] {dag.py:4180} INFO - Setting next_dagrun for weather_ingestion to 2026-08-12 01:00:00+00:00, run_after=2026-08-12 02:00:00+00:00
[2026-08-12T01:27:35.968+0000] {processor.py:208} INFO - Processing /opt/airflow/dags/weather_dag.py took 0.365 seconds
[2026-08-12T01:28:06.327+0000] {processor.py:186} INFO - Started process (PID=40737) to work on /opt/airflow/dags/weather_dag.py
[2026-08-12T01:28:06.329+0000] {processor.py:914} INFO - Processing file /opt/airflow/dags/weather_dag.py for tasks to queue
[2026-08-12T01:28:06.332+0000] {logging_mixin.py:190} INFO - [2026-08-12T01:28:06.332+0000] {dagbag.py:588} INFO - Filling up the DagBag from /opt/airflow/dags/weather_dag.py
[2026-08-12T01:28:06.680+0000] {processor.py:925} INFO - DAG(s) 'weather_ingestion' retrieved from /opt/airflow/dags/weather_dag.py
[2026-08-12T01:28:06.690+0000] {logging_mixin.py:190} INFO - [2026-08-12T01:28:06.690+0000] {dag.py:3239} INFO - Sync 1 DAGs
[2026-08-12T01:28:06.698+0000] {logging_mixin.py:190} INFO - [2026-08-12T01:28:06.698+0000] {dag.py:4180} INFO - Setting next_dagrun for weather_ingestion to 2026-08-12 01:00:00+00:00, run_after=2026-08-12 02:00:00+00:00
[2026-08-12T01:28:06.705+0000] {processor.py:208} INFO - Processing /opt/airflow/dags/weather_dag.py took 0.391 seconds
[2026-08-12T01:28:37.046+0000] {processor.py:186} INFO - Started process (PID=40744) to work on /opt/airflow/dags/weather_dag.py
[2026-08-12T01:28:37.048+0000] {processor.py:914} INFO - Processing file /opt/airflow/dags/weather_dag.py for tasks to queue
[2026-08-12T01:28:37.051+0000] {logging_mixin.py:190} INFO - [2026-08-12T01:28:37.051+0000] {dagbag.py:588} INFO - Filling up the DagBag from /opt/airflow/dags/weather_dag.py
[2026-08-12T01:28:37.465+0000] {processor.py:925} INFO - DAG(s) 'weather_ingestion' retrieved from /opt/airflow/dags/weather_dag.py
[2026-08-12T01:28:37.478+0000] {logging_mixin.py:190} INFO - [2026-08-12T01:28:37.478+0000] {dag.py:3239} INFO - Sync 1 DAGs
[2026-08-12T01:28:37.489+0000] {logging_mixin.py:190} INFO - [2026-08-12T01:28:37.488+0000] {dag.py:4180} INFO - Setting next_dagrun for weather_ingestion to 2026-08-12 01:00:00+00:00, run_after=2026-08-12 02:00:00+00:00
[2026-08-12T01:28:37.497+0000] {processor.py:208} INFO - Processing /opt/airflow/dags/weather_dag.py took 0.461 seconds
[2026-08-12T01:29:07.817+0000] {processor.py:186} INFO - Started process (PID=40751) to work on /opt/airflow/dags/weather_dag.py
[2026-08-12T01:29:07.819+0000] {processor.py:914} INFO - Processing file /opt/airflow/dags/weather_dag.py for tasks to queue
[2026-08-12T01:29:07.821+0000] {logging_mixin.py:190} INFO - [2026-08-12T01:29:07.821+0000] {dagbag.py:588} INFO - Filling up the DagBag from /opt/airflow/dags/weather_dag.py
[2026-08-12T01:29:08.120+0000] {processor.py:925} INFO - DAG(s) 'weather_ingestion' retrieved from /opt/airflow/dags/weather_dag.py
[2026-08-12T01:29:08.131+0000] {logging_mixin.py:190} INFO - [2026-08-12T01:29:08.131+0000] {dag.py:3239} INFO - Sync 1 DAGs
[2026-08-12T01:29:08.138+0000] {logging_mixin.py:190} INFO - [2026-08-12T01:29:08.138+0000] {dag.py:4180} INFO - Setting next_dagrun for weather_ingestion to 2026-08-12 01:00:00+00:00, run_after=2026-08-12 02:00:00+00:00
[2026-08-12T01:29:08.145+0000] {processor.py:208} INFO - Processing /opt/airflow/dags/weather_dag.py took 0.336 seconds
[2026-08-12T01:29:38.486+0000] {processor.py:186} INFO - Started process (PID=40758) to work on /opt/airflow/dags/weather_dag.py
[2026-08-12T01:29:38.488+0000] {processor.py:914} INFO - Processing file /opt/airflow/dags/weather_dag.py for tasks to queue
[2026-08-12T01:29:38.493+0000] {logging_mixin.py:190} INFO - [2026-08-12T01:29:38.493+0000] {dagbag.py:588} INFO - Filling up the DagBag from /opt/airflow/dags/weather_dag.py
[2026-08-12T01:29:38.844+0000] {processor.py:925} INFO - DAG(s) 'weather_ingestion' retrieved from /opt/airflow/dags/weather_dag.py
[2026-08-12T01:29:38.854+0000] {logging_mixin.py:190} INFO - [2026-08-12T01:29:38.854+0000] {dag.py:3239} INFO - Sync 1 DAGs
[2026-08-12T01:29:38.863+0000] {logging_mixin.py:190} INFO - [2026-08-12T01:29:38.863+0000] {dag.py:4180} INFO - Setting next_dagrun for weather_ingestion to 2026-08-12 01:00:00+00:00, run_after=2026-08-12 02:00:00+00:00
[2026-08-12T01:29:38.869+0000] {processor.py:208} INFO - Processing /opt/airflow/dags/weather_dag.py took 0.392 seconds
[2026-08-12T01:30:09.209+0000] {processor.py:186} INFO - Started process (PID=40765) to work on /opt/airflow/dags/weather_dag.py
[2026-08-12T01:30:09.212+0000] {processor.py:914} INFO - Processing file /opt/airflow/dags/weather_dag.py for tasks to queue
[2026-08-12T01:30:09.215+0000] {logging_mixin.py:190} INFO - [2026-08-12T01:30:09.215+0000] {dagbag.py:588} INFO - Filling up the DagBag from /opt/airflow/dags/weather_dag.py
[2026-08-12T01:30:09.590+0000] {processor.py:925} INFO - DAG(s) 'weather_ingestion' retrieved from /opt/airflow/dags/weather_dag.py
[2026-08-12T01:30:09.602+0000] {logging_mixin.py:190} INFO - [2026-08-12T01:30:09.602+0000] {dag.py:3239} INFO - Sync 1 DAGs
[2026-08-12T01:30:09.612+0000] {logging_mixin.py:190} INFO - [2026-08-12T01:30:09.612+0000] {dag.py:4180} INFO - Setting next_dagrun for weather_ingestion to 2026-08-12 01:00:00+00:00, run_after=2026-08-12 02:00:00+00:00
[2026-08-12T01:30:09.618+0000] {processor.py:208} INFO - Processing /opt/airflow/dags/weather_dag.py took 0.417 seconds
[2026-08-12T01:30:39.982+0000] {processor.py:186} INFO - Started process (PID=40772) to work on /opt/airflow/dags/weather_dag.py
[2026-08-12T01:30:39.985+0000] {processor.py:914} INFO - Processing file /opt/airflow/dags/weather_dag.py for tasks to queue
[2026-08-12T01:30:39.988+0000] {logging_mixin.py:190} INFO - [2026-08-12T01:30:39.988+0000] {dagbag.py:588} INFO - Filling up the DagBag from /opt/airflow/dags/weather_dag.py
[2026-08-12T01:30:40.315+0000] {processor.py:925} INFO - DAG(s) 'weather_ingestion' retrieved from /opt/airflow/dags/weather_dag.py
[2026-08-12T01:30:40.325+0000] {logging_mixin.py:190} INFO - [2026-08-12T01:30:40.325+0000] {dag.py:3239} INFO - Sync 1 DAGs
[2026-08-12T01:30:40.334+0000] {logging_mixin.py:190} INFO - [2026-08-12T01:30:40.333+0000] {dag.py:4180} INFO - Setting next_dagrun for weather_ingestion to 2026-08-12 01:00:00+00:00, run_after=2026-08-12 02:00:00+00:00
[2026-08-12T01:30:40.340+0000] {processor.py:208} INFO - Processing /opt/airflow/dags/weather_dag.py took 0.370 seconds
[2026-08-12T01:31:10.660+0000] {processor.py:186} INFO - Started process (PID=40779) to work on /opt/airflow/dags/weather_dag.py
[2026-08-12T01:31:10.661+0000] {processor.py:914} INFO - Processing file /opt/airflow/dags/weather_dag.py for tasks to queue
[2026-08-12T01:31:10.664+0000] {logging_mixin.py:190} INFO - [2026-08-12T01:31:10.663+0000] {dagbag.py:588} INFO - Filling up the DagBag from /opt/airflow/dags/weather_dag.py
[2026-08-12T01:31:11.001+0000] {processor.py:925} INFO - DAG(s) 'weather_ingestion' retrieved from /opt/airflow/dags/weather_dag.py
[2026-08-12T01:31:11.012+0000] {logging_mixin.py:190} INFO - [2026-08-12T01:31:11.012+0000] {dag.py:3239} INFO - Sync 1 DAGs
[2026-08-12T01:31:11.021+0000] {logging_mixin.py:190} INFO - [2026-08-12T01:31:11.021+0000] {dag.py:4180} INFO - Setting next_dagrun for weather_ingestion to 2026-08-12 01:00:00+00:00, run_after=2026-08-12 02:00:00+00:00
[2026-08-12T01:31:11.027+0000] {processor.py:208} INFO - Processing /opt/airflow/dags/weather_dag.py took 0.376 seconds
[2026-08-12T01:31:41.374+0000] {processor.py:186} INFO - Started process (PID=40786) to work on /opt/airflow/dags/weather_dag.py
[2026-08-12T01:31:41.376+0000] {processor.py:914} INFO - Processing file /opt/airflow/dags/weather_dag.py for tasks to queue
[2026-08-12T01:31:41.378+0000] {logging_mixin.py:190} INFO - [2026-08-12T01:31:41.378+0000] {dagbag.py:588} INFO - Filling up the DagBag from /opt/airflow/dags/weather_dag.py
[2026-08-12T01:31:41.662+0000] {processor.py:925} INFO - DAG(s) 'weather_ingestion' retrieved from /opt/airflow/dags/weather_dag.py
[2026-08-12T01:31:41.677+0000] {logging_mixin.py:190} INFO - [2026-08-12T01:31:41.677+0000] {dag.py:3239} INFO - Sync 1 DAGs
[2026-08-12T01:31:41.686+0000] {logging_mixin.py:190} INFO - [2026-08-12T01:31:41.686+0000] {dag.py:4180} INFO - Setting next_dagrun for weather_ingestion to 2026-08-12 01:00:00+00:00, run_after=2026-08-12 02:00:00+00:00
[2026-08-12T01:31:41.692+0000] {processor.py:208} INFO - Processing /opt/airflow/dags/weather_dag.py took 0.326 seconds
[2026-08-12T01:32:11.727+0000] {processor.py:186} INFO - Started process (PID=40793) to work on /opt/airflow/dags/weather_dag.py
[2026-08-12T01:32:11.729+0000] {processor.py:914} INFO - Processing file /opt/airflow/dags/weather_dag.py for tasks to queue
[2026-08-12T01:32:11.731+0000] {logging_mixin.py:190} INFO - [2026-08-12T01:32:11.730+0000] {dagbag.py:588} INFO - Filling up the DagBag from /opt/airflow/dags/weather_dag.py
[2026-08-12T01:32:12.022+0000] {processor.py:925} INFO - DAG(s) 'weather_ingestion' retrieved from /opt/airflow/dags/weather_dag.py
[2026-08-12T01:32:12.031+0000] {logging_mixin.py:190} INFO - [2026-08-12T01:32:12.031+0000] {dag.py:3239} INFO - Sync 1 DAGs
[2026-08-12T01:32:12.040+0000] {logging_mixin.py:190} INFO - [2026-08-12T01:32:12.040+0000] {dag.py:4180} INFO - Setting next_dagrun for weather_ingestion to 2026-08-12 01:00:00+00:00, run_after=2026-08-12 02:00:00+00:00
[2026-08-12T01:32:12.046+0000] {processor.py:208} INFO - Processing /opt/airflow/dags/weather_dag.py took 0.326 seconds
[2026-08-12T01:32:42.351+0000] {processor.py:186} INFO - Started process (PID=40800) to work on /opt/airflow/dags/weather_dag.py
[2026-08-12T01:32:42.353+0000] {processor.py:914} INFO - Processing file /opt/airflow/dags/weather_dag.py for tasks to queue
[2026-08-12T01:32:42.355+0000] {logging_mixin.py:190} INFO - [2026-08-12T01:32:42.355+0000] {dagbag.py:588} INFO - Filling up the DagBag from /opt/airflow/dags/weather_dag.py
[2026-08-12T01:32:42.636+0000] {processor.py:925} INFO - DAG(s) 'weather_ingestion' retrieved from /opt/airflow/dags/weather_dag.py
[2026-08-12T01:32:42.646+0000] {logging_mixin.py:190} INFO - [2026-08-12T01:32:42.646+0000] {dag.py:3239} INFO - Sync 1 DAGs
[2026-08-12T01:32:42.654+0000] {logging_mixin.py:190} INFO - [2026-08-12T01:32:42.654+0000] {dag.py:4180} INFO - Setting next_dagrun for weather_ingestion to 2026-08-12 01:00:00+00:00, run_after=2026-08-12 02:00:00+00:00
[2026-08-12T01:32:42.660+0000] {processor.py:208} INFO - Processing /opt/airflow/dags/weather_dag.py took 0.315 seconds
[2026-08-12T01:33:13.011+0000] {processor.py:186} INFO - Started process (PID=40807) to work on /opt/airflow/dags/weather_dag.py
[2026-08-12T01:33:13.014+0000] {processor.py:914} INFO - Processing file /opt/airflow/dags/weather_dag.py for tasks to queue
[2026-08-12T01:33:13.028+0000] {logging_mixin.py:190} INFO - [2026-08-12T01:33:13.027+0000] {dagbag.py:588} INFO - Filling up the DagBag from /opt/airflow/dags/weather_dag.py
[2026-08-12T01:33:13.498+0000] {processor.py:925} INFO - DAG(s) 'weather_ingestion' retrieved from /opt/airflow/dags/weather_dag.py
[2026-08-12T01:33:13.510+0000] {logging_mixin.py:190} INFO - [2026-08-12T01:33:13.510+0000] {dag.py:3239} INFO - Sync 1 DAGs
[2026-08-12T01:33:13.520+0000] {logging_mixin.py:190} INFO - [2026-08-12T01:33:13.520+0000] {dag.py:4180} INFO - Setting next_dagrun for weather_ingestion to 2026-08-12 01:00:00+00:00, run_after=2026-08-12 02:00:00+00:00
[2026-08-12T01:33:13.527+0000] {processor.py:208} INFO - Processing /opt/airflow/dags/weather_dag.py took 0.537 seconds
[2026-08-12T01:33:43.833+0000] {processor.py:186} INFO - Started process (PID=40814) to work on /opt/airflow/dags/weather_dag.py
[2026-08-12T01:33:43.834+0000] {processor.py:914} INFO - Processing file /opt/airflow/dags/weather_dag.py for tasks to queue
[2026-08-12T01:33:43.835+0000] {logging_mixin.py:190} INFO - [2026-08-12T01:33:43.835+0000] {dagbag.py:588} INFO - Filling up the DagBag from /opt/airflow/dags/weather_dag.py
[2026-08-12T01:33:44.156+0000] {processor.py:925} INFO - DAG(s) 'weather_ingestion' retrieved from /opt/airflow/dags/weather_dag.py
[2026-08-12T01:33:44.167+0000] {logging_mixin.py:190} INFO - [2026-08-12T01:33:44.167+0000] {dag.py:3239} INFO - Sync 1 DAGs
[2026-08-12T01:33:44.176+0000] {logging_mixin.py:190} INFO - [2026-08-12T01:33:44.176+0000] {dag.py:4180} INFO - Setting next_dagrun for weather_ingestion to 2026-08-12 01:00:00+00:00, run_after=2026-08-12 02:00:00+00:00
[2026-08-12T01:33:44.183+0000] {processor.py:208} INFO - Processing /opt/airflow/dags/weather_dag.py took 0.353 seconds
[2026-08-12T01:34:14.495+0000] {processor.py:186} INFO - Started process (PID=40821) to work on /opt/airflow/dags/weather_dag.py
[2026-08-12T01:34:14.497+0000] {processor.py:914} INFO - Processing file /opt/airflow/dags/weather_dag.py for tasks to queue
[2026-08-12T01:34:14.500+0000] {logging_mixin.py:190} INFO - [2026-08-12T01:34:14.500+0000] {dagbag.py:588} INFO - Filling up the DagBag from /opt/airflow/dags/weather_dag.py
[2026-08-12T01:34:14.818+0000] {processor.py:925} INFO - DAG(s) 'weather_ingestion' retrieved from /opt/airflow/dags/weather_dag.py
[2026-08-12T01:34:14.829+0000] {logging_mixin.py:190} INFO - [2026-08-12T01:34:14.829+0000] {dag.py:3239} INFO - Sync 1 DAGs
[2026-08-12T01:34:14.838+0000] {logging_mixin.py:190} INFO - [2026-08-12T01:34:14.838+0000] {dag.py:4180} INFO - Setting next_dagrun for weather_ingestion to 2026-08-12 01:00:00+00:00, run_after=2026-08-12 02:00:00+00:00
[2026-08-12T01:34:14.845+0000] {processor.py:208} INFO - Processing /opt/airflow/dags/weather_dag.py took 0.358 seconds
[2026-08-12T01:34:45.254+0000] {processor.py:186} INFO - Started process (PID=40828) to work on /opt/airflow/dags/weather_dag.py
[2026-08-12T01:34:45.255+0000] {processor.py:914} INFO - Processing file /opt/airflow/dags/weather_dag.py for tasks to queue
[2026-08-12T01:34:45.259+0000] {logging_mixin.py:190} INFO - [2026-08-12T01:34:45.258+0000] {dagbag.py:588} INFO - Filling up the DagBag from /opt/airflow/dags/weather_dag.py
[2026-08-12T01:34:45.609+0000] {processor.py:925} INFO - DAG(s) 'weather_ingestion' retrieved from /opt/airflow/dags/weather_dag.py
[2026-08-12T01:34:45.620+0000] {logging_mixin.py:190} INFO - [2026-08-12T01:34:45.620+0000] {dag.py:3239} INFO - Sync 1 DAGs
[2026-08-12T01:34:45.629+0000] {logging_mixin.py:190} INFO - [2026-08-12T01:34:45.629+0000] {dag.py:4180} INFO - Setting next_dagrun for weather_ingestion to 2026-08-12 01:00:00+00:00, run_after=2026-08-12 02:00:00+00:00
[2026-08-12T01:34:45.636+0000] {processor.py:208} INFO - Processing /opt/airflow/dags/weather_dag.py took 0.394 seconds
[2026-08-12T01:35:15.948+0000] {processor.py:186} INFO - Started process (PID=40835) to work on /opt/airflow/dags/weather_dag.py
[2026-08-12T01:35:15.949+0000] {processor.py:914} INFO - Processing file /opt/airflow/dags/weather_dag.py for tasks to queue
[2026-08-12T01:35:15.952+0000] {logging_mixin.py:190} INFO - [2026-08-12T01:35:15.952+0000] {dagbag.py:588} INFO - Filling up the DagBag from /opt/airflow/dags/weather_dag.py
[2026-08-12T01:35:16.374+0000] {processor.py:925} INFO - DAG(s) 'weather_ingestion' retrieved from /opt/airflow/dags/weather_dag.py
[2026-08-12T01:35:16.387+0000] {logging_mixin.py:190} INFO - [2026-08-12T01:35:16.387+0000] {dag.py:3239} INFO - Sync 1 DAGs
[2026-08-12T01:35:16.398+0000] {logging_mixin.py:190} INFO - [2026-08-12T01:35:16.398+0000] {dag.py:4180} INFO - Setting next_dagrun for weather_ingestion to 2026-08-12 01:00:00+00:00, run_after=2026-08-12 02:00:00+00:00
[2026-08-12T01:35:16.404+0000] {processor.py:208} INFO - Processing /opt/airflow/dags/weather_dag.py took 0.465 seconds
[2026-08-12T01:35:46.764+0000] {processor.py:186} INFO - Started process (PID=40842) to work on /opt/airflow/dags/weather_dag.py
[2026-08-12T01:35:46.766+0000] {processor.py:914} INFO - Processing file /opt/airflow/dags/weather_dag.py for tasks to queue
[2026-08-12T01:35:46.768+0000] {logging_mixin.py:190} INFO - [2026-08-12T01:35:46.768+0000] {dagbag.py:588} INFO - Filling up the DagBag from /opt/airflow/dags/weather_dag.py
[2026-08-12T01:35:47.051+0000] {processor.py:925} INFO - DAG(s) 'weather_ingestion' retrieved from /opt/airflow/dags/weather_dag.py
[2026-08-12T01:35:47.061+0000] {logging_mixin.py:190} INFO - [2026-08-12T01:35:47.060+0000] {dag.py:3239} INFO - Sync 1 DAGs
[2026-08-12T01:35:47.069+0000] {logging_mixin.py:190} INFO - [2026-08-12T01:35:47.069+0000] {dag.py:4180} INFO - Setting next_dagrun for weather_ingestion to 2026-08-12 01:00:00+00:00, run_after=2026-08-12 02:00:00+00:00
[2026-08-12T01:35:47.075+0000] {processor.py:208} INFO - Processing /opt/airflow/dags/weather_dag.py took 0.321 seconds
[2026-08-12T01:36:17.155+0000] {processor.py:186} INFO - Started process (PID=40849) to work on /opt/airflow/dags/weather_dag.py
[2026-08-12T01:36:17.157+0000] {processor.py:914} INFO - Processing file /opt/airflow/dags/weather_dag.py for tasks to queue
[2026-08-12T01:36:17.161+0000] {logging_mixin.py:190} INFO - [2026-08-12T01:36:17.160+0000] {dagbag.py:588} INFO - Filling up the DagBag from /opt/airflow/dags/weather_dag.py
[2026-08-12T01:36:17.500+0000] {processor.py:925} INFO - DAG(s) 'weather_ingestion' retrieved from /opt/airflow/dags/weather_dag.py
[2026-08-12T01:36:17.510+0000] {logging_mixin.py:190} INFO - [2026-08-12T01:36:17.510+0000] {dag.py:3239} INFO - Sync 1 DAGs
[2026-08-12T01:36:17.518+0000] {logging_mixin.py:190} INFO - [2026-08-12T01:36:17.518+0000] {dag.py:4180} INFO - Setting next_dagrun for weather_ingestion to 2026-08-12 01:00:00+00:00, run_after=2026-08-12 02:00:00+00:00
[2026-08-12T01:36:17.524+0000] {processor.py:208} INFO - Processing /opt/airflow/dags/weather_dag.py took 0.378 seconds
[2026-08-12T01:36:47.799+0000] {processor.py:186} INFO - Started process (PID=40856) to work on /opt/airflow/dags/weather_dag.py
[2026-08-12T01:36:47.800+0000] {processor.py:914} INFO - Processing file /opt/airflow/dags/weather_dag.py for tasks to queue
[2026-08-12T01:36:47.803+0000] {logging_mixin.py:190} INFO - [2026-08-12T01:36:47.803+0000] {dagbag.py:588} INFO - Filling up the DagBag from /opt/airflow/dags/weather_dag.py
[2026-08-12T01:36:48.100+0000] {processor.py:925} INFO - DAG(s) 'weather_ingestion' retrieved from /opt/airflow/dags/weather_dag.py
[2026-08-12T01:36:48.110+0000] {logging_mixin.py:190} INFO - [2026-08-12T01:36:48.110+0000] {dag.py:3239} INFO - Sync 1 DAGs
[2026-08-12T01:36:48.118+0000] {logging_mixin.py:190} INFO - [2026-08-12T01:36:48.118+0000] {dag.py:4180} INFO - Setting next_dagrun for weather_ingestion to 2026-08-12 01:00:00+00:00, run_after=2026-08-12 02:00:00+00:00
[2026-08-12T01:36:48.124+0000] {processor.py:208} INFO - Processing /opt/airflow/dags/weather_dag.py took 0.333 seconds
[2026-08-12T01:37:18.479+0000] {processor.py:186} INFO - Started process (PID=40863) to work on /opt/airflow/dags/weather_dag.py
[2026-08-12T01:37:18.481+0000] {processor.py:914} INFO - Processing file /opt/airflow/dags/weather_dag.py for tasks to queue
[2026-08-12T01:37:18.484+0000] {logging_mixin.py:190} INFO - [2026-08-12T01:37:18.483+0000] {dagbag.py:588} INFO - Filling up the DagBag from /opt/airflow/dags/weather_dag.py
[2026-08-12T01:37:18.828+0000] {processor.py:925} INFO - DAG(s) 'weather_ingestion' retrieved from /opt/airflow/dags/weather_dag.py
[2026-08-12T01:37:18.840+0000] {logging_mixin.py:190} INFO - [2026-08-12T01:37:18.840+0000] {dag.py:3239} INFO - Sync 1 DAGs
[2026-08-12T01:37:18.849+0000] {logging_mixin.py:190} INFO - [2026-08-12T01:37:18.849+0000] {dag.py:4180} INFO - Setting next_dagrun for weather_ingestion to 2026-08-12 01:00:00+00:00, run_after=2026-08-12 02:00:00+00:00
[2026-08-12T01:37:18.856+0000] {processor.py:208} INFO - Processing /opt/airflow/dags/weather_dag.py took 0.387 seconds
[2026-08-12T01:37:49.170+0000] {processor.py:186} INFO - Started process (PID=40870) to work on /opt/airflow/dags/weather_dag.py
[2026-08-12T01:37:49.172+0000] {processor.py:914} INFO - Processing file /opt/airflow/dags/weather_dag.py for tasks to queue
[2026-08-12T01:37:49.174+0000] {logging_mixin.py:190} INFO - [2026-08-12T01:37:49.174+0000] {dagbag.py:588} INFO - Filling up the DagBag from /opt/airflow/dags/weather_dag.py
[2026-08-12T01:37:49.464+0000] {processor.py:925} INFO - DAG(s) 'weather_ingestion' retrieved from /opt/airflow/dags/weather_dag.py
[2026-08-12T01:37:49.474+0000] {logging_mixin.py:190} INFO - [2026-08-12T01:37:49.474+0000] {dag.py:3239} INFO - Sync 1 DAGs
[2026-08-12T01:37:49.482+0000] {logging_mixin.py:190} INFO - [2026-08-12T01:37:49.482+0000] {dag.py:4180} INFO - Setting next_dagrun for weather_ingestion to 2026-08-12 01:00:00+00:00, run_after=2026-08-12 02:00:00+00:00
[2026-08-12T01:37:49.489+0000] {processor.py:208} INFO - Processing /opt/airflow/dags/weather_dag.py took 0.326 seconds
[2026-08-12T01:38:19.881+0000] {processor.py:186} INFO - Started process (PID=40877) to work on /opt/airflow/dags/weather_dag.py
[2026-08-12T01:38:19.882+0000] {processor.py:914} INFO - Processing file /opt/airflow/dags/weather_dag.py for tasks to queue
[2026-08-12T01:38:19.886+0000] {logging_mixin.py:190} INFO - [2026-08-12T01:38:19.886+0000] {dagbag.py:588} INFO - Filling up the DagBag from /opt/airflow/dags/weather_dag.py
[2026-08-12T01:38:20.204+0000] {processor.py:925} INFO - DAG(s) 'weather_ingestion' retrieved from /opt/airflow/dags/weather_dag.py
[2026-08-12T01:38:20.214+0000] {logging_mixin.py:190} INFO - [2026-08-12T01:38:20.214+0000] {dag.py:3239} INFO - Sync 1 DAGs
[2026-08-12T01:38:20.223+0000] {logging_mixin.py:190} INFO - [2026-08-12T01:38:20.223+0000] {dag.py:4180} INFO - Setting next_dagrun for weather_ingestion to 2026-08-12 01:00:00+00:00, run_after=2026-08-12 02:00:00+00:00
[2026-08-12T01:38:20.230+0000] {processor.py:208} INFO - Processing /opt/airflow/dags/weather_dag.py took 0.359 seconds
[2026-08-12T01:38:50.594+0000] {processor.py:186} INFO - Started process (PID=40884) to work on /opt/airflow/dags/weather_dag.py
[2026-08-12T01:38:50.596+0000] {processor.py:914} INFO - Processing file /opt/airflow/dags/weather_dag.py for tasks to queue
[2026-08-12T01:38:50.600+0000] {logging_mixin.py:190} INFO - [2026-08-12T01:38:50.600+0000] {dagbag.py:588} INFO - Filling up the DagBag from /opt/airflow/dags/weather_dag.py
[2026-08-12T01:38:50.964+0000] {processor.py:925} INFO - DAG(s) 'weather_ingestion' retrieved from /opt/airflow/dags/weather_dag.py
[2026-08-12T01:38:50.975+0000] {logging_mixin.py:190} INFO - [2026-08-12T01:38:50.975+0000] {dag.py:3239} INFO - Sync 1 DAGs
[2026-08-12T01:38:50.985+0000] {logging_mixin.py:190} INFO - [2026-08-12T01:38:50.985+0000] {dag.py:4180} INFO - Setting next_dagrun for weather_ingestion to 2026-08-12 01:00:00+00:00, run_after=2026-08-12 02:00:00+00:00
[2026-08-12T01:38:50.992+0000] {processor.py:208} INFO - Processing /opt/airflow/dags/weather_dag.py took 0.410 seconds
[2026-08-12T01:39:21.424+0000] {processor.py:186} INFO - Started process (PID=40891) to work on /opt/airflow/dags/weather_dag.py
[2026-08-12T01:39:21.426+0000] {processor.py:914} INFO - Processing file /opt/airflow/dags/weather_dag.py for tasks to queue
[2026-08-12T01:39:21.430+0000] {logging_mixin.py:190} INFO - [2026-08-12T01:39:21.429+0000] {dagbag.py:588} INFO - Filling up the DagBag from /opt/airflow/dags/weather_dag.py
[2026-08-12T01:39:21.858+0000] {processor.py:925} INFO - DAG(s) 'weather_ingestion' retrieved from /opt/airflow/dags/weather_dag.py
[2026-08-12T01:39:21.871+0000] {logging_mixin.py:190} INFO - [2026-08-12T01:39:21.871+0000] {dag.py:3239} INFO - Sync 1 DAGs
[2026-08-12T01:39:21.880+0000] {logging_mixin.py:190} INFO - [2026-08-12T01:39:21.880+0000] {dag.py:4180} INFO - Setting next_dagrun for weather_ingestion to 2026-08-12 01:00:00+00:00, run_after=2026-08-12 02:00:00+00:00
[2026-08-12T01:39:21.887+0000] {processor.py:208} INFO - Processing /opt/airflow/dags/weather_dag.py took 0.474 seconds
[2026-08-12T01:39:52.291+0000] {processor.py:186} INFO - Started process (PID=40898) to work on /opt/airflow/dags/weather_dag.py
[2026-08-12T01:39:52.295+0000] {processor.py:914} INFO - Processing file /opt/airflow/dags/weather_dag.py for tasks to queue
[2026-08-12T01:39:52.304+0000] {logging_mixin.py:190} INFO - [2026-08-12T01:39:52.303+0000] {dagbag.py:588} INFO - Filling up the DagBag from /opt/airflow/dags/weather_dag.py
[2026-08-12T01:39:52.880+0000] {processor.py:925} INFO - DAG(s) 'weather_ingestion' retrieved from /opt/airflow/dags/weather_dag.py
[2026-08-12T01:39:52.894+0000] {logging_mixin.py:190} INFO - [2026-08-12T01:39:52.894+0000] {dag.py:3239} INFO - Sync 1 DAGs
[2026-08-12T01:39:52.905+0000] {logging_mixin.py:190} INFO - [2026-08-12T01:39:52.905+0000] {dag.py:4180} INFO - Setting next_dagrun for weather_ingestion to 2026-08-12 01:00:00+00:00, run_after=2026-08-12 02:00:00+00:00
[2026-08-12T01:39:52.913+0000] {processor.py:208} INFO - Processing /opt/airflow/dags/weather_dag.py took 0.635 seconds
[2026-08-12T01:40:23.220+0000] {processor.py:186} INFO - Started process (PID=40905) to work on /opt/airflow/dags/weather_dag.py
[2026-08-12T01:40:23.223+0000] {processor.py:914} INFO - Processing file /opt/airflow/dags/weather_dag.py for tasks to queue
[2026-08-12T01:40:23.229+0000] {logging_mixin.py:190} INFO - [2026-08-12T01:40:23.228+0000] {dagbag.py:588} INFO - Filling up the DagBag from /opt/airflow/dags/weather_dag.py
[2026-08-12T01:40:23.798+0000] {processor.py:925} INFO - DAG(s) 'weather_ingestion' retrieved from /opt/airflow/dags/weather_dag.py
[2026-08-12T01:40:23.811+0000] {logging_mixin.py:190} INFO - [2026-08-12T01:40:23.811+0000] {dag.py:3239} INFO - Sync 1 DAGs
[2026-08-12T01:40:23.821+0000] {logging_mixin.py:190} INFO - [2026-08-12T01:40:23.821+0000] {dag.py:4180} INFO - Setting next_dagrun for weather_ingestion to 2026-08-12 01:00:00+00:00, run_after=2026-08-12 02:00:00+00:00
[2026-08-12T01:40:23.827+0000] {processor.py:208} INFO - Processing /opt/airflow/dags/weather_dag.py took 0.627 seconds
[2026-08-12T01:40:54.228+0000] {processor.py:186} INFO - Started process (PID=40912) to work on /opt/airflow/dags/weather_dag.py
[2026-08-12T01:40:54.230+0000] {processor.py:914} INFO - Processing file /opt/airflow/dags/weather_dag.py for tasks to queue
[2026-08-12T01:40:54.232+0000] {logging_mixin.py:190} INFO - [2026-08-12T01:40:54.232+0000] {dagbag.py:588} INFO - Filling up the DagBag from /opt/airflow/dags/weather_dag.py
[2026-08-12T01:40:54.525+0000] {processor.py:925} INFO - DAG(s) 'weather_ingestion' retrieved from /opt/airflow/dags/weather_dag.py
[2026-08-12T01:40:54.536+0000] {logging_mixin.py:190} INFO - [2026-08-12T01:40:54.536+0000] {dag.py:3239} INFO - Sync 1 DAGs
[2026-08-12T01:40:54.544+0000] {logging_mixin.py:190} INFO - [2026-08-12T01:40:54.544+0000] {dag.py:4180} INFO - Setting next_dagrun for weather_ingestion to 2026-08-12 01:00:00+00:00, run_after=2026-08-12 02:00:00+00:00
[2026-08-12T01:40:54.550+0000] {processor.py:208} INFO - Processing /opt/airflow/dags/weather_dag.py took 0.331 seconds
[2026-08-12T01:41:24.741+0000] {processor.py:186} INFO - Started process (PID=40919) to work on /opt/airflow/dags/weather_dag.py
[2026-08-12T01:41:24.744+0000] {processor.py:914} INFO - Processing file /opt/airflow/dags/weather_dag.py for tasks to queue
[2026-08-12T01:41:24.746+0000] {logging_mixin.py:190} INFO - [2026-08-12T01:41:24.746+0000] {dagbag.py:588} INFO - Filling up the DagBag from /opt/airflow/dags/weather_dag.py
[2026-08-12T01:41:25.032+0000] {processor.py:925} INFO - DAG(s) 'weather_ingestion' retrieved from /opt/airflow/dags/weather_dag.py
[2026-08-12T01:41:25.042+0000] {logging_mixin.py:190} INFO - [2026-08-12T01:41:25.042+0000] {dag.py:3239} INFO - Sync 1 DAGs
[2026-08-12T01:41:25.050+0000] {logging_mixin.py:190} INFO - [2026-08-12T01:41:25.050+0000] {dag.py:4180} INFO - Setting next_dagrun for weather_ingestion to 2026-08-12 01:00:00+00:00, run_after=2026-08-12 02:00:00+00:00
[2026-08-12T01:41:25.056+0000] {processor.py:208} INFO - Processing /opt/airflow/dags/weather_dag.py took 0.324 seconds
[2026-08-12T01:41:55.234+0000] {processor.py:186} INFO - Started process (PID=40926) to work on /opt/airflow/dags/weather_dag.py
[2026-08-12T01:41:55.235+0000] {processor.py:914} INFO - Processing file /opt/airflow/dags/weather_dag.py for tasks to queue
[2026-08-12T01:41:55.240+0000] {logging_mixin.py:190} INFO - [2026-08-12T01:41:55.239+0000] {dagbag.py:588} INFO - Filling up the DagBag from /opt/airflow/dags/weather_dag.py
[2026-08-12T01:41:55.699+0000] {processor.py:925} INFO - DAG(s) 'weather_ingestion' retrieved from /opt/airflow/dags/weather_dag.py
[2026-08-12T01:41:55.712+0000] {logging_mixin.py:190} INFO - [2026-08-12T01:41:55.711+0000] {dag.py:3239} INFO - Sync 1 DAGs
[2026-08-12T01:41:55.723+0000] {logging_mixin.py:190} INFO - [2026-08-12T01:41:55.722+0000] {dag.py:4180} INFO - Setting next_dagrun for weather_ingestion to 2026-08-12 01:00:00+00:00, run_after=2026-08-12 02:00:00+00:00
[2026-08-12T01:41:55.729+0000] {processor.py:208} INFO - Processing /opt/airflow/dags/weather_dag.py took 0.505 seconds
[2026-08-12T01:42:26.064+0000] {processor.py:186} INFO - Started process (PID=40933) to work on /opt/airflow/dags/weather_dag.py
[2026-08-12T01:42:26.066+0000] {processor.py:914} INFO - Processing file /opt/airflow/dags/weather_dag.py for tasks to queue
[2026-08-12T01:42:26.069+0000] {logging_mixin.py:190} INFO - [2026-08-12T01:42:26.068+0000] {dagbag.py:588} INFO - Filling up the DagBag from /opt/airflow/dags/weather_dag.py
[2026-08-12T01:42:26.407+0000] {processor.py:925} INFO - DAG(s) 'weather_ingestion' retrieved from /opt/airflow/dags/weather_dag.py
[2026-08-12T01:42:26.420+0000] {logging_mixin.py:190} INFO - [2026-08-12T01:42:26.419+0000] {dag.py:3239} INFO - Sync 1 DAGs
[2026-08-12T01:42:26.429+0000] {logging_mixin.py:190} INFO - [2026-08-12T01:42:26.429+0000] {dag.py:4180} INFO - Setting next_dagrun for weather_ingestion to 2026-08-12 01:00:00+00:00, run_after=2026-08-12 02:00:00+00:00
[2026-08-12T01:42:26.436+0000] {processor.py:208} INFO - Processing /opt/airflow/dags/weather_dag.py took 0.379 seconds
[2026-08-12T01:42:56.794+0000] {processor.py:186} INFO - Started process (PID=40940) to work on /opt/airflow/dags/weather_dag.py
[2026-08-12T01:42:56.795+0000] {processor.py:914} INFO - Processing file /opt/airflow/dags/weather_dag.py for tasks to queue
[2026-08-12T01:42:56.798+0000] {logging_mixin.py:190} INFO - [2026-08-12T01:42:56.797+0000] {dagbag.py:588} INFO - Filling up the DagBag from /opt/airflow/dags/weather_dag.py
[2026-08-12T01:42:57.104+0000] {processor.py:925} INFO - DAG(s) 'weather_ingestion' retrieved from /opt/airflow/dags/weather_dag.py
[2026-08-12T01:42:57.115+0000] {logging_mixin.py:190} INFO - [2026-08-12T01:42:57.115+0000] {dag.py:3239} INFO - Sync 1 DAGs
[2026-08-12T01:42:57.124+0000] {logging_mixin.py:190} INFO - [2026-08-12T01:42:57.124+0000] {dag.py:4180} INFO - Setting next_dagrun for weather_ingestion to 2026-08-12 01:00:00+00:00, run_after=2026-08-12 02:00:00+00:00
[2026-08-12T01:42:57.130+0000] {processor.py:208} INFO - Processing /opt/airflow/dags/weather_dag.py took 0.341 seconds
[2026-08-12T01:43:27.486+0000] {processor.py:186} INFO - Started process (PID=40947) to work on /opt/airflow/dags/weather_dag.py
[2026-08-12T01:43:27.488+0000] {processor.py:914} INFO - Processing file /opt/airflow/dags/weather_dag.py for tasks to queue
[2026-08-12T01:43:27.491+0000] {logging_mixin.py:190} INFO - [2026-08-12T01:43:27.491+0000] {dagbag.py:588} INFO - Filling up the DagBag from /opt/airflow/dags/weather_dag.py
[2026-08-12T01:43:27.802+0000] {processor.py:925} INFO - DAG(s) 'weather_ingestion' retrieved from /opt/airflow/dags/weather_dag.py
[2026-08-12T01:43:27.812+0000] {logging_mixin.py:190} INFO - [2026-08-12T01:43:27.812+0000] {dag.py:3239} INFO - Sync 1 DAGs
[2026-08-12T01:43:27.821+0000] {logging_mixin.py:190} INFO - [2026-08-12T01:43:27.821+0000] {dag.py:4180} INFO - Setting next_dagrun for weather_ingestion to 2026-08-12 01:00:00+00:00, run_after=2026-08-12 02:00:00+00:00
[2026-08-12T01:43:27.827+0000] {processor.py:208} INFO - Processing /opt/airflow/dags/weather_dag.py took 0.359 seconds
[2026-08-12T01:43:58.145+0000] {processor.py:186} INFO - Started process (PID=40954) to work on /opt/airflow/dags/weather_dag.py
[2026-08-12T01:43:58.147+0000] {processor.py:914} INFO - Processing file /opt/airflow/dags/weather_dag.py for tasks to queue
[2026-08-12T01:43:58.151+0000] {logging_mixin.py:190} INFO - [2026-08-12T01:43:58.150+0000] {dagbag.py:588} INFO - Filling up the DagBag from /opt/airflow/dags/weather_dag.py
[2026-08-12T01:43:58.624+0000] {processor.py:925} INFO - DAG(s) 'weather_ingestion' retrieved from /opt/airflow/dags/weather_dag.py
[2026-08-12T01:43:58.637+0000] {logging_mixin.py:190} INFO - [2026-08-12T01:43:58.637+0000] {dag.py:3239} INFO - Sync 1 DAGs
[2026-08-12T01:43:58.647+0000] {logging_mixin.py:190} INFO - [2026-08-12T01:43:58.647+0000] {dag.py:4180} INFO - Setting next_dagrun for weather_ingestion to 2026-08-12 01:00:00+00:00, run_after=2026-08-12 02:00:00+00:00
[2026-08-12T01:43:58.654+0000] {processor.py:208} INFO - Processing /opt/airflow/dags/weather_dag.py took 0.519 seconds
[2026-08-12T01:44:29.056+0000] {processor.py:186} INFO - Started process (PID=40961) to work on /opt/airflow/dags/weather_dag.py
[2026-08-12T01:44:29.058+0000] {processor.py:914} INFO - Processing file /opt/airflow/dags/weather_dag.py for tasks to queue
[2026-08-12T01:44:29.060+0000] {logging_mixin.py:190} INFO - [2026-08-12T01:44:29.059+0000] {dagbag.py:588} INFO - Filling up the DagBag from /opt/airflow/dags/weather_dag.py
[2026-08-12T01:44:29.364+0000] {processor.py:925} INFO - DAG(s) 'weather_ingestion' retrieved from /opt/airflow/dags/weather_dag.py
[2026-08-12T01:44:29.374+0000] {logging_mixin.py:190} INFO - [2026-08-12T01:44:29.374+0000] {dag.py:3239} INFO - Sync 1 DAGs
[2026-08-12T01:44:29.383+0000] {logging_mixin.py:190} INFO - [2026-08-12T01:44:29.383+0000] {dag.py:4180} INFO - Setting next_dagrun for weather_ingestion to 2026-08-12 01:00:00+00:00, run_after=2026-08-12 02:00:00+00:00
[2026-08-12T01:44:29.389+0000] {processor.py:208} INFO - Processing /opt/airflow/dags/weather_dag.py took 0.339 seconds
[2026-08-12T01:44:59.457+0000] {processor.py:186} INFO - Started process (PID=40968) to work on /opt/airflow/dags/weather_dag.py
[2026-08-12T01:44:59.458+0000] {processor.py:914} INFO - Processing file /opt/airflow/dags/weather_dag.py for tasks to queue
[2026-08-12T01:44:59.461+0000] {logging_mixin.py:190} INFO - [2026-08-12T01:44:59.460+0000] {dagbag.py:588} INFO - Filling up the DagBag from /opt/airflow/dags/weather_dag.py
[2026-08-12T01:44:59.790+0000] {processor.py:925} INFO - DAG(s) 'weather_ingestion' retrieved from /opt/airflow/dags/weather_dag.py
[2026-08-12T01:44:59.801+0000] {logging_mixin.py:190} INFO - [2026-08-12T01:44:59.801+0000] {dag.py:3239} INFO - Sync 1 DAGs
[2026-08-12T01:44:59.809+0000] {logging_mixin.py:190} INFO - [2026-08-12T01:44:59.809+0000] {dag.py:4180} INFO - Setting next_dagrun for weather_ingestion to 2026-08-12 01:00:00+00:00, run_after=2026-08-12 02:00:00+00:00
[2026-08-12T01:44:59.815+0000] {processor.py:208} INFO - Processing /opt/airflow/dags/weather_dag.py took 0.366 seconds
[2026-08-12T01:45:30.123+0000] {processor.py:186} INFO - Started process (PID=40975) to work on /opt/airflow/dags/weather_dag.py
[2026-08-12T01:45:30.124+0000] {processor.py:914} INFO - Processing file /opt/airflow/dags/weather_dag.py for tasks to queue
[2026-08-12T01:45:30.129+0000] {logging_mixin.py:190} INFO - [2026-08-12T01:45:30.128+0000] {dagbag.py:588} INFO - Filling up the DagBag from /opt/airflow/dags/weather_dag.py
[2026-08-12T01:45:30.496+0000] {processor.py:925} INFO - DAG(s) 'weather_ingestion' retrieved from /opt/airflow/dags/weather_dag.py
[2026-08-12T01:45:30.507+0000] {logging_mixin.py:190} INFO - [2026-08-12T01:45:30.507+0000] {dag.py:3239} INFO - Sync 1 DAGs
[2026-08-12T01:45:30.516+0000] {logging_mixin.py:190} INFO - [2026-08-12T01:45:30.516+0000] {dag.py:4180} INFO - Setting next_dagrun for weather_ingestion to 2026-08-12 01:00:00+00:00, run_after=2026-08-12 02:00:00+00:00
[2026-08-12T01:45:30.522+0000] {processor.py:208} INFO - Processing /opt/airflow/dags/weather_dag.py took 0.409 seconds
[2026-08-12T01:46:00.858+0000] {processor.py:186} INFO - Started process (PID=40982) to work on /opt/airflow/dags/weather_dag.py
[2026-08-12T01:46:00.860+0000] {processor.py:914} INFO - Processing file /opt/airflow/dags/weather_dag.py for tasks to queue
[2026-08-12T01:46:00.863+0000] {logging_mixin.py:190} INFO - [2026-08-12T01:46:00.863+0000] {dagbag.py:588} INFO - Filling up the DagBag from /opt/airflow/dags/weather_dag.py
[2026-08-12T01:46:01.156+0000] {processor.py:925} INFO - DAG(s) 'weather_ingestion' retrieved from /opt/airflow/dags/weather_dag.py
[2026-08-12T01:46:01.167+0000] {logging_mixin.py:190} INFO - [2026-08-12T01:46:01.167+0000] {dag.py:3239} INFO - Sync 1 DAGs
[2026-08-12T01:46:01.175+0000] {logging_mixin.py:190} INFO - [2026-08-12T01:46:01.175+0000] {dag.py:4180} INFO - Setting next_dagrun for weather_ingestion to 2026-08-12 01:00:00+00:00, run_after=2026-08-12 02:00:00+00:00
[2026-08-12T01:46:01.181+0000] {processor.py:208} INFO - Processing /opt/airflow/dags/weather_dag.py took 0.331 seconds
[2026-08-12T01:46:31.519+0000] {processor.py:186} INFO - Started process (PID=40989) to work on /opt/airflow/dags/weather_dag.py
[2026-08-12T01:46:31.521+0000] {processor.py:914} INFO - Processing file /opt/airflow/dags/weather_dag.py for tasks to queue
[2026-08-12T01:46:31.523+0000] {logging_mixin.py:190} INFO - [2026-08-12T01:46:31.523+0000] {dagbag.py:588} INFO - Filling up the DagBag from /opt/airflow/dags/weather_dag.py
[2026-08-12T01:46:31.821+0000] {processor.py:925} INFO - DAG(s) 'weather_ingestion' retrieved from /opt/airflow/dags/weather_dag.py
[2026-08-12T01:46:31.831+0000] {logging_mixin.py:190} INFO - [2026-08-12T01:46:31.831+0000] {dag.py:3239} INFO - Sync 1 DAGs
[2026-08-12T01:46:31.839+0000] {logging_mixin.py:190} INFO - [2026-08-12T01:46:31.839+0000] {dag.py:4180} INFO - Setting next_dagrun for weather_ingestion to 2026-08-12 01:00:00+00:00, run_after=2026-08-12 02:00:00+00:00
[2026-08-12T01:46:31.845+0000] {processor.py:208} INFO - Processing /opt/airflow/dags/weather_dag.py took 0.334 seconds
[2026-08-12T01:47:01.909+0000] {processor.py:186} INFO - Started process (PID=40996) to work on /opt/airflow/dags/weather_dag.py
[2026-08-12T01:47:01.911+0000] {processor.py:914} INFO - Processing file /opt/airflow/dags/weather_dag.py for tasks to queue
[2026-08-12T01:47:01.914+0000] {logging_mixin.py:190} INFO - [2026-08-12T01:47:01.914+0000] {dagbag.py:588} INFO - Filling up the DagBag from /opt/airflow/dags/weather_dag.py
[2026-08-12T01:47:02.222+0000] {processor.py:925} INFO - DAG(s) 'weather_ingestion' retrieved from /opt/airflow/dags/weather_dag.py
[2026-08-12T01:47:02.232+0000] {logging_mixin.py:190} INFO - [2026-08-12T01:47:02.232+0000] {dag.py:3239} INFO - Sync 1 DAGs
[2026-08-12T01:47:02.240+0000] {logging_mixin.py:190} INFO - [2026-08-12T01:47:02.240+0000] {dag.py:4180} INFO - Setting next_dagrun for weather_ingestion to 2026-08-12 01:00:00+00:00, run_after=2026-08-12 02:00:00+00:00
[2026-08-12T01:47:02.246+0000] {processor.py:208} INFO - Processing /opt/airflow/dags/weather_dag.py took 0.347 seconds
[2026-08-12T01:47:32.624+0000] {processor.py:186} INFO - Started process (PID=41003) to work on /opt/airflow/dags/weather_dag.py
[2026-08-12T01:47:32.626+0000] {processor.py:914} INFO - Processing file /opt/airflow/dags/weather_dag.py for tasks to queue
[2026-08-12T01:47:32.629+0000] {logging_mixin.py:190} INFO - [2026-08-12T01:47:32.628+0000] {dagbag.py:588} INFO - Filling up the DagBag from /opt/airflow/dags/weather_dag.py
[2026-08-12T01:47:32.923+0000] {processor.py:925} INFO - DAG(s) 'weather_ingestion' retrieved from /opt/airflow/dags/weather_dag.py
[2026-08-12T01:47:32.933+0000] {logging_mixin.py:190} INFO - [2026-08-12T01:47:32.932+0000] {dag.py:3239} INFO - Sync 1 DAGs
[2026-08-12T01:47:32.941+0000] {logging_mixin.py:190} INFO - [2026-08-12T01:47:32.941+0000] {dag.py:4180} INFO - Setting next_dagrun for weather_ingestion to 2026-08-12 01:00:00+00:00, run_after=2026-08-12 02:00:00+00:00
[2026-08-12T01:47:32.947+0000] {processor.py:208} INFO - Processing /opt/airflow/dags/weather_dag.py took 0.330 seconds
[2026-08-12T01:48:03.301+0000] {processor.py:186} INFO - Started process (PID=41010) to work on /opt/airflow/dags/weather_dag.py
[2026-08-12T01:48:03.303+0000] {processor.py:914} INFO - Processing file /opt/airflow/dags/weather_dag.py for tasks to queue
[2026-08-12T01:48:03.307+0000] {logging_mixin.py:190} INFO - [2026-08-12T01:48:03.306+0000] {dagbag.py:588} INFO - Filling up the DagBag from /opt/airflow/dags/weather_dag.py
[2026-08-12T01:48:03.685+0000] {processor.py:925} INFO - DAG(s) 'weather_ingestion' retrieved from /opt/airflow/dags/weather_dag.py
[2026-08-12T01:48:03.697+0000] {logging_mixin.py:190} INFO - [2026-08-12T01:48:03.697+0000] {dag.py:3239} INFO - Sync 1 DAGs
[2026-08-12T01:48:03.706+0000] {logging_mixin.py:190} INFO - [2026-08-12T01:48:03.706+0000] {dag.py:4180} INFO - Setting next_dagrun for weather_ingestion to 2026-08-12 01:00:00+00:00, run_after=2026-08-12 02:00:00+00:00
[2026-08-12T01:48:03.713+0000] {processor.py:208} INFO - Processing /opt/airflow/dags/weather_dag.py took 0.421 seconds
[2026-08-12T01:48:34.022+0000] {processor.py:186} INFO - Started process (PID=41017) to work on /opt/airflow/dags/weather_dag.py
[2026-08-12T01:48:34.024+0000] {processor.py:914} INFO - Processing file /opt/airflow/dags/weather_dag.py for tasks to queue
[2026-08-12T01:48:34.027+0000] {logging_mixin.py:190} INFO - [2026-08-12T01:48:34.026+0000] {dagbag.py:588} INFO - Filling up the DagBag from /opt/airflow/dags/weather_dag.py
[2026-08-12T01:48:34.316+0000] {processor.py:925} INFO - DAG(s) 'weather_ingestion' retrieved from /opt/airflow/dags/weather_dag.py
[2026-08-12T01:48:34.326+0000] {logging_mixin.py:190} INFO - [2026-08-12T01:48:34.325+0000] {dag.py:3239} INFO - Sync 1 DAGs
[2026-08-12T01:48:34.333+0000] {logging_mixin.py:190} INFO - [2026-08-12T01:48:34.333+0000] {dag.py:4180} INFO - Setting next_dagrun for weather_ingestion to 2026-08-12 01:00:00+00:00, run_after=2026-08-12 02:00:00+00:00
[2026-08-12T01:48:34.340+0000] {processor.py:208} INFO - Processing /opt/airflow/dags/weather_dag.py took 0.326 seconds
[2026-08-12T01:49:04.400+0000] {processor.py:186} INFO - Started process (PID=41024) to work on /opt/airflow/dags/weather_dag.py
[2026-08-12T01:49:04.413+0000] {processor.py:914} INFO - Processing file /opt/airflow/dags/weather_dag.py for tasks to queue
[2026-08-12T01:49:04.418+0000] {logging_mixin.py:190} INFO - [2026-08-12T01:49:04.417+0000] {dagbag.py:588} INFO - Filling up the DagBag from /opt/airflow/dags/weather_dag.py
[2026-08-12T01:49:04.728+0000] {processor.py:925} INFO - DAG(s) 'weather_ingestion' retrieved from /opt/airflow/dags/weather_dag.py
[2026-08-12T01:49:04.739+0000] {logging_mixin.py:190} INFO - [2026-08-12T01:49:04.739+0000] {dag.py:3239} INFO - Sync 1 DAGs
[2026-08-12T01:49:04.747+0000] {logging_mixin.py:190} INFO - [2026-08-12T01:49:04.747+0000] {dag.py:4180} INFO - Setting next_dagrun for weather_ingestion to 2026-08-12 01:00:00+00:00, run_after=2026-08-12 02:00:00+00:00
[2026-08-12T01:49:04.754+0000] {processor.py:208} INFO - Processing /opt/airflow/dags/weather_dag.py took 0.371 seconds
[2026-08-12T01:49:34.973+0000] {processor.py:186} INFO - Started process (PID=41031) to work on /opt/airflow/dags/weather_dag.py
[2026-08-12T01:49:34.975+0000] {processor.py:914} INFO - Processing file /opt/airflow/dags/weather_dag.py for tasks to queue
[2026-08-12T01:49:34.979+0000] {logging_mixin.py:190} INFO - [2026-08-12T01:49:34.978+0000] {dagbag.py:588} INFO - Filling up the DagBag from /opt/airflow/dags/weather_dag.py
[2026-08-12T01:49:35.305+0000] {processor.py:925} INFO - DAG(s) 'weather_ingestion' retrieved from /opt/airflow/dags/weather_dag.py
[2026-08-12T01:49:35.316+0000] {logging_mixin.py:190} INFO - [2026-08-12T01:49:35.315+0000] {dag.py:3239} INFO - Sync 1 DAGs
[2026-08-12T01:49:35.325+0000] {logging_mixin.py:190} INFO - [2026-08-12T01:49:35.325+0000] {dag.py:4180} INFO - Setting next_dagrun for weather_ingestion to 2026-08-12 01:00:00+00:00, run_after=2026-08-12 02:00:00+00:00
[2026-08-12T01:49:35.331+0000] {processor.py:208} INFO - Processing /opt/airflow/dags/weather_dag.py took 0.368 seconds
[2026-08-12T01:50:05.680+0000] {processor.py:186} INFO - Started process (PID=41038) to work on /opt/airflow/dags/weather_dag.py
[2026-08-12T01:50:05.683+0000] {processor.py:914} INFO - Processing file /opt/airflow/dags/weather_dag.py for tasks to queue
[2026-08-12T01:50:05.688+0000] {logging_mixin.py:190} INFO - [2026-08-12T01:50:05.688+0000] {dagbag.py:588} INFO - Filling up the DagBag from /opt/airflow/dags/weather_dag.py
[2026-08-12T01:50:06.223+0000] {processor.py:925} INFO - DAG(s) 'weather_ingestion' retrieved from /opt/airflow/dags/weather_dag.py
[2026-08-12T01:50:06.237+0000] {logging_mixin.py:190} INFO - [2026-08-12T01:50:06.237+0000] {dag.py:3239} INFO - Sync 1 DAGs
[2026-08-12T01:50:06.247+0000] {logging_mixin.py:190} INFO - [2026-08-12T01:50:06.247+0000] {dag.py:4180} INFO - Setting next_dagrun for weather_ingestion to 2026-08-12 01:00:00+00:00, run_after=2026-08-12 02:00:00+00:00
[2026-08-12T01:50:06.254+0000] {processor.py:208} INFO - Processing /opt/airflow/dags/weather_dag.py took 0.585 seconds
[2026-08-12T01:50:36.623+0000] {processor.py:186} INFO - Started process (PID=41045) to work on /opt/airflow/dags/weather_dag.py
[2026-08-12T01:50:36.624+0000] {processor.py:914} INFO - Processing file /opt/airflow/dags/weather_dag.py for tasks to queue
[2026-08-12T01:50:36.626+0000] {logging_mixin.py:190} INFO - [2026-08-12T01:50:36.626+0000] {dagbag.py:588} INFO - Filling up the DagBag from /opt/airflow/dags/weather_dag.py
[2026-08-12T01:50:36.949+0000] {processor.py:925} INFO - DAG(s) 'weather_ingestion' retrieved from /opt/airflow/dags/weather_dag.py
[2026-08-12T01:50:36.962+0000] {logging_mixin.py:190} INFO - [2026-08-12T01:50:36.962+0000] {dag.py:3239} INFO - Sync 1 DAGs
[2026-08-12T01:50:36.971+0000] {logging_mixin.py:190} INFO - [2026-08-12T01:50:36.971+0000] {dag.py:4180} INFO - Setting next_dagrun for weather_ingestion to 2026-08-12 01:00:00+00:00, run_after=2026-08-12 02:00:00+00:00
[2026-08-12T01:50:36.977+0000] {processor.py:208} INFO - Processing /opt/airflow/dags/weather_dag.py took 0.363 seconds
[2026-08-12T01:51:07.273+0000] {processor.py:186} INFO - Started process (PID=41052) to work on /opt/airflow/dags/weather_dag.py
[2026-08-12T01:51:07.275+0000] {processor.py:914} INFO - Processing file /opt/airflow/dags/weather_dag.py for tasks to queue
[2026-08-12T01:51:07.279+0000] {logging_mixin.py:190} INFO - [2026-08-12T01:51:07.278+0000] {dagbag.py:588} INFO - Filling up the DagBag from /opt/airflow/dags/weather_dag.py
[2026-08-12T01:51:07.589+0000] {processor.py:925} INFO - DAG(s) 'weather_ingestion' retrieved from /opt/airflow/dags/weather_dag.py
[2026-08-12T01:51:07.600+0000] {logging_mixin.py:190} INFO - [2026-08-12T01:51:07.600+0000] {dag.py:3239} INFO - Sync 1 DAGs
[2026-08-12T01:51:07.608+0000] {logging_mixin.py:190} INFO - [2026-08-12T01:51:07.608+0000] {dag.py:4180} INFO - Setting next_dagrun for weather_ingestion to 2026-08-12 01:00:00+00:00, run_after=2026-08-12 02:00:00+00:00
[2026-08-12T01:51:07.615+0000] {processor.py:208} INFO - Processing /opt/airflow/dags/weather_dag.py took 0.352 seconds
[2026-08-12T01:51:37.915+0000] {processor.py:186} INFO - Started process (PID=41059) to work on /opt/airflow/dags/weather_dag.py
[2026-08-12T01:51:37.917+0000] {processor.py:914} INFO - Processing file /opt/airflow/dags/weather_dag.py for tasks to queue
[2026-08-12T01:51:37.921+0000] {logging_mixin.py:190} INFO - [2026-08-12T01:51:37.921+0000] {dagbag.py:588} INFO - Filling up the DagBag from /opt/airflow/dags/weather_dag.py
[2026-08-12T01:51:38.271+0000] {processor.py:925} INFO - DAG(s) 'weather_ingestion' retrieved from /opt/airflow/dags/weather_dag.py
[2026-08-12T01:51:38.282+0000] {logging_mixin.py:190} INFO - [2026-08-12T01:51:38.282+0000] {dag.py:3239} INFO - Sync 1 DAGs
[2026-08-12T01:51:38.291+0000] {logging_mixin.py:190} INFO - [2026-08-12T01:51:38.291+0000] {dag.py:4180} INFO - Setting next_dagrun for weather_ingestion to 2026-08-12 01:00:00+00:00, run_after=2026-08-12 02:00:00+00:00
[2026-08-12T01:51:38.297+0000] {processor.py:208} INFO - Processing /opt/airflow/dags/weather_dag.py took 0.391 seconds
[2026-08-12T01:52:08.592+0000] {processor.py:186} INFO - Started process (PID=41066) to work on /opt/airflow/dags/weather_dag.py
[2026-08-12T01:52:08.595+0000] {processor.py:914} INFO - Processing file /opt/airflow/dags/weather_dag.py for tasks to queue
[2026-08-12T01:52:08.597+0000] {logging_mixin.py:190} INFO - [2026-08-12T01:52:08.597+0000] {dagbag.py:588} INFO - Filling up the DagBag from /opt/airflow/dags/weather_dag.py
[2026-08-12T01:52:08.918+0000] {processor.py:925} INFO - DAG(s) 'weather_ingestion' retrieved from /opt/airflow/dags/weather_dag.py
[2026-08-12T01:52:08.930+0000] {logging_mixin.py:190} INFO - [2026-08-12T01:52:08.930+0000] {dag.py:3239} INFO - Sync 1 DAGs
[2026-08-12T01:52:08.939+0000] {logging_mixin.py:190} INFO - [2026-08-12T01:52:08.939+0000] {dag.py:4180} INFO - Setting next_dagrun for weather_ingestion to 2026-08-12 01:00:00+00:00, run_after=2026-08-12 02:00:00+00:00
[2026-08-12T01:52:08.946+0000] {processor.py:208} INFO - Processing /opt/airflow/dags/weather_dag.py took 0.366 seconds
[2026-08-12T01:52:39.274+0000] {processor.py:186} INFO - Started process (PID=41073) to work on /opt/airflow/dags/weather_dag.py
[2026-08-12T01:52:39.277+0000] {processor.py:914} INFO - Processing file /opt/airflow/dags/weather_dag.py for tasks to queue
[2026-08-12T01:52:39.280+0000] {logging_mixin.py:190} INFO - [2026-08-12T01:52:39.279+0000] {dagbag.py:588} INFO - Filling up the DagBag from /opt/airflow/dags/weather_dag.py
[2026-08-12T01:52:39.592+0000] {processor.py:925} INFO - DAG(s) 'weather_ingestion' retrieved from /opt/airflow/dags/weather_dag.py
[2026-08-12T01:52:39.602+0000] {logging_mixin.py:190} INFO - [2026-08-12T01:52:39.601+0000] {dag.py:3239} INFO - Sync 1 DAGs
[2026-08-12T01:52:39.611+0000] {logging_mixin.py:190} INFO - [2026-08-12T01:52:39.611+0000] {dag.py:4180} INFO - Setting next_dagrun for weather_ingestion to 2026-08-12 01:00:00+00:00, run_after=2026-08-12 02:00:00+00:00
[2026-08-12T01:52:39.617+0000] {processor.py:208} INFO - Processing /opt/airflow/dags/weather_dag.py took 0.352 seconds
[2026-08-12T01:53:10.051+0000] {processor.py:186} INFO - Started process (PID=41080) to work on /opt/airflow/dags/weather_dag.py
[2026-08-12T01:53:10.053+0000] {processor.py:914} INFO - Processing file /opt/airflow/dags/weather_dag.py for tasks to queue
[2026-08-12T01:53:10.060+0000] {logging_mixin.py:190} INFO - [2026-08-12T01:53:10.059+0000] {dagbag.py:588} INFO - Filling up the DagBag from /opt/airflow/dags/weather_dag.py
[2026-08-12T01:53:10.470+0000] {processor.py:925} INFO - DAG(s) 'weather_ingestion' retrieved from /opt/airflow/dags/weather_dag.py
[2026-08-12T01:53:10.481+0000] {logging_mixin.py:190} INFO - [2026-08-12T01:53:10.481+0000] {dag.py:3239} INFO - Sync 1 DAGs
[2026-08-12T01:53:10.491+0000] {logging_mixin.py:190} INFO - [2026-08-12T01:53:10.490+0000] {dag.py:4180} INFO - Setting next_dagrun for weather_ingestion to 2026-08-12 01:00:00+00:00, run_after=2026-08-12 02:00:00+00:00
[2026-08-12T01:53:10.497+0000] {processor.py:208} INFO - Processing /opt/airflow/dags/weather_dag.py took 0.463 seconds
[2026-08-12T01:53:40.836+0000] {processor.py:186} INFO - Started process (PID=41087) to work on /opt/airflow/dags/weather_dag.py
[2026-08-12T01:53:40.838+0000] {processor.py:914} INFO - Processing file /opt/airflow/dags/weather_dag.py for tasks to queue
[2026-08-12T01:53:40.840+0000] {logging_mixin.py:190} INFO - [2026-08-12T01:53:40.840+0000] {dagbag.py:588} INFO - Filling up the DagBag from /opt/airflow/dags/weather_dag.py
[2026-08-12T01:53:41.126+0000] {processor.py:925} INFO - DAG(s) 'weather_ingestion' retrieved from /opt/airflow/dags/weather_dag.py
[2026-08-12T01:53:41.137+0000] {logging_mixin.py:190} INFO - [2026-08-12T01:53:41.137+0000] {dag.py:3239} INFO - Sync 1 DAGs
[2026-08-12T01:53:41.145+0000] {logging_mixin.py:190} INFO - [2026-08-12T01:53:41.145+0000] {dag.py:4180} INFO - Setting next_dagrun for weather_ingestion to 2026-08-12 01:00:00+00:00, run_after=2026-08-12 02:00:00+00:00
[2026-08-12T01:53:41.151+0000] {processor.py:208} INFO - Processing /opt/airflow/dags/weather_dag.py took 0.324 seconds
[2026-08-12T01:54:11.550+0000] {processor.py:186} INFO - Started process (PID=41094) to work on /opt/airflow/dags/weather_dag.py
[2026-08-12T01:54:11.552+0000] {processor.py:914} INFO - Processing file /opt/airflow/dags/weather_dag.py for tasks to queue
[2026-08-12T01:54:11.555+0000] {logging_mixin.py:190} INFO - [2026-08-12T01:54:11.555+0000] {dagbag.py:588} INFO - Filling up the DagBag from /opt/airflow/dags/weather_dag.py
[2026-08-12T01:54:11.859+0000] {processor.py:925} INFO - DAG(s) 'weather_ingestion' retrieved from /opt/airflow/dags/weather_dag.py
[2026-08-12T01:54:11.869+0000] {logging_mixin.py:190} INFO - [2026-08-12T01:54:11.869+0000] {dag.py:3239} INFO - Sync 1 DAGs
[2026-08-12T01:54:11.877+0000] {logging_mixin.py:190} INFO - [2026-08-12T01:54:11.877+0000] {dag.py:4180} INFO - Setting next_dagrun for weather_ingestion to 2026-08-12 01:00:00+00:00, run_after=2026-08-12 02:00:00+00:00
[2026-08-12T01:54:11.883+0000] {processor.py:208} INFO - Processing /opt/airflow/dags/weather_dag.py took 0.341 seconds
[2026-08-12T01:54:42.549+0000] {processor.py:186} INFO - Started process (PID=41101) to work on /opt/airflow/dags/weather_dag.py
[2026-08-12T01:54:42.551+0000] {processor.py:914} INFO - Processing file /opt/airflow/dags/weather_dag.py for tasks to queue
[2026-08-12T01:54:42.568+0000] {logging_mixin.py:190} INFO - [2026-08-12T01:54:42.568+0000] {dagbag.py:588} INFO - Filling up the DagBag from /opt/airflow/dags/weather_dag.py
[2026-08-12T01:54:43.787+0000] {processor.py:925} INFO - DAG(s) 'weather_ingestion' retrieved from /opt/airflow/dags/weather_dag.py
[2026-08-12T01:54:43.828+0000] {logging_mixin.py:190} INFO - [2026-08-12T01:54:43.828+0000] {dag.py:3239} INFO - Sync 1 DAGs
[2026-08-12T01:54:43.861+0000] {logging_mixin.py:190} INFO - [2026-08-12T01:54:43.861+0000] {dag.py:4180} INFO - Setting next_dagrun for weather_ingestion to 2026-08-12 01:00:00+00:00, run_after=2026-08-12 02:00:00+00:00
[2026-08-12T01:54:43.882+0000] {processor.py:208} INFO - Processing /opt/airflow/dags/weather_dag.py took 1.371 seconds
[2026-08-12T01:55:14.275+0000] {processor.py:186} INFO - Started process (PID=41108) to work on /opt/airflow/dags/weather_dag.py
[2026-08-12T01:55:14.277+0000] {processor.py:914} INFO - Processing file /opt/airflow/dags/weather_dag.py for tasks to queue
[2026-08-12T01:55:14.280+0000] {logging_mixin.py:190} INFO - [2026-08-12T01:55:14.280+0000] {dagbag.py:588} INFO - Filling up the DagBag from /opt/airflow/dags/weather_dag.py
[2026-08-12T01:55:14.827+0000] {processor.py:925} INFO - DAG(s) 'weather_ingestion' retrieved from /opt/airflow/dags/weather_dag.py
[2026-08-12T01:55:14.876+0000] {logging_mixin.py:190} INFO - [2026-08-12T01:55:14.875+0000] {dag.py:3239} INFO - Sync 1 DAGs
[2026-08-12T01:55:14.888+0000] {logging_mixin.py:190} INFO - [2026-08-12T01:55:14.888+0000] {dag.py:4180} INFO - Setting next_dagrun for weather_ingestion to 2026-08-12 01:00:00+00:00, run_after=2026-08-12 02:00:00+00:00
[2026-08-12T01:55:14.895+0000] {processor.py:208} INFO - Processing /opt/airflow/dags/weather_dag.py took 0.650 seconds
[2026-08-12T01:55:45.125+0000] {processor.py:186} INFO - Started process (PID=41115) to work on /opt/airflow/dags/weather_dag.py
[2026-08-12T01:55:45.126+0000] {processor.py:914} INFO - Processing file /opt/airflow/dags/weather_dag.py for tasks to queue
[2026-08-12T01:55:45.128+0000] {logging_mixin.py:190} INFO - [2026-08-12T01:55:45.128+0000] {dagbag.py:588} INFO - Filling up the DagBag from /opt/airflow/dags/weather_dag.py
[2026-08-12T01:55:45.421+0000] {processor.py:925} INFO - DAG(s) 'weather_ingestion' retrieved from /opt/airflow/dags/weather_dag.py
[2026-08-12T01:55:45.430+0000] {logging_mixin.py:190} INFO - [2026-08-12T01:55:45.430+0000] {dag.py:3239} INFO - Sync 1 DAGs
[2026-08-12T01:55:45.439+0000] {logging_mixin.py:190} INFO - [2026-08-12T01:55:45.439+0000] {dag.py:4180} INFO - Setting next_dagrun for weather_ingestion to 2026-08-12 01:00:00+00:00, run_after=2026-08-12 02:00:00+00:00
[2026-08-12T01:55:45.444+0000] {processor.py:208} INFO - Processing /opt/airflow/dags/weather_dag.py took 0.325 seconds
[2026-08-12T01:56:15.565+0000] {processor.py:186} INFO - Started process (PID=41122) to work on /opt/airflow/dags/weather_dag.py
[2026-08-12T01:56:15.568+0000] {processor.py:914} INFO - Processing file /opt/airflow/dags/weather_dag.py for tasks to queue
[2026-08-12T01:56:15.577+0000] {logging_mixin.py:190} INFO - [2026-08-12T01:56:15.575+0000] {dagbag.py:588} INFO - Filling up the DagBag from /opt/airflow/dags/weather_dag.py
[2026-08-12T01:56:16.172+0000] {processor.py:925} INFO - DAG(s) 'weather_ingestion' retrieved from /opt/airflow/dags/weather_dag.py
[2026-08-12T01:56:16.197+0000] {logging_mixin.py:190} INFO - [2026-08-12T01:56:16.197+0000] {dag.py:3239} INFO - Sync 1 DAGs
[2026-08-12T01:56:16.216+0000] {logging_mixin.py:190} INFO - [2026-08-12T01:56:16.216+0000] {dag.py:4180} INFO - Setting next_dagrun for weather_ingestion to 2026-08-12 01:00:00+00:00, run_after=2026-08-12 02:00:00+00:00
[2026-08-12T01:56:16.223+0000] {processor.py:208} INFO - Processing /opt/airflow/dags/weather_dag.py took 0.678 seconds
[2026-08-12T01:56:46.571+0000] {processor.py:186} INFO - Started process (PID=41129) to work on /opt/airflow/dags/weather_dag.py
[2026-08-12T01:56:46.573+0000] {processor.py:914} INFO - Processing file /opt/airflow/dags/weather_dag.py for tasks to queue
[2026-08-12T01:56:46.575+0000] {logging_mixin.py:190} INFO - [2026-08-12T01:56:46.575+0000] {dagbag.py:588} INFO - Filling up the DagBag from /opt/airflow/dags/weather_dag.py
[2026-08-12T01:56:46.869+0000] {processor.py:925} INFO - DAG(s) 'weather_ingestion' retrieved from /opt/airflow/dags/weather_dag.py
[2026-08-12T01:56:46.881+0000] {logging_mixin.py:190} INFO - [2026-08-12T01:56:46.881+0000] {dag.py:3239} INFO - Sync 1 DAGs
[2026-08-12T01:56:46.890+0000] {logging_mixin.py:190} INFO - [2026-08-12T01:56:46.890+0000] {dag.py:4180} INFO - Setting next_dagrun for weather_ingestion to 2026-08-12 01:00:00+00:00, run_after=2026-08-12 02:00:00+00:00
[2026-08-12T01:56:46.896+0000] {processor.py:208} INFO - Processing /opt/airflow/dags/weather_dag.py took 0.332 seconds
[2026-08-12T01:57:17.277+0000] {processor.py:186} INFO - Started process (PID=41136) to work on /opt/airflow/dags/weather_dag.py
[2026-08-12T01:57:17.280+0000] {processor.py:914} INFO - Processing file /opt/airflow/dags/weather_dag.py for tasks to queue
[2026-08-12T01:57:17.289+0000] {logging_mixin.py:190} INFO - [2026-08-12T01:57:17.288+0000] {dagbag.py:588} INFO - Filling up the DagBag from /opt/airflow/dags/weather_dag.py
[2026-08-12T01:57:17.881+0000] {processor.py:925} INFO - DAG(s) 'weather_ingestion' retrieved from /opt/airflow/dags/weather_dag.py
[2026-08-12T01:57:17.894+0000] {logging_mixin.py:190} INFO - [2026-08-12T01:57:17.894+0000] {dag.py:3239} INFO - Sync 1 DAGs
[2026-08-12T01:57:17.903+0000] {logging_mixin.py:190} INFO - [2026-08-12T01:57:17.903+0000] {dag.py:4180} INFO - Setting next_dagrun for weather_ingestion to 2026-08-12 01:00:00+00:00, run_after=2026-08-12 02:00:00+00:00
[2026-08-12T01:57:17.910+0000] {processor.py:208} INFO - Processing /opt/airflow/dags/weather_dag.py took 0.652 seconds
[2026-08-12T01:57:48.205+0000] {processor.py:186} INFO - Started process (PID=41143) to work on /opt/airflow/dags/weather_dag.py
[2026-08-12T01:57:48.206+0000] {processor.py:914} INFO - Processing file /opt/airflow/dags/weather_dag.py for tasks to queue
[2026-08-12T01:57:48.209+0000] {logging_mixin.py:190} INFO - [2026-08-12T01:57:48.208+0000] {dagbag.py:588} INFO - Filling up the DagBag from /opt/airflow/dags/weather_dag.py
[2026-08-12T01:57:48.519+0000] {processor.py:925} INFO - DAG(s) 'weather_ingestion' retrieved from /opt/airflow/dags/weather_dag.py
[2026-08-12T01:57:48.528+0000] {logging_mixin.py:190} INFO - [2026-08-12T01:57:48.528+0000] {dag.py:3239} INFO - Sync 1 DAGs
[2026-08-12T01:57:48.536+0000] {logging_mixin.py:190} INFO - [2026-08-12T01:57:48.536+0000] {dag.py:4180} INFO - Setting next_dagrun for weather_ingestion to 2026-08-12 01:00:00+00:00, run_after=2026-08-12 02:00:00+00:00
[2026-08-12T01:57:48.542+0000] {processor.py:208} INFO - Processing /opt/airflow/dags/weather_dag.py took 0.344 seconds
[2026-08-12T01:58:18.890+0000] {processor.py:186} INFO - Started process (PID=41150) to work on /opt/airflow/dags/weather_dag.py
[2026-08-12T01:58:18.893+0000] {processor.py:914} INFO - Processing file /opt/airflow/dags/weather_dag.py for tasks to queue
[2026-08-12T01:58:18.898+0000] {logging_mixin.py:190} INFO - [2026-08-12T01:58:18.897+0000] {dagbag.py:588} INFO - Filling up the DagBag from /opt/airflow/dags/weather_dag.py
[2026-08-12T01:58:19.233+0000] {processor.py:925} INFO - DAG(s) 'weather_ingestion' retrieved from /opt/airflow/dags/weather_dag.py
[2026-08-12T01:58:19.245+0000] {logging_mixin.py:190} INFO - [2026-08-12T01:58:19.244+0000] {dag.py:3239} INFO - Sync 1 DAGs
[2026-08-12T01:58:19.255+0000] {logging_mixin.py:190} INFO - [2026-08-12T01:58:19.255+0000] {dag.py:4180} INFO - Setting next_dagrun for weather_ingestion to 2026-08-12 01:00:00+00:00, run_after=2026-08-12 02:00:00+00:00
[2026-08-12T01:58:19.262+0000] {processor.py:208} INFO - Processing /opt/airflow/dags/weather_dag.py took 0.383 seconds
[2026-08-12T01:58:49.600+0000] {processor.py:186} INFO - Started process (PID=41157) to work on /opt/airflow/dags/weather_dag.py
[2026-08-12T01:58:49.602+0000] {processor.py:914} INFO - Processing file /opt/airflow/dags/weather_dag.py for tasks to queue
[2026-08-12T01:58:49.605+0000] {logging_mixin.py:190} INFO - [2026-08-12T01:58:49.605+0000] {dagbag.py:588} INFO - Filling up the DagBag from /opt/airflow/dags/weather_dag.py
[2026-08-12T01:58:50.097+0000] {processor.py:925} INFO - DAG(s) 'weather_ingestion' retrieved from /opt/airflow/dags/weather_dag.py
[2026-08-12T01:58:50.111+0000] {logging_mixin.py:190} INFO - [2026-08-12T01:58:50.111+0000] {dag.py:3239} INFO - Sync 1 DAGs
[2026-08-12T01:58:50.122+0000] {logging_mixin.py:190} INFO - [2026-08-12T01:58:50.122+0000] {dag.py:4180} INFO - Setting next_dagrun for weather_ingestion to 2026-08-12 01:00:00+00:00, run_after=2026-08-12 02:00:00+00:00
[2026-08-12T01:58:50.130+0000] {processor.py:208} INFO - Processing /opt/airflow/dags/weather_dag.py took 0.541 seconds
[2026-08-12T01:59:20.509+0000] {processor.py:186} INFO - Started process (PID=41164) to work on /opt/airflow/dags/weather_dag.py
[2026-08-12T01:59:20.510+0000] {processor.py:914} INFO - Processing file /opt/airflow/dags/weather_dag.py for tasks to queue
[2026-08-12T01:59:20.514+0000] {logging_mixin.py:190} INFO - [2026-08-12T01:59:20.513+0000] {dagbag.py:588} INFO - Filling up the DagBag from /opt/airflow/dags/weather_dag.py
[2026-08-12T01:59:20.855+0000] {processor.py:925} INFO - DAG(s) 'weather_ingestion' retrieved from /opt/airflow/dags/weather_dag.py
[2026-08-12T01:59:20.867+0000] {logging_mixin.py:190} INFO - [2026-08-12T01:59:20.867+0000] {dag.py:3239} INFO - Sync 1 DAGs
[2026-08-12T01:59:20.875+0000] {logging_mixin.py:190} INFO - [2026-08-12T01:59:20.875+0000] {dag.py:4180} INFO - Setting next_dagrun for weather_ingestion to 2026-08-12 01:00:00+00:00, run_after=2026-08-12 02:00:00+00:00
[2026-08-12T01:59:20.881+0000] {processor.py:208} INFO - Processing /opt/airflow/dags/weather_dag.py took 0.384 seconds
[2026-08-12T01:59:51.157+0000] {processor.py:186} INFO - Started process (PID=41171) to work on /opt/airflow/dags/weather_dag.py
[2026-08-12T01:59:51.158+0000] {processor.py:914} INFO - Processing file /opt/airflow/dags/weather_dag.py for tasks to queue
[2026-08-12T01:59:51.160+0000] {logging_mixin.py:190} INFO - [2026-08-12T01:59:51.160+0000] {dagbag.py:588} INFO - Filling up the DagBag from /opt/airflow/dags/weather_dag.py
[2026-08-12T01:59:51.469+0000] {processor.py:925} INFO - DAG(s) 'weather_ingestion' retrieved from /opt/airflow/dags/weather_dag.py
[2026-08-12T01:59:51.480+0000] {logging_mixin.py:190} INFO - [2026-08-12T01:59:51.479+0000] {dag.py:3239} INFO - Sync 1 DAGs
[2026-08-12T01:59:51.488+0000] {logging_mixin.py:190} INFO - [2026-08-12T01:59:51.488+0000] {dag.py:4180} INFO - Setting next_dagrun for weather_ingestion to 2026-08-12 01:00:00+00:00, run_after=2026-08-12 02:00:00+00:00
[2026-08-12T01:59:51.494+0000] {processor.py:208} INFO - Processing /opt/airflow/dags/weather_dag.py took 0.341 seconds
[2026-08-12T02:00:21.914+0000] {processor.py:186} INFO - Started process (PID=41183) to work on /opt/airflow/dags/weather_dag.py
[2026-08-12T02:00:21.915+0000] {processor.py:914} INFO - Processing file /opt/airflow/dags/weather_dag.py for tasks to queue
[2026-08-12T02:00:21.920+0000] {logging_mixin.py:190} INFO - [2026-08-12T02:00:21.920+0000] {dagbag.py:588} INFO - Filling up the DagBag from /opt/airflow/dags/weather_dag.py
[2026-08-12T02:00:22.307+0000] {processor.py:925} INFO - DAG(s) 'weather_ingestion' retrieved from /opt/airflow/dags/weather_dag.py
[2026-08-12T02:00:22.317+0000] {logging_mixin.py:190} INFO - [2026-08-12T02:00:22.317+0000] {dag.py:3239} INFO - Sync 1 DAGs
[2026-08-12T02:00:22.325+0000] {logging_mixin.py:190} INFO - [2026-08-12T02:00:22.325+0000] {dag.py:4180} INFO - Setting next_dagrun for weather_ingestion to 2026-08-12 02:00:00+00:00, run_after=2026-08-12 03:00:00+00:00
[2026-08-12T02:00:22.332+0000] {processor.py:208} INFO - Processing /opt/airflow/dags/weather_dag.py took 0.429 seconds
[2026-08-12T02:00:52.650+0000] {processor.py:186} INFO - Started process (PID=41190) to work on /opt/airflow/dags/weather_dag.py
[2026-08-12T02:00:52.652+0000] {processor.py:914} INFO - Processing file /opt/airflow/dags/weather_dag.py for tasks to queue
[2026-08-12T02:00:52.654+0000] {logging_mixin.py:190} INFO - [2026-08-12T02:00:52.654+0000] {dagbag.py:588} INFO - Filling up the DagBag from /opt/airflow/dags/weather_dag.py
[2026-08-12T02:00:52.954+0000] {processor.py:925} INFO - DAG(s) 'weather_ingestion' retrieved from /opt/airflow/dags/weather_dag.py
[2026-08-12T02:00:52.964+0000] {logging_mixin.py:190} INFO - [2026-08-12T02:00:52.963+0000] {dag.py:3239} INFO - Sync 1 DAGs
[2026-08-12T02:00:52.971+0000] {logging_mixin.py:190} INFO - [2026-08-12T02:00:52.971+0000] {dag.py:4180} INFO - Setting next_dagrun for weather_ingestion to 2026-08-12 02:00:00+00:00, run_after=2026-08-12 03:00:00+00:00
[2026-08-12T02:00:52.978+0000] {processor.py:208} INFO - Processing /opt/airflow/dags/weather_dag.py took 0.339 seconds
[2026-08-12T02:01:23.308+0000] {processor.py:186} INFO - Started process (PID=41197) to work on /opt/airflow/dags/weather_dag.py
[2026-08-12T02:01:23.310+0000] {processor.py:914} INFO - Processing file /opt/airflow/dags/weather_dag.py for tasks to queue
[2026-08-12T02:01:23.313+0000] {logging_mixin.py:190} INFO - [2026-08-12T02:01:23.313+0000] {dagbag.py:588} INFO - Filling up the DagBag from /opt/airflow/dags/weather_dag.py
[2026-08-12T02:01:23.672+0000] {processor.py:925} INFO - DAG(s) 'weather_ingestion' retrieved from /opt/airflow/dags/weather_dag.py
[2026-08-12T02:01:23.683+0000] {logging_mixin.py:190} INFO - [2026-08-12T02:01:23.683+0000] {dag.py:3239} INFO - Sync 1 DAGs
[2026-08-12T02:01:23.693+0000] {logging_mixin.py:190} INFO - [2026-08-12T02:01:23.693+0000] {dag.py:4180} INFO - Setting next_dagrun for weather_ingestion to 2026-08-12 02:00:00+00:00, run_after=2026-08-12 03:00:00+00:00
[2026-08-12T02:01:23.700+0000] {processor.py:208} INFO - Processing /opt/airflow/dags/weather_dag.py took 0.402 seconds
[2026-08-12T02:01:54.009+0000] {processor.py:186} INFO - Started process (PID=41204) to work on /opt/airflow/dags/weather_dag.py
[2026-08-12T02:01:54.010+0000] {processor.py:914} INFO - Processing file /opt/airflow/dags/weather_dag.py for tasks to queue
[2026-08-12T02:01:54.015+0000] {logging_mixin.py:190} INFO - [2026-08-12T02:01:54.014+0000] {dagbag.py:588} INFO - Filling up the DagBag from /opt/airflow/dags/weather_dag.py
[2026-08-12T02:01:54.325+0000] {processor.py:925} INFO - DAG(s) 'weather_ingestion' retrieved from /opt/airflow/dags/weather_dag.py
[2026-08-12T02:01:54.335+0000] {logging_mixin.py:190} INFO - [2026-08-12T02:01:54.335+0000] {dag.py:3239} INFO - Sync 1 DAGs
[2026-08-12T02:01:54.345+0000] {logging_mixin.py:190} INFO - [2026-08-12T02:01:54.345+0000] {dag.py:4180} INFO - Setting next_dagrun for weather_ingestion to 2026-08-12 02:00:00+00:00, run_after=2026-08-12 03:00:00+00:00
[2026-08-12T02:01:54.351+0000] {processor.py:208} INFO - Processing /opt/airflow/dags/weather_dag.py took 0.352 seconds
[2026-08-12T02:02:24.637+0000] {processor.py:186} INFO - Started process (PID=41216) to work on /opt/airflow/dags/weather_dag.py
[2026-08-12T02:02:24.639+0000] {processor.py:914} INFO - Processing file /opt/airflow/dags/weather_dag.py for tasks to queue
[2026-08-12T02:02:24.641+0000] {logging_mixin.py:190} INFO - [2026-08-12T02:02:24.641+0000] {dagbag.py:588} INFO - Filling up the DagBag from /opt/airflow/dags/weather_dag.py
[2026-08-12T02:02:24.918+0000] {processor.py:925} INFO - DAG(s) 'weather_ingestion' retrieved from /opt/airflow/dags/weather_dag.py
[2026-08-12T02:02:24.928+0000] {logging_mixin.py:190} INFO - [2026-08-12T02:02:24.928+0000] {dag.py:3239} INFO - Sync 1 DAGs
[2026-08-12T02:02:24.935+0000] {logging_mixin.py:190} INFO - [2026-08-12T02:02:24.935+0000] {dag.py:4180} INFO - Setting next_dagrun for weather_ingestion to 2026-08-12 02:00:00+00:00, run_after=2026-08-12 03:00:00+00:00
[2026-08-12T02:02:24.941+0000] {processor.py:208} INFO - Processing /opt/airflow/dags/weather_dag.py took 0.313 seconds
[2026-08-12T02:02:55.266+0000] {processor.py:186} INFO - Started process (PID=41223) to work on /opt/airflow/dags/weather_dag.py
[2026-08-12T02:02:55.267+0000] {processor.py:914} INFO - Processing file /opt/airflow/dags/weather_dag.py for tasks to queue
[2026-08-12T02:02:55.269+0000] {logging_mixin.py:190} INFO - [2026-08-12T02:02:55.269+0000] {dagbag.py:588} INFO - Filling up the DagBag from /opt/airflow/dags/weather_dag.py
[2026-08-12T02:02:55.725+0000] {processor.py:925} INFO - DAG(s) 'weather_ingestion' retrieved from /opt/airflow/dags/weather_dag.py
[2026-08-12T02:02:55.750+0000] {logging_mixin.py:190} INFO - [2026-08-12T02:02:55.750+0000] {dag.py:3239} INFO - Sync 1 DAGs
[2026-08-12T02:02:55.766+0000] {logging_mixin.py:190} INFO - [2026-08-12T02:02:55.766+0000] {dag.py:4180} INFO - Setting next_dagrun for weather_ingestion to 2026-08-12 02:00:00+00:00, run_after=2026-08-12 03:00:00+00:00
[2026-08-12T02:02:55.775+0000] {processor.py:208} INFO - Processing /opt/airflow/dags/weather_dag.py took 0.518 seconds
[2026-08-12T02:03:26.071+0000] {processor.py:186} INFO - Started process (PID=41230) to work on /opt/airflow/dags/weather_dag.py
[2026-08-12T02:03:26.073+0000] {processor.py:914} INFO - Processing file /opt/airflow/dags/weather_dag.py for tasks to queue
[2026-08-12T02:03:26.075+0000] {logging_mixin.py:190} INFO - [2026-08-12T02:03:26.074+0000] {dagbag.py:588} INFO - Filling up the DagBag from /opt/airflow/dags/weather_dag.py
[2026-08-12T02:03:26.402+0000] {processor.py:925} INFO - DAG(s) 'weather_ingestion' retrieved from /opt/airflow/dags/weather_dag.py
[2026-08-12T02:03:26.411+0000] {logging_mixin.py:190} INFO - [2026-08-12T02:03:26.411+0000] {dag.py:3239} INFO - Sync 1 DAGs
[2026-08-12T02:03:26.420+0000] {logging_mixin.py:190} INFO - [2026-08-12T02:03:26.420+0000] {dag.py:4180} INFO - Setting next_dagrun for weather_ingestion to 2026-08-12 02:00:00+00:00, run_after=2026-08-12 03:00:00+00:00
[2026-08-12T02:03:26.426+0000] {processor.py:208} INFO - Processing /opt/airflow/dags/weather_dag.py took 0.363 seconds
[2026-08-12T02:03:56.758+0000] {processor.py:186} INFO - Started process (PID=41237) to work on /opt/airflow/dags/weather_dag.py
[2026-08-12T02:03:56.761+0000] {processor.py:914} INFO - Processing file /opt/airflow/dags/weather_dag.py for tasks to queue
[2026-08-12T02:03:56.767+0000] {logging_mixin.py:190} INFO - [2026-08-12T02:03:56.766+0000] {dagbag.py:588} INFO - Filling up the DagBag from /opt/airflow/dags/weather_dag.py
[2026-08-12T02:03:57.129+0000] {processor.py:925} INFO - DAG(s) 'weather_ingestion' retrieved from /opt/airflow/dags/weather_dag.py
[2026-08-12T02:03:57.141+0000] {logging_mixin.py:190} INFO - [2026-08-12T02:03:57.141+0000] {dag.py:3239} INFO - Sync 1 DAGs
[2026-08-12T02:03:57.151+0000] {logging_mixin.py:190} INFO - [2026-08-12T02:03:57.151+0000] {dag.py:4180} INFO - Setting next_dagrun for weather_ingestion to 2026-08-12 02:00:00+00:00, run_after=2026-08-12 03:00:00+00:00
[2026-08-12T02:03:57.157+0000] {processor.py:208} INFO - Processing /opt/airflow/dags/weather_dag.py took 0.412 seconds
[2026-08-12T02:04:27.472+0000] {processor.py:186} INFO - Started process (PID=41244) to work on /opt/airflow/dags/weather_dag.py
[2026-08-12T02:04:27.474+0000] {processor.py:914} INFO - Processing file /opt/airflow/dags/weather_dag.py for tasks to queue
[2026-08-12T02:04:27.476+0000] {logging_mixin.py:190} INFO - [2026-08-12T02:04:27.475+0000] {dagbag.py:588} INFO - Filling up the DagBag from /opt/airflow/dags/weather_dag.py
[2026-08-12T02:04:27.756+0000] {processor.py:925} INFO - DAG(s) 'weather_ingestion' retrieved from /opt/airflow/dags/weather_dag.py
[2026-08-12T02:04:27.766+0000] {logging_mixin.py:190} INFO - [2026-08-12T02:04:27.766+0000] {dag.py:3239} INFO - Sync 1 DAGs
[2026-08-12T02:04:27.775+0000] {logging_mixin.py:190} INFO - [2026-08-12T02:04:27.775+0000] {dag.py:4180} INFO - Setting next_dagrun for weather_ingestion to 2026-08-12 02:00:00+00:00, run_after=2026-08-12 03:00:00+00:00
[2026-08-12T02:04:27.783+0000] {processor.py:208} INFO - Processing /opt/airflow/dags/weather_dag.py took 0.318 seconds
[2026-08-12T02:04:58.086+0000] {processor.py:186} INFO - Started process (PID=41251) to work on /opt/airflow/dags/weather_dag.py
[2026-08-12T02:04:58.089+0000] {processor.py:914} INFO - Processing file /opt/airflow/dags/weather_dag.py for tasks to queue
[2026-08-12T02:04:58.093+0000] {logging_mixin.py:190} INFO - [2026-08-12T02:04:58.092+0000] {dagbag.py:588} INFO - Filling up the DagBag from /opt/airflow/dags/weather_dag.py
[2026-08-12T02:04:58.432+0000] {processor.py:925} INFO - DAG(s) 'weather_ingestion' retrieved from /opt/airflow/dags/weather_dag.py
[2026-08-12T02:04:58.442+0000] {logging_mixin.py:190} INFO - [2026-08-12T02:04:58.442+0000] {dag.py:3239} INFO - Sync 1 DAGs
[2026-08-12T02:04:58.451+0000] {logging_mixin.py:190} INFO - [2026-08-12T02:04:58.451+0000] {dag.py:4180} INFO - Setting next_dagrun for weather_ingestion to 2026-08-12 02:00:00+00:00, run_after=2026-08-12 03:00:00+00:00
[2026-08-12T02:04:58.457+0000] {processor.py:208} INFO - Processing /opt/airflow/dags/weather_dag.py took 0.381 seconds
[2026-08-12T02:05:28.796+0000] {processor.py:186} INFO - Started process (PID=41258) to work on /opt/airflow/dags/weather_dag.py
[2026-08-12T02:05:28.797+0000] {processor.py:914} INFO - Processing file /opt/airflow/dags/weather_dag.py for tasks to queue
[2026-08-12T02:05:28.800+0000] {logging_mixin.py:190} INFO - [2026-08-12T02:05:28.800+0000] {dagbag.py:588} INFO - Filling up the DagBag from /opt/airflow/dags/weather_dag.py
[2026-08-12T02:05:29.089+0000] {processor.py:925} INFO - DAG(s) 'weather_ingestion' retrieved from /opt/airflow/dags/weather_dag.py
[2026-08-12T02:05:29.100+0000] {logging_mixin.py:190} INFO - [2026-08-12T02:05:29.100+0000] {dag.py:3239} INFO - Sync 1 DAGs
[2026-08-12T02:05:29.109+0000] {logging_mixin.py:190} INFO - [2026-08-12T02:05:29.109+0000] {dag.py:4180} INFO - Setting next_dagrun for weather_ingestion to 2026-08-12 02:00:00+00:00, run_after=2026-08-12 03:00:00+00:00
[2026-08-12T02:05:29.115+0000] {processor.py:208} INFO - Processing /opt/airflow/dags/weather_dag.py took 0.327 seconds
[2026-08-12T02:05:59.409+0000] {processor.py:186} INFO - Started process (PID=41265) to work on /opt/airflow/dags/weather_dag.py
[2026-08-12T02:05:59.411+0000] {processor.py:914} INFO - Processing file /opt/airflow/dags/weather_dag.py for tasks to queue
[2026-08-12T02:05:59.417+0000] {logging_mixin.py:190} INFO - [2026-08-12T02:05:59.416+0000] {dagbag.py:588} INFO - Filling up the DagBag from /opt/airflow/dags/weather_dag.py
[2026-08-12T02:05:59.791+0000] {processor.py:925} INFO - DAG(s) 'weather_ingestion' retrieved from /opt/airflow/dags/weather_dag.py
[2026-08-12T02:05:59.801+0000] {logging_mixin.py:190} INFO - [2026-08-12T02:05:59.801+0000] {dag.py:3239} INFO - Sync 1 DAGs
[2026-08-12T02:05:59.810+0000] {logging_mixin.py:190} INFO - [2026-08-12T02:05:59.810+0000] {dag.py:4180} INFO - Setting next_dagrun for weather_ingestion to 2026-08-12 02:00:00+00:00, run_after=2026-08-12 03:00:00+00:00
[2026-08-12T02:05:59.816+0000] {processor.py:208} INFO - Processing /opt/airflow/dags/weather_dag.py took 0.420 seconds
[2026-08-12T02:06:30.152+0000] {processor.py:186} INFO - Started process (PID=41272) to work on /opt/airflow/dags/weather_dag.py
[2026-08-12T02:06:30.155+0000] {processor.py:914} INFO - Processing file /opt/airflow/dags/weather_dag.py for tasks to queue
[2026-08-12T02:06:30.157+0000] {logging_mixin.py:190} INFO - [2026-08-12T02:06:30.157+0000] {dagbag.py:588} INFO - Filling up the DagBag from /opt/airflow/dags/weather_dag.py
[2026-08-12T02:06:30.472+0000] {processor.py:925} INFO - DAG(s) 'weather_ingestion' retrieved from /opt/airflow/dags/weather_dag.py
[2026-08-12T02:06:30.482+0000] {logging_mixin.py:190} INFO - [2026-08-12T02:06:30.482+0000] {dag.py:3239} INFO - Sync 1 DAGs
[2026-08-12T02:06:30.490+0000] {logging_mixin.py:190} INFO - [2026-08-12T02:06:30.490+0000] {dag.py:4180} INFO - Setting next_dagrun for weather_ingestion to 2026-08-12 02:00:00+00:00, run_after=2026-08-12 03:00:00+00:00
[2026-08-12T02:06:30.496+0000] {processor.py:208} INFO - Processing /opt/airflow/dags/weather_dag.py took 0.352 seconds
[2026-08-12T02:07:00.913+0000] {processor.py:186} INFO - Started process (PID=41279) to work on /opt/airflow/dags/weather_dag.py
[2026-08-12T02:07:00.917+0000] {processor.py:914} INFO - Processing file /opt/airflow/dags/weather_dag.py for tasks to queue
[2026-08-12T02:07:00.922+0000] {logging_mixin.py:190} INFO - [2026-08-12T02:07:00.921+0000] {dagbag.py:588} INFO - Filling up the DagBag from /opt/airflow/dags/weather_dag.py
[2026-08-12T02:07:01.430+0000] {processor.py:925} INFO - DAG(s) 'weather_ingestion' retrieved from /opt/airflow/dags/weather_dag.py
[2026-08-12T02:07:01.443+0000] {logging_mixin.py:190} INFO - [2026-08-12T02:07:01.443+0000] {dag.py:3239} INFO - Sync 1 DAGs
[2026-08-12T02:07:01.454+0000] {logging_mixin.py:190} INFO - [2026-08-12T02:07:01.454+0000] {dag.py:4180} INFO - Setting next_dagrun for weather_ingestion to 2026-08-12 02:00:00+00:00, run_after=2026-08-12 03:00:00+00:00
[2026-08-12T02:07:01.461+0000] {processor.py:208} INFO - Processing /opt/airflow/dags/weather_dag.py took 0.567 seconds
[2026-08-12T02:07:31.808+0000] {processor.py:186} INFO - Started process (PID=41286) to work on /opt/airflow/dags/weather_dag.py
[2026-08-12T02:07:31.810+0000] {processor.py:914} INFO - Processing file /opt/airflow/dags/weather_dag.py for tasks to queue
[2026-08-12T02:07:31.813+0000] {logging_mixin.py:190} INFO - [2026-08-12T02:07:31.812+0000] {dagbag.py:588} INFO - Filling up the DagBag from /opt/airflow/dags/weather_dag.py
[2026-08-12T02:07:32.125+0000] {processor.py:925} INFO - DAG(s) 'weather_ingestion' retrieved from /opt/airflow/dags/weather_dag.py
[2026-08-12T02:07:32.135+0000] {logging_mixin.py:190} INFO - [2026-08-12T02:07:32.135+0000] {dag.py:3239} INFO - Sync 1 DAGs
[2026-08-12T02:07:32.144+0000] {logging_mixin.py:190} INFO - [2026-08-12T02:07:32.144+0000] {dag.py:4180} INFO - Setting next_dagrun for weather_ingestion to 2026-08-12 02:00:00+00:00, run_after=2026-08-12 03:00:00+00:00
[2026-08-12T02:07:32.150+0000] {processor.py:208} INFO - Processing /opt/airflow/dags/weather_dag.py took 0.348 seconds
[2026-08-12T02:08:02.464+0000] {processor.py:186} INFO - Started process (PID=41293) to work on /opt/airflow/dags/weather_dag.py
[2026-08-12T02:08:02.466+0000] {processor.py:914} INFO - Processing file /opt/airflow/dags/weather_dag.py for tasks to queue
[2026-08-12T02:08:02.469+0000] {logging_mixin.py:190} INFO - [2026-08-12T02:08:02.469+0000] {dagbag.py:588} INFO - Filling up the DagBag from /opt/airflow/dags/weather_dag.py
[2026-08-12T02:08:02.758+0000] {processor.py:925} INFO - DAG(s) 'weather_ingestion' retrieved from /opt/airflow/dags/weather_dag.py
[2026-08-12T02:08:02.768+0000] {logging_mixin.py:190} INFO - [2026-08-12T02:08:02.768+0000] {dag.py:3239} INFO - Sync 1 DAGs
[2026-08-12T02:08:02.777+0000] {logging_mixin.py:190} INFO - [2026-08-12T02:08:02.777+0000] {dag.py:4180} INFO - Setting next_dagrun for weather_ingestion to 2026-08-12 02:00:00+00:00, run_after=2026-08-12 03:00:00+00:00
[2026-08-12T02:08:02.783+0000] {processor.py:208} INFO - Processing /opt/airflow/dags/weather_dag.py took 0.328 seconds
[2026-08-12T02:08:33.091+0000] {processor.py:186} INFO - Started process (PID=41300) to work on /opt/airflow/dags/weather_dag.py
[2026-08-12T02:08:33.093+0000] {processor.py:914} INFO - Processing file /opt/airflow/dags/weather_dag.py for tasks to queue
[2026-08-12T02:08:33.096+0000] {logging_mixin.py:190} INFO - [2026-08-12T02:08:33.095+0000] {dagbag.py:588} INFO - Filling up the DagBag from /opt/airflow/dags/weather_dag.py
[2026-08-12T02:08:33.371+0000] {processor.py:925} INFO - DAG(s) 'weather_ingestion' retrieved from /opt/airflow/dags/weather_dag.py
[2026-08-12T02:08:33.380+0000] {logging_mixin.py:190} INFO - [2026-08-12T02:08:33.380+0000] {dag.py:3239} INFO - Sync 1 DAGs
[2026-08-12T02:08:33.388+0000] {logging_mixin.py:190} INFO - [2026-08-12T02:08:33.388+0000] {dag.py:4180} INFO - Setting next_dagrun for weather_ingestion to 2026-08-12 02:00:00+00:00, run_after=2026-08-12 03:00:00+00:00
[2026-08-12T02:08:33.394+0000] {processor.py:208} INFO - Processing /opt/airflow/dags/weather_dag.py took 0.309 seconds
[2026-08-12T02:09:03.723+0000] {processor.py:186} INFO - Started process (PID=41307) to work on /opt/airflow/dags/weather_dag.py
[2026-08-12T02:09:03.726+0000] {processor.py:914} INFO - Processing file /opt/airflow/dags/weather_dag.py for tasks to queue
[2026-08-12T02:09:03.729+0000] {logging_mixin.py:190} INFO - [2026-08-12T02:09:03.729+0000] {dagbag.py:588} INFO - Filling up the DagBag from /opt/airflow/dags/weather_dag.py
[2026-08-12T02:09:04.099+0000] {processor.py:925} INFO - DAG(s) 'weather_ingestion' retrieved from /opt/airflow/dags/weather_dag.py
[2026-08-12T02:09:04.111+0000] {logging_mixin.py:190} INFO - [2026-08-12T02:09:04.111+0000] {dag.py:3239} INFO - Sync 1 DAGs
[2026-08-12T02:09:04.120+0000] {logging_mixin.py:190} INFO - [2026-08-12T02:09:04.120+0000] {dag.py:4180} INFO - Setting next_dagrun for weather_ingestion to 2026-08-12 02:00:00+00:00, run_after=2026-08-12 03:00:00+00:00
[2026-08-12T02:09:04.127+0000] {processor.py:208} INFO - Processing /opt/airflow/dags/weather_dag.py took 0.416 seconds
[2026-08-12T02:09:34.441+0000] {processor.py:186} INFO - Started process (PID=41314) to work on /opt/airflow/dags/weather_dag.py
[2026-08-12T02:09:34.442+0000] {processor.py:914} INFO - Processing file /opt/airflow/dags/weather_dag.py for tasks to queue
[2026-08-12T02:09:34.444+0000] {logging_mixin.py:190} INFO - [2026-08-12T02:09:34.444+0000] {dagbag.py:588} INFO - Filling up the DagBag from /opt/airflow/dags/weather_dag.py
[2026-08-12T02:09:34.760+0000] {processor.py:925} INFO - DAG(s) 'weather_ingestion' retrieved from /opt/airflow/dags/weather_dag.py
[2026-08-12T02:09:34.771+0000] {logging_mixin.py:190} INFO - [2026-08-12T02:09:34.771+0000] {dag.py:3239} INFO - Sync 1 DAGs
[2026-08-12T02:09:34.780+0000] {logging_mixin.py:190} INFO - [2026-08-12T02:09:34.780+0000] {dag.py:4180} INFO - Setting next_dagrun for weather_ingestion to 2026-08-12 02:00:00+00:00, run_after=2026-08-12 03:00:00+00:00
[2026-08-12T02:09:34.787+0000] {processor.py:208} INFO - Processing /opt/airflow/dags/weather_dag.py took 0.351 seconds
[2026-08-12T02:10:04.962+0000] {processor.py:186} INFO - Started process (PID=41321) to work on /opt/airflow/dags/weather_dag.py
[2026-08-12T02:10:04.965+0000] {processor.py:914} INFO - Processing file /opt/airflow/dags/weather_dag.py for tasks to queue
[2026-08-12T02:10:04.970+0000] {logging_mixin.py:190} INFO - [2026-08-12T02:10:04.969+0000] {dagbag.py:588} INFO - Filling up the DagBag from /opt/airflow/dags/weather_dag.py
[2026-08-12T02:10:05.546+0000] {processor.py:925} INFO - DAG(s) 'weather_ingestion' retrieved from /opt/airflow/dags/weather_dag.py
[2026-08-12T02:10:05.561+0000] {logging_mixin.py:190} INFO - [2026-08-12T02:10:05.561+0000] {dag.py:3239} INFO - Sync 1 DAGs
[2026-08-12T02:10:05.573+0000] {logging_mixin.py:190} INFO - [2026-08-12T02:10:05.573+0000] {dag.py:4180} INFO - Setting next_dagrun for weather_ingestion to 2026-08-12 02:00:00+00:00, run_after=2026-08-12 03:00:00+00:00
[2026-08-12T02:10:05.581+0000] {processor.py:208} INFO - Processing /opt/airflow/dags/weather_dag.py took 0.662 seconds
[2026-08-12T02:10:35.890+0000] {processor.py:186} INFO - Started process (PID=41328) to work on /opt/airflow/dags/weather_dag.py
[2026-08-12T02:10:35.892+0000] {processor.py:914} INFO - Processing file /opt/airflow/dags/weather_dag.py for tasks to queue
[2026-08-12T02:10:35.894+0000] {logging_mixin.py:190} INFO - [2026-08-12T02:10:35.893+0000] {dagbag.py:588} INFO - Filling up the DagBag from /opt/airflow/dags/weather_dag.py
[2026-08-12T02:10:36.191+0000] {processor.py:925} INFO - DAG(s) 'weather_ingestion' retrieved from /opt/airflow/dags/weather_dag.py
[2026-08-12T02:10:36.202+0000] {logging_mixin.py:190} INFO - [2026-08-12T02:10:36.202+0000] {dag.py:3239} INFO - Sync 1 DAGs
[2026-08-12T02:10:36.211+0000] {logging_mixin.py:190} INFO - [2026-08-12T02:10:36.211+0000] {dag.py:4180} INFO - Setting next_dagrun for weather_ingestion to 2026-08-12 02:00:00+00:00, run_after=2026-08-12 03:00:00+00:00
[2026-08-12T02:10:36.217+0000] {processor.py:208} INFO - Processing /opt/airflow/dags/weather_dag.py took 0.334 seconds
[2026-08-12T02:11:06.294+0000] {processor.py:186} INFO - Started process (PID=41335) to work on /opt/airflow/dags/weather_dag.py
[2026-08-12T02:11:06.296+0000] {processor.py:914} INFO - Processing file /opt/airflow/dags/weather_dag.py for tasks to queue
[2026-08-12T02:11:06.301+0000] {logging_mixin.py:190} INFO - [2026-08-12T02:11:06.300+0000] {dagbag.py:588} INFO - Filling up the DagBag from /opt/airflow/dags/weather_dag.py
[2026-08-12T02:11:06.720+0000] {processor.py:925} INFO - DAG(s) 'weather_ingestion' retrieved from /opt/airflow/dags/weather_dag.py
[2026-08-12T02:11:06.732+0000] {logging_mixin.py:190} INFO - [2026-08-12T02:11:06.732+0000] {dag.py:3239} INFO - Sync 1 DAGs
[2026-08-12T02:11:06.742+0000] {logging_mixin.py:190} INFO - [2026-08-12T02:11:06.742+0000] {dag.py:4180} INFO - Setting next_dagrun for weather_ingestion to 2026-08-12 02:00:00+00:00, run_after=2026-08-12 03:00:00+00:00
[2026-08-12T02:11:06.749+0000] {processor.py:208} INFO - Processing /opt/airflow/dags/weather_dag.py took 0.471 seconds
[2026-08-12T02:11:36.867+0000] {processor.py:186} INFO - Started process (PID=41342) to work on /opt/airflow/dags/weather_dag.py
[2026-08-12T02:11:36.869+0000] {processor.py:914} INFO - Processing file /opt/airflow/dags/weather_dag.py for tasks to queue
[2026-08-12T02:11:36.870+0000] {logging_mixin.py:190} INFO - [2026-08-12T02:11:36.870+0000] {dagbag.py:588} INFO - Filling up the DagBag from /opt/airflow/dags/weather_dag.py
[2026-08-12T02:11:37.168+0000] {processor.py:925} INFO - DAG(s) 'weather_ingestion' retrieved from /opt/airflow/dags/weather_dag.py
[2026-08-12T02:11:37.179+0000] {logging_mixin.py:190} INFO - [2026-08-12T02:11:37.179+0000] {dag.py:3239} INFO - Sync 1 DAGs
[2026-08-12T02:11:37.188+0000] {logging_mixin.py:190} INFO - [2026-08-12T02:11:37.188+0000] {dag.py:4180} INFO - Setting next_dagrun for weather_ingestion to 2026-08-12 02:00:00+00:00, run_after=2026-08-12 03:00:00+00:00
[2026-08-12T02:11:37.194+0000] {processor.py:208} INFO - Processing /opt/airflow/dags/weather_dag.py took 0.334 seconds
[2026-08-12T02:12:07.417+0000] {processor.py:186} INFO - Started process (PID=41349) to work on /opt/airflow/dags/weather_dag.py
[2026-08-12T02:12:07.419+0000] {processor.py:914} INFO - Processing file /opt/airflow/dags/weather_dag.py for tasks to queue
[2026-08-12T02:12:07.422+0000] {logging_mixin.py:190} INFO - [2026-08-12T02:12:07.422+0000] {dagbag.py:588} INFO - Filling up the DagBag from /opt/airflow/dags/weather_dag.py
[2026-08-12T02:12:07.748+0000] {processor.py:925} INFO - DAG(s) 'weather_ingestion' retrieved from /opt/airflow/dags/weather_dag.py
[2026-08-12T02:12:07.759+0000] {logging_mixin.py:190} INFO - [2026-08-12T02:12:07.759+0000] {dag.py:3239} INFO - Sync 1 DAGs
[2026-08-12T02:12:07.767+0000] {logging_mixin.py:190} INFO - [2026-08-12T02:12:07.767+0000] {dag.py:4180} INFO - Setting next_dagrun for weather_ingestion to 2026-08-12 02:00:00+00:00, run_after=2026-08-12 03:00:00+00:00
[2026-08-12T02:12:07.773+0000] {processor.py:208} INFO - Processing /opt/airflow/dags/weather_dag.py took 0.365 seconds
[2026-08-12T02:12:38.136+0000] {processor.py:186} INFO - Started process (PID=41356) to work on /opt/airflow/dags/weather_dag.py
[2026-08-12T02:12:38.138+0000] {processor.py:914} INFO - Processing file /opt/airflow/dags/weather_dag.py for tasks to queue
[2026-08-12T02:12:38.142+0000] {logging_mixin.py:190} INFO - [2026-08-12T02:12:38.141+0000] {dagbag.py:588} INFO - Filling up the DagBag from /opt/airflow/dags/weather_dag.py
[2026-08-12T02:12:38.505+0000] {processor.py:925} INFO - DAG(s) 'weather_ingestion' retrieved from /opt/airflow/dags/weather_dag.py
[2026-08-12T02:12:38.515+0000] {logging_mixin.py:190} INFO - [2026-08-12T02:12:38.515+0000] {dag.py:3239} INFO - Sync 1 DAGs
[2026-08-12T02:12:38.524+0000] {logging_mixin.py:190} INFO - [2026-08-12T02:12:38.524+0000] {dag.py:4180} INFO - Setting next_dagrun for weather_ingestion to 2026-08-12 02:00:00+00:00, run_after=2026-08-12 03:00:00+00:00
[2026-08-12T02:12:38.532+0000] {processor.py:208} INFO - Processing /opt/airflow/dags/weather_dag.py took 0.407 seconds
[2026-08-12T02:13:08.903+0000] {processor.py:186} INFO - Started process (PID=41363) to work on /opt/airflow/dags/weather_dag.py
[2026-08-12T02:13:08.906+0000] {processor.py:914} INFO - Processing file /opt/airflow/dags/weather_dag.py for tasks to queue
[2026-08-12T02:13:08.909+0000] {logging_mixin.py:190} INFO - [2026-08-12T02:13:08.908+0000] {dagbag.py:588} INFO - Filling up the DagBag from /opt/airflow/dags/weather_dag.py
[2026-08-12T02:13:09.215+0000] {processor.py:925} INFO - DAG(s) 'weather_ingestion' retrieved from /opt/airflow/dags/weather_dag.py
[2026-08-12T02:13:09.226+0000] {logging_mixin.py:190} INFO - [2026-08-12T02:13:09.226+0000] {dag.py:3239} INFO - Sync 1 DAGs
[2026-08-12T02:13:09.235+0000] {logging_mixin.py:190} INFO - [2026-08-12T02:13:09.235+0000] {dag.py:4180} INFO - Setting next_dagrun for weather_ingestion to 2026-08-12 02:00:00+00:00, run_after=2026-08-12 03:00:00+00:00
[2026-08-12T02:13:09.242+0000] {processor.py:208} INFO - Processing /opt/airflow/dags/weather_dag.py took 0.347 seconds
[2026-08-12T02:13:39.563+0000] {processor.py:186} INFO - Started process (PID=41370) to work on /opt/airflow/dags/weather_dag.py
[2026-08-12T02:13:39.566+0000] {processor.py:914} INFO - Processing file /opt/airflow/dags/weather_dag.py for tasks to queue
[2026-08-12T02:13:39.569+0000] {logging_mixin.py:190} INFO - [2026-08-12T02:13:39.569+0000] {dagbag.py:588} INFO - Filling up the DagBag from /opt/airflow/dags/weather_dag.py
[2026-08-12T02:13:39.862+0000] {processor.py:925} INFO - DAG(s) 'weather_ingestion' retrieved from /opt/airflow/dags/weather_dag.py
[2026-08-12T02:13:39.873+0000] {logging_mixin.py:190} INFO - [2026-08-12T02:13:39.872+0000] {dag.py:3239} INFO - Sync 1 DAGs
[2026-08-12T02:13:39.881+0000] {logging_mixin.py:190} INFO - [2026-08-12T02:13:39.881+0000] {dag.py:4180} INFO - Setting next_dagrun for weather_ingestion to 2026-08-12 02:00:00+00:00, run_after=2026-08-12 03:00:00+00:00
[2026-08-12T02:13:39.887+0000] {processor.py:208} INFO - Processing /opt/airflow/dags/weather_dag.py took 0.333 seconds
[2026-08-12T02:14:10.266+0000] {processor.py:186} INFO - Started process (PID=41377) to work on /opt/airflow/dags/weather_dag.py
[2026-08-12T02:14:10.268+0000] {processor.py:914} INFO - Processing file /opt/airflow/dags/weather_dag.py for tasks to queue
[2026-08-12T02:14:10.274+0000] {logging_mixin.py:190} INFO - [2026-08-12T02:14:10.273+0000] {dagbag.py:588} INFO - Filling up the DagBag from /opt/airflow/dags/weather_dag.py
[2026-08-12T02:14:10.789+0000] {processor.py:925} INFO - DAG(s) 'weather_ingestion' retrieved from /opt/airflow/dags/weather_dag.py
[2026-08-12T02:14:10.801+0000] {logging_mixin.py:190} INFO - [2026-08-12T02:14:10.801+0000] {dag.py:3239} INFO - Sync 1 DAGs
[2026-08-12T02:14:10.811+0000] {logging_mixin.py:190} INFO - [2026-08-12T02:14:10.811+0000] {dag.py:4180} INFO - Setting next_dagrun for weather_ingestion to 2026-08-12 02:00:00+00:00, run_after=2026-08-12 03:00:00+00:00
[2026-08-12T02:14:10.817+0000] {processor.py:208} INFO - Processing /opt/airflow/dags/weather_dag.py took 0.566 seconds
[2026-08-12T02:14:41.175+0000] {processor.py:186} INFO - Started process (PID=41384) to work on /opt/airflow/dags/weather_dag.py
[2026-08-12T02:14:41.178+0000] {processor.py:914} INFO - Processing file /opt/airflow/dags/weather_dag.py for tasks to queue
[2026-08-12T02:14:41.180+0000] {logging_mixin.py:190} INFO - [2026-08-12T02:14:41.180+0000] {dagbag.py:588} INFO - Filling up the DagBag from /opt/airflow/dags/weather_dag.py
[2026-08-12T02:14:41.471+0000] {processor.py:925} INFO - DAG(s) 'weather_ingestion' retrieved from /opt/airflow/dags/weather_dag.py
[2026-08-12T02:14:41.483+0000] {logging_mixin.py:190} INFO - [2026-08-12T02:14:41.483+0000] {dag.py:3239} INFO - Sync 1 DAGs
[2026-08-12T02:14:41.492+0000] {logging_mixin.py:190} INFO - [2026-08-12T02:14:41.492+0000] {dag.py:4180} INFO - Setting next_dagrun for weather_ingestion to 2026-08-12 02:00:00+00:00, run_after=2026-08-12 03:00:00+00:00
[2026-08-12T02:14:41.499+0000] {processor.py:208} INFO - Processing /opt/airflow/dags/weather_dag.py took 0.333 seconds
[2026-08-12T02:15:11.840+0000] {processor.py:186} INFO - Started process (PID=41391) to work on /opt/airflow/dags/weather_dag.py
[2026-08-12T02:15:11.843+0000] {processor.py:914} INFO - Processing file /opt/airflow/dags/weather_dag.py for tasks to queue
[2026-08-12T02:15:11.847+0000] {logging_mixin.py:190} INFO - [2026-08-12T02:15:11.846+0000] {dagbag.py:588} INFO - Filling up the DagBag from /opt/airflow/dags/weather_dag.py
[2026-08-12T02:15:12.213+0000] {processor.py:925} INFO - DAG(s) 'weather_ingestion' retrieved from /opt/airflow/dags/weather_dag.py
[2026-08-12T02:15:12.223+0000] {logging_mixin.py:190} INFO - [2026-08-12T02:15:12.223+0000] {dag.py:3239} INFO - Sync 1 DAGs
[2026-08-12T02:15:12.233+0000] {logging_mixin.py:190} INFO - [2026-08-12T02:15:12.233+0000] {dag.py:4180} INFO - Setting next_dagrun for weather_ingestion to 2026-08-12 02:00:00+00:00, run_after=2026-08-12 03:00:00+00:00
[2026-08-12T02:15:12.241+0000] {processor.py:208} INFO - Processing /opt/airflow/dags/weather_dag.py took 0.410 seconds
[2026-08-12T02:15:42.545+0000] {processor.py:186} INFO - Started process (PID=41398) to work on /opt/airflow/dags/weather_dag.py
[2026-08-12T02:15:42.547+0000] {processor.py:914} INFO - Processing file /opt/airflow/dags/weather_dag.py for tasks to queue
[2026-08-12T02:15:42.549+0000] {logging_mixin.py:190} INFO - [2026-08-12T02:15:42.549+0000] {dagbag.py:588} INFO - Filling up the DagBag from /opt/airflow/dags/weather_dag.py
[2026-08-12T02:15:42.842+0000] {processor.py:925} INFO - DAG(s) 'weather_ingestion' retrieved from /opt/airflow/dags/weather_dag.py
[2026-08-12T02:15:42.852+0000] {logging_mixin.py:190} INFO - [2026-08-12T02:15:42.851+0000] {dag.py:3239} INFO - Sync 1 DAGs
[2026-08-12T02:15:42.860+0000] {logging_mixin.py:190} INFO - [2026-08-12T02:15:42.860+0000] {dag.py:4180} INFO - Setting next_dagrun for weather_ingestion to 2026-08-12 02:00:00+00:00, run_after=2026-08-12 03:00:00+00:00
[2026-08-12T02:15:42.866+0000] {processor.py:208} INFO - Processing /opt/airflow/dags/weather_dag.py took 0.328 seconds
[2026-08-12T02:16:13.339+0000] {processor.py:186} INFO - Started process (PID=41405) to work on /opt/airflow/dags/weather_dag.py
[2026-08-12T02:16:13.340+0000] {processor.py:914} INFO - Processing file /opt/airflow/dags/weather_dag.py for tasks to queue
[2026-08-12T02:16:13.342+0000] {logging_mixin.py:190} INFO - [2026-08-12T02:16:13.342+0000] {dagbag.py:588} INFO - Filling up the DagBag from /opt/airflow/dags/weather_dag.py
[2026-08-12T02:16:13.662+0000] {processor.py:925} INFO - DAG(s) 'weather_ingestion' retrieved from /opt/airflow/dags/weather_dag.py
[2026-08-12T02:16:13.673+0000] {logging_mixin.py:190} INFO - [2026-08-12T02:16:13.672+0000] {dag.py:3239} INFO - Sync 1 DAGs
[2026-08-12T02:16:13.683+0000] {logging_mixin.py:190} INFO - [2026-08-12T02:16:13.683+0000] {dag.py:4180} INFO - Setting next_dagrun for weather_ingestion to 2026-08-12 02:00:00+00:00, run_after=2026-08-12 03:00:00+00:00
[2026-08-12T02:16:13.689+0000] {processor.py:208} INFO - Processing /opt/airflow/dags/weather_dag.py took 0.365 seconds
[2026-08-12T02:16:43.957+0000] {processor.py:186} INFO - Started process (PID=41412) to work on /opt/airflow/dags/weather_dag.py
[2026-08-12T02:16:43.958+0000] {processor.py:914} INFO - Processing file /opt/airflow/dags/weather_dag.py for tasks to queue
[2026-08-12T02:16:43.960+0000] {logging_mixin.py:190} INFO - [2026-08-12T02:16:43.960+0000] {dagbag.py:588} INFO - Filling up the DagBag from /opt/airflow/dags/weather_dag.py
[2026-08-12T02:16:44.303+0000] {processor.py:925} INFO - DAG(s) 'weather_ingestion' retrieved from /opt/airflow/dags/weather_dag.py
[2026-08-12T02:16:44.315+0000] {logging_mixin.py:190} INFO - [2026-08-12T02:16:44.314+0000] {dag.py:3239} INFO - Sync 1 DAGs
[2026-08-12T02:16:44.324+0000] {logging_mixin.py:190} INFO - [2026-08-12T02:16:44.324+0000] {dag.py:4180} INFO - Setting next_dagrun for weather_ingestion to 2026-08-12 02:00:00+00:00, run_after=2026-08-12 03:00:00+00:00
[2026-08-12T02:16:44.341+0000] {processor.py:208} INFO - Processing /opt/airflow/dags/weather_dag.py took 0.389 seconds
[2026-08-12T02:17:14.755+0000] {processor.py:186} INFO - Started process (PID=41419) to work on /opt/airflow/dags/weather_dag.py
[2026-08-12T02:17:14.757+0000] {processor.py:914} INFO - Processing file /opt/airflow/dags/weather_dag.py for tasks to queue
[2026-08-12T02:17:14.761+0000] {logging_mixin.py:190} INFO - [2026-08-12T02:17:14.761+0000] {dagbag.py:588} INFO - Filling up the DagBag from /opt/airflow/dags/weather_dag.py
[2026-08-12T02:17:15.093+0000] {processor.py:925} INFO - DAG(s) 'weather_ingestion' retrieved from /opt/airflow/dags/weather_dag.py
[2026-08-12T02:17:15.103+0000] {logging_mixin.py:190} INFO - [2026-08-12T02:17:15.103+0000] {dag.py:3239} INFO - Sync 1 DAGs
[2026-08-12T02:17:15.111+0000] {logging_mixin.py:190} INFO - [2026-08-12T02:17:15.111+0000] {dag.py:4180} INFO - Setting next_dagrun for weather_ingestion to 2026-08-12 02:00:00+00:00, run_after=2026-08-12 03:00:00+00:00
[2026-08-12T02:17:15.117+0000] {processor.py:208} INFO - Processing /opt/airflow/dags/weather_dag.py took 0.371 seconds
[2026-08-12T02:17:45.443+0000] {processor.py:186} INFO - Started process (PID=41426) to work on /opt/airflow/dags/weather_dag.py
[2026-08-12T02:17:45.446+0000] {processor.py:914} INFO - Processing file /opt/airflow/dags/weather_dag.py for tasks to queue
[2026-08-12T02:17:45.451+0000] {logging_mixin.py:190} INFO - [2026-08-12T02:17:45.451+0000] {dagbag.py:588} INFO - Filling up the DagBag from /opt/airflow/dags/weather_dag.py
[2026-08-12T02:17:45.820+0000] {processor.py:925} INFO - DAG(s) 'weather_ingestion' retrieved from /opt/airflow/dags/weather_dag.py
[2026-08-12T02:17:45.849+0000] {logging_mixin.py:190} INFO - [2026-08-12T02:17:45.849+0000] {dag.py:3239} INFO - Sync 1 DAGs
[2026-08-12T02:17:45.888+0000] {logging_mixin.py:190} INFO - [2026-08-12T02:17:45.888+0000] {dag.py:4180} INFO - Setting next_dagrun for weather_ingestion to 2026-08-12 02:00:00+00:00, run_after=2026-08-12 03:00:00+00:00
[2026-08-12T02:17:45.895+0000] {processor.py:208} INFO - Processing /opt/airflow/dags/weather_dag.py took 0.467 seconds
[2026-08-12T02:18:16.260+0000] {processor.py:186} INFO - Started process (PID=41433) to work on /opt/airflow/dags/weather_dag.py
[2026-08-12T02:18:16.261+0000] {processor.py:914} INFO - Processing file /opt/airflow/dags/weather_dag.py for tasks to queue
[2026-08-12T02:18:16.262+0000] {logging_mixin.py:190} INFO - [2026-08-12T02:18:16.262+0000] {dagbag.py:588} INFO - Filling up the DagBag from /opt/airflow/dags/weather_dag.py
[2026-08-12T02:18:16.575+0000] {processor.py:925} INFO - DAG(s) 'weather_ingestion' retrieved from /opt/airflow/dags/weather_dag.py
[2026-08-12T02:18:16.586+0000] {logging_mixin.py:190} INFO - [2026-08-12T02:18:16.586+0000] {dag.py:3239} INFO - Sync 1 DAGs
[2026-08-12T02:18:16.595+0000] {logging_mixin.py:190} INFO - [2026-08-12T02:18:16.595+0000] {dag.py:4180} INFO - Setting next_dagrun for weather_ingestion to 2026-08-12 02:00:00+00:00, run_after=2026-08-12 03:00:00+00:00
[2026-08-12T02:18:16.601+0000] {processor.py:208} INFO - Processing /opt/airflow/dags/weather_dag.py took 0.347 seconds
[2026-08-12T02:18:46.946+0000] {processor.py:186} INFO - Started process (PID=41440) to work on /opt/airflow/dags/weather_dag.py
[2026-08-12T02:18:46.948+0000] {processor.py:914} INFO - Processing file /opt/airflow/dags/weather_dag.py for tasks to queue
[2026-08-12T02:18:46.950+0000] {logging_mixin.py:190} INFO - [2026-08-12T02:18:46.950+0000] {dagbag.py:588} INFO - Filling up the DagBag from /opt/airflow/dags/weather_dag.py
[2026-08-12T02:18:47.240+0000] {processor.py:925} INFO - DAG(s) 'weather_ingestion' retrieved from /opt/airflow/dags/weather_dag.py
[2026-08-12T02:18:47.250+0000] {logging_mixin.py:190} INFO - [2026-08-12T02:18:47.250+0000] {dag.py:3239} INFO - Sync 1 DAGs
[2026-08-12T02:18:47.259+0000] {logging_mixin.py:190} INFO - [2026-08-12T02:18:47.259+0000] {dag.py:4180} INFO - Setting next_dagrun for weather_ingestion to 2026-08-12 02:00:00+00:00, run_after=2026-08-12 03:00:00+00:00
[2026-08-12T02:18:47.266+0000] {processor.py:208} INFO - Processing /opt/airflow/dags/weather_dag.py took 0.328 seconds
[2026-08-12T02:19:17.565+0000] {processor.py:186} INFO - Started process (PID=41447) to work on /opt/airflow/dags/weather_dag.py
[2026-08-12T02:19:17.567+0000] {processor.py:914} INFO - Processing file /opt/airflow/dags/weather_dag.py for tasks to queue
[2026-08-12T02:19:17.570+0000] {logging_mixin.py:190} INFO - [2026-08-12T02:19:17.570+0000] {dagbag.py:588} INFO - Filling up the DagBag from /opt/airflow/dags/weather_dag.py
[2026-08-12T02:19:17.933+0000] {processor.py:925} INFO - DAG(s) 'weather_ingestion' retrieved from /opt/airflow/dags/weather_dag.py
[2026-08-12T02:19:17.943+0000] {logging_mixin.py:190} INFO - [2026-08-12T02:19:17.943+0000] {dag.py:3239} INFO - Sync 1 DAGs
[2026-08-12T02:19:17.952+0000] {logging_mixin.py:190} INFO - [2026-08-12T02:19:17.952+0000] {dag.py:4180} INFO - Setting next_dagrun for weather_ingestion to 2026-08-12 02:00:00+00:00, run_after=2026-08-12 03:00:00+00:00
[2026-08-12T02:19:17.958+0000] {processor.py:208} INFO - Processing /opt/airflow/dags/weather_dag.py took 0.404 seconds
[2026-08-12T02:19:48.306+0000] {processor.py:186} INFO - Started process (PID=41454) to work on /opt/airflow/dags/weather_dag.py
[2026-08-12T02:19:48.308+0000] {processor.py:914} INFO - Processing file /opt/airflow/dags/weather_dag.py for tasks to queue
[2026-08-12T02:19:48.311+0000] {logging_mixin.py:190} INFO - [2026-08-12T02:19:48.310+0000] {dagbag.py:588} INFO - Filling up the DagBag from /opt/airflow/dags/weather_dag.py
[2026-08-12T02:19:48.585+0000] {processor.py:925} INFO - DAG(s) 'weather_ingestion' retrieved from /opt/airflow/dags/weather_dag.py
[2026-08-12T02:19:48.595+0000] {logging_mixin.py:190} INFO - [2026-08-12T02:19:48.595+0000] {dag.py:3239} INFO - Sync 1 DAGs
[2026-08-12T02:19:48.602+0000] {logging_mixin.py:190} INFO - [2026-08-12T02:19:48.602+0000] {dag.py:4180} INFO - Setting next_dagrun for weather_ingestion to 2026-08-12 02:00:00+00:00, run_after=2026-08-12 03:00:00+00:00
[2026-08-12T02:19:48.608+0000] {processor.py:208} INFO - Processing /opt/airflow/dags/weather_dag.py took 0.309 seconds
[2026-08-12T02:20:18.666+0000] {processor.py:186} INFO - Started process (PID=41461) to work on /opt/airflow/dags/weather_dag.py
[2026-08-12T02:20:18.669+0000] {processor.py:914} INFO - Processing file /opt/airflow/dags/weather_dag.py for tasks to queue
[2026-08-12T02:20:18.671+0000] {logging_mixin.py:190} INFO - [2026-08-12T02:20:18.671+0000] {dagbag.py:588} INFO - Filling up the DagBag from /opt/airflow/dags/weather_dag.py
[2026-08-12T02:20:18.976+0000] {processor.py:925} INFO - DAG(s) 'weather_ingestion' retrieved from /opt/airflow/dags/weather_dag.py
[2026-08-12T02:20:18.987+0000] {logging_mixin.py:190} INFO - [2026-08-12T02:20:18.987+0000] {dag.py:3239} INFO - Sync 1 DAGs
[2026-08-12T02:20:18.996+0000] {logging_mixin.py:190} INFO - [2026-08-12T02:20:18.996+0000] {dag.py:4180} INFO - Setting next_dagrun for weather_ingestion to 2026-08-12 02:00:00+00:00, run_after=2026-08-12 03:00:00+00:00
[2026-08-12T02:20:19.002+0000] {processor.py:208} INFO - Processing /opt/airflow/dags/weather_dag.py took 0.346 seconds
[2026-08-12T02:20:49.254+0000] {processor.py:186} INFO - Started process (PID=41468) to work on /opt/airflow/dags/weather_dag.py
[2026-08-12T02:20:49.257+0000] {processor.py:914} INFO - Processing file /opt/airflow/dags/weather_dag.py for tasks to queue
[2026-08-12T02:20:49.260+0000] {logging_mixin.py:190} INFO - [2026-08-12T02:20:49.260+0000] {dagbag.py:588} INFO - Filling up the DagBag from /opt/airflow/dags/weather_dag.py
[2026-08-12T02:20:49.561+0000] {processor.py:925} INFO - DAG(s) 'weather_ingestion' retrieved from /opt/airflow/dags/weather_dag.py
[2026-08-12T02:20:49.572+0000] {logging_mixin.py:190} INFO - [2026-08-12T02:20:49.571+0000] {dag.py:3239} INFO - Sync 1 DAGs
[2026-08-12T02:20:49.580+0000] {logging_mixin.py:190} INFO - [2026-08-12T02:20:49.579+0000] {dag.py:4180} INFO - Setting next_dagrun for weather_ingestion to 2026-08-12 02:00:00+00:00, run_after=2026-08-12 03:00:00+00:00
[2026-08-12T02:20:49.586+0000] {processor.py:208} INFO - Processing /opt/airflow/dags/weather_dag.py took 0.342 seconds
[2026-08-12T02:21:19.641+0000] {processor.py:186} INFO - Started process (PID=41475) to work on /opt/airflow/dags/weather_dag.py
[2026-08-12T02:21:19.643+0000] {processor.py:914} INFO - Processing file /opt/airflow/dags/weather_dag.py for tasks to queue
[2026-08-12T02:21:19.647+0000] {logging_mixin.py:190} INFO - [2026-08-12T02:21:19.647+0000] {dagbag.py:588} INFO - Filling up the DagBag from /opt/airflow/dags/weather_dag.py
[2026-08-12T02:21:20.028+0000] {processor.py:925} INFO - DAG(s) 'weather_ingestion' retrieved from /opt/airflow/dags/weather_dag.py
[2026-08-12T02:21:20.039+0000] {logging_mixin.py:190} INFO - [2026-08-12T02:21:20.039+0000] {dag.py:3239} INFO - Sync 1 DAGs
[2026-08-12T02:21:20.048+0000] {logging_mixin.py:190} INFO - [2026-08-12T02:21:20.048+0000] {dag.py:4180} INFO - Setting next_dagrun for weather_ingestion to 2026-08-12 02:00:00+00:00, run_after=2026-08-12 03:00:00+00:00
[2026-08-12T02:21:20.054+0000] {processor.py:208} INFO - Processing /opt/airflow/dags/weather_dag.py took 0.422 seconds
[2026-08-12T02:21:50.267+0000] {processor.py:186} INFO - Started process (PID=41482) to work on /opt/airflow/dags/weather_dag.py
[2026-08-12T02:21:50.270+0000] {processor.py:914} INFO - Processing file /opt/airflow/dags/weather_dag.py for tasks to queue
[2026-08-12T02:21:50.273+0000] {logging_mixin.py:190} INFO - [2026-08-12T02:21:50.273+0000] {dagbag.py:588} INFO - Filling up the DagBag from /opt/airflow/dags/weather_dag.py
[2026-08-12T02:21:50.615+0000] {processor.py:925} INFO - DAG(s) 'weather_ingestion' retrieved from /opt/airflow/dags/weather_dag.py
[2026-08-12T02:21:50.626+0000] {logging_mixin.py:190} INFO - [2026-08-12T02:21:50.626+0000] {dag.py:3239} INFO - Sync 1 DAGs
[2026-08-12T02:21:50.637+0000] {logging_mixin.py:190} INFO - [2026-08-12T02:21:50.637+0000] {dag.py:4180} INFO - Setting next_dagrun for weather_ingestion to 2026-08-12 02:00:00+00:00, run_after=2026-08-12 03:00:00+00:00
[2026-08-12T02:21:50.643+0000] {processor.py:208} INFO - Processing /opt/airflow/dags/weather_dag.py took 0.384 seconds
[2026-08-12T02:22:20.786+0000] {processor.py:186} INFO - Started process (PID=41489) to work on /opt/airflow/dags/weather_dag.py
[2026-08-12T02:22:20.787+0000] {processor.py:914} INFO - Processing file /opt/airflow/dags/weather_dag.py for tasks to queue
[2026-08-12T02:22:20.790+0000] {logging_mixin.py:190} INFO - [2026-08-12T02:22:20.789+0000] {dagbag.py:588} INFO - Filling up the DagBag from /opt/airflow/dags/weather_dag.py
[2026-08-12T02:22:21.078+0000] {processor.py:925} INFO - DAG(s) 'weather_ingestion' retrieved from /opt/airflow/dags/weather_dag.py
[2026-08-12T02:22:21.088+0000] {logging_mixin.py:190} INFO - [2026-08-12T02:22:21.087+0000] {dag.py:3239} INFO - Sync 1 DAGs
[2026-08-12T02:22:21.095+0000] {logging_mixin.py:190} INFO - [2026-08-12T02:22:21.095+0000] {dag.py:4180} INFO - Setting next_dagrun for weather_ingestion to 2026-08-12 02:00:00+00:00, run_after=2026-08-12 03:00:00+00:00
[2026-08-12T02:22:21.101+0000] {processor.py:208} INFO - Processing /opt/airflow/dags/weather_dag.py took 0.324 seconds
[2026-08-12T02:22:51.360+0000] {processor.py:186} INFO - Started process (PID=41496) to work on /opt/airflow/dags/weather_dag.py
[2026-08-12T02:22:51.361+0000] {processor.py:914} INFO - Processing file /opt/airflow/dags/weather_dag.py for tasks to queue
[2026-08-12T02:22:51.363+0000] {logging_mixin.py:190} INFO - [2026-08-12T02:22:51.363+0000] {dagbag.py:588} INFO - Filling up the DagBag from /opt/airflow/dags/weather_dag.py
[2026-08-12T02:22:51.646+0000] {processor.py:925} INFO - DAG(s) 'weather_ingestion' retrieved from /opt/airflow/dags/weather_dag.py
[2026-08-12T02:22:51.656+0000] {logging_mixin.py:190} INFO - [2026-08-12T02:22:51.656+0000] {dag.py:3239} INFO - Sync 1 DAGs
[2026-08-12T02:22:51.665+0000] {logging_mixin.py:190} INFO - [2026-08-12T02:22:51.665+0000] {dag.py:4180} INFO - Setting next_dagrun for weather_ingestion to 2026-08-12 02:00:00+00:00, run_after=2026-08-12 03:00:00+00:00
[2026-08-12T02:22:51.671+0000] {processor.py:208} INFO - Processing /opt/airflow/dags/weather_dag.py took 0.319 seconds
[2026-08-12T02:23:21.821+0000] {processor.py:186} INFO - Started process (PID=41503) to work on /opt/airflow/dags/weather_dag.py
[2026-08-12T02:23:21.822+0000] {processor.py:914} INFO - Processing file /opt/airflow/dags/weather_dag.py for tasks to queue
[2026-08-12T02:23:21.826+0000] {logging_mixin.py:190} INFO - [2026-08-12T02:23:21.826+0000] {dagbag.py:588} INFO - Filling up the DagBag from /opt/airflow/dags/weather_dag.py
[2026-08-12T02:23:22.177+0000] {processor.py:925} INFO - DAG(s) 'weather_ingestion' retrieved from /opt/airflow/dags/weather_dag.py
[2026-08-12T02:23:22.187+0000] {logging_mixin.py:190} INFO - [2026-08-12T02:23:22.187+0000] {dag.py:3239} INFO - Sync 1 DAGs
[2026-08-12T02:23:22.196+0000] {logging_mixin.py:190} INFO - [2026-08-12T02:23:22.195+0000] {dag.py:4180} INFO - Setting next_dagrun for weather_ingestion to 2026-08-12 02:00:00+00:00, run_after=2026-08-12 03:00:00+00:00
[2026-08-12T02:23:22.202+0000] {processor.py:208} INFO - Processing /opt/airflow/dags/weather_dag.py took 0.392 seconds
[2026-08-12T02:23:52.382+0000] {processor.py:186} INFO - Started process (PID=41510) to work on /opt/airflow/dags/weather_dag.py
[2026-08-12T02:23:52.384+0000] {processor.py:914} INFO - Processing file /opt/airflow/dags/weather_dag.py for tasks to queue
[2026-08-12T02:23:52.387+0000] {logging_mixin.py:190} INFO - [2026-08-12T02:23:52.386+0000] {dagbag.py:588} INFO - Filling up the DagBag from /opt/airflow/dags/weather_dag.py
[2026-08-12T02:23:52.715+0000] {processor.py:925} INFO - DAG(s) 'weather_ingestion' retrieved from /opt/airflow/dags/weather_dag.py
[2026-08-12T02:23:52.727+0000] {logging_mixin.py:190} INFO - [2026-08-12T02:23:52.726+0000] {dag.py:3239} INFO - Sync 1 DAGs
[2026-08-12T02:23:52.736+0000] {logging_mixin.py:190} INFO - [2026-08-12T02:23:52.736+0000] {dag.py:4180} INFO - Setting next_dagrun for weather_ingestion to 2026-08-12 02:00:00+00:00, run_after=2026-08-12 03:00:00+00:00
[2026-08-12T02:23:52.743+0000] {processor.py:208} INFO - Processing /opt/airflow/dags/weather_dag.py took 0.369 seconds
[2026-08-12T02:24:22.847+0000] {processor.py:186} INFO - Started process (PID=41517) to work on /opt/airflow/dags/weather_dag.py
[2026-08-12T02:24:22.848+0000] {processor.py:914} INFO - Processing file /opt/airflow/dags/weather_dag.py for tasks to queue
[2026-08-12T02:24:22.851+0000] {logging_mixin.py:190} INFO - [2026-08-12T02:24:22.850+0000] {dagbag.py:588} INFO - Filling up the DagBag from /opt/airflow/dags/weather_dag.py
[2026-08-12T02:24:23.211+0000] {processor.py:925} INFO - DAG(s) 'weather_ingestion' retrieved from /opt/airflow/dags/weather_dag.py
[2026-08-12T02:24:23.223+0000] {logging_mixin.py:190} INFO - [2026-08-12T02:24:23.222+0000] {dag.py:3239} INFO - Sync 1 DAGs
[2026-08-12T02:24:23.233+0000] {logging_mixin.py:190} INFO - [2026-08-12T02:24:23.233+0000] {dag.py:4180} INFO - Setting next_dagrun for weather_ingestion to 2026-08-12 02:00:00+00:00, run_after=2026-08-12 03:00:00+00:00
[2026-08-12T02:24:23.240+0000] {processor.py:208} INFO - Processing /opt/airflow/dags/weather_dag.py took 0.401 seconds
[2026-08-12T02:24:53.499+0000] {processor.py:186} INFO - Started process (PID=41524) to work on /opt/airflow/dags/weather_dag.py
[2026-08-12T02:24:53.502+0000] {processor.py:914} INFO - Processing file /opt/airflow/dags/weather_dag.py for tasks to queue
[2026-08-12T02:24:53.515+0000] {logging_mixin.py:190} INFO - [2026-08-12T02:24:53.511+0000] {dagbag.py:588} INFO - Filling up the DagBag from /opt/airflow/dags/weather_dag.py
[2026-08-12T02:24:54.052+0000] {processor.py:925} INFO - DAG(s) 'weather_ingestion' retrieved from /opt/airflow/dags/weather_dag.py
[2026-08-12T02:24:54.066+0000] {logging_mixin.py:190} INFO - [2026-08-12T02:24:54.066+0000] {dag.py:3239} INFO - Sync 1 DAGs
[2026-08-12T02:24:54.079+0000] {logging_mixin.py:190} INFO - [2026-08-12T02:24:54.079+0000] {dag.py:4180} INFO - Setting next_dagrun for weather_ingestion to 2026-08-12 02:00:00+00:00, run_after=2026-08-12 03:00:00+00:00
[2026-08-12T02:24:54.086+0000] {processor.py:208} INFO - Processing /opt/airflow/dags/weather_dag.py took 0.603 seconds
[2026-08-12T02:25:24.377+0000] {processor.py:186} INFO - Started process (PID=41531) to work on /opt/airflow/dags/weather_dag.py
[2026-08-12T02:25:24.378+0000] {processor.py:914} INFO - Processing file /opt/airflow/dags/weather_dag.py for tasks to queue
[2026-08-12T02:25:24.381+0000] {logging_mixin.py:190} INFO - [2026-08-12T02:25:24.380+0000] {dagbag.py:588} INFO - Filling up the DagBag from /opt/airflow/dags/weather_dag.py
[2026-08-12T02:25:24.784+0000] {processor.py:925} INFO - DAG(s) 'weather_ingestion' retrieved from /opt/airflow/dags/weather_dag.py
[2026-08-12T02:25:24.797+0000] {logging_mixin.py:190} INFO - [2026-08-12T02:25:24.797+0000] {dag.py:3239} INFO - Sync 1 DAGs
[2026-08-12T02:25:24.807+0000] {logging_mixin.py:190} INFO - [2026-08-12T02:25:24.807+0000] {dag.py:4180} INFO - Setting next_dagrun for weather_ingestion to 2026-08-12 02:00:00+00:00, run_after=2026-08-12 03:00:00+00:00
[2026-08-12T02:25:24.814+0000] {processor.py:208} INFO - Processing /opt/airflow/dags/weather_dag.py took 0.447 seconds
[2026-08-12T02:25:55.154+0000] {processor.py:186} INFO - Started process (PID=41538) to work on /opt/airflow/dags/weather_dag.py
[2026-08-12T02:25:55.156+0000] {processor.py:914} INFO - Processing file /opt/airflow/dags/weather_dag.py for tasks to queue
[2026-08-12T02:25:55.158+0000] {logging_mixin.py:190} INFO - [2026-08-12T02:25:55.157+0000] {dagbag.py:588} INFO - Filling up the DagBag from /opt/airflow/dags/weather_dag.py
[2026-08-12T02:25:55.523+0000] {processor.py:925} INFO - DAG(s) 'weather_ingestion' retrieved from /opt/airflow/dags/weather_dag.py
[2026-08-12T02:25:55.545+0000] {logging_mixin.py:190} INFO - [2026-08-12T02:25:55.544+0000] {dag.py:3239} INFO - Sync 1 DAGs
[2026-08-12T02:25:55.559+0000] {logging_mixin.py:190} INFO - [2026-08-12T02:25:55.559+0000] {dag.py:4180} INFO - Setting next_dagrun for weather_ingestion to 2026-08-12 02:00:00+00:00, run_after=2026-08-12 03:00:00+00:00
[2026-08-12T02:25:55.567+0000] {processor.py:208} INFO - Processing /opt/airflow/dags/weather_dag.py took 0.423 seconds
[2026-08-12T02:26:25.864+0000] {processor.py:186} INFO - Started process (PID=41545) to work on /opt/airflow/dags/weather_dag.py
[2026-08-12T02:26:25.866+0000] {processor.py:914} INFO - Processing file /opt/airflow/dags/weather_dag.py for tasks to queue
[2026-08-12T02:26:25.869+0000] {logging_mixin.py:190} INFO - [2026-08-12T02:26:25.869+0000] {dagbag.py:588} INFO - Filling up the DagBag from /opt/airflow/dags/weather_dag.py
[2026-08-12T02:26:26.246+0000] {processor.py:925} INFO - DAG(s) 'weather_ingestion' retrieved from /opt/airflow/dags/weather_dag.py
[2026-08-12T02:26:26.257+0000] {logging_mixin.py:190} INFO - [2026-08-12T02:26:26.257+0000] {dag.py:3239} INFO - Sync 1 DAGs
[2026-08-12T02:26:26.266+0000] {logging_mixin.py:190} INFO - [2026-08-12T02:26:26.266+0000] {dag.py:4180} INFO - Setting next_dagrun for weather_ingestion to 2026-08-12 02:00:00+00:00, run_after=2026-08-12 03:00:00+00:00
[2026-08-12T02:26:26.272+0000] {processor.py:208} INFO - Processing /opt/airflow/dags/weather_dag.py took 0.419 seconds
[2026-08-12T02:26:56.619+0000] {processor.py:186} INFO - Started process (PID=41552) to work on /opt/airflow/dags/weather_dag.py
[2026-08-12T02:26:56.621+0000] {processor.py:914} INFO - Processing file /opt/airflow/dags/weather_dag.py for tasks to queue
[2026-08-12T02:26:56.623+0000] {logging_mixin.py:190} INFO - [2026-08-12T02:26:56.623+0000] {dagbag.py:588} INFO - Filling up the DagBag from /opt/airflow/dags/weather_dag.py
[2026-08-12T02:26:56.926+0000] {processor.py:925} INFO - DAG(s) 'weather_ingestion' retrieved from /opt/airflow/dags/weather_dag.py
[2026-08-12T02:26:56.936+0000] {logging_mixin.py:190} INFO - [2026-08-12T02:26:56.936+0000] {dag.py:3239} INFO - Sync 1 DAGs
[2026-08-12T02:26:56.945+0000] {logging_mixin.py:190} INFO - [2026-08-12T02:26:56.945+0000] {dag.py:4180} INFO - Setting next_dagrun for weather_ingestion to 2026-08-12 02:00:00+00:00, run_after=2026-08-12 03:00:00+00:00
[2026-08-12T02:26:56.952+0000] {processor.py:208} INFO - Processing /opt/airflow/dags/weather_dag.py took 0.340 seconds
[2026-08-12T02:27:27.272+0000] {processor.py:186} INFO - Started process (PID=41559) to work on /opt/airflow/dags/weather_dag.py
[2026-08-12T02:27:27.273+0000] {processor.py:914} INFO - Processing file /opt/airflow/dags/weather_dag.py for tasks to queue
[2026-08-12T02:27:27.275+0000] {logging_mixin.py:190} INFO - [2026-08-12T02:27:27.275+0000] {dagbag.py:588} INFO - Filling up the DagBag from /opt/airflow/dags/weather_dag.py
[2026-08-12T02:27:27.561+0000] {processor.py:925} INFO - DAG(s) 'weather_ingestion' retrieved from /opt/airflow/dags/weather_dag.py
[2026-08-12T02:27:27.571+0000] {logging_mixin.py:190} INFO - [2026-08-12T02:27:27.571+0000] {dag.py:3239} INFO - Sync 1 DAGs
[2026-08-12T02:27:27.580+0000] {logging_mixin.py:190} INFO - [2026-08-12T02:27:27.580+0000] {dag.py:4180} INFO - Setting next_dagrun for weather_ingestion to 2026-08-12 02:00:00+00:00, run_after=2026-08-12 03:00:00+00:00
[2026-08-12T02:27:27.586+0000] {processor.py:208} INFO - Processing /opt/airflow/dags/weather_dag.py took 0.318 seconds
[2026-08-12T02:27:57.941+0000] {processor.py:186} INFO - Started process (PID=41566) to work on /opt/airflow/dags/weather_dag.py
[2026-08-12T02:27:57.943+0000] {processor.py:914} INFO - Processing file /opt/airflow/dags/weather_dag.py for tasks to queue
[2026-08-12T02:27:57.946+0000] {logging_mixin.py:190} INFO - [2026-08-12T02:27:57.946+0000] {dagbag.py:588} INFO - Filling up the DagBag from /opt/airflow/dags/weather_dag.py
[2026-08-12T02:27:58.236+0000] {processor.py:925} INFO - DAG(s) 'weather_ingestion' retrieved from /opt/airflow/dags/weather_dag.py
[2026-08-12T02:27:58.245+0000] {logging_mixin.py:190} INFO - [2026-08-12T02:27:58.245+0000] {dag.py:3239} INFO - Sync 1 DAGs
[2026-08-12T02:27:58.253+0000] {logging_mixin.py:190} INFO - [2026-08-12T02:27:58.253+0000] {dag.py:4180} INFO - Setting next_dagrun for weather_ingestion to 2026-08-12 02:00:00+00:00, run_after=2026-08-12 03:00:00+00:00
[2026-08-12T02:27:58.259+0000] {processor.py:208} INFO - Processing /opt/airflow/dags/weather_dag.py took 0.326 seconds
[2026-08-12T02:28:28.602+0000] {processor.py:186} INFO - Started process (PID=41573) to work on /opt/airflow/dags/weather_dag.py
[2026-08-12T02:28:28.604+0000] {processor.py:914} INFO - Processing file /opt/airflow/dags/weather_dag.py for tasks to queue
[2026-08-12T02:28:28.606+0000] {logging_mixin.py:190} INFO - [2026-08-12T02:28:28.606+0000] {dagbag.py:588} INFO - Filling up the DagBag from /opt/airflow/dags/weather_dag.py
[2026-08-12T02:28:28.885+0000] {processor.py:925} INFO - DAG(s) 'weather_ingestion' retrieved from /opt/airflow/dags/weather_dag.py
[2026-08-12T02:28:28.896+0000] {logging_mixin.py:190} INFO - [2026-08-12T02:28:28.895+0000] {dag.py:3239} INFO - Sync 1 DAGs
[2026-08-12T02:28:28.904+0000] {logging_mixin.py:190} INFO - [2026-08-12T02:28:28.904+0000] {dag.py:4180} INFO - Setting next_dagrun for weather_ingestion to 2026-08-12 02:00:00+00:00, run_after=2026-08-12 03:00:00+00:00
[2026-08-12T02:28:28.911+0000] {processor.py:208} INFO - Processing /opt/airflow/dags/weather_dag.py took 0.316 seconds
[2026-08-12T02:28:58.960+0000] {processor.py:186} INFO - Started process (PID=41580) to work on /opt/airflow/dags/weather_dag.py
[2026-08-12T02:28:58.963+0000] {processor.py:914} INFO - Processing file /opt/airflow/dags/weather_dag.py for tasks to queue
[2026-08-12T02:28:58.966+0000] {logging_mixin.py:190} INFO - [2026-08-12T02:28:58.965+0000] {dagbag.py:588} INFO - Filling up the DagBag from /opt/airflow/dags/weather_dag.py
[2026-08-12T02:28:59.283+0000] {processor.py:925} INFO - DAG(s) 'weather_ingestion' retrieved from /opt/airflow/dags/weather_dag.py
[2026-08-12T02:28:59.295+0000] {logging_mixin.py:190} INFO - [2026-08-12T02:28:59.295+0000] {dag.py:3239} INFO - Sync 1 DAGs
[2026-08-12T02:28:59.304+0000] {logging_mixin.py:190} INFO - [2026-08-12T02:28:59.304+0000] {dag.py:4180} INFO - Setting next_dagrun for weather_ingestion to 2026-08-12 02:00:00+00:00, run_after=2026-08-12 03:00:00+00:00
[2026-08-12T02:28:59.312+0000] {processor.py:208} INFO - Processing /opt/airflow/dags/weather_dag.py took 0.361 seconds
[2026-08-12T02:29:29.522+0000] {processor.py:186} INFO - Started process (PID=41587) to work on /opt/airflow/dags/weather_dag.py
[2026-08-12T02:29:29.525+0000] {processor.py:914} INFO - Processing file /opt/airflow/dags/weather_dag.py for tasks to queue
[2026-08-12T02:29:29.531+0000] {logging_mixin.py:190} INFO - [2026-08-12T02:29:29.530+0000] {dagbag.py:588} INFO - Filling up the DagBag from /opt/airflow/dags/weather_dag.py
[2026-08-12T02:29:29.944+0000] {processor.py:925} INFO - DAG(s) 'weather_ingestion' retrieved from /opt/airflow/dags/weather_dag.py
[2026-08-12T02:29:29.954+0000] {logging_mixin.py:190} INFO - [2026-08-12T02:29:29.954+0000] {dag.py:3239} INFO - Sync 1 DAGs
[2026-08-12T02:29:29.963+0000] {logging_mixin.py:190} INFO - [2026-08-12T02:29:29.963+0000] {dag.py:4180} INFO - Setting next_dagrun for weather_ingestion to 2026-08-12 02:00:00+00:00, run_after=2026-08-12 03:00:00+00:00
[2026-08-12T02:29:29.969+0000] {processor.py:208} INFO - Processing /opt/airflow/dags/weather_dag.py took 0.461 seconds
[2026-08-12T02:30:00.294+0000] {processor.py:186} INFO - Started process (PID=41594) to work on /opt/airflow/dags/weather_dag.py
[2026-08-12T02:30:00.296+0000] {processor.py:914} INFO - Processing file /opt/airflow/dags/weather_dag.py for tasks to queue
[2026-08-12T02:30:00.298+0000] {logging_mixin.py:190} INFO - [2026-08-12T02:30:00.298+0000] {dagbag.py:588} INFO - Filling up the DagBag from /opt/airflow/dags/weather_dag.py
[2026-08-12T02:30:00.582+0000] {processor.py:925} INFO - DAG(s) 'weather_ingestion' retrieved from /opt/airflow/dags/weather_dag.py
[2026-08-12T02:30:00.592+0000] {logging_mixin.py:190} INFO - [2026-08-12T02:30:00.592+0000] {dag.py:3239} INFO - Sync 1 DAGs
[2026-08-12T02:30:00.601+0000] {logging_mixin.py:190} INFO - [2026-08-12T02:30:00.601+0000] {dag.py:4180} INFO - Setting next_dagrun for weather_ingestion to 2026-08-12 02:00:00+00:00, run_after=2026-08-12 03:00:00+00:00
[2026-08-12T02:30:00.607+0000] {processor.py:208} INFO - Processing /opt/airflow/dags/weather_dag.py took 0.322 seconds
[2026-08-12T02:30:30.898+0000] {processor.py:186} INFO - Started process (PID=41601) to work on /opt/airflow/dags/weather_dag.py
[2026-08-12T02:30:30.899+0000] {processor.py:914} INFO - Processing file /opt/airflow/dags/weather_dag.py for tasks to queue
[2026-08-12T02:30:30.901+0000] {logging_mixin.py:190} INFO - [2026-08-12T02:30:30.901+0000] {dagbag.py:588} INFO - Filling up the DagBag from /opt/airflow/dags/weather_dag.py
[2026-08-12T02:30:31.192+0000] {processor.py:925} INFO - DAG(s) 'weather_ingestion' retrieved from /opt/airflow/dags/weather_dag.py
[2026-08-12T02:30:31.203+0000] {logging_mixin.py:190} INFO - [2026-08-12T02:30:31.203+0000] {dag.py:3239} INFO - Sync 1 DAGs
[2026-08-12T02:30:31.212+0000] {logging_mixin.py:190} INFO - [2026-08-12T02:30:31.212+0000] {dag.py:4180} INFO - Setting next_dagrun for weather_ingestion to 2026-08-12 02:00:00+00:00, run_after=2026-08-12 03:00:00+00:00
[2026-08-12T02:30:31.218+0000] {processor.py:208} INFO - Processing /opt/airflow/dags/weather_dag.py took 0.328 seconds
[2026-08-12T02:31:01.655+0000] {processor.py:186} INFO - Started process (PID=41608) to work on /opt/airflow/dags/weather_dag.py
[2026-08-12T02:31:01.657+0000] {processor.py:914} INFO - Processing file /opt/airflow/dags/weather_dag.py for tasks to queue
[2026-08-12T02:31:01.661+0000] {logging_mixin.py:190} INFO - [2026-08-12T02:31:01.660+0000] {dagbag.py:588} INFO - Filling up the DagBag from /opt/airflow/dags/weather_dag.py
[2026-08-12T02:31:01.988+0000] {processor.py:925} INFO - DAG(s) 'weather_ingestion' retrieved from /opt/airflow/dags/weather_dag.py
[2026-08-12T02:31:01.999+0000] {logging_mixin.py:190} INFO - [2026-08-12T02:31:01.999+0000] {dag.py:3239} INFO - Sync 1 DAGs
[2026-08-12T02:31:02.008+0000] {logging_mixin.py:190} INFO - [2026-08-12T02:31:02.008+0000] {dag.py:4180} INFO - Setting next_dagrun for weather_ingestion to 2026-08-12 02:00:00+00:00, run_after=2026-08-12 03:00:00+00:00
[2026-08-12T02:31:02.014+0000] {processor.py:208} INFO - Processing /opt/airflow/dags/weather_dag.py took 0.370 seconds
[2026-08-12T02:31:32.321+0000] {processor.py:186} INFO - Started process (PID=41615) to work on /opt/airflow/dags/weather_dag.py
[2026-08-12T02:31:32.323+0000] {processor.py:914} INFO - Processing file /opt/airflow/dags/weather_dag.py for tasks to queue
[2026-08-12T02:31:32.325+0000] {logging_mixin.py:190} INFO - [2026-08-12T02:31:32.325+0000] {dagbag.py:588} INFO - Filling up the DagBag from /opt/airflow/dags/weather_dag.py
[2026-08-12T02:31:32.650+0000] {processor.py:925} INFO - DAG(s) 'weather_ingestion' retrieved from /opt/airflow/dags/weather_dag.py
[2026-08-12T02:31:32.668+0000] {logging_mixin.py:190} INFO - [2026-08-12T02:31:32.668+0000] {dag.py:3239} INFO - Sync 1 DAGs
[2026-08-12T02:31:32.678+0000] {logging_mixin.py:190} INFO - [2026-08-12T02:31:32.678+0000] {dag.py:4180} INFO - Setting next_dagrun for weather_ingestion to 2026-08-12 02:00:00+00:00, run_after=2026-08-12 03:00:00+00:00
[2026-08-12T02:31:32.684+0000] {processor.py:208} INFO - Processing /opt/airflow/dags/weather_dag.py took 0.370 seconds
[2026-08-12T02:32:03.107+0000] {processor.py:186} INFO - Started process (PID=41622) to work on /opt/airflow/dags/weather_dag.py
[2026-08-12T02:32:03.108+0000] {processor.py:914} INFO - Processing file /opt/airflow/dags/weather_dag.py for tasks to queue
[2026-08-12T02:32:03.109+0000] {logging_mixin.py:190} INFO - [2026-08-12T02:32:03.109+0000] {dagbag.py:588} INFO - Filling up the DagBag from /opt/airflow/dags/weather_dag.py
[2026-08-12T02:32:03.403+0000] {processor.py:925} INFO - DAG(s) 'weather_ingestion' retrieved from /opt/airflow/dags/weather_dag.py
[2026-08-12T02:32:03.412+0000] {logging_mixin.py:190} INFO - [2026-08-12T02:32:03.412+0000] {dag.py:3239} INFO - Sync 1 DAGs
[2026-08-12T02:32:03.420+0000] {logging_mixin.py:190} INFO - [2026-08-12T02:32:03.420+0000] {dag.py:4180} INFO - Setting next_dagrun for weather_ingestion to 2026-08-12 02:00:00+00:00, run_after=2026-08-12 03:00:00+00:00
[2026-08-12T02:32:03.426+0000] {processor.py:208} INFO - Processing /opt/airflow/dags/weather_dag.py took 0.324 seconds
[2026-08-12T02:32:33.739+0000] {processor.py:186} INFO - Started process (PID=41629) to work on /opt/airflow/dags/weather_dag.py
[2026-08-12T02:32:33.740+0000] {processor.py:914} INFO - Processing file /opt/airflow/dags/weather_dag.py for tasks to queue
[2026-08-12T02:32:33.741+0000] {logging_mixin.py:190} INFO - [2026-08-12T02:32:33.741+0000] {dagbag.py:588} INFO - Filling up the DagBag from /opt/airflow/dags/weather_dag.py
[2026-08-12T02:32:34.033+0000] {processor.py:925} INFO - DAG(s) 'weather_ingestion' retrieved from /opt/airflow/dags/weather_dag.py
[2026-08-12T02:32:34.043+0000] {logging_mixin.py:190} INFO - [2026-08-12T02:32:34.043+0000] {dag.py:3239} INFO - Sync 1 DAGs
[2026-08-12T02:32:34.051+0000] {logging_mixin.py:190} INFO - [2026-08-12T02:32:34.051+0000] {dag.py:4180} INFO - Setting next_dagrun for weather_ingestion to 2026-08-12 02:00:00+00:00, run_after=2026-08-12 03:00:00+00:00
[2026-08-12T02:32:34.058+0000] {processor.py:208} INFO - Processing /opt/airflow/dags/weather_dag.py took 0.324 seconds
[2026-08-12T02:33:04.387+0000] {processor.py:186} INFO - Started process (PID=41636) to work on /opt/airflow/dags/weather_dag.py
[2026-08-12T02:33:04.388+0000] {processor.py:914} INFO - Processing file /opt/airflow/dags/weather_dag.py for tasks to queue
[2026-08-12T02:33:04.392+0000] {logging_mixin.py:190} INFO - [2026-08-12T02:33:04.391+0000] {dagbag.py:588} INFO - Filling up the DagBag from /opt/airflow/dags/weather_dag.py
[2026-08-12T02:33:04.692+0000] {processor.py:925} INFO - DAG(s) 'weather_ingestion' retrieved from /opt/airflow/dags/weather_dag.py
[2026-08-12T02:33:04.702+0000] {logging_mixin.py:190} INFO - [2026-08-12T02:33:04.702+0000] {dag.py:3239} INFO - Sync 1 DAGs
[2026-08-12T02:33:04.711+0000] {logging_mixin.py:190} INFO - [2026-08-12T02:33:04.711+0000] {dag.py:4180} INFO - Setting next_dagrun for weather_ingestion to 2026-08-12 02:00:00+00:00, run_after=2026-08-12 03:00:00+00:00
[2026-08-12T02:33:04.717+0000] {processor.py:208} INFO - Processing /opt/airflow/dags/weather_dag.py took 0.337 seconds
[2026-08-12T02:33:35.002+0000] {processor.py:186} INFO - Started process (PID=41643) to work on /opt/airflow/dags/weather_dag.py
[2026-08-12T02:33:35.005+0000] {processor.py:914} INFO - Processing file /opt/airflow/dags/weather_dag.py for tasks to queue
[2026-08-12T02:33:35.007+0000] {logging_mixin.py:190} INFO - [2026-08-12T02:33:35.007+0000] {dagbag.py:588} INFO - Filling up the DagBag from /opt/airflow/dags/weather_dag.py
[2026-08-12T02:33:35.309+0000] {processor.py:925} INFO - DAG(s) 'weather_ingestion' retrieved from /opt/airflow/dags/weather_dag.py
[2026-08-12T02:33:35.320+0000] {logging_mixin.py:190} INFO - [2026-08-12T02:33:35.320+0000] {dag.py:3239} INFO - Sync 1 DAGs
[2026-08-12T02:33:35.329+0000] {logging_mixin.py:190} INFO - [2026-08-12T02:33:35.329+0000] {dag.py:4180} INFO - Setting next_dagrun for weather_ingestion to 2026-08-12 02:00:00+00:00, run_after=2026-08-12 03:00:00+00:00
[2026-08-12T02:33:35.336+0000] {processor.py:208} INFO - Processing /opt/airflow/dags/weather_dag.py took 0.340 seconds
[2026-08-12T02:34:05.669+0000] {processor.py:186} INFO - Started process (PID=41650) to work on /opt/airflow/dags/weather_dag.py
[2026-08-12T02:34:05.671+0000] {processor.py:914} INFO - Processing file /opt/airflow/dags/weather_dag.py for tasks to queue
[2026-08-12T02:34:05.675+0000] {logging_mixin.py:190} INFO - [2026-08-12T02:34:05.675+0000] {dagbag.py:588} INFO - Filling up the DagBag from /opt/airflow/dags/weather_dag.py
[2026-08-12T02:34:05.988+0000] {processor.py:925} INFO - DAG(s) 'weather_ingestion' retrieved from /opt/airflow/dags/weather_dag.py
[2026-08-12T02:34:05.999+0000] {logging_mixin.py:190} INFO - [2026-08-12T02:34:05.999+0000] {dag.py:3239} INFO - Sync 1 DAGs
[2026-08-12T02:34:06.007+0000] {logging_mixin.py:190} INFO - [2026-08-12T02:34:06.007+0000] {dag.py:4180} INFO - Setting next_dagrun for weather_ingestion to 2026-08-12 02:00:00+00:00, run_after=2026-08-12 03:00:00+00:00
[2026-08-12T02:34:06.013+0000] {processor.py:208} INFO - Processing /opt/airflow/dags/weather_dag.py took 0.350 seconds
[2026-08-12T02:34:36.330+0000] {processor.py:186} INFO - Started process (PID=41657) to work on /opt/airflow/dags/weather_dag.py
[2026-08-12T02:34:36.332+0000] {processor.py:914} INFO - Processing file /opt/airflow/dags/weather_dag.py for tasks to queue
[2026-08-12T02:34:36.334+0000] {logging_mixin.py:190} INFO - [2026-08-12T02:34:36.334+0000] {dagbag.py:588} INFO - Filling up the DagBag from /opt/airflow/dags/weather_dag.py
[2026-08-12T02:34:36.611+0000] {processor.py:925} INFO - DAG(s) 'weather_ingestion' retrieved from /opt/airflow/dags/weather_dag.py
[2026-08-12T02:34:36.620+0000] {logging_mixin.py:190} INFO - [2026-08-12T02:34:36.620+0000] {dag.py:3239} INFO - Sync 1 DAGs
[2026-08-12T02:34:36.628+0000] {logging_mixin.py:190} INFO - [2026-08-12T02:34:36.628+0000] {dag.py:4180} INFO - Setting next_dagrun for weather_ingestion to 2026-08-12 02:00:00+00:00, run_after=2026-08-12 03:00:00+00:00
[2026-08-12T02:34:36.634+0000] {processor.py:208} INFO - Processing /opt/airflow/dags/weather_dag.py took 0.312 seconds
[2026-08-12T02:35:06.729+0000] {processor.py:186} INFO - Started process (PID=41664) to work on /opt/airflow/dags/weather_dag.py
[2026-08-12T02:35:06.731+0000] {processor.py:914} INFO - Processing file /opt/airflow/dags/weather_dag.py for tasks to queue
[2026-08-12T02:35:06.735+0000] {logging_mixin.py:190} INFO - [2026-08-12T02:35:06.734+0000] {dagbag.py:588} INFO - Filling up the DagBag from /opt/airflow/dags/weather_dag.py
[2026-08-12T02:35:07.115+0000] {processor.py:925} INFO - DAG(s) 'weather_ingestion' retrieved from /opt/airflow/dags/weather_dag.py
[2026-08-12T02:35:07.126+0000] {logging_mixin.py:190} INFO - [2026-08-12T02:35:07.126+0000] {dag.py:3239} INFO - Sync 1 DAGs
[2026-08-12T02:35:07.135+0000] {logging_mixin.py:190} INFO - [2026-08-12T02:35:07.134+0000] {dag.py:4180} INFO - Setting next_dagrun for weather_ingestion to 2026-08-12 02:00:00+00:00, run_after=2026-08-12 03:00:00+00:00
[2026-08-12T02:35:07.141+0000] {processor.py:208} INFO - Processing /opt/airflow/dags/weather_dag.py took 0.424 seconds
[2026-08-12T02:35:37.234+0000] {processor.py:186} INFO - Started process (PID=41671) to work on /opt/airflow/dags/weather_dag.py
[2026-08-12T02:35:37.236+0000] {processor.py:914} INFO - Processing file /opt/airflow/dags/weather_dag.py for tasks to queue
[2026-08-12T02:35:37.238+0000] {logging_mixin.py:190} INFO - [2026-08-12T02:35:37.237+0000] {dagbag.py:588} INFO - Filling up the DagBag from /opt/airflow/dags/weather_dag.py
[2026-08-12T02:35:37.532+0000] {processor.py:925} INFO - DAG(s) 'weather_ingestion' retrieved from /opt/airflow/dags/weather_dag.py
[2026-08-12T02:35:37.542+0000] {logging_mixin.py:190} INFO - [2026-08-12T02:35:37.541+0000] {dag.py:3239} INFO - Sync 1 DAGs
[2026-08-12T02:35:37.550+0000] {logging_mixin.py:190} INFO - [2026-08-12T02:35:37.550+0000] {dag.py:4180} INFO - Setting next_dagrun for weather_ingestion to 2026-08-12 02:00:00+00:00, run_after=2026-08-12 03:00:00+00:00
[2026-08-12T02:35:37.556+0000] {processor.py:208} INFO - Processing /opt/airflow/dags/weather_dag.py took 0.329 seconds
[2026-08-12T02:36:07.726+0000] {processor.py:186} INFO - Started process (PID=41678) to work on /opt/airflow/dags/weather_dag.py
[2026-08-12T02:36:07.728+0000] {processor.py:914} INFO - Processing file /opt/airflow/dags/weather_dag.py for tasks to queue
[2026-08-12T02:36:07.730+0000] {logging_mixin.py:190} INFO - [2026-08-12T02:36:07.730+0000] {dagbag.py:588} INFO - Filling up the DagBag from /opt/airflow/dags/weather_dag.py
[2026-08-12T02:36:08.035+0000] {processor.py:925} INFO - DAG(s) 'weather_ingestion' retrieved from /opt/airflow/dags/weather_dag.py
[2026-08-12T02:36:08.045+0000] {logging_mixin.py:190} INFO - [2026-08-12T02:36:08.045+0000] {dag.py:3239} INFO - Sync 1 DAGs
[2026-08-12T02:36:08.054+0000] {logging_mixin.py:190} INFO - [2026-08-12T02:36:08.054+0000] {dag.py:4180} INFO - Setting next_dagrun for weather_ingestion to 2026-08-12 02:00:00+00:00, run_after=2026-08-12 03:00:00+00:00
[2026-08-12T02:36:08.060+0000] {processor.py:208} INFO - Processing /opt/airflow/dags/weather_dag.py took 0.341 seconds
[2026-08-12T02:36:38.224+0000] {processor.py:186} INFO - Started process (PID=41685) to work on /opt/airflow/dags/weather_dag.py
[2026-08-12T02:36:38.225+0000] {processor.py:914} INFO - Processing file /opt/airflow/dags/weather_dag.py for tasks to queue
[2026-08-12T02:36:38.227+0000] {logging_mixin.py:190} INFO - [2026-08-12T02:36:38.227+0000] {dagbag.py:588} INFO - Filling up the DagBag from /opt/airflow/dags/weather_dag.py
[2026-08-12T02:36:38.512+0000] {processor.py:925} INFO - DAG(s) 'weather_ingestion' retrieved from /opt/airflow/dags/weather_dag.py
[2026-08-12T02:36:38.522+0000] {logging_mixin.py:190} INFO - [2026-08-12T02:36:38.522+0000] {dag.py:3239} INFO - Sync 1 DAGs
[2026-08-12T02:36:38.531+0000] {logging_mixin.py:190} INFO - [2026-08-12T02:36:38.531+0000] {dag.py:4180} INFO - Setting next_dagrun for weather_ingestion to 2026-08-12 02:00:00+00:00, run_after=2026-08-12 03:00:00+00:00
[2026-08-12T02:36:38.536+0000] {processor.py:208} INFO - Processing /opt/airflow/dags/weather_dag.py took 0.319 seconds
[2026-08-12T02:37:08.685+0000] {processor.py:186} INFO - Started process (PID=41692) to work on /opt/airflow/dags/weather_dag.py
[2026-08-12T02:37:08.688+0000] {processor.py:914} INFO - Processing file /opt/airflow/dags/weather_dag.py for tasks to queue
[2026-08-12T02:37:08.690+0000] {logging_mixin.py:190} INFO - [2026-08-12T02:37:08.690+0000] {dagbag.py:588} INFO - Filling up the DagBag from /opt/airflow/dags/weather_dag.py
[2026-08-12T02:37:08.983+0000] {processor.py:925} INFO - DAG(s) 'weather_ingestion' retrieved from /opt/airflow/dags/weather_dag.py
[2026-08-12T02:37:08.993+0000] {logging_mixin.py:190} INFO - [2026-08-12T02:37:08.993+0000] {dag.py:3239} INFO - Sync 1 DAGs
[2026-08-12T02:37:09.001+0000] {logging_mixin.py:190} INFO - [2026-08-12T02:37:09.001+0000] {dag.py:4180} INFO - Setting next_dagrun for weather_ingestion to 2026-08-12 02:00:00+00:00, run_after=2026-08-12 03:00:00+00:00
[2026-08-12T02:37:09.007+0000] {processor.py:208} INFO - Processing /opt/airflow/dags/weather_dag.py took 0.329 seconds
[2026-08-12T02:37:39.116+0000] {processor.py:186} INFO - Started process (PID=41699) to work on /opt/airflow/dags/weather_dag.py
[2026-08-12T02:37:39.117+0000] {processor.py:914} INFO - Processing file /opt/airflow/dags/weather_dag.py for tasks to queue
[2026-08-12T02:37:39.120+0000] {logging_mixin.py:190} INFO - [2026-08-12T02:37:39.120+0000] {dagbag.py:588} INFO - Filling up the DagBag from /opt/airflow/dags/weather_dag.py
[2026-08-12T02:37:39.395+0000] {processor.py:925} INFO - DAG(s) 'weather_ingestion' retrieved from /opt/airflow/dags/weather_dag.py
[2026-08-12T02:37:39.404+0000] {logging_mixin.py:190} INFO - [2026-08-12T02:37:39.404+0000] {dag.py:3239} INFO - Sync 1 DAGs
[2026-08-12T02:37:39.412+0000] {logging_mixin.py:190} INFO - [2026-08-12T02:37:39.412+0000] {dag.py:4180} INFO - Setting next_dagrun for weather_ingestion to 2026-08-12 02:00:00+00:00, run_after=2026-08-12 03:00:00+00:00
[2026-08-12T02:37:39.417+0000] {processor.py:208} INFO - Processing /opt/airflow/dags/weather_dag.py took 0.308 seconds
[2026-08-12T02:38:09.634+0000] {processor.py:186} INFO - Started process (PID=41706) to work on /opt/airflow/dags/weather_dag.py
[2026-08-12T02:38:09.636+0000] {processor.py:914} INFO - Processing file /opt/airflow/dags/weather_dag.py for tasks to queue
[2026-08-12T02:38:09.639+0000] {logging_mixin.py:190} INFO - [2026-08-12T02:38:09.639+0000] {dagbag.py:588} INFO - Filling up the DagBag from /opt/airflow/dags/weather_dag.py
[2026-08-12T02:38:09.920+0000] {processor.py:925} INFO - DAG(s) 'weather_ingestion' retrieved from /opt/airflow/dags/weather_dag.py
[2026-08-12T02:38:09.929+0000] {logging_mixin.py:190} INFO - [2026-08-12T02:38:09.929+0000] {dag.py:3239} INFO - Sync 1 DAGs
[2026-08-12T02:38:09.938+0000] {logging_mixin.py:190} INFO - [2026-08-12T02:38:09.938+0000] {dag.py:4180} INFO - Setting next_dagrun for weather_ingestion to 2026-08-12 02:00:00+00:00, run_after=2026-08-12 03:00:00+00:00
[2026-08-12T02:38:09.944+0000] {processor.py:208} INFO - Processing /opt/airflow/dags/weather_dag.py took 0.316 seconds
[2026-08-12T02:38:40.235+0000] {processor.py:186} INFO - Started process (PID=41713) to work on /opt/airflow/dags/weather_dag.py
[2026-08-12T02:38:40.237+0000] {processor.py:914} INFO - Processing file /opt/airflow/dags/weather_dag.py for tasks to queue
[2026-08-12T02:38:40.239+0000] {logging_mixin.py:190} INFO - [2026-08-12T02:38:40.238+0000] {dagbag.py:588} INFO - Filling up the DagBag from /opt/airflow/dags/weather_dag.py
[2026-08-12T02:38:40.515+0000] {processor.py:925} INFO - DAG(s) 'weather_ingestion' retrieved from /opt/airflow/dags/weather_dag.py
[2026-08-12T02:38:40.525+0000] {logging_mixin.py:190} INFO - [2026-08-12T02:38:40.525+0000] {dag.py:3239} INFO - Sync 1 DAGs
[2026-08-12T02:38:40.534+0000] {logging_mixin.py:190} INFO - [2026-08-12T02:38:40.533+0000] {dag.py:4180} INFO - Setting next_dagrun for weather_ingestion to 2026-08-12 02:00:00+00:00, run_after=2026-08-12 03:00:00+00:00
[2026-08-12T02:38:40.540+0000] {processor.py:208} INFO - Processing /opt/airflow/dags/weather_dag.py took 0.312 seconds
[2026-08-12T02:39:10.611+0000] {processor.py:186} INFO - Started process (PID=41720) to work on /opt/airflow/dags/weather_dag.py
[2026-08-12T02:39:10.614+0000] {processor.py:914} INFO - Processing file /opt/airflow/dags/weather_dag.py for tasks to queue
[2026-08-12T02:39:10.618+0000] {logging_mixin.py:190} INFO - [2026-08-12T02:39:10.617+0000] {dagbag.py:588} INFO - Filling up the DagBag from /opt/airflow/dags/weather_dag.py
[2026-08-12T02:39:10.947+0000] {processor.py:925} INFO - DAG(s) 'weather_ingestion' retrieved from /opt/airflow/dags/weather_dag.py
[2026-08-12T02:39:10.958+0000] {logging_mixin.py:190} INFO - [2026-08-12T02:39:10.957+0000] {dag.py:3239} INFO - Sync 1 DAGs
[2026-08-12T02:39:10.966+0000] {logging_mixin.py:190} INFO - [2026-08-12T02:39:10.966+0000] {dag.py:4180} INFO - Setting next_dagrun for weather_ingestion to 2026-08-12 02:00:00+00:00, run_after=2026-08-12 03:00:00+00:00
[2026-08-12T02:39:10.972+0000] {processor.py:208} INFO - Processing /opt/airflow/dags/weather_dag.py took 0.373 seconds
[2026-08-12T02:39:41.242+0000] {processor.py:186} INFO - Started process (PID=41727) to work on /opt/airflow/dags/weather_dag.py
[2026-08-12T02:39:41.244+0000] {processor.py:914} INFO - Processing file /opt/airflow/dags/weather_dag.py for tasks to queue
[2026-08-12T02:39:41.247+0000] {logging_mixin.py:190} INFO - [2026-08-12T02:39:41.247+0000] {dagbag.py:588} INFO - Filling up the DagBag from /opt/airflow/dags/weather_dag.py
[2026-08-12T02:39:42.095+0000] {processor.py:925} INFO - DAG(s) 'weather_ingestion' retrieved from /opt/airflow/dags/weather_dag.py
[2026-08-12T02:39:42.129+0000] {logging_mixin.py:190} INFO - [2026-08-12T02:39:42.128+0000] {dag.py:3239} INFO - Sync 1 DAGs
[2026-08-12T02:39:42.158+0000] {logging_mixin.py:190} INFO - [2026-08-12T02:39:42.157+0000] {dag.py:4180} INFO - Setting next_dagrun for weather_ingestion to 2026-08-12 02:00:00+00:00, run_after=2026-08-12 03:00:00+00:00
[2026-08-12T02:39:42.182+0000] {processor.py:208} INFO - Processing /opt/airflow/dags/weather_dag.py took 0.948 seconds
[2026-08-12T02:40:12.587+0000] {processor.py:186} INFO - Started process (PID=41734) to work on /opt/airflow/dags/weather_dag.py
[2026-08-12T02:40:12.590+0000] {processor.py:914} INFO - Processing file /opt/airflow/dags/weather_dag.py for tasks to queue
[2026-08-12T02:40:12.597+0000] {logging_mixin.py:190} INFO - [2026-08-12T02:40:12.596+0000] {dagbag.py:588} INFO - Filling up the DagBag from /opt/airflow/dags/weather_dag.py
[2026-08-12T02:40:13.063+0000] {processor.py:925} INFO - DAG(s) 'weather_ingestion' retrieved from /opt/airflow/dags/weather_dag.py
[2026-08-12T02:40:13.075+0000] {logging_mixin.py:190} INFO - [2026-08-12T02:40:13.075+0000] {dag.py:3239} INFO - Sync 1 DAGs
[2026-08-12T02:40:13.092+0000] {logging_mixin.py:190} INFO - [2026-08-12T02:40:13.092+0000] {dag.py:4180} INFO - Setting next_dagrun for weather_ingestion to 2026-08-12 02:00:00+00:00, run_after=2026-08-12 03:00:00+00:00
[2026-08-12T02:40:13.101+0000] {processor.py:208} INFO - Processing /opt/airflow/dags/weather_dag.py took 0.531 seconds
[2026-08-12T02:40:43.487+0000] {processor.py:186} INFO - Started process (PID=41741) to work on /opt/airflow/dags/weather_dag.py
[2026-08-12T02:40:43.489+0000] {processor.py:914} INFO - Processing file /opt/airflow/dags/weather_dag.py for tasks to queue
[2026-08-12T02:40:43.492+0000] {logging_mixin.py:190} INFO - [2026-08-12T02:40:43.492+0000] {dagbag.py:588} INFO - Filling up the DagBag from /opt/airflow/dags/weather_dag.py
[2026-08-12T02:40:43.811+0000] {processor.py:925} INFO - DAG(s) 'weather_ingestion' retrieved from /opt/airflow/dags/weather_dag.py
[2026-08-12T02:40:43.821+0000] {logging_mixin.py:190} INFO - [2026-08-12T02:40:43.821+0000] {dag.py:3239} INFO - Sync 1 DAGs
[2026-08-12T02:40:43.830+0000] {logging_mixin.py:190} INFO - [2026-08-12T02:40:43.829+0000] {dag.py:4180} INFO - Setting next_dagrun for weather_ingestion to 2026-08-12 02:00:00+00:00, run_after=2026-08-12 03:00:00+00:00
[2026-08-12T02:40:43.836+0000] {processor.py:208} INFO - Processing /opt/airflow/dags/weather_dag.py took 0.361 seconds
[2026-08-12T02:41:14.226+0000] {processor.py:186} INFO - Started process (PID=41748) to work on /opt/airflow/dags/weather_dag.py
[2026-08-12T02:41:14.228+0000] {processor.py:914} INFO - Processing file /opt/airflow/dags/weather_dag.py for tasks to queue
[2026-08-12T02:41:14.231+0000] {logging_mixin.py:190} INFO - [2026-08-12T02:41:14.231+0000] {dagbag.py:588} INFO - Filling up the DagBag from /opt/airflow/dags/weather_dag.py
[2026-08-12T02:41:14.516+0000] {processor.py:925} INFO - DAG(s) 'weather_ingestion' retrieved from /opt/airflow/dags/weather_dag.py
[2026-08-12T02:41:14.526+0000] {logging_mixin.py:190} INFO - [2026-08-12T02:41:14.525+0000] {dag.py:3239} INFO - Sync 1 DAGs
[2026-08-12T02:41:14.533+0000] {logging_mixin.py:190} INFO - [2026-08-12T02:41:14.533+0000] {dag.py:4180} INFO - Setting next_dagrun for weather_ingestion to 2026-08-12 02:00:00+00:00, run_after=2026-08-12 03:00:00+00:00
[2026-08-12T02:41:14.540+0000] {processor.py:208} INFO - Processing /opt/airflow/dags/weather_dag.py took 0.322 seconds
[2026-08-12T02:41:44.908+0000] {processor.py:186} INFO - Started process (PID=41755) to work on /opt/airflow/dags/weather_dag.py
[2026-08-12T02:41:44.910+0000] {processor.py:914} INFO - Processing file /opt/airflow/dags/weather_dag.py for tasks to queue
[2026-08-12T02:41:44.913+0000] {logging_mixin.py:190} INFO - [2026-08-12T02:41:44.913+0000] {dagbag.py:588} INFO - Filling up the DagBag from /opt/airflow/dags/weather_dag.py
[2026-08-12T02:41:45.196+0000] {processor.py:925} INFO - DAG(s) 'weather_ingestion' retrieved from /opt/airflow/dags/weather_dag.py
[2026-08-12T02:41:45.206+0000] {logging_mixin.py:190} INFO - [2026-08-12T02:41:45.206+0000] {dag.py:3239} INFO - Sync 1 DAGs
[2026-08-12T02:41:45.214+0000] {logging_mixin.py:190} INFO - [2026-08-12T02:41:45.214+0000] {dag.py:4180} INFO - Setting next_dagrun for weather_ingestion to 2026-08-12 02:00:00+00:00, run_after=2026-08-12 03:00:00+00:00
[2026-08-12T02:41:45.220+0000] {processor.py:208} INFO - Processing /opt/airflow/dags/weather_dag.py took 0.319 seconds
[2026-08-12T02:42:15.282+0000] {processor.py:186} INFO - Started process (PID=41762) to work on /opt/airflow/dags/weather_dag.py
[2026-08-12T02:42:15.283+0000] {processor.py:914} INFO - Processing file /opt/airflow/dags/weather_dag.py for tasks to queue
[2026-08-12T02:42:15.287+0000] {logging_mixin.py:190} INFO - [2026-08-12T02:42:15.287+0000] {dagbag.py:588} INFO - Filling up the DagBag from /opt/airflow/dags/weather_dag.py
[2026-08-12T02:42:15.626+0000] {processor.py:925} INFO - DAG(s) 'weather_ingestion' retrieved from /opt/airflow/dags/weather_dag.py
[2026-08-12T02:42:15.636+0000] {logging_mixin.py:190} INFO - [2026-08-12T02:42:15.636+0000] {dag.py:3239} INFO - Sync 1 DAGs
[2026-08-12T02:42:15.645+0000] {logging_mixin.py:190} INFO - [2026-08-12T02:42:15.645+0000] {dag.py:4180} INFO - Setting next_dagrun for weather_ingestion to 2026-08-12 02:00:00+00:00, run_after=2026-08-12 03:00:00+00:00
[2026-08-12T02:42:15.651+0000] {processor.py:208} INFO - Processing /opt/airflow/dags/weather_dag.py took 0.381 seconds
[2026-08-12T02:42:45.944+0000] {processor.py:186} INFO - Started process (PID=41769) to work on /opt/airflow/dags/weather_dag.py
[2026-08-12T02:42:45.946+0000] {processor.py:914} INFO - Processing file /opt/airflow/dags/weather_dag.py for tasks to queue
[2026-08-12T02:42:45.947+0000] {logging_mixin.py:190} INFO - [2026-08-12T02:42:45.947+0000] {dagbag.py:588} INFO - Filling up the DagBag from /opt/airflow/dags/weather_dag.py
[2026-08-12T02:42:46.227+0000] {processor.py:925} INFO - DAG(s) 'weather_ingestion' retrieved from /opt/airflow/dags/weather_dag.py
[2026-08-12T02:42:46.237+0000] {logging_mixin.py:190} INFO - [2026-08-12T02:42:46.237+0000] {dag.py:3239} INFO - Sync 1 DAGs
[2026-08-12T02:42:46.245+0000] {logging_mixin.py:190} INFO - [2026-08-12T02:42:46.245+0000] {dag.py:4180} INFO - Setting next_dagrun for weather_ingestion to 2026-08-12 02:00:00+00:00, run_after=2026-08-12 03:00:00+00:00
[2026-08-12T02:42:46.251+0000] {processor.py:208} INFO - Processing /opt/airflow/dags/weather_dag.py took 0.313 seconds
[2026-08-12T02:43:16.644+0000] {processor.py:186} INFO - Started process (PID=41776) to work on /opt/airflow/dags/weather_dag.py
[2026-08-12T02:43:16.645+0000] {processor.py:914} INFO - Processing file /opt/airflow/dags/weather_dag.py for tasks to queue
[2026-08-12T02:43:16.647+0000] {logging_mixin.py:190} INFO - [2026-08-12T02:43:16.646+0000] {dagbag.py:588} INFO - Filling up the DagBag from /opt/airflow/dags/weather_dag.py
[2026-08-12T02:43:16.937+0000] {processor.py:925} INFO - DAG(s) 'weather_ingestion' retrieved from /opt/airflow/dags/weather_dag.py
[2026-08-12T02:43:16.947+0000] {logging_mixin.py:190} INFO - [2026-08-12T02:43:16.946+0000] {dag.py:3239} INFO - Sync 1 DAGs
[2026-08-12T02:43:16.955+0000] {logging_mixin.py:190} INFO - [2026-08-12T02:43:16.955+0000] {dag.py:4180} INFO - Setting next_dagrun for weather_ingestion to 2026-08-12 02:00:00+00:00, run_after=2026-08-12 03:00:00+00:00
[2026-08-12T02:43:16.961+0000] {processor.py:208} INFO - Processing /opt/airflow/dags/weather_dag.py took 0.325 seconds
[2026-08-12T02:43:47.039+0000] {processor.py:186} INFO - Started process (PID=41783) to work on /opt/airflow/dags/weather_dag.py
[2026-08-12T02:43:47.041+0000] {processor.py:914} INFO - Processing file /opt/airflow/dags/weather_dag.py for tasks to queue
[2026-08-12T02:43:47.043+0000] {logging_mixin.py:190} INFO - [2026-08-12T02:43:47.043+0000] {dagbag.py:588} INFO - Filling up the DagBag from /opt/airflow/dags/weather_dag.py
[2026-08-12T02:43:47.326+0000] {processor.py:925} INFO - DAG(s) 'weather_ingestion' retrieved from /opt/airflow/dags/weather_dag.py
[2026-08-12T02:43:47.351+0000] {logging_mixin.py:190} INFO - [2026-08-12T02:43:47.350+0000] {dag.py:3239} INFO - Sync 1 DAGs
[2026-08-12T02:43:47.365+0000] {logging_mixin.py:190} INFO - [2026-08-12T02:43:47.365+0000] {dag.py:4180} INFO - Setting next_dagrun for weather_ingestion to 2026-08-12 02:00:00+00:00, run_after=2026-08-12 03:00:00+00:00
[2026-08-12T02:43:47.373+0000] {processor.py:208} INFO - Processing /opt/airflow/dags/weather_dag.py took 0.340 seconds
[2026-08-12T02:44:17.685+0000] {processor.py:186} INFO - Started process (PID=41790) to work on /opt/airflow/dags/weather_dag.py
[2026-08-12T02:44:17.688+0000] {processor.py:914} INFO - Processing file /opt/airflow/dags/weather_dag.py for tasks to queue
[2026-08-12T02:44:17.690+0000] {logging_mixin.py:190} INFO - [2026-08-12T02:44:17.690+0000] {dagbag.py:588} INFO - Filling up the DagBag from /opt/airflow/dags/weather_dag.py
[2026-08-12T02:44:18.014+0000] {processor.py:925} INFO - DAG(s) 'weather_ingestion' retrieved from /opt/airflow/dags/weather_dag.py
[2026-08-12T02:44:18.024+0000] {logging_mixin.py:190} INFO - [2026-08-12T02:44:18.024+0000] {dag.py:3239} INFO - Sync 1 DAGs
[2026-08-12T02:44:18.033+0000] {logging_mixin.py:190} INFO - [2026-08-12T02:44:18.033+0000] {dag.py:4180} INFO - Setting next_dagrun for weather_ingestion to 2026-08-12 02:00:00+00:00, run_after=2026-08-12 03:00:00+00:00
[2026-08-12T02:44:18.039+0000] {processor.py:208} INFO - Processing /opt/airflow/dags/weather_dag.py took 0.363 seconds
[2026-08-12T02:44:48.117+0000] {processor.py:186} INFO - Started process (PID=41797) to work on /opt/airflow/dags/weather_dag.py
[2026-08-12T02:44:48.118+0000] {processor.py:914} INFO - Processing file /opt/airflow/dags/weather_dag.py for tasks to queue
[2026-08-12T02:44:48.121+0000] {logging_mixin.py:190} INFO - [2026-08-12T02:44:48.121+0000] {dagbag.py:588} INFO - Filling up the DagBag from /opt/airflow/dags/weather_dag.py
[2026-08-12T02:44:48.460+0000] {processor.py:925} INFO - DAG(s) 'weather_ingestion' retrieved from /opt/airflow/dags/weather_dag.py
[2026-08-12T02:44:48.471+0000] {logging_mixin.py:190} INFO - [2026-08-12T02:44:48.471+0000] {dag.py:3239} INFO - Sync 1 DAGs
[2026-08-12T02:44:48.481+0000] {logging_mixin.py:190} INFO - [2026-08-12T02:44:48.481+0000] {dag.py:4180} INFO - Setting next_dagrun for weather_ingestion to 2026-08-12 02:00:00+00:00, run_after=2026-08-12 03:00:00+00:00
[2026-08-12T02:44:48.487+0000] {processor.py:208} INFO - Processing /opt/airflow/dags/weather_dag.py took 0.379 seconds
[2026-08-12T02:45:18.764+0000] {processor.py:186} INFO - Started process (PID=41804) to work on /opt/airflow/dags/weather_dag.py
[2026-08-12T02:45:18.766+0000] {processor.py:914} INFO - Processing file /opt/airflow/dags/weather_dag.py for tasks to queue
[2026-08-12T02:45:18.772+0000] {logging_mixin.py:190} INFO - [2026-08-12T02:45:18.771+0000] {dagbag.py:588} INFO - Filling up the DagBag from /opt/airflow/dags/weather_dag.py
[2026-08-12T02:45:19.123+0000] {processor.py:925} INFO - DAG(s) 'weather_ingestion' retrieved from /opt/airflow/dags/weather_dag.py
[2026-08-12T02:45:19.133+0000] {logging_mixin.py:190} INFO - [2026-08-12T02:45:19.133+0000] {dag.py:3239} INFO - Sync 1 DAGs
[2026-08-12T02:45:19.143+0000] {logging_mixin.py:190} INFO - [2026-08-12T02:45:19.143+0000] {dag.py:4180} INFO - Setting next_dagrun for weather_ingestion to 2026-08-12 02:00:00+00:00, run_after=2026-08-12 03:00:00+00:00
[2026-08-12T02:45:19.149+0000] {processor.py:208} INFO - Processing /opt/airflow/dags/weather_dag.py took 0.396 seconds
[2026-08-12T02:45:49.484+0000] {processor.py:186} INFO - Started process (PID=41811) to work on /opt/airflow/dags/weather_dag.py
[2026-08-12T02:45:49.486+0000] {processor.py:914} INFO - Processing file /opt/airflow/dags/weather_dag.py for tasks to queue
[2026-08-12T02:45:49.489+0000] {logging_mixin.py:190} INFO - [2026-08-12T02:45:49.489+0000] {dagbag.py:588} INFO - Filling up the DagBag from /opt/airflow/dags/weather_dag.py
[2026-08-12T02:45:49.802+0000] {processor.py:925} INFO - DAG(s) 'weather_ingestion' retrieved from /opt/airflow/dags/weather_dag.py
[2026-08-12T02:45:49.812+0000] {logging_mixin.py:190} INFO - [2026-08-12T02:45:49.812+0000] {dag.py:3239} INFO - Sync 1 DAGs
[2026-08-12T02:45:49.821+0000] {logging_mixin.py:190} INFO - [2026-08-12T02:45:49.821+0000] {dag.py:4180} INFO - Setting next_dagrun for weather_ingestion to 2026-08-12 02:00:00+00:00, run_after=2026-08-12 03:00:00+00:00
[2026-08-12T02:45:49.828+0000] {processor.py:208} INFO - Processing /opt/airflow/dags/weather_dag.py took 0.350 seconds
[2026-08-12T02:46:20.120+0000] {processor.py:186} INFO - Started process (PID=41818) to work on /opt/airflow/dags/weather_dag.py
[2026-08-12T02:46:20.122+0000] {processor.py:914} INFO - Processing file /opt/airflow/dags/weather_dag.py for tasks to queue
[2026-08-12T02:46:20.124+0000] {logging_mixin.py:190} INFO - [2026-08-12T02:46:20.124+0000] {dagbag.py:588} INFO - Filling up the DagBag from /opt/airflow/dags/weather_dag.py
[2026-08-12T02:46:20.406+0000] {processor.py:925} INFO - DAG(s) 'weather_ingestion' retrieved from /opt/airflow/dags/weather_dag.py
[2026-08-12T02:46:20.415+0000] {logging_mixin.py:190} INFO - [2026-08-12T02:46:20.415+0000] {dag.py:3239} INFO - Sync 1 DAGs
[2026-08-12T02:46:20.423+0000] {logging_mixin.py:190} INFO - [2026-08-12T02:46:20.423+0000] {dag.py:4180} INFO - Setting next_dagrun for weather_ingestion to 2026-08-12 02:00:00+00:00, run_after=2026-08-12 03:00:00+00:00
[2026-08-12T02:46:20.429+0000] {processor.py:208} INFO - Processing /opt/airflow/dags/weather_dag.py took 0.321 seconds
[2026-08-12T02:46:50.752+0000] {processor.py:186} INFO - Started process (PID=41825) to work on /opt/airflow/dags/weather_dag.py
[2026-08-12T02:46:50.754+0000] {processor.py:914} INFO - Processing file /opt/airflow/dags/weather_dag.py for tasks to queue
[2026-08-12T02:46:50.756+0000] {logging_mixin.py:190} INFO - [2026-08-12T02:46:50.756+0000] {dagbag.py:588} INFO - Filling up the DagBag from /opt/airflow/dags/weather_dag.py
[2026-08-12T02:46:51.031+0000] {processor.py:925} INFO - DAG(s) 'weather_ingestion' retrieved from /opt/airflow/dags/weather_dag.py
[2026-08-12T02:46:51.041+0000] {logging_mixin.py:190} INFO - [2026-08-12T02:46:51.041+0000] {dag.py:3239} INFO - Sync 1 DAGs
[2026-08-12T02:46:51.048+0000] {logging_mixin.py:190} INFO - [2026-08-12T02:46:51.048+0000] {dag.py:4180} INFO - Setting next_dagrun for weather_ingestion to 2026-08-12 02:00:00+00:00, run_after=2026-08-12 03:00:00+00:00
[2026-08-12T02:46:51.055+0000] {processor.py:208} INFO - Processing /opt/airflow/dags/weather_dag.py took 0.311 seconds
[2026-08-12T02:47:21.325+0000] {processor.py:186} INFO - Started process (PID=41832) to work on /opt/airflow/dags/weather_dag.py
[2026-08-12T02:47:21.328+0000] {processor.py:914} INFO - Processing file /opt/airflow/dags/weather_dag.py for tasks to queue
[2026-08-12T02:47:21.330+0000] {logging_mixin.py:190} INFO - [2026-08-12T02:47:21.330+0000] {dagbag.py:588} INFO - Filling up the DagBag from /opt/airflow/dags/weather_dag.py
[2026-08-12T02:47:21.614+0000] {processor.py:925} INFO - DAG(s) 'weather_ingestion' retrieved from /opt/airflow/dags/weather_dag.py
[2026-08-12T02:47:21.624+0000] {logging_mixin.py:190} INFO - [2026-08-12T02:47:21.624+0000] {dag.py:3239} INFO - Sync 1 DAGs
[2026-08-12T02:47:21.633+0000] {logging_mixin.py:190} INFO - [2026-08-12T02:47:21.633+0000] {dag.py:4180} INFO - Setting next_dagrun for weather_ingestion to 2026-08-12 02:00:00+00:00, run_after=2026-08-12 03:00:00+00:00
[2026-08-12T02:47:21.639+0000] {processor.py:208} INFO - Processing /opt/airflow/dags/weather_dag.py took 0.322 seconds
[2026-08-12T02:47:51.958+0000] {processor.py:186} INFO - Started process (PID=41839) to work on /opt/airflow/dags/weather_dag.py
[2026-08-12T02:47:51.960+0000] {processor.py:914} INFO - Processing file /opt/airflow/dags/weather_dag.py for tasks to queue
[2026-08-12T02:47:51.961+0000] {logging_mixin.py:190} INFO - [2026-08-12T02:47:51.961+0000] {dagbag.py:588} INFO - Filling up the DagBag from /opt/airflow/dags/weather_dag.py
[2026-08-12T02:47:52.242+0000] {processor.py:925} INFO - DAG(s) 'weather_ingestion' retrieved from /opt/airflow/dags/weather_dag.py
[2026-08-12T02:47:52.251+0000] {logging_mixin.py:190} INFO - [2026-08-12T02:47:52.251+0000] {dag.py:3239} INFO - Sync 1 DAGs
[2026-08-12T02:47:52.259+0000] {logging_mixin.py:190} INFO - [2026-08-12T02:47:52.259+0000] {dag.py:4180} INFO - Setting next_dagrun for weather_ingestion to 2026-08-12 02:00:00+00:00, run_after=2026-08-12 03:00:00+00:00
[2026-08-12T02:47:52.265+0000] {processor.py:208} INFO - Processing /opt/airflow/dags/weather_dag.py took 0.314 seconds
[2026-08-12T02:48:22.305+0000] {processor.py:186} INFO - Started process (PID=41846) to work on /opt/airflow/dags/weather_dag.py
[2026-08-12T02:48:22.306+0000] {processor.py:914} INFO - Processing file /opt/airflow/dags/weather_dag.py for tasks to queue
[2026-08-12T02:48:22.309+0000] {logging_mixin.py:190} INFO - [2026-08-12T02:48:22.308+0000] {dagbag.py:588} INFO - Filling up the DagBag from /opt/airflow/dags/weather_dag.py
[2026-08-12T02:48:22.588+0000] {processor.py:925} INFO - DAG(s) 'weather_ingestion' retrieved from /opt/airflow/dags/weather_dag.py
[2026-08-12T02:48:22.598+0000] {logging_mixin.py:190} INFO - [2026-08-12T02:48:22.598+0000] {dag.py:3239} INFO - Sync 1 DAGs
[2026-08-12T02:48:22.636+0000] {logging_mixin.py:190} INFO - [2026-08-12T02:48:22.636+0000] {dag.py:4180} INFO - Setting next_dagrun for weather_ingestion to 2026-08-12 02:00:00+00:00, run_after=2026-08-12 03:00:00+00:00
[2026-08-12T02:48:22.644+0000] {processor.py:208} INFO - Processing /opt/airflow/dags/weather_dag.py took 0.346 seconds
[2026-08-12T02:48:52.931+0000] {processor.py:186} INFO - Started process (PID=41853) to work on /opt/airflow/dags/weather_dag.py
[2026-08-12T02:48:52.933+0000] {processor.py:914} INFO - Processing file /opt/airflow/dags/weather_dag.py for tasks to queue
[2026-08-12T02:48:52.935+0000] {logging_mixin.py:190} INFO - [2026-08-12T02:48:52.935+0000] {dagbag.py:588} INFO - Filling up the DagBag from /opt/airflow/dags/weather_dag.py
[2026-08-12T02:48:53.216+0000] {processor.py:925} INFO - DAG(s) 'weather_ingestion' retrieved from /opt/airflow/dags/weather_dag.py
[2026-08-12T02:48:53.225+0000] {logging_mixin.py:190} INFO - [2026-08-12T02:48:53.225+0000] {dag.py:3239} INFO - Sync 1 DAGs
[2026-08-12T02:48:53.233+0000] {logging_mixin.py:190} INFO - [2026-08-12T02:48:53.232+0000] {dag.py:4180} INFO - Setting next_dagrun for weather_ingestion to 2026-08-12 02:00:00+00:00, run_after=2026-08-12 03:00:00+00:00
[2026-08-12T02:48:53.238+0000] {processor.py:208} INFO - Processing /opt/airflow/dags/weather_dag.py took 0.313 seconds
[2026-08-12T02:49:23.524+0000] {processor.py:186} INFO - Started process (PID=41860) to work on /opt/airflow/dags/weather_dag.py
[2026-08-12T02:49:23.526+0000] {processor.py:914} INFO - Processing file /opt/airflow/dags/weather_dag.py for tasks to queue
[2026-08-12T02:49:23.529+0000] {logging_mixin.py:190} INFO - [2026-08-12T02:49:23.528+0000] {dagbag.py:588} INFO - Filling up the DagBag from /opt/airflow/dags/weather_dag.py
[2026-08-12T02:49:23.805+0000] {processor.py:925} INFO - DAG(s) 'weather_ingestion' retrieved from /opt/airflow/dags/weather_dag.py
[2026-08-12T02:49:23.815+0000] {logging_mixin.py:190} INFO - [2026-08-12T02:49:23.815+0000] {dag.py:3239} INFO - Sync 1 DAGs
[2026-08-12T02:49:23.823+0000] {logging_mixin.py:190} INFO - [2026-08-12T02:49:23.822+0000] {dag.py:4180} INFO - Setting next_dagrun for weather_ingestion to 2026-08-12 02:00:00+00:00, run_after=2026-08-12 03:00:00+00:00
[2026-08-12T02:49:23.828+0000] {processor.py:208} INFO - Processing /opt/airflow/dags/weather_dag.py took 0.311 seconds
[2026-08-12T02:49:53.890+0000] {processor.py:186} INFO - Started process (PID=41867) to work on /opt/airflow/dags/weather_dag.py
[2026-08-12T02:49:53.892+0000] {processor.py:914} INFO - Processing file /opt/airflow/dags/weather_dag.py for tasks to queue
[2026-08-12T02:49:53.896+0000] {logging_mixin.py:190} INFO - [2026-08-12T02:49:53.896+0000] {dagbag.py:588} INFO - Filling up the DagBag from /opt/airflow/dags/weather_dag.py
[2026-08-12T02:49:54.221+0000] {processor.py:925} INFO - DAG(s) 'weather_ingestion' retrieved from /opt/airflow/dags/weather_dag.py
[2026-08-12T02:49:54.230+0000] {logging_mixin.py:190} INFO - [2026-08-12T02:49:54.230+0000] {dag.py:3239} INFO - Sync 1 DAGs
[2026-08-12T02:49:54.240+0000] {logging_mixin.py:190} INFO - [2026-08-12T02:49:54.240+0000] {dag.py:4180} INFO - Setting next_dagrun for weather_ingestion to 2026-08-12 02:00:00+00:00, run_after=2026-08-12 03:00:00+00:00
[2026-08-12T02:49:54.246+0000] {processor.py:208} INFO - Processing /opt/airflow/dags/weather_dag.py took 0.365 seconds
[2026-08-12T02:50:24.501+0000] {processor.py:186} INFO - Started process (PID=41874) to work on /opt/airflow/dags/weather_dag.py
[2026-08-12T02:50:24.502+0000] {processor.py:914} INFO - Processing file /opt/airflow/dags/weather_dag.py for tasks to queue
[2026-08-12T02:50:24.505+0000] {logging_mixin.py:190} INFO - [2026-08-12T02:50:24.505+0000] {dagbag.py:588} INFO - Filling up the DagBag from /opt/airflow/dags/weather_dag.py
[2026-08-12T02:50:24.827+0000] {processor.py:925} INFO - DAG(s) 'weather_ingestion' retrieved from /opt/airflow/dags/weather_dag.py
[2026-08-12T02:50:24.839+0000] {logging_mixin.py:190} INFO - [2026-08-12T02:50:24.839+0000] {dag.py:3239} INFO - Sync 1 DAGs
[2026-08-12T02:50:24.848+0000] {logging_mixin.py:190} INFO - [2026-08-12T02:50:24.848+0000] {dag.py:4180} INFO - Setting next_dagrun for weather_ingestion to 2026-08-12 02:00:00+00:00, run_after=2026-08-12 03:00:00+00:00
[2026-08-12T02:50:24.854+0000] {processor.py:208} INFO - Processing /opt/airflow/dags/weather_dag.py took 0.363 seconds
[2026-08-12T02:50:54.895+0000] {processor.py:186} INFO - Started process (PID=41881) to work on /opt/airflow/dags/weather_dag.py
[2026-08-12T02:50:54.897+0000] {processor.py:914} INFO - Processing file /opt/airflow/dags/weather_dag.py for tasks to queue
[2026-08-12T02:50:54.900+0000] {logging_mixin.py:190} INFO - [2026-08-12T02:50:54.899+0000] {dagbag.py:588} INFO - Filling up the DagBag from /opt/airflow/dags/weather_dag.py
[2026-08-12T02:50:55.185+0000] {processor.py:925} INFO - DAG(s) 'weather_ingestion' retrieved from /opt/airflow/dags/weather_dag.py
[2026-08-12T02:50:55.194+0000] {logging_mixin.py:190} INFO - [2026-08-12T02:50:55.194+0000] {dag.py:3239} INFO - Sync 1 DAGs
[2026-08-12T02:50:55.202+0000] {logging_mixin.py:190} INFO - [2026-08-12T02:50:55.202+0000] {dag.py:4180} INFO - Setting next_dagrun for weather_ingestion to 2026-08-12 02:00:00+00:00, run_after=2026-08-12 03:00:00+00:00
[2026-08-12T02:50:55.208+0000] {processor.py:208} INFO - Processing /opt/airflow/dags/weather_dag.py took 0.320 seconds
[2026-08-12T02:51:25.537+0000] {processor.py:186} INFO - Started process (PID=41888) to work on /opt/airflow/dags/weather_dag.py
[2026-08-12T02:51:25.541+0000] {processor.py:914} INFO - Processing file /opt/airflow/dags/weather_dag.py for tasks to queue
[2026-08-12T02:51:25.543+0000] {logging_mixin.py:190} INFO - [2026-08-12T02:51:25.543+0000] {dagbag.py:588} INFO - Filling up the DagBag from /opt/airflow/dags/weather_dag.py
[2026-08-12T02:51:25.840+0000] {processor.py:925} INFO - DAG(s) 'weather_ingestion' retrieved from /opt/airflow/dags/weather_dag.py
[2026-08-12T02:51:25.852+0000] {logging_mixin.py:190} INFO - [2026-08-12T02:51:25.852+0000] {dag.py:3239} INFO - Sync 1 DAGs
[2026-08-12T02:51:25.860+0000] {logging_mixin.py:190} INFO - [2026-08-12T02:51:25.860+0000] {dag.py:4180} INFO - Setting next_dagrun for weather_ingestion to 2026-08-12 02:00:00+00:00, run_after=2026-08-12 03:00:00+00:00
[2026-08-12T02:51:25.866+0000] {processor.py:208} INFO - Processing /opt/airflow/dags/weather_dag.py took 0.337 seconds
[2026-08-12T02:51:56.254+0000] {processor.py:186} INFO - Started process (PID=41895) to work on /opt/airflow/dags/weather_dag.py
[2026-08-12T02:51:56.256+0000] {processor.py:914} INFO - Processing file /opt/airflow/dags/weather_dag.py for tasks to queue
[2026-08-12T02:51:56.261+0000] {logging_mixin.py:190} INFO - [2026-08-12T02:51:56.261+0000] {dagbag.py:588} INFO - Filling up the DagBag from /opt/airflow/dags/weather_dag.py
[2026-08-12T02:51:56.696+0000] {processor.py:925} INFO - DAG(s) 'weather_ingestion' retrieved from /opt/airflow/dags/weather_dag.py
[2026-08-12T02:51:56.706+0000] {logging_mixin.py:190} INFO - [2026-08-12T02:51:56.706+0000] {dag.py:3239} INFO - Sync 1 DAGs
[2026-08-12T02:51:56.714+0000] {logging_mixin.py:190} INFO - [2026-08-12T02:51:56.714+0000] {dag.py:4180} INFO - Setting next_dagrun for weather_ingestion to 2026-08-12 02:00:00+00:00, run_after=2026-08-12 03:00:00+00:00
[2026-08-12T02:51:56.720+0000] {processor.py:208} INFO - Processing /opt/airflow/dags/weather_dag.py took 0.482 seconds
[2026-08-12T02:52:27.164+0000] {processor.py:186} INFO - Started process (PID=41902) to work on /opt/airflow/dags/weather_dag.py
[2026-08-12T02:52:27.166+0000] {processor.py:914} INFO - Processing file /opt/airflow/dags/weather_dag.py for tasks to queue
[2026-08-12T02:52:27.169+0000] {logging_mixin.py:190} INFO - [2026-08-12T02:52:27.169+0000] {dagbag.py:588} INFO - Filling up the DagBag from /opt/airflow/dags/weather_dag.py
[2026-08-12T02:52:27.536+0000] {processor.py:925} INFO - DAG(s) 'weather_ingestion' retrieved from /opt/airflow/dags/weather_dag.py
[2026-08-12T02:52:27.547+0000] {logging_mixin.py:190} INFO - [2026-08-12T02:52:27.547+0000] {dag.py:3239} INFO - Sync 1 DAGs
[2026-08-12T02:52:27.555+0000] {logging_mixin.py:190} INFO - [2026-08-12T02:52:27.555+0000] {dag.py:4180} INFO - Setting next_dagrun for weather_ingestion to 2026-08-12 02:00:00+00:00, run_after=2026-08-12 03:00:00+00:00
[2026-08-12T02:52:27.561+0000] {processor.py:208} INFO - Processing /opt/airflow/dags/weather_dag.py took 0.406 seconds
[2026-08-12T02:52:57.908+0000] {processor.py:186} INFO - Started process (PID=41909) to work on /opt/airflow/dags/weather_dag.py
[2026-08-12T02:52:57.910+0000] {processor.py:914} INFO - Processing file /opt/airflow/dags/weather_dag.py for tasks to queue
[2026-08-12T02:52:57.912+0000] {logging_mixin.py:190} INFO - [2026-08-12T02:52:57.912+0000] {dagbag.py:588} INFO - Filling up the DagBag from /opt/airflow/dags/weather_dag.py
[2026-08-12T02:52:58.236+0000] {processor.py:925} INFO - DAG(s) 'weather_ingestion' retrieved from /opt/airflow/dags/weather_dag.py
[2026-08-12T02:52:58.247+0000] {logging_mixin.py:190} INFO - [2026-08-12T02:52:58.246+0000] {dag.py:3239} INFO - Sync 1 DAGs
[2026-08-12T02:52:58.255+0000] {logging_mixin.py:190} INFO - [2026-08-12T02:52:58.255+0000] {dag.py:4180} INFO - Setting next_dagrun for weather_ingestion to 2026-08-12 02:00:00+00:00, run_after=2026-08-12 03:00:00+00:00
[2026-08-12T02:52:58.261+0000] {processor.py:208} INFO - Processing /opt/airflow/dags/weather_dag.py took 0.361 seconds
[2026-08-12T02:53:28.540+0000] {processor.py:186} INFO - Started process (PID=41916) to work on /opt/airflow/dags/weather_dag.py
[2026-08-12T02:53:28.543+0000] {processor.py:914} INFO - Processing file /opt/airflow/dags/weather_dag.py for tasks to queue
[2026-08-12T02:53:28.545+0000] {logging_mixin.py:190} INFO - [2026-08-12T02:53:28.545+0000] {dagbag.py:588} INFO - Filling up the DagBag from /opt/airflow/dags/weather_dag.py
[2026-08-12T02:53:28.825+0000] {processor.py:925} INFO - DAG(s) 'weather_ingestion' retrieved from /opt/airflow/dags/weather_dag.py
[2026-08-12T02:53:28.835+0000] {logging_mixin.py:190} INFO - [2026-08-12T02:53:28.835+0000] {dag.py:3239} INFO - Sync 1 DAGs
[2026-08-12T02:53:28.879+0000] {logging_mixin.py:190} INFO - [2026-08-12T02:53:28.878+0000] {dag.py:4180} INFO - Setting next_dagrun for weather_ingestion to 2026-08-12 02:00:00+00:00, run_after=2026-08-12 03:00:00+00:00
[2026-08-12T02:53:28.886+0000] {processor.py:208} INFO - Processing /opt/airflow/dags/weather_dag.py took 0.353 seconds
[2026-08-12T02:53:59.243+0000] {processor.py:186} INFO - Started process (PID=41923) to work on /opt/airflow/dags/weather_dag.py
[2026-08-12T02:53:59.245+0000] {processor.py:914} INFO - Processing file /opt/airflow/dags/weather_dag.py for tasks to queue
[2026-08-12T02:53:59.248+0000] {logging_mixin.py:190} INFO - [2026-08-12T02:53:59.247+0000] {dagbag.py:588} INFO - Filling up the DagBag from /opt/airflow/dags/weather_dag.py
[2026-08-12T02:53:59.530+0000] {processor.py:925} INFO - DAG(s) 'weather_ingestion' retrieved from /opt/airflow/dags/weather_dag.py
[2026-08-12T02:53:59.540+0000] {logging_mixin.py:190} INFO - [2026-08-12T02:53:59.540+0000] {dag.py:3239} INFO - Sync 1 DAGs
[2026-08-12T02:53:59.549+0000] {logging_mixin.py:190} INFO - [2026-08-12T02:53:59.549+0000] {dag.py:4180} INFO - Setting next_dagrun for weather_ingestion to 2026-08-12 02:00:00+00:00, run_after=2026-08-12 03:00:00+00:00
[2026-08-12T02:53:59.556+0000] {processor.py:208} INFO - Processing /opt/airflow/dags/weather_dag.py took 0.320 seconds
[2026-08-12T02:54:29.599+0000] {processor.py:186} INFO - Started process (PID=41930) to work on /opt/airflow/dags/weather_dag.py
[2026-08-12T02:54:29.601+0000] {processor.py:914} INFO - Processing file /opt/airflow/dags/weather_dag.py for tasks to queue
[2026-08-12T02:54:29.604+0000] {logging_mixin.py:190} INFO - [2026-08-12T02:54:29.604+0000] {dagbag.py:588} INFO - Filling up the DagBag from /opt/airflow/dags/weather_dag.py
[2026-08-12T02:54:29.891+0000] {processor.py:925} INFO - DAG(s) 'weather_ingestion' retrieved from /opt/airflow/dags/weather_dag.py
[2026-08-12T02:54:29.901+0000] {logging_mixin.py:190} INFO - [2026-08-12T02:54:29.900+0000] {dag.py:3239} INFO - Sync 1 DAGs
[2026-08-12T02:54:29.908+0000] {logging_mixin.py:190} INFO - [2026-08-12T02:54:29.908+0000] {dag.py:4180} INFO - Setting next_dagrun for weather_ingestion to 2026-08-12 02:00:00+00:00, run_after=2026-08-12 03:00:00+00:00
[2026-08-12T02:54:29.914+0000] {processor.py:208} INFO - Processing /opt/airflow/dags/weather_dag.py took 0.322 seconds
[2026-08-12T02:55:00.282+0000] {processor.py:186} INFO - Started process (PID=41937) to work on /opt/airflow/dags/weather_dag.py
[2026-08-12T02:55:00.284+0000] {processor.py:914} INFO - Processing file /opt/airflow/dags/weather_dag.py for tasks to queue
[2026-08-12T02:55:00.294+0000] {logging_mixin.py:190} INFO - [2026-08-12T02:55:00.292+0000] {dagbag.py:588} INFO - Filling up the DagBag from /opt/airflow/dags/weather_dag.py
[2026-08-12T02:55:00.870+0000] {processor.py:925} INFO - DAG(s) 'weather_ingestion' retrieved from /opt/airflow/dags/weather_dag.py
[2026-08-12T02:55:00.883+0000] {logging_mixin.py:190} INFO - [2026-08-12T02:55:00.883+0000] {dag.py:3239} INFO - Sync 1 DAGs
[2026-08-12T02:55:00.893+0000] {logging_mixin.py:190} INFO - [2026-08-12T02:55:00.893+0000] {dag.py:4180} INFO - Setting next_dagrun for weather_ingestion to 2026-08-12 02:00:00+00:00, run_after=2026-08-12 03:00:00+00:00
[2026-08-12T02:55:00.900+0000] {processor.py:208} INFO - Processing /opt/airflow/dags/weather_dag.py took 0.632 seconds
[2026-08-12T02:55:31.247+0000] {processor.py:186} INFO - Started process (PID=41944) to work on /opt/airflow/dags/weather_dag.py
[2026-08-12T02:55:31.250+0000] {processor.py:914} INFO - Processing file /opt/airflow/dags/weather_dag.py for tasks to queue
[2026-08-12T02:55:31.253+0000] {logging_mixin.py:190} INFO - [2026-08-12T02:55:31.253+0000] {dagbag.py:588} INFO - Filling up the DagBag from /opt/airflow/dags/weather_dag.py
[2026-08-12T02:55:31.545+0000] {processor.py:925} INFO - DAG(s) 'weather_ingestion' retrieved from /opt/airflow/dags/weather_dag.py
[2026-08-12T02:55:31.555+0000] {logging_mixin.py:190} INFO - [2026-08-12T02:55:31.555+0000] {dag.py:3239} INFO - Sync 1 DAGs
[2026-08-12T02:55:31.563+0000] {logging_mixin.py:190} INFO - [2026-08-12T02:55:31.562+0000] {dag.py:4180} INFO - Setting next_dagrun for weather_ingestion to 2026-08-12 02:00:00+00:00, run_after=2026-08-12 03:00:00+00:00
[2026-08-12T02:55:31.569+0000] {processor.py:208} INFO - Processing /opt/airflow/dags/weather_dag.py took 0.331 seconds
[2026-08-12T02:56:01.881+0000] {processor.py:186} INFO - Started process (PID=41951) to work on /opt/airflow/dags/weather_dag.py
[2026-08-12T02:56:01.883+0000] {processor.py:914} INFO - Processing file /opt/airflow/dags/weather_dag.py for tasks to queue
[2026-08-12T02:56:01.887+0000] {logging_mixin.py:190} INFO - [2026-08-12T02:56:01.887+0000] {dagbag.py:588} INFO - Filling up the DagBag from /opt/airflow/dags/weather_dag.py
[2026-08-12T02:56:02.229+0000] {processor.py:925} INFO - DAG(s) 'weather_ingestion' retrieved from /opt/airflow/dags/weather_dag.py
[2026-08-12T02:56:02.238+0000] {logging_mixin.py:190} INFO - [2026-08-12T02:56:02.238+0000] {dag.py:3239} INFO - Sync 1 DAGs
[2026-08-12T02:56:02.247+0000] {logging_mixin.py:190} INFO - [2026-08-12T02:56:02.247+0000] {dag.py:4180} INFO - Setting next_dagrun for weather_ingestion to 2026-08-12 02:00:00+00:00, run_after=2026-08-12 03:00:00+00:00
[2026-08-12T02:56:02.253+0000] {processor.py:208} INFO - Processing /opt/airflow/dags/weather_dag.py took 0.381 seconds
[2026-08-12T02:56:32.579+0000] {processor.py:186} INFO - Started process (PID=41958) to work on /opt/airflow/dags/weather_dag.py
[2026-08-12T02:56:32.582+0000] {processor.py:914} INFO - Processing file /opt/airflow/dags/weather_dag.py for tasks to queue
[2026-08-12T02:56:32.585+0000] {logging_mixin.py:190} INFO - [2026-08-12T02:56:32.585+0000] {dagbag.py:588} INFO - Filling up the DagBag from /opt/airflow/dags/weather_dag.py
[2026-08-12T02:56:32.943+0000] {processor.py:925} INFO - DAG(s) 'weather_ingestion' retrieved from /opt/airflow/dags/weather_dag.py
[2026-08-12T02:56:32.957+0000] {logging_mixin.py:190} INFO - [2026-08-12T02:56:32.957+0000] {dag.py:3239} INFO - Sync 1 DAGs
[2026-08-12T02:56:32.969+0000] {logging_mixin.py:190} INFO - [2026-08-12T02:56:32.969+0000] {dag.py:4180} INFO - Setting next_dagrun for weather_ingestion to 2026-08-12 02:00:00+00:00, run_after=2026-08-12 03:00:00+00:00
[2026-08-12T02:56:32.975+0000] {processor.py:208} INFO - Processing /opt/airflow/dags/weather_dag.py took 0.404 seconds
[2026-08-12T02:57:03.360+0000] {processor.py:186} INFO - Started process (PID=41965) to work on /opt/airflow/dags/weather_dag.py
[2026-08-12T02:57:03.363+0000] {processor.py:914} INFO - Processing file /opt/airflow/dags/weather_dag.py for tasks to queue
[2026-08-12T02:57:03.366+0000] {logging_mixin.py:190} INFO - [2026-08-12T02:57:03.365+0000] {dagbag.py:588} INFO - Filling up the DagBag from /opt/airflow/dags/weather_dag.py
[2026-08-12T02:57:03.674+0000] {processor.py:925} INFO - DAG(s) 'weather_ingestion' retrieved from /opt/airflow/dags/weather_dag.py
[2026-08-12T02:57:03.685+0000] {logging_mixin.py:190} INFO - [2026-08-12T02:57:03.685+0000] {dag.py:3239} INFO - Sync 1 DAGs
[2026-08-12T02:57:03.694+0000] {logging_mixin.py:190} INFO - [2026-08-12T02:57:03.694+0000] {dag.py:4180} INFO - Setting next_dagrun for weather_ingestion to 2026-08-12 02:00:00+00:00, run_after=2026-08-12 03:00:00+00:00
[2026-08-12T02:57:03.700+0000] {processor.py:208} INFO - Processing /opt/airflow/dags/weather_dag.py took 0.348 seconds
[2026-08-12T02:57:33.749+0000] {processor.py:186} INFO - Started process (PID=41972) to work on /opt/airflow/dags/weather_dag.py
[2026-08-12T02:57:33.751+0000] {processor.py:914} INFO - Processing file /opt/airflow/dags/weather_dag.py for tasks to queue
[2026-08-12T02:57:33.754+0000] {logging_mixin.py:190} INFO - [2026-08-12T02:57:33.754+0000] {dagbag.py:588} INFO - Filling up the DagBag from /opt/airflow/dags/weather_dag.py
[2026-08-12T02:57:34.053+0000] {processor.py:925} INFO - DAG(s) 'weather_ingestion' retrieved from /opt/airflow/dags/weather_dag.py
[2026-08-12T02:57:34.063+0000] {logging_mixin.py:190} INFO - [2026-08-12T02:57:34.063+0000] {dag.py:3239} INFO - Sync 1 DAGs
[2026-08-12T02:57:34.072+0000] {logging_mixin.py:190} INFO - [2026-08-12T02:57:34.072+0000] {dag.py:4180} INFO - Setting next_dagrun for weather_ingestion to 2026-08-12 02:00:00+00:00, run_after=2026-08-12 03:00:00+00:00
[2026-08-12T02:57:34.078+0000] {processor.py:208} INFO - Processing /opt/airflow/dags/weather_dag.py took 0.336 seconds
[2026-08-12T02:58:04.392+0000] {processor.py:186} INFO - Started process (PID=41979) to work on /opt/airflow/dags/weather_dag.py
[2026-08-12T02:58:04.394+0000] {processor.py:914} INFO - Processing file /opt/airflow/dags/weather_dag.py for tasks to queue
[2026-08-12T02:58:04.397+0000] {logging_mixin.py:190} INFO - [2026-08-12T02:58:04.397+0000] {dagbag.py:588} INFO - Filling up the DagBag from /opt/airflow/dags/weather_dag.py
[2026-08-12T02:58:04.715+0000] {processor.py:925} INFO - DAG(s) 'weather_ingestion' retrieved from /opt/airflow/dags/weather_dag.py
[2026-08-12T02:58:04.726+0000] {logging_mixin.py:190} INFO - [2026-08-12T02:58:04.726+0000] {dag.py:3239} INFO - Sync 1 DAGs
[2026-08-12T02:58:04.735+0000] {logging_mixin.py:190} INFO - [2026-08-12T02:58:04.735+0000] {dag.py:4180} INFO - Setting next_dagrun for weather_ingestion to 2026-08-12 02:00:00+00:00, run_after=2026-08-12 03:00:00+00:00
[2026-08-12T02:58:04.741+0000] {processor.py:208} INFO - Processing /opt/airflow/dags/weather_dag.py took 0.356 seconds
[2026-08-12T02:58:35.052+0000] {processor.py:186} INFO - Started process (PID=41986) to work on /opt/airflow/dags/weather_dag.py
[2026-08-12T02:58:35.053+0000] {processor.py:914} INFO - Processing file /opt/airflow/dags/weather_dag.py for tasks to queue
[2026-08-12T02:58:35.057+0000] {logging_mixin.py:190} INFO - [2026-08-12T02:58:35.057+0000] {dagbag.py:588} INFO - Filling up the DagBag from /opt/airflow/dags/weather_dag.py
[2026-08-12T02:58:35.443+0000] {processor.py:925} INFO - DAG(s) 'weather_ingestion' retrieved from /opt/airflow/dags/weather_dag.py
[2026-08-12T02:58:35.455+0000] {logging_mixin.py:190} INFO - [2026-08-12T02:58:35.454+0000] {dag.py:3239} INFO - Sync 1 DAGs
[2026-08-12T02:58:35.465+0000] {logging_mixin.py:190} INFO - [2026-08-12T02:58:35.465+0000] {dag.py:4180} INFO - Setting next_dagrun for weather_ingestion to 2026-08-12 02:00:00+00:00, run_after=2026-08-12 03:00:00+00:00
[2026-08-12T02:58:35.472+0000] {processor.py:208} INFO - Processing /opt/airflow/dags/weather_dag.py took 0.431 seconds
[2026-08-12T02:59:05.841+0000] {processor.py:186} INFO - Started process (PID=41993) to work on /opt/airflow/dags/weather_dag.py
[2026-08-12T02:59:05.843+0000] {processor.py:914} INFO - Processing file /opt/airflow/dags/weather_dag.py for tasks to queue
[2026-08-12T02:59:05.846+0000] {logging_mixin.py:190} INFO - [2026-08-12T02:59:05.846+0000] {dagbag.py:588} INFO - Filling up the DagBag from /opt/airflow/dags/weather_dag.py
[2026-08-12T02:59:06.185+0000] {processor.py:925} INFO - DAG(s) 'weather_ingestion' retrieved from /opt/airflow/dags/weather_dag.py
[2026-08-12T02:59:06.197+0000] {logging_mixin.py:190} INFO - [2026-08-12T02:59:06.197+0000] {dag.py:3239} INFO - Sync 1 DAGs
[2026-08-12T02:59:06.208+0000] {logging_mixin.py:190} INFO - [2026-08-12T02:59:06.208+0000] {dag.py:4180} INFO - Setting next_dagrun for weather_ingestion to 2026-08-12 02:00:00+00:00, run_after=2026-08-12 03:00:00+00:00
[2026-08-12T02:59:06.215+0000] {processor.py:208} INFO - Processing /opt/airflow/dags/weather_dag.py took 0.382 seconds
[2026-08-12T02:59:36.522+0000] {processor.py:186} INFO - Started process (PID=42000) to work on /opt/airflow/dags/weather_dag.py
[2026-08-12T02:59:36.523+0000] {processor.py:914} INFO - Processing file /opt/airflow/dags/weather_dag.py for tasks to queue
[2026-08-12T02:59:36.525+0000] {logging_mixin.py:190} INFO - [2026-08-12T02:59:36.525+0000] {dagbag.py:588} INFO - Filling up the DagBag from /opt/airflow/dags/weather_dag.py
[2026-08-12T02:59:36.809+0000] {processor.py:925} INFO - DAG(s) 'weather_ingestion' retrieved from /opt/airflow/dags/weather_dag.py
[2026-08-12T02:59:36.818+0000] {logging_mixin.py:190} INFO - [2026-08-12T02:59:36.818+0000] {dag.py:3239} INFO - Sync 1 DAGs
[2026-08-12T02:59:36.827+0000] {logging_mixin.py:190} INFO - [2026-08-12T02:59:36.827+0000] {dag.py:4180} INFO - Setting next_dagrun for weather_ingestion to 2026-08-12 02:00:00+00:00, run_after=2026-08-12 03:00:00+00:00
[2026-08-12T02:59:36.833+0000] {processor.py:208} INFO - Processing /opt/airflow/dags/weather_dag.py took 0.319 seconds
[2026-08-12T03:00:07.142+0000] {processor.py:186} INFO - Started process (PID=42012) to work on /opt/airflow/dags/weather_dag.py
[2026-08-12T03:00:07.144+0000] {processor.py:914} INFO - Processing file /opt/airflow/dags/weather_dag.py for tasks to queue
[2026-08-12T03:00:07.147+0000] {logging_mixin.py:190} INFO - [2026-08-12T03:00:07.147+0000] {dagbag.py:588} INFO - Filling up the DagBag from /opt/airflow/dags/weather_dag.py
[2026-08-12T03:00:07.445+0000] {processor.py:925} INFO - DAG(s) 'weather_ingestion' retrieved from /opt/airflow/dags/weather_dag.py
[2026-08-12T03:00:07.456+0000] {logging_mixin.py:190} INFO - [2026-08-12T03:00:07.456+0000] {dag.py:3239} INFO - Sync 1 DAGs
[2026-08-12T03:00:07.464+0000] {logging_mixin.py:190} INFO - [2026-08-12T03:00:07.464+0000] {dag.py:4180} INFO - Setting next_dagrun for weather_ingestion to 2026-08-12 03:00:00+00:00, run_after=2026-08-12 04:00:00+00:00
[2026-08-12T03:00:07.470+0000] {processor.py:208} INFO - Processing /opt/airflow/dags/weather_dag.py took 0.337 seconds
[2026-08-12T03:00:37.540+0000] {processor.py:186} INFO - Started process (PID=42019) to work on /opt/airflow/dags/weather_dag.py
[2026-08-12T03:00:37.545+0000] {processor.py:914} INFO - Processing file /opt/airflow/dags/weather_dag.py for tasks to queue
[2026-08-12T03:00:37.553+0000] {logging_mixin.py:190} INFO - [2026-08-12T03:00:37.552+0000] {dagbag.py:588} INFO - Filling up the DagBag from /opt/airflow/dags/weather_dag.py
[2026-08-12T03:00:37.889+0000] {processor.py:925} INFO - DAG(s) 'weather_ingestion' retrieved from /opt/airflow/dags/weather_dag.py
[2026-08-12T03:00:37.899+0000] {logging_mixin.py:190} INFO - [2026-08-12T03:00:37.899+0000] {dag.py:3239} INFO - Sync 1 DAGs
[2026-08-12T03:00:37.907+0000] {logging_mixin.py:190} INFO - [2026-08-12T03:00:37.907+0000] {dag.py:4180} INFO - Setting next_dagrun for weather_ingestion to 2026-08-12 03:00:00+00:00, run_after=2026-08-12 04:00:00+00:00
[2026-08-12T03:00:37.913+0000] {processor.py:208} INFO - Processing /opt/airflow/dags/weather_dag.py took 0.379 seconds
[2026-08-12T03:01:08.178+0000] {processor.py:186} INFO - Started process (PID=42026) to work on /opt/airflow/dags/weather_dag.py
[2026-08-12T03:01:08.180+0000] {processor.py:914} INFO - Processing file /opt/airflow/dags/weather_dag.py for tasks to queue
[2026-08-12T03:01:08.183+0000] {logging_mixin.py:190} INFO - [2026-08-12T03:01:08.183+0000] {dagbag.py:588} INFO - Filling up the DagBag from /opt/airflow/dags/weather_dag.py
[2026-08-12T03:01:08.500+0000] {processor.py:925} INFO - DAG(s) 'weather_ingestion' retrieved from /opt/airflow/dags/weather_dag.py
[2026-08-12T03:01:08.509+0000] {logging_mixin.py:190} INFO - [2026-08-12T03:01:08.509+0000] {dag.py:3239} INFO - Sync 1 DAGs
[2026-08-12T03:01:08.517+0000] {logging_mixin.py:190} INFO - [2026-08-12T03:01:08.517+0000] {dag.py:4180} INFO - Setting next_dagrun for weather_ingestion to 2026-08-12 03:00:00+00:00, run_after=2026-08-12 04:00:00+00:00
[2026-08-12T03:01:08.523+0000] {processor.py:208} INFO - Processing /opt/airflow/dags/weather_dag.py took 0.351 seconds
[2026-08-12T03:01:38.905+0000] {processor.py:186} INFO - Started process (PID=42033) to work on /opt/airflow/dags/weather_dag.py
[2026-08-12T03:01:38.906+0000] {processor.py:914} INFO - Processing file /opt/airflow/dags/weather_dag.py for tasks to queue
[2026-08-12T03:01:38.910+0000] {logging_mixin.py:190} INFO - [2026-08-12T03:01:38.909+0000] {dagbag.py:588} INFO - Filling up the DagBag from /opt/airflow/dags/weather_dag.py
[2026-08-12T03:01:39.225+0000] {processor.py:925} INFO - DAG(s) 'weather_ingestion' retrieved from /opt/airflow/dags/weather_dag.py
[2026-08-12T03:01:39.234+0000] {logging_mixin.py:190} INFO - [2026-08-12T03:01:39.234+0000] {dag.py:3239} INFO - Sync 1 DAGs
[2026-08-12T03:01:39.243+0000] {logging_mixin.py:190} INFO - [2026-08-12T03:01:39.243+0000] {dag.py:4180} INFO - Setting next_dagrun for weather_ingestion to 2026-08-12 03:00:00+00:00, run_after=2026-08-12 04:00:00+00:00
[2026-08-12T03:01:39.249+0000] {processor.py:208} INFO - Processing /opt/airflow/dags/weather_dag.py took 0.350 seconds
[2026-08-12T03:02:09.684+0000] {processor.py:186} INFO - Started process (PID=42040) to work on /opt/airflow/dags/weather_dag.py
[2026-08-12T03:02:09.686+0000] {processor.py:914} INFO - Processing file /opt/airflow/dags/weather_dag.py for tasks to queue
[2026-08-12T03:02:09.688+0000] {logging_mixin.py:190} INFO - [2026-08-12T03:02:09.688+0000] {dagbag.py:588} INFO - Filling up the DagBag from /opt/airflow/dags/weather_dag.py
[2026-08-12T03:02:09.984+0000] {processor.py:925} INFO - DAG(s) 'weather_ingestion' retrieved from /opt/airflow/dags/weather_dag.py
[2026-08-12T03:02:10.023+0000] {logging_mixin.py:190} INFO - [2026-08-12T03:02:10.023+0000] {dag.py:3239} INFO - Sync 1 DAGs
[2026-08-12T03:02:10.035+0000] {logging_mixin.py:190} INFO - [2026-08-12T03:02:10.035+0000] {dag.py:4180} INFO - Setting next_dagrun for weather_ingestion to 2026-08-12 03:00:00+00:00, run_after=2026-08-12 04:00:00+00:00
[2026-08-12T03:02:10.041+0000] {processor.py:208} INFO - Processing /opt/airflow/dags/weather_dag.py took 0.364 seconds
[2026-08-12T03:02:40.483+0000] {processor.py:186} INFO - Started process (PID=42047) to work on /opt/airflow/dags/weather_dag.py
[2026-08-12T03:02:40.485+0000] {processor.py:914} INFO - Processing file /opt/airflow/dags/weather_dag.py for tasks to queue
[2026-08-12T03:02:40.488+0000] {logging_mixin.py:190} INFO - [2026-08-12T03:02:40.488+0000] {dagbag.py:588} INFO - Filling up the DagBag from /opt/airflow/dags/weather_dag.py
[2026-08-12T03:02:40.803+0000] {processor.py:925} INFO - DAG(s) 'weather_ingestion' retrieved from /opt/airflow/dags/weather_dag.py
[2026-08-12T03:02:40.814+0000] {logging_mixin.py:190} INFO - [2026-08-12T03:02:40.814+0000] {dag.py:3239} INFO - Sync 1 DAGs
[2026-08-12T03:02:40.840+0000] {logging_mixin.py:190} INFO - [2026-08-12T03:02:40.840+0000] {dag.py:4180} INFO - Setting next_dagrun for weather_ingestion to 2026-08-12 03:00:00+00:00, run_after=2026-08-12 04:00:00+00:00
[2026-08-12T03:02:40.854+0000] {processor.py:208} INFO - Processing /opt/airflow/dags/weather_dag.py took 0.381 seconds
[2026-08-12T03:03:11.217+0000] {processor.py:186} INFO - Started process (PID=42054) to work on /opt/airflow/dags/weather_dag.py
[2026-08-12T03:03:11.219+0000] {processor.py:914} INFO - Processing file /opt/airflow/dags/weather_dag.py for tasks to queue
[2026-08-12T03:03:11.222+0000] {logging_mixin.py:190} INFO - [2026-08-12T03:03:11.221+0000] {dagbag.py:588} INFO - Filling up the DagBag from /opt/airflow/dags/weather_dag.py
[2026-08-12T03:03:11.516+0000] {processor.py:925} INFO - DAG(s) 'weather_ingestion' retrieved from /opt/airflow/dags/weather_dag.py
[2026-08-12T03:03:11.525+0000] {logging_mixin.py:190} INFO - [2026-08-12T03:03:11.525+0000] {dag.py:3239} INFO - Sync 1 DAGs
[2026-08-12T03:03:11.534+0000] {logging_mixin.py:190} INFO - [2026-08-12T03:03:11.534+0000] {dag.py:4180} INFO - Setting next_dagrun for weather_ingestion to 2026-08-12 03:00:00+00:00, run_after=2026-08-12 04:00:00+00:00
[2026-08-12T03:03:11.540+0000] {processor.py:208} INFO - Processing /opt/airflow/dags/weather_dag.py took 0.331 seconds
[2026-08-12T03:03:41.860+0000] {processor.py:186} INFO - Started process (PID=42061) to work on /opt/airflow/dags/weather_dag.py
[2026-08-12T03:03:41.862+0000] {processor.py:914} INFO - Processing file /opt/airflow/dags/weather_dag.py for tasks to queue
[2026-08-12T03:03:41.865+0000] {logging_mixin.py:190} INFO - [2026-08-12T03:03:41.865+0000] {dagbag.py:588} INFO - Filling up the DagBag from /opt/airflow/dags/weather_dag.py
[2026-08-12T03:03:42.184+0000] {processor.py:925} INFO - DAG(s) 'weather_ingestion' retrieved from /opt/airflow/dags/weather_dag.py
[2026-08-12T03:03:42.195+0000] {logging_mixin.py:190} INFO - [2026-08-12T03:03:42.195+0000] {dag.py:3239} INFO - Sync 1 DAGs
[2026-08-12T03:03:42.204+0000] {logging_mixin.py:190} INFO - [2026-08-12T03:03:42.204+0000] {dag.py:4180} INFO - Setting next_dagrun for weather_ingestion to 2026-08-12 03:00:00+00:00, run_after=2026-08-12 04:00:00+00:00
[2026-08-12T03:03:42.210+0000] {processor.py:208} INFO - Processing /opt/airflow/dags/weather_dag.py took 0.356 seconds
[2026-08-12T03:04:12.327+0000] {processor.py:186} INFO - Started process (PID=42068) to work on /opt/airflow/dags/weather_dag.py
[2026-08-12T03:04:12.330+0000] {processor.py:914} INFO - Processing file /opt/airflow/dags/weather_dag.py for tasks to queue
[2026-08-12T03:04:12.336+0000] {logging_mixin.py:190} INFO - [2026-08-12T03:04:12.335+0000] {dagbag.py:588} INFO - Filling up the DagBag from /opt/airflow/dags/weather_dag.py
[2026-08-12T03:04:12.899+0000] {processor.py:925} INFO - DAG(s) 'weather_ingestion' retrieved from /opt/airflow/dags/weather_dag.py
[2026-08-12T03:04:12.912+0000] {logging_mixin.py:190} INFO - [2026-08-12T03:04:12.912+0000] {dag.py:3239} INFO - Sync 1 DAGs
[2026-08-12T03:04:12.923+0000] {logging_mixin.py:190} INFO - [2026-08-12T03:04:12.923+0000] {dag.py:4180} INFO - Setting next_dagrun for weather_ingestion to 2026-08-12 03:00:00+00:00, run_after=2026-08-12 04:00:00+00:00
[2026-08-12T03:04:12.931+0000] {processor.py:208} INFO - Processing /opt/airflow/dags/weather_dag.py took 0.622 seconds
