[2026-08-14T00:12:10.406+0000] {processor.py:186} INFO - Started process (PID=11280) to work on /opt/airflow/dags/weather_dag.py
[2026-08-14T00:12:10.408+0000] {processor.py:914} INFO - Processing file /opt/airflow/dags/weather_dag.py for tasks to queue
[2026-08-14T00:12:10.414+0000] {logging_mixin.py:190} INFO - [2026-08-14T00:12:10.413+0000] {dagbag.py:588} INFO - Filling up the DagBag from /opt/airflow/dags/weather_dag.py
[2026-08-14T00:12:10.435+0000] {processor.py:925} INFO - DAG(s) 'weather_ingestion' retrieved from /opt/airflow/dags/weather_dag.py
[2026-08-14T00:12:10.465+0000] {logging_mixin.py:190} INFO - [2026-08-14T00:12:10.465+0000] {dag.py:3239} INFO - Sync 1 DAGs
[2026-08-14T00:12:10.485+0000] {logging_mixin.py:190} INFO - [2026-08-14T00:12:10.485+0000] {dag.py:4180} INFO - Setting next_dagrun for weather_ingestion to 2026-08-13 23:00:00+00:00, run_after=2026-08-14 00:00:00+00:00
[2026-08-14T00:12:10.495+0000] {processor.py:208} INFO - Processing /opt/airflow/dags/weather_dag.py took 0.095 seconds
[2026-08-14T00:12:40.834+0000] {processor.py:186} INFO - Started process (PID=11290) to work on /opt/airflow/dags/weather_dag.py
[2026-08-14T00:12:40.836+0000] {processor.py:914} INFO - Processing file /opt/airflow/dags/weather_dag.py for tasks to queue
[2026-08-14T00:12:40.841+0000] {logging_mixin.py:190} INFO - [2026-08-14T00:12:40.841+0000] {dagbag.py:588} INFO - Filling up the DagBag from /opt/airflow/dags/weather_dag.py
[2026-08-14T00:12:40.863+0000] {processor.py:925} INFO - DAG(s) 'weather_ingestion' retrieved from /opt/airflow/dags/weather_dag.py
[2026-08-14T00:12:40.890+0000] {logging_mixin.py:190} INFO - [2026-08-14T00:12:40.890+0000] {dag.py:3239} INFO - Sync 1 DAGs
[2026-08-14T00:12:40.908+0000] {logging_mixin.py:190} INFO - [2026-08-14T00:12:40.908+0000] {dag.py:4180} INFO - Setting next_dagrun for weather_ingestion to 2026-08-14 00:00:00+00:00, run_after=2026-08-14 01:00:00+00:00
[2026-08-14T00:12:40.917+0000] {processor.py:208} INFO - Processing /opt/airflow/dags/weather_dag.py took 0.096 seconds
[2026-08-14T00:13:11.205+0000] {processor.py:186} INFO - Started process (PID=11295) to work on /opt/airflow/dags/weather_dag.py
[2026-08-14T00:13:11.206+0000] {processor.py:914} INFO - Processing file /opt/airflow/dags/weather_dag.py for tasks to queue
[2026-08-14T00:13:11.208+0000] {logging_mixin.py:190} INFO - [2026-08-14T00:13:11.208+0000] {dagbag.py:588} INFO - Filling up the DagBag from /opt/airflow/dags/weather_dag.py
[2026-08-14T00:13:11.222+0000] {processor.py:925} INFO - DAG(s) 'weather_ingestion' retrieved from /opt/airflow/dags/weather_dag.py
[2026-08-14T00:13:11.251+0000] {logging_mixin.py:190} INFO - [2026-08-14T00:13:11.251+0000] {dag.py:3239} INFO - Sync 1 DAGs
[2026-08-14T00:13:11.263+0000] {logging_mixin.py:190} INFO - [2026-08-14T00:13:11.263+0000] {dag.py:4180} INFO - Setting next_dagrun for weather_ingestion to 2026-08-14 00:00:00+00:00, run_after=2026-08-14 01:00:00+00:00
[2026-08-14T00:13:11.271+0000] {processor.py:208} INFO - Processing /opt/airflow/dags/weather_dag.py took 0.073 seconds
[2026-08-14T00:13:41.562+0000] {processor.py:186} INFO - Started process (PID=11300) to work on /opt/airflow/dags/weather_dag.py
[2026-08-14T00:13:41.564+0000] {processor.py:914} INFO - Processing file /opt/airflow/dags/weather_dag.py for tasks to queue
[2026-08-14T00:13:41.566+0000] {logging_mixin.py:190} INFO - [2026-08-14T00:13:41.565+0000] {dagbag.py:588} INFO - Filling up the DagBag from /opt/airflow/dags/weather_dag.py
[2026-08-14T00:13:41.576+0000] {processor.py:925} INFO - DAG(s) 'weather_ingestion' retrieved from /opt/airflow/dags/weather_dag.py
[2026-08-14T00:13:41.595+0000] {logging_mixin.py:190} INFO - [2026-08-14T00:13:41.595+0000] {dag.py:3239} INFO - Sync 1 DAGs
[2026-08-14T00:13:41.605+0000] {logging_mixin.py:190} INFO - [2026-08-14T00:13:41.605+0000] {dag.py:4180} INFO - Setting next_dagrun for weather_ingestion to 2026-08-14 00:00:00+00:00, run_after=2026-08-14 01:00:00+00:00
[2026-08-14T00:13:41.612+0000] {processor.py:208} INFO - Processing /opt/airflow/dags/weather_dag.py took 0.056 seconds
[2026-08-14T00:29:34.293+0000] {processor.py:186} INFO - Started process (PID=11305) to work on /opt/airflow/dags/weather_dag.py
[2026-08-14T00:29:34.301+0000] {processor.py:914} INFO - Processing file /opt/airflow/dags/weather_dag.py for tasks to queue
[2026-08-14T00:29:34.318+0000] {logging_mixin.py:190} INFO - [2026-08-14T00:29:34.316+0000] {dagbag.py:588} INFO - Filling up the DagBag from /opt/airflow/dags/weather_dag.py
[2026-08-14T00:29:34.386+0000] {processor.py:925} INFO - DAG(s) 'weather_ingestion' retrieved from /opt/airflow/dags/weather_dag.py
[2026-08-14T00:29:34.516+0000] {logging_mixin.py:190} INFO - [2026-08-14T00:29:34.516+0000] {dag.py:3239} INFO - Sync 1 DAGs
[2026-08-14T00:29:34.651+0000] {logging_mixin.py:190} INFO - [2026-08-14T00:29:34.651+0000] {dag.py:4180} INFO - Setting next_dagrun for weather_ingestion to 2026-08-14 00:00:00+00:00, run_after=2026-08-14 01:00:00+00:00
[2026-08-14T00:29:34.749+0000] {processor.py:208} INFO - Processing /opt/airflow/dags/weather_dag.py took 0.528 seconds
[2026-08-14T00:30:05.183+0000] {processor.py:186} INFO - Started process (PID=11315) to work on /opt/airflow/dags/weather_dag.py
[2026-08-14T00:30:05.185+0000] {processor.py:914} INFO - Processing file /opt/airflow/dags/weather_dag.py for tasks to queue
[2026-08-14T00:30:05.194+0000] {logging_mixin.py:190} INFO - [2026-08-14T00:30:05.193+0000] {dagbag.py:588} INFO - Filling up the DagBag from /opt/airflow/dags/weather_dag.py
[2026-08-14T00:30:05.219+0000] {processor.py:925} INFO - DAG(s) 'weather_ingestion' retrieved from /opt/airflow/dags/weather_dag.py
[2026-08-14T00:30:05.267+0000] {logging_mixin.py:190} INFO - [2026-08-14T00:30:05.267+0000] {dag.py:3239} INFO - Sync 1 DAGs
[2026-08-14T00:30:05.294+0000] {logging_mixin.py:190} INFO - [2026-08-14T00:30:05.294+0000] {dag.py:4180} INFO - Setting next_dagrun for weather_ingestion to 2026-08-14 00:00:00+00:00, run_after=2026-08-14 01:00:00+00:00
[2026-08-14T00:30:05.320+0000] {processor.py:208} INFO - Processing /opt/airflow/dags/weather_dag.py took 0.151 seconds
[2026-08-14T00:30:35.589+0000] {processor.py:186} INFO - Started process (PID=11320) to work on /opt/airflow/dags/weather_dag.py
[2026-08-14T00:30:35.592+0000] {processor.py:914} INFO - Processing file /opt/airflow/dags/weather_dag.py for tasks to queue
[2026-08-14T00:30:35.595+0000] {logging_mixin.py:190} INFO - [2026-08-14T00:30:35.594+0000] {dagbag.py:588} INFO - Filling up the DagBag from /opt/airflow/dags/weather_dag.py
[2026-08-14T00:30:35.605+0000] {processor.py:925} INFO - DAG(s) 'weather_ingestion' retrieved from /opt/airflow/dags/weather_dag.py
[2026-08-14T00:30:35.624+0000] {logging_mixin.py:190} INFO - [2026-08-14T00:30:35.624+0000] {dag.py:3239} INFO - Sync 1 DAGs
[2026-08-14T00:30:35.635+0000] {logging_mixin.py:190} INFO - [2026-08-14T00:30:35.635+0000] {dag.py:4180} INFO - Setting next_dagrun for weather_ingestion to 2026-08-14 00:00:00+00:00, run_after=2026-08-14 01:00:00+00:00
[2026-08-14T00:30:35.642+0000] {processor.py:208} INFO - Processing /opt/airflow/dags/weather_dag.py took 0.063 seconds
[2026-08-14T00:31:06.023+0000] {processor.py:186} INFO - Started process (PID=11325) to work on /opt/airflow/dags/weather_dag.py
[2026-08-14T00:31:06.025+0000] {processor.py:914} INFO - Processing file /opt/airflow/dags/weather_dag.py for tasks to queue
[2026-08-14T00:31:06.029+0000] {logging_mixin.py:190} INFO - [2026-08-14T00:31:06.029+0000] {dagbag.py:588} INFO - Filling up the DagBag from /opt/airflow/dags/weather_dag.py
[2026-08-14T00:31:06.045+0000] {processor.py:925} INFO - DAG(s) 'weather_ingestion' retrieved from /opt/airflow/dags/weather_dag.py
[2026-08-14T00:31:06.068+0000] {logging_mixin.py:190} INFO - [2026-08-14T00:31:06.068+0000] {dag.py:3239} INFO - Sync 1 DAGs
[2026-08-14T00:31:06.083+0000] {logging_mixin.py:190} INFO - [2026-08-14T00:31:06.083+0000] {dag.py:4180} INFO - Setting next_dagrun for weather_ingestion to 2026-08-14 00:00:00+00:00, run_after=2026-08-14 01:00:00+00:00
[2026-08-14T00:31:06.092+0000] {processor.py:208} INFO - Processing /opt/airflow/dags/weather_dag.py took 0.079 seconds
[2026-08-14T00:31:36.364+0000] {processor.py:186} INFO - Started process (PID=11330) to work on /opt/airflow/dags/weather_dag.py
[2026-08-14T00:31:36.369+0000] {processor.py:914} INFO - Processing file /opt/airflow/dags/weather_dag.py for tasks to queue
[2026-08-14T00:31:36.372+0000] {logging_mixin.py:190} INFO - [2026-08-14T00:31:36.371+0000] {dagbag.py:588} INFO - Filling up the DagBag from /opt/airflow/dags/weather_dag.py
[2026-08-14T00:31:36.379+0000] {processor.py:925} INFO - DAG(s) 'weather_ingestion' retrieved from /opt/airflow/dags/weather_dag.py
[2026-08-14T00:31:36.395+0000] {logging_mixin.py:190} INFO - [2026-08-14T00:31:36.395+0000] {dag.py:3239} INFO - Sync 1 DAGs
[2026-08-14T00:31:36.408+0000] {logging_mixin.py:190} INFO - [2026-08-14T00:31:36.408+0000] {dag.py:4180} INFO - Setting next_dagrun for weather_ingestion to 2026-08-14 00:00:00+00:00, run_after=2026-08-14 01:00:00+00:00
[2026-08-14T00:31:36.416+0000] {processor.py:208} INFO - Processing /opt/airflow/dags/weather_dag.py took 0.058 seconds
[2026-08-14T00:49:39.837+0000] {processor.py:186} INFO - Started process (PID=11588) to work on /opt/airflow/dags/weather_dag.py
[2026-08-14T00:49:39.977+0000] {processor.py:914} INFO - Processing file /opt/airflow/dags/weather_dag.py for tasks to queue
[2026-08-14T00:49:40.016+0000] {logging_mixin.py:190} INFO - [2026-08-14T00:49:40.000+0000] {dagbag.py:588} INFO - Filling up the DagBag from /opt/airflow/dags/weather_dag.py
[2026-08-14T00:49:40.423+0000] {processor.py:925} INFO - DAG(s) 'weather_ingestion' retrieved from /opt/airflow/dags/weather_dag.py
[2026-08-14T00:49:40.623+0000] {logging_mixin.py:190} INFO - [2026-08-14T00:49:40.622+0000] {dag.py:3239} INFO - Sync 1 DAGs
[2026-08-14T00:49:40.698+0000] {logging_mixin.py:190} INFO - [2026-08-14T00:49:40.697+0000] {dag.py:4180} INFO - Setting next_dagrun for weather_ingestion to 2026-08-14 00:00:00+00:00, run_after=2026-08-14 01:00:00+00:00
[2026-08-14T00:49:40.742+0000] {processor.py:208} INFO - Processing /opt/airflow/dags/weather_dag.py took 1.005 seconds
[2026-08-14T00:50:10.906+0000] {processor.py:186} INFO - Started process (PID=11596) to work on /opt/airflow/dags/weather_dag.py
[2026-08-14T00:50:10.911+0000] {processor.py:914} INFO - Processing file /opt/airflow/dags/weather_dag.py for tasks to queue
[2026-08-14T00:50:10.915+0000] {logging_mixin.py:190} INFO - [2026-08-14T00:50:10.915+0000] {dagbag.py:588} INFO - Filling up the DagBag from /opt/airflow/dags/weather_dag.py
[2026-08-14T00:50:10.935+0000] {processor.py:925} INFO - DAG(s) 'weather_ingestion' retrieved from /opt/airflow/dags/weather_dag.py
[2026-08-14T00:50:10.952+0000] {logging_mixin.py:190} INFO - [2026-08-14T00:50:10.952+0000] {taskinstance.py:3313} ERROR - {'DAG Id': 'weather_ingestion', 'Task Id': 'transform_weather', 'Run Id': 'scheduled__2026-08-13T23:00:00+00:00', 'Hostname': 'e3cd9dc09b95'}
[2026-08-14T00:50:10.970+0000] {logging_mixin.py:190} INFO - [2026-08-14T00:50:10.970+0000] {taskinstance.py:1225} INFO - Marking task as UP_FOR_RETRY. dag_id=weather_ingestion, task_id=transform_weather, run_id=scheduled__2026-08-13T23:00:00+00:00, execution_date=20260813T230000, start_date=20260814T003156, end_date=20260814T005010
[2026-08-14T00:50:10.978+0000] {logging_mixin.py:190} INFO - [2026-08-14T00:50:10.978+0000] {processor.py:876} INFO - Executed callback for <TaskInstance: weather_ingestion.transform_weather scheduled__2026-08-13T23:00:00+00:00 [up_for_retry]> in state up_for_retry
[2026-08-14T00:50:10.991+0000] {logging_mixin.py:190} INFO - [2026-08-14T00:50:10.991+0000] {dag.py:3239} INFO - Sync 1 DAGs
[2026-08-14T00:50:10.999+0000] {logging_mixin.py:190} INFO - [2026-08-14T00:50:10.999+0000] {dag.py:4180} INFO - Setting next_dagrun for weather_ingestion to 2026-08-14 00:00:00+00:00, run_after=2026-08-14 01:00:00+00:00
[2026-08-14T00:50:11.005+0000] {processor.py:208} INFO - Processing /opt/airflow/dags/weather_dag.py took 0.126 seconds
[2026-08-14T00:50:41.295+0000] {processor.py:186} INFO - Started process (PID=11699) to work on /opt/airflow/dags/weather_dag.py
[2026-08-14T00:50:41.298+0000] {processor.py:914} INFO - Processing file /opt/airflow/dags/weather_dag.py for tasks to queue
[2026-08-14T00:50:41.303+0000] {logging_mixin.py:190} INFO - [2026-08-14T00:50:41.302+0000] {dagbag.py:588} INFO - Filling up the DagBag from /opt/airflow/dags/weather_dag.py
[2026-08-14T00:50:41.322+0000] {processor.py:925} INFO - DAG(s) 'weather_ingestion' retrieved from /opt/airflow/dags/weather_dag.py
[2026-08-14T00:50:41.348+0000] {logging_mixin.py:190} INFO - [2026-08-14T00:50:41.348+0000] {dag.py:3239} INFO - Sync 1 DAGs
[2026-08-14T00:50:41.365+0000] {logging_mixin.py:190} INFO - [2026-08-14T00:50:41.365+0000] {dag.py:4180} INFO - Setting next_dagrun for weather_ingestion to 2026-08-14 00:00:00+00:00, run_after=2026-08-14 01:00:00+00:00
[2026-08-14T00:50:41.373+0000] {processor.py:208} INFO - Processing /opt/airflow/dags/weather_dag.py took 0.090 seconds
[2026-08-14T00:51:11.636+0000] {processor.py:186} INFO - Started process (PID=11704) to work on /opt/airflow/dags/weather_dag.py
[2026-08-14T00:51:11.638+0000] {processor.py:914} INFO - Processing file /opt/airflow/dags/weather_dag.py for tasks to queue
[2026-08-14T00:51:11.640+0000] {logging_mixin.py:190} INFO - [2026-08-14T00:51:11.640+0000] {dagbag.py:588} INFO - Filling up the DagBag from /opt/airflow/dags/weather_dag.py
[2026-08-14T00:51:11.649+0000] {processor.py:925} INFO - DAG(s) 'weather_ingestion' retrieved from /opt/airflow/dags/weather_dag.py
[2026-08-14T00:51:11.666+0000] {logging_mixin.py:190} INFO - [2026-08-14T00:51:11.666+0000] {dag.py:3239} INFO - Sync 1 DAGs
[2026-08-14T00:51:11.680+0000] {logging_mixin.py:190} INFO - [2026-08-14T00:51:11.680+0000] {dag.py:4180} INFO - Setting next_dagrun for weather_ingestion to 2026-08-14 00:00:00+00:00, run_after=2026-08-14 01:00:00+00:00
[2026-08-14T00:51:11.689+0000] {processor.py:208} INFO - Processing /opt/airflow/dags/weather_dag.py took 0.059 seconds
[2026-08-14T00:51:42.029+0000] {processor.py:186} INFO - Started process (PID=11709) to work on /opt/airflow/dags/weather_dag.py
[2026-08-14T00:51:42.030+0000] {processor.py:914} INFO - Processing file /opt/airflow/dags/weather_dag.py for tasks to queue
[2026-08-14T00:51:42.034+0000] {logging_mixin.py:190} INFO - [2026-08-14T00:51:42.033+0000] {dagbag.py:588} INFO - Filling up the DagBag from /opt/airflow/dags/weather_dag.py
[2026-08-14T00:51:42.048+0000] {processor.py:925} INFO - DAG(s) 'weather_ingestion' retrieved from /opt/airflow/dags/weather_dag.py
[2026-08-14T00:51:42.071+0000] {logging_mixin.py:190} INFO - [2026-08-14T00:51:42.071+0000] {dag.py:3239} INFO - Sync 1 DAGs
[2026-08-14T00:51:42.090+0000] {logging_mixin.py:190} INFO - [2026-08-14T00:51:42.089+0000] {dag.py:4180} INFO - Setting next_dagrun for weather_ingestion to 2026-08-14 00:00:00+00:00, run_after=2026-08-14 01:00:00+00:00
[2026-08-14T00:51:42.100+0000] {processor.py:208} INFO - Processing /opt/airflow/dags/weather_dag.py took 0.079 seconds
[2026-08-14T00:53:54.317+0000] {processor.py:186} INFO - Started process (PID=11715) to work on /opt/airflow/dags/weather_dag.py
[2026-08-14T00:53:54.318+0000] {processor.py:914} INFO - Processing file /opt/airflow/dags/weather_dag.py for tasks to queue
[2026-08-14T00:53:54.320+0000] {logging_mixin.py:190} INFO - [2026-08-14T00:53:54.320+0000] {dagbag.py:588} INFO - Filling up the DagBag from /opt/airflow/dags/weather_dag.py
[2026-08-14T00:53:54.330+0000] {processor.py:925} INFO - DAG(s) 'weather_ingestion' retrieved from /opt/airflow/dags/weather_dag.py
[2026-08-14T00:53:54.362+0000] {logging_mixin.py:190} INFO - [2026-08-14T00:53:54.362+0000] {dag.py:3239} INFO - Sync 1 DAGs
[2026-08-14T00:53:54.380+0000] {logging_mixin.py:190} INFO - [2026-08-14T00:53:54.380+0000] {dag.py:4180} INFO - Setting next_dagrun for weather_ingestion to 2026-08-14 00:00:00+00:00, run_after=2026-08-14 01:00:00+00:00
[2026-08-14T00:53:54.395+0000] {processor.py:208} INFO - Processing /opt/airflow/dags/weather_dag.py took 0.086 seconds
[2026-08-14T00:54:24.583+0000] {processor.py:186} INFO - Started process (PID=12083) to work on /opt/airflow/dags/weather_dag.py
[2026-08-14T00:54:24.585+0000] {processor.py:914} INFO - Processing file /opt/airflow/dags/weather_dag.py for tasks to queue
[2026-08-14T00:54:24.588+0000] {logging_mixin.py:190} INFO - [2026-08-14T00:54:24.588+0000] {dagbag.py:588} INFO - Filling up the DagBag from /opt/airflow/dags/weather_dag.py
[2026-08-14T00:54:24.676+0000] {processor.py:925} INFO - DAG(s) 'weather_ingestion' retrieved from /opt/airflow/dags/weather_dag.py
[2026-08-14T00:54:24.703+0000] {logging_mixin.py:190} INFO - [2026-08-14T00:54:24.703+0000] {dag.py:3239} INFO - Sync 1 DAGs
[2026-08-14T00:54:24.720+0000] {logging_mixin.py:190} INFO - [2026-08-14T00:54:24.720+0000] {dag.py:4180} INFO - Setting next_dagrun for weather_ingestion to 2026-08-14 00:00:00+00:00, run_after=2026-08-14 01:00:00+00:00
[2026-08-14T00:54:24.729+0000] {processor.py:208} INFO - Processing /opt/airflow/dags/weather_dag.py took 0.155 seconds
[2026-08-14T00:54:55.040+0000] {processor.py:186} INFO - Started process (PID=12129) to work on /opt/airflow/dags/weather_dag.py
[2026-08-14T00:54:55.042+0000] {processor.py:914} INFO - Processing file /opt/airflow/dags/weather_dag.py for tasks to queue
[2026-08-14T00:54:55.046+0000] {logging_mixin.py:190} INFO - [2026-08-14T00:54:55.045+0000] {dagbag.py:588} INFO - Filling up the DagBag from /opt/airflow/dags/weather_dag.py
[2026-08-14T00:54:55.061+0000] {processor.py:925} INFO - DAG(s) 'weather_ingestion' retrieved from /opt/airflow/dags/weather_dag.py
[2026-08-14T00:54:55.082+0000] {logging_mixin.py:190} INFO - [2026-08-14T00:54:55.082+0000] {dag.py:3239} INFO - Sync 1 DAGs
[2026-08-14T00:54:55.096+0000] {logging_mixin.py:190} INFO - [2026-08-14T00:54:55.096+0000] {dag.py:4180} INFO - Setting next_dagrun for weather_ingestion to 2026-08-14 00:00:00+00:00, run_after=2026-08-14 01:00:00+00:00
[2026-08-14T00:54:55.104+0000] {processor.py:208} INFO - Processing /opt/airflow/dags/weather_dag.py took 0.070 seconds
[2026-08-14T00:55:25.456+0000] {processor.py:186} INFO - Started process (PID=12134) to work on /opt/airflow/dags/weather_dag.py
[2026-08-14T00:55:25.459+0000] {processor.py:914} INFO - Processing file /opt/airflow/dags/weather_dag.py for tasks to queue
[2026-08-14T00:55:25.464+0000] {logging_mixin.py:190} INFO - [2026-08-14T00:55:25.463+0000] {dagbag.py:588} INFO - Filling up the DagBag from /opt/airflow/dags/weather_dag.py
[2026-08-14T00:55:25.480+0000] {processor.py:925} INFO - DAG(s) 'weather_ingestion' retrieved from /opt/airflow/dags/weather_dag.py
[2026-08-14T00:55:25.504+0000] {logging_mixin.py:190} INFO - [2026-08-14T00:55:25.504+0000] {dag.py:3239} INFO - Sync 1 DAGs
[2026-08-14T00:55:25.519+0000] {logging_mixin.py:190} INFO - [2026-08-14T00:55:25.518+0000] {dag.py:4180} INFO - Setting next_dagrun for weather_ingestion to 2026-08-14 00:00:00+00:00, run_after=2026-08-14 01:00:00+00:00
[2026-08-14T00:55:25.526+0000] {processor.py:208} INFO - Processing /opt/airflow/dags/weather_dag.py took 0.082 seconds
[2026-08-14T00:55:55.862+0000] {processor.py:186} INFO - Started process (PID=12139) to work on /opt/airflow/dags/weather_dag.py
[2026-08-14T00:55:55.864+0000] {processor.py:914} INFO - Processing file /opt/airflow/dags/weather_dag.py for tasks to queue
[2026-08-14T00:55:55.866+0000] {logging_mixin.py:190} INFO - [2026-08-14T00:55:55.865+0000] {dagbag.py:588} INFO - Filling up the DagBag from /opt/airflow/dags/weather_dag.py
[2026-08-14T00:55:55.873+0000] {processor.py:925} INFO - DAG(s) 'weather_ingestion' retrieved from /opt/airflow/dags/weather_dag.py
[2026-08-14T00:55:55.889+0000] {logging_mixin.py:190} INFO - [2026-08-14T00:55:55.889+0000] {dag.py:3239} INFO - Sync 1 DAGs
[2026-08-14T00:55:55.901+0000] {logging_mixin.py:190} INFO - [2026-08-14T00:55:55.901+0000] {dag.py:4180} INFO - Setting next_dagrun for weather_ingestion to 2026-08-14 00:00:00+00:00, run_after=2026-08-14 01:00:00+00:00
[2026-08-14T00:55:55.910+0000] {processor.py:208} INFO - Processing /opt/airflow/dags/weather_dag.py took 0.052 seconds
[2026-08-14T00:59:35.921+0000] {processor.py:186} INFO - Started process (PID=12144) to work on /opt/airflow/dags/weather_dag.py
[2026-08-14T00:59:35.923+0000] {processor.py:914} INFO - Processing file /opt/airflow/dags/weather_dag.py for tasks to queue
[2026-08-14T00:59:35.928+0000] {logging_mixin.py:190} INFO - [2026-08-14T00:59:35.927+0000] {dagbag.py:588} INFO - Filling up the DagBag from /opt/airflow/dags/weather_dag.py
[2026-08-14T00:59:35.951+0000] {processor.py:925} INFO - DAG(s) 'weather_ingestion' retrieved from /opt/airflow/dags/weather_dag.py
[2026-08-14T00:59:35.975+0000] {logging_mixin.py:190} INFO - [2026-08-14T00:59:35.975+0000] {dag.py:3239} INFO - Sync 1 DAGs
[2026-08-14T00:59:35.991+0000] {logging_mixin.py:190} INFO - [2026-08-14T00:59:35.991+0000] {dag.py:4180} INFO - Setting next_dagrun for weather_ingestion to 2026-08-14 00:00:00+00:00, run_after=2026-08-14 01:00:00+00:00
[2026-08-14T00:59:36.000+0000] {processor.py:208} INFO - Processing /opt/airflow/dags/weather_dag.py took 0.091 seconds
[2026-08-14T01:00:06.335+0000] {processor.py:186} INFO - Started process (PID=12154) to work on /opt/airflow/dags/weather_dag.py
[2026-08-14T01:00:06.336+0000] {processor.py:914} INFO - Processing file /opt/airflow/dags/weather_dag.py for tasks to queue
[2026-08-14T01:00:06.340+0000] {logging_mixin.py:190} INFO - [2026-08-14T01:00:06.339+0000] {dagbag.py:588} INFO - Filling up the DagBag from /opt/airflow/dags/weather_dag.py
[2026-08-14T01:00:06.357+0000] {processor.py:925} INFO - DAG(s) 'weather_ingestion' retrieved from /opt/airflow/dags/weather_dag.py
[2026-08-14T01:00:06.384+0000] {logging_mixin.py:190} INFO - [2026-08-14T01:00:06.384+0000] {dag.py:3239} INFO - Sync 1 DAGs
[2026-08-14T01:00:06.429+0000] {logging_mixin.py:190} INFO - [2026-08-14T01:00:06.429+0000] {dag.py:4180} INFO - Setting next_dagrun for weather_ingestion to 2026-08-14 01:00:00+00:00, run_after=2026-08-14 02:00:00+00:00
[2026-08-14T01:00:06.440+0000] {processor.py:208} INFO - Processing /opt/airflow/dags/weather_dag.py took 0.115 seconds
[2026-08-14T01:00:36.776+0000] {processor.py:186} INFO - Started process (PID=12159) to work on /opt/airflow/dags/weather_dag.py
[2026-08-14T01:00:36.779+0000] {processor.py:914} INFO - Processing file /opt/airflow/dags/weather_dag.py for tasks to queue
[2026-08-14T01:00:36.783+0000] {logging_mixin.py:190} INFO - [2026-08-14T01:00:36.782+0000] {dagbag.py:588} INFO - Filling up the DagBag from /opt/airflow/dags/weather_dag.py
[2026-08-14T01:00:36.801+0000] {processor.py:925} INFO - DAG(s) 'weather_ingestion' retrieved from /opt/airflow/dags/weather_dag.py
[2026-08-14T01:00:36.833+0000] {logging_mixin.py:190} INFO - [2026-08-14T01:00:36.833+0000] {dag.py:3239} INFO - Sync 1 DAGs
[2026-08-14T01:00:36.847+0000] {logging_mixin.py:190} INFO - [2026-08-14T01:00:36.847+0000] {dag.py:4180} INFO - Setting next_dagrun for weather_ingestion to 2026-08-14 01:00:00+00:00, run_after=2026-08-14 02:00:00+00:00
[2026-08-14T01:00:36.856+0000] {processor.py:208} INFO - Processing /opt/airflow/dags/weather_dag.py took 0.092 seconds
[2026-08-14T01:01:07.148+0000] {processor.py:186} INFO - Started process (PID=12164) to work on /opt/airflow/dags/weather_dag.py
[2026-08-14T01:01:07.151+0000] {processor.py:914} INFO - Processing file /opt/airflow/dags/weather_dag.py for tasks to queue
[2026-08-14T01:01:07.155+0000] {logging_mixin.py:190} INFO - [2026-08-14T01:01:07.155+0000] {dagbag.py:588} INFO - Filling up the DagBag from /opt/airflow/dags/weather_dag.py
[2026-08-14T01:01:07.170+0000] {processor.py:925} INFO - DAG(s) 'weather_ingestion' retrieved from /opt/airflow/dags/weather_dag.py
[2026-08-14T01:01:07.192+0000] {logging_mixin.py:190} INFO - [2026-08-14T01:01:07.192+0000] {dag.py:3239} INFO - Sync 1 DAGs
[2026-08-14T01:01:07.206+0000] {logging_mixin.py:190} INFO - [2026-08-14T01:01:07.206+0000] {dag.py:4180} INFO - Setting next_dagrun for weather_ingestion to 2026-08-14 01:00:00+00:00, run_after=2026-08-14 02:00:00+00:00
[2026-08-14T01:01:07.214+0000] {processor.py:208} INFO - Processing /opt/airflow/dags/weather_dag.py took 0.078 seconds
[2026-08-14T01:05:04.758+0000] {processor.py:186} INFO - Started process (PID=12170) to work on /opt/airflow/dags/weather_dag.py
[2026-08-14T01:05:04.760+0000] {processor.py:914} INFO - Processing file /opt/airflow/dags/weather_dag.py for tasks to queue
[2026-08-14T01:05:04.765+0000] {logging_mixin.py:190} INFO - [2026-08-14T01:05:04.764+0000] {dagbag.py:588} INFO - Filling up the DagBag from /opt/airflow/dags/weather_dag.py
[2026-08-14T01:05:04.784+0000] {processor.py:925} INFO - DAG(s) 'weather_ingestion' retrieved from /opt/airflow/dags/weather_dag.py
[2026-08-14T01:05:04.846+0000] {logging_mixin.py:190} INFO - [2026-08-14T01:05:04.845+0000] {dag.py:3239} INFO - Sync 1 DAGs
[2026-08-14T01:05:04.865+0000] {logging_mixin.py:190} INFO - [2026-08-14T01:05:04.865+0000] {dag.py:4180} INFO - Setting next_dagrun for weather_ingestion to 2026-08-14 01:00:00+00:00, run_after=2026-08-14 02:00:00+00:00
[2026-08-14T01:05:04.876+0000] {processor.py:208} INFO - Processing /opt/airflow/dags/weather_dag.py took 0.139 seconds
[2026-08-14T01:05:35.036+0000] {processor.py:186} INFO - Started process (PID=12576) to work on /opt/airflow/dags/weather_dag.py
[2026-08-14T01:05:35.037+0000] {processor.py:914} INFO - Processing file /opt/airflow/dags/weather_dag.py for tasks to queue
[2026-08-14T01:05:35.039+0000] {logging_mixin.py:190} INFO - [2026-08-14T01:05:35.039+0000] {dagbag.py:588} INFO - Filling up the DagBag from /opt/airflow/dags/weather_dag.py
[2026-08-14T01:05:35.048+0000] {processor.py:925} INFO - DAG(s) 'weather_ingestion' retrieved from /opt/airflow/dags/weather_dag.py
[2026-08-14T01:05:35.070+0000] {logging_mixin.py:190} INFO - [2026-08-14T01:05:35.070+0000] {dag.py:3239} INFO - Sync 1 DAGs
[2026-08-14T01:05:35.082+0000] {logging_mixin.py:190} INFO - [2026-08-14T01:05:35.082+0000] {dag.py:4180} INFO - Setting next_dagrun for weather_ingestion to 2026-08-14 01:00:00+00:00, run_after=2026-08-14 02:00:00+00:00
[2026-08-14T01:05:35.091+0000] {processor.py:208} INFO - Processing /opt/airflow/dags/weather_dag.py took 0.060 seconds
[2026-08-14T01:06:05.432+0000] {processor.py:186} INFO - Started process (PID=12581) to work on /opt/airflow/dags/weather_dag.py
[2026-08-14T01:06:05.435+0000] {processor.py:914} INFO - Processing file /opt/airflow/dags/weather_dag.py for tasks to queue
[2026-08-14T01:06:05.439+0000] {logging_mixin.py:190} INFO - [2026-08-14T01:06:05.439+0000] {dagbag.py:588} INFO - Filling up the DagBag from /opt/airflow/dags/weather_dag.py
[2026-08-14T01:06:05.458+0000] {processor.py:925} INFO - DAG(s) 'weather_ingestion' retrieved from /opt/airflow/dags/weather_dag.py
[2026-08-14T01:06:05.501+0000] {logging_mixin.py:190} INFO - [2026-08-14T01:06:05.501+0000] {dag.py:3239} INFO - Sync 1 DAGs
[2026-08-14T01:06:05.517+0000] {logging_mixin.py:190} INFO - [2026-08-14T01:06:05.517+0000] {dag.py:4180} INFO - Setting next_dagrun for weather_ingestion to 2026-08-14 01:00:00+00:00, run_after=2026-08-14 02:00:00+00:00
[2026-08-14T01:06:05.527+0000] {processor.py:208} INFO - Processing /opt/airflow/dags/weather_dag.py took 0.112 seconds
[2026-08-14T01:06:35.767+0000] {processor.py:186} INFO - Started process (PID=12586) to work on /opt/airflow/dags/weather_dag.py
[2026-08-14T01:06:35.770+0000] {processor.py:914} INFO - Processing file /opt/airflow/dags/weather_dag.py for tasks to queue
[2026-08-14T01:06:35.773+0000] {logging_mixin.py:190} INFO - [2026-08-14T01:06:35.773+0000] {dagbag.py:588} INFO - Filling up the DagBag from /opt/airflow/dags/weather_dag.py
[2026-08-14T01:06:35.790+0000] {processor.py:925} INFO - DAG(s) 'weather_ingestion' retrieved from /opt/airflow/dags/weather_dag.py
[2026-08-14T01:06:35.812+0000] {logging_mixin.py:190} INFO - [2026-08-14T01:06:35.812+0000] {dag.py:3239} INFO - Sync 1 DAGs
[2026-08-14T01:06:35.826+0000] {logging_mixin.py:190} INFO - [2026-08-14T01:06:35.826+0000] {dag.py:4180} INFO - Setting next_dagrun for weather_ingestion to 2026-08-14 01:00:00+00:00, run_after=2026-08-14 02:00:00+00:00
[2026-08-14T01:06:35.833+0000] {processor.py:208} INFO - Processing /opt/airflow/dags/weather_dag.py took 0.077 seconds
[2026-08-14T01:07:06.188+0000] {processor.py:186} INFO - Started process (PID=12591) to work on /opt/airflow/dags/weather_dag.py
[2026-08-14T01:07:06.191+0000] {processor.py:914} INFO - Processing file /opt/airflow/dags/weather_dag.py for tasks to queue
[2026-08-14T01:07:06.196+0000] {logging_mixin.py:190} INFO - [2026-08-14T01:07:06.196+0000] {dagbag.py:588} INFO - Filling up the DagBag from /opt/airflow/dags/weather_dag.py
[2026-08-14T01:07:06.220+0000] {processor.py:925} INFO - DAG(s) 'weather_ingestion' retrieved from /opt/airflow/dags/weather_dag.py
[2026-08-14T01:07:06.246+0000] {logging_mixin.py:190} INFO - [2026-08-14T01:07:06.246+0000] {dag.py:3239} INFO - Sync 1 DAGs
[2026-08-14T01:07:06.291+0000] {logging_mixin.py:190} INFO - [2026-08-14T01:07:06.291+0000] {dag.py:4180} INFO - Setting next_dagrun for weather_ingestion to 2026-08-14 01:00:00+00:00, run_after=2026-08-14 02:00:00+00:00
[2026-08-14T01:07:06.301+0000] {processor.py:208} INFO - Processing /opt/airflow/dags/weather_dag.py took 0.127 seconds
[2026-08-14T01:07:36.556+0000] {processor.py:186} INFO - Started process (PID=12596) to work on /opt/airflow/dags/weather_dag.py
[2026-08-14T01:07:36.560+0000] {processor.py:914} INFO - Processing file /opt/airflow/dags/weather_dag.py for tasks to queue
[2026-08-14T01:07:36.563+0000] {logging_mixin.py:190} INFO - [2026-08-14T01:07:36.563+0000] {dagbag.py:588} INFO - Filling up the DagBag from /opt/airflow/dags/weather_dag.py
[2026-08-14T01:07:36.574+0000] {processor.py:925} INFO - DAG(s) 'weather_ingestion' retrieved from /opt/airflow/dags/weather_dag.py
[2026-08-14T01:07:36.594+0000] {logging_mixin.py:190} INFO - [2026-08-14T01:07:36.594+0000] {dag.py:3239} INFO - Sync 1 DAGs
[2026-08-14T01:07:36.608+0000] {logging_mixin.py:190} INFO - [2026-08-14T01:07:36.608+0000] {dag.py:4180} INFO - Setting next_dagrun for weather_ingestion to 2026-08-14 01:00:00+00:00, run_after=2026-08-14 02:00:00+00:00
[2026-08-14T01:07:36.616+0000] {processor.py:208} INFO - Processing /opt/airflow/dags/weather_dag.py took 0.068 seconds
[2026-08-14T01:08:06.916+0000] {processor.py:186} INFO - Started process (PID=12601) to work on /opt/airflow/dags/weather_dag.py
[2026-08-14T01:08:06.918+0000] {processor.py:914} INFO - Processing file /opt/airflow/dags/weather_dag.py for tasks to queue
[2026-08-14T01:08:06.920+0000] {logging_mixin.py:190} INFO - [2026-08-14T01:08:06.920+0000] {dagbag.py:588} INFO - Filling up the DagBag from /opt/airflow/dags/weather_dag.py
[2026-08-14T01:08:06.931+0000] {processor.py:925} INFO - DAG(s) 'weather_ingestion' retrieved from /opt/airflow/dags/weather_dag.py
[2026-08-14T01:08:06.954+0000] {logging_mixin.py:190} INFO - [2026-08-14T01:08:06.954+0000] {dag.py:3239} INFO - Sync 1 DAGs
[2026-08-14T01:08:06.975+0000] {logging_mixin.py:190} INFO - [2026-08-14T01:08:06.975+0000] {dag.py:4180} INFO - Setting next_dagrun for weather_ingestion to 2026-08-14 01:00:00+00:00, run_after=2026-08-14 02:00:00+00:00
[2026-08-14T01:08:06.982+0000] {processor.py:208} INFO - Processing /opt/airflow/dags/weather_dag.py took 0.072 seconds
[2026-08-14T01:08:37.222+0000] {processor.py:186} INFO - Started process (PID=12606) to work on /opt/airflow/dags/weather_dag.py
[2026-08-14T01:08:37.224+0000] {processor.py:914} INFO - Processing file /opt/airflow/dags/weather_dag.py for tasks to queue
[2026-08-14T01:08:37.227+0000] {logging_mixin.py:190} INFO - [2026-08-14T01:08:37.226+0000] {dagbag.py:588} INFO - Filling up the DagBag from /opt/airflow/dags/weather_dag.py
[2026-08-14T01:08:37.239+0000] {processor.py:925} INFO - DAG(s) 'weather_ingestion' retrieved from /opt/airflow/dags/weather_dag.py
[2026-08-14T01:08:37.258+0000] {logging_mixin.py:190} INFO - [2026-08-14T01:08:37.258+0000] {dag.py:3239} INFO - Sync 1 DAGs
[2026-08-14T01:08:37.272+0000] {logging_mixin.py:190} INFO - [2026-08-14T01:08:37.272+0000] {dag.py:4180} INFO - Setting next_dagrun for weather_ingestion to 2026-08-14 01:00:00+00:00, run_after=2026-08-14 02:00:00+00:00
[2026-08-14T01:08:37.280+0000] {processor.py:208} INFO - Processing /opt/airflow/dags/weather_dag.py took 0.064 seconds
[2026-08-14T01:09:07.664+0000] {processor.py:186} INFO - Started process (PID=12611) to work on /opt/airflow/dags/weather_dag.py
[2026-08-14T01:09:07.665+0000] {processor.py:914} INFO - Processing file /opt/airflow/dags/weather_dag.py for tasks to queue
[2026-08-14T01:09:07.671+0000] {logging_mixin.py:190} INFO - [2026-08-14T01:09:07.671+0000] {dagbag.py:588} INFO - Filling up the DagBag from /opt/airflow/dags/weather_dag.py
[2026-08-14T01:09:07.710+0000] {processor.py:925} INFO - DAG(s) 'weather_ingestion' retrieved from /opt/airflow/dags/weather_dag.py
[2026-08-14T01:09:07.763+0000] {logging_mixin.py:190} INFO - [2026-08-14T01:09:07.763+0000] {dag.py:3239} INFO - Sync 1 DAGs
[2026-08-14T01:09:07.796+0000] {logging_mixin.py:190} INFO - [2026-08-14T01:09:07.796+0000] {dag.py:4180} INFO - Setting next_dagrun for weather_ingestion to 2026-08-14 01:00:00+00:00, run_after=2026-08-14 02:00:00+00:00
[2026-08-14T01:09:07.812+0000] {processor.py:208} INFO - Processing /opt/airflow/dags/weather_dag.py took 0.166 seconds
[2026-08-14T01:09:37.929+0000] {processor.py:186} INFO - Started process (PID=12616) to work on /opt/airflow/dags/weather_dag.py
[2026-08-14T01:09:37.932+0000] {processor.py:914} INFO - Processing file /opt/airflow/dags/weather_dag.py for tasks to queue
[2026-08-14T01:09:37.935+0000] {logging_mixin.py:190} INFO - [2026-08-14T01:09:37.935+0000] {dagbag.py:588} INFO - Filling up the DagBag from /opt/airflow/dags/weather_dag.py
[2026-08-14T01:09:37.949+0000] {processor.py:925} INFO - DAG(s) 'weather_ingestion' retrieved from /opt/airflow/dags/weather_dag.py
[2026-08-14T01:09:37.978+0000] {logging_mixin.py:190} INFO - [2026-08-14T01:09:37.978+0000] {dag.py:3239} INFO - Sync 1 DAGs
[2026-08-14T01:09:38.004+0000] {logging_mixin.py:190} INFO - [2026-08-14T01:09:38.004+0000] {dag.py:4180} INFO - Setting next_dagrun for weather_ingestion to 2026-08-14 01:00:00+00:00, run_after=2026-08-14 02:00:00+00:00
[2026-08-14T01:09:38.016+0000] {processor.py:208} INFO - Processing /opt/airflow/dags/weather_dag.py took 0.096 seconds
[2026-08-14T01:10:08.277+0000] {processor.py:186} INFO - Started process (PID=12621) to work on /opt/airflow/dags/weather_dag.py
[2026-08-14T01:10:08.279+0000] {processor.py:914} INFO - Processing file /opt/airflow/dags/weather_dag.py for tasks to queue
[2026-08-14T01:10:08.282+0000] {logging_mixin.py:190} INFO - [2026-08-14T01:10:08.282+0000] {dagbag.py:588} INFO - Filling up the DagBag from /opt/airflow/dags/weather_dag.py
[2026-08-14T01:10:08.297+0000] {processor.py:925} INFO - DAG(s) 'weather_ingestion' retrieved from /opt/airflow/dags/weather_dag.py
[2026-08-14T01:10:08.320+0000] {logging_mixin.py:190} INFO - [2026-08-14T01:10:08.320+0000] {dag.py:3239} INFO - Sync 1 DAGs
[2026-08-14T01:10:08.334+0000] {logging_mixin.py:190} INFO - [2026-08-14T01:10:08.334+0000] {dag.py:4180} INFO - Setting next_dagrun for weather_ingestion to 2026-08-14 01:00:00+00:00, run_after=2026-08-14 02:00:00+00:00
[2026-08-14T01:10:08.342+0000] {processor.py:208} INFO - Processing /opt/airflow/dags/weather_dag.py took 0.073 seconds
[2026-08-14T01:10:38.609+0000] {processor.py:186} INFO - Started process (PID=12626) to work on /opt/airflow/dags/weather_dag.py
[2026-08-14T01:10:38.610+0000] {processor.py:914} INFO - Processing file /opt/airflow/dags/weather_dag.py for tasks to queue
[2026-08-14T01:10:38.612+0000] {logging_mixin.py:190} INFO - [2026-08-14T01:10:38.612+0000] {dagbag.py:588} INFO - Filling up the DagBag from /opt/airflow/dags/weather_dag.py
[2026-08-14T01:10:38.622+0000] {processor.py:925} INFO - DAG(s) 'weather_ingestion' retrieved from /opt/airflow/dags/weather_dag.py
[2026-08-14T01:10:38.640+0000] {logging_mixin.py:190} INFO - [2026-08-14T01:10:38.639+0000] {dag.py:3239} INFO - Sync 1 DAGs
[2026-08-14T01:10:38.651+0000] {logging_mixin.py:190} INFO - [2026-08-14T01:10:38.651+0000] {dag.py:4180} INFO - Setting next_dagrun for weather_ingestion to 2026-08-14 01:00:00+00:00, run_after=2026-08-14 02:00:00+00:00
[2026-08-14T01:10:38.658+0000] {processor.py:208} INFO - Processing /opt/airflow/dags/weather_dag.py took 0.055 seconds
[2026-08-14T01:11:08.974+0000] {processor.py:186} INFO - Started process (PID=12631) to work on /opt/airflow/dags/weather_dag.py
[2026-08-14T01:11:08.976+0000] {processor.py:914} INFO - Processing file /opt/airflow/dags/weather_dag.py for tasks to queue
[2026-08-14T01:11:08.979+0000] {logging_mixin.py:190} INFO - [2026-08-14T01:11:08.979+0000] {dagbag.py:588} INFO - Filling up the DagBag from /opt/airflow/dags/weather_dag.py
[2026-08-14T01:11:08.993+0000] {processor.py:925} INFO - DAG(s) 'weather_ingestion' retrieved from /opt/airflow/dags/weather_dag.py
[2026-08-14T01:11:09.014+0000] {logging_mixin.py:190} INFO - [2026-08-14T01:11:09.014+0000] {dag.py:3239} INFO - Sync 1 DAGs
[2026-08-14T01:11:09.028+0000] {logging_mixin.py:190} INFO - [2026-08-14T01:11:09.028+0000] {dag.py:4180} INFO - Setting next_dagrun for weather_ingestion to 2026-08-14 01:00:00+00:00, run_after=2026-08-14 02:00:00+00:00
[2026-08-14T01:11:09.036+0000] {processor.py:208} INFO - Processing /opt/airflow/dags/weather_dag.py took 0.075 seconds
[2026-08-14T01:11:39.307+0000] {processor.py:186} INFO - Started process (PID=12636) to work on /opt/airflow/dags/weather_dag.py
[2026-08-14T01:11:39.309+0000] {processor.py:914} INFO - Processing file /opt/airflow/dags/weather_dag.py for tasks to queue
[2026-08-14T01:11:39.311+0000] {logging_mixin.py:190} INFO - [2026-08-14T01:11:39.311+0000] {dagbag.py:588} INFO - Filling up the DagBag from /opt/airflow/dags/weather_dag.py
[2026-08-14T01:11:39.322+0000] {processor.py:925} INFO - DAG(s) 'weather_ingestion' retrieved from /opt/airflow/dags/weather_dag.py
[2026-08-14T01:11:39.340+0000] {logging_mixin.py:190} INFO - [2026-08-14T01:11:39.340+0000] {dag.py:3239} INFO - Sync 1 DAGs
[2026-08-14T01:11:39.352+0000] {logging_mixin.py:190} INFO - [2026-08-14T01:11:39.351+0000] {dag.py:4180} INFO - Setting next_dagrun for weather_ingestion to 2026-08-14 01:00:00+00:00, run_after=2026-08-14 02:00:00+00:00
[2026-08-14T01:11:39.358+0000] {processor.py:208} INFO - Processing /opt/airflow/dags/weather_dag.py took 0.058 seconds
[2026-08-14T01:12:09.689+0000] {processor.py:186} INFO - Started process (PID=12641) to work on /opt/airflow/dags/weather_dag.py
[2026-08-14T01:12:09.691+0000] {processor.py:914} INFO - Processing file /opt/airflow/dags/weather_dag.py for tasks to queue
[2026-08-14T01:12:09.695+0000] {logging_mixin.py:190} INFO - [2026-08-14T01:12:09.694+0000] {dagbag.py:588} INFO - Filling up the DagBag from /opt/airflow/dags/weather_dag.py
[2026-08-14T01:12:09.711+0000] {processor.py:925} INFO - DAG(s) 'weather_ingestion' retrieved from /opt/airflow/dags/weather_dag.py
[2026-08-14T01:12:09.733+0000] {logging_mixin.py:190} INFO - [2026-08-14T01:12:09.733+0000] {dag.py:3239} INFO - Sync 1 DAGs
[2026-08-14T01:12:09.747+0000] {logging_mixin.py:190} INFO - [2026-08-14T01:12:09.747+0000] {dag.py:4180} INFO - Setting next_dagrun for weather_ingestion to 2026-08-14 01:00:00+00:00, run_after=2026-08-14 02:00:00+00:00
[2026-08-14T01:12:09.755+0000] {processor.py:208} INFO - Processing /opt/airflow/dags/weather_dag.py took 0.075 seconds
[2026-08-14T01:12:40.036+0000] {processor.py:186} INFO - Started process (PID=12646) to work on /opt/airflow/dags/weather_dag.py
[2026-08-14T01:12:40.038+0000] {processor.py:914} INFO - Processing file /opt/airflow/dags/weather_dag.py for tasks to queue
[2026-08-14T01:12:40.040+0000] {logging_mixin.py:190} INFO - [2026-08-14T01:12:40.040+0000] {dagbag.py:588} INFO - Filling up the DagBag from /opt/airflow/dags/weather_dag.py
[2026-08-14T01:12:40.051+0000] {processor.py:925} INFO - DAG(s) 'weather_ingestion' retrieved from /opt/airflow/dags/weather_dag.py
[2026-08-14T01:12:40.071+0000] {logging_mixin.py:190} INFO - [2026-08-14T01:12:40.071+0000] {dag.py:3239} INFO - Sync 1 DAGs
[2026-08-14T01:12:40.083+0000] {logging_mixin.py:190} INFO - [2026-08-14T01:12:40.083+0000] {dag.py:4180} INFO - Setting next_dagrun for weather_ingestion to 2026-08-14 01:00:00+00:00, run_after=2026-08-14 02:00:00+00:00
[2026-08-14T01:12:40.091+0000] {processor.py:208} INFO - Processing /opt/airflow/dags/weather_dag.py took 0.061 seconds
[2026-08-14T01:13:10.426+0000] {processor.py:186} INFO - Started process (PID=12651) to work on /opt/airflow/dags/weather_dag.py
[2026-08-14T01:13:10.428+0000] {processor.py:914} INFO - Processing file /opt/airflow/dags/weather_dag.py for tasks to queue
[2026-08-14T01:13:10.432+0000] {logging_mixin.py:190} INFO - [2026-08-14T01:13:10.432+0000] {dagbag.py:588} INFO - Filling up the DagBag from /opt/airflow/dags/weather_dag.py
[2026-08-14T01:13:10.448+0000] {processor.py:925} INFO - DAG(s) 'weather_ingestion' retrieved from /opt/airflow/dags/weather_dag.py
[2026-08-14T01:13:10.470+0000] {logging_mixin.py:190} INFO - [2026-08-14T01:13:10.470+0000] {dag.py:3239} INFO - Sync 1 DAGs
[2026-08-14T01:13:10.484+0000] {logging_mixin.py:190} INFO - [2026-08-14T01:13:10.484+0000] {dag.py:4180} INFO - Setting next_dagrun for weather_ingestion to 2026-08-14 01:00:00+00:00, run_after=2026-08-14 02:00:00+00:00
[2026-08-14T01:13:10.493+0000] {processor.py:208} INFO - Processing /opt/airflow/dags/weather_dag.py took 0.076 seconds
[2026-08-14T01:13:40.768+0000] {processor.py:186} INFO - Started process (PID=12656) to work on /opt/airflow/dags/weather_dag.py
[2026-08-14T01:13:40.770+0000] {processor.py:914} INFO - Processing file /opt/airflow/dags/weather_dag.py for tasks to queue
[2026-08-14T01:13:40.773+0000] {logging_mixin.py:190} INFO - [2026-08-14T01:13:40.773+0000] {dagbag.py:588} INFO - Filling up the DagBag from /opt/airflow/dags/weather_dag.py
[2026-08-14T01:13:40.783+0000] {processor.py:925} INFO - DAG(s) 'weather_ingestion' retrieved from /opt/airflow/dags/weather_dag.py
[2026-08-14T01:13:40.801+0000] {logging_mixin.py:190} INFO - [2026-08-14T01:13:40.801+0000] {dag.py:3239} INFO - Sync 1 DAGs
[2026-08-14T01:13:40.814+0000] {logging_mixin.py:190} INFO - [2026-08-14T01:13:40.814+0000] {dag.py:4180} INFO - Setting next_dagrun for weather_ingestion to 2026-08-14 01:00:00+00:00, run_after=2026-08-14 02:00:00+00:00
[2026-08-14T01:13:40.821+0000] {processor.py:208} INFO - Processing /opt/airflow/dags/weather_dag.py took 0.059 seconds
[2026-08-14T01:14:11.161+0000] {processor.py:186} INFO - Started process (PID=12661) to work on /opt/airflow/dags/weather_dag.py
[2026-08-14T01:14:11.163+0000] {processor.py:914} INFO - Processing file /opt/airflow/dags/weather_dag.py for tasks to queue
[2026-08-14T01:14:11.167+0000] {logging_mixin.py:190} INFO - [2026-08-14T01:14:11.167+0000] {dagbag.py:588} INFO - Filling up the DagBag from /opt/airflow/dags/weather_dag.py
[2026-08-14T01:14:11.217+0000] {processor.py:925} INFO - DAG(s) 'weather_ingestion' retrieved from /opt/airflow/dags/weather_dag.py
[2026-08-14T01:14:11.239+0000] {logging_mixin.py:190} INFO - [2026-08-14T01:14:11.238+0000] {dag.py:3239} INFO - Sync 1 DAGs
[2026-08-14T01:14:11.253+0000] {logging_mixin.py:190} INFO - [2026-08-14T01:14:11.253+0000] {dag.py:4180} INFO - Setting next_dagrun for weather_ingestion to 2026-08-14 01:00:00+00:00, run_after=2026-08-14 02:00:00+00:00
[2026-08-14T01:14:11.261+0000] {processor.py:208} INFO - Processing /opt/airflow/dags/weather_dag.py took 0.109 seconds
[2026-08-14T01:14:41.472+0000] {processor.py:186} INFO - Started process (PID=12666) to work on /opt/airflow/dags/weather_dag.py
[2026-08-14T01:14:41.474+0000] {processor.py:914} INFO - Processing file /opt/airflow/dags/weather_dag.py for tasks to queue
[2026-08-14T01:14:41.477+0000] {logging_mixin.py:190} INFO - [2026-08-14T01:14:41.476+0000] {dagbag.py:588} INFO - Filling up the DagBag from /opt/airflow/dags/weather_dag.py
[2026-08-14T01:14:41.490+0000] {processor.py:925} INFO - DAG(s) 'weather_ingestion' retrieved from /opt/airflow/dags/weather_dag.py
[2026-08-14T01:14:41.513+0000] {logging_mixin.py:190} INFO - [2026-08-14T01:14:41.513+0000] {dag.py:3239} INFO - Sync 1 DAGs
[2026-08-14T01:14:41.528+0000] {logging_mixin.py:190} INFO - [2026-08-14T01:14:41.528+0000] {dag.py:4180} INFO - Setting next_dagrun for weather_ingestion to 2026-08-14 01:00:00+00:00, run_after=2026-08-14 02:00:00+00:00
[2026-08-14T01:14:41.536+0000] {processor.py:208} INFO - Processing /opt/airflow/dags/weather_dag.py took 0.073 seconds
[2026-08-14T01:15:11.795+0000] {processor.py:186} INFO - Started process (PID=12671) to work on /opt/airflow/dags/weather_dag.py
[2026-08-14T01:15:11.798+0000] {processor.py:914} INFO - Processing file /opt/airflow/dags/weather_dag.py for tasks to queue
[2026-08-14T01:15:11.800+0000] {logging_mixin.py:190} INFO - [2026-08-14T01:15:11.800+0000] {dagbag.py:588} INFO - Filling up the DagBag from /opt/airflow/dags/weather_dag.py
[2026-08-14T01:15:11.812+0000] {processor.py:925} INFO - DAG(s) 'weather_ingestion' retrieved from /opt/airflow/dags/weather_dag.py
[2026-08-14T01:15:11.839+0000] {logging_mixin.py:190} INFO - [2026-08-14T01:15:11.839+0000] {dag.py:3239} INFO - Sync 1 DAGs
[2026-08-14T01:15:11.860+0000] {logging_mixin.py:190} INFO - [2026-08-14T01:15:11.860+0000] {dag.py:4180} INFO - Setting next_dagrun for weather_ingestion to 2026-08-14 01:00:00+00:00, run_after=2026-08-14 02:00:00+00:00
[2026-08-14T01:15:11.870+0000] {processor.py:208} INFO - Processing /opt/airflow/dags/weather_dag.py took 0.083 seconds
[2026-08-14T01:15:42.314+0000] {processor.py:186} INFO - Started process (PID=12676) to work on /opt/airflow/dags/weather_dag.py
[2026-08-14T01:15:42.316+0000] {processor.py:914} INFO - Processing file /opt/airflow/dags/weather_dag.py for tasks to queue
[2026-08-14T01:15:42.319+0000] {logging_mixin.py:190} INFO - [2026-08-14T01:15:42.318+0000] {dagbag.py:588} INFO - Filling up the DagBag from /opt/airflow/dags/weather_dag.py
[2026-08-14T01:15:42.332+0000] {processor.py:925} INFO - DAG(s) 'weather_ingestion' retrieved from /opt/airflow/dags/weather_dag.py
[2026-08-14T01:15:42.353+0000] {logging_mixin.py:190} INFO - [2026-08-14T01:15:42.353+0000] {dag.py:3239} INFO - Sync 1 DAGs
[2026-08-14T01:15:42.367+0000] {logging_mixin.py:190} INFO - [2026-08-14T01:15:42.367+0000] {dag.py:4180} INFO - Setting next_dagrun for weather_ingestion to 2026-08-14 01:00:00+00:00, run_after=2026-08-14 02:00:00+00:00
[2026-08-14T01:15:42.376+0000] {processor.py:208} INFO - Processing /opt/airflow/dags/weather_dag.py took 0.073 seconds
[2026-08-14T01:16:12.739+0000] {processor.py:186} INFO - Started process (PID=12681) to work on /opt/airflow/dags/weather_dag.py
[2026-08-14T01:16:12.741+0000] {processor.py:914} INFO - Processing file /opt/airflow/dags/weather_dag.py for tasks to queue
[2026-08-14T01:16:12.744+0000] {logging_mixin.py:190} INFO - [2026-08-14T01:16:12.744+0000] {dagbag.py:588} INFO - Filling up the DagBag from /opt/airflow/dags/weather_dag.py
[2026-08-14T01:16:12.757+0000] {processor.py:925} INFO - DAG(s) 'weather_ingestion' retrieved from /opt/airflow/dags/weather_dag.py
[2026-08-14T01:16:12.778+0000] {logging_mixin.py:190} INFO - [2026-08-14T01:16:12.778+0000] {dag.py:3239} INFO - Sync 1 DAGs
[2026-08-14T01:16:12.794+0000] {logging_mixin.py:190} INFO - [2026-08-14T01:16:12.794+0000] {dag.py:4180} INFO - Setting next_dagrun for weather_ingestion to 2026-08-14 01:00:00+00:00, run_after=2026-08-14 02:00:00+00:00
[2026-08-14T01:16:12.803+0000] {processor.py:208} INFO - Processing /opt/airflow/dags/weather_dag.py took 0.073 seconds
[2026-08-14T01:16:43.155+0000] {processor.py:186} INFO - Started process (PID=12686) to work on /opt/airflow/dags/weather_dag.py
[2026-08-14T01:16:43.156+0000] {processor.py:914} INFO - Processing file /opt/airflow/dags/weather_dag.py for tasks to queue
[2026-08-14T01:16:43.159+0000] {logging_mixin.py:190} INFO - [2026-08-14T01:16:43.159+0000] {dagbag.py:588} INFO - Filling up the DagBag from /opt/airflow/dags/weather_dag.py
[2026-08-14T01:16:43.170+0000] {processor.py:925} INFO - DAG(s) 'weather_ingestion' retrieved from /opt/airflow/dags/weather_dag.py
[2026-08-14T01:16:43.187+0000] {logging_mixin.py:190} INFO - [2026-08-14T01:16:43.187+0000] {dag.py:3239} INFO - Sync 1 DAGs
[2026-08-14T01:16:43.201+0000] {logging_mixin.py:190} INFO - [2026-08-14T01:16:43.201+0000] {dag.py:4180} INFO - Setting next_dagrun for weather_ingestion to 2026-08-14 01:00:00+00:00, run_after=2026-08-14 02:00:00+00:00
[2026-08-14T01:16:43.208+0000] {processor.py:208} INFO - Processing /opt/airflow/dags/weather_dag.py took 0.060 seconds
[2026-08-14T01:17:13.582+0000] {processor.py:186} INFO - Started process (PID=12691) to work on /opt/airflow/dags/weather_dag.py
[2026-08-14T01:17:13.585+0000] {processor.py:914} INFO - Processing file /opt/airflow/dags/weather_dag.py for tasks to queue
[2026-08-14T01:17:13.591+0000] {logging_mixin.py:190} INFO - [2026-08-14T01:17:13.590+0000] {dagbag.py:588} INFO - Filling up the DagBag from /opt/airflow/dags/weather_dag.py
[2026-08-14T01:17:13.615+0000] {processor.py:925} INFO - DAG(s) 'weather_ingestion' retrieved from /opt/airflow/dags/weather_dag.py
[2026-08-14T01:17:13.682+0000] {logging_mixin.py:190} INFO - [2026-08-14T01:17:13.682+0000] {dag.py:3239} INFO - Sync 1 DAGs
[2026-08-14T01:17:13.696+0000] {logging_mixin.py:190} INFO - [2026-08-14T01:17:13.696+0000] {dag.py:4180} INFO - Setting next_dagrun for weather_ingestion to 2026-08-14 01:00:00+00:00, run_after=2026-08-14 02:00:00+00:00
[2026-08-14T01:17:13.706+0000] {processor.py:208} INFO - Processing /opt/airflow/dags/weather_dag.py took 0.138 seconds
[2026-08-14T01:17:44.012+0000] {processor.py:186} INFO - Started process (PID=12696) to work on /opt/airflow/dags/weather_dag.py
[2026-08-14T01:17:44.015+0000] {processor.py:914} INFO - Processing file /opt/airflow/dags/weather_dag.py for tasks to queue
[2026-08-14T01:17:44.019+0000] {logging_mixin.py:190} INFO - [2026-08-14T01:17:44.019+0000] {dagbag.py:588} INFO - Filling up the DagBag from /opt/airflow/dags/weather_dag.py
[2026-08-14T01:17:44.034+0000] {processor.py:925} INFO - DAG(s) 'weather_ingestion' retrieved from /opt/airflow/dags/weather_dag.py
[2026-08-14T01:17:44.054+0000] {logging_mixin.py:190} INFO - [2026-08-14T01:17:44.054+0000] {dag.py:3239} INFO - Sync 1 DAGs
[2026-08-14T01:17:44.068+0000] {logging_mixin.py:190} INFO - [2026-08-14T01:17:44.068+0000] {dag.py:4180} INFO - Setting next_dagrun for weather_ingestion to 2026-08-14 01:00:00+00:00, run_after=2026-08-14 02:00:00+00:00
[2026-08-14T01:17:44.076+0000] {processor.py:208} INFO - Processing /opt/airflow/dags/weather_dag.py took 0.072 seconds
[2026-08-14T01:18:14.337+0000] {processor.py:186} INFO - Started process (PID=12701) to work on /opt/airflow/dags/weather_dag.py
[2026-08-14T01:18:14.339+0000] {processor.py:914} INFO - Processing file /opt/airflow/dags/weather_dag.py for tasks to queue
[2026-08-14T01:18:14.341+0000] {logging_mixin.py:190} INFO - [2026-08-14T01:18:14.341+0000] {dagbag.py:588} INFO - Filling up the DagBag from /opt/airflow/dags/weather_dag.py
[2026-08-14T01:18:14.353+0000] {processor.py:925} INFO - DAG(s) 'weather_ingestion' retrieved from /opt/airflow/dags/weather_dag.py
[2026-08-14T01:18:14.374+0000] {logging_mixin.py:190} INFO - [2026-08-14T01:18:14.374+0000] {dag.py:3239} INFO - Sync 1 DAGs
[2026-08-14T01:18:14.387+0000] {logging_mixin.py:190} INFO - [2026-08-14T01:18:14.387+0000] {dag.py:4180} INFO - Setting next_dagrun for weather_ingestion to 2026-08-14 01:00:00+00:00, run_after=2026-08-14 02:00:00+00:00
[2026-08-14T01:18:14.394+0000] {processor.py:208} INFO - Processing /opt/airflow/dags/weather_dag.py took 0.064 seconds
[2026-08-14T01:18:44.804+0000] {processor.py:186} INFO - Started process (PID=12706) to work on /opt/airflow/dags/weather_dag.py
[2026-08-14T01:18:44.807+0000] {processor.py:914} INFO - Processing file /opt/airflow/dags/weather_dag.py for tasks to queue
[2026-08-14T01:18:44.813+0000] {logging_mixin.py:190} INFO - [2026-08-14T01:18:44.812+0000] {dagbag.py:588} INFO - Filling up the DagBag from /opt/airflow/dags/weather_dag.py
[2026-08-14T01:18:44.838+0000] {processor.py:925} INFO - DAG(s) 'weather_ingestion' retrieved from /opt/airflow/dags/weather_dag.py
[2026-08-14T01:18:44.867+0000] {logging_mixin.py:190} INFO - [2026-08-14T01:18:44.867+0000] {dag.py:3239} INFO - Sync 1 DAGs
[2026-08-14T01:18:44.911+0000] {logging_mixin.py:190} INFO - [2026-08-14T01:18:44.911+0000] {dag.py:4180} INFO - Setting next_dagrun for weather_ingestion to 2026-08-14 01:00:00+00:00, run_after=2026-08-14 02:00:00+00:00
[2026-08-14T01:18:44.921+0000] {processor.py:208} INFO - Processing /opt/airflow/dags/weather_dag.py took 0.132 seconds
[2026-08-14T01:20:07.526+0000] {processor.py:186} INFO - Started process (PID=12711) to work on /opt/airflow/dags/weather_dag.py
[2026-08-14T01:20:07.553+0000] {processor.py:914} INFO - Processing file /opt/airflow/dags/weather_dag.py for tasks to queue
[2026-08-14T01:20:07.702+0000] {logging_mixin.py:190} INFO - [2026-08-14T01:20:07.701+0000] {dagbag.py:588} INFO - Filling up the DagBag from /opt/airflow/dags/weather_dag.py
[2026-08-14T01:20:07.955+0000] {processor.py:925} INFO - DAG(s) 'weather_ingestion' retrieved from /opt/airflow/dags/weather_dag.py
[2026-08-14T01:20:08.183+0000] {logging_mixin.py:190} INFO - [2026-08-14T01:20:08.183+0000] {dag.py:3239} INFO - Sync 1 DAGs
[2026-08-14T01:20:08.245+0000] {logging_mixin.py:190} INFO - [2026-08-14T01:20:08.245+0000] {dag.py:4180} INFO - Setting next_dagrun for weather_ingestion to 2026-08-14 01:00:00+00:00, run_after=2026-08-14 02:00:00+00:00
[2026-08-14T01:20:08.383+0000] {processor.py:208} INFO - Processing /opt/airflow/dags/weather_dag.py took 0.961 seconds
[2026-08-14T01:20:38.729+0000] {processor.py:186} INFO - Started process (PID=12716) to work on /opt/airflow/dags/weather_dag.py
[2026-08-14T01:20:38.733+0000] {processor.py:914} INFO - Processing file /opt/airflow/dags/weather_dag.py for tasks to queue
[2026-08-14T01:20:38.742+0000] {logging_mixin.py:190} INFO - [2026-08-14T01:20:38.741+0000] {dagbag.py:588} INFO - Filling up the DagBag from /opt/airflow/dags/weather_dag.py
[2026-08-14T01:20:38.777+0000] {processor.py:925} INFO - DAG(s) 'weather_ingestion' retrieved from /opt/airflow/dags/weather_dag.py
[2026-08-14T01:20:38.849+0000] {logging_mixin.py:190} INFO - [2026-08-14T01:20:38.848+0000] {dag.py:3239} INFO - Sync 1 DAGs
[2026-08-14T01:20:38.882+0000] {logging_mixin.py:190} INFO - [2026-08-14T01:20:38.881+0000] {dag.py:4180} INFO - Setting next_dagrun for weather_ingestion to 2026-08-14 01:00:00+00:00, run_after=2026-08-14 02:00:00+00:00
[2026-08-14T01:20:38.894+0000] {processor.py:208} INFO - Processing /opt/airflow/dags/weather_dag.py took 0.193 seconds
[2026-08-14T01:21:40.793+0000] {processor.py:186} INFO - Started process (PID=12721) to work on /opt/airflow/dags/weather_dag.py
[2026-08-14T01:21:40.796+0000] {processor.py:914} INFO - Processing file /opt/airflow/dags/weather_dag.py for tasks to queue
[2026-08-14T01:21:40.802+0000] {logging_mixin.py:190} INFO - [2026-08-14T01:21:40.801+0000] {dagbag.py:588} INFO - Filling up the DagBag from /opt/airflow/dags/weather_dag.py
[2026-08-14T01:21:40.823+0000] {processor.py:925} INFO - DAG(s) 'weather_ingestion' retrieved from /opt/airflow/dags/weather_dag.py
[2026-08-14T01:21:40.855+0000] {logging_mixin.py:190} INFO - [2026-08-14T01:21:40.855+0000] {dag.py:3239} INFO - Sync 1 DAGs
[2026-08-14T01:21:40.875+0000] {logging_mixin.py:190} INFO - [2026-08-14T01:21:40.875+0000] {dag.py:4180} INFO - Setting next_dagrun for weather_ingestion to 2026-08-14 01:00:00+00:00, run_after=2026-08-14 02:00:00+00:00
[2026-08-14T01:21:40.886+0000] {processor.py:208} INFO - Processing /opt/airflow/dags/weather_dag.py took 0.124 seconds
[2026-08-14T01:22:11.223+0000] {processor.py:186} INFO - Started process (PID=12726) to work on /opt/airflow/dags/weather_dag.py
[2026-08-14T01:22:11.225+0000] {processor.py:914} INFO - Processing file /opt/airflow/dags/weather_dag.py for tasks to queue
[2026-08-14T01:22:11.229+0000] {logging_mixin.py:190} INFO - [2026-08-14T01:22:11.229+0000] {dagbag.py:588} INFO - Filling up the DagBag from /opt/airflow/dags/weather_dag.py
[2026-08-14T01:22:11.246+0000] {processor.py:925} INFO - DAG(s) 'weather_ingestion' retrieved from /opt/airflow/dags/weather_dag.py
[2026-08-14T01:22:11.274+0000] {logging_mixin.py:190} INFO - [2026-08-14T01:22:11.274+0000] {dag.py:3239} INFO - Sync 1 DAGs
[2026-08-14T01:22:11.292+0000] {logging_mixin.py:190} INFO - [2026-08-14T01:22:11.292+0000] {dag.py:4180} INFO - Setting next_dagrun for weather_ingestion to 2026-08-14 01:00:00+00:00, run_after=2026-08-14 02:00:00+00:00
[2026-08-14T01:22:11.311+0000] {processor.py:208} INFO - Processing /opt/airflow/dags/weather_dag.py took 0.097 seconds
[2026-08-14T01:22:45.886+0000] {processor.py:186} INFO - Started process (PID=12731) to work on /opt/airflow/dags/weather_dag.py
[2026-08-14T01:22:45.889+0000] {processor.py:914} INFO - Processing file /opt/airflow/dags/weather_dag.py for tasks to queue
[2026-08-14T01:22:45.895+0000] {logging_mixin.py:190} INFO - [2026-08-14T01:22:45.894+0000] {dagbag.py:588} INFO - Filling up the DagBag from /opt/airflow/dags/weather_dag.py
[2026-08-14T01:22:45.915+0000] {processor.py:925} INFO - DAG(s) 'weather_ingestion' retrieved from /opt/airflow/dags/weather_dag.py
[2026-08-14T01:22:45.940+0000] {logging_mixin.py:190} INFO - [2026-08-14T01:22:45.940+0000] {dag.py:3239} INFO - Sync 1 DAGs
[2026-08-14T01:22:45.961+0000] {logging_mixin.py:190} INFO - [2026-08-14T01:22:45.961+0000] {dag.py:4180} INFO - Setting next_dagrun for weather_ingestion to 2026-08-14 01:00:00+00:00, run_after=2026-08-14 02:00:00+00:00
[2026-08-14T01:22:45.988+0000] {processor.py:208} INFO - Processing /opt/airflow/dags/weather_dag.py took 0.114 seconds
[2026-08-14T01:23:16.243+0000] {processor.py:186} INFO - Started process (PID=12736) to work on /opt/airflow/dags/weather_dag.py
[2026-08-14T01:23:16.246+0000] {processor.py:914} INFO - Processing file /opt/airflow/dags/weather_dag.py for tasks to queue
[2026-08-14T01:23:16.250+0000] {logging_mixin.py:190} INFO - [2026-08-14T01:23:16.250+0000] {dagbag.py:588} INFO - Filling up the DagBag from /opt/airflow/dags/weather_dag.py
[2026-08-14T01:23:16.267+0000] {processor.py:925} INFO - DAG(s) 'weather_ingestion' retrieved from /opt/airflow/dags/weather_dag.py
[2026-08-14T01:23:16.288+0000] {logging_mixin.py:190} INFO - [2026-08-14T01:23:16.288+0000] {dag.py:3239} INFO - Sync 1 DAGs
[2026-08-14T01:23:16.303+0000] {logging_mixin.py:190} INFO - [2026-08-14T01:23:16.303+0000] {dag.py:4180} INFO - Setting next_dagrun for weather_ingestion to 2026-08-14 01:00:00+00:00, run_after=2026-08-14 02:00:00+00:00
[2026-08-14T01:23:16.311+0000] {processor.py:208} INFO - Processing /opt/airflow/dags/weather_dag.py took 0.083 seconds
[2026-08-14T01:23:46.650+0000] {processor.py:186} INFO - Started process (PID=12741) to work on /opt/airflow/dags/weather_dag.py
[2026-08-14T01:23:46.651+0000] {processor.py:914} INFO - Processing file /opt/airflow/dags/weather_dag.py for tasks to queue
[2026-08-14T01:23:46.653+0000] {logging_mixin.py:190} INFO - [2026-08-14T01:23:46.653+0000] {dagbag.py:588} INFO - Filling up the DagBag from /opt/airflow/dags/weather_dag.py
[2026-08-14T01:23:46.663+0000] {processor.py:925} INFO - DAG(s) 'weather_ingestion' retrieved from /opt/airflow/dags/weather_dag.py
[2026-08-14T01:23:46.680+0000] {logging_mixin.py:190} INFO - [2026-08-14T01:23:46.680+0000] {dag.py:3239} INFO - Sync 1 DAGs
[2026-08-14T01:23:46.694+0000] {logging_mixin.py:190} INFO - [2026-08-14T01:23:46.693+0000] {dag.py:4180} INFO - Setting next_dagrun for weather_ingestion to 2026-08-14 01:00:00+00:00, run_after=2026-08-14 02:00:00+00:00
[2026-08-14T01:23:46.702+0000] {processor.py:208} INFO - Processing /opt/airflow/dags/weather_dag.py took 0.059 seconds
[2026-08-14T01:24:17.037+0000] {processor.py:186} INFO - Started process (PID=12746) to work on /opt/airflow/dags/weather_dag.py
[2026-08-14T01:24:17.041+0000] {processor.py:914} INFO - Processing file /opt/airflow/dags/weather_dag.py for tasks to queue
[2026-08-14T01:24:17.050+0000] {logging_mixin.py:190} INFO - [2026-08-14T01:24:17.050+0000] {dagbag.py:588} INFO - Filling up the DagBag from /opt/airflow/dags/weather_dag.py
[2026-08-14T01:24:17.076+0000] {processor.py:925} INFO - DAG(s) 'weather_ingestion' retrieved from /opt/airflow/dags/weather_dag.py
[2026-08-14T01:24:17.101+0000] {logging_mixin.py:190} INFO - [2026-08-14T01:24:17.100+0000] {dag.py:3239} INFO - Sync 1 DAGs
[2026-08-14T01:24:17.116+0000] {logging_mixin.py:190} INFO - [2026-08-14T01:24:17.116+0000] {dag.py:4180} INFO - Setting next_dagrun for weather_ingestion to 2026-08-14 01:00:00+00:00, run_after=2026-08-14 02:00:00+00:00
[2026-08-14T01:24:17.125+0000] {processor.py:208} INFO - Processing /opt/airflow/dags/weather_dag.py took 0.109 seconds
[2026-08-14T01:24:47.358+0000] {processor.py:186} INFO - Started process (PID=12751) to work on /opt/airflow/dags/weather_dag.py
[2026-08-14T01:24:47.360+0000] {processor.py:914} INFO - Processing file /opt/airflow/dags/weather_dag.py for tasks to queue
[2026-08-14T01:24:47.361+0000] {logging_mixin.py:190} INFO - [2026-08-14T01:24:47.361+0000] {dagbag.py:588} INFO - Filling up the DagBag from /opt/airflow/dags/weather_dag.py
[2026-08-14T01:24:47.372+0000] {processor.py:925} INFO - DAG(s) 'weather_ingestion' retrieved from /opt/airflow/dags/weather_dag.py
[2026-08-14T01:24:47.402+0000] {logging_mixin.py:190} INFO - [2026-08-14T01:24:47.402+0000] {dag.py:3239} INFO - Sync 1 DAGs
[2026-08-14T01:24:47.417+0000] {logging_mixin.py:190} INFO - [2026-08-14T01:24:47.417+0000] {dag.py:4180} INFO - Setting next_dagrun for weather_ingestion to 2026-08-14 01:00:00+00:00, run_after=2026-08-14 02:00:00+00:00
[2026-08-14T01:24:47.428+0000] {processor.py:208} INFO - Processing /opt/airflow/dags/weather_dag.py took 0.075 seconds
[2026-08-14T01:25:17.689+0000] {processor.py:186} INFO - Started process (PID=12756) to work on /opt/airflow/dags/weather_dag.py
[2026-08-14T01:25:17.692+0000] {processor.py:914} INFO - Processing file /opt/airflow/dags/weather_dag.py for tasks to queue
[2026-08-14T01:25:17.695+0000] {logging_mixin.py:190} INFO - [2026-08-14T01:25:17.695+0000] {dagbag.py:588} INFO - Filling up the DagBag from /opt/airflow/dags/weather_dag.py
[2026-08-14T01:25:17.707+0000] {processor.py:925} INFO - DAG(s) 'weather_ingestion' retrieved from /opt/airflow/dags/weather_dag.py
[2026-08-14T01:25:17.729+0000] {logging_mixin.py:190} INFO - [2026-08-14T01:25:17.729+0000] {dag.py:3239} INFO - Sync 1 DAGs
[2026-08-14T01:25:17.742+0000] {logging_mixin.py:190} INFO - [2026-08-14T01:25:17.741+0000] {dag.py:4180} INFO - Setting next_dagrun for weather_ingestion to 2026-08-14 01:00:00+00:00, run_after=2026-08-14 02:00:00+00:00
[2026-08-14T01:25:17.749+0000] {processor.py:208} INFO - Processing /opt/airflow/dags/weather_dag.py took 0.067 seconds
[2026-08-14T01:25:48.067+0000] {processor.py:186} INFO - Started process (PID=12761) to work on /opt/airflow/dags/weather_dag.py
[2026-08-14T01:25:48.070+0000] {processor.py:914} INFO - Processing file /opt/airflow/dags/weather_dag.py for tasks to queue
[2026-08-14T01:25:48.078+0000] {logging_mixin.py:190} INFO - [2026-08-14T01:25:48.077+0000] {dagbag.py:588} INFO - Filling up the DagBag from /opt/airflow/dags/weather_dag.py
[2026-08-14T01:25:48.101+0000] {processor.py:925} INFO - DAG(s) 'weather_ingestion' retrieved from /opt/airflow/dags/weather_dag.py
[2026-08-14T01:25:48.127+0000] {logging_mixin.py:190} INFO - [2026-08-14T01:25:48.127+0000] {dag.py:3239} INFO - Sync 1 DAGs
[2026-08-14T01:25:48.144+0000] {logging_mixin.py:190} INFO - [2026-08-14T01:25:48.144+0000] {dag.py:4180} INFO - Setting next_dagrun for weather_ingestion to 2026-08-14 01:00:00+00:00, run_after=2026-08-14 02:00:00+00:00
[2026-08-14T01:25:48.153+0000] {processor.py:208} INFO - Processing /opt/airflow/dags/weather_dag.py took 0.102 seconds
[2026-08-14T01:26:18.404+0000] {processor.py:186} INFO - Started process (PID=12766) to work on /opt/airflow/dags/weather_dag.py
[2026-08-14T01:26:18.407+0000] {processor.py:914} INFO - Processing file /opt/airflow/dags/weather_dag.py for tasks to queue
[2026-08-14T01:26:18.409+0000] {logging_mixin.py:190} INFO - [2026-08-14T01:26:18.409+0000] {dagbag.py:588} INFO - Filling up the DagBag from /opt/airflow/dags/weather_dag.py
[2026-08-14T01:26:18.421+0000] {processor.py:925} INFO - DAG(s) 'weather_ingestion' retrieved from /opt/airflow/dags/weather_dag.py
[2026-08-14T01:26:18.441+0000] {logging_mixin.py:190} INFO - [2026-08-14T01:26:18.441+0000] {dag.py:3239} INFO - Sync 1 DAGs
[2026-08-14T01:26:18.456+0000] {logging_mixin.py:190} INFO - [2026-08-14T01:26:18.456+0000] {dag.py:4180} INFO - Setting next_dagrun for weather_ingestion to 2026-08-14 01:00:00+00:00, run_after=2026-08-14 02:00:00+00:00
[2026-08-14T01:26:18.464+0000] {processor.py:208} INFO - Processing /opt/airflow/dags/weather_dag.py took 0.068 seconds
[2026-08-14T01:26:48.783+0000] {processor.py:186} INFO - Started process (PID=12771) to work on /opt/airflow/dags/weather_dag.py
[2026-08-14T01:26:48.786+0000] {processor.py:914} INFO - Processing file /opt/airflow/dags/weather_dag.py for tasks to queue
[2026-08-14T01:26:48.793+0000] {logging_mixin.py:190} INFO - [2026-08-14T01:26:48.792+0000] {dagbag.py:588} INFO - Filling up the DagBag from /opt/airflow/dags/weather_dag.py
[2026-08-14T01:26:48.818+0000] {processor.py:925} INFO - DAG(s) 'weather_ingestion' retrieved from /opt/airflow/dags/weather_dag.py
[2026-08-14T01:26:48.856+0000] {logging_mixin.py:190} INFO - [2026-08-14T01:26:48.856+0000] {dag.py:3239} INFO - Sync 1 DAGs
[2026-08-14T01:26:48.875+0000] {logging_mixin.py:190} INFO - [2026-08-14T01:26:48.875+0000] {dag.py:4180} INFO - Setting next_dagrun for weather_ingestion to 2026-08-14 01:00:00+00:00, run_after=2026-08-14 02:00:00+00:00
[2026-08-14T01:26:48.885+0000] {processor.py:208} INFO - Processing /opt/airflow/dags/weather_dag.py took 0.115 seconds
[2026-08-14T01:27:19.127+0000] {processor.py:186} INFO - Started process (PID=12776) to work on /opt/airflow/dags/weather_dag.py
[2026-08-14T01:27:19.129+0000] {processor.py:914} INFO - Processing file /opt/airflow/dags/weather_dag.py for tasks to queue
[2026-08-14T01:27:19.131+0000] {logging_mixin.py:190} INFO - [2026-08-14T01:27:19.131+0000] {dagbag.py:588} INFO - Filling up the DagBag from /opt/airflow/dags/weather_dag.py
[2026-08-14T01:27:19.140+0000] {processor.py:925} INFO - DAG(s) 'weather_ingestion' retrieved from /opt/airflow/dags/weather_dag.py
[2026-08-14T01:27:19.158+0000] {logging_mixin.py:190} INFO - [2026-08-14T01:27:19.158+0000] {dag.py:3239} INFO - Sync 1 DAGs
[2026-08-14T01:27:19.171+0000] {logging_mixin.py:190} INFO - [2026-08-14T01:27:19.171+0000] {dag.py:4180} INFO - Setting next_dagrun for weather_ingestion to 2026-08-14 01:00:00+00:00, run_after=2026-08-14 02:00:00+00:00
[2026-08-14T01:27:19.179+0000] {processor.py:208} INFO - Processing /opt/airflow/dags/weather_dag.py took 0.061 seconds
[2026-08-14T01:27:49.471+0000] {processor.py:186} INFO - Started process (PID=12781) to work on /opt/airflow/dags/weather_dag.py
[2026-08-14T01:27:49.473+0000] {processor.py:914} INFO - Processing file /opt/airflow/dags/weather_dag.py for tasks to queue
[2026-08-14T01:27:49.477+0000] {logging_mixin.py:190} INFO - [2026-08-14T01:27:49.476+0000] {dagbag.py:588} INFO - Filling up the DagBag from /opt/airflow/dags/weather_dag.py
[2026-08-14T01:27:49.495+0000] {processor.py:925} INFO - DAG(s) 'weather_ingestion' retrieved from /opt/airflow/dags/weather_dag.py
[2026-08-14T01:27:49.520+0000] {logging_mixin.py:190} INFO - [2026-08-14T01:27:49.520+0000] {dag.py:3239} INFO - Sync 1 DAGs
[2026-08-14T01:27:49.536+0000] {logging_mixin.py:190} INFO - [2026-08-14T01:27:49.536+0000] {dag.py:4180} INFO - Setting next_dagrun for weather_ingestion to 2026-08-14 01:00:00+00:00, run_after=2026-08-14 02:00:00+00:00
[2026-08-14T01:27:49.544+0000] {processor.py:208} INFO - Processing /opt/airflow/dags/weather_dag.py took 0.082 seconds
[2026-08-14T01:28:19.823+0000] {processor.py:186} INFO - Started process (PID=12786) to work on /opt/airflow/dags/weather_dag.py
[2026-08-14T01:28:19.826+0000] {processor.py:914} INFO - Processing file /opt/airflow/dags/weather_dag.py for tasks to queue
[2026-08-14T01:28:19.828+0000] {logging_mixin.py:190} INFO - [2026-08-14T01:28:19.828+0000] {dagbag.py:588} INFO - Filling up the DagBag from /opt/airflow/dags/weather_dag.py
[2026-08-14T01:28:19.838+0000] {processor.py:925} INFO - DAG(s) 'weather_ingestion' retrieved from /opt/airflow/dags/weather_dag.py
[2026-08-14T01:28:19.858+0000] {logging_mixin.py:190} INFO - [2026-08-14T01:28:19.858+0000] {dag.py:3239} INFO - Sync 1 DAGs
[2026-08-14T01:28:19.871+0000] {logging_mixin.py:190} INFO - [2026-08-14T01:28:19.871+0000] {dag.py:4180} INFO - Setting next_dagrun for weather_ingestion to 2026-08-14 01:00:00+00:00, run_after=2026-08-14 02:00:00+00:00
[2026-08-14T01:28:19.878+0000] {processor.py:208} INFO - Processing /opt/airflow/dags/weather_dag.py took 0.066 seconds
[2026-08-14T01:28:50.184+0000] {processor.py:186} INFO - Started process (PID=12791) to work on /opt/airflow/dags/weather_dag.py
[2026-08-14T01:28:50.188+0000] {processor.py:914} INFO - Processing file /opt/airflow/dags/weather_dag.py for tasks to queue
[2026-08-14T01:28:50.191+0000] {logging_mixin.py:190} INFO - [2026-08-14T01:28:50.190+0000] {dagbag.py:588} INFO - Filling up the DagBag from /opt/airflow/dags/weather_dag.py
[2026-08-14T01:28:50.204+0000] {processor.py:925} INFO - DAG(s) 'weather_ingestion' retrieved from /opt/airflow/dags/weather_dag.py
[2026-08-14T01:28:50.224+0000] {logging_mixin.py:190} INFO - [2026-08-14T01:28:50.224+0000] {dag.py:3239} INFO - Sync 1 DAGs
[2026-08-14T01:28:50.236+0000] {logging_mixin.py:190} INFO - [2026-08-14T01:28:50.236+0000] {dag.py:4180} INFO - Setting next_dagrun for weather_ingestion to 2026-08-14 01:00:00+00:00, run_after=2026-08-14 02:00:00+00:00
[2026-08-14T01:28:50.243+0000] {processor.py:208} INFO - Processing /opt/airflow/dags/weather_dag.py took 0.068 seconds
[2026-08-14T01:29:20.537+0000] {processor.py:186} INFO - Started process (PID=12796) to work on /opt/airflow/dags/weather_dag.py
[2026-08-14T01:29:20.540+0000] {processor.py:914} INFO - Processing file /opt/airflow/dags/weather_dag.py for tasks to queue
[2026-08-14T01:29:20.544+0000] {logging_mixin.py:190} INFO - [2026-08-14T01:29:20.544+0000] {dagbag.py:588} INFO - Filling up the DagBag from /opt/airflow/dags/weather_dag.py
[2026-08-14T01:29:20.603+0000] {processor.py:925} INFO - DAG(s) 'weather_ingestion' retrieved from /opt/airflow/dags/weather_dag.py
[2026-08-14T01:29:20.628+0000] {logging_mixin.py:190} INFO - [2026-08-14T01:29:20.628+0000] {dag.py:3239} INFO - Sync 1 DAGs
[2026-08-14T01:29:20.646+0000] {logging_mixin.py:190} INFO - [2026-08-14T01:29:20.646+0000] {dag.py:4180} INFO - Setting next_dagrun for weather_ingestion to 2026-08-14 01:00:00+00:00, run_after=2026-08-14 02:00:00+00:00
[2026-08-14T01:29:20.656+0000] {processor.py:208} INFO - Processing /opt/airflow/dags/weather_dag.py took 0.129 seconds
[2026-08-14T01:29:50.918+0000] {processor.py:186} INFO - Started process (PID=12801) to work on /opt/airflow/dags/weather_dag.py
[2026-08-14T01:29:50.920+0000] {processor.py:914} INFO - Processing file /opt/airflow/dags/weather_dag.py for tasks to queue
[2026-08-14T01:29:50.925+0000] {logging_mixin.py:190} INFO - [2026-08-14T01:29:50.925+0000] {dagbag.py:588} INFO - Filling up the DagBag from /opt/airflow/dags/weather_dag.py
[2026-08-14T01:29:50.951+0000] {processor.py:925} INFO - DAG(s) 'weather_ingestion' retrieved from /opt/airflow/dags/weather_dag.py
[2026-08-14T01:29:50.982+0000] {logging_mixin.py:190} INFO - [2026-08-14T01:29:50.982+0000] {dag.py:3239} INFO - Sync 1 DAGs
[2026-08-14T01:29:51.002+0000] {logging_mixin.py:190} INFO - [2026-08-14T01:29:51.002+0000] {dag.py:4180} INFO - Setting next_dagrun for weather_ingestion to 2026-08-14 01:00:00+00:00, run_after=2026-08-14 02:00:00+00:00
[2026-08-14T01:29:51.012+0000] {processor.py:208} INFO - Processing /opt/airflow/dags/weather_dag.py took 0.111 seconds
[2026-08-14T01:30:21.343+0000] {processor.py:186} INFO - Started process (PID=12806) to work on /opt/airflow/dags/weather_dag.py
[2026-08-14T01:30:21.345+0000] {processor.py:914} INFO - Processing file /opt/airflow/dags/weather_dag.py for tasks to queue
[2026-08-14T01:30:21.350+0000] {logging_mixin.py:190} INFO - [2026-08-14T01:30:21.349+0000] {dagbag.py:588} INFO - Filling up the DagBag from /opt/airflow/dags/weather_dag.py
[2026-08-14T01:30:21.367+0000] {processor.py:925} INFO - DAG(s) 'weather_ingestion' retrieved from /opt/airflow/dags/weather_dag.py
[2026-08-14T01:30:21.394+0000] {logging_mixin.py:190} INFO - [2026-08-14T01:30:21.394+0000] {dag.py:3239} INFO - Sync 1 DAGs
[2026-08-14T01:30:21.414+0000] {logging_mixin.py:190} INFO - [2026-08-14T01:30:21.414+0000] {dag.py:4180} INFO - Setting next_dagrun for weather_ingestion to 2026-08-14 01:00:00+00:00, run_after=2026-08-14 02:00:00+00:00
[2026-08-14T01:30:21.423+0000] {processor.py:208} INFO - Processing /opt/airflow/dags/weather_dag.py took 0.086 seconds
[2026-08-14T01:30:51.793+0000] {processor.py:186} INFO - Started process (PID=12811) to work on /opt/airflow/dags/weather_dag.py
[2026-08-14T01:30:51.795+0000] {processor.py:914} INFO - Processing file /opt/airflow/dags/weather_dag.py for tasks to queue
[2026-08-14T01:30:51.800+0000] {logging_mixin.py:190} INFO - [2026-08-14T01:30:51.799+0000] {dagbag.py:588} INFO - Filling up the DagBag from /opt/airflow/dags/weather_dag.py
[2026-08-14T01:30:51.820+0000] {processor.py:925} INFO - DAG(s) 'weather_ingestion' retrieved from /opt/airflow/dags/weather_dag.py
[2026-08-14T01:30:51.856+0000] {logging_mixin.py:190} INFO - [2026-08-14T01:30:51.855+0000] {dag.py:3239} INFO - Sync 1 DAGs
[2026-08-14T01:30:51.875+0000] {logging_mixin.py:190} INFO - [2026-08-14T01:30:51.875+0000] {dag.py:4180} INFO - Setting next_dagrun for weather_ingestion to 2026-08-14 01:00:00+00:00, run_after=2026-08-14 02:00:00+00:00
[2026-08-14T01:30:51.884+0000] {processor.py:208} INFO - Processing /opt/airflow/dags/weather_dag.py took 0.137 seconds
[2026-08-14T01:31:22.125+0000] {processor.py:186} INFO - Started process (PID=12816) to work on /opt/airflow/dags/weather_dag.py
[2026-08-14T01:31:22.128+0000] {processor.py:914} INFO - Processing file /opt/airflow/dags/weather_dag.py for tasks to queue
[2026-08-14T01:31:22.131+0000] {logging_mixin.py:190} INFO - [2026-08-14T01:31:22.130+0000] {dagbag.py:588} INFO - Filling up the DagBag from /opt/airflow/dags/weather_dag.py
[2026-08-14T01:31:22.142+0000] {processor.py:925} INFO - DAG(s) 'weather_ingestion' retrieved from /opt/airflow/dags/weather_dag.py
[2026-08-14T01:31:22.166+0000] {logging_mixin.py:190} INFO - [2026-08-14T01:31:22.166+0000] {dag.py:3239} INFO - Sync 1 DAGs
[2026-08-14T01:31:22.178+0000] {logging_mixin.py:190} INFO - [2026-08-14T01:31:22.178+0000] {dag.py:4180} INFO - Setting next_dagrun for weather_ingestion to 2026-08-14 01:00:00+00:00, run_after=2026-08-14 02:00:00+00:00
[2026-08-14T01:31:22.185+0000] {processor.py:208} INFO - Processing /opt/airflow/dags/weather_dag.py took 0.072 seconds
[2026-08-14T01:31:52.569+0000] {processor.py:186} INFO - Started process (PID=12821) to work on /opt/airflow/dags/weather_dag.py
[2026-08-14T01:31:52.572+0000] {processor.py:914} INFO - Processing file /opt/airflow/dags/weather_dag.py for tasks to queue
[2026-08-14T01:31:52.578+0000] {logging_mixin.py:190} INFO - [2026-08-14T01:31:52.577+0000] {dagbag.py:588} INFO - Filling up the DagBag from /opt/airflow/dags/weather_dag.py
[2026-08-14T01:31:52.599+0000] {processor.py:925} INFO - DAG(s) 'weather_ingestion' retrieved from /opt/airflow/dags/weather_dag.py
[2026-08-14T01:31:52.630+0000] {logging_mixin.py:190} INFO - [2026-08-14T01:31:52.630+0000] {dag.py:3239} INFO - Sync 1 DAGs
[2026-08-14T01:31:52.647+0000] {logging_mixin.py:190} INFO - [2026-08-14T01:31:52.647+0000] {dag.py:4180} INFO - Setting next_dagrun for weather_ingestion to 2026-08-14 01:00:00+00:00, run_after=2026-08-14 02:00:00+00:00
[2026-08-14T01:31:52.656+0000] {processor.py:208} INFO - Processing /opt/airflow/dags/weather_dag.py took 0.099 seconds
[2026-08-14T01:32:22.838+0000] {processor.py:186} INFO - Started process (PID=12826) to work on /opt/airflow/dags/weather_dag.py
[2026-08-14T01:32:22.842+0000] {processor.py:914} INFO - Processing file /opt/airflow/dags/weather_dag.py for tasks to queue
[2026-08-14T01:32:22.844+0000] {logging_mixin.py:190} INFO - [2026-08-14T01:32:22.844+0000] {dagbag.py:588} INFO - Filling up the DagBag from /opt/airflow/dags/weather_dag.py
[2026-08-14T01:32:22.851+0000] {processor.py:925} INFO - DAG(s) 'weather_ingestion' retrieved from /opt/airflow/dags/weather_dag.py
[2026-08-14T01:32:22.877+0000] {logging_mixin.py:190} INFO - [2026-08-14T01:32:22.877+0000] {dag.py:3239} INFO - Sync 1 DAGs
[2026-08-14T01:32:22.889+0000] {logging_mixin.py:190} INFO - [2026-08-14T01:32:22.889+0000] {dag.py:4180} INFO - Setting next_dagrun for weather_ingestion to 2026-08-14 01:00:00+00:00, run_after=2026-08-14 02:00:00+00:00
[2026-08-14T01:32:22.897+0000] {processor.py:208} INFO - Processing /opt/airflow/dags/weather_dag.py took 0.063 seconds
[2026-08-14T01:32:53.136+0000] {processor.py:186} INFO - Started process (PID=12831) to work on /opt/airflow/dags/weather_dag.py
[2026-08-14T01:32:53.138+0000] {processor.py:914} INFO - Processing file /opt/airflow/dags/weather_dag.py for tasks to queue
[2026-08-14T01:32:53.141+0000] {logging_mixin.py:190} INFO - [2026-08-14T01:32:53.141+0000] {dagbag.py:588} INFO - Filling up the DagBag from /opt/airflow/dags/weather_dag.py
[2026-08-14T01:32:53.157+0000] {processor.py:925} INFO - DAG(s) 'weather_ingestion' retrieved from /opt/airflow/dags/weather_dag.py
[2026-08-14T01:32:53.182+0000] {logging_mixin.py:190} INFO - [2026-08-14T01:32:53.182+0000] {dag.py:3239} INFO - Sync 1 DAGs
[2026-08-14T01:32:53.199+0000] {logging_mixin.py:190} INFO - [2026-08-14T01:32:53.199+0000] {dag.py:4180} INFO - Setting next_dagrun for weather_ingestion to 2026-08-14 01:00:00+00:00, run_after=2026-08-14 02:00:00+00:00
[2026-08-14T01:32:53.208+0000] {processor.py:208} INFO - Processing /opt/airflow/dags/weather_dag.py took 0.081 seconds
[2026-08-14T01:33:23.500+0000] {processor.py:186} INFO - Started process (PID=12836) to work on /opt/airflow/dags/weather_dag.py
[2026-08-14T01:33:23.502+0000] {processor.py:914} INFO - Processing file /opt/airflow/dags/weather_dag.py for tasks to queue
[2026-08-14T01:33:23.505+0000] {logging_mixin.py:190} INFO - [2026-08-14T01:33:23.505+0000] {dagbag.py:588} INFO - Filling up the DagBag from /opt/airflow/dags/weather_dag.py
[2026-08-14T01:33:23.516+0000] {processor.py:925} INFO - DAG(s) 'weather_ingestion' retrieved from /opt/airflow/dags/weather_dag.py
[2026-08-14T01:33:23.535+0000] {logging_mixin.py:190} INFO - [2026-08-14T01:33:23.535+0000] {dag.py:3239} INFO - Sync 1 DAGs
[2026-08-14T01:33:23.549+0000] {logging_mixin.py:190} INFO - [2026-08-14T01:33:23.549+0000] {dag.py:4180} INFO - Setting next_dagrun for weather_ingestion to 2026-08-14 01:00:00+00:00, run_after=2026-08-14 02:00:00+00:00
[2026-08-14T01:33:23.558+0000] {processor.py:208} INFO - Processing /opt/airflow/dags/weather_dag.py took 0.064 seconds
[2026-08-14T01:33:53.879+0000] {processor.py:186} INFO - Started process (PID=12841) to work on /opt/airflow/dags/weather_dag.py
[2026-08-14T01:33:53.881+0000] {processor.py:914} INFO - Processing file /opt/airflow/dags/weather_dag.py for tasks to queue
[2026-08-14T01:33:53.885+0000] {logging_mixin.py:190} INFO - [2026-08-14T01:33:53.885+0000] {dagbag.py:588} INFO - Filling up the DagBag from /opt/airflow/dags/weather_dag.py
[2026-08-14T01:33:53.901+0000] {processor.py:925} INFO - DAG(s) 'weather_ingestion' retrieved from /opt/airflow/dags/weather_dag.py
[2026-08-14T01:33:53.923+0000] {logging_mixin.py:190} INFO - [2026-08-14T01:33:53.923+0000] {dag.py:3239} INFO - Sync 1 DAGs
[2026-08-14T01:33:53.938+0000] {logging_mixin.py:190} INFO - [2026-08-14T01:33:53.938+0000] {dag.py:4180} INFO - Setting next_dagrun for weather_ingestion to 2026-08-14 01:00:00+00:00, run_after=2026-08-14 02:00:00+00:00
[2026-08-14T01:33:53.947+0000] {processor.py:208} INFO - Processing /opt/airflow/dags/weather_dag.py took 0.079 seconds
[2026-08-14T01:34:24.275+0000] {processor.py:186} INFO - Started process (PID=12846) to work on /opt/airflow/dags/weather_dag.py
[2026-08-14T01:34:24.277+0000] {processor.py:914} INFO - Processing file /opt/airflow/dags/weather_dag.py for tasks to queue
[2026-08-14T01:34:24.280+0000] {logging_mixin.py:190} INFO - [2026-08-14T01:34:24.280+0000] {dagbag.py:588} INFO - Filling up the DagBag from /opt/airflow/dags/weather_dag.py
[2026-08-14T01:34:24.292+0000] {processor.py:925} INFO - DAG(s) 'weather_ingestion' retrieved from /opt/airflow/dags/weather_dag.py
[2026-08-14T01:34:24.317+0000] {logging_mixin.py:190} INFO - [2026-08-14T01:34:24.317+0000] {dag.py:3239} INFO - Sync 1 DAGs
[2026-08-14T01:34:24.336+0000] {logging_mixin.py:190} INFO - [2026-08-14T01:34:24.336+0000] {dag.py:4180} INFO - Setting next_dagrun for weather_ingestion to 2026-08-14 01:00:00+00:00, run_after=2026-08-14 02:00:00+00:00
[2026-08-14T01:34:24.346+0000] {processor.py:208} INFO - Processing /opt/airflow/dags/weather_dag.py took 0.079 seconds
[2026-08-14T01:34:54.653+0000] {processor.py:186} INFO - Started process (PID=12851) to work on /opt/airflow/dags/weather_dag.py
[2026-08-14T01:34:54.657+0000] {processor.py:914} INFO - Processing file /opt/airflow/dags/weather_dag.py for tasks to queue
[2026-08-14T01:34:54.665+0000] {logging_mixin.py:190} INFO - [2026-08-14T01:34:54.664+0000] {dagbag.py:588} INFO - Filling up the DagBag from /opt/airflow/dags/weather_dag.py
[2026-08-14T01:34:54.686+0000] {processor.py:925} INFO - DAG(s) 'weather_ingestion' retrieved from /opt/airflow/dags/weather_dag.py
[2026-08-14T01:34:54.713+0000] {logging_mixin.py:190} INFO - [2026-08-14T01:34:54.713+0000] {dag.py:3239} INFO - Sync 1 DAGs
[2026-08-14T01:34:54.738+0000] {logging_mixin.py:190} INFO - [2026-08-14T01:34:54.737+0000] {dag.py:4180} INFO - Setting next_dagrun for weather_ingestion to 2026-08-14 01:00:00+00:00, run_after=2026-08-14 02:00:00+00:00
[2026-08-14T01:34:54.748+0000] {processor.py:208} INFO - Processing /opt/airflow/dags/weather_dag.py took 0.112 seconds
[2026-08-14T01:35:25.112+0000] {processor.py:186} INFO - Started process (PID=12856) to work on /opt/airflow/dags/weather_dag.py
[2026-08-14T01:35:25.134+0000] {processor.py:914} INFO - Processing file /opt/airflow/dags/weather_dag.py for tasks to queue
[2026-08-14T01:35:25.154+0000] {logging_mixin.py:190} INFO - [2026-08-14T01:35:25.150+0000] {dagbag.py:588} INFO - Filling up the DagBag from /opt/airflow/dags/weather_dag.py
[2026-08-14T01:35:25.181+0000] {processor.py:925} INFO - DAG(s) 'weather_ingestion' retrieved from /opt/airflow/dags/weather_dag.py
[2026-08-14T01:35:25.218+0000] {logging_mixin.py:190} INFO - [2026-08-14T01:35:25.217+0000] {dag.py:3239} INFO - Sync 1 DAGs
[2026-08-14T01:35:25.240+0000] {logging_mixin.py:190} INFO - [2026-08-14T01:35:25.240+0000] {dag.py:4180} INFO - Setting next_dagrun for weather_ingestion to 2026-08-14 01:00:00+00:00, run_after=2026-08-14 02:00:00+00:00
[2026-08-14T01:35:25.251+0000] {processor.py:208} INFO - Processing /opt/airflow/dags/weather_dag.py took 0.163 seconds
[2026-08-14T01:35:55.529+0000] {processor.py:186} INFO - Started process (PID=12861) to work on /opt/airflow/dags/weather_dag.py
[2026-08-14T01:35:55.531+0000] {processor.py:914} INFO - Processing file /opt/airflow/dags/weather_dag.py for tasks to queue
[2026-08-14T01:35:55.535+0000] {logging_mixin.py:190} INFO - [2026-08-14T01:35:55.535+0000] {dagbag.py:588} INFO - Filling up the DagBag from /opt/airflow/dags/weather_dag.py
[2026-08-14T01:35:55.554+0000] {processor.py:925} INFO - DAG(s) 'weather_ingestion' retrieved from /opt/airflow/dags/weather_dag.py
[2026-08-14T01:35:55.578+0000] {logging_mixin.py:190} INFO - [2026-08-14T01:35:55.578+0000] {dag.py:3239} INFO - Sync 1 DAGs
[2026-08-14T01:35:55.595+0000] {logging_mixin.py:190} INFO - [2026-08-14T01:35:55.595+0000] {dag.py:4180} INFO - Setting next_dagrun for weather_ingestion to 2026-08-14 01:00:00+00:00, run_after=2026-08-14 02:00:00+00:00
[2026-08-14T01:35:55.604+0000] {processor.py:208} INFO - Processing /opt/airflow/dags/weather_dag.py took 0.086 seconds
[2026-08-14T01:36:25.843+0000] {processor.py:186} INFO - Started process (PID=12866) to work on /opt/airflow/dags/weather_dag.py
[2026-08-14T01:36:25.845+0000] {processor.py:914} INFO - Processing file /opt/airflow/dags/weather_dag.py for tasks to queue
[2026-08-14T01:36:25.848+0000] {logging_mixin.py:190} INFO - [2026-08-14T01:36:25.847+0000] {dagbag.py:588} INFO - Filling up the DagBag from /opt/airflow/dags/weather_dag.py
[2026-08-14T01:36:25.858+0000] {processor.py:925} INFO - DAG(s) 'weather_ingestion' retrieved from /opt/airflow/dags/weather_dag.py
[2026-08-14T01:36:25.874+0000] {logging_mixin.py:190} INFO - [2026-08-14T01:36:25.874+0000] {dag.py:3239} INFO - Sync 1 DAGs
[2026-08-14T01:36:25.886+0000] {logging_mixin.py:190} INFO - [2026-08-14T01:36:25.886+0000] {dag.py:4180} INFO - Setting next_dagrun for weather_ingestion to 2026-08-14 01:00:00+00:00, run_after=2026-08-14 02:00:00+00:00
[2026-08-14T01:36:25.894+0000] {processor.py:208} INFO - Processing /opt/airflow/dags/weather_dag.py took 0.056 seconds
[2026-08-14T01:36:56.133+0000] {processor.py:186} INFO - Started process (PID=12871) to work on /opt/airflow/dags/weather_dag.py
[2026-08-14T01:36:56.135+0000] {processor.py:914} INFO - Processing file /opt/airflow/dags/weather_dag.py for tasks to queue
[2026-08-14T01:36:56.137+0000] {logging_mixin.py:190} INFO - [2026-08-14T01:36:56.137+0000] {dagbag.py:588} INFO - Filling up the DagBag from /opt/airflow/dags/weather_dag.py
[2026-08-14T01:36:56.148+0000] {processor.py:925} INFO - DAG(s) 'weather_ingestion' retrieved from /opt/airflow/dags/weather_dag.py
[2026-08-14T01:36:56.166+0000] {logging_mixin.py:190} INFO - [2026-08-14T01:36:56.166+0000] {dag.py:3239} INFO - Sync 1 DAGs
[2026-08-14T01:36:56.177+0000] {logging_mixin.py:190} INFO - [2026-08-14T01:36:56.177+0000] {dag.py:4180} INFO - Setting next_dagrun for weather_ingestion to 2026-08-14 01:00:00+00:00, run_after=2026-08-14 02:00:00+00:00
[2026-08-14T01:36:56.185+0000] {processor.py:208} INFO - Processing /opt/airflow/dags/weather_dag.py took 0.058 seconds
[2026-08-14T01:37:26.468+0000] {processor.py:186} INFO - Started process (PID=12876) to work on /opt/airflow/dags/weather_dag.py
[2026-08-14T01:37:26.470+0000] {processor.py:914} INFO - Processing file /opt/airflow/dags/weather_dag.py for tasks to queue
[2026-08-14T01:37:26.473+0000] {logging_mixin.py:190} INFO - [2026-08-14T01:37:26.472+0000] {dagbag.py:588} INFO - Filling up the DagBag from /opt/airflow/dags/weather_dag.py
[2026-08-14T01:37:26.483+0000] {processor.py:925} INFO - DAG(s) 'weather_ingestion' retrieved from /opt/airflow/dags/weather_dag.py
[2026-08-14T01:37:26.503+0000] {logging_mixin.py:190} INFO - [2026-08-14T01:37:26.502+0000] {dag.py:3239} INFO - Sync 1 DAGs
[2026-08-14T01:37:26.513+0000] {logging_mixin.py:190} INFO - [2026-08-14T01:37:26.513+0000] {dag.py:4180} INFO - Setting next_dagrun for weather_ingestion to 2026-08-14 01:00:00+00:00, run_after=2026-08-14 02:00:00+00:00
[2026-08-14T01:37:26.521+0000] {processor.py:208} INFO - Processing /opt/airflow/dags/weather_dag.py took 0.060 seconds
[2026-08-14T01:37:56.826+0000] {processor.py:186} INFO - Started process (PID=12881) to work on /opt/airflow/dags/weather_dag.py
[2026-08-14T01:37:56.827+0000] {processor.py:914} INFO - Processing file /opt/airflow/dags/weather_dag.py for tasks to queue
[2026-08-14T01:37:56.830+0000] {logging_mixin.py:190} INFO - [2026-08-14T01:37:56.829+0000] {dagbag.py:588} INFO - Filling up the DagBag from /opt/airflow/dags/weather_dag.py
[2026-08-14T01:37:56.838+0000] {processor.py:925} INFO - DAG(s) 'weather_ingestion' retrieved from /opt/airflow/dags/weather_dag.py
[2026-08-14T01:37:56.857+0000] {logging_mixin.py:190} INFO - [2026-08-14T01:37:56.857+0000] {dag.py:3239} INFO - Sync 1 DAGs
[2026-08-14T01:37:56.870+0000] {logging_mixin.py:190} INFO - [2026-08-14T01:37:56.870+0000] {dag.py:4180} INFO - Setting next_dagrun for weather_ingestion to 2026-08-14 01:00:00+00:00, run_after=2026-08-14 02:00:00+00:00
[2026-08-14T01:37:56.878+0000] {processor.py:208} INFO - Processing /opt/airflow/dags/weather_dag.py took 0.058 seconds
[2026-08-14T01:38:27.200+0000] {processor.py:186} INFO - Started process (PID=12886) to work on /opt/airflow/dags/weather_dag.py
[2026-08-14T01:38:27.202+0000] {processor.py:914} INFO - Processing file /opt/airflow/dags/weather_dag.py for tasks to queue
[2026-08-14T01:38:27.204+0000] {logging_mixin.py:190} INFO - [2026-08-14T01:38:27.204+0000] {dagbag.py:588} INFO - Filling up the DagBag from /opt/airflow/dags/weather_dag.py
[2026-08-14T01:38:27.213+0000] {processor.py:925} INFO - DAG(s) 'weather_ingestion' retrieved from /opt/airflow/dags/weather_dag.py
[2026-08-14T01:38:27.231+0000] {logging_mixin.py:190} INFO - [2026-08-14T01:38:27.231+0000] {dag.py:3239} INFO - Sync 1 DAGs
[2026-08-14T01:38:27.244+0000] {logging_mixin.py:190} INFO - [2026-08-14T01:38:27.244+0000] {dag.py:4180} INFO - Setting next_dagrun for weather_ingestion to 2026-08-14 01:00:00+00:00, run_after=2026-08-14 02:00:00+00:00
[2026-08-14T01:38:27.251+0000] {processor.py:208} INFO - Processing /opt/airflow/dags/weather_dag.py took 0.056 seconds
[2026-08-14T01:38:57.555+0000] {processor.py:186} INFO - Started process (PID=12891) to work on /opt/airflow/dags/weather_dag.py
[2026-08-14T01:38:57.557+0000] {processor.py:914} INFO - Processing file /opt/airflow/dags/weather_dag.py for tasks to queue
[2026-08-14T01:38:57.561+0000] {logging_mixin.py:190} INFO - [2026-08-14T01:38:57.560+0000] {dagbag.py:588} INFO - Filling up the DagBag from /opt/airflow/dags/weather_dag.py
[2026-08-14T01:38:57.576+0000] {processor.py:925} INFO - DAG(s) 'weather_ingestion' retrieved from /opt/airflow/dags/weather_dag.py
[2026-08-14T01:38:57.601+0000] {logging_mixin.py:190} INFO - [2026-08-14T01:38:57.601+0000] {dag.py:3239} INFO - Sync 1 DAGs
[2026-08-14T01:38:57.617+0000] {logging_mixin.py:190} INFO - [2026-08-14T01:38:57.617+0000] {dag.py:4180} INFO - Setting next_dagrun for weather_ingestion to 2026-08-14 01:00:00+00:00, run_after=2026-08-14 02:00:00+00:00
[2026-08-14T01:38:57.627+0000] {processor.py:208} INFO - Processing /opt/airflow/dags/weather_dag.py took 0.082 seconds
[2026-08-14T01:39:27.906+0000] {processor.py:186} INFO - Started process (PID=12896) to work on /opt/airflow/dags/weather_dag.py
[2026-08-14T01:39:27.908+0000] {processor.py:914} INFO - Processing file /opt/airflow/dags/weather_dag.py for tasks to queue
[2026-08-14T01:39:27.910+0000] {logging_mixin.py:190} INFO - [2026-08-14T01:39:27.910+0000] {dagbag.py:588} INFO - Filling up the DagBag from /opt/airflow/dags/weather_dag.py
[2026-08-14T01:39:27.920+0000] {processor.py:925} INFO - DAG(s) 'weather_ingestion' retrieved from /opt/airflow/dags/weather_dag.py
[2026-08-14T01:39:27.942+0000] {logging_mixin.py:190} INFO - [2026-08-14T01:39:27.941+0000] {dag.py:3239} INFO - Sync 1 DAGs
[2026-08-14T01:39:27.953+0000] {logging_mixin.py:190} INFO - [2026-08-14T01:39:27.953+0000] {dag.py:4180} INFO - Setting next_dagrun for weather_ingestion to 2026-08-14 01:00:00+00:00, run_after=2026-08-14 02:00:00+00:00
[2026-08-14T01:39:27.960+0000] {processor.py:208} INFO - Processing /opt/airflow/dags/weather_dag.py took 0.063 seconds
[2026-08-14T01:39:58.229+0000] {processor.py:186} INFO - Started process (PID=12901) to work on /opt/airflow/dags/weather_dag.py
[2026-08-14T01:39:58.230+0000] {processor.py:914} INFO - Processing file /opt/airflow/dags/weather_dag.py for tasks to queue
[2026-08-14T01:39:58.232+0000] {logging_mixin.py:190} INFO - [2026-08-14T01:39:58.232+0000] {dagbag.py:588} INFO - Filling up the DagBag from /opt/airflow/dags/weather_dag.py
[2026-08-14T01:39:58.243+0000] {processor.py:925} INFO - DAG(s) 'weather_ingestion' retrieved from /opt/airflow/dags/weather_dag.py
[2026-08-14T01:39:58.260+0000] {logging_mixin.py:190} INFO - [2026-08-14T01:39:58.260+0000] {dag.py:3239} INFO - Sync 1 DAGs
[2026-08-14T01:39:58.271+0000] {logging_mixin.py:190} INFO - [2026-08-14T01:39:58.271+0000] {dag.py:4180} INFO - Setting next_dagrun for weather_ingestion to 2026-08-14 01:00:00+00:00, run_after=2026-08-14 02:00:00+00:00
[2026-08-14T01:39:58.278+0000] {processor.py:208} INFO - Processing /opt/airflow/dags/weather_dag.py took 0.056 seconds
[2026-08-14T01:40:28.587+0000] {processor.py:186} INFO - Started process (PID=12906) to work on /opt/airflow/dags/weather_dag.py
[2026-08-14T01:40:28.590+0000] {processor.py:914} INFO - Processing file /opt/airflow/dags/weather_dag.py for tasks to queue
[2026-08-14T01:40:28.592+0000] {logging_mixin.py:190} INFO - [2026-08-14T01:40:28.592+0000] {dagbag.py:588} INFO - Filling up the DagBag from /opt/airflow/dags/weather_dag.py
[2026-08-14T01:40:28.604+0000] {processor.py:925} INFO - DAG(s) 'weather_ingestion' retrieved from /opt/airflow/dags/weather_dag.py
[2026-08-14T01:40:28.623+0000] {logging_mixin.py:190} INFO - [2026-08-14T01:40:28.623+0000] {dag.py:3239} INFO - Sync 1 DAGs
[2026-08-14T01:40:28.635+0000] {logging_mixin.py:190} INFO - [2026-08-14T01:40:28.635+0000] {dag.py:4180} INFO - Setting next_dagrun for weather_ingestion to 2026-08-14 01:00:00+00:00, run_after=2026-08-14 02:00:00+00:00
[2026-08-14T01:40:28.642+0000] {processor.py:208} INFO - Processing /opt/airflow/dags/weather_dag.py took 0.063 seconds
[2026-08-14T01:40:58.951+0000] {processor.py:186} INFO - Started process (PID=12911) to work on /opt/airflow/dags/weather_dag.py
[2026-08-14T01:40:58.953+0000] {processor.py:914} INFO - Processing file /opt/airflow/dags/weather_dag.py for tasks to queue
[2026-08-14T01:40:58.955+0000] {logging_mixin.py:190} INFO - [2026-08-14T01:40:58.955+0000] {dagbag.py:588} INFO - Filling up the DagBag from /opt/airflow/dags/weather_dag.py
[2026-08-14T01:40:58.965+0000] {processor.py:925} INFO - DAG(s) 'weather_ingestion' retrieved from /opt/airflow/dags/weather_dag.py
[2026-08-14T01:40:58.983+0000] {logging_mixin.py:190} INFO - [2026-08-14T01:40:58.983+0000] {dag.py:3239} INFO - Sync 1 DAGs
[2026-08-14T01:40:58.996+0000] {logging_mixin.py:190} INFO - [2026-08-14T01:40:58.996+0000] {dag.py:4180} INFO - Setting next_dagrun for weather_ingestion to 2026-08-14 01:00:00+00:00, run_after=2026-08-14 02:00:00+00:00
[2026-08-14T01:40:59.004+0000] {processor.py:208} INFO - Processing /opt/airflow/dags/weather_dag.py took 0.058 seconds
[2026-08-14T01:41:29.316+0000] {processor.py:186} INFO - Started process (PID=12916) to work on /opt/airflow/dags/weather_dag.py
[2026-08-14T01:41:29.317+0000] {processor.py:914} INFO - Processing file /opt/airflow/dags/weather_dag.py for tasks to queue
[2026-08-14T01:41:29.320+0000] {logging_mixin.py:190} INFO - [2026-08-14T01:41:29.319+0000] {dagbag.py:588} INFO - Filling up the DagBag from /opt/airflow/dags/weather_dag.py
[2026-08-14T01:41:29.329+0000] {processor.py:925} INFO - DAG(s) 'weather_ingestion' retrieved from /opt/airflow/dags/weather_dag.py
[2026-08-14T01:41:29.347+0000] {logging_mixin.py:190} INFO - [2026-08-14T01:41:29.347+0000] {dag.py:3239} INFO - Sync 1 DAGs
[2026-08-14T01:41:29.360+0000] {logging_mixin.py:190} INFO - [2026-08-14T01:41:29.359+0000] {dag.py:4180} INFO - Setting next_dagrun for weather_ingestion to 2026-08-14 01:00:00+00:00, run_after=2026-08-14 02:00:00+00:00
[2026-08-14T01:41:29.367+0000] {processor.py:208} INFO - Processing /opt/airflow/dags/weather_dag.py took 0.057 seconds
[2026-08-14T01:41:59.713+0000] {processor.py:186} INFO - Started process (PID=12921) to work on /opt/airflow/dags/weather_dag.py
[2026-08-14T01:41:59.717+0000] {processor.py:914} INFO - Processing file /opt/airflow/dags/weather_dag.py for tasks to queue
[2026-08-14T01:41:59.720+0000] {logging_mixin.py:190} INFO - [2026-08-14T01:41:59.720+0000] {dagbag.py:588} INFO - Filling up the DagBag from /opt/airflow/dags/weather_dag.py
[2026-08-14T01:41:59.735+0000] {processor.py:925} INFO - DAG(s) 'weather_ingestion' retrieved from /opt/airflow/dags/weather_dag.py
[2026-08-14T01:41:59.759+0000] {logging_mixin.py:190} INFO - [2026-08-14T01:41:59.759+0000] {dag.py:3239} INFO - Sync 1 DAGs
[2026-08-14T01:41:59.773+0000] {logging_mixin.py:190} INFO - [2026-08-14T01:41:59.773+0000] {dag.py:4180} INFO - Setting next_dagrun for weather_ingestion to 2026-08-14 01:00:00+00:00, run_after=2026-08-14 02:00:00+00:00
[2026-08-14T01:41:59.781+0000] {processor.py:208} INFO - Processing /opt/airflow/dags/weather_dag.py took 0.078 seconds
[2026-08-14T01:42:30.099+0000] {processor.py:186} INFO - Started process (PID=12926) to work on /opt/airflow/dags/weather_dag.py
[2026-08-14T01:42:30.101+0000] {processor.py:914} INFO - Processing file /opt/airflow/dags/weather_dag.py for tasks to queue
[2026-08-14T01:42:30.104+0000] {logging_mixin.py:190} INFO - [2026-08-14T01:42:30.104+0000] {dagbag.py:588} INFO - Filling up the DagBag from /opt/airflow/dags/weather_dag.py
[2026-08-14T01:42:30.114+0000] {processor.py:925} INFO - DAG(s) 'weather_ingestion' retrieved from /opt/airflow/dags/weather_dag.py
[2026-08-14T01:42:30.135+0000] {logging_mixin.py:190} INFO - [2026-08-14T01:42:30.135+0000] {dag.py:3239} INFO - Sync 1 DAGs
[2026-08-14T01:42:30.147+0000] {logging_mixin.py:190} INFO - [2026-08-14T01:42:30.146+0000] {dag.py:4180} INFO - Setting next_dagrun for weather_ingestion to 2026-08-14 01:00:00+00:00, run_after=2026-08-14 02:00:00+00:00
[2026-08-14T01:42:30.153+0000] {processor.py:208} INFO - Processing /opt/airflow/dags/weather_dag.py took 0.060 seconds
[2026-08-14T01:43:00.483+0000] {processor.py:186} INFO - Started process (PID=12931) to work on /opt/airflow/dags/weather_dag.py
[2026-08-14T01:43:00.484+0000] {processor.py:914} INFO - Processing file /opt/airflow/dags/weather_dag.py for tasks to queue
[2026-08-14T01:43:00.486+0000] {logging_mixin.py:190} INFO - [2026-08-14T01:43:00.486+0000] {dagbag.py:588} INFO - Filling up the DagBag from /opt/airflow/dags/weather_dag.py
[2026-08-14T01:43:00.497+0000] {processor.py:925} INFO - DAG(s) 'weather_ingestion' retrieved from /opt/airflow/dags/weather_dag.py
[2026-08-14T01:43:00.516+0000] {logging_mixin.py:190} INFO - [2026-08-14T01:43:00.516+0000] {dag.py:3239} INFO - Sync 1 DAGs
[2026-08-14T01:43:00.529+0000] {logging_mixin.py:190} INFO - [2026-08-14T01:43:00.529+0000] {dag.py:4180} INFO - Setting next_dagrun for weather_ingestion to 2026-08-14 01:00:00+00:00, run_after=2026-08-14 02:00:00+00:00
[2026-08-14T01:43:00.537+0000] {processor.py:208} INFO - Processing /opt/airflow/dags/weather_dag.py took 0.061 seconds
[2026-08-14T01:43:30.790+0000] {processor.py:186} INFO - Started process (PID=12936) to work on /opt/airflow/dags/weather_dag.py
[2026-08-14T01:43:30.792+0000] {processor.py:914} INFO - Processing file /opt/airflow/dags/weather_dag.py for tasks to queue
[2026-08-14T01:43:30.793+0000] {logging_mixin.py:190} INFO - [2026-08-14T01:43:30.793+0000] {dagbag.py:588} INFO - Filling up the DagBag from /opt/airflow/dags/weather_dag.py
[2026-08-14T01:43:30.800+0000] {processor.py:925} INFO - DAG(s) 'weather_ingestion' retrieved from /opt/airflow/dags/weather_dag.py
[2026-08-14T01:43:30.813+0000] {logging_mixin.py:190} INFO - [2026-08-14T01:43:30.813+0000] {dag.py:3239} INFO - Sync 1 DAGs
[2026-08-14T01:43:30.822+0000] {logging_mixin.py:190} INFO - [2026-08-14T01:43:30.822+0000] {dag.py:4180} INFO - Setting next_dagrun for weather_ingestion to 2026-08-14 01:00:00+00:00, run_after=2026-08-14 02:00:00+00:00
[2026-08-14T01:43:30.829+0000] {processor.py:208} INFO - Processing /opt/airflow/dags/weather_dag.py took 0.042 seconds
[2026-08-14T01:44:01.262+0000] {processor.py:186} INFO - Started process (PID=12941) to work on /opt/airflow/dags/weather_dag.py
[2026-08-14T01:44:01.264+0000] {processor.py:914} INFO - Processing file /opt/airflow/dags/weather_dag.py for tasks to queue
[2026-08-14T01:44:01.267+0000] {logging_mixin.py:190} INFO - [2026-08-14T01:44:01.267+0000] {dagbag.py:588} INFO - Filling up the DagBag from /opt/airflow/dags/weather_dag.py
[2026-08-14T01:44:01.282+0000] {processor.py:925} INFO - DAG(s) 'weather_ingestion' retrieved from /opt/airflow/dags/weather_dag.py
[2026-08-14T01:44:01.302+0000] {logging_mixin.py:190} INFO - [2026-08-14T01:44:01.302+0000] {dag.py:3239} INFO - Sync 1 DAGs
[2026-08-14T01:44:01.315+0000] {logging_mixin.py:190} INFO - [2026-08-14T01:44:01.315+0000] {dag.py:4180} INFO - Setting next_dagrun for weather_ingestion to 2026-08-14 01:00:00+00:00, run_after=2026-08-14 02:00:00+00:00
[2026-08-14T01:44:01.322+0000] {processor.py:208} INFO - Processing /opt/airflow/dags/weather_dag.py took 0.068 seconds
[2026-08-14T01:44:31.688+0000] {processor.py:186} INFO - Started process (PID=12946) to work on /opt/airflow/dags/weather_dag.py
[2026-08-14T01:44:31.690+0000] {processor.py:914} INFO - Processing file /opt/airflow/dags/weather_dag.py for tasks to queue
[2026-08-14T01:44:31.693+0000] {logging_mixin.py:190} INFO - [2026-08-14T01:44:31.693+0000] {dagbag.py:588} INFO - Filling up the DagBag from /opt/airflow/dags/weather_dag.py
[2026-08-14T01:44:31.708+0000] {processor.py:925} INFO - DAG(s) 'weather_ingestion' retrieved from /opt/airflow/dags/weather_dag.py
[2026-08-14T01:44:31.732+0000] {logging_mixin.py:190} INFO - [2026-08-14T01:44:31.732+0000] {dag.py:3239} INFO - Sync 1 DAGs
[2026-08-14T01:44:31.747+0000] {logging_mixin.py:190} INFO - [2026-08-14T01:44:31.747+0000] {dag.py:4180} INFO - Setting next_dagrun for weather_ingestion to 2026-08-14 01:00:00+00:00, run_after=2026-08-14 02:00:00+00:00
[2026-08-14T01:44:31.756+0000] {processor.py:208} INFO - Processing /opt/airflow/dags/weather_dag.py took 0.077 seconds
[2026-08-14T01:45:02.068+0000] {processor.py:186} INFO - Started process (PID=12951) to work on /opt/airflow/dags/weather_dag.py
[2026-08-14T01:45:02.070+0000] {processor.py:914} INFO - Processing file /opt/airflow/dags/weather_dag.py for tasks to queue
[2026-08-14T01:45:02.073+0000] {logging_mixin.py:190} INFO - [2026-08-14T01:45:02.072+0000] {dagbag.py:588} INFO - Filling up the DagBag from /opt/airflow/dags/weather_dag.py
[2026-08-14T01:45:02.085+0000] {processor.py:925} INFO - DAG(s) 'weather_ingestion' retrieved from /opt/airflow/dags/weather_dag.py
[2026-08-14T01:45:02.106+0000] {logging_mixin.py:190} INFO - [2026-08-14T01:45:02.105+0000] {dag.py:3239} INFO - Sync 1 DAGs
[2026-08-14T01:45:02.118+0000] {logging_mixin.py:190} INFO - [2026-08-14T01:45:02.117+0000] {dag.py:4180} INFO - Setting next_dagrun for weather_ingestion to 2026-08-14 01:00:00+00:00, run_after=2026-08-14 02:00:00+00:00
[2026-08-14T01:45:02.124+0000] {processor.py:208} INFO - Processing /opt/airflow/dags/weather_dag.py took 0.062 seconds
[2026-08-14T01:45:32.488+0000] {processor.py:186} INFO - Started process (PID=12956) to work on /opt/airflow/dags/weather_dag.py
[2026-08-14T01:45:32.491+0000] {processor.py:914} INFO - Processing file /opt/airflow/dags/weather_dag.py for tasks to queue
[2026-08-14T01:45:32.493+0000] {logging_mixin.py:190} INFO - [2026-08-14T01:45:32.493+0000] {dagbag.py:588} INFO - Filling up the DagBag from /opt/airflow/dags/weather_dag.py
[2026-08-14T01:45:32.503+0000] {processor.py:925} INFO - DAG(s) 'weather_ingestion' retrieved from /opt/airflow/dags/weather_dag.py
[2026-08-14T01:45:32.523+0000] {logging_mixin.py:190} INFO - [2026-08-14T01:45:32.523+0000] {dag.py:3239} INFO - Sync 1 DAGs
[2026-08-14T01:45:32.534+0000] {logging_mixin.py:190} INFO - [2026-08-14T01:45:32.534+0000] {dag.py:4180} INFO - Setting next_dagrun for weather_ingestion to 2026-08-14 01:00:00+00:00, run_after=2026-08-14 02:00:00+00:00
[2026-08-14T01:45:32.541+0000] {processor.py:208} INFO - Processing /opt/airflow/dags/weather_dag.py took 0.063 seconds
[2026-08-14T01:46:02.862+0000] {processor.py:186} INFO - Started process (PID=12961) to work on /opt/airflow/dags/weather_dag.py
[2026-08-14T01:46:02.865+0000] {processor.py:914} INFO - Processing file /opt/airflow/dags/weather_dag.py for tasks to queue
[2026-08-14T01:46:02.869+0000] {logging_mixin.py:190} INFO - [2026-08-14T01:46:02.869+0000] {dagbag.py:588} INFO - Filling up the DagBag from /opt/airflow/dags/weather_dag.py
[2026-08-14T01:46:02.887+0000] {processor.py:925} INFO - DAG(s) 'weather_ingestion' retrieved from /opt/airflow/dags/weather_dag.py
[2026-08-14T01:46:02.911+0000] {logging_mixin.py:190} INFO - [2026-08-14T01:46:02.911+0000] {dag.py:3239} INFO - Sync 1 DAGs
[2026-08-14T01:46:02.926+0000] {logging_mixin.py:190} INFO - [2026-08-14T01:46:02.926+0000] {dag.py:4180} INFO - Setting next_dagrun for weather_ingestion to 2026-08-14 01:00:00+00:00, run_after=2026-08-14 02:00:00+00:00
[2026-08-14T01:46:02.936+0000] {processor.py:208} INFO - Processing /opt/airflow/dags/weather_dag.py took 0.083 seconds
[2026-08-14T01:46:33.214+0000] {processor.py:186} INFO - Started process (PID=12966) to work on /opt/airflow/dags/weather_dag.py
[2026-08-14T01:46:33.215+0000] {processor.py:914} INFO - Processing file /opt/airflow/dags/weather_dag.py for tasks to queue
[2026-08-14T01:46:33.218+0000] {logging_mixin.py:190} INFO - [2026-08-14T01:46:33.218+0000] {dagbag.py:588} INFO - Filling up the DagBag from /opt/airflow/dags/weather_dag.py
[2026-08-14T01:46:33.227+0000] {processor.py:925} INFO - DAG(s) 'weather_ingestion' retrieved from /opt/airflow/dags/weather_dag.py
[2026-08-14T01:46:33.247+0000] {logging_mixin.py:190} INFO - [2026-08-14T01:46:33.247+0000] {dag.py:3239} INFO - Sync 1 DAGs
[2026-08-14T01:46:33.260+0000] {logging_mixin.py:190} INFO - [2026-08-14T01:46:33.260+0000] {dag.py:4180} INFO - Setting next_dagrun for weather_ingestion to 2026-08-14 01:00:00+00:00, run_after=2026-08-14 02:00:00+00:00
[2026-08-14T01:46:33.268+0000] {processor.py:208} INFO - Processing /opt/airflow/dags/weather_dag.py took 0.059 seconds
[2026-08-14T01:47:03.559+0000] {processor.py:186} INFO - Started process (PID=12971) to work on /opt/airflow/dags/weather_dag.py
[2026-08-14T01:47:03.562+0000] {processor.py:914} INFO - Processing file /opt/airflow/dags/weather_dag.py for tasks to queue
[2026-08-14T01:47:03.566+0000] {logging_mixin.py:190} INFO - [2026-08-14T01:47:03.566+0000] {dagbag.py:588} INFO - Filling up the DagBag from /opt/airflow/dags/weather_dag.py
[2026-08-14T01:47:03.584+0000] {processor.py:925} INFO - DAG(s) 'weather_ingestion' retrieved from /opt/airflow/dags/weather_dag.py
[2026-08-14T01:47:03.608+0000] {logging_mixin.py:190} INFO - [2026-08-14T01:47:03.608+0000] {dag.py:3239} INFO - Sync 1 DAGs
[2026-08-14T01:47:03.623+0000] {logging_mixin.py:190} INFO - [2026-08-14T01:47:03.622+0000] {dag.py:4180} INFO - Setting next_dagrun for weather_ingestion to 2026-08-14 01:00:00+00:00, run_after=2026-08-14 02:00:00+00:00
[2026-08-14T01:47:03.631+0000] {processor.py:208} INFO - Processing /opt/airflow/dags/weather_dag.py took 0.083 seconds
[2026-08-14T01:47:33.875+0000] {processor.py:186} INFO - Started process (PID=12976) to work on /opt/airflow/dags/weather_dag.py
[2026-08-14T01:47:33.876+0000] {processor.py:914} INFO - Processing file /opt/airflow/dags/weather_dag.py for tasks to queue
[2026-08-14T01:47:33.879+0000] {logging_mixin.py:190} INFO - [2026-08-14T01:47:33.879+0000] {dagbag.py:588} INFO - Filling up the DagBag from /opt/airflow/dags/weather_dag.py
[2026-08-14T01:47:33.890+0000] {processor.py:925} INFO - DAG(s) 'weather_ingestion' retrieved from /opt/airflow/dags/weather_dag.py
[2026-08-14T01:47:33.910+0000] {logging_mixin.py:190} INFO - [2026-08-14T01:47:33.910+0000] {dag.py:3239} INFO - Sync 1 DAGs
[2026-08-14T01:47:33.922+0000] {logging_mixin.py:190} INFO - [2026-08-14T01:47:33.922+0000] {dag.py:4180} INFO - Setting next_dagrun for weather_ingestion to 2026-08-14 01:00:00+00:00, run_after=2026-08-14 02:00:00+00:00
[2026-08-14T01:47:33.930+0000] {processor.py:208} INFO - Processing /opt/airflow/dags/weather_dag.py took 0.064 seconds
[2026-08-14T01:48:04.298+0000] {processor.py:186} INFO - Started process (PID=12981) to work on /opt/airflow/dags/weather_dag.py
[2026-08-14T01:48:04.300+0000] {processor.py:914} INFO - Processing file /opt/airflow/dags/weather_dag.py for tasks to queue
[2026-08-14T01:48:04.302+0000] {logging_mixin.py:190} INFO - [2026-08-14T01:48:04.302+0000] {dagbag.py:588} INFO - Filling up the DagBag from /opt/airflow/dags/weather_dag.py
[2026-08-14T01:48:04.331+0000] {processor.py:925} INFO - DAG(s) 'weather_ingestion' retrieved from /opt/airflow/dags/weather_dag.py
[2026-08-14T01:48:04.357+0000] {logging_mixin.py:190} INFO - [2026-08-14T01:48:04.356+0000] {dag.py:3239} INFO - Sync 1 DAGs
[2026-08-14T01:48:04.370+0000] {logging_mixin.py:190} INFO - [2026-08-14T01:48:04.370+0000] {dag.py:4180} INFO - Setting next_dagrun for weather_ingestion to 2026-08-14 01:00:00+00:00, run_after=2026-08-14 02:00:00+00:00
[2026-08-14T01:48:04.377+0000] {processor.py:208} INFO - Processing /opt/airflow/dags/weather_dag.py took 0.087 seconds
[2026-08-14T01:48:34.638+0000] {processor.py:186} INFO - Started process (PID=12986) to work on /opt/airflow/dags/weather_dag.py
[2026-08-14T01:48:34.640+0000] {processor.py:914} INFO - Processing file /opt/airflow/dags/weather_dag.py for tasks to queue
[2026-08-14T01:48:34.642+0000] {logging_mixin.py:190} INFO - [2026-08-14T01:48:34.642+0000] {dagbag.py:588} INFO - Filling up the DagBag from /opt/airflow/dags/weather_dag.py
[2026-08-14T01:48:34.654+0000] {processor.py:925} INFO - DAG(s) 'weather_ingestion' retrieved from /opt/airflow/dags/weather_dag.py
[2026-08-14T01:48:34.673+0000] {logging_mixin.py:190} INFO - [2026-08-14T01:48:34.672+0000] {dag.py:3239} INFO - Sync 1 DAGs
[2026-08-14T01:48:34.684+0000] {logging_mixin.py:190} INFO - [2026-08-14T01:48:34.684+0000] {dag.py:4180} INFO - Setting next_dagrun for weather_ingestion to 2026-08-14 01:00:00+00:00, run_after=2026-08-14 02:00:00+00:00
[2026-08-14T01:48:34.691+0000] {processor.py:208} INFO - Processing /opt/airflow/dags/weather_dag.py took 0.062 seconds
[2026-08-14T01:49:05.011+0000] {processor.py:186} INFO - Started process (PID=12991) to work on /opt/airflow/dags/weather_dag.py
[2026-08-14T01:49:05.014+0000] {processor.py:914} INFO - Processing file /opt/airflow/dags/weather_dag.py for tasks to queue
[2026-08-14T01:49:05.018+0000] {logging_mixin.py:190} INFO - [2026-08-14T01:49:05.017+0000] {dagbag.py:588} INFO - Filling up the DagBag from /opt/airflow/dags/weather_dag.py
[2026-08-14T01:49:05.035+0000] {processor.py:925} INFO - DAG(s) 'weather_ingestion' retrieved from /opt/airflow/dags/weather_dag.py
[2026-08-14T01:49:05.059+0000] {logging_mixin.py:190} INFO - [2026-08-14T01:49:05.059+0000] {dag.py:3239} INFO - Sync 1 DAGs
[2026-08-14T01:49:05.074+0000] {logging_mixin.py:190} INFO - [2026-08-14T01:49:05.074+0000] {dag.py:4180} INFO - Setting next_dagrun for weather_ingestion to 2026-08-14 01:00:00+00:00, run_after=2026-08-14 02:00:00+00:00
[2026-08-14T01:49:05.082+0000] {processor.py:208} INFO - Processing /opt/airflow/dags/weather_dag.py took 0.082 seconds
[2026-08-14T01:49:35.449+0000] {processor.py:186} INFO - Started process (PID=12996) to work on /opt/airflow/dags/weather_dag.py
[2026-08-14T01:49:35.451+0000] {processor.py:914} INFO - Processing file /opt/airflow/dags/weather_dag.py for tasks to queue
[2026-08-14T01:49:35.453+0000] {logging_mixin.py:190} INFO - [2026-08-14T01:49:35.453+0000] {dagbag.py:588} INFO - Filling up the DagBag from /opt/airflow/dags/weather_dag.py
[2026-08-14T01:49:35.464+0000] {processor.py:925} INFO - DAG(s) 'weather_ingestion' retrieved from /opt/airflow/dags/weather_dag.py
[2026-08-14T01:49:35.483+0000] {logging_mixin.py:190} INFO - [2026-08-14T01:49:35.483+0000] {dag.py:3239} INFO - Sync 1 DAGs
[2026-08-14T01:49:35.495+0000] {logging_mixin.py:190} INFO - [2026-08-14T01:49:35.495+0000] {dag.py:4180} INFO - Setting next_dagrun for weather_ingestion to 2026-08-14 01:00:00+00:00, run_after=2026-08-14 02:00:00+00:00
[2026-08-14T01:49:35.503+0000] {processor.py:208} INFO - Processing /opt/airflow/dags/weather_dag.py took 0.061 seconds
[2026-08-14T01:50:05.796+0000] {processor.py:186} INFO - Started process (PID=13001) to work on /opt/airflow/dags/weather_dag.py
[2026-08-14T01:50:05.797+0000] {processor.py:914} INFO - Processing file /opt/airflow/dags/weather_dag.py for tasks to queue
[2026-08-14T01:50:05.798+0000] {logging_mixin.py:190} INFO - [2026-08-14T01:50:05.798+0000] {dagbag.py:588} INFO - Filling up the DagBag from /opt/airflow/dags/weather_dag.py
[2026-08-14T01:50:05.805+0000] {processor.py:925} INFO - DAG(s) 'weather_ingestion' retrieved from /opt/airflow/dags/weather_dag.py
[2026-08-14T01:50:05.823+0000] {logging_mixin.py:190} INFO - [2026-08-14T01:50:05.823+0000] {dag.py:3239} INFO - Sync 1 DAGs
[2026-08-14T01:50:05.836+0000] {logging_mixin.py:190} INFO - [2026-08-14T01:50:05.835+0000] {dag.py:4180} INFO - Setting next_dagrun for weather_ingestion to 2026-08-14 01:00:00+00:00, run_after=2026-08-14 02:00:00+00:00
[2026-08-14T01:50:05.843+0000] {processor.py:208} INFO - Processing /opt/airflow/dags/weather_dag.py took 0.052 seconds
[2026-08-14T01:50:36.176+0000] {processor.py:186} INFO - Started process (PID=13006) to work on /opt/airflow/dags/weather_dag.py
[2026-08-14T01:50:36.178+0000] {processor.py:914} INFO - Processing file /opt/airflow/dags/weather_dag.py for tasks to queue
[2026-08-14T01:50:36.183+0000] {logging_mixin.py:190} INFO - [2026-08-14T01:50:36.182+0000] {dagbag.py:588} INFO - Filling up the DagBag from /opt/airflow/dags/weather_dag.py
[2026-08-14T01:50:36.220+0000] {processor.py:925} INFO - DAG(s) 'weather_ingestion' retrieved from /opt/airflow/dags/weather_dag.py
[2026-08-14T01:50:36.254+0000] {logging_mixin.py:190} INFO - [2026-08-14T01:50:36.254+0000] {dag.py:3239} INFO - Sync 1 DAGs
[2026-08-14T01:50:36.272+0000] {logging_mixin.py:190} INFO - [2026-08-14T01:50:36.271+0000] {dag.py:4180} INFO - Setting next_dagrun for weather_ingestion to 2026-08-14 01:00:00+00:00, run_after=2026-08-14 02:00:00+00:00
[2026-08-14T01:50:36.282+0000] {processor.py:208} INFO - Processing /opt/airflow/dags/weather_dag.py took 0.115 seconds
[2026-08-14T01:51:06.476+0000] {processor.py:186} INFO - Started process (PID=13011) to work on /opt/airflow/dags/weather_dag.py
[2026-08-14T01:51:06.477+0000] {processor.py:914} INFO - Processing file /opt/airflow/dags/weather_dag.py for tasks to queue
[2026-08-14T01:51:06.481+0000] {logging_mixin.py:190} INFO - [2026-08-14T01:51:06.480+0000] {dagbag.py:588} INFO - Filling up the DagBag from /opt/airflow/dags/weather_dag.py
[2026-08-14T01:51:06.492+0000] {processor.py:925} INFO - DAG(s) 'weather_ingestion' retrieved from /opt/airflow/dags/weather_dag.py
[2026-08-14T01:51:06.513+0000] {logging_mixin.py:190} INFO - [2026-08-14T01:51:06.513+0000] {dag.py:3239} INFO - Sync 1 DAGs
[2026-08-14T01:51:06.533+0000] {logging_mixin.py:190} INFO - [2026-08-14T01:51:06.532+0000] {dag.py:4180} INFO - Setting next_dagrun for weather_ingestion to 2026-08-14 01:00:00+00:00, run_after=2026-08-14 02:00:00+00:00
[2026-08-14T01:51:06.545+0000] {processor.py:208} INFO - Processing /opt/airflow/dags/weather_dag.py took 0.078 seconds
[2026-08-14T01:51:36.784+0000] {processor.py:186} INFO - Started process (PID=13016) to work on /opt/airflow/dags/weather_dag.py
[2026-08-14T01:51:36.786+0000] {processor.py:914} INFO - Processing file /opt/airflow/dags/weather_dag.py for tasks to queue
[2026-08-14T01:51:36.789+0000] {logging_mixin.py:190} INFO - [2026-08-14T01:51:36.789+0000] {dagbag.py:588} INFO - Filling up the DagBag from /opt/airflow/dags/weather_dag.py
[2026-08-14T01:51:36.806+0000] {processor.py:925} INFO - DAG(s) 'weather_ingestion' retrieved from /opt/airflow/dags/weather_dag.py
[2026-08-14T01:51:36.830+0000] {logging_mixin.py:190} INFO - [2026-08-14T01:51:36.830+0000] {dag.py:3239} INFO - Sync 1 DAGs
[2026-08-14T01:51:36.846+0000] {logging_mixin.py:190} INFO - [2026-08-14T01:51:36.845+0000] {dag.py:4180} INFO - Setting next_dagrun for weather_ingestion to 2026-08-14 01:00:00+00:00, run_after=2026-08-14 02:00:00+00:00
[2026-08-14T01:51:36.856+0000] {processor.py:208} INFO - Processing /opt/airflow/dags/weather_dag.py took 0.082 seconds
[2026-08-14T01:52:07.234+0000] {processor.py:186} INFO - Started process (PID=13021) to work on /opt/airflow/dags/weather_dag.py
[2026-08-14T01:52:07.236+0000] {processor.py:914} INFO - Processing file /opt/airflow/dags/weather_dag.py for tasks to queue
[2026-08-14T01:52:07.238+0000] {logging_mixin.py:190} INFO - [2026-08-14T01:52:07.237+0000] {dagbag.py:588} INFO - Filling up the DagBag from /opt/airflow/dags/weather_dag.py
[2026-08-14T01:52:07.247+0000] {processor.py:925} INFO - DAG(s) 'weather_ingestion' retrieved from /opt/airflow/dags/weather_dag.py
[2026-08-14T01:52:07.263+0000] {logging_mixin.py:190} INFO - [2026-08-14T01:52:07.263+0000] {dag.py:3239} INFO - Sync 1 DAGs
[2026-08-14T01:52:07.277+0000] {logging_mixin.py:190} INFO - [2026-08-14T01:52:07.277+0000] {dag.py:4180} INFO - Setting next_dagrun for weather_ingestion to 2026-08-14 01:00:00+00:00, run_after=2026-08-14 02:00:00+00:00
[2026-08-14T01:52:07.285+0000] {processor.py:208} INFO - Processing /opt/airflow/dags/weather_dag.py took 0.057 seconds
[2026-08-14T01:52:37.658+0000] {processor.py:186} INFO - Started process (PID=13026) to work on /opt/airflow/dags/weather_dag.py
[2026-08-14T01:52:37.660+0000] {processor.py:914} INFO - Processing file /opt/airflow/dags/weather_dag.py for tasks to queue
[2026-08-14T01:52:37.663+0000] {logging_mixin.py:190} INFO - [2026-08-14T01:52:37.662+0000] {dagbag.py:588} INFO - Filling up the DagBag from /opt/airflow/dags/weather_dag.py
[2026-08-14T01:52:37.674+0000] {processor.py:925} INFO - DAG(s) 'weather_ingestion' retrieved from /opt/airflow/dags/weather_dag.py
[2026-08-14T01:52:37.692+0000] {logging_mixin.py:190} INFO - [2026-08-14T01:52:37.692+0000] {dag.py:3239} INFO - Sync 1 DAGs
[2026-08-14T01:52:37.705+0000] {logging_mixin.py:190} INFO - [2026-08-14T01:52:37.705+0000] {dag.py:4180} INFO - Setting next_dagrun for weather_ingestion to 2026-08-14 01:00:00+00:00, run_after=2026-08-14 02:00:00+00:00
[2026-08-14T01:52:37.712+0000] {processor.py:208} INFO - Processing /opt/airflow/dags/weather_dag.py took 0.063 seconds
[2026-08-14T01:53:08.078+0000] {processor.py:186} INFO - Started process (PID=13031) to work on /opt/airflow/dags/weather_dag.py
[2026-08-14T01:53:08.081+0000] {processor.py:914} INFO - Processing file /opt/airflow/dags/weather_dag.py for tasks to queue
[2026-08-14T01:53:08.084+0000] {logging_mixin.py:190} INFO - [2026-08-14T01:53:08.083+0000] {dagbag.py:588} INFO - Filling up the DagBag from /opt/airflow/dags/weather_dag.py
[2026-08-14T01:53:08.100+0000] {processor.py:925} INFO - DAG(s) 'weather_ingestion' retrieved from /opt/airflow/dags/weather_dag.py
[2026-08-14T01:53:08.122+0000] {logging_mixin.py:190} INFO - [2026-08-14T01:53:08.122+0000] {dag.py:3239} INFO - Sync 1 DAGs
[2026-08-14T01:53:08.135+0000] {logging_mixin.py:190} INFO - [2026-08-14T01:53:08.135+0000] {dag.py:4180} INFO - Setting next_dagrun for weather_ingestion to 2026-08-14 01:00:00+00:00, run_after=2026-08-14 02:00:00+00:00
[2026-08-14T01:53:08.143+0000] {processor.py:208} INFO - Processing /opt/airflow/dags/weather_dag.py took 0.071 seconds
[2026-08-14T01:53:38.490+0000] {processor.py:186} INFO - Started process (PID=13036) to work on /opt/airflow/dags/weather_dag.py
[2026-08-14T01:53:38.493+0000] {processor.py:914} INFO - Processing file /opt/airflow/dags/weather_dag.py for tasks to queue
[2026-08-14T01:53:38.495+0000] {logging_mixin.py:190} INFO - [2026-08-14T01:53:38.494+0000] {dagbag.py:588} INFO - Filling up the DagBag from /opt/airflow/dags/weather_dag.py
[2026-08-14T01:53:38.505+0000] {processor.py:925} INFO - DAG(s) 'weather_ingestion' retrieved from /opt/airflow/dags/weather_dag.py
[2026-08-14T01:53:38.522+0000] {logging_mixin.py:190} INFO - [2026-08-14T01:53:38.522+0000] {dag.py:3239} INFO - Sync 1 DAGs
[2026-08-14T01:53:38.533+0000] {logging_mixin.py:190} INFO - [2026-08-14T01:53:38.533+0000] {dag.py:4180} INFO - Setting next_dagrun for weather_ingestion to 2026-08-14 01:00:00+00:00, run_after=2026-08-14 02:00:00+00:00
[2026-08-14T01:53:38.540+0000] {processor.py:208} INFO - Processing /opt/airflow/dags/weather_dag.py took 0.058 seconds
[2026-08-14T01:54:08.839+0000] {processor.py:186} INFO - Started process (PID=13041) to work on /opt/airflow/dags/weather_dag.py
[2026-08-14T01:54:08.841+0000] {processor.py:914} INFO - Processing file /opt/airflow/dags/weather_dag.py for tasks to queue
[2026-08-14T01:54:08.844+0000] {logging_mixin.py:190} INFO - [2026-08-14T01:54:08.844+0000] {dagbag.py:588} INFO - Filling up the DagBag from /opt/airflow/dags/weather_dag.py
[2026-08-14T01:54:08.858+0000] {processor.py:925} INFO - DAG(s) 'weather_ingestion' retrieved from /opt/airflow/dags/weather_dag.py
[2026-08-14T01:54:08.881+0000] {logging_mixin.py:190} INFO - [2026-08-14T01:54:08.880+0000] {dag.py:3239} INFO - Sync 1 DAGs
[2026-08-14T01:54:08.894+0000] {logging_mixin.py:190} INFO - [2026-08-14T01:54:08.894+0000] {dag.py:4180} INFO - Setting next_dagrun for weather_ingestion to 2026-08-14 01:00:00+00:00, run_after=2026-08-14 02:00:00+00:00
[2026-08-14T01:54:08.902+0000] {processor.py:208} INFO - Processing /opt/airflow/dags/weather_dag.py took 0.070 seconds
[2026-08-14T01:54:39.256+0000] {processor.py:186} INFO - Started process (PID=13046) to work on /opt/airflow/dags/weather_dag.py
[2026-08-14T01:54:39.258+0000] {processor.py:914} INFO - Processing file /opt/airflow/dags/weather_dag.py for tasks to queue
[2026-08-14T01:54:39.261+0000] {logging_mixin.py:190} INFO - [2026-08-14T01:54:39.261+0000] {dagbag.py:588} INFO - Filling up the DagBag from /opt/airflow/dags/weather_dag.py
[2026-08-14T01:54:39.272+0000] {processor.py:925} INFO - DAG(s) 'weather_ingestion' retrieved from /opt/airflow/dags/weather_dag.py
[2026-08-14T01:54:39.297+0000] {logging_mixin.py:190} INFO - [2026-08-14T01:54:39.297+0000] {dag.py:3239} INFO - Sync 1 DAGs
[2026-08-14T01:54:39.313+0000] {logging_mixin.py:190} INFO - [2026-08-14T01:54:39.313+0000] {dag.py:4180} INFO - Setting next_dagrun for weather_ingestion to 2026-08-14 01:00:00+00:00, run_after=2026-08-14 02:00:00+00:00
[2026-08-14T01:54:39.323+0000] {processor.py:208} INFO - Processing /opt/airflow/dags/weather_dag.py took 0.074 seconds
[2026-08-14T01:55:09.596+0000] {processor.py:186} INFO - Started process (PID=13051) to work on /opt/airflow/dags/weather_dag.py
[2026-08-14T01:55:09.599+0000] {processor.py:914} INFO - Processing file /opt/airflow/dags/weather_dag.py for tasks to queue
[2026-08-14T01:55:09.605+0000] {logging_mixin.py:190} INFO - [2026-08-14T01:55:09.604+0000] {dagbag.py:588} INFO - Filling up the DagBag from /opt/airflow/dags/weather_dag.py
[2026-08-14T01:55:09.631+0000] {processor.py:925} INFO - DAG(s) 'weather_ingestion' retrieved from /opt/airflow/dags/weather_dag.py
[2026-08-14T01:55:09.657+0000] {logging_mixin.py:190} INFO - [2026-08-14T01:55:09.657+0000] {dag.py:3239} INFO - Sync 1 DAGs
[2026-08-14T01:55:09.674+0000] {logging_mixin.py:190} INFO - [2026-08-14T01:55:09.674+0000] {dag.py:4180} INFO - Setting next_dagrun for weather_ingestion to 2026-08-14 01:00:00+00:00, run_after=2026-08-14 02:00:00+00:00
[2026-08-14T01:55:09.683+0000] {processor.py:208} INFO - Processing /opt/airflow/dags/weather_dag.py took 0.100 seconds
[2026-08-14T01:55:39.867+0000] {processor.py:186} INFO - Started process (PID=13056) to work on /opt/airflow/dags/weather_dag.py
[2026-08-14T01:55:39.870+0000] {processor.py:914} INFO - Processing file /opt/airflow/dags/weather_dag.py for tasks to queue
[2026-08-14T01:55:39.871+0000] {logging_mixin.py:190} INFO - [2026-08-14T01:55:39.871+0000] {dagbag.py:588} INFO - Filling up the DagBag from /opt/airflow/dags/weather_dag.py
[2026-08-14T01:55:39.881+0000] {processor.py:925} INFO - DAG(s) 'weather_ingestion' retrieved from /opt/airflow/dags/weather_dag.py
[2026-08-14T01:55:39.899+0000] {logging_mixin.py:190} INFO - [2026-08-14T01:55:39.898+0000] {dag.py:3239} INFO - Sync 1 DAGs
[2026-08-14T01:55:39.910+0000] {logging_mixin.py:190} INFO - [2026-08-14T01:55:39.910+0000] {dag.py:4180} INFO - Setting next_dagrun for weather_ingestion to 2026-08-14 01:00:00+00:00, run_after=2026-08-14 02:00:00+00:00
[2026-08-14T01:55:39.917+0000] {processor.py:208} INFO - Processing /opt/airflow/dags/weather_dag.py took 0.061 seconds
[2026-08-14T01:56:10.112+0000] {processor.py:186} INFO - Started process (PID=13061) to work on /opt/airflow/dags/weather_dag.py
[2026-08-14T01:56:10.115+0000] {processor.py:914} INFO - Processing file /opt/airflow/dags/weather_dag.py for tasks to queue
[2026-08-14T01:56:10.117+0000] {logging_mixin.py:190} INFO - [2026-08-14T01:56:10.117+0000] {dagbag.py:588} INFO - Filling up the DagBag from /opt/airflow/dags/weather_dag.py
[2026-08-14T01:56:10.131+0000] {processor.py:925} INFO - DAG(s) 'weather_ingestion' retrieved from /opt/airflow/dags/weather_dag.py
[2026-08-14T01:56:10.153+0000] {logging_mixin.py:190} INFO - [2026-08-14T01:56:10.153+0000] {dag.py:3239} INFO - Sync 1 DAGs
[2026-08-14T01:56:10.166+0000] {logging_mixin.py:190} INFO - [2026-08-14T01:56:10.166+0000] {dag.py:4180} INFO - Setting next_dagrun for weather_ingestion to 2026-08-14 01:00:00+00:00, run_after=2026-08-14 02:00:00+00:00
[2026-08-14T01:56:10.175+0000] {processor.py:208} INFO - Processing /opt/airflow/dags/weather_dag.py took 0.070 seconds
[2026-08-14T01:56:40.473+0000] {processor.py:186} INFO - Started process (PID=13066) to work on /opt/airflow/dags/weather_dag.py
[2026-08-14T01:56:40.475+0000] {processor.py:914} INFO - Processing file /opt/airflow/dags/weather_dag.py for tasks to queue
[2026-08-14T01:56:40.477+0000] {logging_mixin.py:190} INFO - [2026-08-14T01:56:40.477+0000] {dagbag.py:588} INFO - Filling up the DagBag from /opt/airflow/dags/weather_dag.py
[2026-08-14T01:56:40.488+0000] {processor.py:925} INFO - DAG(s) 'weather_ingestion' retrieved from /opt/airflow/dags/weather_dag.py
[2026-08-14T01:56:40.506+0000] {logging_mixin.py:190} INFO - [2026-08-14T01:56:40.506+0000] {dag.py:3239} INFO - Sync 1 DAGs
[2026-08-14T01:56:40.518+0000] {logging_mixin.py:190} INFO - [2026-08-14T01:56:40.518+0000] {dag.py:4180} INFO - Setting next_dagrun for weather_ingestion to 2026-08-14 01:00:00+00:00, run_after=2026-08-14 02:00:00+00:00
[2026-08-14T01:56:40.526+0000] {processor.py:208} INFO - Processing /opt/airflow/dags/weather_dag.py took 0.060 seconds
[2026-08-14T01:57:10.843+0000] {processor.py:186} INFO - Started process (PID=13071) to work on /opt/airflow/dags/weather_dag.py
[2026-08-14T01:57:10.846+0000] {processor.py:914} INFO - Processing file /opt/airflow/dags/weather_dag.py for tasks to queue
[2026-08-14T01:57:10.849+0000] {logging_mixin.py:190} INFO - [2026-08-14T01:57:10.848+0000] {dagbag.py:588} INFO - Filling up the DagBag from /opt/airflow/dags/weather_dag.py
[2026-08-14T01:57:10.862+0000] {processor.py:925} INFO - DAG(s) 'weather_ingestion' retrieved from /opt/airflow/dags/weather_dag.py
[2026-08-14T01:57:10.882+0000] {logging_mixin.py:190} INFO - [2026-08-14T01:57:10.882+0000] {dag.py:3239} INFO - Sync 1 DAGs
[2026-08-14T01:57:10.896+0000] {logging_mixin.py:190} INFO - [2026-08-14T01:57:10.896+0000] {dag.py:4180} INFO - Setting next_dagrun for weather_ingestion to 2026-08-14 01:00:00+00:00, run_after=2026-08-14 02:00:00+00:00
[2026-08-14T01:57:10.904+0000] {processor.py:208} INFO - Processing /opt/airflow/dags/weather_dag.py took 0.070 seconds
[2026-08-14T01:57:41.192+0000] {processor.py:186} INFO - Started process (PID=13076) to work on /opt/airflow/dags/weather_dag.py
[2026-08-14T01:57:41.194+0000] {processor.py:914} INFO - Processing file /opt/airflow/dags/weather_dag.py for tasks to queue
[2026-08-14T01:57:41.196+0000] {logging_mixin.py:190} INFO - [2026-08-14T01:57:41.196+0000] {dagbag.py:588} INFO - Filling up the DagBag from /opt/airflow/dags/weather_dag.py
[2026-08-14T01:57:41.207+0000] {processor.py:925} INFO - DAG(s) 'weather_ingestion' retrieved from /opt/airflow/dags/weather_dag.py
[2026-08-14T01:57:41.226+0000] {logging_mixin.py:190} INFO - [2026-08-14T01:57:41.226+0000] {dag.py:3239} INFO - Sync 1 DAGs
[2026-08-14T01:57:41.239+0000] {logging_mixin.py:190} INFO - [2026-08-14T01:57:41.239+0000] {dag.py:4180} INFO - Setting next_dagrun for weather_ingestion to 2026-08-14 01:00:00+00:00, run_after=2026-08-14 02:00:00+00:00
[2026-08-14T01:57:41.246+0000] {processor.py:208} INFO - Processing /opt/airflow/dags/weather_dag.py took 0.060 seconds
[2026-08-14T01:58:11.568+0000] {processor.py:186} INFO - Started process (PID=13081) to work on /opt/airflow/dags/weather_dag.py
[2026-08-14T01:58:11.571+0000] {processor.py:914} INFO - Processing file /opt/airflow/dags/weather_dag.py for tasks to queue
[2026-08-14T01:58:11.574+0000] {logging_mixin.py:190} INFO - [2026-08-14T01:58:11.573+0000] {dagbag.py:588} INFO - Filling up the DagBag from /opt/airflow/dags/weather_dag.py
[2026-08-14T01:58:11.587+0000] {processor.py:925} INFO - DAG(s) 'weather_ingestion' retrieved from /opt/airflow/dags/weather_dag.py
[2026-08-14T01:58:11.609+0000] {logging_mixin.py:190} INFO - [2026-08-14T01:58:11.608+0000] {dag.py:3239} INFO - Sync 1 DAGs
[2026-08-14T01:58:11.624+0000] {logging_mixin.py:190} INFO - [2026-08-14T01:58:11.623+0000] {dag.py:4180} INFO - Setting next_dagrun for weather_ingestion to 2026-08-14 01:00:00+00:00, run_after=2026-08-14 02:00:00+00:00
[2026-08-14T01:58:11.632+0000] {processor.py:208} INFO - Processing /opt/airflow/dags/weather_dag.py took 0.073 seconds
[2026-08-14T01:58:41.907+0000] {processor.py:186} INFO - Started process (PID=13086) to work on /opt/airflow/dags/weather_dag.py
[2026-08-14T01:58:41.909+0000] {processor.py:914} INFO - Processing file /opt/airflow/dags/weather_dag.py for tasks to queue
[2026-08-14T01:58:41.912+0000] {logging_mixin.py:190} INFO - [2026-08-14T01:58:41.912+0000] {dagbag.py:588} INFO - Filling up the DagBag from /opt/airflow/dags/weather_dag.py
[2026-08-14T01:58:41.921+0000] {processor.py:925} INFO - DAG(s) 'weather_ingestion' retrieved from /opt/airflow/dags/weather_dag.py
[2026-08-14T01:58:41.939+0000] {logging_mixin.py:190} INFO - [2026-08-14T01:58:41.939+0000] {dag.py:3239} INFO - Sync 1 DAGs
[2026-08-14T01:58:41.950+0000] {logging_mixin.py:190} INFO - [2026-08-14T01:58:41.950+0000] {dag.py:4180} INFO - Setting next_dagrun for weather_ingestion to 2026-08-14 01:00:00+00:00, run_after=2026-08-14 02:00:00+00:00
[2026-08-14T01:58:41.956+0000] {processor.py:208} INFO - Processing /opt/airflow/dags/weather_dag.py took 0.057 seconds
[2026-08-14T01:59:12.317+0000] {processor.py:186} INFO - Started process (PID=13091) to work on /opt/airflow/dags/weather_dag.py
[2026-08-14T01:59:12.320+0000] {processor.py:914} INFO - Processing file /opt/airflow/dags/weather_dag.py for tasks to queue
[2026-08-14T01:59:12.324+0000] {logging_mixin.py:190} INFO - [2026-08-14T01:59:12.323+0000] {dagbag.py:588} INFO - Filling up the DagBag from /opt/airflow/dags/weather_dag.py
[2026-08-14T01:59:12.347+0000] {processor.py:925} INFO - DAG(s) 'weather_ingestion' retrieved from /opt/airflow/dags/weather_dag.py
[2026-08-14T01:59:12.380+0000] {logging_mixin.py:190} INFO - [2026-08-14T01:59:12.380+0000] {dag.py:3239} INFO - Sync 1 DAGs
[2026-08-14T01:59:12.396+0000] {logging_mixin.py:190} INFO - [2026-08-14T01:59:12.396+0000] {dag.py:4180} INFO - Setting next_dagrun for weather_ingestion to 2026-08-14 01:00:00+00:00, run_after=2026-08-14 02:00:00+00:00
[2026-08-14T01:59:12.405+0000] {processor.py:208} INFO - Processing /opt/airflow/dags/weather_dag.py took 0.098 seconds
[2026-08-14T01:59:42.685+0000] {processor.py:186} INFO - Started process (PID=13096) to work on /opt/airflow/dags/weather_dag.py
[2026-08-14T01:59:42.687+0000] {processor.py:914} INFO - Processing file /opt/airflow/dags/weather_dag.py for tasks to queue
[2026-08-14T01:59:42.690+0000] {logging_mixin.py:190} INFO - [2026-08-14T01:59:42.690+0000] {dagbag.py:588} INFO - Filling up the DagBag from /opt/airflow/dags/weather_dag.py
[2026-08-14T01:59:42.700+0000] {processor.py:925} INFO - DAG(s) 'weather_ingestion' retrieved from /opt/airflow/dags/weather_dag.py
[2026-08-14T01:59:42.718+0000] {logging_mixin.py:190} INFO - [2026-08-14T01:59:42.718+0000] {dag.py:3239} INFO - Sync 1 DAGs
[2026-08-14T01:59:42.729+0000] {logging_mixin.py:190} INFO - [2026-08-14T01:59:42.729+0000] {dag.py:4180} INFO - Setting next_dagrun for weather_ingestion to 2026-08-14 01:00:00+00:00, run_after=2026-08-14 02:00:00+00:00
[2026-08-14T01:59:42.737+0000] {processor.py:208} INFO - Processing /opt/airflow/dags/weather_dag.py took 0.058 seconds
[2026-08-14T02:00:13.071+0000] {processor.py:186} INFO - Started process (PID=13106) to work on /opt/airflow/dags/weather_dag.py
[2026-08-14T02:00:13.073+0000] {processor.py:914} INFO - Processing file /opt/airflow/dags/weather_dag.py for tasks to queue
[2026-08-14T02:00:13.075+0000] {logging_mixin.py:190} INFO - [2026-08-14T02:00:13.075+0000] {dagbag.py:588} INFO - Filling up the DagBag from /opt/airflow/dags/weather_dag.py
[2026-08-14T02:00:13.085+0000] {processor.py:925} INFO - DAG(s) 'weather_ingestion' retrieved from /opt/airflow/dags/weather_dag.py
[2026-08-14T02:00:13.105+0000] {logging_mixin.py:190} INFO - [2026-08-14T02:00:13.104+0000] {dag.py:3239} INFO - Sync 1 DAGs
[2026-08-14T02:00:13.117+0000] {logging_mixin.py:190} INFO - [2026-08-14T02:00:13.117+0000] {dag.py:4180} INFO - Setting next_dagrun for weather_ingestion to 2026-08-14 02:00:00+00:00, run_after=2026-08-14 03:00:00+00:00
[2026-08-14T02:00:13.124+0000] {processor.py:208} INFO - Processing /opt/airflow/dags/weather_dag.py took 0.060 seconds
[2026-08-14T02:00:43.499+0000] {processor.py:186} INFO - Started process (PID=13111) to work on /opt/airflow/dags/weather_dag.py
[2026-08-14T02:00:43.501+0000] {processor.py:914} INFO - Processing file /opt/airflow/dags/weather_dag.py for tasks to queue
[2026-08-14T02:00:43.503+0000] {logging_mixin.py:190} INFO - [2026-08-14T02:00:43.503+0000] {dagbag.py:588} INFO - Filling up the DagBag from /opt/airflow/dags/weather_dag.py
[2026-08-14T02:00:43.514+0000] {processor.py:925} INFO - DAG(s) 'weather_ingestion' retrieved from /opt/airflow/dags/weather_dag.py
[2026-08-14T02:00:43.531+0000] {logging_mixin.py:190} INFO - [2026-08-14T02:00:43.531+0000] {dag.py:3239} INFO - Sync 1 DAGs
[2026-08-14T02:00:43.543+0000] {logging_mixin.py:190} INFO - [2026-08-14T02:00:43.543+0000] {dag.py:4180} INFO - Setting next_dagrun for weather_ingestion to 2026-08-14 02:00:00+00:00, run_after=2026-08-14 03:00:00+00:00
[2026-08-14T02:00:43.550+0000] {processor.py:208} INFO - Processing /opt/airflow/dags/weather_dag.py took 0.058 seconds
[2026-08-14T02:01:13.847+0000] {processor.py:186} INFO - Started process (PID=13116) to work on /opt/airflow/dags/weather_dag.py
[2026-08-14T02:01:13.850+0000] {processor.py:914} INFO - Processing file /opt/airflow/dags/weather_dag.py for tasks to queue
[2026-08-14T02:01:13.855+0000] {logging_mixin.py:190} INFO - [2026-08-14T02:01:13.854+0000] {dagbag.py:588} INFO - Filling up the DagBag from /opt/airflow/dags/weather_dag.py
[2026-08-14T02:01:13.878+0000] {processor.py:925} INFO - DAG(s) 'weather_ingestion' retrieved from /opt/airflow/dags/weather_dag.py
[2026-08-14T02:01:13.910+0000] {logging_mixin.py:190} INFO - [2026-08-14T02:01:13.909+0000] {dag.py:3239} INFO - Sync 1 DAGs
[2026-08-14T02:01:13.948+0000] {logging_mixin.py:190} INFO - [2026-08-14T02:01:13.947+0000] {dag.py:4180} INFO - Setting next_dagrun for weather_ingestion to 2026-08-14 02:00:00+00:00, run_after=2026-08-14 03:00:00+00:00
[2026-08-14T02:01:13.956+0000] {processor.py:208} INFO - Processing /opt/airflow/dags/weather_dag.py took 0.123 seconds
[2026-08-14T02:01:44.232+0000] {processor.py:186} INFO - Started process (PID=13121) to work on /opt/airflow/dags/weather_dag.py
[2026-08-14T02:01:44.236+0000] {processor.py:914} INFO - Processing file /opt/airflow/dags/weather_dag.py for tasks to queue
[2026-08-14T02:01:44.240+0000] {logging_mixin.py:190} INFO - [2026-08-14T02:01:44.239+0000] {dagbag.py:588} INFO - Filling up the DagBag from /opt/airflow/dags/weather_dag.py
[2026-08-14T02:01:44.255+0000] {processor.py:925} INFO - DAG(s) 'weather_ingestion' retrieved from /opt/airflow/dags/weather_dag.py
[2026-08-14T02:01:44.284+0000] {logging_mixin.py:190} INFO - [2026-08-14T02:01:44.284+0000] {dag.py:3239} INFO - Sync 1 DAGs
[2026-08-14T02:01:44.314+0000] {logging_mixin.py:190} INFO - [2026-08-14T02:01:44.314+0000] {dag.py:4180} INFO - Setting next_dagrun for weather_ingestion to 2026-08-14 02:00:00+00:00, run_after=2026-08-14 03:00:00+00:00
[2026-08-14T02:01:44.328+0000] {processor.py:208} INFO - Processing /opt/airflow/dags/weather_dag.py took 0.118 seconds
[2026-08-14T02:02:14.613+0000] {processor.py:186} INFO - Started process (PID=13384) to work on /opt/airflow/dags/weather_dag.py
[2026-08-14T02:02:14.614+0000] {processor.py:914} INFO - Processing file /opt/airflow/dags/weather_dag.py for tasks to queue
[2026-08-14T02:02:14.616+0000] {logging_mixin.py:190} INFO - [2026-08-14T02:02:14.616+0000] {dagbag.py:588} INFO - Filling up the DagBag from /opt/airflow/dags/weather_dag.py
[2026-08-14T02:02:14.624+0000] {processor.py:925} INFO - DAG(s) 'weather_ingestion' retrieved from /opt/airflow/dags/weather_dag.py
[2026-08-14T02:02:14.643+0000] {logging_mixin.py:190} INFO - [2026-08-14T02:02:14.643+0000] {dag.py:3239} INFO - Sync 1 DAGs
[2026-08-14T02:02:14.656+0000] {logging_mixin.py:190} INFO - [2026-08-14T02:02:14.656+0000] {dag.py:4180} INFO - Setting next_dagrun for weather_ingestion to 2026-08-14 02:00:00+00:00, run_after=2026-08-14 03:00:00+00:00
[2026-08-14T02:02:14.666+0000] {processor.py:208} INFO - Processing /opt/airflow/dags/weather_dag.py took 0.057 seconds
[2026-08-14T02:02:44.985+0000] {processor.py:186} INFO - Started process (PID=13523) to work on /opt/airflow/dags/weather_dag.py
[2026-08-14T02:02:44.986+0000] {processor.py:914} INFO - Processing file /opt/airflow/dags/weather_dag.py for tasks to queue
[2026-08-14T02:02:44.991+0000] {logging_mixin.py:190} INFO - [2026-08-14T02:02:44.990+0000] {dagbag.py:588} INFO - Filling up the DagBag from /opt/airflow/dags/weather_dag.py
[2026-08-14T02:02:45.009+0000] {processor.py:925} INFO - DAG(s) 'weather_ingestion' retrieved from /opt/airflow/dags/weather_dag.py
[2026-08-14T02:02:45.076+0000] {logging_mixin.py:190} INFO - [2026-08-14T02:02:45.076+0000] {dag.py:3239} INFO - Sync 1 DAGs
[2026-08-14T02:02:45.093+0000] {logging_mixin.py:190} INFO - [2026-08-14T02:02:45.093+0000] {dag.py:4180} INFO - Setting next_dagrun for weather_ingestion to 2026-08-14 02:00:00+00:00, run_after=2026-08-14 03:00:00+00:00
[2026-08-14T02:02:45.103+0000] {processor.py:208} INFO - Processing /opt/airflow/dags/weather_dag.py took 0.128 seconds
[2026-08-14T02:03:15.379+0000] {processor.py:186} INFO - Started process (PID=13528) to work on /opt/airflow/dags/weather_dag.py
[2026-08-14T02:03:15.381+0000] {processor.py:914} INFO - Processing file /opt/airflow/dags/weather_dag.py for tasks to queue
[2026-08-14T02:03:15.383+0000] {logging_mixin.py:190} INFO - [2026-08-14T02:03:15.383+0000] {dagbag.py:588} INFO - Filling up the DagBag from /opt/airflow/dags/weather_dag.py
[2026-08-14T02:03:15.392+0000] {processor.py:925} INFO - DAG(s) 'weather_ingestion' retrieved from /opt/airflow/dags/weather_dag.py
[2026-08-14T02:03:15.412+0000] {logging_mixin.py:190} INFO - [2026-08-14T02:03:15.412+0000] {dag.py:3239} INFO - Sync 1 DAGs
[2026-08-14T02:03:15.425+0000] {logging_mixin.py:190} INFO - [2026-08-14T02:03:15.425+0000] {dag.py:4180} INFO - Setting next_dagrun for weather_ingestion to 2026-08-14 02:00:00+00:00, run_after=2026-08-14 03:00:00+00:00
[2026-08-14T02:03:15.434+0000] {processor.py:208} INFO - Processing /opt/airflow/dags/weather_dag.py took 0.061 seconds
[2026-08-14T02:03:45.793+0000] {processor.py:186} INFO - Started process (PID=13533) to work on /opt/airflow/dags/weather_dag.py
[2026-08-14T02:03:45.796+0000] {processor.py:914} INFO - Processing file /opt/airflow/dags/weather_dag.py for tasks to queue
[2026-08-14T02:03:45.800+0000] {logging_mixin.py:190} INFO - [2026-08-14T02:03:45.800+0000] {dagbag.py:588} INFO - Filling up the DagBag from /opt/airflow/dags/weather_dag.py
[2026-08-14T02:03:45.815+0000] {processor.py:925} INFO - DAG(s) 'weather_ingestion' retrieved from /opt/airflow/dags/weather_dag.py
[2026-08-14T02:03:45.863+0000] {logging_mixin.py:190} INFO - [2026-08-14T02:03:45.863+0000] {dag.py:3239} INFO - Sync 1 DAGs
[2026-08-14T02:03:45.882+0000] {logging_mixin.py:190} INFO - [2026-08-14T02:03:45.882+0000] {dag.py:4180} INFO - Setting next_dagrun for weather_ingestion to 2026-08-14 02:00:00+00:00, run_after=2026-08-14 03:00:00+00:00
[2026-08-14T02:03:45.892+0000] {processor.py:208} INFO - Processing /opt/airflow/dags/weather_dag.py took 0.110 seconds
[2026-08-14T02:04:16.188+0000] {processor.py:186} INFO - Started process (PID=13538) to work on /opt/airflow/dags/weather_dag.py
[2026-08-14T02:04:16.192+0000] {processor.py:914} INFO - Processing file /opt/airflow/dags/weather_dag.py for tasks to queue
[2026-08-14T02:04:16.198+0000] {logging_mixin.py:190} INFO - [2026-08-14T02:04:16.197+0000] {dagbag.py:588} INFO - Filling up the DagBag from /opt/airflow/dags/weather_dag.py
[2026-08-14T02:04:16.225+0000] {processor.py:925} INFO - DAG(s) 'weather_ingestion' retrieved from /opt/airflow/dags/weather_dag.py
[2026-08-14T02:04:16.282+0000] {logging_mixin.py:190} INFO - [2026-08-14T02:04:16.282+0000] {dag.py:3239} INFO - Sync 1 DAGs
[2026-08-14T02:04:16.303+0000] {logging_mixin.py:190} INFO - [2026-08-14T02:04:16.303+0000] {dag.py:4180} INFO - Setting next_dagrun for weather_ingestion to 2026-08-14 02:00:00+00:00, run_after=2026-08-14 03:00:00+00:00
[2026-08-14T02:04:16.313+0000] {processor.py:208} INFO - Processing /opt/airflow/dags/weather_dag.py took 0.139 seconds
[2026-08-14T02:04:46.566+0000] {processor.py:186} INFO - Started process (PID=13543) to work on /opt/airflow/dags/weather_dag.py
[2026-08-14T02:04:46.570+0000] {processor.py:914} INFO - Processing file /opt/airflow/dags/weather_dag.py for tasks to queue
[2026-08-14T02:04:46.578+0000] {logging_mixin.py:190} INFO - [2026-08-14T02:04:46.577+0000] {dagbag.py:588} INFO - Filling up the DagBag from /opt/airflow/dags/weather_dag.py
[2026-08-14T02:04:46.604+0000] {processor.py:925} INFO - DAG(s) 'weather_ingestion' retrieved from /opt/airflow/dags/weather_dag.py
[2026-08-14T02:04:46.632+0000] {logging_mixin.py:190} INFO - [2026-08-14T02:04:46.632+0000] {dag.py:3239} INFO - Sync 1 DAGs
[2026-08-14T02:04:46.646+0000] {logging_mixin.py:190} INFO - [2026-08-14T02:04:46.646+0000] {dag.py:4180} INFO - Setting next_dagrun for weather_ingestion to 2026-08-14 02:00:00+00:00, run_after=2026-08-14 03:00:00+00:00
[2026-08-14T02:04:46.654+0000] {processor.py:208} INFO - Processing /opt/airflow/dags/weather_dag.py took 0.105 seconds
[2026-08-14T02:05:17.418+0000] {processor.py:186} INFO - Started process (PID=13548) to work on /opt/airflow/dags/weather_dag.py
[2026-08-14T02:05:17.421+0000] {processor.py:914} INFO - Processing file /opt/airflow/dags/weather_dag.py for tasks to queue
[2026-08-14T02:05:17.426+0000] {logging_mixin.py:190} INFO - [2026-08-14T02:05:17.425+0000] {dagbag.py:588} INFO - Filling up the DagBag from /opt/airflow/dags/weather_dag.py
[2026-08-14T02:05:17.449+0000] {processor.py:925} INFO - DAG(s) 'weather_ingestion' retrieved from /opt/airflow/dags/weather_dag.py
[2026-08-14T02:05:17.512+0000] {logging_mixin.py:190} INFO - [2026-08-14T02:05:17.512+0000] {dag.py:3239} INFO - Sync 1 DAGs
[2026-08-14T02:05:17.537+0000] {logging_mixin.py:190} INFO - [2026-08-14T02:05:17.537+0000] {dag.py:4180} INFO - Setting next_dagrun for weather_ingestion to 2026-08-14 02:00:00+00:00, run_after=2026-08-14 03:00:00+00:00
[2026-08-14T02:05:17.550+0000] {processor.py:208} INFO - Processing /opt/airflow/dags/weather_dag.py took 0.144 seconds
[2026-08-14T02:05:47.897+0000] {processor.py:186} INFO - Started process (PID=13553) to work on /opt/airflow/dags/weather_dag.py
[2026-08-14T02:05:47.899+0000] {processor.py:914} INFO - Processing file /opt/airflow/dags/weather_dag.py for tasks to queue
[2026-08-14T02:05:47.905+0000] {logging_mixin.py:190} INFO - [2026-08-14T02:05:47.904+0000] {dagbag.py:588} INFO - Filling up the DagBag from /opt/airflow/dags/weather_dag.py
[2026-08-14T02:05:47.926+0000] {processor.py:925} INFO - DAG(s) 'weather_ingestion' retrieved from /opt/airflow/dags/weather_dag.py
[2026-08-14T02:05:47.976+0000] {logging_mixin.py:190} INFO - [2026-08-14T02:05:47.976+0000] {dag.py:3239} INFO - Sync 1 DAGs
[2026-08-14T02:05:47.996+0000] {logging_mixin.py:190} INFO - [2026-08-14T02:05:47.996+0000] {dag.py:4180} INFO - Setting next_dagrun for weather_ingestion to 2026-08-14 02:00:00+00:00, run_after=2026-08-14 03:00:00+00:00
[2026-08-14T02:05:48.034+0000] {processor.py:208} INFO - Processing /opt/airflow/dags/weather_dag.py took 0.151 seconds
[2026-08-14T02:06:18.265+0000] {processor.py:186} INFO - Started process (PID=13558) to work on /opt/airflow/dags/weather_dag.py
[2026-08-14T02:06:18.267+0000] {processor.py:914} INFO - Processing file /opt/airflow/dags/weather_dag.py for tasks to queue
[2026-08-14T02:06:18.272+0000] {logging_mixin.py:190} INFO - [2026-08-14T02:06:18.271+0000] {dagbag.py:588} INFO - Filling up the DagBag from /opt/airflow/dags/weather_dag.py
[2026-08-14T02:06:18.286+0000] {processor.py:925} INFO - DAG(s) 'weather_ingestion' retrieved from /opt/airflow/dags/weather_dag.py
[2026-08-14T02:06:18.309+0000] {logging_mixin.py:190} INFO - [2026-08-14T02:06:18.309+0000] {dag.py:3239} INFO - Sync 1 DAGs
[2026-08-14T02:06:18.323+0000] {logging_mixin.py:190} INFO - [2026-08-14T02:06:18.323+0000] {dag.py:4180} INFO - Setting next_dagrun for weather_ingestion to 2026-08-14 02:00:00+00:00, run_after=2026-08-14 03:00:00+00:00
[2026-08-14T02:06:18.334+0000] {processor.py:208} INFO - Processing /opt/airflow/dags/weather_dag.py took 0.080 seconds
[2026-08-14T02:06:48.729+0000] {processor.py:186} INFO - Started process (PID=13563) to work on /opt/airflow/dags/weather_dag.py
[2026-08-14T02:06:48.733+0000] {processor.py:914} INFO - Processing file /opt/airflow/dags/weather_dag.py for tasks to queue
[2026-08-14T02:06:48.738+0000] {logging_mixin.py:190} INFO - [2026-08-14T02:06:48.737+0000] {dagbag.py:588} INFO - Filling up the DagBag from /opt/airflow/dags/weather_dag.py
[2026-08-14T02:06:48.762+0000] {processor.py:925} INFO - DAG(s) 'weather_ingestion' retrieved from /opt/airflow/dags/weather_dag.py
[2026-08-14T02:06:48.793+0000] {logging_mixin.py:190} INFO - [2026-08-14T02:06:48.792+0000] {dag.py:3239} INFO - Sync 1 DAGs
[2026-08-14T02:06:48.811+0000] {logging_mixin.py:190} INFO - [2026-08-14T02:06:48.811+0000] {dag.py:4180} INFO - Setting next_dagrun for weather_ingestion to 2026-08-14 02:00:00+00:00, run_after=2026-08-14 03:00:00+00:00
[2026-08-14T02:06:48.821+0000] {processor.py:208} INFO - Processing /opt/airflow/dags/weather_dag.py took 0.104 seconds
[2026-08-14T02:07:19.018+0000] {processor.py:186} INFO - Started process (PID=13568) to work on /opt/airflow/dags/weather_dag.py
[2026-08-14T02:07:19.020+0000] {processor.py:914} INFO - Processing file /opt/airflow/dags/weather_dag.py for tasks to queue
[2026-08-14T02:07:19.025+0000] {logging_mixin.py:190} INFO - [2026-08-14T02:07:19.025+0000] {dagbag.py:588} INFO - Filling up the DagBag from /opt/airflow/dags/weather_dag.py
[2026-08-14T02:07:19.041+0000] {processor.py:925} INFO - DAG(s) 'weather_ingestion' retrieved from /opt/airflow/dags/weather_dag.py
[2026-08-14T02:07:19.068+0000] {logging_mixin.py:190} INFO - [2026-08-14T02:07:19.068+0000] {dag.py:3239} INFO - Sync 1 DAGs
[2026-08-14T02:07:19.083+0000] {logging_mixin.py:190} INFO - [2026-08-14T02:07:19.083+0000] {dag.py:4180} INFO - Setting next_dagrun for weather_ingestion to 2026-08-14 02:00:00+00:00, run_after=2026-08-14 03:00:00+00:00
[2026-08-14T02:07:19.091+0000] {processor.py:208} INFO - Processing /opt/airflow/dags/weather_dag.py took 0.084 seconds
[2026-08-14T02:07:49.340+0000] {processor.py:186} INFO - Started process (PID=13573) to work on /opt/airflow/dags/weather_dag.py
[2026-08-14T02:07:49.343+0000] {processor.py:914} INFO - Processing file /opt/airflow/dags/weather_dag.py for tasks to queue
[2026-08-14T02:07:49.346+0000] {logging_mixin.py:190} INFO - [2026-08-14T02:07:49.346+0000] {dagbag.py:588} INFO - Filling up the DagBag from /opt/airflow/dags/weather_dag.py
[2026-08-14T02:07:49.362+0000] {processor.py:925} INFO - DAG(s) 'weather_ingestion' retrieved from /opt/airflow/dags/weather_dag.py
[2026-08-14T02:07:49.391+0000] {logging_mixin.py:190} INFO - [2026-08-14T02:07:49.391+0000] {dag.py:3239} INFO - Sync 1 DAGs
[2026-08-14T02:07:49.408+0000] {logging_mixin.py:190} INFO - [2026-08-14T02:07:49.408+0000] {dag.py:4180} INFO - Setting next_dagrun for weather_ingestion to 2026-08-14 02:00:00+00:00, run_after=2026-08-14 03:00:00+00:00
[2026-08-14T02:07:49.416+0000] {processor.py:208} INFO - Processing /opt/airflow/dags/weather_dag.py took 0.085 seconds
[2026-08-14T02:08:19.681+0000] {processor.py:186} INFO - Started process (PID=13578) to work on /opt/airflow/dags/weather_dag.py
[2026-08-14T02:08:19.682+0000] {processor.py:914} INFO - Processing file /opt/airflow/dags/weather_dag.py for tasks to queue
[2026-08-14T02:08:19.685+0000] {logging_mixin.py:190} INFO - [2026-08-14T02:08:19.685+0000] {dagbag.py:588} INFO - Filling up the DagBag from /opt/airflow/dags/weather_dag.py
[2026-08-14T02:08:19.699+0000] {processor.py:925} INFO - DAG(s) 'weather_ingestion' retrieved from /opt/airflow/dags/weather_dag.py
[2026-08-14T02:08:19.718+0000] {logging_mixin.py:190} INFO - [2026-08-14T02:08:19.718+0000] {dag.py:3239} INFO - Sync 1 DAGs
[2026-08-14T02:08:19.731+0000] {logging_mixin.py:190} INFO - [2026-08-14T02:08:19.731+0000] {dag.py:4180} INFO - Setting next_dagrun for weather_ingestion to 2026-08-14 02:00:00+00:00, run_after=2026-08-14 03:00:00+00:00
[2026-08-14T02:08:19.739+0000] {processor.py:208} INFO - Processing /opt/airflow/dags/weather_dag.py took 0.067 seconds
[2026-08-14T02:08:50.045+0000] {processor.py:186} INFO - Started process (PID=13583) to work on /opt/airflow/dags/weather_dag.py
[2026-08-14T02:08:50.048+0000] {processor.py:914} INFO - Processing file /opt/airflow/dags/weather_dag.py for tasks to queue
[2026-08-14T02:08:50.050+0000] {logging_mixin.py:190} INFO - [2026-08-14T02:08:50.050+0000] {dagbag.py:588} INFO - Filling up the DagBag from /opt/airflow/dags/weather_dag.py
[2026-08-14T02:08:50.065+0000] {processor.py:925} INFO - DAG(s) 'weather_ingestion' retrieved from /opt/airflow/dags/weather_dag.py
[2026-08-14T02:08:50.091+0000] {logging_mixin.py:190} INFO - [2026-08-14T02:08:50.091+0000] {dag.py:3239} INFO - Sync 1 DAGs
[2026-08-14T02:08:50.108+0000] {logging_mixin.py:190} INFO - [2026-08-14T02:08:50.108+0000] {dag.py:4180} INFO - Setting next_dagrun for weather_ingestion to 2026-08-14 02:00:00+00:00, run_after=2026-08-14 03:00:00+00:00
[2026-08-14T02:08:50.118+0000] {processor.py:208} INFO - Processing /opt/airflow/dags/weather_dag.py took 0.082 seconds
[2026-08-14T02:09:20.663+0000] {processor.py:186} INFO - Started process (PID=13588) to work on /opt/airflow/dags/weather_dag.py
[2026-08-14T02:09:20.670+0000] {processor.py:914} INFO - Processing file /opt/airflow/dags/weather_dag.py for tasks to queue
[2026-08-14T02:09:20.674+0000] {logging_mixin.py:190} INFO - [2026-08-14T02:09:20.673+0000] {dagbag.py:588} INFO - Filling up the DagBag from /opt/airflow/dags/weather_dag.py
[2026-08-14T02:09:20.706+0000] {processor.py:925} INFO - DAG(s) 'weather_ingestion' retrieved from /opt/airflow/dags/weather_dag.py
[2026-08-14T02:09:20.776+0000] {logging_mixin.py:190} INFO - [2026-08-14T02:09:20.775+0000] {dag.py:3239} INFO - Sync 1 DAGs
[2026-08-14T02:09:20.804+0000] {logging_mixin.py:190} INFO - [2026-08-14T02:09:20.804+0000] {dag.py:4180} INFO - Setting next_dagrun for weather_ingestion to 2026-08-14 02:00:00+00:00, run_after=2026-08-14 03:00:00+00:00
[2026-08-14T02:09:20.819+0000] {processor.py:208} INFO - Processing /opt/airflow/dags/weather_dag.py took 0.168 seconds
[2026-08-14T02:09:51.032+0000] {processor.py:186} INFO - Started process (PID=13593) to work on /opt/airflow/dags/weather_dag.py
[2026-08-14T02:09:51.036+0000] {processor.py:914} INFO - Processing file /opt/airflow/dags/weather_dag.py for tasks to queue
[2026-08-14T02:09:51.047+0000] {logging_mixin.py:190} INFO - [2026-08-14T02:09:51.047+0000] {dagbag.py:588} INFO - Filling up the DagBag from /opt/airflow/dags/weather_dag.py
[2026-08-14T02:09:51.068+0000] {processor.py:925} INFO - DAG(s) 'weather_ingestion' retrieved from /opt/airflow/dags/weather_dag.py
[2026-08-14T02:09:51.113+0000] {logging_mixin.py:190} INFO - [2026-08-14T02:09:51.113+0000] {dag.py:3239} INFO - Sync 1 DAGs
[2026-08-14T02:09:51.145+0000] {logging_mixin.py:190} INFO - [2026-08-14T02:09:51.145+0000] {dag.py:4180} INFO - Setting next_dagrun for weather_ingestion to 2026-08-14 02:00:00+00:00, run_after=2026-08-14 03:00:00+00:00
[2026-08-14T02:09:51.156+0000] {processor.py:208} INFO - Processing /opt/airflow/dags/weather_dag.py took 0.137 seconds
[2026-08-14T02:10:21.585+0000] {processor.py:186} INFO - Started process (PID=13598) to work on /opt/airflow/dags/weather_dag.py
[2026-08-14T02:10:21.587+0000] {processor.py:914} INFO - Processing file /opt/airflow/dags/weather_dag.py for tasks to queue
[2026-08-14T02:10:21.591+0000] {logging_mixin.py:190} INFO - [2026-08-14T02:10:21.591+0000] {dagbag.py:588} INFO - Filling up the DagBag from /opt/airflow/dags/weather_dag.py
[2026-08-14T02:10:21.608+0000] {processor.py:925} INFO - DAG(s) 'weather_ingestion' retrieved from /opt/airflow/dags/weather_dag.py
[2026-08-14T02:10:21.636+0000] {logging_mixin.py:190} INFO - [2026-08-14T02:10:21.636+0000] {dag.py:3239} INFO - Sync 1 DAGs
[2026-08-14T02:10:21.655+0000] {logging_mixin.py:190} INFO - [2026-08-14T02:10:21.655+0000] {dag.py:4180} INFO - Setting next_dagrun for weather_ingestion to 2026-08-14 02:00:00+00:00, run_after=2026-08-14 03:00:00+00:00
[2026-08-14T02:10:21.665+0000] {processor.py:208} INFO - Processing /opt/airflow/dags/weather_dag.py took 0.092 seconds
[2026-08-14T02:10:51.914+0000] {processor.py:186} INFO - Started process (PID=13603) to work on /opt/airflow/dags/weather_dag.py
[2026-08-14T02:10:51.921+0000] {processor.py:914} INFO - Processing file /opt/airflow/dags/weather_dag.py for tasks to queue
[2026-08-14T02:10:51.930+0000] {logging_mixin.py:190} INFO - [2026-08-14T02:10:51.929+0000] {dagbag.py:588} INFO - Filling up the DagBag from /opt/airflow/dags/weather_dag.py
[2026-08-14T02:10:51.951+0000] {processor.py:925} INFO - DAG(s) 'weather_ingestion' retrieved from /opt/airflow/dags/weather_dag.py
[2026-08-14T02:10:52.007+0000] {logging_mixin.py:190} INFO - [2026-08-14T02:10:52.007+0000] {dag.py:3239} INFO - Sync 1 DAGs
[2026-08-14T02:10:52.028+0000] {logging_mixin.py:190} INFO - [2026-08-14T02:10:52.028+0000] {dag.py:4180} INFO - Setting next_dagrun for weather_ingestion to 2026-08-14 02:00:00+00:00, run_after=2026-08-14 03:00:00+00:00
[2026-08-14T02:10:52.039+0000] {processor.py:208} INFO - Processing /opt/airflow/dags/weather_dag.py took 0.150 seconds
[2026-08-14T02:11:22.301+0000] {processor.py:186} INFO - Started process (PID=13608) to work on /opt/airflow/dags/weather_dag.py
[2026-08-14T02:11:22.310+0000] {processor.py:914} INFO - Processing file /opt/airflow/dags/weather_dag.py for tasks to queue
[2026-08-14T02:11:22.314+0000] {logging_mixin.py:190} INFO - [2026-08-14T02:11:22.314+0000] {dagbag.py:588} INFO - Filling up the DagBag from /opt/airflow/dags/weather_dag.py
[2026-08-14T02:11:22.324+0000] {processor.py:925} INFO - DAG(s) 'weather_ingestion' retrieved from /opt/airflow/dags/weather_dag.py
[2026-08-14T02:11:22.341+0000] {logging_mixin.py:190} INFO - [2026-08-14T02:11:22.341+0000] {dag.py:3239} INFO - Sync 1 DAGs
[2026-08-14T02:11:22.352+0000] {logging_mixin.py:190} INFO - [2026-08-14T02:11:22.352+0000] {dag.py:4180} INFO - Setting next_dagrun for weather_ingestion to 2026-08-14 02:00:00+00:00, run_after=2026-08-14 03:00:00+00:00
[2026-08-14T02:11:22.360+0000] {processor.py:208} INFO - Processing /opt/airflow/dags/weather_dag.py took 0.080 seconds
[2026-08-14T02:11:52.687+0000] {processor.py:186} INFO - Started process (PID=13613) to work on /opt/airflow/dags/weather_dag.py
[2026-08-14T02:11:52.690+0000] {processor.py:914} INFO - Processing file /opt/airflow/dags/weather_dag.py for tasks to queue
[2026-08-14T02:11:52.694+0000] {logging_mixin.py:190} INFO - [2026-08-14T02:11:52.693+0000] {dagbag.py:588} INFO - Filling up the DagBag from /opt/airflow/dags/weather_dag.py
[2026-08-14T02:11:52.710+0000] {processor.py:925} INFO - DAG(s) 'weather_ingestion' retrieved from /opt/airflow/dags/weather_dag.py
[2026-08-14T02:11:52.735+0000] {logging_mixin.py:190} INFO - [2026-08-14T02:11:52.735+0000] {dag.py:3239} INFO - Sync 1 DAGs
[2026-08-14T02:11:52.749+0000] {logging_mixin.py:190} INFO - [2026-08-14T02:11:52.749+0000] {dag.py:4180} INFO - Setting next_dagrun for weather_ingestion to 2026-08-14 02:00:00+00:00, run_after=2026-08-14 03:00:00+00:00
[2026-08-14T02:11:52.756+0000] {processor.py:208} INFO - Processing /opt/airflow/dags/weather_dag.py took 0.081 seconds
[2026-08-14T02:12:23.055+0000] {processor.py:186} INFO - Started process (PID=13618) to work on /opt/airflow/dags/weather_dag.py
[2026-08-14T02:12:23.058+0000] {processor.py:914} INFO - Processing file /opt/airflow/dags/weather_dag.py for tasks to queue
[2026-08-14T02:12:23.061+0000] {logging_mixin.py:190} INFO - [2026-08-14T02:12:23.060+0000] {dagbag.py:588} INFO - Filling up the DagBag from /opt/airflow/dags/weather_dag.py
[2026-08-14T02:12:23.073+0000] {processor.py:925} INFO - DAG(s) 'weather_ingestion' retrieved from /opt/airflow/dags/weather_dag.py
[2026-08-14T02:12:23.094+0000] {logging_mixin.py:190} INFO - [2026-08-14T02:12:23.094+0000] {dag.py:3239} INFO - Sync 1 DAGs
[2026-08-14T02:12:23.109+0000] {logging_mixin.py:190} INFO - [2026-08-14T02:12:23.109+0000] {dag.py:4180} INFO - Setting next_dagrun for weather_ingestion to 2026-08-14 02:00:00+00:00, run_after=2026-08-14 03:00:00+00:00
[2026-08-14T02:12:23.119+0000] {processor.py:208} INFO - Processing /opt/airflow/dags/weather_dag.py took 0.072 seconds
[2026-08-14T02:12:53.486+0000] {processor.py:186} INFO - Started process (PID=13623) to work on /opt/airflow/dags/weather_dag.py
[2026-08-14T02:12:53.493+0000] {processor.py:914} INFO - Processing file /opt/airflow/dags/weather_dag.py for tasks to queue
[2026-08-14T02:12:53.499+0000] {logging_mixin.py:190} INFO - [2026-08-14T02:12:53.498+0000] {dagbag.py:588} INFO - Filling up the DagBag from /opt/airflow/dags/weather_dag.py
[2026-08-14T02:12:53.521+0000] {processor.py:925} INFO - DAG(s) 'weather_ingestion' retrieved from /opt/airflow/dags/weather_dag.py
[2026-08-14T02:12:53.563+0000] {logging_mixin.py:190} INFO - [2026-08-14T02:12:53.563+0000] {dag.py:3239} INFO - Sync 1 DAGs
[2026-08-14T02:12:53.585+0000] {logging_mixin.py:190} INFO - [2026-08-14T02:12:53.585+0000] {dag.py:4180} INFO - Setting next_dagrun for weather_ingestion to 2026-08-14 02:00:00+00:00, run_after=2026-08-14 03:00:00+00:00
[2026-08-14T02:12:53.597+0000] {processor.py:208} INFO - Processing /opt/airflow/dags/weather_dag.py took 0.131 seconds
[2026-08-14T02:13:23.815+0000] {processor.py:186} INFO - Started process (PID=13628) to work on /opt/airflow/dags/weather_dag.py
[2026-08-14T02:13:23.815+0000] {processor.py:914} INFO - Processing file /opt/airflow/dags/weather_dag.py for tasks to queue
[2026-08-14T02:13:23.817+0000] {logging_mixin.py:190} INFO - [2026-08-14T02:13:23.816+0000] {dagbag.py:588} INFO - Filling up the DagBag from /opt/airflow/dags/weather_dag.py
[2026-08-14T02:13:23.823+0000] {processor.py:925} INFO - DAG(s) 'weather_ingestion' retrieved from /opt/airflow/dags/weather_dag.py
[2026-08-14T02:13:23.839+0000] {logging_mixin.py:190} INFO - [2026-08-14T02:13:23.839+0000] {dag.py:3239} INFO - Sync 1 DAGs
[2026-08-14T02:13:23.851+0000] {logging_mixin.py:190} INFO - [2026-08-14T02:13:23.851+0000] {dag.py:4180} INFO - Setting next_dagrun for weather_ingestion to 2026-08-14 02:00:00+00:00, run_after=2026-08-14 03:00:00+00:00
[2026-08-14T02:13:23.859+0000] {processor.py:208} INFO - Processing /opt/airflow/dags/weather_dag.py took 0.048 seconds
[2026-08-14T02:13:54.271+0000] {processor.py:186} INFO - Started process (PID=13633) to work on /opt/airflow/dags/weather_dag.py
[2026-08-14T02:13:54.275+0000] {processor.py:914} INFO - Processing file /opt/airflow/dags/weather_dag.py for tasks to queue
[2026-08-14T02:13:54.280+0000] {logging_mixin.py:190} INFO - [2026-08-14T02:13:54.280+0000] {dagbag.py:588} INFO - Filling up the DagBag from /opt/airflow/dags/weather_dag.py
[2026-08-14T02:13:54.302+0000] {processor.py:925} INFO - DAG(s) 'weather_ingestion' retrieved from /opt/airflow/dags/weather_dag.py
[2026-08-14T02:13:54.333+0000] {logging_mixin.py:190} INFO - [2026-08-14T02:13:54.333+0000] {dag.py:3239} INFO - Sync 1 DAGs
[2026-08-14T02:13:54.364+0000] {logging_mixin.py:190} INFO - [2026-08-14T02:13:54.364+0000] {dag.py:4180} INFO - Setting next_dagrun for weather_ingestion to 2026-08-14 02:00:00+00:00, run_after=2026-08-14 03:00:00+00:00
[2026-08-14T02:13:54.374+0000] {processor.py:208} INFO - Processing /opt/airflow/dags/weather_dag.py took 0.122 seconds
[2026-08-14T02:14:24.602+0000] {processor.py:186} INFO - Started process (PID=13638) to work on /opt/airflow/dags/weather_dag.py
[2026-08-14T02:14:24.604+0000] {processor.py:914} INFO - Processing file /opt/airflow/dags/weather_dag.py for tasks to queue
[2026-08-14T02:14:24.606+0000] {logging_mixin.py:190} INFO - [2026-08-14T02:14:24.606+0000] {dagbag.py:588} INFO - Filling up the DagBag from /opt/airflow/dags/weather_dag.py
[2026-08-14T02:14:24.617+0000] {processor.py:925} INFO - DAG(s) 'weather_ingestion' retrieved from /opt/airflow/dags/weather_dag.py
[2026-08-14T02:14:24.639+0000] {logging_mixin.py:190} INFO - [2026-08-14T02:14:24.639+0000] {dag.py:3239} INFO - Sync 1 DAGs
[2026-08-14T02:14:24.651+0000] {logging_mixin.py:190} INFO - [2026-08-14T02:14:24.651+0000] {dag.py:4180} INFO - Setting next_dagrun for weather_ingestion to 2026-08-14 02:00:00+00:00, run_after=2026-08-14 03:00:00+00:00
[2026-08-14T02:14:24.659+0000] {processor.py:208} INFO - Processing /opt/airflow/dags/weather_dag.py took 0.063 seconds
[2026-08-14T02:14:54.934+0000] {processor.py:186} INFO - Started process (PID=13643) to work on /opt/airflow/dags/weather_dag.py
[2026-08-14T02:14:54.936+0000] {processor.py:914} INFO - Processing file /opt/airflow/dags/weather_dag.py for tasks to queue
[2026-08-14T02:14:54.938+0000] {logging_mixin.py:190} INFO - [2026-08-14T02:14:54.938+0000] {dagbag.py:588} INFO - Filling up the DagBag from /opt/airflow/dags/weather_dag.py
[2026-08-14T02:14:54.948+0000] {processor.py:925} INFO - DAG(s) 'weather_ingestion' retrieved from /opt/airflow/dags/weather_dag.py
[2026-08-14T02:14:54.967+0000] {logging_mixin.py:190} INFO - [2026-08-14T02:14:54.966+0000] {dag.py:3239} INFO - Sync 1 DAGs
[2026-08-14T02:14:54.978+0000] {logging_mixin.py:190} INFO - [2026-08-14T02:14:54.978+0000] {dag.py:4180} INFO - Setting next_dagrun for weather_ingestion to 2026-08-14 02:00:00+00:00, run_after=2026-08-14 03:00:00+00:00
[2026-08-14T02:14:54.987+0000] {processor.py:208} INFO - Processing /opt/airflow/dags/weather_dag.py took 0.064 seconds
[2026-08-14T02:15:25.303+0000] {processor.py:186} INFO - Started process (PID=13648) to work on /opt/airflow/dags/weather_dag.py
[2026-08-14T02:15:25.304+0000] {processor.py:914} INFO - Processing file /opt/airflow/dags/weather_dag.py for tasks to queue
[2026-08-14T02:15:25.306+0000] {logging_mixin.py:190} INFO - [2026-08-14T02:15:25.306+0000] {dagbag.py:588} INFO - Filling up the DagBag from /opt/airflow/dags/weather_dag.py
[2026-08-14T02:15:25.314+0000] {processor.py:925} INFO - DAG(s) 'weather_ingestion' retrieved from /opt/airflow/dags/weather_dag.py
[2026-08-14T02:15:25.330+0000] {logging_mixin.py:190} INFO - [2026-08-14T02:15:25.330+0000] {dag.py:3239} INFO - Sync 1 DAGs
[2026-08-14T02:15:25.343+0000] {logging_mixin.py:190} INFO - [2026-08-14T02:15:25.343+0000] {dag.py:4180} INFO - Setting next_dagrun for weather_ingestion to 2026-08-14 02:00:00+00:00, run_after=2026-08-14 03:00:00+00:00
[2026-08-14T02:15:25.351+0000] {processor.py:208} INFO - Processing /opt/airflow/dags/weather_dag.py took 0.054 seconds
[2026-08-14T02:15:55.697+0000] {processor.py:186} INFO - Started process (PID=13653) to work on /opt/airflow/dags/weather_dag.py
[2026-08-14T02:15:55.698+0000] {processor.py:914} INFO - Processing file /opt/airflow/dags/weather_dag.py for tasks to queue
[2026-08-14T02:15:55.700+0000] {logging_mixin.py:190} INFO - [2026-08-14T02:15:55.700+0000] {dagbag.py:588} INFO - Filling up the DagBag from /opt/airflow/dags/weather_dag.py
[2026-08-14T02:15:55.709+0000] {processor.py:925} INFO - DAG(s) 'weather_ingestion' retrieved from /opt/airflow/dags/weather_dag.py
[2026-08-14T02:15:55.728+0000] {logging_mixin.py:190} INFO - [2026-08-14T02:15:55.728+0000] {dag.py:3239} INFO - Sync 1 DAGs
[2026-08-14T02:15:55.741+0000] {logging_mixin.py:190} INFO - [2026-08-14T02:15:55.741+0000] {dag.py:4180} INFO - Setting next_dagrun for weather_ingestion to 2026-08-14 02:00:00+00:00, run_after=2026-08-14 03:00:00+00:00
[2026-08-14T02:15:55.749+0000] {processor.py:208} INFO - Processing /opt/airflow/dags/weather_dag.py took 0.057 seconds
[2026-08-14T02:16:26.159+0000] {processor.py:186} INFO - Started process (PID=13658) to work on /opt/airflow/dags/weather_dag.py
[2026-08-14T02:16:26.161+0000] {processor.py:914} INFO - Processing file /opt/airflow/dags/weather_dag.py for tasks to queue
[2026-08-14T02:16:26.163+0000] {logging_mixin.py:190} INFO - [2026-08-14T02:16:26.163+0000] {dagbag.py:588} INFO - Filling up the DagBag from /opt/airflow/dags/weather_dag.py
[2026-08-14T02:16:26.173+0000] {processor.py:925} INFO - DAG(s) 'weather_ingestion' retrieved from /opt/airflow/dags/weather_dag.py
[2026-08-14T02:16:26.190+0000] {logging_mixin.py:190} INFO - [2026-08-14T02:16:26.190+0000] {dag.py:3239} INFO - Sync 1 DAGs
[2026-08-14T02:16:26.201+0000] {logging_mixin.py:190} INFO - [2026-08-14T02:16:26.201+0000] {dag.py:4180} INFO - Setting next_dagrun for weather_ingestion to 2026-08-14 02:00:00+00:00, run_after=2026-08-14 03:00:00+00:00
[2026-08-14T02:16:26.209+0000] {processor.py:208} INFO - Processing /opt/airflow/dags/weather_dag.py took 0.055 seconds
[2026-08-14T02:16:56.572+0000] {processor.py:186} INFO - Started process (PID=13663) to work on /opt/airflow/dags/weather_dag.py
[2026-08-14T02:16:56.574+0000] {processor.py:914} INFO - Processing file /opt/airflow/dags/weather_dag.py for tasks to queue
[2026-08-14T02:16:56.576+0000] {logging_mixin.py:190} INFO - [2026-08-14T02:16:56.576+0000] {dagbag.py:588} INFO - Filling up the DagBag from /opt/airflow/dags/weather_dag.py
[2026-08-14T02:16:56.586+0000] {processor.py:925} INFO - DAG(s) 'weather_ingestion' retrieved from /opt/airflow/dags/weather_dag.py
[2026-08-14T02:16:56.604+0000] {logging_mixin.py:190} INFO - [2026-08-14T02:16:56.603+0000] {dag.py:3239} INFO - Sync 1 DAGs
[2026-08-14T02:16:56.614+0000] {logging_mixin.py:190} INFO - [2026-08-14T02:16:56.614+0000] {dag.py:4180} INFO - Setting next_dagrun for weather_ingestion to 2026-08-14 02:00:00+00:00, run_after=2026-08-14 03:00:00+00:00
[2026-08-14T02:16:56.621+0000] {processor.py:208} INFO - Processing /opt/airflow/dags/weather_dag.py took 0.055 seconds
[2026-08-14T02:17:26.979+0000] {processor.py:186} INFO - Started process (PID=13668) to work on /opt/airflow/dags/weather_dag.py
[2026-08-14T02:17:26.980+0000] {processor.py:914} INFO - Processing file /opt/airflow/dags/weather_dag.py for tasks to queue
[2026-08-14T02:17:26.981+0000] {logging_mixin.py:190} INFO - [2026-08-14T02:17:26.980+0000] {dagbag.py:588} INFO - Filling up the DagBag from /opt/airflow/dags/weather_dag.py
[2026-08-14T02:17:26.986+0000] {processor.py:925} INFO - DAG(s) 'weather_ingestion' retrieved from /opt/airflow/dags/weather_dag.py
[2026-08-14T02:17:26.999+0000] {logging_mixin.py:190} INFO - [2026-08-14T02:17:26.999+0000] {dag.py:3239} INFO - Sync 1 DAGs
[2026-08-14T02:17:27.010+0000] {logging_mixin.py:190} INFO - [2026-08-14T02:17:27.009+0000] {dag.py:4180} INFO - Setting next_dagrun for weather_ingestion to 2026-08-14 02:00:00+00:00, run_after=2026-08-14 03:00:00+00:00
[2026-08-14T02:17:27.016+0000] {processor.py:208} INFO - Processing /opt/airflow/dags/weather_dag.py took 0.040 seconds
[2026-08-14T02:17:57.378+0000] {processor.py:186} INFO - Started process (PID=13673) to work on /opt/airflow/dags/weather_dag.py
[2026-08-14T02:17:57.380+0000] {processor.py:914} INFO - Processing file /opt/airflow/dags/weather_dag.py for tasks to queue
[2026-08-14T02:17:57.384+0000] {logging_mixin.py:190} INFO - [2026-08-14T02:17:57.383+0000] {dagbag.py:588} INFO - Filling up the DagBag from /opt/airflow/dags/weather_dag.py
[2026-08-14T02:17:57.401+0000] {processor.py:925} INFO - DAG(s) 'weather_ingestion' retrieved from /opt/airflow/dags/weather_dag.py
[2026-08-14T02:17:57.426+0000] {logging_mixin.py:190} INFO - [2026-08-14T02:17:57.426+0000] {dag.py:3239} INFO - Sync 1 DAGs
[2026-08-14T02:17:57.441+0000] {logging_mixin.py:190} INFO - [2026-08-14T02:17:57.441+0000] {dag.py:4180} INFO - Setting next_dagrun for weather_ingestion to 2026-08-14 02:00:00+00:00, run_after=2026-08-14 03:00:00+00:00
[2026-08-14T02:17:57.449+0000] {processor.py:208} INFO - Processing /opt/airflow/dags/weather_dag.py took 0.081 seconds
[2026-08-14T02:18:27.731+0000] {processor.py:186} INFO - Started process (PID=13678) to work on /opt/airflow/dags/weather_dag.py
[2026-08-14T02:18:27.732+0000] {processor.py:914} INFO - Processing file /opt/airflow/dags/weather_dag.py for tasks to queue
[2026-08-14T02:18:27.734+0000] {logging_mixin.py:190} INFO - [2026-08-14T02:18:27.734+0000] {dagbag.py:588} INFO - Filling up the DagBag from /opt/airflow/dags/weather_dag.py
[2026-08-14T02:18:27.744+0000] {processor.py:925} INFO - DAG(s) 'weather_ingestion' retrieved from /opt/airflow/dags/weather_dag.py
[2026-08-14T02:18:27.763+0000] {logging_mixin.py:190} INFO - [2026-08-14T02:18:27.763+0000] {dag.py:3239} INFO - Sync 1 DAGs
[2026-08-14T02:18:27.775+0000] {logging_mixin.py:190} INFO - [2026-08-14T02:18:27.775+0000] {dag.py:4180} INFO - Setting next_dagrun for weather_ingestion to 2026-08-14 02:00:00+00:00, run_after=2026-08-14 03:00:00+00:00
[2026-08-14T02:18:27.782+0000] {processor.py:208} INFO - Processing /opt/airflow/dags/weather_dag.py took 0.058 seconds
[2026-08-14T02:18:58.090+0000] {processor.py:186} INFO - Started process (PID=13683) to work on /opt/airflow/dags/weather_dag.py
[2026-08-14T02:18:58.093+0000] {processor.py:914} INFO - Processing file /opt/airflow/dags/weather_dag.py for tasks to queue
[2026-08-14T02:18:58.095+0000] {logging_mixin.py:190} INFO - [2026-08-14T02:18:58.095+0000] {dagbag.py:588} INFO - Filling up the DagBag from /opt/airflow/dags/weather_dag.py
[2026-08-14T02:18:58.105+0000] {processor.py:925} INFO - DAG(s) 'weather_ingestion' retrieved from /opt/airflow/dags/weather_dag.py
[2026-08-14T02:18:58.126+0000] {logging_mixin.py:190} INFO - [2026-08-14T02:18:58.126+0000] {dag.py:3239} INFO - Sync 1 DAGs
[2026-08-14T02:18:58.138+0000] {logging_mixin.py:190} INFO - [2026-08-14T02:18:58.137+0000] {dag.py:4180} INFO - Setting next_dagrun for weather_ingestion to 2026-08-14 02:00:00+00:00, run_after=2026-08-14 03:00:00+00:00
[2026-08-14T02:18:58.145+0000] {processor.py:208} INFO - Processing /opt/airflow/dags/weather_dag.py took 0.060 seconds
[2026-08-14T02:19:28.454+0000] {processor.py:186} INFO - Started process (PID=13688) to work on /opt/airflow/dags/weather_dag.py
[2026-08-14T02:19:28.456+0000] {processor.py:914} INFO - Processing file /opt/airflow/dags/weather_dag.py for tasks to queue
[2026-08-14T02:19:28.459+0000] {logging_mixin.py:190} INFO - [2026-08-14T02:19:28.458+0000] {dagbag.py:588} INFO - Filling up the DagBag from /opt/airflow/dags/weather_dag.py
[2026-08-14T02:19:28.469+0000] {processor.py:925} INFO - DAG(s) 'weather_ingestion' retrieved from /opt/airflow/dags/weather_dag.py
[2026-08-14T02:19:28.486+0000] {logging_mixin.py:190} INFO - [2026-08-14T02:19:28.486+0000] {dag.py:3239} INFO - Sync 1 DAGs
[2026-08-14T02:19:28.497+0000] {logging_mixin.py:190} INFO - [2026-08-14T02:19:28.497+0000] {dag.py:4180} INFO - Setting next_dagrun for weather_ingestion to 2026-08-14 02:00:00+00:00, run_after=2026-08-14 03:00:00+00:00
[2026-08-14T02:19:28.504+0000] {processor.py:208} INFO - Processing /opt/airflow/dags/weather_dag.py took 0.058 seconds
[2026-08-14T02:19:58.855+0000] {processor.py:186} INFO - Started process (PID=13693) to work on /opt/airflow/dags/weather_dag.py
[2026-08-14T02:19:58.857+0000] {processor.py:914} INFO - Processing file /opt/airflow/dags/weather_dag.py for tasks to queue
[2026-08-14T02:19:58.860+0000] {logging_mixin.py:190} INFO - [2026-08-14T02:19:58.860+0000] {dagbag.py:588} INFO - Filling up the DagBag from /opt/airflow/dags/weather_dag.py
[2026-08-14T02:19:58.871+0000] {processor.py:925} INFO - DAG(s) 'weather_ingestion' retrieved from /opt/airflow/dags/weather_dag.py
[2026-08-14T02:19:58.890+0000] {logging_mixin.py:190} INFO - [2026-08-14T02:19:58.890+0000] {dag.py:3239} INFO - Sync 1 DAGs
[2026-08-14T02:19:58.901+0000] {logging_mixin.py:190} INFO - [2026-08-14T02:19:58.901+0000] {dag.py:4180} INFO - Setting next_dagrun for weather_ingestion to 2026-08-14 02:00:00+00:00, run_after=2026-08-14 03:00:00+00:00
[2026-08-14T02:19:58.909+0000] {processor.py:208} INFO - Processing /opt/airflow/dags/weather_dag.py took 0.060 seconds
[2026-08-14T02:20:29.225+0000] {processor.py:186} INFO - Started process (PID=13698) to work on /opt/airflow/dags/weather_dag.py
[2026-08-14T02:20:29.226+0000] {processor.py:914} INFO - Processing file /opt/airflow/dags/weather_dag.py for tasks to queue
[2026-08-14T02:20:29.229+0000] {logging_mixin.py:190} INFO - [2026-08-14T02:20:29.228+0000] {dagbag.py:588} INFO - Filling up the DagBag from /opt/airflow/dags/weather_dag.py
[2026-08-14T02:20:29.244+0000] {processor.py:925} INFO - DAG(s) 'weather_ingestion' retrieved from /opt/airflow/dags/weather_dag.py
[2026-08-14T02:20:29.271+0000] {logging_mixin.py:190} INFO - [2026-08-14T02:20:29.270+0000] {dag.py:3239} INFO - Sync 1 DAGs
[2026-08-14T02:20:29.287+0000] {logging_mixin.py:190} INFO - [2026-08-14T02:20:29.287+0000] {dag.py:4180} INFO - Setting next_dagrun for weather_ingestion to 2026-08-14 02:00:00+00:00, run_after=2026-08-14 03:00:00+00:00
[2026-08-14T02:20:29.296+0000] {processor.py:208} INFO - Processing /opt/airflow/dags/weather_dag.py took 0.077 seconds
[2026-08-14T02:20:59.641+0000] {processor.py:186} INFO - Started process (PID=13703) to work on /opt/airflow/dags/weather_dag.py
[2026-08-14T02:20:59.645+0000] {processor.py:914} INFO - Processing file /opt/airflow/dags/weather_dag.py for tasks to queue
[2026-08-14T02:20:59.652+0000] {logging_mixin.py:190} INFO - [2026-08-14T02:20:59.651+0000] {dagbag.py:588} INFO - Filling up the DagBag from /opt/airflow/dags/weather_dag.py
[2026-08-14T02:20:59.675+0000] {processor.py:925} INFO - DAG(s) 'weather_ingestion' retrieved from /opt/airflow/dags/weather_dag.py
[2026-08-14T02:20:59.702+0000] {logging_mixin.py:190} INFO - [2026-08-14T02:20:59.702+0000] {dag.py:3239} INFO - Sync 1 DAGs
[2026-08-14T02:20:59.719+0000] {logging_mixin.py:190} INFO - [2026-08-14T02:20:59.719+0000] {dag.py:4180} INFO - Setting next_dagrun for weather_ingestion to 2026-08-14 02:00:00+00:00, run_after=2026-08-14 03:00:00+00:00
[2026-08-14T02:20:59.728+0000] {processor.py:208} INFO - Processing /opt/airflow/dags/weather_dag.py took 0.100 seconds
[2026-08-14T02:21:30.003+0000] {processor.py:186} INFO - Started process (PID=13708) to work on /opt/airflow/dags/weather_dag.py
[2026-08-14T02:21:30.005+0000] {processor.py:914} INFO - Processing file /opt/airflow/dags/weather_dag.py for tasks to queue
[2026-08-14T02:21:30.007+0000] {logging_mixin.py:190} INFO - [2026-08-14T02:21:30.007+0000] {dagbag.py:588} INFO - Filling up the DagBag from /opt/airflow/dags/weather_dag.py
[2026-08-14T02:21:30.018+0000] {processor.py:925} INFO - DAG(s) 'weather_ingestion' retrieved from /opt/airflow/dags/weather_dag.py
[2026-08-14T02:21:30.039+0000] {logging_mixin.py:190} INFO - [2026-08-14T02:21:30.039+0000] {dag.py:3239} INFO - Sync 1 DAGs
[2026-08-14T02:21:30.050+0000] {logging_mixin.py:190} INFO - [2026-08-14T02:21:30.050+0000] {dag.py:4180} INFO - Setting next_dagrun for weather_ingestion to 2026-08-14 02:00:00+00:00, run_after=2026-08-14 03:00:00+00:00
[2026-08-14T02:21:30.058+0000] {processor.py:208} INFO - Processing /opt/airflow/dags/weather_dag.py took 0.064 seconds
[2026-08-14T02:22:00.424+0000] {processor.py:186} INFO - Started process (PID=13713) to work on /opt/airflow/dags/weather_dag.py
[2026-08-14T02:22:00.425+0000] {processor.py:914} INFO - Processing file /opt/airflow/dags/weather_dag.py for tasks to queue
[2026-08-14T02:22:00.427+0000] {logging_mixin.py:190} INFO - [2026-08-14T02:22:00.427+0000] {dagbag.py:588} INFO - Filling up the DagBag from /opt/airflow/dags/weather_dag.py
[2026-08-14T02:22:00.436+0000] {processor.py:925} INFO - DAG(s) 'weather_ingestion' retrieved from /opt/airflow/dags/weather_dag.py
[2026-08-14T02:22:00.453+0000] {logging_mixin.py:190} INFO - [2026-08-14T02:22:00.453+0000] {dag.py:3239} INFO - Sync 1 DAGs
[2026-08-14T02:22:00.466+0000] {logging_mixin.py:190} INFO - [2026-08-14T02:22:00.466+0000] {dag.py:4180} INFO - Setting next_dagrun for weather_ingestion to 2026-08-14 02:00:00+00:00, run_after=2026-08-14 03:00:00+00:00
[2026-08-14T02:22:00.474+0000] {processor.py:208} INFO - Processing /opt/airflow/dags/weather_dag.py took 0.056 seconds
[2026-08-14T02:22:30.772+0000] {processor.py:186} INFO - Started process (PID=13718) to work on /opt/airflow/dags/weather_dag.py
[2026-08-14T02:22:30.775+0000] {processor.py:914} INFO - Processing file /opt/airflow/dags/weather_dag.py for tasks to queue
[2026-08-14T02:22:30.777+0000] {logging_mixin.py:190} INFO - [2026-08-14T02:22:30.777+0000] {dagbag.py:588} INFO - Filling up the DagBag from /opt/airflow/dags/weather_dag.py
[2026-08-14T02:22:30.788+0000] {processor.py:925} INFO - DAG(s) 'weather_ingestion' retrieved from /opt/airflow/dags/weather_dag.py
[2026-08-14T02:22:30.806+0000] {logging_mixin.py:190} INFO - [2026-08-14T02:22:30.806+0000] {dag.py:3239} INFO - Sync 1 DAGs
[2026-08-14T02:22:30.820+0000] {logging_mixin.py:190} INFO - [2026-08-14T02:22:30.820+0000] {dag.py:4180} INFO - Setting next_dagrun for weather_ingestion to 2026-08-14 02:00:00+00:00, run_after=2026-08-14 03:00:00+00:00
[2026-08-14T02:22:30.827+0000] {processor.py:208} INFO - Processing /opt/airflow/dags/weather_dag.py took 0.062 seconds
[2026-08-14T02:23:01.095+0000] {processor.py:186} INFO - Started process (PID=13723) to work on /opt/airflow/dags/weather_dag.py
[2026-08-14T02:23:01.096+0000] {processor.py:914} INFO - Processing file /opt/airflow/dags/weather_dag.py for tasks to queue
[2026-08-14T02:23:01.097+0000] {logging_mixin.py:190} INFO - [2026-08-14T02:23:01.097+0000] {dagbag.py:588} INFO - Filling up the DagBag from /opt/airflow/dags/weather_dag.py
[2026-08-14T02:23:01.105+0000] {processor.py:925} INFO - DAG(s) 'weather_ingestion' retrieved from /opt/airflow/dags/weather_dag.py
[2026-08-14T02:23:01.121+0000] {logging_mixin.py:190} INFO - [2026-08-14T02:23:01.121+0000] {dag.py:3239} INFO - Sync 1 DAGs
[2026-08-14T02:23:01.133+0000] {logging_mixin.py:190} INFO - [2026-08-14T02:23:01.133+0000] {dag.py:4180} INFO - Setting next_dagrun for weather_ingestion to 2026-08-14 02:00:00+00:00, run_after=2026-08-14 03:00:00+00:00
[2026-08-14T02:23:01.140+0000] {processor.py:208} INFO - Processing /opt/airflow/dags/weather_dag.py took 0.049 seconds
[2026-08-14T02:23:31.395+0000] {processor.py:186} INFO - Started process (PID=13728) to work on /opt/airflow/dags/weather_dag.py
[2026-08-14T02:23:31.396+0000] {processor.py:914} INFO - Processing file /opt/airflow/dags/weather_dag.py for tasks to queue
[2026-08-14T02:23:31.398+0000] {logging_mixin.py:190} INFO - [2026-08-14T02:23:31.398+0000] {dagbag.py:588} INFO - Filling up the DagBag from /opt/airflow/dags/weather_dag.py
[2026-08-14T02:23:31.404+0000] {processor.py:925} INFO - DAG(s) 'weather_ingestion' retrieved from /opt/airflow/dags/weather_dag.py
[2026-08-14T02:23:31.419+0000] {logging_mixin.py:190} INFO - [2026-08-14T02:23:31.419+0000] {dag.py:3239} INFO - Sync 1 DAGs
[2026-08-14T02:23:31.430+0000] {logging_mixin.py:190} INFO - [2026-08-14T02:23:31.430+0000] {dag.py:4180} INFO - Setting next_dagrun for weather_ingestion to 2026-08-14 02:00:00+00:00, run_after=2026-08-14 03:00:00+00:00
[2026-08-14T02:23:31.437+0000] {processor.py:208} INFO - Processing /opt/airflow/dags/weather_dag.py took 0.046 seconds
[2026-08-14T02:24:01.747+0000] {processor.py:186} INFO - Started process (PID=13733) to work on /opt/airflow/dags/weather_dag.py
[2026-08-14T02:24:01.749+0000] {processor.py:914} INFO - Processing file /opt/airflow/dags/weather_dag.py for tasks to queue
[2026-08-14T02:24:01.751+0000] {logging_mixin.py:190} INFO - [2026-08-14T02:24:01.751+0000] {dagbag.py:588} INFO - Filling up the DagBag from /opt/airflow/dags/weather_dag.py
[2026-08-14T02:24:01.761+0000] {processor.py:925} INFO - DAG(s) 'weather_ingestion' retrieved from /opt/airflow/dags/weather_dag.py
[2026-08-14T02:24:01.781+0000] {logging_mixin.py:190} INFO - [2026-08-14T02:24:01.781+0000] {dag.py:3239} INFO - Sync 1 DAGs
[2026-08-14T02:24:01.796+0000] {logging_mixin.py:190} INFO - [2026-08-14T02:24:01.796+0000] {dag.py:4180} INFO - Setting next_dagrun for weather_ingestion to 2026-08-14 02:00:00+00:00, run_after=2026-08-14 03:00:00+00:00
[2026-08-14T02:24:01.805+0000] {processor.py:208} INFO - Processing /opt/airflow/dags/weather_dag.py took 0.064 seconds
[2026-08-14T02:24:32.161+0000] {processor.py:186} INFO - Started process (PID=13738) to work on /opt/airflow/dags/weather_dag.py
[2026-08-14T02:24:32.162+0000] {processor.py:914} INFO - Processing file /opt/airflow/dags/weather_dag.py for tasks to queue
[2026-08-14T02:24:32.165+0000] {logging_mixin.py:190} INFO - [2026-08-14T02:24:32.165+0000] {dagbag.py:588} INFO - Filling up the DagBag from /opt/airflow/dags/weather_dag.py
[2026-08-14T02:24:32.179+0000] {processor.py:925} INFO - DAG(s) 'weather_ingestion' retrieved from /opt/airflow/dags/weather_dag.py
[2026-08-14T02:24:32.201+0000] {logging_mixin.py:190} INFO - [2026-08-14T02:24:32.201+0000] {dag.py:3239} INFO - Sync 1 DAGs
[2026-08-14T02:24:32.220+0000] {logging_mixin.py:190} INFO - [2026-08-14T02:24:32.220+0000] {dag.py:4180} INFO - Setting next_dagrun for weather_ingestion to 2026-08-14 02:00:00+00:00, run_after=2026-08-14 03:00:00+00:00
[2026-08-14T02:24:32.231+0000] {processor.py:208} INFO - Processing /opt/airflow/dags/weather_dag.py took 0.079 seconds
[2026-08-14T02:25:02.525+0000] {processor.py:186} INFO - Started process (PID=13743) to work on /opt/airflow/dags/weather_dag.py
[2026-08-14T02:25:02.527+0000] {processor.py:914} INFO - Processing file /opt/airflow/dags/weather_dag.py for tasks to queue
[2026-08-14T02:25:02.529+0000] {logging_mixin.py:190} INFO - [2026-08-14T02:25:02.529+0000] {dagbag.py:588} INFO - Filling up the DagBag from /opt/airflow/dags/weather_dag.py
[2026-08-14T02:25:02.541+0000] {processor.py:925} INFO - DAG(s) 'weather_ingestion' retrieved from /opt/airflow/dags/weather_dag.py
[2026-08-14T02:25:02.559+0000] {logging_mixin.py:190} INFO - [2026-08-14T02:25:02.559+0000] {dag.py:3239} INFO - Sync 1 DAGs
[2026-08-14T02:25:02.571+0000] {logging_mixin.py:190} INFO - [2026-08-14T02:25:02.571+0000] {dag.py:4180} INFO - Setting next_dagrun for weather_ingestion to 2026-08-14 02:00:00+00:00, run_after=2026-08-14 03:00:00+00:00
[2026-08-14T02:25:02.578+0000] {processor.py:208} INFO - Processing /opt/airflow/dags/weather_dag.py took 0.059 seconds
[2026-08-14T02:25:32.898+0000] {processor.py:186} INFO - Started process (PID=13748) to work on /opt/airflow/dags/weather_dag.py
[2026-08-14T02:25:32.901+0000] {processor.py:914} INFO - Processing file /opt/airflow/dags/weather_dag.py for tasks to queue
[2026-08-14T02:25:32.903+0000] {logging_mixin.py:190} INFO - [2026-08-14T02:25:32.902+0000] {dagbag.py:588} INFO - Filling up the DagBag from /opt/airflow/dags/weather_dag.py
[2026-08-14T02:25:32.914+0000] {processor.py:925} INFO - DAG(s) 'weather_ingestion' retrieved from /opt/airflow/dags/weather_dag.py
[2026-08-14T02:25:32.932+0000] {logging_mixin.py:190} INFO - [2026-08-14T02:25:32.932+0000] {dag.py:3239} INFO - Sync 1 DAGs
[2026-08-14T02:25:32.944+0000] {logging_mixin.py:190} INFO - [2026-08-14T02:25:32.943+0000] {dag.py:4180} INFO - Setting next_dagrun for weather_ingestion to 2026-08-14 02:00:00+00:00, run_after=2026-08-14 03:00:00+00:00
[2026-08-14T02:25:32.951+0000] {processor.py:208} INFO - Processing /opt/airflow/dags/weather_dag.py took 0.060 seconds
[2026-08-14T02:26:03.304+0000] {processor.py:186} INFO - Started process (PID=13753) to work on /opt/airflow/dags/weather_dag.py
[2026-08-14T02:26:03.306+0000] {processor.py:914} INFO - Processing file /opt/airflow/dags/weather_dag.py for tasks to queue
[2026-08-14T02:26:03.308+0000] {logging_mixin.py:190} INFO - [2026-08-14T02:26:03.307+0000] {dagbag.py:588} INFO - Filling up the DagBag from /opt/airflow/dags/weather_dag.py
[2026-08-14T02:26:03.319+0000] {processor.py:925} INFO - DAG(s) 'weather_ingestion' retrieved from /opt/airflow/dags/weather_dag.py
[2026-08-14T02:26:03.338+0000] {logging_mixin.py:190} INFO - [2026-08-14T02:26:03.338+0000] {dag.py:3239} INFO - Sync 1 DAGs
[2026-08-14T02:26:03.350+0000] {logging_mixin.py:190} INFO - [2026-08-14T02:26:03.349+0000] {dag.py:4180} INFO - Setting next_dagrun for weather_ingestion to 2026-08-14 02:00:00+00:00, run_after=2026-08-14 03:00:00+00:00
[2026-08-14T02:26:03.358+0000] {processor.py:208} INFO - Processing /opt/airflow/dags/weather_dag.py took 0.059 seconds
[2026-08-14T02:26:33.720+0000] {processor.py:186} INFO - Started process (PID=13758) to work on /opt/airflow/dags/weather_dag.py
[2026-08-14T02:26:33.721+0000] {processor.py:914} INFO - Processing file /opt/airflow/dags/weather_dag.py for tasks to queue
[2026-08-14T02:26:33.723+0000] {logging_mixin.py:190} INFO - [2026-08-14T02:26:33.723+0000] {dagbag.py:588} INFO - Filling up the DagBag from /opt/airflow/dags/weather_dag.py
[2026-08-14T02:26:33.733+0000] {processor.py:925} INFO - DAG(s) 'weather_ingestion' retrieved from /opt/airflow/dags/weather_dag.py
[2026-08-14T02:26:33.755+0000] {logging_mixin.py:190} INFO - [2026-08-14T02:26:33.754+0000] {dag.py:3239} INFO - Sync 1 DAGs
[2026-08-14T02:26:33.768+0000] {logging_mixin.py:190} INFO - [2026-08-14T02:26:33.768+0000] {dag.py:4180} INFO - Setting next_dagrun for weather_ingestion to 2026-08-14 02:00:00+00:00, run_after=2026-08-14 03:00:00+00:00
[2026-08-14T02:26:33.776+0000] {processor.py:208} INFO - Processing /opt/airflow/dags/weather_dag.py took 0.062 seconds
[2026-08-14T02:27:04.108+0000] {processor.py:186} INFO - Started process (PID=13763) to work on /opt/airflow/dags/weather_dag.py
[2026-08-14T02:27:04.110+0000] {processor.py:914} INFO - Processing file /opt/airflow/dags/weather_dag.py for tasks to queue
[2026-08-14T02:27:04.112+0000] {logging_mixin.py:190} INFO - [2026-08-14T02:27:04.112+0000] {dagbag.py:588} INFO - Filling up the DagBag from /opt/airflow/dags/weather_dag.py
[2026-08-14T02:27:04.122+0000] {processor.py:925} INFO - DAG(s) 'weather_ingestion' retrieved from /opt/airflow/dags/weather_dag.py
[2026-08-14T02:27:04.140+0000] {logging_mixin.py:190} INFO - [2026-08-14T02:27:04.140+0000] {dag.py:3239} INFO - Sync 1 DAGs
[2026-08-14T02:27:04.154+0000] {logging_mixin.py:190} INFO - [2026-08-14T02:27:04.154+0000] {dag.py:4180} INFO - Setting next_dagrun for weather_ingestion to 2026-08-14 02:00:00+00:00, run_after=2026-08-14 03:00:00+00:00
[2026-08-14T02:27:04.161+0000] {processor.py:208} INFO - Processing /opt/airflow/dags/weather_dag.py took 0.060 seconds
[2026-08-14T02:27:34.482+0000] {processor.py:186} INFO - Started process (PID=13768) to work on /opt/airflow/dags/weather_dag.py
[2026-08-14T02:27:34.484+0000] {processor.py:914} INFO - Processing file /opt/airflow/dags/weather_dag.py for tasks to queue
[2026-08-14T02:27:34.486+0000] {logging_mixin.py:190} INFO - [2026-08-14T02:27:34.486+0000] {dagbag.py:588} INFO - Filling up the DagBag from /opt/airflow/dags/weather_dag.py
[2026-08-14T02:27:34.495+0000] {processor.py:925} INFO - DAG(s) 'weather_ingestion' retrieved from /opt/airflow/dags/weather_dag.py
[2026-08-14T02:27:34.513+0000] {logging_mixin.py:190} INFO - [2026-08-14T02:27:34.513+0000] {dag.py:3239} INFO - Sync 1 DAGs
[2026-08-14T02:27:34.524+0000] {logging_mixin.py:190} INFO - [2026-08-14T02:27:34.524+0000] {dag.py:4180} INFO - Setting next_dagrun for weather_ingestion to 2026-08-14 02:00:00+00:00, run_after=2026-08-14 03:00:00+00:00
[2026-08-14T02:27:34.531+0000] {processor.py:208} INFO - Processing /opt/airflow/dags/weather_dag.py took 0.054 seconds
[2026-08-14T02:28:04.827+0000] {processor.py:186} INFO - Started process (PID=13773) to work on /opt/airflow/dags/weather_dag.py
[2026-08-14T02:28:04.829+0000] {processor.py:914} INFO - Processing file /opt/airflow/dags/weather_dag.py for tasks to queue
[2026-08-14T02:28:04.832+0000] {logging_mixin.py:190} INFO - [2026-08-14T02:28:04.831+0000] {dagbag.py:588} INFO - Filling up the DagBag from /opt/airflow/dags/weather_dag.py
[2026-08-14T02:28:04.842+0000] {processor.py:925} INFO - DAG(s) 'weather_ingestion' retrieved from /opt/airflow/dags/weather_dag.py
[2026-08-14T02:28:04.860+0000] {logging_mixin.py:190} INFO - [2026-08-14T02:28:04.860+0000] {dag.py:3239} INFO - Sync 1 DAGs
[2026-08-14T02:28:04.872+0000] {logging_mixin.py:190} INFO - [2026-08-14T02:28:04.872+0000] {dag.py:4180} INFO - Setting next_dagrun for weather_ingestion to 2026-08-14 02:00:00+00:00, run_after=2026-08-14 03:00:00+00:00
[2026-08-14T02:28:04.879+0000] {processor.py:208} INFO - Processing /opt/airflow/dags/weather_dag.py took 0.059 seconds
[2026-08-14T02:28:35.232+0000] {processor.py:186} INFO - Started process (PID=13778) to work on /opt/airflow/dags/weather_dag.py
[2026-08-14T02:28:35.233+0000] {processor.py:914} INFO - Processing file /opt/airflow/dags/weather_dag.py for tasks to queue
[2026-08-14T02:28:35.235+0000] {logging_mixin.py:190} INFO - [2026-08-14T02:28:35.235+0000] {dagbag.py:588} INFO - Filling up the DagBag from /opt/airflow/dags/weather_dag.py
[2026-08-14T02:28:35.246+0000] {processor.py:925} INFO - DAG(s) 'weather_ingestion' retrieved from /opt/airflow/dags/weather_dag.py
[2026-08-14T02:28:35.265+0000] {logging_mixin.py:190} INFO - [2026-08-14T02:28:35.265+0000] {dag.py:3239} INFO - Sync 1 DAGs
[2026-08-14T02:28:35.276+0000] {logging_mixin.py:190} INFO - [2026-08-14T02:28:35.276+0000] {dag.py:4180} INFO - Setting next_dagrun for weather_ingestion to 2026-08-14 02:00:00+00:00, run_after=2026-08-14 03:00:00+00:00
[2026-08-14T02:28:35.283+0000] {processor.py:208} INFO - Processing /opt/airflow/dags/weather_dag.py took 0.057 seconds
[2026-08-14T02:29:05.623+0000] {processor.py:186} INFO - Started process (PID=13783) to work on /opt/airflow/dags/weather_dag.py
[2026-08-14T02:29:05.625+0000] {processor.py:914} INFO - Processing file /opt/airflow/dags/weather_dag.py for tasks to queue
[2026-08-14T02:29:05.626+0000] {logging_mixin.py:190} INFO - [2026-08-14T02:29:05.626+0000] {dagbag.py:588} INFO - Filling up the DagBag from /opt/airflow/dags/weather_dag.py
[2026-08-14T02:29:05.636+0000] {processor.py:925} INFO - DAG(s) 'weather_ingestion' retrieved from /opt/airflow/dags/weather_dag.py
[2026-08-14T02:29:05.656+0000] {logging_mixin.py:190} INFO - [2026-08-14T02:29:05.656+0000] {dag.py:3239} INFO - Sync 1 DAGs
[2026-08-14T02:29:05.668+0000] {logging_mixin.py:190} INFO - [2026-08-14T02:29:05.668+0000] {dag.py:4180} INFO - Setting next_dagrun for weather_ingestion to 2026-08-14 02:00:00+00:00, run_after=2026-08-14 03:00:00+00:00
[2026-08-14T02:29:05.675+0000] {processor.py:208} INFO - Processing /opt/airflow/dags/weather_dag.py took 0.058 seconds
[2026-08-14T02:29:35.979+0000] {processor.py:186} INFO - Started process (PID=13788) to work on /opt/airflow/dags/weather_dag.py
[2026-08-14T02:29:35.980+0000] {processor.py:914} INFO - Processing file /opt/airflow/dags/weather_dag.py for tasks to queue
[2026-08-14T02:29:35.983+0000] {logging_mixin.py:190} INFO - [2026-08-14T02:29:35.982+0000] {dagbag.py:588} INFO - Filling up the DagBag from /opt/airflow/dags/weather_dag.py
[2026-08-14T02:29:35.993+0000] {processor.py:925} INFO - DAG(s) 'weather_ingestion' retrieved from /opt/airflow/dags/weather_dag.py
[2026-08-14T02:29:36.012+0000] {logging_mixin.py:190} INFO - [2026-08-14T02:29:36.012+0000] {dag.py:3239} INFO - Sync 1 DAGs
[2026-08-14T02:29:36.024+0000] {logging_mixin.py:190} INFO - [2026-08-14T02:29:36.024+0000] {dag.py:4180} INFO - Setting next_dagrun for weather_ingestion to 2026-08-14 02:00:00+00:00, run_after=2026-08-14 03:00:00+00:00
[2026-08-14T02:29:36.031+0000] {processor.py:208} INFO - Processing /opt/airflow/dags/weather_dag.py took 0.059 seconds
[2026-08-14T02:30:06.324+0000] {processor.py:186} INFO - Started process (PID=13793) to work on /opt/airflow/dags/weather_dag.py
[2026-08-14T02:30:06.326+0000] {processor.py:914} INFO - Processing file /opt/airflow/dags/weather_dag.py for tasks to queue
[2026-08-14T02:30:06.328+0000] {logging_mixin.py:190} INFO - [2026-08-14T02:30:06.328+0000] {dagbag.py:588} INFO - Filling up the DagBag from /opt/airflow/dags/weather_dag.py
[2026-08-14T02:30:06.339+0000] {processor.py:925} INFO - DAG(s) 'weather_ingestion' retrieved from /opt/airflow/dags/weather_dag.py
[2026-08-14T02:30:06.356+0000] {logging_mixin.py:190} INFO - [2026-08-14T02:30:06.356+0000] {dag.py:3239} INFO - Sync 1 DAGs
[2026-08-14T02:30:06.367+0000] {logging_mixin.py:190} INFO - [2026-08-14T02:30:06.367+0000] {dag.py:4180} INFO - Setting next_dagrun for weather_ingestion to 2026-08-14 02:00:00+00:00, run_after=2026-08-14 03:00:00+00:00
[2026-08-14T02:30:06.374+0000] {processor.py:208} INFO - Processing /opt/airflow/dags/weather_dag.py took 0.056 seconds
[2026-08-14T02:30:36.695+0000] {processor.py:186} INFO - Started process (PID=13798) to work on /opt/airflow/dags/weather_dag.py
[2026-08-14T02:30:36.696+0000] {processor.py:914} INFO - Processing file /opt/airflow/dags/weather_dag.py for tasks to queue
[2026-08-14T02:30:36.697+0000] {logging_mixin.py:190} INFO - [2026-08-14T02:30:36.697+0000] {dagbag.py:588} INFO - Filling up the DagBag from /opt/airflow/dags/weather_dag.py
[2026-08-14T02:30:36.702+0000] {processor.py:925} INFO - DAG(s) 'weather_ingestion' retrieved from /opt/airflow/dags/weather_dag.py
[2026-08-14T02:30:36.715+0000] {logging_mixin.py:190} INFO - [2026-08-14T02:30:36.715+0000] {dag.py:3239} INFO - Sync 1 DAGs
[2026-08-14T02:30:36.737+0000] {logging_mixin.py:190} INFO - [2026-08-14T02:30:36.737+0000] {dag.py:4180} INFO - Setting next_dagrun for weather_ingestion to 2026-08-14 02:00:00+00:00, run_after=2026-08-14 03:00:00+00:00
[2026-08-14T02:30:36.745+0000] {processor.py:208} INFO - Processing /opt/airflow/dags/weather_dag.py took 0.053 seconds
[2026-08-14T02:31:07.249+0000] {processor.py:186} INFO - Started process (PID=13803) to work on /opt/airflow/dags/weather_dag.py
[2026-08-14T02:31:07.251+0000] {processor.py:914} INFO - Processing file /opt/airflow/dags/weather_dag.py for tasks to queue
[2026-08-14T02:31:07.256+0000] {logging_mixin.py:190} INFO - [2026-08-14T02:31:07.255+0000] {dagbag.py:588} INFO - Filling up the DagBag from /opt/airflow/dags/weather_dag.py
[2026-08-14T02:31:07.272+0000] {processor.py:925} INFO - DAG(s) 'weather_ingestion' retrieved from /opt/airflow/dags/weather_dag.py
[2026-08-14T02:31:07.294+0000] {logging_mixin.py:190} INFO - [2026-08-14T02:31:07.294+0000] {dag.py:3239} INFO - Sync 1 DAGs
[2026-08-14T02:31:07.309+0000] {logging_mixin.py:190} INFO - [2026-08-14T02:31:07.308+0000] {dag.py:4180} INFO - Setting next_dagrun for weather_ingestion to 2026-08-14 02:00:00+00:00, run_after=2026-08-14 03:00:00+00:00
[2026-08-14T02:31:07.317+0000] {processor.py:208} INFO - Processing /opt/airflow/dags/weather_dag.py took 0.078 seconds
[2026-08-14T02:32:27.920+0000] {processor.py:186} INFO - Started process (PID=13808) to work on /opt/airflow/dags/weather_dag.py
[2026-08-14T02:32:27.921+0000] {processor.py:914} INFO - Processing file /opt/airflow/dags/weather_dag.py for tasks to queue
[2026-08-14T02:32:27.923+0000] {logging_mixin.py:190} INFO - [2026-08-14T02:32:27.922+0000] {dagbag.py:588} INFO - Filling up the DagBag from /opt/airflow/dags/weather_dag.py
[2026-08-14T02:32:27.930+0000] {processor.py:925} INFO - DAG(s) 'weather_ingestion' retrieved from /opt/airflow/dags/weather_dag.py
[2026-08-14T02:32:27.954+0000] {logging_mixin.py:190} INFO - [2026-08-14T02:32:27.954+0000] {dag.py:3239} INFO - Sync 1 DAGs
[2026-08-14T02:32:27.968+0000] {logging_mixin.py:190} INFO - [2026-08-14T02:32:27.968+0000] {dag.py:4180} INFO - Setting next_dagrun for weather_ingestion to 2026-08-14 02:00:00+00:00, run_after=2026-08-14 03:00:00+00:00
[2026-08-14T02:32:27.976+0000] {processor.py:208} INFO - Processing /opt/airflow/dags/weather_dag.py took 0.063 seconds
[2026-08-14T02:32:58.277+0000] {processor.py:186} INFO - Started process (PID=13813) to work on /opt/airflow/dags/weather_dag.py
[2026-08-14T02:32:58.280+0000] {processor.py:914} INFO - Processing file /opt/airflow/dags/weather_dag.py for tasks to queue
[2026-08-14T02:32:58.282+0000] {logging_mixin.py:190} INFO - [2026-08-14T02:32:58.282+0000] {dagbag.py:588} INFO - Filling up the DagBag from /opt/airflow/dags/weather_dag.py
[2026-08-14T02:32:58.296+0000] {processor.py:925} INFO - DAG(s) 'weather_ingestion' retrieved from /opt/airflow/dags/weather_dag.py
[2026-08-14T02:32:58.316+0000] {logging_mixin.py:190} INFO - [2026-08-14T02:32:58.316+0000] {dag.py:3239} INFO - Sync 1 DAGs
[2026-08-14T02:32:58.329+0000] {logging_mixin.py:190} INFO - [2026-08-14T02:32:58.329+0000] {dag.py:4180} INFO - Setting next_dagrun for weather_ingestion to 2026-08-14 02:00:00+00:00, run_after=2026-08-14 03:00:00+00:00
[2026-08-14T02:32:58.338+0000] {processor.py:208} INFO - Processing /opt/airflow/dags/weather_dag.py took 0.072 seconds
[2026-08-14T02:33:28.630+0000] {processor.py:186} INFO - Started process (PID=13818) to work on /opt/airflow/dags/weather_dag.py
[2026-08-14T02:33:28.632+0000] {processor.py:914} INFO - Processing file /opt/airflow/dags/weather_dag.py for tasks to queue
[2026-08-14T02:33:28.636+0000] {logging_mixin.py:190} INFO - [2026-08-14T02:33:28.635+0000] {dagbag.py:588} INFO - Filling up the DagBag from /opt/airflow/dags/weather_dag.py
[2026-08-14T02:33:28.653+0000] {processor.py:925} INFO - DAG(s) 'weather_ingestion' retrieved from /opt/airflow/dags/weather_dag.py
[2026-08-14T02:33:28.675+0000] {logging_mixin.py:190} INFO - [2026-08-14T02:33:28.674+0000] {dag.py:3239} INFO - Sync 1 DAGs
[2026-08-14T02:33:28.686+0000] {logging_mixin.py:190} INFO - [2026-08-14T02:33:28.686+0000] {dag.py:4180} INFO - Setting next_dagrun for weather_ingestion to 2026-08-14 02:00:00+00:00, run_after=2026-08-14 03:00:00+00:00
[2026-08-14T02:33:28.693+0000] {processor.py:208} INFO - Processing /opt/airflow/dags/weather_dag.py took 0.072 seconds
[2026-08-14T02:33:58.948+0000] {processor.py:186} INFO - Started process (PID=13823) to work on /opt/airflow/dags/weather_dag.py
[2026-08-14T02:33:58.950+0000] {processor.py:914} INFO - Processing file /opt/airflow/dags/weather_dag.py for tasks to queue
[2026-08-14T02:33:58.953+0000] {logging_mixin.py:190} INFO - [2026-08-14T02:33:58.952+0000] {dagbag.py:588} INFO - Filling up the DagBag from /opt/airflow/dags/weather_dag.py
[2026-08-14T02:33:58.966+0000] {processor.py:925} INFO - DAG(s) 'weather_ingestion' retrieved from /opt/airflow/dags/weather_dag.py
[2026-08-14T02:33:58.986+0000] {logging_mixin.py:190} INFO - [2026-08-14T02:33:58.986+0000] {dag.py:3239} INFO - Sync 1 DAGs
[2026-08-14T02:33:59.002+0000] {logging_mixin.py:190} INFO - [2026-08-14T02:33:59.002+0000] {dag.py:4180} INFO - Setting next_dagrun for weather_ingestion to 2026-08-14 02:00:00+00:00, run_after=2026-08-14 03:00:00+00:00
[2026-08-14T02:33:59.010+0000] {processor.py:208} INFO - Processing /opt/airflow/dags/weather_dag.py took 0.070 seconds
[2026-08-14T02:34:29.298+0000] {processor.py:186} INFO - Started process (PID=13828) to work on /opt/airflow/dags/weather_dag.py
[2026-08-14T02:34:29.300+0000] {processor.py:914} INFO - Processing file /opt/airflow/dags/weather_dag.py for tasks to queue
[2026-08-14T02:34:29.303+0000] {logging_mixin.py:190} INFO - [2026-08-14T02:34:29.302+0000] {dagbag.py:588} INFO - Filling up the DagBag from /opt/airflow/dags/weather_dag.py
[2026-08-14T02:34:29.312+0000] {processor.py:925} INFO - DAG(s) 'weather_ingestion' retrieved from /opt/airflow/dags/weather_dag.py
[2026-08-14T02:34:29.330+0000] {logging_mixin.py:190} INFO - [2026-08-14T02:34:29.330+0000] {dag.py:3239} INFO - Sync 1 DAGs
[2026-08-14T02:34:29.342+0000] {logging_mixin.py:190} INFO - [2026-08-14T02:34:29.342+0000] {dag.py:4180} INFO - Setting next_dagrun for weather_ingestion to 2026-08-14 02:00:00+00:00, run_after=2026-08-14 03:00:00+00:00
[2026-08-14T02:34:29.349+0000] {processor.py:208} INFO - Processing /opt/airflow/dags/weather_dag.py took 0.057 seconds
[2026-08-14T02:34:59.668+0000] {processor.py:186} INFO - Started process (PID=13833) to work on /opt/airflow/dags/weather_dag.py
[2026-08-14T02:34:59.670+0000] {processor.py:914} INFO - Processing file /opt/airflow/dags/weather_dag.py for tasks to queue
[2026-08-14T02:34:59.672+0000] {logging_mixin.py:190} INFO - [2026-08-14T02:34:59.672+0000] {dagbag.py:588} INFO - Filling up the DagBag from /opt/airflow/dags/weather_dag.py
[2026-08-14T02:34:59.683+0000] {processor.py:925} INFO - DAG(s) 'weather_ingestion' retrieved from /opt/airflow/dags/weather_dag.py
[2026-08-14T02:34:59.701+0000] {logging_mixin.py:190} INFO - [2026-08-14T02:34:59.701+0000] {dag.py:3239} INFO - Sync 1 DAGs
[2026-08-14T02:34:59.714+0000] {logging_mixin.py:190} INFO - [2026-08-14T02:34:59.714+0000] {dag.py:4180} INFO - Setting next_dagrun for weather_ingestion to 2026-08-14 02:00:00+00:00, run_after=2026-08-14 03:00:00+00:00
[2026-08-14T02:34:59.722+0000] {processor.py:208} INFO - Processing /opt/airflow/dags/weather_dag.py took 0.061 seconds
[2026-08-14T02:35:30.017+0000] {processor.py:186} INFO - Started process (PID=13838) to work on /opt/airflow/dags/weather_dag.py
[2026-08-14T02:35:30.020+0000] {processor.py:914} INFO - Processing file /opt/airflow/dags/weather_dag.py for tasks to queue
[2026-08-14T02:35:30.024+0000] {logging_mixin.py:190} INFO - [2026-08-14T02:35:30.023+0000] {dagbag.py:588} INFO - Filling up the DagBag from /opt/airflow/dags/weather_dag.py
[2026-08-14T02:35:30.041+0000] {processor.py:925} INFO - DAG(s) 'weather_ingestion' retrieved from /opt/airflow/dags/weather_dag.py
[2026-08-14T02:35:30.069+0000] {logging_mixin.py:190} INFO - [2026-08-14T02:35:30.069+0000] {dag.py:3239} INFO - Sync 1 DAGs
[2026-08-14T02:35:30.087+0000] {logging_mixin.py:190} INFO - [2026-08-14T02:35:30.087+0000] {dag.py:4180} INFO - Setting next_dagrun for weather_ingestion to 2026-08-14 02:00:00+00:00, run_after=2026-08-14 03:00:00+00:00
[2026-08-14T02:35:30.097+0000] {processor.py:208} INFO - Processing /opt/airflow/dags/weather_dag.py took 0.092 seconds
[2026-08-14T02:36:00.319+0000] {processor.py:186} INFO - Started process (PID=13843) to work on /opt/airflow/dags/weather_dag.py
[2026-08-14T02:36:00.321+0000] {processor.py:914} INFO - Processing file /opt/airflow/dags/weather_dag.py for tasks to queue
[2026-08-14T02:36:00.323+0000] {logging_mixin.py:190} INFO - [2026-08-14T02:36:00.323+0000] {dagbag.py:588} INFO - Filling up the DagBag from /opt/airflow/dags/weather_dag.py
[2026-08-14T02:36:00.333+0000] {processor.py:925} INFO - DAG(s) 'weather_ingestion' retrieved from /opt/airflow/dags/weather_dag.py
[2026-08-14T02:36:00.353+0000] {logging_mixin.py:190} INFO - [2026-08-14T02:36:00.353+0000] {dag.py:3239} INFO - Sync 1 DAGs
[2026-08-14T02:36:00.366+0000] {logging_mixin.py:190} INFO - [2026-08-14T02:36:00.366+0000] {dag.py:4180} INFO - Setting next_dagrun for weather_ingestion to 2026-08-14 02:00:00+00:00, run_after=2026-08-14 03:00:00+00:00
[2026-08-14T02:36:00.375+0000] {processor.py:208} INFO - Processing /opt/airflow/dags/weather_dag.py took 0.069 seconds
[2026-08-14T02:36:30.665+0000] {processor.py:186} INFO - Started process (PID=13848) to work on /opt/airflow/dags/weather_dag.py
[2026-08-14T02:36:30.666+0000] {processor.py:914} INFO - Processing file /opt/airflow/dags/weather_dag.py for tasks to queue
[2026-08-14T02:36:30.668+0000] {logging_mixin.py:190} INFO - [2026-08-14T02:36:30.668+0000] {dagbag.py:588} INFO - Filling up the DagBag from /opt/airflow/dags/weather_dag.py
[2026-08-14T02:36:30.678+0000] {processor.py:925} INFO - DAG(s) 'weather_ingestion' retrieved from /opt/airflow/dags/weather_dag.py
[2026-08-14T02:36:30.696+0000] {logging_mixin.py:190} INFO - [2026-08-14T02:36:30.696+0000] {dag.py:3239} INFO - Sync 1 DAGs
[2026-08-14T02:36:30.707+0000] {logging_mixin.py:190} INFO - [2026-08-14T02:36:30.707+0000] {dag.py:4180} INFO - Setting next_dagrun for weather_ingestion to 2026-08-14 02:00:00+00:00, run_after=2026-08-14 03:00:00+00:00
[2026-08-14T02:36:30.715+0000] {processor.py:208} INFO - Processing /opt/airflow/dags/weather_dag.py took 0.055 seconds
[2026-08-14T02:37:01.014+0000] {processor.py:186} INFO - Started process (PID=13853) to work on /opt/airflow/dags/weather_dag.py
[2026-08-14T02:37:01.016+0000] {processor.py:914} INFO - Processing file /opt/airflow/dags/weather_dag.py for tasks to queue
[2026-08-14T02:37:01.018+0000] {logging_mixin.py:190} INFO - [2026-08-14T02:37:01.017+0000] {dagbag.py:588} INFO - Filling up the DagBag from /opt/airflow/dags/weather_dag.py
[2026-08-14T02:37:01.027+0000] {processor.py:925} INFO - DAG(s) 'weather_ingestion' retrieved from /opt/airflow/dags/weather_dag.py
[2026-08-14T02:37:01.046+0000] {logging_mixin.py:190} INFO - [2026-08-14T02:37:01.045+0000] {dag.py:3239} INFO - Sync 1 DAGs
[2026-08-14T02:37:01.058+0000] {logging_mixin.py:190} INFO - [2026-08-14T02:37:01.058+0000] {dag.py:4180} INFO - Setting next_dagrun for weather_ingestion to 2026-08-14 02:00:00+00:00, run_after=2026-08-14 03:00:00+00:00
[2026-08-14T02:37:01.066+0000] {processor.py:208} INFO - Processing /opt/airflow/dags/weather_dag.py took 0.058 seconds
[2026-08-14T02:37:31.426+0000] {processor.py:186} INFO - Started process (PID=13858) to work on /opt/airflow/dags/weather_dag.py
[2026-08-14T02:37:31.429+0000] {processor.py:914} INFO - Processing file /opt/airflow/dags/weather_dag.py for tasks to queue
[2026-08-14T02:37:31.431+0000] {logging_mixin.py:190} INFO - [2026-08-14T02:37:31.431+0000] {dagbag.py:588} INFO - Filling up the DagBag from /opt/airflow/dags/weather_dag.py
[2026-08-14T02:37:31.442+0000] {processor.py:925} INFO - DAG(s) 'weather_ingestion' retrieved from /opt/airflow/dags/weather_dag.py
[2026-08-14T02:37:31.462+0000] {logging_mixin.py:190} INFO - [2026-08-14T02:37:31.462+0000] {dag.py:3239} INFO - Sync 1 DAGs
[2026-08-14T02:37:31.473+0000] {logging_mixin.py:190} INFO - [2026-08-14T02:37:31.473+0000] {dag.py:4180} INFO - Setting next_dagrun for weather_ingestion to 2026-08-14 02:00:00+00:00, run_after=2026-08-14 03:00:00+00:00
[2026-08-14T02:37:31.480+0000] {processor.py:208} INFO - Processing /opt/airflow/dags/weather_dag.py took 0.061 seconds
[2026-08-14T02:38:01.805+0000] {processor.py:186} INFO - Started process (PID=13863) to work on /opt/airflow/dags/weather_dag.py
[2026-08-14T02:38:01.808+0000] {processor.py:914} INFO - Processing file /opt/airflow/dags/weather_dag.py for tasks to queue
[2026-08-14T02:38:01.810+0000] {logging_mixin.py:190} INFO - [2026-08-14T02:38:01.810+0000] {dagbag.py:588} INFO - Filling up the DagBag from /opt/airflow/dags/weather_dag.py
[2026-08-14T02:38:01.821+0000] {processor.py:925} INFO - DAG(s) 'weather_ingestion' retrieved from /opt/airflow/dags/weather_dag.py
[2026-08-14T02:38:01.840+0000] {logging_mixin.py:190} INFO - [2026-08-14T02:38:01.840+0000] {dag.py:3239} INFO - Sync 1 DAGs
[2026-08-14T02:38:01.851+0000] {logging_mixin.py:190} INFO - [2026-08-14T02:38:01.851+0000] {dag.py:4180} INFO - Setting next_dagrun for weather_ingestion to 2026-08-14 02:00:00+00:00, run_after=2026-08-14 03:00:00+00:00
[2026-08-14T02:38:01.859+0000] {processor.py:208} INFO - Processing /opt/airflow/dags/weather_dag.py took 0.060 seconds
[2026-08-14T02:38:32.184+0000] {processor.py:186} INFO - Started process (PID=13868) to work on /opt/airflow/dags/weather_dag.py
[2026-08-14T02:38:32.187+0000] {processor.py:914} INFO - Processing file /opt/airflow/dags/weather_dag.py for tasks to queue
[2026-08-14T02:38:32.189+0000] {logging_mixin.py:190} INFO - [2026-08-14T02:38:32.189+0000] {dagbag.py:588} INFO - Filling up the DagBag from /opt/airflow/dags/weather_dag.py
[2026-08-14T02:38:32.198+0000] {processor.py:925} INFO - DAG(s) 'weather_ingestion' retrieved from /opt/airflow/dags/weather_dag.py
[2026-08-14T02:38:32.216+0000] {logging_mixin.py:190} INFO - [2026-08-14T02:38:32.216+0000] {dag.py:3239} INFO - Sync 1 DAGs
[2026-08-14T02:38:32.226+0000] {logging_mixin.py:190} INFO - [2026-08-14T02:38:32.226+0000] {dag.py:4180} INFO - Setting next_dagrun for weather_ingestion to 2026-08-14 02:00:00+00:00, run_after=2026-08-14 03:00:00+00:00
[2026-08-14T02:38:32.234+0000] {processor.py:208} INFO - Processing /opt/airflow/dags/weather_dag.py took 0.056 seconds
[2026-08-14T02:39:02.568+0000] {processor.py:186} INFO - Started process (PID=13873) to work on /opt/airflow/dags/weather_dag.py
[2026-08-14T02:39:02.570+0000] {processor.py:914} INFO - Processing file /opt/airflow/dags/weather_dag.py for tasks to queue
[2026-08-14T02:39:02.572+0000] {logging_mixin.py:190} INFO - [2026-08-14T02:39:02.572+0000] {dagbag.py:588} INFO - Filling up the DagBag from /opt/airflow/dags/weather_dag.py
[2026-08-14T02:39:02.583+0000] {processor.py:925} INFO - DAG(s) 'weather_ingestion' retrieved from /opt/airflow/dags/weather_dag.py
[2026-08-14T02:39:02.602+0000] {logging_mixin.py:190} INFO - [2026-08-14T02:39:02.602+0000] {dag.py:3239} INFO - Sync 1 DAGs
[2026-08-14T02:39:02.614+0000] {logging_mixin.py:190} INFO - [2026-08-14T02:39:02.614+0000] {dag.py:4180} INFO - Setting next_dagrun for weather_ingestion to 2026-08-14 02:00:00+00:00, run_after=2026-08-14 03:00:00+00:00
[2026-08-14T02:39:02.622+0000] {processor.py:208} INFO - Processing /opt/airflow/dags/weather_dag.py took 0.060 seconds
[2026-08-14T02:39:32.983+0000] {processor.py:186} INFO - Started process (PID=13878) to work on /opt/airflow/dags/weather_dag.py
[2026-08-14T02:39:32.984+0000] {processor.py:914} INFO - Processing file /opt/airflow/dags/weather_dag.py for tasks to queue
[2026-08-14T02:39:32.986+0000] {logging_mixin.py:190} INFO - [2026-08-14T02:39:32.986+0000] {dagbag.py:588} INFO - Filling up the DagBag from /opt/airflow/dags/weather_dag.py
[2026-08-14T02:39:32.995+0000] {processor.py:925} INFO - DAG(s) 'weather_ingestion' retrieved from /opt/airflow/dags/weather_dag.py
[2026-08-14T02:39:33.012+0000] {logging_mixin.py:190} INFO - [2026-08-14T02:39:33.012+0000] {dag.py:3239} INFO - Sync 1 DAGs
[2026-08-14T02:39:33.024+0000] {logging_mixin.py:190} INFO - [2026-08-14T02:39:33.024+0000] {dag.py:4180} INFO - Setting next_dagrun for weather_ingestion to 2026-08-14 02:00:00+00:00, run_after=2026-08-14 03:00:00+00:00
[2026-08-14T02:39:33.031+0000] {processor.py:208} INFO - Processing /opt/airflow/dags/weather_dag.py took 0.054 seconds
[2026-08-14T02:40:03.379+0000] {processor.py:186} INFO - Started process (PID=13883) to work on /opt/airflow/dags/weather_dag.py
[2026-08-14T02:40:03.381+0000] {processor.py:914} INFO - Processing file /opt/airflow/dags/weather_dag.py for tasks to queue
[2026-08-14T02:40:03.383+0000] {logging_mixin.py:190} INFO - [2026-08-14T02:40:03.382+0000] {dagbag.py:588} INFO - Filling up the DagBag from /opt/airflow/dags/weather_dag.py
[2026-08-14T02:40:03.394+0000] {processor.py:925} INFO - DAG(s) 'weather_ingestion' retrieved from /opt/airflow/dags/weather_dag.py
[2026-08-14T02:40:03.414+0000] {logging_mixin.py:190} INFO - [2026-08-14T02:40:03.414+0000] {dag.py:3239} INFO - Sync 1 DAGs
[2026-08-14T02:40:03.426+0000] {logging_mixin.py:190} INFO - [2026-08-14T02:40:03.425+0000] {dag.py:4180} INFO - Setting next_dagrun for weather_ingestion to 2026-08-14 02:00:00+00:00, run_after=2026-08-14 03:00:00+00:00
[2026-08-14T02:40:03.432+0000] {processor.py:208} INFO - Processing /opt/airflow/dags/weather_dag.py took 0.060 seconds
[2026-08-14T02:40:33.791+0000] {processor.py:186} INFO - Started process (PID=13888) to work on /opt/airflow/dags/weather_dag.py
[2026-08-14T02:40:33.794+0000] {processor.py:914} INFO - Processing file /opt/airflow/dags/weather_dag.py for tasks to queue
[2026-08-14T02:40:33.796+0000] {logging_mixin.py:190} INFO - [2026-08-14T02:40:33.796+0000] {dagbag.py:588} INFO - Filling up the DagBag from /opt/airflow/dags/weather_dag.py
[2026-08-14T02:40:33.806+0000] {processor.py:925} INFO - DAG(s) 'weather_ingestion' retrieved from /opt/airflow/dags/weather_dag.py
[2026-08-14T02:40:33.824+0000] {logging_mixin.py:190} INFO - [2026-08-14T02:40:33.824+0000] {dag.py:3239} INFO - Sync 1 DAGs
[2026-08-14T02:40:33.836+0000] {logging_mixin.py:190} INFO - [2026-08-14T02:40:33.836+0000] {dag.py:4180} INFO - Setting next_dagrun for weather_ingestion to 2026-08-14 02:00:00+00:00, run_after=2026-08-14 03:00:00+00:00
[2026-08-14T02:40:33.843+0000] {processor.py:208} INFO - Processing /opt/airflow/dags/weather_dag.py took 0.059 seconds
[2026-08-14T02:41:04.227+0000] {processor.py:186} INFO - Started process (PID=13893) to work on /opt/airflow/dags/weather_dag.py
[2026-08-14T02:41:04.230+0000] {processor.py:914} INFO - Processing file /opt/airflow/dags/weather_dag.py for tasks to queue
[2026-08-14T02:41:04.233+0000] {logging_mixin.py:190} INFO - [2026-08-14T02:41:04.233+0000] {dagbag.py:588} INFO - Filling up the DagBag from /opt/airflow/dags/weather_dag.py
[2026-08-14T02:41:04.250+0000] {processor.py:925} INFO - DAG(s) 'weather_ingestion' retrieved from /opt/airflow/dags/weather_dag.py
[2026-08-14T02:41:04.273+0000] {logging_mixin.py:190} INFO - [2026-08-14T02:41:04.273+0000] {dag.py:3239} INFO - Sync 1 DAGs
[2026-08-14T02:41:04.288+0000] {logging_mixin.py:190} INFO - [2026-08-14T02:41:04.288+0000] {dag.py:4180} INFO - Setting next_dagrun for weather_ingestion to 2026-08-14 02:00:00+00:00, run_after=2026-08-14 03:00:00+00:00
[2026-08-14T02:41:04.296+0000] {processor.py:208} INFO - Processing /opt/airflow/dags/weather_dag.py took 0.078 seconds
[2026-08-14T02:41:34.622+0000] {processor.py:186} INFO - Started process (PID=13898) to work on /opt/airflow/dags/weather_dag.py
[2026-08-14T02:41:34.623+0000] {processor.py:914} INFO - Processing file /opt/airflow/dags/weather_dag.py for tasks to queue
[2026-08-14T02:41:34.625+0000] {logging_mixin.py:190} INFO - [2026-08-14T02:41:34.625+0000] {dagbag.py:588} INFO - Filling up the DagBag from /opt/airflow/dags/weather_dag.py
[2026-08-14T02:41:34.636+0000] {processor.py:925} INFO - DAG(s) 'weather_ingestion' retrieved from /opt/airflow/dags/weather_dag.py
[2026-08-14T02:41:34.655+0000] {logging_mixin.py:190} INFO - [2026-08-14T02:41:34.655+0000] {dag.py:3239} INFO - Sync 1 DAGs
[2026-08-14T02:41:34.668+0000] {logging_mixin.py:190} INFO - [2026-08-14T02:41:34.668+0000] {dag.py:4180} INFO - Setting next_dagrun for weather_ingestion to 2026-08-14 02:00:00+00:00, run_after=2026-08-14 03:00:00+00:00
[2026-08-14T02:41:34.676+0000] {processor.py:208} INFO - Processing /opt/airflow/dags/weather_dag.py took 0.061 seconds
[2026-08-14T02:42:05.013+0000] {processor.py:186} INFO - Started process (PID=13903) to work on /opt/airflow/dags/weather_dag.py
[2026-08-14T02:42:05.016+0000] {processor.py:914} INFO - Processing file /opt/airflow/dags/weather_dag.py for tasks to queue
[2026-08-14T02:42:05.018+0000] {logging_mixin.py:190} INFO - [2026-08-14T02:42:05.018+0000] {dagbag.py:588} INFO - Filling up the DagBag from /opt/airflow/dags/weather_dag.py
[2026-08-14T02:42:05.029+0000] {processor.py:925} INFO - DAG(s) 'weather_ingestion' retrieved from /opt/airflow/dags/weather_dag.py
[2026-08-14T02:42:05.049+0000] {logging_mixin.py:190} INFO - [2026-08-14T02:42:05.049+0000] {dag.py:3239} INFO - Sync 1 DAGs
[2026-08-14T02:42:05.060+0000] {logging_mixin.py:190} INFO - [2026-08-14T02:42:05.060+0000] {dag.py:4180} INFO - Setting next_dagrun for weather_ingestion to 2026-08-14 02:00:00+00:00, run_after=2026-08-14 03:00:00+00:00
[2026-08-14T02:42:05.068+0000] {processor.py:208} INFO - Processing /opt/airflow/dags/weather_dag.py took 0.062 seconds
[2026-08-14T02:42:35.359+0000] {processor.py:186} INFO - Started process (PID=13908) to work on /opt/airflow/dags/weather_dag.py
[2026-08-14T02:42:35.360+0000] {processor.py:914} INFO - Processing file /opt/airflow/dags/weather_dag.py for tasks to queue
[2026-08-14T02:42:35.362+0000] {logging_mixin.py:190} INFO - [2026-08-14T02:42:35.362+0000] {dagbag.py:588} INFO - Filling up the DagBag from /opt/airflow/dags/weather_dag.py
[2026-08-14T02:42:35.374+0000] {processor.py:925} INFO - DAG(s) 'weather_ingestion' retrieved from /opt/airflow/dags/weather_dag.py
[2026-08-14T02:42:35.393+0000] {logging_mixin.py:190} INFO - [2026-08-14T02:42:35.392+0000] {dag.py:3239} INFO - Sync 1 DAGs
[2026-08-14T02:42:35.406+0000] {logging_mixin.py:190} INFO - [2026-08-14T02:42:35.405+0000] {dag.py:4180} INFO - Setting next_dagrun for weather_ingestion to 2026-08-14 02:00:00+00:00, run_after=2026-08-14 03:00:00+00:00
[2026-08-14T02:42:35.414+0000] {processor.py:208} INFO - Processing /opt/airflow/dags/weather_dag.py took 0.062 seconds
[2026-08-14T02:43:05.699+0000] {processor.py:186} INFO - Started process (PID=13913) to work on /opt/airflow/dags/weather_dag.py
[2026-08-14T02:43:05.700+0000] {processor.py:914} INFO - Processing file /opt/airflow/dags/weather_dag.py for tasks to queue
[2026-08-14T02:43:05.703+0000] {logging_mixin.py:190} INFO - [2026-08-14T02:43:05.703+0000] {dagbag.py:588} INFO - Filling up the DagBag from /opt/airflow/dags/weather_dag.py
[2026-08-14T02:43:05.714+0000] {processor.py:925} INFO - DAG(s) 'weather_ingestion' retrieved from /opt/airflow/dags/weather_dag.py
[2026-08-14T02:43:05.733+0000] {logging_mixin.py:190} INFO - [2026-08-14T02:43:05.733+0000] {dag.py:3239} INFO - Sync 1 DAGs
[2026-08-14T02:43:05.744+0000] {logging_mixin.py:190} INFO - [2026-08-14T02:43:05.744+0000] {dag.py:4180} INFO - Setting next_dagrun for weather_ingestion to 2026-08-14 02:00:00+00:00, run_after=2026-08-14 03:00:00+00:00
[2026-08-14T02:43:05.751+0000] {processor.py:208} INFO - Processing /opt/airflow/dags/weather_dag.py took 0.061 seconds
[2026-08-14T02:43:36.033+0000] {processor.py:186} INFO - Started process (PID=13918) to work on /opt/airflow/dags/weather_dag.py
[2026-08-14T02:43:36.036+0000] {processor.py:914} INFO - Processing file /opt/airflow/dags/weather_dag.py for tasks to queue
[2026-08-14T02:43:36.040+0000] {logging_mixin.py:190} INFO - [2026-08-14T02:43:36.039+0000] {dagbag.py:588} INFO - Filling up the DagBag from /opt/airflow/dags/weather_dag.py
[2026-08-14T02:43:36.057+0000] {processor.py:925} INFO - DAG(s) 'weather_ingestion' retrieved from /opt/airflow/dags/weather_dag.py
[2026-08-14T02:43:36.082+0000] {logging_mixin.py:190} INFO - [2026-08-14T02:43:36.081+0000] {dag.py:3239} INFO - Sync 1 DAGs
[2026-08-14T02:43:36.097+0000] {logging_mixin.py:190} INFO - [2026-08-14T02:43:36.097+0000] {dag.py:4180} INFO - Setting next_dagrun for weather_ingestion to 2026-08-14 02:00:00+00:00, run_after=2026-08-14 03:00:00+00:00
[2026-08-14T02:43:36.106+0000] {processor.py:208} INFO - Processing /opt/airflow/dags/weather_dag.py took 0.083 seconds
[2026-08-14T02:44:06.337+0000] {processor.py:186} INFO - Started process (PID=13923) to work on /opt/airflow/dags/weather_dag.py
[2026-08-14T02:44:06.339+0000] {processor.py:914} INFO - Processing file /opt/airflow/dags/weather_dag.py for tasks to queue
[2026-08-14T02:44:06.341+0000] {logging_mixin.py:190} INFO - [2026-08-14T02:44:06.340+0000] {dagbag.py:588} INFO - Filling up the DagBag from /opt/airflow/dags/weather_dag.py
[2026-08-14T02:44:06.352+0000] {processor.py:925} INFO - DAG(s) 'weather_ingestion' retrieved from /opt/airflow/dags/weather_dag.py
[2026-08-14T02:44:06.374+0000] {logging_mixin.py:190} INFO - [2026-08-14T02:44:06.374+0000] {dag.py:3239} INFO - Sync 1 DAGs
[2026-08-14T02:44:06.386+0000] {logging_mixin.py:190} INFO - [2026-08-14T02:44:06.386+0000] {dag.py:4180} INFO - Setting next_dagrun for weather_ingestion to 2026-08-14 02:00:00+00:00, run_after=2026-08-14 03:00:00+00:00
[2026-08-14T02:44:06.393+0000] {processor.py:208} INFO - Processing /opt/airflow/dags/weather_dag.py took 0.064 seconds
[2026-08-14T02:44:36.729+0000] {processor.py:186} INFO - Started process (PID=13928) to work on /opt/airflow/dags/weather_dag.py
[2026-08-14T02:44:36.732+0000] {processor.py:914} INFO - Processing file /opt/airflow/dags/weather_dag.py for tasks to queue
[2026-08-14T02:44:36.734+0000] {logging_mixin.py:190} INFO - [2026-08-14T02:44:36.734+0000] {dagbag.py:588} INFO - Filling up the DagBag from /opt/airflow/dags/weather_dag.py
[2026-08-14T02:44:36.744+0000] {processor.py:925} INFO - DAG(s) 'weather_ingestion' retrieved from /opt/airflow/dags/weather_dag.py
[2026-08-14T02:44:36.765+0000] {logging_mixin.py:190} INFO - [2026-08-14T02:44:36.765+0000] {dag.py:3239} INFO - Sync 1 DAGs
[2026-08-14T02:44:36.779+0000] {logging_mixin.py:190} INFO - [2026-08-14T02:44:36.779+0000] {dag.py:4180} INFO - Setting next_dagrun for weather_ingestion to 2026-08-14 02:00:00+00:00, run_after=2026-08-14 03:00:00+00:00
[2026-08-14T02:44:36.786+0000] {processor.py:208} INFO - Processing /opt/airflow/dags/weather_dag.py took 0.063 seconds
[2026-08-14T02:45:07.080+0000] {processor.py:186} INFO - Started process (PID=13933) to work on /opt/airflow/dags/weather_dag.py
[2026-08-14T02:45:07.082+0000] {processor.py:914} INFO - Processing file /opt/airflow/dags/weather_dag.py for tasks to queue
[2026-08-14T02:45:07.085+0000] {logging_mixin.py:190} INFO - [2026-08-14T02:45:07.084+0000] {dagbag.py:588} INFO - Filling up the DagBag from /opt/airflow/dags/weather_dag.py
[2026-08-14T02:45:07.095+0000] {processor.py:925} INFO - DAG(s) 'weather_ingestion' retrieved from /opt/airflow/dags/weather_dag.py
[2026-08-14T02:45:07.114+0000] {logging_mixin.py:190} INFO - [2026-08-14T02:45:07.114+0000] {dag.py:3239} INFO - Sync 1 DAGs
[2026-08-14T02:45:07.128+0000] {logging_mixin.py:190} INFO - [2026-08-14T02:45:07.128+0000] {dag.py:4180} INFO - Setting next_dagrun for weather_ingestion to 2026-08-14 02:00:00+00:00, run_after=2026-08-14 03:00:00+00:00
[2026-08-14T02:45:07.136+0000] {processor.py:208} INFO - Processing /opt/airflow/dags/weather_dag.py took 0.063 seconds
[2026-08-14T02:45:37.439+0000] {processor.py:186} INFO - Started process (PID=13938) to work on /opt/airflow/dags/weather_dag.py
[2026-08-14T02:45:37.442+0000] {processor.py:914} INFO - Processing file /opt/airflow/dags/weather_dag.py for tasks to queue
[2026-08-14T02:45:37.444+0000] {logging_mixin.py:190} INFO - [2026-08-14T02:45:37.443+0000] {dagbag.py:588} INFO - Filling up the DagBag from /opt/airflow/dags/weather_dag.py
[2026-08-14T02:45:37.454+0000] {processor.py:925} INFO - DAG(s) 'weather_ingestion' retrieved from /opt/airflow/dags/weather_dag.py
[2026-08-14T02:45:37.474+0000] {logging_mixin.py:190} INFO - [2026-08-14T02:45:37.474+0000] {dag.py:3239} INFO - Sync 1 DAGs
[2026-08-14T02:45:37.487+0000] {logging_mixin.py:190} INFO - [2026-08-14T02:45:37.487+0000] {dag.py:4180} INFO - Setting next_dagrun for weather_ingestion to 2026-08-14 02:00:00+00:00, run_after=2026-08-14 03:00:00+00:00
[2026-08-14T02:45:37.496+0000] {processor.py:208} INFO - Processing /opt/airflow/dags/weather_dag.py took 0.063 seconds
[2026-08-14T02:46:07.795+0000] {processor.py:186} INFO - Started process (PID=13943) to work on /opt/airflow/dags/weather_dag.py
[2026-08-14T02:46:07.797+0000] {processor.py:914} INFO - Processing file /opt/airflow/dags/weather_dag.py for tasks to queue
[2026-08-14T02:46:07.801+0000] {logging_mixin.py:190} INFO - [2026-08-14T02:46:07.800+0000] {dagbag.py:588} INFO - Filling up the DagBag from /opt/airflow/dags/weather_dag.py
[2026-08-14T02:46:07.812+0000] {processor.py:925} INFO - DAG(s) 'weather_ingestion' retrieved from /opt/airflow/dags/weather_dag.py
[2026-08-14T02:46:07.831+0000] {logging_mixin.py:190} INFO - [2026-08-14T02:46:07.831+0000] {dag.py:3239} INFO - Sync 1 DAGs
[2026-08-14T02:46:07.843+0000] {logging_mixin.py:190} INFO - [2026-08-14T02:46:07.843+0000] {dag.py:4180} INFO - Setting next_dagrun for weather_ingestion to 2026-08-14 02:00:00+00:00, run_after=2026-08-14 03:00:00+00:00
[2026-08-14T02:46:07.851+0000] {processor.py:208} INFO - Processing /opt/airflow/dags/weather_dag.py took 0.062 seconds
[2026-08-14T02:46:38.149+0000] {processor.py:186} INFO - Started process (PID=13948) to work on /opt/airflow/dags/weather_dag.py
[2026-08-14T02:46:38.151+0000] {processor.py:914} INFO - Processing file /opt/airflow/dags/weather_dag.py for tasks to queue
[2026-08-14T02:46:38.154+0000] {logging_mixin.py:190} INFO - [2026-08-14T02:46:38.154+0000] {dagbag.py:588} INFO - Filling up the DagBag from /opt/airflow/dags/weather_dag.py
[2026-08-14T02:46:38.164+0000] {processor.py:925} INFO - DAG(s) 'weather_ingestion' retrieved from /opt/airflow/dags/weather_dag.py
[2026-08-14T02:46:38.182+0000] {logging_mixin.py:190} INFO - [2026-08-14T02:46:38.182+0000] {dag.py:3239} INFO - Sync 1 DAGs
[2026-08-14T02:46:38.193+0000] {logging_mixin.py:190} INFO - [2026-08-14T02:46:38.193+0000] {dag.py:4180} INFO - Setting next_dagrun for weather_ingestion to 2026-08-14 02:00:00+00:00, run_after=2026-08-14 03:00:00+00:00
[2026-08-14T02:46:38.200+0000] {processor.py:208} INFO - Processing /opt/airflow/dags/weather_dag.py took 0.057 seconds
[2026-08-14T02:47:08.520+0000] {processor.py:186} INFO - Started process (PID=13953) to work on /opt/airflow/dags/weather_dag.py
[2026-08-14T02:47:08.522+0000] {processor.py:914} INFO - Processing file /opt/airflow/dags/weather_dag.py for tasks to queue
[2026-08-14T02:47:08.526+0000] {logging_mixin.py:190} INFO - [2026-08-14T02:47:08.525+0000] {dagbag.py:588} INFO - Filling up the DagBag from /opt/airflow/dags/weather_dag.py
[2026-08-14T02:47:08.540+0000] {processor.py:925} INFO - DAG(s) 'weather_ingestion' retrieved from /opt/airflow/dags/weather_dag.py
[2026-08-14T02:47:08.561+0000] {logging_mixin.py:190} INFO - [2026-08-14T02:47:08.561+0000] {dag.py:3239} INFO - Sync 1 DAGs
[2026-08-14T02:47:08.572+0000] {logging_mixin.py:190} INFO - [2026-08-14T02:47:08.572+0000] {dag.py:4180} INFO - Setting next_dagrun for weather_ingestion to 2026-08-14 02:00:00+00:00, run_after=2026-08-14 03:00:00+00:00
[2026-08-14T02:47:08.580+0000] {processor.py:208} INFO - Processing /opt/airflow/dags/weather_dag.py took 0.068 seconds
[2026-08-14T02:47:38.872+0000] {processor.py:186} INFO - Started process (PID=13958) to work on /opt/airflow/dags/weather_dag.py
[2026-08-14T02:47:38.874+0000] {processor.py:914} INFO - Processing file /opt/airflow/dags/weather_dag.py for tasks to queue
[2026-08-14T02:47:38.877+0000] {logging_mixin.py:190} INFO - [2026-08-14T02:47:38.877+0000] {dagbag.py:588} INFO - Filling up the DagBag from /opt/airflow/dags/weather_dag.py
[2026-08-14T02:47:38.888+0000] {processor.py:925} INFO - DAG(s) 'weather_ingestion' retrieved from /opt/airflow/dags/weather_dag.py
[2026-08-14T02:47:38.906+0000] {logging_mixin.py:190} INFO - [2026-08-14T02:47:38.906+0000] {dag.py:3239} INFO - Sync 1 DAGs
[2026-08-14T02:47:38.923+0000] {logging_mixin.py:190} INFO - [2026-08-14T02:47:38.923+0000] {dag.py:4180} INFO - Setting next_dagrun for weather_ingestion to 2026-08-14 02:00:00+00:00, run_after=2026-08-14 03:00:00+00:00
[2026-08-14T02:47:38.932+0000] {processor.py:208} INFO - Processing /opt/airflow/dags/weather_dag.py took 0.067 seconds
[2026-08-14T02:48:09.158+0000] {processor.py:186} INFO - Started process (PID=13963) to work on /opt/airflow/dags/weather_dag.py
[2026-08-14T02:48:09.159+0000] {processor.py:914} INFO - Processing file /opt/airflow/dags/weather_dag.py for tasks to queue
[2026-08-14T02:48:09.161+0000] {logging_mixin.py:190} INFO - [2026-08-14T02:48:09.161+0000] {dagbag.py:588} INFO - Filling up the DagBag from /opt/airflow/dags/weather_dag.py
[2026-08-14T02:48:09.170+0000] {processor.py:925} INFO - DAG(s) 'weather_ingestion' retrieved from /opt/airflow/dags/weather_dag.py
[2026-08-14T02:48:09.188+0000] {logging_mixin.py:190} INFO - [2026-08-14T02:48:09.188+0000] {dag.py:3239} INFO - Sync 1 DAGs
[2026-08-14T02:48:09.201+0000] {logging_mixin.py:190} INFO - [2026-08-14T02:48:09.201+0000] {dag.py:4180} INFO - Setting next_dagrun for weather_ingestion to 2026-08-14 02:00:00+00:00, run_after=2026-08-14 03:00:00+00:00
[2026-08-14T02:48:09.209+0000] {processor.py:208} INFO - Processing /opt/airflow/dags/weather_dag.py took 0.057 seconds
[2026-08-14T02:48:39.414+0000] {processor.py:186} INFO - Started process (PID=13968) to work on /opt/airflow/dags/weather_dag.py
[2026-08-14T02:48:39.416+0000] {processor.py:914} INFO - Processing file /opt/airflow/dags/weather_dag.py for tasks to queue
[2026-08-14T02:48:39.417+0000] {logging_mixin.py:190} INFO - [2026-08-14T02:48:39.417+0000] {dagbag.py:588} INFO - Filling up the DagBag from /opt/airflow/dags/weather_dag.py
[2026-08-14T02:48:39.424+0000] {processor.py:925} INFO - DAG(s) 'weather_ingestion' retrieved from /opt/airflow/dags/weather_dag.py
[2026-08-14T02:48:39.441+0000] {logging_mixin.py:190} INFO - [2026-08-14T02:48:39.441+0000] {dag.py:3239} INFO - Sync 1 DAGs
[2026-08-14T02:48:39.453+0000] {logging_mixin.py:190} INFO - [2026-08-14T02:48:39.452+0000] {dag.py:4180} INFO - Setting next_dagrun for weather_ingestion to 2026-08-14 02:00:00+00:00, run_after=2026-08-14 03:00:00+00:00
[2026-08-14T02:48:39.459+0000] {processor.py:208} INFO - Processing /opt/airflow/dags/weather_dag.py took 0.049 seconds
[2026-08-14T02:49:09.739+0000] {processor.py:186} INFO - Started process (PID=13973) to work on /opt/airflow/dags/weather_dag.py
[2026-08-14T02:49:09.741+0000] {processor.py:914} INFO - Processing file /opt/airflow/dags/weather_dag.py for tasks to queue
[2026-08-14T02:49:09.743+0000] {logging_mixin.py:190} INFO - [2026-08-14T02:49:09.743+0000] {dagbag.py:588} INFO - Filling up the DagBag from /opt/airflow/dags/weather_dag.py
[2026-08-14T02:49:09.754+0000] {processor.py:925} INFO - DAG(s) 'weather_ingestion' retrieved from /opt/airflow/dags/weather_dag.py
[2026-08-14T02:49:09.769+0000] {logging_mixin.py:190} INFO - [2026-08-14T02:49:09.769+0000] {dag.py:3239} INFO - Sync 1 DAGs
[2026-08-14T02:49:09.781+0000] {logging_mixin.py:190} INFO - [2026-08-14T02:49:09.781+0000] {dag.py:4180} INFO - Setting next_dagrun for weather_ingestion to 2026-08-14 02:00:00+00:00, run_after=2026-08-14 03:00:00+00:00
[2026-08-14T02:49:09.788+0000] {processor.py:208} INFO - Processing /opt/airflow/dags/weather_dag.py took 0.057 seconds
[2026-08-14T02:49:40.228+0000] {processor.py:186} INFO - Started process (PID=13978) to work on /opt/airflow/dags/weather_dag.py
[2026-08-14T02:49:40.231+0000] {processor.py:914} INFO - Processing file /opt/airflow/dags/weather_dag.py for tasks to queue
[2026-08-14T02:49:40.233+0000] {logging_mixin.py:190} INFO - [2026-08-14T02:49:40.233+0000] {dagbag.py:588} INFO - Filling up the DagBag from /opt/airflow/dags/weather_dag.py
[2026-08-14T02:49:40.244+0000] {processor.py:925} INFO - DAG(s) 'weather_ingestion' retrieved from /opt/airflow/dags/weather_dag.py
[2026-08-14T02:49:40.264+0000] {logging_mixin.py:190} INFO - [2026-08-14T02:49:40.264+0000] {dag.py:3239} INFO - Sync 1 DAGs
[2026-08-14T02:49:40.277+0000] {logging_mixin.py:190} INFO - [2026-08-14T02:49:40.277+0000] {dag.py:4180} INFO - Setting next_dagrun for weather_ingestion to 2026-08-14 02:00:00+00:00, run_after=2026-08-14 03:00:00+00:00
[2026-08-14T02:49:40.285+0000] {processor.py:208} INFO - Processing /opt/airflow/dags/weather_dag.py took 0.063 seconds
[2026-08-14T02:50:10.701+0000] {processor.py:186} INFO - Started process (PID=13983) to work on /opt/airflow/dags/weather_dag.py
[2026-08-14T02:50:10.703+0000] {processor.py:914} INFO - Processing file /opt/airflow/dags/weather_dag.py for tasks to queue
[2026-08-14T02:50:10.706+0000] {logging_mixin.py:190} INFO - [2026-08-14T02:50:10.706+0000] {dagbag.py:588} INFO - Filling up the DagBag from /opt/airflow/dags/weather_dag.py
[2026-08-14T02:50:10.722+0000] {processor.py:925} INFO - DAG(s) 'weather_ingestion' retrieved from /opt/airflow/dags/weather_dag.py
[2026-08-14T02:50:10.749+0000] {logging_mixin.py:190} INFO - [2026-08-14T02:50:10.749+0000] {dag.py:3239} INFO - Sync 1 DAGs
[2026-08-14T02:50:10.767+0000] {logging_mixin.py:190} INFO - [2026-08-14T02:50:10.767+0000] {dag.py:4180} INFO - Setting next_dagrun for weather_ingestion to 2026-08-14 02:00:00+00:00, run_after=2026-08-14 03:00:00+00:00
[2026-08-14T02:50:10.785+0000] {processor.py:208} INFO - Processing /opt/airflow/dags/weather_dag.py took 0.093 seconds
[2026-08-14T02:50:41.072+0000] {processor.py:186} INFO - Started process (PID=13988) to work on /opt/airflow/dags/weather_dag.py
[2026-08-14T02:50:41.073+0000] {processor.py:914} INFO - Processing file /opt/airflow/dags/weather_dag.py for tasks to queue
[2026-08-14T02:50:41.076+0000] {logging_mixin.py:190} INFO - [2026-08-14T02:50:41.076+0000] {dagbag.py:588} INFO - Filling up the DagBag from /opt/airflow/dags/weather_dag.py
[2026-08-14T02:50:41.087+0000] {processor.py:925} INFO - DAG(s) 'weather_ingestion' retrieved from /opt/airflow/dags/weather_dag.py
[2026-08-14T02:50:41.114+0000] {logging_mixin.py:190} INFO - [2026-08-14T02:50:41.114+0000] {dag.py:3239} INFO - Sync 1 DAGs
[2026-08-14T02:50:41.132+0000] {logging_mixin.py:190} INFO - [2026-08-14T02:50:41.132+0000] {dag.py:4180} INFO - Setting next_dagrun for weather_ingestion to 2026-08-14 02:00:00+00:00, run_after=2026-08-14 03:00:00+00:00
[2026-08-14T02:50:41.141+0000] {processor.py:208} INFO - Processing /opt/airflow/dags/weather_dag.py took 0.080 seconds
[2026-08-14T02:51:11.446+0000] {processor.py:186} INFO - Started process (PID=13993) to work on /opt/airflow/dags/weather_dag.py
[2026-08-14T02:51:11.448+0000] {processor.py:914} INFO - Processing file /opt/airflow/dags/weather_dag.py for tasks to queue
[2026-08-14T02:51:11.451+0000] {logging_mixin.py:190} INFO - [2026-08-14T02:51:11.450+0000] {dagbag.py:588} INFO - Filling up the DagBag from /opt/airflow/dags/weather_dag.py
[2026-08-14T02:51:11.461+0000] {processor.py:925} INFO - DAG(s) 'weather_ingestion' retrieved from /opt/airflow/dags/weather_dag.py
[2026-08-14T02:51:11.479+0000] {logging_mixin.py:190} INFO - [2026-08-14T02:51:11.479+0000] {dag.py:3239} INFO - Sync 1 DAGs
[2026-08-14T02:51:11.492+0000] {logging_mixin.py:190} INFO - [2026-08-14T02:51:11.492+0000] {dag.py:4180} INFO - Setting next_dagrun for weather_ingestion to 2026-08-14 02:00:00+00:00, run_after=2026-08-14 03:00:00+00:00
[2026-08-14T02:51:11.499+0000] {processor.py:208} INFO - Processing /opt/airflow/dags/weather_dag.py took 0.061 seconds
[2026-08-14T02:51:41.895+0000] {processor.py:186} INFO - Started process (PID=13998) to work on /opt/airflow/dags/weather_dag.py
[2026-08-14T02:51:41.896+0000] {processor.py:914} INFO - Processing file /opt/airflow/dags/weather_dag.py for tasks to queue
[2026-08-14T02:51:41.898+0000] {logging_mixin.py:190} INFO - [2026-08-14T02:51:41.898+0000] {dagbag.py:588} INFO - Filling up the DagBag from /opt/airflow/dags/weather_dag.py
[2026-08-14T02:51:41.906+0000] {processor.py:925} INFO - DAG(s) 'weather_ingestion' retrieved from /opt/airflow/dags/weather_dag.py
[2026-08-14T02:51:41.924+0000] {logging_mixin.py:190} INFO - [2026-08-14T02:51:41.924+0000] {dag.py:3239} INFO - Sync 1 DAGs
[2026-08-14T02:51:41.937+0000] {logging_mixin.py:190} INFO - [2026-08-14T02:51:41.937+0000] {dag.py:4180} INFO - Setting next_dagrun for weather_ingestion to 2026-08-14 02:00:00+00:00, run_after=2026-08-14 03:00:00+00:00
[2026-08-14T02:51:41.945+0000] {processor.py:208} INFO - Processing /opt/airflow/dags/weather_dag.py took 0.055 seconds
[2026-08-14T02:52:12.241+0000] {processor.py:186} INFO - Started process (PID=14003) to work on /opt/airflow/dags/weather_dag.py
[2026-08-14T02:52:12.242+0000] {processor.py:914} INFO - Processing file /opt/airflow/dags/weather_dag.py for tasks to queue
[2026-08-14T02:52:12.244+0000] {logging_mixin.py:190} INFO - [2026-08-14T02:52:12.244+0000] {dagbag.py:588} INFO - Filling up the DagBag from /opt/airflow/dags/weather_dag.py
[2026-08-14T02:52:12.253+0000] {processor.py:925} INFO - DAG(s) 'weather_ingestion' retrieved from /opt/airflow/dags/weather_dag.py
[2026-08-14T02:52:12.268+0000] {logging_mixin.py:190} INFO - [2026-08-14T02:52:12.268+0000] {dag.py:3239} INFO - Sync 1 DAGs
[2026-08-14T02:52:12.280+0000] {logging_mixin.py:190} INFO - [2026-08-14T02:52:12.279+0000] {dag.py:4180} INFO - Setting next_dagrun for weather_ingestion to 2026-08-14 02:00:00+00:00, run_after=2026-08-14 03:00:00+00:00
[2026-08-14T02:52:12.286+0000] {processor.py:208} INFO - Processing /opt/airflow/dags/weather_dag.py took 0.051 seconds
[2026-08-14T02:52:42.570+0000] {processor.py:186} INFO - Started process (PID=14008) to work on /opt/airflow/dags/weather_dag.py
[2026-08-14T02:52:42.572+0000] {processor.py:914} INFO - Processing file /opt/airflow/dags/weather_dag.py for tasks to queue
[2026-08-14T02:52:42.573+0000] {logging_mixin.py:190} INFO - [2026-08-14T02:52:42.573+0000] {dagbag.py:588} INFO - Filling up the DagBag from /opt/airflow/dags/weather_dag.py
[2026-08-14T02:52:42.583+0000] {processor.py:925} INFO - DAG(s) 'weather_ingestion' retrieved from /opt/airflow/dags/weather_dag.py
[2026-08-14T02:52:42.598+0000] {logging_mixin.py:190} INFO - [2026-08-14T02:52:42.598+0000] {dag.py:3239} INFO - Sync 1 DAGs
[2026-08-14T02:52:42.609+0000] {logging_mixin.py:190} INFO - [2026-08-14T02:52:42.609+0000] {dag.py:4180} INFO - Setting next_dagrun for weather_ingestion to 2026-08-14 02:00:00+00:00, run_after=2026-08-14 03:00:00+00:00
[2026-08-14T02:52:42.616+0000] {processor.py:208} INFO - Processing /opt/airflow/dags/weather_dag.py took 0.051 seconds
[2026-08-14T02:53:12.894+0000] {processor.py:186} INFO - Started process (PID=14013) to work on /opt/airflow/dags/weather_dag.py
[2026-08-14T02:53:12.896+0000] {processor.py:914} INFO - Processing file /opt/airflow/dags/weather_dag.py for tasks to queue
[2026-08-14T02:53:12.898+0000] {logging_mixin.py:190} INFO - [2026-08-14T02:53:12.898+0000] {dagbag.py:588} INFO - Filling up the DagBag from /opt/airflow/dags/weather_dag.py
[2026-08-14T02:53:12.910+0000] {processor.py:925} INFO - DAG(s) 'weather_ingestion' retrieved from /opt/airflow/dags/weather_dag.py
[2026-08-14T02:53:12.931+0000] {logging_mixin.py:190} INFO - [2026-08-14T02:53:12.931+0000] {dag.py:3239} INFO - Sync 1 DAGs
[2026-08-14T02:53:12.943+0000] {logging_mixin.py:190} INFO - [2026-08-14T02:53:12.943+0000] {dag.py:4180} INFO - Setting next_dagrun for weather_ingestion to 2026-08-14 02:00:00+00:00, run_after=2026-08-14 03:00:00+00:00
[2026-08-14T02:53:12.951+0000] {processor.py:208} INFO - Processing /opt/airflow/dags/weather_dag.py took 0.065 seconds
[2026-08-14T02:53:43.391+0000] {processor.py:186} INFO - Started process (PID=14018) to work on /opt/airflow/dags/weather_dag.py
[2026-08-14T02:53:43.393+0000] {processor.py:914} INFO - Processing file /opt/airflow/dags/weather_dag.py for tasks to queue
[2026-08-14T02:53:43.397+0000] {logging_mixin.py:190} INFO - [2026-08-14T02:53:43.396+0000] {dagbag.py:588} INFO - Filling up the DagBag from /opt/airflow/dags/weather_dag.py
[2026-08-14T02:53:43.412+0000] {processor.py:925} INFO - DAG(s) 'weather_ingestion' retrieved from /opt/airflow/dags/weather_dag.py
[2026-08-14T02:53:43.434+0000] {logging_mixin.py:190} INFO - [2026-08-14T02:53:43.434+0000] {dag.py:3239} INFO - Sync 1 DAGs
[2026-08-14T02:53:43.448+0000] {logging_mixin.py:190} INFO - [2026-08-14T02:53:43.448+0000] {dag.py:4180} INFO - Setting next_dagrun for weather_ingestion to 2026-08-14 02:00:00+00:00, run_after=2026-08-14 03:00:00+00:00
[2026-08-14T02:53:43.455+0000] {processor.py:208} INFO - Processing /opt/airflow/dags/weather_dag.py took 0.073 seconds
[2026-08-14T02:54:13.778+0000] {processor.py:186} INFO - Started process (PID=14023) to work on /opt/airflow/dags/weather_dag.py
[2026-08-14T02:54:13.781+0000] {processor.py:914} INFO - Processing file /opt/airflow/dags/weather_dag.py for tasks to queue
[2026-08-14T02:54:13.783+0000] {logging_mixin.py:190} INFO - [2026-08-14T02:54:13.783+0000] {dagbag.py:588} INFO - Filling up the DagBag from /opt/airflow/dags/weather_dag.py
[2026-08-14T02:54:13.794+0000] {processor.py:925} INFO - DAG(s) 'weather_ingestion' retrieved from /opt/airflow/dags/weather_dag.py
[2026-08-14T02:54:13.814+0000] {logging_mixin.py:190} INFO - [2026-08-14T02:54:13.814+0000] {dag.py:3239} INFO - Sync 1 DAGs
[2026-08-14T02:54:13.826+0000] {logging_mixin.py:190} INFO - [2026-08-14T02:54:13.826+0000] {dag.py:4180} INFO - Setting next_dagrun for weather_ingestion to 2026-08-14 02:00:00+00:00, run_after=2026-08-14 03:00:00+00:00
[2026-08-14T02:54:13.833+0000] {processor.py:208} INFO - Processing /opt/airflow/dags/weather_dag.py took 0.062 seconds
[2026-08-14T02:54:44.137+0000] {processor.py:186} INFO - Started process (PID=14028) to work on /opt/airflow/dags/weather_dag.py
[2026-08-14T02:54:44.138+0000] {processor.py:914} INFO - Processing file /opt/airflow/dags/weather_dag.py for tasks to queue
[2026-08-14T02:54:44.140+0000] {logging_mixin.py:190} INFO - [2026-08-14T02:54:44.140+0000] {dagbag.py:588} INFO - Filling up the DagBag from /opt/airflow/dags/weather_dag.py
[2026-08-14T02:54:44.150+0000] {processor.py:925} INFO - DAG(s) 'weather_ingestion' retrieved from /opt/airflow/dags/weather_dag.py
[2026-08-14T02:54:44.169+0000] {logging_mixin.py:190} INFO - [2026-08-14T02:54:44.169+0000] {dag.py:3239} INFO - Sync 1 DAGs
[2026-08-14T02:54:44.180+0000] {logging_mixin.py:190} INFO - [2026-08-14T02:54:44.180+0000] {dag.py:4180} INFO - Setting next_dagrun for weather_ingestion to 2026-08-14 02:00:00+00:00, run_after=2026-08-14 03:00:00+00:00
[2026-08-14T02:54:44.187+0000] {processor.py:208} INFO - Processing /opt/airflow/dags/weather_dag.py took 0.059 seconds
[2026-08-14T02:55:14.458+0000] {processor.py:186} INFO - Started process (PID=14033) to work on /opt/airflow/dags/weather_dag.py
[2026-08-14T02:55:14.459+0000] {processor.py:914} INFO - Processing file /opt/airflow/dags/weather_dag.py for tasks to queue
[2026-08-14T02:55:14.462+0000] {logging_mixin.py:190} INFO - [2026-08-14T02:55:14.462+0000] {dagbag.py:588} INFO - Filling up the DagBag from /opt/airflow/dags/weather_dag.py
[2026-08-14T02:55:14.473+0000] {processor.py:925} INFO - DAG(s) 'weather_ingestion' retrieved from /opt/airflow/dags/weather_dag.py
[2026-08-14T02:55:14.492+0000] {logging_mixin.py:190} INFO - [2026-08-14T02:55:14.491+0000] {dag.py:3239} INFO - Sync 1 DAGs
[2026-08-14T02:55:14.503+0000] {logging_mixin.py:190} INFO - [2026-08-14T02:55:14.503+0000] {dag.py:4180} INFO - Setting next_dagrun for weather_ingestion to 2026-08-14 02:00:00+00:00, run_after=2026-08-14 03:00:00+00:00
[2026-08-14T02:55:14.511+0000] {processor.py:208} INFO - Processing /opt/airflow/dags/weather_dag.py took 0.059 seconds
[2026-08-14T02:55:44.808+0000] {processor.py:186} INFO - Started process (PID=14038) to work on /opt/airflow/dags/weather_dag.py
[2026-08-14T02:55:44.811+0000] {processor.py:914} INFO - Processing file /opt/airflow/dags/weather_dag.py for tasks to queue
[2026-08-14T02:55:44.813+0000] {logging_mixin.py:190} INFO - [2026-08-14T02:55:44.813+0000] {dagbag.py:588} INFO - Filling up the DagBag from /opt/airflow/dags/weather_dag.py
[2026-08-14T02:55:44.823+0000] {processor.py:925} INFO - DAG(s) 'weather_ingestion' retrieved from /opt/airflow/dags/weather_dag.py
[2026-08-14T02:55:44.842+0000] {logging_mixin.py:190} INFO - [2026-08-14T02:55:44.842+0000] {dag.py:3239} INFO - Sync 1 DAGs
[2026-08-14T02:55:44.853+0000] {logging_mixin.py:190} INFO - [2026-08-14T02:55:44.853+0000] {dag.py:4180} INFO - Setting next_dagrun for weather_ingestion to 2026-08-14 02:00:00+00:00, run_after=2026-08-14 03:00:00+00:00
[2026-08-14T02:55:44.861+0000] {processor.py:208} INFO - Processing /opt/airflow/dags/weather_dag.py took 0.060 seconds
[2026-08-14T02:56:15.146+0000] {processor.py:186} INFO - Started process (PID=14043) to work on /opt/airflow/dags/weather_dag.py
[2026-08-14T02:56:15.148+0000] {processor.py:914} INFO - Processing file /opt/airflow/dags/weather_dag.py for tasks to queue
[2026-08-14T02:56:15.150+0000] {logging_mixin.py:190} INFO - [2026-08-14T02:56:15.150+0000] {dagbag.py:588} INFO - Filling up the DagBag from /opt/airflow/dags/weather_dag.py
[2026-08-14T02:56:15.160+0000] {processor.py:925} INFO - DAG(s) 'weather_ingestion' retrieved from /opt/airflow/dags/weather_dag.py
[2026-08-14T02:56:15.178+0000] {logging_mixin.py:190} INFO - [2026-08-14T02:56:15.178+0000] {dag.py:3239} INFO - Sync 1 DAGs
[2026-08-14T02:56:15.190+0000] {logging_mixin.py:190} INFO - [2026-08-14T02:56:15.190+0000] {dag.py:4180} INFO - Setting next_dagrun for weather_ingestion to 2026-08-14 02:00:00+00:00, run_after=2026-08-14 03:00:00+00:00
[2026-08-14T02:56:15.197+0000] {processor.py:208} INFO - Processing /opt/airflow/dags/weather_dag.py took 0.058 seconds
[2026-08-14T02:56:45.533+0000] {processor.py:186} INFO - Started process (PID=14048) to work on /opt/airflow/dags/weather_dag.py
[2026-08-14T02:56:45.534+0000] {processor.py:914} INFO - Processing file /opt/airflow/dags/weather_dag.py for tasks to queue
[2026-08-14T02:56:45.536+0000] {logging_mixin.py:190} INFO - [2026-08-14T02:56:45.536+0000] {dagbag.py:588} INFO - Filling up the DagBag from /opt/airflow/dags/weather_dag.py
[2026-08-14T02:56:45.547+0000] {processor.py:925} INFO - DAG(s) 'weather_ingestion' retrieved from /opt/airflow/dags/weather_dag.py
[2026-08-14T02:56:45.565+0000] {logging_mixin.py:190} INFO - [2026-08-14T02:56:45.565+0000] {dag.py:3239} INFO - Sync 1 DAGs
[2026-08-14T02:56:45.578+0000] {logging_mixin.py:190} INFO - [2026-08-14T02:56:45.578+0000] {dag.py:4180} INFO - Setting next_dagrun for weather_ingestion to 2026-08-14 02:00:00+00:00, run_after=2026-08-14 03:00:00+00:00
[2026-08-14T02:56:45.585+0000] {processor.py:208} INFO - Processing /opt/airflow/dags/weather_dag.py took 0.058 seconds
[2026-08-14T02:57:15.847+0000] {processor.py:186} INFO - Started process (PID=14053) to work on /opt/airflow/dags/weather_dag.py
[2026-08-14T02:57:15.849+0000] {processor.py:914} INFO - Processing file /opt/airflow/dags/weather_dag.py for tasks to queue
[2026-08-14T02:57:15.851+0000] {logging_mixin.py:190} INFO - [2026-08-14T02:57:15.851+0000] {dagbag.py:588} INFO - Filling up the DagBag from /opt/airflow/dags/weather_dag.py
[2026-08-14T02:57:15.862+0000] {processor.py:925} INFO - DAG(s) 'weather_ingestion' retrieved from /opt/airflow/dags/weather_dag.py
[2026-08-14T02:57:15.881+0000] {logging_mixin.py:190} INFO - [2026-08-14T02:57:15.881+0000] {dag.py:3239} INFO - Sync 1 DAGs
[2026-08-14T02:57:15.892+0000] {logging_mixin.py:190} INFO - [2026-08-14T02:57:15.892+0000] {dag.py:4180} INFO - Setting next_dagrun for weather_ingestion to 2026-08-14 02:00:00+00:00, run_after=2026-08-14 03:00:00+00:00
[2026-08-14T02:57:15.900+0000] {processor.py:208} INFO - Processing /opt/airflow/dags/weather_dag.py took 0.059 seconds
[2026-08-14T02:57:46.184+0000] {processor.py:186} INFO - Started process (PID=14058) to work on /opt/airflow/dags/weather_dag.py
[2026-08-14T02:57:46.187+0000] {processor.py:914} INFO - Processing file /opt/airflow/dags/weather_dag.py for tasks to queue
[2026-08-14T02:57:46.190+0000] {logging_mixin.py:190} INFO - [2026-08-14T02:57:46.189+0000] {dagbag.py:588} INFO - Filling up the DagBag from /opt/airflow/dags/weather_dag.py
[2026-08-14T02:57:46.205+0000] {processor.py:925} INFO - DAG(s) 'weather_ingestion' retrieved from /opt/airflow/dags/weather_dag.py
[2026-08-14T02:57:46.227+0000] {logging_mixin.py:190} INFO - [2026-08-14T02:57:46.227+0000] {dag.py:3239} INFO - Sync 1 DAGs
[2026-08-14T02:57:46.238+0000] {logging_mixin.py:190} INFO - [2026-08-14T02:57:46.238+0000] {dag.py:4180} INFO - Setting next_dagrun for weather_ingestion to 2026-08-14 02:00:00+00:00, run_after=2026-08-14 03:00:00+00:00
[2026-08-14T02:57:46.246+0000] {processor.py:208} INFO - Processing /opt/airflow/dags/weather_dag.py took 0.070 seconds
[2026-08-14T02:58:16.495+0000] {processor.py:186} INFO - Started process (PID=14063) to work on /opt/airflow/dags/weather_dag.py
[2026-08-14T02:58:16.497+0000] {processor.py:914} INFO - Processing file /opt/airflow/dags/weather_dag.py for tasks to queue
[2026-08-14T02:58:16.499+0000] {logging_mixin.py:190} INFO - [2026-08-14T02:58:16.499+0000] {dagbag.py:588} INFO - Filling up the DagBag from /opt/airflow/dags/weather_dag.py
[2026-08-14T02:58:16.511+0000] {processor.py:925} INFO - DAG(s) 'weather_ingestion' retrieved from /opt/airflow/dags/weather_dag.py
[2026-08-14T02:58:16.533+0000] {logging_mixin.py:190} INFO - [2026-08-14T02:58:16.533+0000] {dag.py:3239} INFO - Sync 1 DAGs
[2026-08-14T02:58:16.547+0000] {logging_mixin.py:190} INFO - [2026-08-14T02:58:16.547+0000] {dag.py:4180} INFO - Setting next_dagrun for weather_ingestion to 2026-08-14 02:00:00+00:00, run_after=2026-08-14 03:00:00+00:00
[2026-08-14T02:58:16.556+0000] {processor.py:208} INFO - Processing /opt/airflow/dags/weather_dag.py took 0.067 seconds
[2026-08-14T02:58:46.826+0000] {processor.py:186} INFO - Started process (PID=14068) to work on /opt/airflow/dags/weather_dag.py
[2026-08-14T02:58:46.827+0000] {processor.py:914} INFO - Processing file /opt/airflow/dags/weather_dag.py for tasks to queue
[2026-08-14T02:58:46.830+0000] {logging_mixin.py:190} INFO - [2026-08-14T02:58:46.829+0000] {dagbag.py:588} INFO - Filling up the DagBag from /opt/airflow/dags/weather_dag.py
[2026-08-14T02:58:46.839+0000] {processor.py:925} INFO - DAG(s) 'weather_ingestion' retrieved from /opt/airflow/dags/weather_dag.py
[2026-08-14T02:58:46.857+0000] {logging_mixin.py:190} INFO - [2026-08-14T02:58:46.857+0000] {dag.py:3239} INFO - Sync 1 DAGs
[2026-08-14T02:58:46.870+0000] {logging_mixin.py:190} INFO - [2026-08-14T02:58:46.869+0000] {dag.py:4180} INFO - Setting next_dagrun for weather_ingestion to 2026-08-14 02:00:00+00:00, run_after=2026-08-14 03:00:00+00:00
[2026-08-14T02:58:46.878+0000] {processor.py:208} INFO - Processing /opt/airflow/dags/weather_dag.py took 0.057 seconds
[2026-08-14T02:59:17.220+0000] {processor.py:186} INFO - Started process (PID=14073) to work on /opt/airflow/dags/weather_dag.py
[2026-08-14T02:59:17.222+0000] {processor.py:914} INFO - Processing file /opt/airflow/dags/weather_dag.py for tasks to queue
[2026-08-14T02:59:17.225+0000] {logging_mixin.py:190} INFO - [2026-08-14T02:59:17.224+0000] {dagbag.py:588} INFO - Filling up the DagBag from /opt/airflow/dags/weather_dag.py
[2026-08-14T02:59:17.234+0000] {processor.py:925} INFO - DAG(s) 'weather_ingestion' retrieved from /opt/airflow/dags/weather_dag.py
[2026-08-14T02:59:17.255+0000] {logging_mixin.py:190} INFO - [2026-08-14T02:59:17.255+0000] {dag.py:3239} INFO - Sync 1 DAGs
[2026-08-14T02:59:17.266+0000] {logging_mixin.py:190} INFO - [2026-08-14T02:59:17.265+0000] {dag.py:4180} INFO - Setting next_dagrun for weather_ingestion to 2026-08-14 02:00:00+00:00, run_after=2026-08-14 03:00:00+00:00
[2026-08-14T02:59:17.272+0000] {processor.py:208} INFO - Processing /opt/airflow/dags/weather_dag.py took 0.059 seconds
[2026-08-14T02:59:47.614+0000] {processor.py:186} INFO - Started process (PID=14078) to work on /opt/airflow/dags/weather_dag.py
[2026-08-14T02:59:47.615+0000] {processor.py:914} INFO - Processing file /opt/airflow/dags/weather_dag.py for tasks to queue
[2026-08-14T02:59:47.620+0000] {logging_mixin.py:190} INFO - [2026-08-14T02:59:47.619+0000] {dagbag.py:588} INFO - Filling up the DagBag from /opt/airflow/dags/weather_dag.py
[2026-08-14T02:59:47.626+0000] {processor.py:925} INFO - DAG(s) 'weather_ingestion' retrieved from /opt/airflow/dags/weather_dag.py
[2026-08-14T02:59:47.642+0000] {logging_mixin.py:190} INFO - [2026-08-14T02:59:47.642+0000] {dag.py:3239} INFO - Sync 1 DAGs
[2026-08-14T02:59:47.655+0000] {logging_mixin.py:190} INFO - [2026-08-14T02:59:47.655+0000] {dag.py:4180} INFO - Setting next_dagrun for weather_ingestion to 2026-08-14 02:00:00+00:00, run_after=2026-08-14 03:00:00+00:00
[2026-08-14T02:59:47.663+0000] {processor.py:208} INFO - Processing /opt/airflow/dags/weather_dag.py took 0.053 seconds
[2026-08-14T03:00:18.002+0000] {processor.py:186} INFO - Started process (PID=14088) to work on /opt/airflow/dags/weather_dag.py
[2026-08-14T03:00:18.005+0000] {processor.py:914} INFO - Processing file /opt/airflow/dags/weather_dag.py for tasks to queue
[2026-08-14T03:00:18.007+0000] {logging_mixin.py:190} INFO - [2026-08-14T03:00:18.007+0000] {dagbag.py:588} INFO - Filling up the DagBag from /opt/airflow/dags/weather_dag.py
[2026-08-14T03:00:18.017+0000] {processor.py:925} INFO - DAG(s) 'weather_ingestion' retrieved from /opt/airflow/dags/weather_dag.py
[2026-08-14T03:00:18.036+0000] {logging_mixin.py:190} INFO - [2026-08-14T03:00:18.036+0000] {dag.py:3239} INFO - Sync 1 DAGs
[2026-08-14T03:00:18.047+0000] {logging_mixin.py:190} INFO - [2026-08-14T03:00:18.047+0000] {dag.py:4180} INFO - Setting next_dagrun for weather_ingestion to 2026-08-14 03:00:00+00:00, run_after=2026-08-14 04:00:00+00:00
[2026-08-14T03:00:18.054+0000] {processor.py:208} INFO - Processing /opt/airflow/dags/weather_dag.py took 0.057 seconds
[2026-08-14T03:00:48.402+0000] {processor.py:186} INFO - Started process (PID=14093) to work on /opt/airflow/dags/weather_dag.py
[2026-08-14T03:00:48.405+0000] {processor.py:914} INFO - Processing file /opt/airflow/dags/weather_dag.py for tasks to queue
[2026-08-14T03:00:48.407+0000] {logging_mixin.py:190} INFO - [2026-08-14T03:00:48.406+0000] {dagbag.py:588} INFO - Filling up the DagBag from /opt/airflow/dags/weather_dag.py
[2026-08-14T03:00:48.417+0000] {processor.py:925} INFO - DAG(s) 'weather_ingestion' retrieved from /opt/airflow/dags/weather_dag.py
[2026-08-14T03:00:48.435+0000] {logging_mixin.py:190} INFO - [2026-08-14T03:00:48.435+0000] {dag.py:3239} INFO - Sync 1 DAGs
[2026-08-14T03:00:48.446+0000] {logging_mixin.py:190} INFO - [2026-08-14T03:00:48.446+0000] {dag.py:4180} INFO - Setting next_dagrun for weather_ingestion to 2026-08-14 03:00:00+00:00, run_after=2026-08-14 04:00:00+00:00
[2026-08-14T03:00:48.453+0000] {processor.py:208} INFO - Processing /opt/airflow/dags/weather_dag.py took 0.056 seconds
[2026-08-14T03:01:18.826+0000] {processor.py:186} INFO - Started process (PID=14098) to work on /opt/airflow/dags/weather_dag.py
[2026-08-14T03:01:18.829+0000] {processor.py:914} INFO - Processing file /opt/airflow/dags/weather_dag.py for tasks to queue
[2026-08-14T03:01:18.831+0000] {logging_mixin.py:190} INFO - [2026-08-14T03:01:18.831+0000] {dagbag.py:588} INFO - Filling up the DagBag from /opt/airflow/dags/weather_dag.py
[2026-08-14T03:01:18.841+0000] {processor.py:925} INFO - DAG(s) 'weather_ingestion' retrieved from /opt/airflow/dags/weather_dag.py
[2026-08-14T03:01:18.860+0000] {logging_mixin.py:190} INFO - [2026-08-14T03:01:18.860+0000] {dag.py:3239} INFO - Sync 1 DAGs
[2026-08-14T03:01:18.871+0000] {logging_mixin.py:190} INFO - [2026-08-14T03:01:18.871+0000] {dag.py:4180} INFO - Setting next_dagrun for weather_ingestion to 2026-08-14 03:00:00+00:00, run_after=2026-08-14 04:00:00+00:00
[2026-08-14T03:01:18.878+0000] {processor.py:208} INFO - Processing /opt/airflow/dags/weather_dag.py took 0.058 seconds
[2026-08-14T03:01:49.202+0000] {processor.py:186} INFO - Started process (PID=14103) to work on /opt/airflow/dags/weather_dag.py
[2026-08-14T03:01:49.203+0000] {processor.py:914} INFO - Processing file /opt/airflow/dags/weather_dag.py for tasks to queue
[2026-08-14T03:01:49.205+0000] {logging_mixin.py:190} INFO - [2026-08-14T03:01:49.204+0000] {dagbag.py:588} INFO - Filling up the DagBag from /opt/airflow/dags/weather_dag.py
[2026-08-14T03:01:49.214+0000] {processor.py:925} INFO - DAG(s) 'weather_ingestion' retrieved from /opt/airflow/dags/weather_dag.py
[2026-08-14T03:01:49.232+0000] {logging_mixin.py:190} INFO - [2026-08-14T03:01:49.232+0000] {dag.py:3239} INFO - Sync 1 DAGs
[2026-08-14T03:01:49.244+0000] {logging_mixin.py:190} INFO - [2026-08-14T03:01:49.244+0000] {dag.py:4180} INFO - Setting next_dagrun for weather_ingestion to 2026-08-14 03:00:00+00:00, run_after=2026-08-14 04:00:00+00:00
[2026-08-14T03:01:49.251+0000] {processor.py:208} INFO - Processing /opt/airflow/dags/weather_dag.py took 0.055 seconds
[2026-08-14T03:02:19.517+0000] {processor.py:186} INFO - Started process (PID=14458) to work on /opt/airflow/dags/weather_dag.py
[2026-08-14T03:02:19.518+0000] {processor.py:914} INFO - Processing file /opt/airflow/dags/weather_dag.py for tasks to queue
[2026-08-14T03:02:19.522+0000] {logging_mixin.py:190} INFO - [2026-08-14T03:02:19.521+0000] {dagbag.py:588} INFO - Filling up the DagBag from /opt/airflow/dags/weather_dag.py
[2026-08-14T03:02:19.538+0000] {processor.py:925} INFO - DAG(s) 'weather_ingestion' retrieved from /opt/airflow/dags/weather_dag.py
[2026-08-14T03:02:19.561+0000] {logging_mixin.py:190} INFO - [2026-08-14T03:02:19.561+0000] {dag.py:3239} INFO - Sync 1 DAGs
[2026-08-14T03:02:19.583+0000] {logging_mixin.py:190} INFO - [2026-08-14T03:02:19.583+0000] {dag.py:4180} INFO - Setting next_dagrun for weather_ingestion to 2026-08-14 03:00:00+00:00, run_after=2026-08-14 04:00:00+00:00
[2026-08-14T03:02:19.595+0000] {processor.py:208} INFO - Processing /opt/airflow/dags/weather_dag.py took 0.089 seconds
[2026-08-14T03:02:49.966+0000] {processor.py:186} INFO - Started process (PID=14507) to work on /opt/airflow/dags/weather_dag.py
[2026-08-14T03:02:49.967+0000] {processor.py:914} INFO - Processing file /opt/airflow/dags/weather_dag.py for tasks to queue
[2026-08-14T03:02:49.970+0000] {logging_mixin.py:190} INFO - [2026-08-14T03:02:49.969+0000] {dagbag.py:588} INFO - Filling up the DagBag from /opt/airflow/dags/weather_dag.py
[2026-08-14T03:02:49.981+0000] {processor.py:925} INFO - DAG(s) 'weather_ingestion' retrieved from /opt/airflow/dags/weather_dag.py
[2026-08-14T03:02:50.002+0000] {logging_mixin.py:190} INFO - [2026-08-14T03:02:50.002+0000] {dag.py:3239} INFO - Sync 1 DAGs
[2026-08-14T03:02:50.014+0000] {logging_mixin.py:190} INFO - [2026-08-14T03:02:50.014+0000] {dag.py:4180} INFO - Setting next_dagrun for weather_ingestion to 2026-08-14 03:00:00+00:00, run_after=2026-08-14 04:00:00+00:00
[2026-08-14T03:02:50.022+0000] {processor.py:208} INFO - Processing /opt/airflow/dags/weather_dag.py took 0.063 seconds
[2026-08-14T03:03:20.248+0000] {processor.py:186} INFO - Started process (PID=14512) to work on /opt/airflow/dags/weather_dag.py
[2026-08-14T03:03:20.250+0000] {processor.py:914} INFO - Processing file /opt/airflow/dags/weather_dag.py for tasks to queue
[2026-08-14T03:03:20.252+0000] {logging_mixin.py:190} INFO - [2026-08-14T03:03:20.252+0000] {dagbag.py:588} INFO - Filling up the DagBag from /opt/airflow/dags/weather_dag.py
[2026-08-14T03:03:20.262+0000] {processor.py:925} INFO - DAG(s) 'weather_ingestion' retrieved from /opt/airflow/dags/weather_dag.py
[2026-08-14T03:03:20.281+0000] {logging_mixin.py:190} INFO - [2026-08-14T03:03:20.281+0000] {dag.py:3239} INFO - Sync 1 DAGs
[2026-08-14T03:03:20.293+0000] {logging_mixin.py:190} INFO - [2026-08-14T03:03:20.293+0000] {dag.py:4180} INFO - Setting next_dagrun for weather_ingestion to 2026-08-14 03:00:00+00:00, run_after=2026-08-14 04:00:00+00:00
[2026-08-14T03:03:20.299+0000] {processor.py:208} INFO - Processing /opt/airflow/dags/weather_dag.py took 0.058 seconds
[2026-08-14T03:03:50.591+0000] {processor.py:186} INFO - Started process (PID=14517) to work on /opt/airflow/dags/weather_dag.py
[2026-08-14T03:03:50.593+0000] {processor.py:914} INFO - Processing file /opt/airflow/dags/weather_dag.py for tasks to queue
[2026-08-14T03:03:50.596+0000] {logging_mixin.py:190} INFO - [2026-08-14T03:03:50.595+0000] {dagbag.py:588} INFO - Filling up the DagBag from /opt/airflow/dags/weather_dag.py
[2026-08-14T03:03:50.605+0000] {processor.py:925} INFO - DAG(s) 'weather_ingestion' retrieved from /opt/airflow/dags/weather_dag.py
[2026-08-14T03:03:50.623+0000] {logging_mixin.py:190} INFO - [2026-08-14T03:03:50.623+0000] {dag.py:3239} INFO - Sync 1 DAGs
[2026-08-14T03:03:50.634+0000] {logging_mixin.py:190} INFO - [2026-08-14T03:03:50.634+0000] {dag.py:4180} INFO - Setting next_dagrun for weather_ingestion to 2026-08-14 03:00:00+00:00, run_after=2026-08-14 04:00:00+00:00
[2026-08-14T03:03:50.640+0000] {processor.py:208} INFO - Processing /opt/airflow/dags/weather_dag.py took 0.055 seconds
[2026-08-14T03:04:20.964+0000] {processor.py:186} INFO - Started process (PID=14522) to work on /opt/airflow/dags/weather_dag.py
[2026-08-14T03:04:20.966+0000] {processor.py:914} INFO - Processing file /opt/airflow/dags/weather_dag.py for tasks to queue
[2026-08-14T03:04:20.970+0000] {logging_mixin.py:190} INFO - [2026-08-14T03:04:20.969+0000] {dagbag.py:588} INFO - Filling up the DagBag from /opt/airflow/dags/weather_dag.py
[2026-08-14T03:04:20.981+0000] {processor.py:925} INFO - DAG(s) 'weather_ingestion' retrieved from /opt/airflow/dags/weather_dag.py
[2026-08-14T03:04:21.004+0000] {logging_mixin.py:190} INFO - [2026-08-14T03:04:21.004+0000] {dag.py:3239} INFO - Sync 1 DAGs
[2026-08-14T03:04:21.017+0000] {logging_mixin.py:190} INFO - [2026-08-14T03:04:21.017+0000] {dag.py:4180} INFO - Setting next_dagrun for weather_ingestion to 2026-08-14 03:00:00+00:00, run_after=2026-08-14 04:00:00+00:00
[2026-08-14T03:04:21.025+0000] {processor.py:208} INFO - Processing /opt/airflow/dags/weather_dag.py took 0.068 seconds
[2026-08-14T03:04:51.286+0000] {processor.py:186} INFO - Started process (PID=14527) to work on /opt/airflow/dags/weather_dag.py
[2026-08-14T03:04:51.287+0000] {processor.py:914} INFO - Processing file /opt/airflow/dags/weather_dag.py for tasks to queue
[2026-08-14T03:04:51.289+0000] {logging_mixin.py:190} INFO - [2026-08-14T03:04:51.289+0000] {dagbag.py:588} INFO - Filling up the DagBag from /opt/airflow/dags/weather_dag.py
[2026-08-14T03:04:51.298+0000] {processor.py:925} INFO - DAG(s) 'weather_ingestion' retrieved from /opt/airflow/dags/weather_dag.py
[2026-08-14T03:04:51.314+0000] {logging_mixin.py:190} INFO - [2026-08-14T03:04:51.314+0000] {dag.py:3239} INFO - Sync 1 DAGs
[2026-08-14T03:04:51.327+0000] {logging_mixin.py:190} INFO - [2026-08-14T03:04:51.326+0000] {dag.py:4180} INFO - Setting next_dagrun for weather_ingestion to 2026-08-14 03:00:00+00:00, run_after=2026-08-14 04:00:00+00:00
[2026-08-14T03:04:51.335+0000] {processor.py:208} INFO - Processing /opt/airflow/dags/weather_dag.py took 0.053 seconds
[2026-08-14T03:05:21.656+0000] {processor.py:186} INFO - Started process (PID=14532) to work on /opt/airflow/dags/weather_dag.py
[2026-08-14T03:05:21.660+0000] {processor.py:914} INFO - Processing file /opt/airflow/dags/weather_dag.py for tasks to queue
[2026-08-14T03:05:21.666+0000] {logging_mixin.py:190} INFO - [2026-08-14T03:05:21.665+0000] {dagbag.py:588} INFO - Filling up the DagBag from /opt/airflow/dags/weather_dag.py
[2026-08-14T03:05:21.694+0000] {processor.py:925} INFO - DAG(s) 'weather_ingestion' retrieved from /opt/airflow/dags/weather_dag.py
[2026-08-14T03:05:21.745+0000] {logging_mixin.py:190} INFO - [2026-08-14T03:05:21.745+0000] {dag.py:3239} INFO - Sync 1 DAGs
[2026-08-14T03:05:21.766+0000] {logging_mixin.py:190} INFO - [2026-08-14T03:05:21.765+0000] {dag.py:4180} INFO - Setting next_dagrun for weather_ingestion to 2026-08-14 03:00:00+00:00, run_after=2026-08-14 04:00:00+00:00
[2026-08-14T03:05:21.776+0000] {processor.py:208} INFO - Processing /opt/airflow/dags/weather_dag.py took 0.131 seconds
[2026-08-14T03:05:51.969+0000] {processor.py:186} INFO - Started process (PID=14537) to work on /opt/airflow/dags/weather_dag.py
[2026-08-14T03:05:51.971+0000] {processor.py:914} INFO - Processing file /opt/airflow/dags/weather_dag.py for tasks to queue
[2026-08-14T03:05:51.974+0000] {logging_mixin.py:190} INFO - [2026-08-14T03:05:51.974+0000] {dagbag.py:588} INFO - Filling up the DagBag from /opt/airflow/dags/weather_dag.py
[2026-08-14T03:05:51.986+0000] {processor.py:925} INFO - DAG(s) 'weather_ingestion' retrieved from /opt/airflow/dags/weather_dag.py
[2026-08-14T03:05:52.006+0000] {logging_mixin.py:190} INFO - [2026-08-14T03:05:52.006+0000] {dag.py:3239} INFO - Sync 1 DAGs
[2026-08-14T03:05:52.020+0000] {logging_mixin.py:190} INFO - [2026-08-14T03:05:52.020+0000] {dag.py:4180} INFO - Setting next_dagrun for weather_ingestion to 2026-08-14 03:00:00+00:00, run_after=2026-08-14 04:00:00+00:00
[2026-08-14T03:05:52.027+0000] {processor.py:208} INFO - Processing /opt/airflow/dags/weather_dag.py took 0.067 seconds
[2026-08-14T03:06:22.289+0000] {processor.py:186} INFO - Started process (PID=14542) to work on /opt/airflow/dags/weather_dag.py
[2026-08-14T03:06:22.291+0000] {processor.py:914} INFO - Processing file /opt/airflow/dags/weather_dag.py for tasks to queue
[2026-08-14T03:06:22.293+0000] {logging_mixin.py:190} INFO - [2026-08-14T03:06:22.292+0000] {dagbag.py:588} INFO - Filling up the DagBag from /opt/airflow/dags/weather_dag.py
[2026-08-14T03:06:22.302+0000] {processor.py:925} INFO - DAG(s) 'weather_ingestion' retrieved from /opt/airflow/dags/weather_dag.py
[2026-08-14T03:06:22.319+0000] {logging_mixin.py:190} INFO - [2026-08-14T03:06:22.319+0000] {dag.py:3239} INFO - Sync 1 DAGs
[2026-08-14T03:06:22.331+0000] {logging_mixin.py:190} INFO - [2026-08-14T03:06:22.331+0000] {dag.py:4180} INFO - Setting next_dagrun for weather_ingestion to 2026-08-14 03:00:00+00:00, run_after=2026-08-14 04:00:00+00:00
[2026-08-14T03:06:22.339+0000] {processor.py:208} INFO - Processing /opt/airflow/dags/weather_dag.py took 0.055 seconds
[2026-08-14T03:06:52.630+0000] {processor.py:186} INFO - Started process (PID=14547) to work on /opt/airflow/dags/weather_dag.py
[2026-08-14T03:06:52.631+0000] {processor.py:914} INFO - Processing file /opt/airflow/dags/weather_dag.py for tasks to queue
[2026-08-14T03:06:52.633+0000] {logging_mixin.py:190} INFO - [2026-08-14T03:06:52.633+0000] {dagbag.py:588} INFO - Filling up the DagBag from /opt/airflow/dags/weather_dag.py
[2026-08-14T03:06:52.641+0000] {processor.py:925} INFO - DAG(s) 'weather_ingestion' retrieved from /opt/airflow/dags/weather_dag.py
[2026-08-14T03:06:52.659+0000] {logging_mixin.py:190} INFO - [2026-08-14T03:06:52.659+0000] {dag.py:3239} INFO - Sync 1 DAGs
[2026-08-14T03:06:52.672+0000] {logging_mixin.py:190} INFO - [2026-08-14T03:06:52.672+0000] {dag.py:4180} INFO - Setting next_dagrun for weather_ingestion to 2026-08-14 03:00:00+00:00, run_after=2026-08-14 04:00:00+00:00
[2026-08-14T03:06:52.680+0000] {processor.py:208} INFO - Processing /opt/airflow/dags/weather_dag.py took 0.057 seconds
[2026-08-14T03:07:22.994+0000] {processor.py:186} INFO - Started process (PID=14552) to work on /opt/airflow/dags/weather_dag.py
[2026-08-14T03:07:22.997+0000] {processor.py:914} INFO - Processing file /opt/airflow/dags/weather_dag.py for tasks to queue
[2026-08-14T03:07:23.001+0000] {logging_mixin.py:190} INFO - [2026-08-14T03:07:23.000+0000] {dagbag.py:588} INFO - Filling up the DagBag from /opt/airflow/dags/weather_dag.py
[2026-08-14T03:07:23.016+0000] {processor.py:925} INFO - DAG(s) 'weather_ingestion' retrieved from /opt/airflow/dags/weather_dag.py
[2026-08-14T03:07:23.035+0000] {logging_mixin.py:190} INFO - [2026-08-14T03:07:23.035+0000] {dag.py:3239} INFO - Sync 1 DAGs
[2026-08-14T03:07:23.047+0000] {logging_mixin.py:190} INFO - [2026-08-14T03:07:23.047+0000] {dag.py:4180} INFO - Setting next_dagrun for weather_ingestion to 2026-08-14 03:00:00+00:00, run_after=2026-08-14 04:00:00+00:00
[2026-08-14T03:07:23.056+0000] {processor.py:208} INFO - Processing /opt/airflow/dags/weather_dag.py took 0.073 seconds
[2026-08-14T03:07:53.344+0000] {processor.py:186} INFO - Started process (PID=14557) to work on /opt/airflow/dags/weather_dag.py
[2026-08-14T03:07:53.345+0000] {processor.py:914} INFO - Processing file /opt/airflow/dags/weather_dag.py for tasks to queue
[2026-08-14T03:07:53.348+0000] {logging_mixin.py:190} INFO - [2026-08-14T03:07:53.347+0000] {dagbag.py:588} INFO - Filling up the DagBag from /opt/airflow/dags/weather_dag.py
[2026-08-14T03:07:53.357+0000] {processor.py:925} INFO - DAG(s) 'weather_ingestion' retrieved from /opt/airflow/dags/weather_dag.py
[2026-08-14T03:07:53.381+0000] {logging_mixin.py:190} INFO - [2026-08-14T03:07:53.381+0000] {dag.py:3239} INFO - Sync 1 DAGs
[2026-08-14T03:07:53.397+0000] {logging_mixin.py:190} INFO - [2026-08-14T03:07:53.397+0000] {dag.py:4180} INFO - Setting next_dagrun for weather_ingestion to 2026-08-14 03:00:00+00:00, run_after=2026-08-14 04:00:00+00:00
[2026-08-14T03:07:53.406+0000] {processor.py:208} INFO - Processing /opt/airflow/dags/weather_dag.py took 0.069 seconds
[2026-08-14T03:08:23.725+0000] {processor.py:186} INFO - Started process (PID=14562) to work on /opt/airflow/dags/weather_dag.py
[2026-08-14T03:08:23.727+0000] {processor.py:914} INFO - Processing file /opt/airflow/dags/weather_dag.py for tasks to queue
[2026-08-14T03:08:23.730+0000] {logging_mixin.py:190} INFO - [2026-08-14T03:08:23.730+0000] {dagbag.py:588} INFO - Filling up the DagBag from /opt/airflow/dags/weather_dag.py
[2026-08-14T03:08:23.740+0000] {processor.py:925} INFO - DAG(s) 'weather_ingestion' retrieved from /opt/airflow/dags/weather_dag.py
[2026-08-14T03:08:23.759+0000] {logging_mixin.py:190} INFO - [2026-08-14T03:08:23.759+0000] {dag.py:3239} INFO - Sync 1 DAGs
[2026-08-14T03:08:23.771+0000] {logging_mixin.py:190} INFO - [2026-08-14T03:08:23.771+0000] {dag.py:4180} INFO - Setting next_dagrun for weather_ingestion to 2026-08-14 03:00:00+00:00, run_after=2026-08-14 04:00:00+00:00
[2026-08-14T03:08:23.778+0000] {processor.py:208} INFO - Processing /opt/airflow/dags/weather_dag.py took 0.060 seconds
[2026-08-14T03:08:54.081+0000] {processor.py:186} INFO - Started process (PID=14567) to work on /opt/airflow/dags/weather_dag.py
[2026-08-14T03:08:54.082+0000] {processor.py:914} INFO - Processing file /opt/airflow/dags/weather_dag.py for tasks to queue
[2026-08-14T03:08:54.085+0000] {logging_mixin.py:190} INFO - [2026-08-14T03:08:54.084+0000] {dagbag.py:588} INFO - Filling up the DagBag from /opt/airflow/dags/weather_dag.py
[2026-08-14T03:08:54.094+0000] {processor.py:925} INFO - DAG(s) 'weather_ingestion' retrieved from /opt/airflow/dags/weather_dag.py
[2026-08-14T03:08:54.119+0000] {logging_mixin.py:190} INFO - [2026-08-14T03:08:54.119+0000] {dag.py:3239} INFO - Sync 1 DAGs
[2026-08-14T03:08:54.131+0000] {logging_mixin.py:190} INFO - [2026-08-14T03:08:54.131+0000] {dag.py:4180} INFO - Setting next_dagrun for weather_ingestion to 2026-08-14 03:00:00+00:00, run_after=2026-08-14 04:00:00+00:00
[2026-08-14T03:08:54.138+0000] {processor.py:208} INFO - Processing /opt/airflow/dags/weather_dag.py took 0.063 seconds
[2026-08-14T03:09:24.431+0000] {processor.py:186} INFO - Started process (PID=14572) to work on /opt/airflow/dags/weather_dag.py
[2026-08-14T03:09:24.434+0000] {processor.py:914} INFO - Processing file /opt/airflow/dags/weather_dag.py for tasks to queue
[2026-08-14T03:09:24.436+0000] {logging_mixin.py:190} INFO - [2026-08-14T03:09:24.436+0000] {dagbag.py:588} INFO - Filling up the DagBag from /opt/airflow/dags/weather_dag.py
[2026-08-14T03:09:24.446+0000] {processor.py:925} INFO - DAG(s) 'weather_ingestion' retrieved from /opt/airflow/dags/weather_dag.py
[2026-08-14T03:09:24.465+0000] {logging_mixin.py:190} INFO - [2026-08-14T03:09:24.464+0000] {dag.py:3239} INFO - Sync 1 DAGs
[2026-08-14T03:09:24.480+0000] {logging_mixin.py:190} INFO - [2026-08-14T03:09:24.480+0000] {dag.py:4180} INFO - Setting next_dagrun for weather_ingestion to 2026-08-14 03:00:00+00:00, run_after=2026-08-14 04:00:00+00:00
[2026-08-14T03:09:24.489+0000] {processor.py:208} INFO - Processing /opt/airflow/dags/weather_dag.py took 0.064 seconds
[2026-08-14T03:09:54.796+0000] {processor.py:186} INFO - Started process (PID=14577) to work on /opt/airflow/dags/weather_dag.py
[2026-08-14T03:09:54.799+0000] {processor.py:914} INFO - Processing file /opt/airflow/dags/weather_dag.py for tasks to queue
[2026-08-14T03:09:54.801+0000] {logging_mixin.py:190} INFO - [2026-08-14T03:09:54.801+0000] {dagbag.py:588} INFO - Filling up the DagBag from /opt/airflow/dags/weather_dag.py
[2026-08-14T03:09:54.812+0000] {processor.py:925} INFO - DAG(s) 'weather_ingestion' retrieved from /opt/airflow/dags/weather_dag.py
[2026-08-14T03:09:54.832+0000] {logging_mixin.py:190} INFO - [2026-08-14T03:09:54.831+0000] {dag.py:3239} INFO - Sync 1 DAGs
[2026-08-14T03:09:54.843+0000] {logging_mixin.py:190} INFO - [2026-08-14T03:09:54.843+0000] {dag.py:4180} INFO - Setting next_dagrun for weather_ingestion to 2026-08-14 03:00:00+00:00, run_after=2026-08-14 04:00:00+00:00
[2026-08-14T03:09:54.850+0000] {processor.py:208} INFO - Processing /opt/airflow/dags/weather_dag.py took 0.062 seconds
[2026-08-14T03:10:25.191+0000] {processor.py:186} INFO - Started process (PID=14582) to work on /opt/airflow/dags/weather_dag.py
[2026-08-14T03:10:25.193+0000] {processor.py:914} INFO - Processing file /opt/airflow/dags/weather_dag.py for tasks to queue
[2026-08-14T03:10:25.195+0000] {logging_mixin.py:190} INFO - [2026-08-14T03:10:25.195+0000] {dagbag.py:588} INFO - Filling up the DagBag from /opt/airflow/dags/weather_dag.py
[2026-08-14T03:10:25.206+0000] {processor.py:925} INFO - DAG(s) 'weather_ingestion' retrieved from /opt/airflow/dags/weather_dag.py
[2026-08-14T03:10:25.223+0000] {logging_mixin.py:190} INFO - [2026-08-14T03:10:25.223+0000] {dag.py:3239} INFO - Sync 1 DAGs
[2026-08-14T03:10:25.235+0000] {logging_mixin.py:190} INFO - [2026-08-14T03:10:25.235+0000] {dag.py:4180} INFO - Setting next_dagrun for weather_ingestion to 2026-08-14 03:00:00+00:00, run_after=2026-08-14 04:00:00+00:00
[2026-08-14T03:10:25.244+0000] {processor.py:208} INFO - Processing /opt/airflow/dags/weather_dag.py took 0.058 seconds
[2026-08-14T03:10:55.632+0000] {processor.py:186} INFO - Started process (PID=14587) to work on /opt/airflow/dags/weather_dag.py
[2026-08-14T03:10:55.633+0000] {processor.py:914} INFO - Processing file /opt/airflow/dags/weather_dag.py for tasks to queue
[2026-08-14T03:10:55.635+0000] {logging_mixin.py:190} INFO - [2026-08-14T03:10:55.634+0000] {dagbag.py:588} INFO - Filling up the DagBag from /opt/airflow/dags/weather_dag.py
[2026-08-14T03:10:55.652+0000] {processor.py:925} INFO - DAG(s) 'weather_ingestion' retrieved from /opt/airflow/dags/weather_dag.py
[2026-08-14T03:10:55.674+0000] {logging_mixin.py:190} INFO - [2026-08-14T03:10:55.674+0000] {dag.py:3239} INFO - Sync 1 DAGs
[2026-08-14T03:10:55.692+0000] {logging_mixin.py:190} INFO - [2026-08-14T03:10:55.692+0000] {dag.py:4180} INFO - Setting next_dagrun for weather_ingestion to 2026-08-14 03:00:00+00:00, run_after=2026-08-14 04:00:00+00:00
[2026-08-14T03:10:55.712+0000] {processor.py:208} INFO - Processing /opt/airflow/dags/weather_dag.py took 0.101 seconds
[2026-08-14T03:11:26.015+0000] {processor.py:186} INFO - Started process (PID=14592) to work on /opt/airflow/dags/weather_dag.py
[2026-08-14T03:11:26.017+0000] {processor.py:914} INFO - Processing file /opt/airflow/dags/weather_dag.py for tasks to queue
[2026-08-14T03:11:26.020+0000] {logging_mixin.py:190} INFO - [2026-08-14T03:11:26.020+0000] {dagbag.py:588} INFO - Filling up the DagBag from /opt/airflow/dags/weather_dag.py
[2026-08-14T03:11:26.031+0000] {processor.py:925} INFO - DAG(s) 'weather_ingestion' retrieved from /opt/airflow/dags/weather_dag.py
[2026-08-14T03:11:26.051+0000] {logging_mixin.py:190} INFO - [2026-08-14T03:11:26.051+0000] {dag.py:3239} INFO - Sync 1 DAGs
[2026-08-14T03:11:26.067+0000] {logging_mixin.py:190} INFO - [2026-08-14T03:11:26.067+0000] {dag.py:4180} INFO - Setting next_dagrun for weather_ingestion to 2026-08-14 03:00:00+00:00, run_after=2026-08-14 04:00:00+00:00
[2026-08-14T03:11:26.077+0000] {processor.py:208} INFO - Processing /opt/airflow/dags/weather_dag.py took 0.068 seconds
[2026-08-14T03:11:56.360+0000] {processor.py:186} INFO - Started process (PID=14597) to work on /opt/airflow/dags/weather_dag.py
[2026-08-14T03:11:56.361+0000] {processor.py:914} INFO - Processing file /opt/airflow/dags/weather_dag.py for tasks to queue
[2026-08-14T03:11:56.365+0000] {logging_mixin.py:190} INFO - [2026-08-14T03:11:56.365+0000] {dagbag.py:588} INFO - Filling up the DagBag from /opt/airflow/dags/weather_dag.py
[2026-08-14T03:11:56.381+0000] {processor.py:925} INFO - DAG(s) 'weather_ingestion' retrieved from /opt/airflow/dags/weather_dag.py
[2026-08-14T03:11:56.404+0000] {logging_mixin.py:190} INFO - [2026-08-14T03:11:56.403+0000] {dag.py:3239} INFO - Sync 1 DAGs
[2026-08-14T03:11:56.416+0000] {logging_mixin.py:190} INFO - [2026-08-14T03:11:56.416+0000] {dag.py:4180} INFO - Setting next_dagrun for weather_ingestion to 2026-08-14 03:00:00+00:00, run_after=2026-08-14 04:00:00+00:00
[2026-08-14T03:11:56.423+0000] {processor.py:208} INFO - Processing /opt/airflow/dags/weather_dag.py took 0.073 seconds
[2026-08-14T03:12:26.777+0000] {processor.py:186} INFO - Started process (PID=14602) to work on /opt/airflow/dags/weather_dag.py
[2026-08-14T03:12:26.779+0000] {processor.py:914} INFO - Processing file /opt/airflow/dags/weather_dag.py for tasks to queue
[2026-08-14T03:12:26.783+0000] {logging_mixin.py:190} INFO - [2026-08-14T03:12:26.782+0000] {dagbag.py:588} INFO - Filling up the DagBag from /opt/airflow/dags/weather_dag.py
[2026-08-14T03:12:26.794+0000] {processor.py:925} INFO - DAG(s) 'weather_ingestion' retrieved from /opt/airflow/dags/weather_dag.py
[2026-08-14T03:12:26.817+0000] {logging_mixin.py:190} INFO - [2026-08-14T03:12:26.816+0000] {dag.py:3239} INFO - Sync 1 DAGs
[2026-08-14T03:12:26.832+0000] {logging_mixin.py:190} INFO - [2026-08-14T03:12:26.832+0000] {dag.py:4180} INFO - Setting next_dagrun for weather_ingestion to 2026-08-14 03:00:00+00:00, run_after=2026-08-14 04:00:00+00:00
[2026-08-14T03:12:26.840+0000] {processor.py:208} INFO - Processing /opt/airflow/dags/weather_dag.py took 0.069 seconds
[2026-08-14T03:12:57.137+0000] {processor.py:186} INFO - Started process (PID=14607) to work on /opt/airflow/dags/weather_dag.py
[2026-08-14T03:12:57.138+0000] {processor.py:914} INFO - Processing file /opt/airflow/dags/weather_dag.py for tasks to queue
[2026-08-14T03:12:57.141+0000] {logging_mixin.py:190} INFO - [2026-08-14T03:12:57.140+0000] {dagbag.py:588} INFO - Filling up the DagBag from /opt/airflow/dags/weather_dag.py
[2026-08-14T03:12:57.151+0000] {processor.py:925} INFO - DAG(s) 'weather_ingestion' retrieved from /opt/airflow/dags/weather_dag.py
[2026-08-14T03:12:57.170+0000] {logging_mixin.py:190} INFO - [2026-08-14T03:12:57.169+0000] {dag.py:3239} INFO - Sync 1 DAGs
[2026-08-14T03:12:57.181+0000] {logging_mixin.py:190} INFO - [2026-08-14T03:12:57.181+0000] {dag.py:4180} INFO - Setting next_dagrun for weather_ingestion to 2026-08-14 03:00:00+00:00, run_after=2026-08-14 04:00:00+00:00
[2026-08-14T03:12:57.191+0000] {processor.py:208} INFO - Processing /opt/airflow/dags/weather_dag.py took 0.060 seconds
[2026-08-14T03:13:27.487+0000] {processor.py:186} INFO - Started process (PID=14612) to work on /opt/airflow/dags/weather_dag.py
[2026-08-14T03:13:27.490+0000] {processor.py:914} INFO - Processing file /opt/airflow/dags/weather_dag.py for tasks to queue
[2026-08-14T03:13:27.491+0000] {logging_mixin.py:190} INFO - [2026-08-14T03:13:27.491+0000] {dagbag.py:588} INFO - Filling up the DagBag from /opt/airflow/dags/weather_dag.py
[2026-08-14T03:13:27.502+0000] {processor.py:925} INFO - DAG(s) 'weather_ingestion' retrieved from /opt/airflow/dags/weather_dag.py
[2026-08-14T03:13:27.521+0000] {logging_mixin.py:190} INFO - [2026-08-14T03:13:27.521+0000] {dag.py:3239} INFO - Sync 1 DAGs
[2026-08-14T03:13:27.532+0000] {logging_mixin.py:190} INFO - [2026-08-14T03:13:27.532+0000] {dag.py:4180} INFO - Setting next_dagrun for weather_ingestion to 2026-08-14 03:00:00+00:00, run_after=2026-08-14 04:00:00+00:00
[2026-08-14T03:13:27.538+0000] {processor.py:208} INFO - Processing /opt/airflow/dags/weather_dag.py took 0.058 seconds
[2026-08-14T03:13:57.806+0000] {processor.py:186} INFO - Started process (PID=14617) to work on /opt/airflow/dags/weather_dag.py
[2026-08-14T03:13:57.808+0000] {processor.py:914} INFO - Processing file /opt/airflow/dags/weather_dag.py for tasks to queue
[2026-08-14T03:13:57.811+0000] {logging_mixin.py:190} INFO - [2026-08-14T03:13:57.810+0000] {dagbag.py:588} INFO - Filling up the DagBag from /opt/airflow/dags/weather_dag.py
[2026-08-14T03:13:57.821+0000] {processor.py:925} INFO - DAG(s) 'weather_ingestion' retrieved from /opt/airflow/dags/weather_dag.py
[2026-08-14T03:13:57.839+0000] {logging_mixin.py:190} INFO - [2026-08-14T03:13:57.839+0000] {dag.py:3239} INFO - Sync 1 DAGs
[2026-08-14T03:13:57.851+0000] {logging_mixin.py:190} INFO - [2026-08-14T03:13:57.851+0000] {dag.py:4180} INFO - Setting next_dagrun for weather_ingestion to 2026-08-14 03:00:00+00:00, run_after=2026-08-14 04:00:00+00:00
[2026-08-14T03:13:57.859+0000] {processor.py:208} INFO - Processing /opt/airflow/dags/weather_dag.py took 0.061 seconds
[2026-08-14T03:14:28.203+0000] {processor.py:186} INFO - Started process (PID=14622) to work on /opt/airflow/dags/weather_dag.py
[2026-08-14T03:14:28.206+0000] {processor.py:914} INFO - Processing file /opt/airflow/dags/weather_dag.py for tasks to queue
[2026-08-14T03:14:28.210+0000] {logging_mixin.py:190} INFO - [2026-08-14T03:14:28.209+0000] {dagbag.py:588} INFO - Filling up the DagBag from /opt/airflow/dags/weather_dag.py
[2026-08-14T03:14:28.226+0000] {processor.py:925} INFO - DAG(s) 'weather_ingestion' retrieved from /opt/airflow/dags/weather_dag.py
[2026-08-14T03:14:28.250+0000] {logging_mixin.py:190} INFO - [2026-08-14T03:14:28.250+0000] {dag.py:3239} INFO - Sync 1 DAGs
[2026-08-14T03:14:28.265+0000] {logging_mixin.py:190} INFO - [2026-08-14T03:14:28.265+0000] {dag.py:4180} INFO - Setting next_dagrun for weather_ingestion to 2026-08-14 03:00:00+00:00, run_after=2026-08-14 04:00:00+00:00
[2026-08-14T03:14:28.273+0000] {processor.py:208} INFO - Processing /opt/airflow/dags/weather_dag.py took 0.080 seconds
[2026-08-14T03:14:58.534+0000] {processor.py:186} INFO - Started process (PID=14627) to work on /opt/airflow/dags/weather_dag.py
[2026-08-14T03:14:58.536+0000] {processor.py:914} INFO - Processing file /opt/airflow/dags/weather_dag.py for tasks to queue
[2026-08-14T03:14:58.538+0000] {logging_mixin.py:190} INFO - [2026-08-14T03:14:58.537+0000] {dagbag.py:588} INFO - Filling up the DagBag from /opt/airflow/dags/weather_dag.py
[2026-08-14T03:14:58.548+0000] {processor.py:925} INFO - DAG(s) 'weather_ingestion' retrieved from /opt/airflow/dags/weather_dag.py
[2026-08-14T03:14:58.567+0000] {logging_mixin.py:190} INFO - [2026-08-14T03:14:58.567+0000] {dag.py:3239} INFO - Sync 1 DAGs
[2026-08-14T03:14:58.579+0000] {logging_mixin.py:190} INFO - [2026-08-14T03:14:58.578+0000] {dag.py:4180} INFO - Setting next_dagrun for weather_ingestion to 2026-08-14 03:00:00+00:00, run_after=2026-08-14 04:00:00+00:00
[2026-08-14T03:14:58.585+0000] {processor.py:208} INFO - Processing /opt/airflow/dags/weather_dag.py took 0.057 seconds
[2026-08-14T03:15:28.928+0000] {processor.py:186} INFO - Started process (PID=14632) to work on /opt/airflow/dags/weather_dag.py
[2026-08-14T03:15:28.930+0000] {processor.py:914} INFO - Processing file /opt/airflow/dags/weather_dag.py for tasks to queue
[2026-08-14T03:15:28.933+0000] {logging_mixin.py:190} INFO - [2026-08-14T03:15:28.933+0000] {dagbag.py:588} INFO - Filling up the DagBag from /opt/airflow/dags/weather_dag.py
[2026-08-14T03:15:28.947+0000] {processor.py:925} INFO - DAG(s) 'weather_ingestion' retrieved from /opt/airflow/dags/weather_dag.py
[2026-08-14T03:15:28.967+0000] {logging_mixin.py:190} INFO - [2026-08-14T03:15:28.966+0000] {dag.py:3239} INFO - Sync 1 DAGs
[2026-08-14T03:15:28.979+0000] {logging_mixin.py:190} INFO - [2026-08-14T03:15:28.979+0000] {dag.py:4180} INFO - Setting next_dagrun for weather_ingestion to 2026-08-14 03:00:00+00:00, run_after=2026-08-14 04:00:00+00:00
[2026-08-14T03:15:28.987+0000] {processor.py:208} INFO - Processing /opt/airflow/dags/weather_dag.py took 0.070 seconds
[2026-08-14T03:15:59.315+0000] {processor.py:186} INFO - Started process (PID=14637) to work on /opt/airflow/dags/weather_dag.py
[2026-08-14T03:15:59.317+0000] {processor.py:914} INFO - Processing file /opt/airflow/dags/weather_dag.py for tasks to queue
[2026-08-14T03:15:59.320+0000] {logging_mixin.py:190} INFO - [2026-08-14T03:15:59.319+0000] {dagbag.py:588} INFO - Filling up the DagBag from /opt/airflow/dags/weather_dag.py
[2026-08-14T03:15:59.329+0000] {processor.py:925} INFO - DAG(s) 'weather_ingestion' retrieved from /opt/airflow/dags/weather_dag.py
[2026-08-14T03:15:59.348+0000] {logging_mixin.py:190} INFO - [2026-08-14T03:15:59.347+0000] {dag.py:3239} INFO - Sync 1 DAGs
[2026-08-14T03:15:59.360+0000] {logging_mixin.py:190} INFO - [2026-08-14T03:15:59.359+0000] {dag.py:4180} INFO - Setting next_dagrun for weather_ingestion to 2026-08-14 03:00:00+00:00, run_after=2026-08-14 04:00:00+00:00
[2026-08-14T03:15:59.368+0000] {processor.py:208} INFO - Processing /opt/airflow/dags/weather_dag.py took 0.058 seconds
[2026-08-14T03:16:29.688+0000] {processor.py:186} INFO - Started process (PID=14642) to work on /opt/airflow/dags/weather_dag.py
[2026-08-14T03:16:29.691+0000] {processor.py:914} INFO - Processing file /opt/airflow/dags/weather_dag.py for tasks to queue
[2026-08-14T03:16:29.693+0000] {logging_mixin.py:190} INFO - [2026-08-14T03:16:29.693+0000] {dagbag.py:588} INFO - Filling up the DagBag from /opt/airflow/dags/weather_dag.py
[2026-08-14T03:16:29.703+0000] {processor.py:925} INFO - DAG(s) 'weather_ingestion' retrieved from /opt/airflow/dags/weather_dag.py
[2026-08-14T03:16:29.723+0000] {logging_mixin.py:190} INFO - [2026-08-14T03:16:29.723+0000] {dag.py:3239} INFO - Sync 1 DAGs
[2026-08-14T03:16:29.734+0000] {logging_mixin.py:190} INFO - [2026-08-14T03:16:29.734+0000] {dag.py:4180} INFO - Setting next_dagrun for weather_ingestion to 2026-08-14 03:00:00+00:00, run_after=2026-08-14 04:00:00+00:00
[2026-08-14T03:16:29.741+0000] {processor.py:208} INFO - Processing /opt/airflow/dags/weather_dag.py took 0.058 seconds
[2026-08-14T03:17:00.045+0000] {processor.py:186} INFO - Started process (PID=14647) to work on /opt/airflow/dags/weather_dag.py
[2026-08-14T03:17:00.047+0000] {processor.py:914} INFO - Processing file /opt/airflow/dags/weather_dag.py for tasks to queue
[2026-08-14T03:17:00.049+0000] {logging_mixin.py:190} INFO - [2026-08-14T03:17:00.049+0000] {dagbag.py:588} INFO - Filling up the DagBag from /opt/airflow/dags/weather_dag.py
[2026-08-14T03:17:00.060+0000] {processor.py:925} INFO - DAG(s) 'weather_ingestion' retrieved from /opt/airflow/dags/weather_dag.py
[2026-08-14T03:17:00.079+0000] {logging_mixin.py:190} INFO - [2026-08-14T03:17:00.078+0000] {dag.py:3239} INFO - Sync 1 DAGs
[2026-08-14T03:17:00.090+0000] {logging_mixin.py:190} INFO - [2026-08-14T03:17:00.090+0000] {dag.py:4180} INFO - Setting next_dagrun for weather_ingestion to 2026-08-14 03:00:00+00:00, run_after=2026-08-14 04:00:00+00:00
[2026-08-14T03:17:00.096+0000] {processor.py:208} INFO - Processing /opt/airflow/dags/weather_dag.py took 0.057 seconds
[2026-08-14T03:17:30.396+0000] {processor.py:186} INFO - Started process (PID=14652) to work on /opt/airflow/dags/weather_dag.py
[2026-08-14T03:17:30.398+0000] {processor.py:914} INFO - Processing file /opt/airflow/dags/weather_dag.py for tasks to queue
[2026-08-14T03:17:30.400+0000] {logging_mixin.py:190} INFO - [2026-08-14T03:17:30.400+0000] {dagbag.py:588} INFO - Filling up the DagBag from /opt/airflow/dags/weather_dag.py
[2026-08-14T03:17:30.412+0000] {processor.py:925} INFO - DAG(s) 'weather_ingestion' retrieved from /opt/airflow/dags/weather_dag.py
[2026-08-14T03:17:30.432+0000] {logging_mixin.py:190} INFO - [2026-08-14T03:17:30.432+0000] {dag.py:3239} INFO - Sync 1 DAGs
[2026-08-14T03:17:30.444+0000] {logging_mixin.py:190} INFO - [2026-08-14T03:17:30.444+0000] {dag.py:4180} INFO - Setting next_dagrun for weather_ingestion to 2026-08-14 03:00:00+00:00, run_after=2026-08-14 04:00:00+00:00
[2026-08-14T03:17:30.451+0000] {processor.py:208} INFO - Processing /opt/airflow/dags/weather_dag.py took 0.063 seconds
[2026-08-14T03:18:00.756+0000] {processor.py:186} INFO - Started process (PID=14657) to work on /opt/airflow/dags/weather_dag.py
[2026-08-14T03:18:00.758+0000] {processor.py:914} INFO - Processing file /opt/airflow/dags/weather_dag.py for tasks to queue
[2026-08-14T03:18:00.760+0000] {logging_mixin.py:190} INFO - [2026-08-14T03:18:00.760+0000] {dagbag.py:588} INFO - Filling up the DagBag from /opt/airflow/dags/weather_dag.py
[2026-08-14T03:18:00.772+0000] {processor.py:925} INFO - DAG(s) 'weather_ingestion' retrieved from /opt/airflow/dags/weather_dag.py
[2026-08-14T03:18:00.792+0000] {logging_mixin.py:190} INFO - [2026-08-14T03:18:00.792+0000] {dag.py:3239} INFO - Sync 1 DAGs
[2026-08-14T03:18:00.805+0000] {logging_mixin.py:190} INFO - [2026-08-14T03:18:00.805+0000] {dag.py:4180} INFO - Setting next_dagrun for weather_ingestion to 2026-08-14 03:00:00+00:00, run_after=2026-08-14 04:00:00+00:00
[2026-08-14T03:18:00.812+0000] {processor.py:208} INFO - Processing /opt/airflow/dags/weather_dag.py took 0.061 seconds
[2026-08-14T03:18:31.024+0000] {processor.py:186} INFO - Started process (PID=14662) to work on /opt/airflow/dags/weather_dag.py
[2026-08-14T03:18:31.025+0000] {processor.py:914} INFO - Processing file /opt/airflow/dags/weather_dag.py for tasks to queue
[2026-08-14T03:18:31.026+0000] {logging_mixin.py:190} INFO - [2026-08-14T03:18:31.026+0000] {dagbag.py:588} INFO - Filling up the DagBag from /opt/airflow/dags/weather_dag.py
[2026-08-14T03:18:31.034+0000] {processor.py:925} INFO - DAG(s) 'weather_ingestion' retrieved from /opt/airflow/dags/weather_dag.py
[2026-08-14T03:18:31.051+0000] {logging_mixin.py:190} INFO - [2026-08-14T03:18:31.051+0000] {dag.py:3239} INFO - Sync 1 DAGs
[2026-08-14T03:18:31.064+0000] {logging_mixin.py:190} INFO - [2026-08-14T03:18:31.064+0000] {dag.py:4180} INFO - Setting next_dagrun for weather_ingestion to 2026-08-14 03:00:00+00:00, run_after=2026-08-14 04:00:00+00:00
[2026-08-14T03:18:31.072+0000] {processor.py:208} INFO - Processing /opt/airflow/dags/weather_dag.py took 0.052 seconds
[2026-08-14T03:19:01.338+0000] {processor.py:186} INFO - Started process (PID=14667) to work on /opt/airflow/dags/weather_dag.py
[2026-08-14T03:19:01.340+0000] {processor.py:914} INFO - Processing file /opt/airflow/dags/weather_dag.py for tasks to queue
[2026-08-14T03:19:01.342+0000] {logging_mixin.py:190} INFO - [2026-08-14T03:19:01.342+0000] {dagbag.py:588} INFO - Filling up the DagBag from /opt/airflow/dags/weather_dag.py
[2026-08-14T03:19:01.353+0000] {processor.py:925} INFO - DAG(s) 'weather_ingestion' retrieved from /opt/airflow/dags/weather_dag.py
[2026-08-14T03:19:01.372+0000] {logging_mixin.py:190} INFO - [2026-08-14T03:19:01.372+0000] {dag.py:3239} INFO - Sync 1 DAGs
[2026-08-14T03:19:01.384+0000] {logging_mixin.py:190} INFO - [2026-08-14T03:19:01.384+0000] {dag.py:4180} INFO - Setting next_dagrun for weather_ingestion to 2026-08-14 03:00:00+00:00, run_after=2026-08-14 04:00:00+00:00
[2026-08-14T03:19:01.391+0000] {processor.py:208} INFO - Processing /opt/airflow/dags/weather_dag.py took 0.061 seconds
[2026-08-14T03:19:31.683+0000] {processor.py:186} INFO - Started process (PID=14672) to work on /opt/airflow/dags/weather_dag.py
[2026-08-14T03:19:31.685+0000] {processor.py:914} INFO - Processing file /opt/airflow/dags/weather_dag.py for tasks to queue
[2026-08-14T03:19:31.688+0000] {logging_mixin.py:190} INFO - [2026-08-14T03:19:31.687+0000] {dagbag.py:588} INFO - Filling up the DagBag from /opt/airflow/dags/weather_dag.py
[2026-08-14T03:19:31.698+0000] {processor.py:925} INFO - DAG(s) 'weather_ingestion' retrieved from /opt/airflow/dags/weather_dag.py
[2026-08-14T03:19:31.717+0000] {logging_mixin.py:190} INFO - [2026-08-14T03:19:31.717+0000] {dag.py:3239} INFO - Sync 1 DAGs
[2026-08-14T03:19:31.732+0000] {logging_mixin.py:190} INFO - [2026-08-14T03:19:31.732+0000] {dag.py:4180} INFO - Setting next_dagrun for weather_ingestion to 2026-08-14 03:00:00+00:00, run_after=2026-08-14 04:00:00+00:00
[2026-08-14T03:19:31.740+0000] {processor.py:208} INFO - Processing /opt/airflow/dags/weather_dag.py took 0.063 seconds
[2026-08-14T03:20:02.085+0000] {processor.py:186} INFO - Started process (PID=14677) to work on /opt/airflow/dags/weather_dag.py
[2026-08-14T03:20:02.087+0000] {processor.py:914} INFO - Processing file /opt/airflow/dags/weather_dag.py for tasks to queue
[2026-08-14T03:20:02.089+0000] {logging_mixin.py:190} INFO - [2026-08-14T03:20:02.089+0000] {dagbag.py:588} INFO - Filling up the DagBag from /opt/airflow/dags/weather_dag.py
[2026-08-14T03:20:02.098+0000] {processor.py:925} INFO - DAG(s) 'weather_ingestion' retrieved from /opt/airflow/dags/weather_dag.py
[2026-08-14T03:20:02.117+0000] {logging_mixin.py:190} INFO - [2026-08-14T03:20:02.117+0000] {dag.py:3239} INFO - Sync 1 DAGs
[2026-08-14T03:20:02.130+0000] {logging_mixin.py:190} INFO - [2026-08-14T03:20:02.130+0000] {dag.py:4180} INFO - Setting next_dagrun for weather_ingestion to 2026-08-14 03:00:00+00:00, run_after=2026-08-14 04:00:00+00:00
[2026-08-14T03:20:02.138+0000] {processor.py:208} INFO - Processing /opt/airflow/dags/weather_dag.py took 0.059 seconds
[2026-08-14T03:20:32.475+0000] {processor.py:186} INFO - Started process (PID=14682) to work on /opt/airflow/dags/weather_dag.py
[2026-08-14T03:20:32.478+0000] {processor.py:914} INFO - Processing file /opt/airflow/dags/weather_dag.py for tasks to queue
[2026-08-14T03:20:32.484+0000] {logging_mixin.py:190} INFO - [2026-08-14T03:20:32.483+0000] {dagbag.py:588} INFO - Filling up the DagBag from /opt/airflow/dags/weather_dag.py
[2026-08-14T03:20:32.503+0000] {processor.py:925} INFO - DAG(s) 'weather_ingestion' retrieved from /opt/airflow/dags/weather_dag.py
[2026-08-14T03:20:32.532+0000] {logging_mixin.py:190} INFO - [2026-08-14T03:20:32.532+0000] {dag.py:3239} INFO - Sync 1 DAGs
[2026-08-14T03:20:32.550+0000] {logging_mixin.py:190} INFO - [2026-08-14T03:20:32.550+0000] {dag.py:4180} INFO - Setting next_dagrun for weather_ingestion to 2026-08-14 03:00:00+00:00, run_after=2026-08-14 04:00:00+00:00
[2026-08-14T03:20:32.559+0000] {processor.py:208} INFO - Processing /opt/airflow/dags/weather_dag.py took 0.092 seconds
[2026-08-14T03:21:02.868+0000] {processor.py:186} INFO - Started process (PID=14687) to work on /opt/airflow/dags/weather_dag.py
[2026-08-14T03:21:02.870+0000] {processor.py:914} INFO - Processing file /opt/airflow/dags/weather_dag.py for tasks to queue
[2026-08-14T03:21:02.873+0000] {logging_mixin.py:190} INFO - [2026-08-14T03:21:02.872+0000] {dagbag.py:588} INFO - Filling up the DagBag from /opt/airflow/dags/weather_dag.py
[2026-08-14T03:21:02.884+0000] {processor.py:925} INFO - DAG(s) 'weather_ingestion' retrieved from /opt/airflow/dags/weather_dag.py
[2026-08-14T03:21:02.905+0000] {logging_mixin.py:190} INFO - [2026-08-14T03:21:02.905+0000] {dag.py:3239} INFO - Sync 1 DAGs
[2026-08-14T03:21:02.922+0000] {logging_mixin.py:190} INFO - [2026-08-14T03:21:02.922+0000] {dag.py:4180} INFO - Setting next_dagrun for weather_ingestion to 2026-08-14 03:00:00+00:00, run_after=2026-08-14 04:00:00+00:00
[2026-08-14T03:21:02.931+0000] {processor.py:208} INFO - Processing /opt/airflow/dags/weather_dag.py took 0.070 seconds
[2026-08-14T03:21:33.267+0000] {processor.py:186} INFO - Started process (PID=14692) to work on /opt/airflow/dags/weather_dag.py
[2026-08-14T03:21:33.270+0000] {processor.py:914} INFO - Processing file /opt/airflow/dags/weather_dag.py for tasks to queue
[2026-08-14T03:21:33.272+0000] {logging_mixin.py:190} INFO - [2026-08-14T03:21:33.272+0000] {dagbag.py:588} INFO - Filling up the DagBag from /opt/airflow/dags/weather_dag.py
[2026-08-14T03:21:33.282+0000] {processor.py:925} INFO - DAG(s) 'weather_ingestion' retrieved from /opt/airflow/dags/weather_dag.py
[2026-08-14T03:21:33.301+0000] {logging_mixin.py:190} INFO - [2026-08-14T03:21:33.300+0000] {dag.py:3239} INFO - Sync 1 DAGs
[2026-08-14T03:21:33.311+0000] {logging_mixin.py:190} INFO - [2026-08-14T03:21:33.311+0000] {dag.py:4180} INFO - Setting next_dagrun for weather_ingestion to 2026-08-14 03:00:00+00:00, run_after=2026-08-14 04:00:00+00:00
[2026-08-14T03:21:33.319+0000] {processor.py:208} INFO - Processing /opt/airflow/dags/weather_dag.py took 0.060 seconds
[2026-08-14T03:22:03.661+0000] {processor.py:186} INFO - Started process (PID=14697) to work on /opt/airflow/dags/weather_dag.py
[2026-08-14T03:22:03.662+0000] {processor.py:914} INFO - Processing file /opt/airflow/dags/weather_dag.py for tasks to queue
[2026-08-14T03:22:03.663+0000] {logging_mixin.py:190} INFO - [2026-08-14T03:22:03.663+0000] {dagbag.py:588} INFO - Filling up the DagBag from /opt/airflow/dags/weather_dag.py
[2026-08-14T03:22:03.671+0000] {processor.py:925} INFO - DAG(s) 'weather_ingestion' retrieved from /opt/airflow/dags/weather_dag.py
[2026-08-14T03:22:03.692+0000] {logging_mixin.py:190} INFO - [2026-08-14T03:22:03.692+0000] {dag.py:3239} INFO - Sync 1 DAGs
[2026-08-14T03:22:03.707+0000] {logging_mixin.py:190} INFO - [2026-08-14T03:22:03.707+0000] {dag.py:4180} INFO - Setting next_dagrun for weather_ingestion to 2026-08-14 03:00:00+00:00, run_after=2026-08-14 04:00:00+00:00
[2026-08-14T03:22:03.716+0000] {processor.py:208} INFO - Processing /opt/airflow/dags/weather_dag.py took 0.061 seconds
[2026-08-14T03:22:34.045+0000] {processor.py:186} INFO - Started process (PID=14702) to work on /opt/airflow/dags/weather_dag.py
[2026-08-14T03:22:34.048+0000] {processor.py:914} INFO - Processing file /opt/airflow/dags/weather_dag.py for tasks to queue
[2026-08-14T03:22:34.050+0000] {logging_mixin.py:190} INFO - [2026-08-14T03:22:34.050+0000] {dagbag.py:588} INFO - Filling up the DagBag from /opt/airflow/dags/weather_dag.py
[2026-08-14T03:22:34.061+0000] {processor.py:925} INFO - DAG(s) 'weather_ingestion' retrieved from /opt/airflow/dags/weather_dag.py
[2026-08-14T03:22:34.080+0000] {logging_mixin.py:190} INFO - [2026-08-14T03:22:34.079+0000] {dag.py:3239} INFO - Sync 1 DAGs
[2026-08-14T03:22:34.092+0000] {logging_mixin.py:190} INFO - [2026-08-14T03:22:34.091+0000] {dag.py:4180} INFO - Setting next_dagrun for weather_ingestion to 2026-08-14 03:00:00+00:00, run_after=2026-08-14 04:00:00+00:00
[2026-08-14T03:22:34.099+0000] {processor.py:208} INFO - Processing /opt/airflow/dags/weather_dag.py took 0.061 seconds
[2026-08-14T03:23:04.441+0000] {processor.py:186} INFO - Started process (PID=14707) to work on /opt/airflow/dags/weather_dag.py
[2026-08-14T03:23:04.443+0000] {processor.py:914} INFO - Processing file /opt/airflow/dags/weather_dag.py for tasks to queue
[2026-08-14T03:23:04.445+0000] {logging_mixin.py:190} INFO - [2026-08-14T03:23:04.445+0000] {dagbag.py:588} INFO - Filling up the DagBag from /opt/airflow/dags/weather_dag.py
[2026-08-14T03:23:04.457+0000] {processor.py:925} INFO - DAG(s) 'weather_ingestion' retrieved from /opt/airflow/dags/weather_dag.py
[2026-08-14T03:23:04.476+0000] {logging_mixin.py:190} INFO - [2026-08-14T03:23:04.476+0000] {dag.py:3239} INFO - Sync 1 DAGs
[2026-08-14T03:23:04.488+0000] {logging_mixin.py:190} INFO - [2026-08-14T03:23:04.488+0000] {dag.py:4180} INFO - Setting next_dagrun for weather_ingestion to 2026-08-14 03:00:00+00:00, run_after=2026-08-14 04:00:00+00:00
[2026-08-14T03:23:04.495+0000] {processor.py:208} INFO - Processing /opt/airflow/dags/weather_dag.py took 0.062 seconds
[2026-08-14T03:23:34.767+0000] {processor.py:186} INFO - Started process (PID=14712) to work on /opt/airflow/dags/weather_dag.py
[2026-08-14T03:23:34.768+0000] {processor.py:914} INFO - Processing file /opt/airflow/dags/weather_dag.py for tasks to queue
[2026-08-14T03:23:34.770+0000] {logging_mixin.py:190} INFO - [2026-08-14T03:23:34.769+0000] {dagbag.py:588} INFO - Filling up the DagBag from /opt/airflow/dags/weather_dag.py
[2026-08-14T03:23:34.778+0000] {processor.py:925} INFO - DAG(s) 'weather_ingestion' retrieved from /opt/airflow/dags/weather_dag.py
[2026-08-14T03:23:34.796+0000] {logging_mixin.py:190} INFO - [2026-08-14T03:23:34.796+0000] {dag.py:3239} INFO - Sync 1 DAGs
[2026-08-14T03:23:34.809+0000] {logging_mixin.py:190} INFO - [2026-08-14T03:23:34.809+0000] {dag.py:4180} INFO - Setting next_dagrun for weather_ingestion to 2026-08-14 03:00:00+00:00, run_after=2026-08-14 04:00:00+00:00
[2026-08-14T03:23:34.816+0000] {processor.py:208} INFO - Processing /opt/airflow/dags/weather_dag.py took 0.055 seconds
[2026-08-14T03:24:05.083+0000] {processor.py:186} INFO - Started process (PID=14717) to work on /opt/airflow/dags/weather_dag.py
[2026-08-14T03:24:05.084+0000] {processor.py:914} INFO - Processing file /opt/airflow/dags/weather_dag.py for tasks to queue
[2026-08-14T03:24:05.087+0000] {logging_mixin.py:190} INFO - [2026-08-14T03:24:05.087+0000] {dagbag.py:588} INFO - Filling up the DagBag from /opt/airflow/dags/weather_dag.py
[2026-08-14T03:24:05.096+0000] {processor.py:925} INFO - DAG(s) 'weather_ingestion' retrieved from /opt/airflow/dags/weather_dag.py
[2026-08-14T03:24:05.114+0000] {logging_mixin.py:190} INFO - [2026-08-14T03:24:05.114+0000] {dag.py:3239} INFO - Sync 1 DAGs
[2026-08-14T03:24:05.125+0000] {logging_mixin.py:190} INFO - [2026-08-14T03:24:05.125+0000] {dag.py:4180} INFO - Setting next_dagrun for weather_ingestion to 2026-08-14 03:00:00+00:00, run_after=2026-08-14 04:00:00+00:00
[2026-08-14T03:24:05.132+0000] {processor.py:208} INFO - Processing /opt/airflow/dags/weather_dag.py took 0.054 seconds
[2026-08-14T03:24:35.449+0000] {processor.py:186} INFO - Started process (PID=14722) to work on /opt/airflow/dags/weather_dag.py
[2026-08-14T03:24:35.451+0000] {processor.py:914} INFO - Processing file /opt/airflow/dags/weather_dag.py for tasks to queue
[2026-08-14T03:24:35.454+0000] {logging_mixin.py:190} INFO - [2026-08-14T03:24:35.454+0000] {dagbag.py:588} INFO - Filling up the DagBag from /opt/airflow/dags/weather_dag.py
[2026-08-14T03:24:35.465+0000] {processor.py:925} INFO - DAG(s) 'weather_ingestion' retrieved from /opt/airflow/dags/weather_dag.py
[2026-08-14T03:24:35.484+0000] {logging_mixin.py:190} INFO - [2026-08-14T03:24:35.484+0000] {dag.py:3239} INFO - Sync 1 DAGs
[2026-08-14T03:24:35.495+0000] {logging_mixin.py:190} INFO - [2026-08-14T03:24:35.495+0000] {dag.py:4180} INFO - Setting next_dagrun for weather_ingestion to 2026-08-14 03:00:00+00:00, run_after=2026-08-14 04:00:00+00:00
[2026-08-14T03:24:35.503+0000] {processor.py:208} INFO - Processing /opt/airflow/dags/weather_dag.py took 0.060 seconds
[2026-08-14T03:25:06.392+0000] {processor.py:186} INFO - Started process (PID=14727) to work on /opt/airflow/dags/weather_dag.py
[2026-08-14T03:25:06.394+0000] {processor.py:914} INFO - Processing file /opt/airflow/dags/weather_dag.py for tasks to queue
[2026-08-14T03:25:06.400+0000] {logging_mixin.py:190} INFO - [2026-08-14T03:25:06.399+0000] {dagbag.py:588} INFO - Filling up the DagBag from /opt/airflow/dags/weather_dag.py
[2026-08-14T03:25:06.432+0000] {processor.py:925} INFO - DAG(s) 'weather_ingestion' retrieved from /opt/airflow/dags/weather_dag.py
[2026-08-14T03:25:06.465+0000] {logging_mixin.py:190} INFO - [2026-08-14T03:25:06.465+0000] {dag.py:3239} INFO - Sync 1 DAGs
[2026-08-14T03:25:06.480+0000] {logging_mixin.py:190} INFO - [2026-08-14T03:25:06.479+0000] {dag.py:4180} INFO - Setting next_dagrun for weather_ingestion to 2026-08-14 03:00:00+00:00, run_after=2026-08-14 04:00:00+00:00
[2026-08-14T03:25:06.490+0000] {processor.py:208} INFO - Processing /opt/airflow/dags/weather_dag.py took 0.110 seconds
[2026-08-14T03:25:36.752+0000] {processor.py:186} INFO - Started process (PID=14732) to work on /opt/airflow/dags/weather_dag.py
[2026-08-14T03:25:36.753+0000] {processor.py:914} INFO - Processing file /opt/airflow/dags/weather_dag.py for tasks to queue
[2026-08-14T03:25:36.757+0000] {logging_mixin.py:190} INFO - [2026-08-14T03:25:36.756+0000] {dagbag.py:588} INFO - Filling up the DagBag from /opt/airflow/dags/weather_dag.py
[2026-08-14T03:25:36.770+0000] {processor.py:925} INFO - DAG(s) 'weather_ingestion' retrieved from /opt/airflow/dags/weather_dag.py
[2026-08-14T03:25:36.796+0000] {logging_mixin.py:190} INFO - [2026-08-14T03:25:36.796+0000] {dag.py:3239} INFO - Sync 1 DAGs
[2026-08-14T03:25:36.812+0000] {logging_mixin.py:190} INFO - [2026-08-14T03:25:36.812+0000] {dag.py:4180} INFO - Setting next_dagrun for weather_ingestion to 2026-08-14 03:00:00+00:00, run_after=2026-08-14 04:00:00+00:00
[2026-08-14T03:25:36.821+0000] {processor.py:208} INFO - Processing /opt/airflow/dags/weather_dag.py took 0.078 seconds
[2026-08-14T03:26:07.151+0000] {processor.py:186} INFO - Started process (PID=14737) to work on /opt/airflow/dags/weather_dag.py
[2026-08-14T03:26:07.152+0000] {processor.py:914} INFO - Processing file /opt/airflow/dags/weather_dag.py for tasks to queue
[2026-08-14T03:26:07.155+0000] {logging_mixin.py:190} INFO - [2026-08-14T03:26:07.154+0000] {dagbag.py:588} INFO - Filling up the DagBag from /opt/airflow/dags/weather_dag.py
[2026-08-14T03:26:07.169+0000] {processor.py:925} INFO - DAG(s) 'weather_ingestion' retrieved from /opt/airflow/dags/weather_dag.py
[2026-08-14T03:26:07.192+0000] {logging_mixin.py:190} INFO - [2026-08-14T03:26:07.192+0000] {dag.py:3239} INFO - Sync 1 DAGs
[2026-08-14T03:26:07.204+0000] {logging_mixin.py:190} INFO - [2026-08-14T03:26:07.204+0000] {dag.py:4180} INFO - Setting next_dagrun for weather_ingestion to 2026-08-14 03:00:00+00:00, run_after=2026-08-14 04:00:00+00:00
[2026-08-14T03:26:07.211+0000] {processor.py:208} INFO - Processing /opt/airflow/dags/weather_dag.py took 0.069 seconds
[2026-08-14T03:26:37.498+0000] {processor.py:186} INFO - Started process (PID=14742) to work on /opt/airflow/dags/weather_dag.py
[2026-08-14T03:26:37.499+0000] {processor.py:914} INFO - Processing file /opt/airflow/dags/weather_dag.py for tasks to queue
[2026-08-14T03:26:37.502+0000] {logging_mixin.py:190} INFO - [2026-08-14T03:26:37.501+0000] {dagbag.py:588} INFO - Filling up the DagBag from /opt/airflow/dags/weather_dag.py
[2026-08-14T03:26:37.517+0000] {processor.py:925} INFO - DAG(s) 'weather_ingestion' retrieved from /opt/airflow/dags/weather_dag.py
[2026-08-14T03:26:37.536+0000] {logging_mixin.py:190} INFO - [2026-08-14T03:26:37.536+0000] {dag.py:3239} INFO - Sync 1 DAGs
[2026-08-14T03:26:37.550+0000] {logging_mixin.py:190} INFO - [2026-08-14T03:26:37.550+0000] {dag.py:4180} INFO - Setting next_dagrun for weather_ingestion to 2026-08-14 03:00:00+00:00, run_after=2026-08-14 04:00:00+00:00
[2026-08-14T03:26:37.557+0000] {processor.py:208} INFO - Processing /opt/airflow/dags/weather_dag.py took 0.066 seconds
[2026-08-14T03:27:07.845+0000] {processor.py:186} INFO - Started process (PID=14747) to work on /opt/airflow/dags/weather_dag.py
[2026-08-14T03:27:07.846+0000] {processor.py:914} INFO - Processing file /opt/airflow/dags/weather_dag.py for tasks to queue
[2026-08-14T03:27:07.848+0000] {logging_mixin.py:190} INFO - [2026-08-14T03:27:07.847+0000] {dagbag.py:588} INFO - Filling up the DagBag from /opt/airflow/dags/weather_dag.py
[2026-08-14T03:27:07.858+0000] {processor.py:925} INFO - DAG(s) 'weather_ingestion' retrieved from /opt/airflow/dags/weather_dag.py
[2026-08-14T03:27:07.876+0000] {logging_mixin.py:190} INFO - [2026-08-14T03:27:07.876+0000] {dag.py:3239} INFO - Sync 1 DAGs
[2026-08-14T03:27:07.887+0000] {logging_mixin.py:190} INFO - [2026-08-14T03:27:07.887+0000] {dag.py:4180} INFO - Setting next_dagrun for weather_ingestion to 2026-08-14 03:00:00+00:00, run_after=2026-08-14 04:00:00+00:00
[2026-08-14T03:27:07.894+0000] {processor.py:208} INFO - Processing /opt/airflow/dags/weather_dag.py took 0.056 seconds
[2026-08-14T03:27:38.181+0000] {processor.py:186} INFO - Started process (PID=14752) to work on /opt/airflow/dags/weather_dag.py
[2026-08-14T03:27:38.182+0000] {processor.py:914} INFO - Processing file /opt/airflow/dags/weather_dag.py for tasks to queue
[2026-08-14T03:27:38.184+0000] {logging_mixin.py:190} INFO - [2026-08-14T03:27:38.184+0000] {dagbag.py:588} INFO - Filling up the DagBag from /opt/airflow/dags/weather_dag.py
[2026-08-14T03:27:38.195+0000] {processor.py:925} INFO - DAG(s) 'weather_ingestion' retrieved from /opt/airflow/dags/weather_dag.py
[2026-08-14T03:27:38.214+0000] {logging_mixin.py:190} INFO - [2026-08-14T03:27:38.213+0000] {dag.py:3239} INFO - Sync 1 DAGs
[2026-08-14T03:27:38.226+0000] {logging_mixin.py:190} INFO - [2026-08-14T03:27:38.226+0000] {dag.py:4180} INFO - Setting next_dagrun for weather_ingestion to 2026-08-14 03:00:00+00:00, run_after=2026-08-14 04:00:00+00:00
[2026-08-14T03:27:38.234+0000] {processor.py:208} INFO - Processing /opt/airflow/dags/weather_dag.py took 0.059 seconds
[2026-08-14T03:28:08.562+0000] {processor.py:186} INFO - Started process (PID=14757) to work on /opt/airflow/dags/weather_dag.py
[2026-08-14T03:28:08.564+0000] {processor.py:914} INFO - Processing file /opt/airflow/dags/weather_dag.py for tasks to queue
[2026-08-14T03:28:08.566+0000] {logging_mixin.py:190} INFO - [2026-08-14T03:28:08.565+0000] {dagbag.py:588} INFO - Filling up the DagBag from /opt/airflow/dags/weather_dag.py
[2026-08-14T03:28:08.576+0000] {processor.py:925} INFO - DAG(s) 'weather_ingestion' retrieved from /opt/airflow/dags/weather_dag.py
[2026-08-14T03:28:08.594+0000] {logging_mixin.py:190} INFO - [2026-08-14T03:28:08.594+0000] {dag.py:3239} INFO - Sync 1 DAGs
[2026-08-14T03:28:08.605+0000] {logging_mixin.py:190} INFO - [2026-08-14T03:28:08.605+0000] {dag.py:4180} INFO - Setting next_dagrun for weather_ingestion to 2026-08-14 03:00:00+00:00, run_after=2026-08-14 04:00:00+00:00
[2026-08-14T03:28:08.612+0000] {processor.py:208} INFO - Processing /opt/airflow/dags/weather_dag.py took 0.056 seconds
[2026-08-14T03:28:38.865+0000] {processor.py:186} INFO - Started process (PID=14762) to work on /opt/airflow/dags/weather_dag.py
[2026-08-14T03:28:38.866+0000] {processor.py:914} INFO - Processing file /opt/airflow/dags/weather_dag.py for tasks to queue
[2026-08-14T03:28:38.868+0000] {logging_mixin.py:190} INFO - [2026-08-14T03:28:38.868+0000] {dagbag.py:588} INFO - Filling up the DagBag from /opt/airflow/dags/weather_dag.py
[2026-08-14T03:28:38.879+0000] {processor.py:925} INFO - DAG(s) 'weather_ingestion' retrieved from /opt/airflow/dags/weather_dag.py
[2026-08-14T03:28:38.898+0000] {logging_mixin.py:190} INFO - [2026-08-14T03:28:38.898+0000] {dag.py:3239} INFO - Sync 1 DAGs
[2026-08-14T03:28:38.909+0000] {logging_mixin.py:190} INFO - [2026-08-14T03:28:38.909+0000] {dag.py:4180} INFO - Setting next_dagrun for weather_ingestion to 2026-08-14 03:00:00+00:00, run_after=2026-08-14 04:00:00+00:00
[2026-08-14T03:28:38.916+0000] {processor.py:208} INFO - Processing /opt/airflow/dags/weather_dag.py took 0.058 seconds
[2026-08-14T03:29:09.135+0000] {processor.py:186} INFO - Started process (PID=14767) to work on /opt/airflow/dags/weather_dag.py
[2026-08-14T03:29:09.136+0000] {processor.py:914} INFO - Processing file /opt/airflow/dags/weather_dag.py for tasks to queue
[2026-08-14T03:29:09.138+0000] {logging_mixin.py:190} INFO - [2026-08-14T03:29:09.138+0000] {dagbag.py:588} INFO - Filling up the DagBag from /opt/airflow/dags/weather_dag.py
[2026-08-14T03:29:09.149+0000] {processor.py:925} INFO - DAG(s) 'weather_ingestion' retrieved from /opt/airflow/dags/weather_dag.py
[2026-08-14T03:29:09.168+0000] {logging_mixin.py:190} INFO - [2026-08-14T03:29:09.167+0000] {dag.py:3239} INFO - Sync 1 DAGs
[2026-08-14T03:29:09.179+0000] {logging_mixin.py:190} INFO - [2026-08-14T03:29:09.179+0000] {dag.py:4180} INFO - Setting next_dagrun for weather_ingestion to 2026-08-14 03:00:00+00:00, run_after=2026-08-14 04:00:00+00:00
[2026-08-14T03:29:09.187+0000] {processor.py:208} INFO - Processing /opt/airflow/dags/weather_dag.py took 0.059 seconds
[2026-08-14T03:29:39.420+0000] {processor.py:186} INFO - Started process (PID=14772) to work on /opt/airflow/dags/weather_dag.py
[2026-08-14T03:29:39.422+0000] {processor.py:914} INFO - Processing file /opt/airflow/dags/weather_dag.py for tasks to queue
[2026-08-14T03:29:39.424+0000] {logging_mixin.py:190} INFO - [2026-08-14T03:29:39.424+0000] {dagbag.py:588} INFO - Filling up the DagBag from /opt/airflow/dags/weather_dag.py
[2026-08-14T03:29:39.434+0000] {processor.py:925} INFO - DAG(s) 'weather_ingestion' retrieved from /opt/airflow/dags/weather_dag.py
[2026-08-14T03:29:39.453+0000] {logging_mixin.py:190} INFO - [2026-08-14T03:29:39.452+0000] {dag.py:3239} INFO - Sync 1 DAGs
[2026-08-14T03:29:39.464+0000] {logging_mixin.py:190} INFO - [2026-08-14T03:29:39.464+0000] {dag.py:4180} INFO - Setting next_dagrun for weather_ingestion to 2026-08-14 03:00:00+00:00, run_after=2026-08-14 04:00:00+00:00
[2026-08-14T03:29:39.471+0000] {processor.py:208} INFO - Processing /opt/airflow/dags/weather_dag.py took 0.056 seconds
[2026-08-14T03:30:09.894+0000] {processor.py:186} INFO - Started process (PID=14777) to work on /opt/airflow/dags/weather_dag.py
[2026-08-14T03:30:09.895+0000] {processor.py:914} INFO - Processing file /opt/airflow/dags/weather_dag.py for tasks to queue
[2026-08-14T03:30:09.899+0000] {logging_mixin.py:190} INFO - [2026-08-14T03:30:09.899+0000] {dagbag.py:588} INFO - Filling up the DagBag from /opt/airflow/dags/weather_dag.py
[2026-08-14T03:30:09.912+0000] {processor.py:925} INFO - DAG(s) 'weather_ingestion' retrieved from /opt/airflow/dags/weather_dag.py
[2026-08-14T03:30:09.932+0000] {logging_mixin.py:190} INFO - [2026-08-14T03:30:09.931+0000] {dag.py:3239} INFO - Sync 1 DAGs
[2026-08-14T03:30:09.944+0000] {logging_mixin.py:190} INFO - [2026-08-14T03:30:09.944+0000] {dag.py:4180} INFO - Setting next_dagrun for weather_ingestion to 2026-08-14 03:00:00+00:00, run_after=2026-08-14 04:00:00+00:00
[2026-08-14T03:30:09.952+0000] {processor.py:208} INFO - Processing /opt/airflow/dags/weather_dag.py took 0.066 seconds
[2026-08-14T03:30:40.284+0000] {processor.py:186} INFO - Started process (PID=14782) to work on /opt/airflow/dags/weather_dag.py
[2026-08-14T03:30:40.285+0000] {processor.py:914} INFO - Processing file /opt/airflow/dags/weather_dag.py for tasks to queue
[2026-08-14T03:30:40.288+0000] {logging_mixin.py:190} INFO - [2026-08-14T03:30:40.288+0000] {dagbag.py:588} INFO - Filling up the DagBag from /opt/airflow/dags/weather_dag.py
[2026-08-14T03:30:40.304+0000] {processor.py:925} INFO - DAG(s) 'weather_ingestion' retrieved from /opt/airflow/dags/weather_dag.py
[2026-08-14T03:30:40.327+0000] {logging_mixin.py:190} INFO - [2026-08-14T03:30:40.327+0000] {dag.py:3239} INFO - Sync 1 DAGs
[2026-08-14T03:30:40.343+0000] {logging_mixin.py:190} INFO - [2026-08-14T03:30:40.343+0000] {dag.py:4180} INFO - Setting next_dagrun for weather_ingestion to 2026-08-14 03:00:00+00:00, run_after=2026-08-14 04:00:00+00:00
[2026-08-14T03:30:40.351+0000] {processor.py:208} INFO - Processing /opt/airflow/dags/weather_dag.py took 0.077 seconds
[2026-08-14T03:31:10.647+0000] {processor.py:186} INFO - Started process (PID=14787) to work on /opt/airflow/dags/weather_dag.py
[2026-08-14T03:31:10.649+0000] {processor.py:914} INFO - Processing file /opt/airflow/dags/weather_dag.py for tasks to queue
[2026-08-14T03:31:10.651+0000] {logging_mixin.py:190} INFO - [2026-08-14T03:31:10.651+0000] {dagbag.py:588} INFO - Filling up the DagBag from /opt/airflow/dags/weather_dag.py
[2026-08-14T03:31:10.665+0000] {processor.py:925} INFO - DAG(s) 'weather_ingestion' retrieved from /opt/airflow/dags/weather_dag.py
[2026-08-14T03:31:10.686+0000] {logging_mixin.py:190} INFO - [2026-08-14T03:31:10.686+0000] {dag.py:3239} INFO - Sync 1 DAGs
[2026-08-14T03:31:10.699+0000] {logging_mixin.py:190} INFO - [2026-08-14T03:31:10.699+0000] {dag.py:4180} INFO - Setting next_dagrun for weather_ingestion to 2026-08-14 03:00:00+00:00, run_after=2026-08-14 04:00:00+00:00
[2026-08-14T03:31:10.707+0000] {processor.py:208} INFO - Processing /opt/airflow/dags/weather_dag.py took 0.067 seconds
[2026-08-14T03:31:41.030+0000] {processor.py:186} INFO - Started process (PID=14792) to work on /opt/airflow/dags/weather_dag.py
[2026-08-14T03:31:41.031+0000] {processor.py:914} INFO - Processing file /opt/airflow/dags/weather_dag.py for tasks to queue
[2026-08-14T03:31:41.033+0000] {logging_mixin.py:190} INFO - [2026-08-14T03:31:41.033+0000] {dagbag.py:588} INFO - Filling up the DagBag from /opt/airflow/dags/weather_dag.py
[2026-08-14T03:31:41.044+0000] {processor.py:925} INFO - DAG(s) 'weather_ingestion' retrieved from /opt/airflow/dags/weather_dag.py
[2026-08-14T03:31:41.065+0000] {logging_mixin.py:190} INFO - [2026-08-14T03:31:41.064+0000] {dag.py:3239} INFO - Sync 1 DAGs
[2026-08-14T03:31:41.079+0000] {logging_mixin.py:190} INFO - [2026-08-14T03:31:41.079+0000] {dag.py:4180} INFO - Setting next_dagrun for weather_ingestion to 2026-08-14 03:00:00+00:00, run_after=2026-08-14 04:00:00+00:00
[2026-08-14T03:31:41.087+0000] {processor.py:208} INFO - Processing /opt/airflow/dags/weather_dag.py took 0.068 seconds
[2026-08-14T03:32:11.401+0000] {processor.py:186} INFO - Started process (PID=14797) to work on /opt/airflow/dags/weather_dag.py
[2026-08-14T03:32:11.402+0000] {processor.py:914} INFO - Processing file /opt/airflow/dags/weather_dag.py for tasks to queue
[2026-08-14T03:32:11.405+0000] {logging_mixin.py:190} INFO - [2026-08-14T03:32:11.405+0000] {dagbag.py:588} INFO - Filling up the DagBag from /opt/airflow/dags/weather_dag.py
[2026-08-14T03:32:11.420+0000] {processor.py:925} INFO - DAG(s) 'weather_ingestion' retrieved from /opt/airflow/dags/weather_dag.py
[2026-08-14T03:32:11.442+0000] {logging_mixin.py:190} INFO - [2026-08-14T03:32:11.442+0000] {dag.py:3239} INFO - Sync 1 DAGs
[2026-08-14T03:32:11.458+0000] {logging_mixin.py:190} INFO - [2026-08-14T03:32:11.457+0000] {dag.py:4180} INFO - Setting next_dagrun for weather_ingestion to 2026-08-14 03:00:00+00:00, run_after=2026-08-14 04:00:00+00:00
[2026-08-14T03:32:11.466+0000] {processor.py:208} INFO - Processing /opt/airflow/dags/weather_dag.py took 0.074 seconds
[2026-08-14T03:32:41.797+0000] {processor.py:186} INFO - Started process (PID=14802) to work on /opt/airflow/dags/weather_dag.py
[2026-08-14T03:32:41.798+0000] {processor.py:914} INFO - Processing file /opt/airflow/dags/weather_dag.py for tasks to queue
[2026-08-14T03:32:41.800+0000] {logging_mixin.py:190} INFO - [2026-08-14T03:32:41.800+0000] {dagbag.py:588} INFO - Filling up the DagBag from /opt/airflow/dags/weather_dag.py
[2026-08-14T03:32:41.810+0000] {processor.py:925} INFO - DAG(s) 'weather_ingestion' retrieved from /opt/airflow/dags/weather_dag.py
[2026-08-14T03:32:41.829+0000] {logging_mixin.py:190} INFO - [2026-08-14T03:32:41.829+0000] {dag.py:3239} INFO - Sync 1 DAGs
[2026-08-14T03:32:41.842+0000] {logging_mixin.py:190} INFO - [2026-08-14T03:32:41.842+0000] {dag.py:4180} INFO - Setting next_dagrun for weather_ingestion to 2026-08-14 03:00:00+00:00, run_after=2026-08-14 04:00:00+00:00
[2026-08-14T03:32:41.851+0000] {processor.py:208} INFO - Processing /opt/airflow/dags/weather_dag.py took 0.060 seconds
[2026-08-14T03:33:12.112+0000] {processor.py:186} INFO - Started process (PID=14807) to work on /opt/airflow/dags/weather_dag.py
[2026-08-14T03:33:12.113+0000] {processor.py:914} INFO - Processing file /opt/airflow/dags/weather_dag.py for tasks to queue
[2026-08-14T03:33:12.114+0000] {logging_mixin.py:190} INFO - [2026-08-14T03:33:12.114+0000] {dagbag.py:588} INFO - Filling up the DagBag from /opt/airflow/dags/weather_dag.py
[2026-08-14T03:33:12.120+0000] {processor.py:925} INFO - DAG(s) 'weather_ingestion' retrieved from /opt/airflow/dags/weather_dag.py
[2026-08-14T03:33:12.134+0000] {logging_mixin.py:190} INFO - [2026-08-14T03:33:12.134+0000] {dag.py:3239} INFO - Sync 1 DAGs
[2026-08-14T03:33:12.144+0000] {logging_mixin.py:190} INFO - [2026-08-14T03:33:12.144+0000] {dag.py:4180} INFO - Setting next_dagrun for weather_ingestion to 2026-08-14 03:00:00+00:00, run_after=2026-08-14 04:00:00+00:00
[2026-08-14T03:33:12.152+0000] {processor.py:208} INFO - Processing /opt/airflow/dags/weather_dag.py took 0.043 seconds
[2026-08-14T03:33:42.426+0000] {processor.py:186} INFO - Started process (PID=14812) to work on /opt/airflow/dags/weather_dag.py
[2026-08-14T03:33:42.427+0000] {processor.py:914} INFO - Processing file /opt/airflow/dags/weather_dag.py for tasks to queue
[2026-08-14T03:33:42.429+0000] {logging_mixin.py:190} INFO - [2026-08-14T03:33:42.429+0000] {dagbag.py:588} INFO - Filling up the DagBag from /opt/airflow/dags/weather_dag.py
[2026-08-14T03:33:42.440+0000] {processor.py:925} INFO - DAG(s) 'weather_ingestion' retrieved from /opt/airflow/dags/weather_dag.py
[2026-08-14T03:33:42.459+0000] {logging_mixin.py:190} INFO - [2026-08-14T03:33:42.458+0000] {dag.py:3239} INFO - Sync 1 DAGs
[2026-08-14T03:33:42.471+0000] {logging_mixin.py:190} INFO - [2026-08-14T03:33:42.471+0000] {dag.py:4180} INFO - Setting next_dagrun for weather_ingestion to 2026-08-14 03:00:00+00:00, run_after=2026-08-14 04:00:00+00:00
[2026-08-14T03:33:42.478+0000] {processor.py:208} INFO - Processing /opt/airflow/dags/weather_dag.py took 0.060 seconds
[2026-08-14T03:34:12.739+0000] {processor.py:186} INFO - Started process (PID=14817) to work on /opt/airflow/dags/weather_dag.py
[2026-08-14T03:34:12.740+0000] {processor.py:914} INFO - Processing file /opt/airflow/dags/weather_dag.py for tasks to queue
[2026-08-14T03:34:12.743+0000] {logging_mixin.py:190} INFO - [2026-08-14T03:34:12.743+0000] {dagbag.py:588} INFO - Filling up the DagBag from /opt/airflow/dags/weather_dag.py
[2026-08-14T03:34:12.757+0000] {processor.py:925} INFO - DAG(s) 'weather_ingestion' retrieved from /opt/airflow/dags/weather_dag.py
[2026-08-14T03:34:12.777+0000] {logging_mixin.py:190} INFO - [2026-08-14T03:34:12.777+0000] {dag.py:3239} INFO - Sync 1 DAGs
[2026-08-14T03:34:12.791+0000] {logging_mixin.py:190} INFO - [2026-08-14T03:34:12.791+0000] {dag.py:4180} INFO - Setting next_dagrun for weather_ingestion to 2026-08-14 03:00:00+00:00, run_after=2026-08-14 04:00:00+00:00
[2026-08-14T03:34:12.798+0000] {processor.py:208} INFO - Processing /opt/airflow/dags/weather_dag.py took 0.067 seconds
[2026-08-14T03:34:43.150+0000] {processor.py:186} INFO - Started process (PID=14822) to work on /opt/airflow/dags/weather_dag.py
[2026-08-14T03:34:43.151+0000] {processor.py:914} INFO - Processing file /opt/airflow/dags/weather_dag.py for tasks to queue
[2026-08-14T03:34:43.154+0000] {logging_mixin.py:190} INFO - [2026-08-14T03:34:43.153+0000] {dagbag.py:588} INFO - Filling up the DagBag from /opt/airflow/dags/weather_dag.py
[2026-08-14T03:34:43.169+0000] {processor.py:925} INFO - DAG(s) 'weather_ingestion' retrieved from /opt/airflow/dags/weather_dag.py
[2026-08-14T03:34:43.220+0000] {logging_mixin.py:190} INFO - [2026-08-14T03:34:43.220+0000] {dag.py:3239} INFO - Sync 1 DAGs
[2026-08-14T03:34:43.238+0000] {logging_mixin.py:190} INFO - [2026-08-14T03:34:43.238+0000] {dag.py:4180} INFO - Setting next_dagrun for weather_ingestion to 2026-08-14 03:00:00+00:00, run_after=2026-08-14 04:00:00+00:00
[2026-08-14T03:34:43.248+0000] {processor.py:208} INFO - Processing /opt/airflow/dags/weather_dag.py took 0.108 seconds
[2026-08-14T03:35:13.517+0000] {processor.py:186} INFO - Started process (PID=14827) to work on /opt/airflow/dags/weather_dag.py
[2026-08-14T03:35:13.519+0000] {processor.py:914} INFO - Processing file /opt/airflow/dags/weather_dag.py for tasks to queue
[2026-08-14T03:35:13.524+0000] {logging_mixin.py:190} INFO - [2026-08-14T03:35:13.523+0000] {dagbag.py:588} INFO - Filling up the DagBag from /opt/airflow/dags/weather_dag.py
[2026-08-14T03:35:13.554+0000] {processor.py:925} INFO - DAG(s) 'weather_ingestion' retrieved from /opt/airflow/dags/weather_dag.py
[2026-08-14T03:35:13.609+0000] {logging_mixin.py:190} INFO - [2026-08-14T03:35:13.609+0000] {dag.py:3239} INFO - Sync 1 DAGs
[2026-08-14T03:35:13.657+0000] {logging_mixin.py:190} INFO - [2026-08-14T03:35:13.657+0000] {dag.py:4180} INFO - Setting next_dagrun for weather_ingestion to 2026-08-14 03:00:00+00:00, run_after=2026-08-14 04:00:00+00:00
[2026-08-14T03:35:13.683+0000] {processor.py:208} INFO - Processing /opt/airflow/dags/weather_dag.py took 0.178 seconds
[2026-08-14T03:35:43.884+0000] {processor.py:186} INFO - Started process (PID=14832) to work on /opt/airflow/dags/weather_dag.py
[2026-08-14T03:35:43.886+0000] {processor.py:914} INFO - Processing file /opt/airflow/dags/weather_dag.py for tasks to queue
[2026-08-14T03:35:43.889+0000] {logging_mixin.py:190} INFO - [2026-08-14T03:35:43.888+0000] {dagbag.py:588} INFO - Filling up the DagBag from /opt/airflow/dags/weather_dag.py
[2026-08-14T03:35:43.905+0000] {processor.py:925} INFO - DAG(s) 'weather_ingestion' retrieved from /opt/airflow/dags/weather_dag.py
[2026-08-14T03:35:43.931+0000] {logging_mixin.py:190} INFO - [2026-08-14T03:35:43.931+0000] {dag.py:3239} INFO - Sync 1 DAGs
[2026-08-14T03:35:43.946+0000] {logging_mixin.py:190} INFO - [2026-08-14T03:35:43.946+0000] {dag.py:4180} INFO - Setting next_dagrun for weather_ingestion to 2026-08-14 03:00:00+00:00, run_after=2026-08-14 04:00:00+00:00
[2026-08-14T03:35:43.955+0000] {processor.py:208} INFO - Processing /opt/airflow/dags/weather_dag.py took 0.084 seconds
[2026-08-14T03:36:14.289+0000] {processor.py:186} INFO - Started process (PID=14837) to work on /opt/airflow/dags/weather_dag.py
[2026-08-14T03:36:14.290+0000] {processor.py:914} INFO - Processing file /opt/airflow/dags/weather_dag.py for tasks to queue
[2026-08-14T03:36:14.292+0000] {logging_mixin.py:190} INFO - [2026-08-14T03:36:14.292+0000] {dagbag.py:588} INFO - Filling up the DagBag from /opt/airflow/dags/weather_dag.py
[2026-08-14T03:36:14.302+0000] {processor.py:925} INFO - DAG(s) 'weather_ingestion' retrieved from /opt/airflow/dags/weather_dag.py
[2026-08-14T03:36:14.322+0000] {logging_mixin.py:190} INFO - [2026-08-14T03:36:14.322+0000] {dag.py:3239} INFO - Sync 1 DAGs
[2026-08-14T03:36:14.335+0000] {logging_mixin.py:190} INFO - [2026-08-14T03:36:14.334+0000] {dag.py:4180} INFO - Setting next_dagrun for weather_ingestion to 2026-08-14 03:00:00+00:00, run_after=2026-08-14 04:00:00+00:00
[2026-08-14T03:36:14.342+0000] {processor.py:208} INFO - Processing /opt/airflow/dags/weather_dag.py took 0.058 seconds
[2026-08-14T03:36:44.716+0000] {processor.py:186} INFO - Started process (PID=14842) to work on /opt/airflow/dags/weather_dag.py
[2026-08-14T03:36:44.717+0000] {processor.py:914} INFO - Processing file /opt/airflow/dags/weather_dag.py for tasks to queue
[2026-08-14T03:36:44.720+0000] {logging_mixin.py:190} INFO - [2026-08-14T03:36:44.719+0000] {dagbag.py:588} INFO - Filling up the DagBag from /opt/airflow/dags/weather_dag.py
[2026-08-14T03:36:44.729+0000] {processor.py:925} INFO - DAG(s) 'weather_ingestion' retrieved from /opt/airflow/dags/weather_dag.py
[2026-08-14T03:36:44.750+0000] {logging_mixin.py:190} INFO - [2026-08-14T03:36:44.750+0000] {dag.py:3239} INFO - Sync 1 DAGs
[2026-08-14T03:36:44.763+0000] {logging_mixin.py:190} INFO - [2026-08-14T03:36:44.763+0000] {dag.py:4180} INFO - Setting next_dagrun for weather_ingestion to 2026-08-14 03:00:00+00:00, run_after=2026-08-14 04:00:00+00:00
[2026-08-14T03:36:44.771+0000] {processor.py:208} INFO - Processing /opt/airflow/dags/weather_dag.py took 0.061 seconds
[2026-08-14T03:37:15.118+0000] {processor.py:186} INFO - Started process (PID=14847) to work on /opt/airflow/dags/weather_dag.py
[2026-08-14T03:37:15.119+0000] {processor.py:914} INFO - Processing file /opt/airflow/dags/weather_dag.py for tasks to queue
[2026-08-14T03:37:15.123+0000] {logging_mixin.py:190} INFO - [2026-08-14T03:37:15.122+0000] {dagbag.py:588} INFO - Filling up the DagBag from /opt/airflow/dags/weather_dag.py
[2026-08-14T03:37:15.134+0000] {processor.py:925} INFO - DAG(s) 'weather_ingestion' retrieved from /opt/airflow/dags/weather_dag.py
[2026-08-14T03:37:15.154+0000] {logging_mixin.py:190} INFO - [2026-08-14T03:37:15.154+0000] {dag.py:3239} INFO - Sync 1 DAGs
[2026-08-14T03:37:15.170+0000] {logging_mixin.py:190} INFO - [2026-08-14T03:37:15.169+0000] {dag.py:4180} INFO - Setting next_dagrun for weather_ingestion to 2026-08-14 03:00:00+00:00, run_after=2026-08-14 04:00:00+00:00
[2026-08-14T03:37:15.178+0000] {processor.py:208} INFO - Processing /opt/airflow/dags/weather_dag.py took 0.067 seconds
[2026-08-14T03:37:45.539+0000] {processor.py:186} INFO - Started process (PID=14852) to work on /opt/airflow/dags/weather_dag.py
[2026-08-14T03:37:45.540+0000] {processor.py:914} INFO - Processing file /opt/airflow/dags/weather_dag.py for tasks to queue
[2026-08-14T03:37:45.542+0000] {logging_mixin.py:190} INFO - [2026-08-14T03:37:45.542+0000] {dagbag.py:588} INFO - Filling up the DagBag from /opt/airflow/dags/weather_dag.py
[2026-08-14T03:37:45.552+0000] {processor.py:925} INFO - DAG(s) 'weather_ingestion' retrieved from /opt/airflow/dags/weather_dag.py
[2026-08-14T03:37:45.571+0000] {logging_mixin.py:190} INFO - [2026-08-14T03:37:45.571+0000] {dag.py:3239} INFO - Sync 1 DAGs
[2026-08-14T03:37:45.582+0000] {logging_mixin.py:190} INFO - [2026-08-14T03:37:45.582+0000] {dag.py:4180} INFO - Setting next_dagrun for weather_ingestion to 2026-08-14 03:00:00+00:00, run_after=2026-08-14 04:00:00+00:00
[2026-08-14T03:37:45.590+0000] {processor.py:208} INFO - Processing /opt/airflow/dags/weather_dag.py took 0.057 seconds
[2026-08-14T03:38:15.937+0000] {processor.py:186} INFO - Started process (PID=14857) to work on /opt/airflow/dags/weather_dag.py
[2026-08-14T03:38:15.938+0000] {processor.py:914} INFO - Processing file /opt/airflow/dags/weather_dag.py for tasks to queue
[2026-08-14T03:38:15.942+0000] {logging_mixin.py:190} INFO - [2026-08-14T03:38:15.941+0000] {dagbag.py:588} INFO - Filling up the DagBag from /opt/airflow/dags/weather_dag.py
[2026-08-14T03:38:15.958+0000] {processor.py:925} INFO - DAG(s) 'weather_ingestion' retrieved from /opt/airflow/dags/weather_dag.py
[2026-08-14T03:38:15.981+0000] {logging_mixin.py:190} INFO - [2026-08-14T03:38:15.981+0000] {dag.py:3239} INFO - Sync 1 DAGs
[2026-08-14T03:38:15.994+0000] {logging_mixin.py:190} INFO - [2026-08-14T03:38:15.994+0000] {dag.py:4180} INFO - Setting next_dagrun for weather_ingestion to 2026-08-14 03:00:00+00:00, run_after=2026-08-14 04:00:00+00:00
[2026-08-14T03:38:16.004+0000] {processor.py:208} INFO - Processing /opt/airflow/dags/weather_dag.py took 0.077 seconds
[2026-08-14T03:38:46.380+0000] {processor.py:186} INFO - Started process (PID=14862) to work on /opt/airflow/dags/weather_dag.py
[2026-08-14T03:38:46.381+0000] {processor.py:914} INFO - Processing file /opt/airflow/dags/weather_dag.py for tasks to queue
[2026-08-14T03:38:46.383+0000] {logging_mixin.py:190} INFO - [2026-08-14T03:38:46.383+0000] {dagbag.py:588} INFO - Filling up the DagBag from /opt/airflow/dags/weather_dag.py
[2026-08-14T03:38:46.393+0000] {processor.py:925} INFO - DAG(s) 'weather_ingestion' retrieved from /opt/airflow/dags/weather_dag.py
[2026-08-14T03:38:46.412+0000] {logging_mixin.py:190} INFO - [2026-08-14T03:38:46.411+0000] {dag.py:3239} INFO - Sync 1 DAGs
[2026-08-14T03:38:46.423+0000] {logging_mixin.py:190} INFO - [2026-08-14T03:38:46.423+0000] {dag.py:4180} INFO - Setting next_dagrun for weather_ingestion to 2026-08-14 03:00:00+00:00, run_after=2026-08-14 04:00:00+00:00
[2026-08-14T03:38:46.431+0000] {processor.py:208} INFO - Processing /opt/airflow/dags/weather_dag.py took 0.057 seconds
[2026-08-14T03:39:16.751+0000] {processor.py:186} INFO - Started process (PID=14867) to work on /opt/airflow/dags/weather_dag.py
[2026-08-14T03:39:16.752+0000] {processor.py:914} INFO - Processing file /opt/airflow/dags/weather_dag.py for tasks to queue
[2026-08-14T03:39:16.754+0000] {logging_mixin.py:190} INFO - [2026-08-14T03:39:16.754+0000] {dagbag.py:588} INFO - Filling up the DagBag from /opt/airflow/dags/weather_dag.py
[2026-08-14T03:39:16.766+0000] {processor.py:925} INFO - DAG(s) 'weather_ingestion' retrieved from /opt/airflow/dags/weather_dag.py
[2026-08-14T03:39:16.786+0000] {logging_mixin.py:190} INFO - [2026-08-14T03:39:16.786+0000] {dag.py:3239} INFO - Sync 1 DAGs
[2026-08-14T03:39:16.801+0000] {logging_mixin.py:190} INFO - [2026-08-14T03:39:16.801+0000] {dag.py:4180} INFO - Setting next_dagrun for weather_ingestion to 2026-08-14 03:00:00+00:00, run_after=2026-08-14 04:00:00+00:00
[2026-08-14T03:39:16.811+0000] {processor.py:208} INFO - Processing /opt/airflow/dags/weather_dag.py took 0.067 seconds
[2026-08-14T03:39:47.171+0000] {processor.py:186} INFO - Started process (PID=14872) to work on /opt/airflow/dags/weather_dag.py
[2026-08-14T03:39:47.172+0000] {processor.py:914} INFO - Processing file /opt/airflow/dags/weather_dag.py for tasks to queue
[2026-08-14T03:39:47.175+0000] {logging_mixin.py:190} INFO - [2026-08-14T03:39:47.174+0000] {dagbag.py:588} INFO - Filling up the DagBag from /opt/airflow/dags/weather_dag.py
[2026-08-14T03:39:47.186+0000] {processor.py:925} INFO - DAG(s) 'weather_ingestion' retrieved from /opt/airflow/dags/weather_dag.py
[2026-08-14T03:39:47.206+0000] {logging_mixin.py:190} INFO - [2026-08-14T03:39:47.206+0000] {dag.py:3239} INFO - Sync 1 DAGs
[2026-08-14T03:39:47.218+0000] {logging_mixin.py:190} INFO - [2026-08-14T03:39:47.218+0000] {dag.py:4180} INFO - Setting next_dagrun for weather_ingestion to 2026-08-14 03:00:00+00:00, run_after=2026-08-14 04:00:00+00:00
[2026-08-14T03:39:47.226+0000] {processor.py:208} INFO - Processing /opt/airflow/dags/weather_dag.py took 0.062 seconds
[2026-08-14T03:40:17.566+0000] {processor.py:186} INFO - Started process (PID=14877) to work on /opt/airflow/dags/weather_dag.py
[2026-08-14T03:40:17.568+0000] {processor.py:914} INFO - Processing file /opt/airflow/dags/weather_dag.py for tasks to queue
[2026-08-14T03:40:17.571+0000] {logging_mixin.py:190} INFO - [2026-08-14T03:40:17.570+0000] {dagbag.py:588} INFO - Filling up the DagBag from /opt/airflow/dags/weather_dag.py
[2026-08-14T03:40:17.590+0000] {processor.py:925} INFO - DAG(s) 'weather_ingestion' retrieved from /opt/airflow/dags/weather_dag.py
[2026-08-14T03:40:17.614+0000] {logging_mixin.py:190} INFO - [2026-08-14T03:40:17.614+0000] {dag.py:3239} INFO - Sync 1 DAGs
[2026-08-14T03:40:17.627+0000] {logging_mixin.py:190} INFO - [2026-08-14T03:40:17.627+0000] {dag.py:4180} INFO - Setting next_dagrun for weather_ingestion to 2026-08-14 03:00:00+00:00, run_after=2026-08-14 04:00:00+00:00
[2026-08-14T03:40:17.635+0000] {processor.py:208} INFO - Processing /opt/airflow/dags/weather_dag.py took 0.078 seconds
[2026-08-14T03:40:47.987+0000] {processor.py:186} INFO - Started process (PID=14882) to work on /opt/airflow/dags/weather_dag.py
[2026-08-14T03:40:47.988+0000] {processor.py:914} INFO - Processing file /opt/airflow/dags/weather_dag.py for tasks to queue
[2026-08-14T03:40:47.991+0000] {logging_mixin.py:190} INFO - [2026-08-14T03:40:47.990+0000] {dagbag.py:588} INFO - Filling up the DagBag from /opt/airflow/dags/weather_dag.py
[2026-08-14T03:40:47.999+0000] {processor.py:925} INFO - DAG(s) 'weather_ingestion' retrieved from /opt/airflow/dags/weather_dag.py
[2026-08-14T03:40:48.017+0000] {logging_mixin.py:190} INFO - [2026-08-14T03:40:48.017+0000] {dag.py:3239} INFO - Sync 1 DAGs
[2026-08-14T03:40:48.031+0000] {logging_mixin.py:190} INFO - [2026-08-14T03:40:48.031+0000] {dag.py:4180} INFO - Setting next_dagrun for weather_ingestion to 2026-08-14 03:00:00+00:00, run_after=2026-08-14 04:00:00+00:00
[2026-08-14T03:40:48.043+0000] {processor.py:208} INFO - Processing /opt/airflow/dags/weather_dag.py took 0.066 seconds
[2026-08-14T03:41:18.407+0000] {processor.py:186} INFO - Started process (PID=14887) to work on /opt/airflow/dags/weather_dag.py
[2026-08-14T03:41:18.408+0000] {processor.py:914} INFO - Processing file /opt/airflow/dags/weather_dag.py for tasks to queue
[2026-08-14T03:41:18.413+0000] {logging_mixin.py:190} INFO - [2026-08-14T03:41:18.412+0000] {dagbag.py:588} INFO - Filling up the DagBag from /opt/airflow/dags/weather_dag.py
[2026-08-14T03:41:18.429+0000] {processor.py:925} INFO - DAG(s) 'weather_ingestion' retrieved from /opt/airflow/dags/weather_dag.py
[2026-08-14T03:41:18.459+0000] {logging_mixin.py:190} INFO - [2026-08-14T03:41:18.459+0000] {dag.py:3239} INFO - Sync 1 DAGs
[2026-08-14T03:41:18.478+0000] {logging_mixin.py:190} INFO - [2026-08-14T03:41:18.478+0000] {dag.py:4180} INFO - Setting next_dagrun for weather_ingestion to 2026-08-14 03:00:00+00:00, run_after=2026-08-14 04:00:00+00:00
[2026-08-14T03:41:18.487+0000] {processor.py:208} INFO - Processing /opt/airflow/dags/weather_dag.py took 0.091 seconds
[2026-08-14T03:41:48.792+0000] {processor.py:186} INFO - Started process (PID=14892) to work on /opt/airflow/dags/weather_dag.py
[2026-08-14T03:41:48.793+0000] {processor.py:914} INFO - Processing file /opt/airflow/dags/weather_dag.py for tasks to queue
[2026-08-14T03:41:48.795+0000] {logging_mixin.py:190} INFO - [2026-08-14T03:41:48.795+0000] {dagbag.py:588} INFO - Filling up the DagBag from /opt/airflow/dags/weather_dag.py
[2026-08-14T03:41:48.805+0000] {processor.py:925} INFO - DAG(s) 'weather_ingestion' retrieved from /opt/airflow/dags/weather_dag.py
[2026-08-14T03:41:48.823+0000] {logging_mixin.py:190} INFO - [2026-08-14T03:41:48.823+0000] {dag.py:3239} INFO - Sync 1 DAGs
[2026-08-14T03:41:48.834+0000] {logging_mixin.py:190} INFO - [2026-08-14T03:41:48.834+0000] {dag.py:4180} INFO - Setting next_dagrun for weather_ingestion to 2026-08-14 03:00:00+00:00, run_after=2026-08-14 04:00:00+00:00
[2026-08-14T03:41:48.841+0000] {processor.py:208} INFO - Processing /opt/airflow/dags/weather_dag.py took 0.061 seconds
[2026-08-14T03:42:19.122+0000] {processor.py:186} INFO - Started process (PID=14897) to work on /opt/airflow/dags/weather_dag.py
[2026-08-14T03:42:19.123+0000] {processor.py:914} INFO - Processing file /opt/airflow/dags/weather_dag.py for tasks to queue
[2026-08-14T03:42:19.125+0000] {logging_mixin.py:190} INFO - [2026-08-14T03:42:19.125+0000] {dagbag.py:588} INFO - Filling up the DagBag from /opt/airflow/dags/weather_dag.py
[2026-08-14T03:42:19.136+0000] {processor.py:925} INFO - DAG(s) 'weather_ingestion' retrieved from /opt/airflow/dags/weather_dag.py
[2026-08-14T03:42:19.156+0000] {logging_mixin.py:190} INFO - [2026-08-14T03:42:19.156+0000] {dag.py:3239} INFO - Sync 1 DAGs
[2026-08-14T03:42:19.174+0000] {logging_mixin.py:190} INFO - [2026-08-14T03:42:19.174+0000] {dag.py:4180} INFO - Setting next_dagrun for weather_ingestion to 2026-08-14 03:00:00+00:00, run_after=2026-08-14 04:00:00+00:00
[2026-08-14T03:42:19.184+0000] {processor.py:208} INFO - Processing /opt/airflow/dags/weather_dag.py took 0.069 seconds
[2026-08-14T03:42:49.406+0000] {processor.py:186} INFO - Started process (PID=14902) to work on /opt/airflow/dags/weather_dag.py
[2026-08-14T03:42:49.407+0000] {processor.py:914} INFO - Processing file /opt/airflow/dags/weather_dag.py for tasks to queue
[2026-08-14T03:42:49.409+0000] {logging_mixin.py:190} INFO - [2026-08-14T03:42:49.408+0000] {dagbag.py:588} INFO - Filling up the DagBag from /opt/airflow/dags/weather_dag.py
[2026-08-14T03:42:49.419+0000] {processor.py:925} INFO - DAG(s) 'weather_ingestion' retrieved from /opt/airflow/dags/weather_dag.py
[2026-08-14T03:42:49.438+0000] {logging_mixin.py:190} INFO - [2026-08-14T03:42:49.438+0000] {dag.py:3239} INFO - Sync 1 DAGs
[2026-08-14T03:42:49.449+0000] {logging_mixin.py:190} INFO - [2026-08-14T03:42:49.449+0000] {dag.py:4180} INFO - Setting next_dagrun for weather_ingestion to 2026-08-14 03:00:00+00:00, run_after=2026-08-14 04:00:00+00:00
[2026-08-14T03:42:49.456+0000] {processor.py:208} INFO - Processing /opt/airflow/dags/weather_dag.py took 0.057 seconds
[2026-08-14T03:43:19.796+0000] {processor.py:186} INFO - Started process (PID=14907) to work on /opt/airflow/dags/weather_dag.py
[2026-08-14T03:43:19.797+0000] {processor.py:914} INFO - Processing file /opt/airflow/dags/weather_dag.py for tasks to queue
[2026-08-14T03:43:19.800+0000] {logging_mixin.py:190} INFO - [2026-08-14T03:43:19.800+0000] {dagbag.py:588} INFO - Filling up the DagBag from /opt/airflow/dags/weather_dag.py
[2026-08-14T03:43:19.816+0000] {processor.py:925} INFO - DAG(s) 'weather_ingestion' retrieved from /opt/airflow/dags/weather_dag.py
[2026-08-14T03:43:19.837+0000] {logging_mixin.py:190} INFO - [2026-08-14T03:43:19.837+0000] {dag.py:3239} INFO - Sync 1 DAGs
[2026-08-14T03:43:19.849+0000] {logging_mixin.py:190} INFO - [2026-08-14T03:43:19.849+0000] {dag.py:4180} INFO - Setting next_dagrun for weather_ingestion to 2026-08-14 03:00:00+00:00, run_after=2026-08-14 04:00:00+00:00
[2026-08-14T03:43:19.857+0000] {processor.py:208} INFO - Processing /opt/airflow/dags/weather_dag.py took 0.069 seconds
[2026-08-14T03:43:50.177+0000] {processor.py:186} INFO - Started process (PID=14912) to work on /opt/airflow/dags/weather_dag.py
[2026-08-14T03:43:50.178+0000] {processor.py:914} INFO - Processing file /opt/airflow/dags/weather_dag.py for tasks to queue
[2026-08-14T03:43:50.180+0000] {logging_mixin.py:190} INFO - [2026-08-14T03:43:50.180+0000] {dagbag.py:588} INFO - Filling up the DagBag from /opt/airflow/dags/weather_dag.py
[2026-08-14T03:43:50.190+0000] {processor.py:925} INFO - DAG(s) 'weather_ingestion' retrieved from /opt/airflow/dags/weather_dag.py
[2026-08-14T03:43:50.209+0000] {logging_mixin.py:190} INFO - [2026-08-14T03:43:50.209+0000] {dag.py:3239} INFO - Sync 1 DAGs
[2026-08-14T03:43:50.220+0000] {logging_mixin.py:190} INFO - [2026-08-14T03:43:50.220+0000] {dag.py:4180} INFO - Setting next_dagrun for weather_ingestion to 2026-08-14 03:00:00+00:00, run_after=2026-08-14 04:00:00+00:00
[2026-08-14T03:43:50.227+0000] {processor.py:208} INFO - Processing /opt/airflow/dags/weather_dag.py took 0.056 seconds
[2026-08-14T03:44:20.586+0000] {processor.py:186} INFO - Started process (PID=14917) to work on /opt/airflow/dags/weather_dag.py
[2026-08-14T03:44:20.587+0000] {processor.py:914} INFO - Processing file /opt/airflow/dags/weather_dag.py for tasks to queue
[2026-08-14T03:44:20.589+0000] {logging_mixin.py:190} INFO - [2026-08-14T03:44:20.588+0000] {dagbag.py:588} INFO - Filling up the DagBag from /opt/airflow/dags/weather_dag.py
[2026-08-14T03:44:20.600+0000] {processor.py:925} INFO - DAG(s) 'weather_ingestion' retrieved from /opt/airflow/dags/weather_dag.py
[2026-08-14T03:44:20.619+0000] {logging_mixin.py:190} INFO - [2026-08-14T03:44:20.619+0000] {dag.py:3239} INFO - Sync 1 DAGs
[2026-08-14T03:44:20.631+0000] {logging_mixin.py:190} INFO - [2026-08-14T03:44:20.631+0000] {dag.py:4180} INFO - Setting next_dagrun for weather_ingestion to 2026-08-14 03:00:00+00:00, run_after=2026-08-14 04:00:00+00:00
[2026-08-14T03:44:20.639+0000] {processor.py:208} INFO - Processing /opt/airflow/dags/weather_dag.py took 0.059 seconds
[2026-08-14T03:44:50.923+0000] {processor.py:186} INFO - Started process (PID=14922) to work on /opt/airflow/dags/weather_dag.py
[2026-08-14T03:44:50.924+0000] {processor.py:914} INFO - Processing file /opt/airflow/dags/weather_dag.py for tasks to queue
[2026-08-14T03:44:50.927+0000] {logging_mixin.py:190} INFO - [2026-08-14T03:44:50.926+0000] {dagbag.py:588} INFO - Filling up the DagBag from /opt/airflow/dags/weather_dag.py
[2026-08-14T03:44:50.936+0000] {processor.py:925} INFO - DAG(s) 'weather_ingestion' retrieved from /opt/airflow/dags/weather_dag.py
[2026-08-14T03:44:50.958+0000] {logging_mixin.py:190} INFO - [2026-08-14T03:44:50.958+0000] {dag.py:3239} INFO - Sync 1 DAGs
[2026-08-14T03:44:50.970+0000] {logging_mixin.py:190} INFO - [2026-08-14T03:44:50.970+0000] {dag.py:4180} INFO - Setting next_dagrun for weather_ingestion to 2026-08-14 03:00:00+00:00, run_after=2026-08-14 04:00:00+00:00
[2026-08-14T03:44:50.978+0000] {processor.py:208} INFO - Processing /opt/airflow/dags/weather_dag.py took 0.063 seconds
[2026-08-14T03:45:21.359+0000] {processor.py:186} INFO - Started process (PID=14927) to work on /opt/airflow/dags/weather_dag.py
[2026-08-14T03:45:21.360+0000] {processor.py:914} INFO - Processing file /opt/airflow/dags/weather_dag.py for tasks to queue
[2026-08-14T03:45:21.363+0000] {logging_mixin.py:190} INFO - [2026-08-14T03:45:21.363+0000] {dagbag.py:588} INFO - Filling up the DagBag from /opt/airflow/dags/weather_dag.py
[2026-08-14T03:45:21.375+0000] {processor.py:925} INFO - DAG(s) 'weather_ingestion' retrieved from /opt/airflow/dags/weather_dag.py
[2026-08-14T03:45:21.398+0000] {logging_mixin.py:190} INFO - [2026-08-14T03:45:21.398+0000] {dag.py:3239} INFO - Sync 1 DAGs
[2026-08-14T03:45:21.414+0000] {logging_mixin.py:190} INFO - [2026-08-14T03:45:21.414+0000] {dag.py:4180} INFO - Setting next_dagrun for weather_ingestion to 2026-08-14 03:00:00+00:00, run_after=2026-08-14 04:00:00+00:00
[2026-08-14T03:45:21.422+0000] {processor.py:208} INFO - Processing /opt/airflow/dags/weather_dag.py took 0.070 seconds
[2026-08-14T03:45:51.778+0000] {processor.py:186} INFO - Started process (PID=14932) to work on /opt/airflow/dags/weather_dag.py
[2026-08-14T03:45:51.780+0000] {processor.py:914} INFO - Processing file /opt/airflow/dags/weather_dag.py for tasks to queue
[2026-08-14T03:45:51.783+0000] {logging_mixin.py:190} INFO - [2026-08-14T03:45:51.782+0000] {dagbag.py:588} INFO - Filling up the DagBag from /opt/airflow/dags/weather_dag.py
[2026-08-14T03:45:51.795+0000] {processor.py:925} INFO - DAG(s) 'weather_ingestion' retrieved from /opt/airflow/dags/weather_dag.py
[2026-08-14T03:45:51.817+0000] {logging_mixin.py:190} INFO - [2026-08-14T03:45:51.817+0000] {dag.py:3239} INFO - Sync 1 DAGs
[2026-08-14T03:45:51.831+0000] {logging_mixin.py:190} INFO - [2026-08-14T03:45:51.830+0000] {dag.py:4180} INFO - Setting next_dagrun for weather_ingestion to 2026-08-14 03:00:00+00:00, run_after=2026-08-14 04:00:00+00:00
[2026-08-14T03:45:51.838+0000] {processor.py:208} INFO - Processing /opt/airflow/dags/weather_dag.py took 0.067 seconds
[2026-08-14T03:46:22.107+0000] {processor.py:186} INFO - Started process (PID=14937) to work on /opt/airflow/dags/weather_dag.py
[2026-08-14T03:46:22.108+0000] {processor.py:914} INFO - Processing file /opt/airflow/dags/weather_dag.py for tasks to queue
[2026-08-14T03:46:22.110+0000] {logging_mixin.py:190} INFO - [2026-08-14T03:46:22.109+0000] {dagbag.py:588} INFO - Filling up the DagBag from /opt/airflow/dags/weather_dag.py
[2026-08-14T03:46:22.118+0000] {processor.py:925} INFO - DAG(s) 'weather_ingestion' retrieved from /opt/airflow/dags/weather_dag.py
[2026-08-14T03:46:22.135+0000] {logging_mixin.py:190} INFO - [2026-08-14T03:46:22.135+0000] {dag.py:3239} INFO - Sync 1 DAGs
[2026-08-14T03:46:22.148+0000] {logging_mixin.py:190} INFO - [2026-08-14T03:46:22.148+0000] {dag.py:4180} INFO - Setting next_dagrun for weather_ingestion to 2026-08-14 03:00:00+00:00, run_after=2026-08-14 04:00:00+00:00
[2026-08-14T03:46:22.155+0000] {processor.py:208} INFO - Processing /opt/airflow/dags/weather_dag.py took 0.054 seconds
[2026-08-14T03:46:52.437+0000] {processor.py:186} INFO - Started process (PID=14942) to work on /opt/airflow/dags/weather_dag.py
[2026-08-14T03:46:52.438+0000] {processor.py:914} INFO - Processing file /opt/airflow/dags/weather_dag.py for tasks to queue
[2026-08-14T03:46:52.441+0000] {logging_mixin.py:190} INFO - [2026-08-14T03:46:52.440+0000] {dagbag.py:588} INFO - Filling up the DagBag from /opt/airflow/dags/weather_dag.py
[2026-08-14T03:46:52.452+0000] {processor.py:925} INFO - DAG(s) 'weather_ingestion' retrieved from /opt/airflow/dags/weather_dag.py
[2026-08-14T03:46:52.473+0000] {logging_mixin.py:190} INFO - [2026-08-14T03:46:52.472+0000] {dag.py:3239} INFO - Sync 1 DAGs
[2026-08-14T03:46:52.484+0000] {logging_mixin.py:190} INFO - [2026-08-14T03:46:52.484+0000] {dag.py:4180} INFO - Setting next_dagrun for weather_ingestion to 2026-08-14 03:00:00+00:00, run_after=2026-08-14 04:00:00+00:00
[2026-08-14T03:46:52.493+0000] {processor.py:208} INFO - Processing /opt/airflow/dags/weather_dag.py took 0.062 seconds
[2026-08-14T03:47:22.839+0000] {processor.py:186} INFO - Started process (PID=14947) to work on /opt/airflow/dags/weather_dag.py
[2026-08-14T03:47:22.840+0000] {processor.py:914} INFO - Processing file /opt/airflow/dags/weather_dag.py for tasks to queue
[2026-08-14T03:47:22.842+0000] {logging_mixin.py:190} INFO - [2026-08-14T03:47:22.842+0000] {dagbag.py:588} INFO - Filling up the DagBag from /opt/airflow/dags/weather_dag.py
[2026-08-14T03:47:22.853+0000] {processor.py:925} INFO - DAG(s) 'weather_ingestion' retrieved from /opt/airflow/dags/weather_dag.py
[2026-08-14T03:47:22.872+0000] {logging_mixin.py:190} INFO - [2026-08-14T03:47:22.872+0000] {dag.py:3239} INFO - Sync 1 DAGs
[2026-08-14T03:47:22.886+0000] {logging_mixin.py:190} INFO - [2026-08-14T03:47:22.886+0000] {dag.py:4180} INFO - Setting next_dagrun for weather_ingestion to 2026-08-14 03:00:00+00:00, run_after=2026-08-14 04:00:00+00:00
[2026-08-14T03:47:22.896+0000] {processor.py:208} INFO - Processing /opt/airflow/dags/weather_dag.py took 0.064 seconds
[2026-08-14T03:47:53.254+0000] {processor.py:186} INFO - Started process (PID=14952) to work on /opt/airflow/dags/weather_dag.py
[2026-08-14T03:47:53.255+0000] {processor.py:914} INFO - Processing file /opt/airflow/dags/weather_dag.py for tasks to queue
[2026-08-14T03:47:53.257+0000] {logging_mixin.py:190} INFO - [2026-08-14T03:47:53.256+0000] {dagbag.py:588} INFO - Filling up the DagBag from /opt/airflow/dags/weather_dag.py
[2026-08-14T03:47:53.267+0000] {processor.py:925} INFO - DAG(s) 'weather_ingestion' retrieved from /opt/airflow/dags/weather_dag.py
[2026-08-14T03:47:53.286+0000] {logging_mixin.py:190} INFO - [2026-08-14T03:47:53.286+0000] {dag.py:3239} INFO - Sync 1 DAGs
[2026-08-14T03:47:53.298+0000] {logging_mixin.py:190} INFO - [2026-08-14T03:47:53.298+0000] {dag.py:4180} INFO - Setting next_dagrun for weather_ingestion to 2026-08-14 03:00:00+00:00, run_after=2026-08-14 04:00:00+00:00
[2026-08-14T03:47:53.305+0000] {processor.py:208} INFO - Processing /opt/airflow/dags/weather_dag.py took 0.058 seconds
[2026-08-14T03:48:23.692+0000] {processor.py:186} INFO - Started process (PID=14957) to work on /opt/airflow/dags/weather_dag.py
[2026-08-14T03:48:23.693+0000] {processor.py:914} INFO - Processing file /opt/airflow/dags/weather_dag.py for tasks to queue
[2026-08-14T03:48:23.696+0000] {logging_mixin.py:190} INFO - [2026-08-14T03:48:23.695+0000] {dagbag.py:588} INFO - Filling up the DagBag from /opt/airflow/dags/weather_dag.py
[2026-08-14T03:48:23.711+0000] {processor.py:925} INFO - DAG(s) 'weather_ingestion' retrieved from /opt/airflow/dags/weather_dag.py
[2026-08-14T03:48:23.732+0000] {logging_mixin.py:190} INFO - [2026-08-14T03:48:23.732+0000] {dag.py:3239} INFO - Sync 1 DAGs
[2026-08-14T03:48:23.745+0000] {logging_mixin.py:190} INFO - [2026-08-14T03:48:23.744+0000] {dag.py:4180} INFO - Setting next_dagrun for weather_ingestion to 2026-08-14 03:00:00+00:00, run_after=2026-08-14 04:00:00+00:00
[2026-08-14T03:48:23.753+0000] {processor.py:208} INFO - Processing /opt/airflow/dags/weather_dag.py took 0.070 seconds
[2026-08-14T03:48:54.082+0000] {processor.py:186} INFO - Started process (PID=14962) to work on /opt/airflow/dags/weather_dag.py
[2026-08-14T03:48:54.084+0000] {processor.py:914} INFO - Processing file /opt/airflow/dags/weather_dag.py for tasks to queue
[2026-08-14T03:48:54.086+0000] {logging_mixin.py:190} INFO - [2026-08-14T03:48:54.086+0000] {dagbag.py:588} INFO - Filling up the DagBag from /opt/airflow/dags/weather_dag.py
[2026-08-14T03:48:54.094+0000] {processor.py:925} INFO - DAG(s) 'weather_ingestion' retrieved from /opt/airflow/dags/weather_dag.py
[2026-08-14T03:48:54.114+0000] {logging_mixin.py:190} INFO - [2026-08-14T03:48:54.114+0000] {dag.py:3239} INFO - Sync 1 DAGs
[2026-08-14T03:48:54.127+0000] {logging_mixin.py:190} INFO - [2026-08-14T03:48:54.127+0000] {dag.py:4180} INFO - Setting next_dagrun for weather_ingestion to 2026-08-14 03:00:00+00:00, run_after=2026-08-14 04:00:00+00:00
[2026-08-14T03:48:54.134+0000] {processor.py:208} INFO - Processing /opt/airflow/dags/weather_dag.py took 0.056 seconds
[2026-08-14T03:49:24.528+0000] {processor.py:186} INFO - Started process (PID=14967) to work on /opt/airflow/dags/weather_dag.py
[2026-08-14T03:49:24.529+0000] {processor.py:914} INFO - Processing file /opt/airflow/dags/weather_dag.py for tasks to queue
[2026-08-14T03:49:24.532+0000] {logging_mixin.py:190} INFO - [2026-08-14T03:49:24.532+0000] {dagbag.py:588} INFO - Filling up the DagBag from /opt/airflow/dags/weather_dag.py
[2026-08-14T03:49:24.543+0000] {processor.py:925} INFO - DAG(s) 'weather_ingestion' retrieved from /opt/airflow/dags/weather_dag.py
[2026-08-14T03:49:24.562+0000] {logging_mixin.py:190} INFO - [2026-08-14T03:49:24.561+0000] {dag.py:3239} INFO - Sync 1 DAGs
[2026-08-14T03:49:24.573+0000] {logging_mixin.py:190} INFO - [2026-08-14T03:49:24.573+0000] {dag.py:4180} INFO - Setting next_dagrun for weather_ingestion to 2026-08-14 03:00:00+00:00, run_after=2026-08-14 04:00:00+00:00
[2026-08-14T03:49:24.581+0000] {processor.py:208} INFO - Processing /opt/airflow/dags/weather_dag.py took 0.060 seconds
[2026-08-14T03:49:54.927+0000] {processor.py:186} INFO - Started process (PID=14972) to work on /opt/airflow/dags/weather_dag.py
[2026-08-14T03:49:54.928+0000] {processor.py:914} INFO - Processing file /opt/airflow/dags/weather_dag.py for tasks to queue
[2026-08-14T03:49:54.931+0000] {logging_mixin.py:190} INFO - [2026-08-14T03:49:54.931+0000] {dagbag.py:588} INFO - Filling up the DagBag from /opt/airflow/dags/weather_dag.py
[2026-08-14T03:49:54.942+0000] {processor.py:925} INFO - DAG(s) 'weather_ingestion' retrieved from /opt/airflow/dags/weather_dag.py
[2026-08-14T03:49:54.963+0000] {logging_mixin.py:190} INFO - [2026-08-14T03:49:54.963+0000] {dag.py:3239} INFO - Sync 1 DAGs
[2026-08-14T03:49:54.979+0000] {logging_mixin.py:190} INFO - [2026-08-14T03:49:54.979+0000] {dag.py:4180} INFO - Setting next_dagrun for weather_ingestion to 2026-08-14 03:00:00+00:00, run_after=2026-08-14 04:00:00+00:00
[2026-08-14T03:49:54.988+0000] {processor.py:208} INFO - Processing /opt/airflow/dags/weather_dag.py took 0.067 seconds
[2026-08-14T03:50:25.323+0000] {processor.py:186} INFO - Started process (PID=14977) to work on /opt/airflow/dags/weather_dag.py
[2026-08-14T03:50:25.325+0000] {processor.py:914} INFO - Processing file /opt/airflow/dags/weather_dag.py for tasks to queue
[2026-08-14T03:50:25.330+0000] {logging_mixin.py:190} INFO - [2026-08-14T03:50:25.329+0000] {dagbag.py:588} INFO - Filling up the DagBag from /opt/airflow/dags/weather_dag.py
[2026-08-14T03:50:25.350+0000] {processor.py:925} INFO - DAG(s) 'weather_ingestion' retrieved from /opt/airflow/dags/weather_dag.py
[2026-08-14T03:50:25.381+0000] {logging_mixin.py:190} INFO - [2026-08-14T03:50:25.380+0000] {dag.py:3239} INFO - Sync 1 DAGs
[2026-08-14T03:50:25.399+0000] {logging_mixin.py:190} INFO - [2026-08-14T03:50:25.399+0000] {dag.py:4180} INFO - Setting next_dagrun for weather_ingestion to 2026-08-14 03:00:00+00:00, run_after=2026-08-14 04:00:00+00:00
[2026-08-14T03:50:25.410+0000] {processor.py:208} INFO - Processing /opt/airflow/dags/weather_dag.py took 0.096 seconds
[2026-08-14T03:50:55.722+0000] {processor.py:186} INFO - Started process (PID=14982) to work on /opt/airflow/dags/weather_dag.py
[2026-08-14T03:50:55.723+0000] {processor.py:914} INFO - Processing file /opt/airflow/dags/weather_dag.py for tasks to queue
[2026-08-14T03:50:55.726+0000] {logging_mixin.py:190} INFO - [2026-08-14T03:50:55.726+0000] {dagbag.py:588} INFO - Filling up the DagBag from /opt/airflow/dags/weather_dag.py
[2026-08-14T03:50:55.738+0000] {processor.py:925} INFO - DAG(s) 'weather_ingestion' retrieved from /opt/airflow/dags/weather_dag.py
[2026-08-14T03:50:55.758+0000] {logging_mixin.py:190} INFO - [2026-08-14T03:50:55.758+0000] {dag.py:3239} INFO - Sync 1 DAGs
[2026-08-14T03:50:55.772+0000] {logging_mixin.py:190} INFO - [2026-08-14T03:50:55.772+0000] {dag.py:4180} INFO - Setting next_dagrun for weather_ingestion to 2026-08-14 03:00:00+00:00, run_after=2026-08-14 04:00:00+00:00
[2026-08-14T03:50:55.780+0000] {processor.py:208} INFO - Processing /opt/airflow/dags/weather_dag.py took 0.065 seconds
[2026-08-14T03:51:26.243+0000] {processor.py:186} INFO - Started process (PID=14987) to work on /opt/airflow/dags/weather_dag.py
[2026-08-14T03:51:26.244+0000] {processor.py:914} INFO - Processing file /opt/airflow/dags/weather_dag.py for tasks to queue
[2026-08-14T03:51:26.247+0000] {logging_mixin.py:190} INFO - [2026-08-14T03:51:26.246+0000] {dagbag.py:588} INFO - Filling up the DagBag from /opt/airflow/dags/weather_dag.py
[2026-08-14T03:51:26.258+0000] {processor.py:925} INFO - DAG(s) 'weather_ingestion' retrieved from /opt/airflow/dags/weather_dag.py
[2026-08-14T03:51:26.277+0000] {logging_mixin.py:190} INFO - [2026-08-14T03:51:26.277+0000] {dag.py:3239} INFO - Sync 1 DAGs
[2026-08-14T03:51:26.293+0000] {logging_mixin.py:190} INFO - [2026-08-14T03:51:26.293+0000] {dag.py:4180} INFO - Setting next_dagrun for weather_ingestion to 2026-08-14 03:00:00+00:00, run_after=2026-08-14 04:00:00+00:00
[2026-08-14T03:51:26.304+0000] {processor.py:208} INFO - Processing /opt/airflow/dags/weather_dag.py took 0.072 seconds
[2026-08-14T03:51:56.867+0000] {processor.py:186} INFO - Started process (PID=14992) to work on /opt/airflow/dags/weather_dag.py
[2026-08-14T03:51:56.869+0000] {processor.py:914} INFO - Processing file /opt/airflow/dags/weather_dag.py for tasks to queue
[2026-08-14T03:51:56.873+0000] {logging_mixin.py:190} INFO - [2026-08-14T03:51:56.872+0000] {dagbag.py:588} INFO - Filling up the DagBag from /opt/airflow/dags/weather_dag.py
[2026-08-14T03:51:56.889+0000] {processor.py:925} INFO - DAG(s) 'weather_ingestion' retrieved from /opt/airflow/dags/weather_dag.py
[2026-08-14T03:51:56.912+0000] {logging_mixin.py:190} INFO - [2026-08-14T03:51:56.911+0000] {dag.py:3239} INFO - Sync 1 DAGs
[2026-08-14T03:51:56.925+0000] {logging_mixin.py:190} INFO - [2026-08-14T03:51:56.924+0000] {dag.py:4180} INFO - Setting next_dagrun for weather_ingestion to 2026-08-14 03:00:00+00:00, run_after=2026-08-14 04:00:00+00:00
[2026-08-14T03:51:56.932+0000] {processor.py:208} INFO - Processing /opt/airflow/dags/weather_dag.py took 0.077 seconds
[2026-08-14T03:52:27.230+0000] {processor.py:186} INFO - Started process (PID=14997) to work on /opt/airflow/dags/weather_dag.py
[2026-08-14T03:52:27.232+0000] {processor.py:914} INFO - Processing file /opt/airflow/dags/weather_dag.py for tasks to queue
[2026-08-14T03:52:27.235+0000] {logging_mixin.py:190} INFO - [2026-08-14T03:52:27.235+0000] {dagbag.py:588} INFO - Filling up the DagBag from /opt/airflow/dags/weather_dag.py
[2026-08-14T03:52:27.248+0000] {processor.py:925} INFO - DAG(s) 'weather_ingestion' retrieved from /opt/airflow/dags/weather_dag.py
[2026-08-14T03:52:27.275+0000] {logging_mixin.py:190} INFO - [2026-08-14T03:52:27.275+0000] {dag.py:3239} INFO - Sync 1 DAGs
[2026-08-14T03:52:27.291+0000] {logging_mixin.py:190} INFO - [2026-08-14T03:52:27.291+0000] {dag.py:4180} INFO - Setting next_dagrun for weather_ingestion to 2026-08-14 03:00:00+00:00, run_after=2026-08-14 04:00:00+00:00
[2026-08-14T03:52:27.300+0000] {processor.py:208} INFO - Processing /opt/airflow/dags/weather_dag.py took 0.077 seconds
[2026-08-14T03:52:57.665+0000] {processor.py:186} INFO - Started process (PID=15002) to work on /opt/airflow/dags/weather_dag.py
[2026-08-14T03:52:57.666+0000] {processor.py:914} INFO - Processing file /opt/airflow/dags/weather_dag.py for tasks to queue
[2026-08-14T03:52:57.669+0000] {logging_mixin.py:190} INFO - [2026-08-14T03:52:57.669+0000] {dagbag.py:588} INFO - Filling up the DagBag from /opt/airflow/dags/weather_dag.py
[2026-08-14T03:52:57.679+0000] {processor.py:925} INFO - DAG(s) 'weather_ingestion' retrieved from /opt/airflow/dags/weather_dag.py
[2026-08-14T03:52:57.703+0000] {logging_mixin.py:190} INFO - [2026-08-14T03:52:57.703+0000] {dag.py:3239} INFO - Sync 1 DAGs
[2026-08-14T03:52:57.718+0000] {logging_mixin.py:190} INFO - [2026-08-14T03:52:57.718+0000] {dag.py:4180} INFO - Setting next_dagrun for weather_ingestion to 2026-08-14 03:00:00+00:00, run_after=2026-08-14 04:00:00+00:00
[2026-08-14T03:52:57.726+0000] {processor.py:208} INFO - Processing /opt/airflow/dags/weather_dag.py took 0.068 seconds
[2026-08-14T03:53:28.014+0000] {processor.py:186} INFO - Started process (PID=15007) to work on /opt/airflow/dags/weather_dag.py
[2026-08-14T03:53:28.017+0000] {processor.py:914} INFO - Processing file /opt/airflow/dags/weather_dag.py for tasks to queue
[2026-08-14T03:53:28.021+0000] {logging_mixin.py:190} INFO - [2026-08-14T03:53:28.020+0000] {dagbag.py:588} INFO - Filling up the DagBag from /opt/airflow/dags/weather_dag.py
[2026-08-14T03:53:28.037+0000] {processor.py:925} INFO - DAG(s) 'weather_ingestion' retrieved from /opt/airflow/dags/weather_dag.py
[2026-08-14T03:53:28.059+0000] {logging_mixin.py:190} INFO - [2026-08-14T03:53:28.059+0000] {dag.py:3239} INFO - Sync 1 DAGs
[2026-08-14T03:53:28.073+0000] {logging_mixin.py:190} INFO - [2026-08-14T03:53:28.073+0000] {dag.py:4180} INFO - Setting next_dagrun for weather_ingestion to 2026-08-14 03:00:00+00:00, run_after=2026-08-14 04:00:00+00:00
[2026-08-14T03:53:28.080+0000] {processor.py:208} INFO - Processing /opt/airflow/dags/weather_dag.py took 0.074 seconds
[2026-08-14T03:53:58.316+0000] {processor.py:186} INFO - Started process (PID=15012) to work on /opt/airflow/dags/weather_dag.py
[2026-08-14T03:53:58.317+0000] {processor.py:914} INFO - Processing file /opt/airflow/dags/weather_dag.py for tasks to queue
[2026-08-14T03:53:58.321+0000] {logging_mixin.py:190} INFO - [2026-08-14T03:53:58.320+0000] {dagbag.py:588} INFO - Filling up the DagBag from /opt/airflow/dags/weather_dag.py
[2026-08-14T03:53:58.332+0000] {processor.py:925} INFO - DAG(s) 'weather_ingestion' retrieved from /opt/airflow/dags/weather_dag.py
[2026-08-14T03:53:58.350+0000] {logging_mixin.py:190} INFO - [2026-08-14T03:53:58.350+0000] {dag.py:3239} INFO - Sync 1 DAGs
[2026-08-14T03:53:58.362+0000] {logging_mixin.py:190} INFO - [2026-08-14T03:53:58.362+0000] {dag.py:4180} INFO - Setting next_dagrun for weather_ingestion to 2026-08-14 03:00:00+00:00, run_after=2026-08-14 04:00:00+00:00
[2026-08-14T03:53:58.369+0000] {processor.py:208} INFO - Processing /opt/airflow/dags/weather_dag.py took 0.061 seconds
[2026-08-14T03:54:28.673+0000] {processor.py:186} INFO - Started process (PID=15017) to work on /opt/airflow/dags/weather_dag.py
[2026-08-14T03:54:28.675+0000] {processor.py:914} INFO - Processing file /opt/airflow/dags/weather_dag.py for tasks to queue
[2026-08-14T03:54:28.677+0000] {logging_mixin.py:190} INFO - [2026-08-14T03:54:28.677+0000] {dagbag.py:588} INFO - Filling up the DagBag from /opt/airflow/dags/weather_dag.py
[2026-08-14T03:54:28.687+0000] {processor.py:925} INFO - DAG(s) 'weather_ingestion' retrieved from /opt/airflow/dags/weather_dag.py
[2026-08-14T03:54:28.705+0000] {logging_mixin.py:190} INFO - [2026-08-14T03:54:28.705+0000] {dag.py:3239} INFO - Sync 1 DAGs
[2026-08-14T03:54:28.716+0000] {logging_mixin.py:190} INFO - [2026-08-14T03:54:28.716+0000] {dag.py:4180} INFO - Setting next_dagrun for weather_ingestion to 2026-08-14 03:00:00+00:00, run_after=2026-08-14 04:00:00+00:00
[2026-08-14T03:54:28.724+0000] {processor.py:208} INFO - Processing /opt/airflow/dags/weather_dag.py took 0.056 seconds
[2026-08-14T03:54:59.013+0000] {processor.py:186} INFO - Started process (PID=15022) to work on /opt/airflow/dags/weather_dag.py
[2026-08-14T03:54:59.015+0000] {processor.py:914} INFO - Processing file /opt/airflow/dags/weather_dag.py for tasks to queue
[2026-08-14T03:54:59.017+0000] {logging_mixin.py:190} INFO - [2026-08-14T03:54:59.016+0000] {dagbag.py:588} INFO - Filling up the DagBag from /opt/airflow/dags/weather_dag.py
[2026-08-14T03:54:59.027+0000] {processor.py:925} INFO - DAG(s) 'weather_ingestion' retrieved from /opt/airflow/dags/weather_dag.py
[2026-08-14T03:54:59.047+0000] {logging_mixin.py:190} INFO - [2026-08-14T03:54:59.047+0000] {dag.py:3239} INFO - Sync 1 DAGs
[2026-08-14T03:54:59.062+0000] {logging_mixin.py:190} INFO - [2026-08-14T03:54:59.062+0000] {dag.py:4180} INFO - Setting next_dagrun for weather_ingestion to 2026-08-14 03:00:00+00:00, run_after=2026-08-14 04:00:00+00:00
[2026-08-14T03:54:59.071+0000] {processor.py:208} INFO - Processing /opt/airflow/dags/weather_dag.py took 0.063 seconds
[2026-08-14T03:55:29.385+0000] {processor.py:186} INFO - Started process (PID=15027) to work on /opt/airflow/dags/weather_dag.py
[2026-08-14T03:55:29.388+0000] {processor.py:914} INFO - Processing file /opt/airflow/dags/weather_dag.py for tasks to queue
[2026-08-14T03:55:29.390+0000] {logging_mixin.py:190} INFO - [2026-08-14T03:55:29.390+0000] {dagbag.py:588} INFO - Filling up the DagBag from /opt/airflow/dags/weather_dag.py
[2026-08-14T03:55:29.403+0000] {processor.py:925} INFO - DAG(s) 'weather_ingestion' retrieved from /opt/airflow/dags/weather_dag.py
[2026-08-14T03:55:29.423+0000] {logging_mixin.py:190} INFO - [2026-08-14T03:55:29.423+0000] {dag.py:3239} INFO - Sync 1 DAGs
[2026-08-14T03:55:29.438+0000] {logging_mixin.py:190} INFO - [2026-08-14T03:55:29.438+0000] {dag.py:4180} INFO - Setting next_dagrun for weather_ingestion to 2026-08-14 03:00:00+00:00, run_after=2026-08-14 04:00:00+00:00
[2026-08-14T03:55:29.446+0000] {processor.py:208} INFO - Processing /opt/airflow/dags/weather_dag.py took 0.068 seconds
[2026-08-14T03:55:59.714+0000] {processor.py:186} INFO - Started process (PID=15032) to work on /opt/airflow/dags/weather_dag.py
[2026-08-14T03:55:59.717+0000] {processor.py:914} INFO - Processing file /opt/airflow/dags/weather_dag.py for tasks to queue
[2026-08-14T03:55:59.719+0000] {logging_mixin.py:190} INFO - [2026-08-14T03:55:59.719+0000] {dagbag.py:588} INFO - Filling up the DagBag from /opt/airflow/dags/weather_dag.py
[2026-08-14T03:55:59.731+0000] {processor.py:925} INFO - DAG(s) 'weather_ingestion' retrieved from /opt/airflow/dags/weather_dag.py
[2026-08-14T03:55:59.752+0000] {logging_mixin.py:190} INFO - [2026-08-14T03:55:59.751+0000] {dag.py:3239} INFO - Sync 1 DAGs
[2026-08-14T03:55:59.764+0000] {logging_mixin.py:190} INFO - [2026-08-14T03:55:59.764+0000] {dag.py:4180} INFO - Setting next_dagrun for weather_ingestion to 2026-08-14 03:00:00+00:00, run_after=2026-08-14 04:00:00+00:00
[2026-08-14T03:55:59.773+0000] {processor.py:208} INFO - Processing /opt/airflow/dags/weather_dag.py took 0.066 seconds
[2026-08-14T03:56:30.108+0000] {processor.py:186} INFO - Started process (PID=15037) to work on /opt/airflow/dags/weather_dag.py
[2026-08-14T03:56:30.110+0000] {processor.py:914} INFO - Processing file /opt/airflow/dags/weather_dag.py for tasks to queue
[2026-08-14T03:56:30.113+0000] {logging_mixin.py:190} INFO - [2026-08-14T03:56:30.113+0000] {dagbag.py:588} INFO - Filling up the DagBag from /opt/airflow/dags/weather_dag.py
[2026-08-14T03:56:30.128+0000] {processor.py:925} INFO - DAG(s) 'weather_ingestion' retrieved from /opt/airflow/dags/weather_dag.py
[2026-08-14T03:56:30.151+0000] {logging_mixin.py:190} INFO - [2026-08-14T03:56:30.151+0000] {dag.py:3239} INFO - Sync 1 DAGs
[2026-08-14T03:56:30.164+0000] {logging_mixin.py:190} INFO - [2026-08-14T03:56:30.164+0000] {dag.py:4180} INFO - Setting next_dagrun for weather_ingestion to 2026-08-14 03:00:00+00:00, run_after=2026-08-14 04:00:00+00:00
[2026-08-14T03:56:30.172+0000] {processor.py:208} INFO - Processing /opt/airflow/dags/weather_dag.py took 0.072 seconds
[2026-08-14T03:57:00.519+0000] {processor.py:186} INFO - Started process (PID=15042) to work on /opt/airflow/dags/weather_dag.py
[2026-08-14T03:57:00.521+0000] {processor.py:914} INFO - Processing file /opt/airflow/dags/weather_dag.py for tasks to queue
[2026-08-14T03:57:00.524+0000] {logging_mixin.py:190} INFO - [2026-08-14T03:57:00.523+0000] {dagbag.py:588} INFO - Filling up the DagBag from /opt/airflow/dags/weather_dag.py
[2026-08-14T03:57:00.533+0000] {processor.py:925} INFO - DAG(s) 'weather_ingestion' retrieved from /opt/airflow/dags/weather_dag.py
[2026-08-14T03:57:00.552+0000] {logging_mixin.py:190} INFO - [2026-08-14T03:57:00.551+0000] {dag.py:3239} INFO - Sync 1 DAGs
[2026-08-14T03:57:00.563+0000] {logging_mixin.py:190} INFO - [2026-08-14T03:57:00.563+0000] {dag.py:4180} INFO - Setting next_dagrun for weather_ingestion to 2026-08-14 03:00:00+00:00, run_after=2026-08-14 04:00:00+00:00
[2026-08-14T03:57:00.571+0000] {processor.py:208} INFO - Processing /opt/airflow/dags/weather_dag.py took 0.058 seconds
[2026-08-14T03:57:30.948+0000] {processor.py:186} INFO - Started process (PID=15047) to work on /opt/airflow/dags/weather_dag.py
[2026-08-14T03:57:30.951+0000] {processor.py:914} INFO - Processing file /opt/airflow/dags/weather_dag.py for tasks to queue
[2026-08-14T03:57:30.953+0000] {logging_mixin.py:190} INFO - [2026-08-14T03:57:30.953+0000] {dagbag.py:588} INFO - Filling up the DagBag from /opt/airflow/dags/weather_dag.py
[2026-08-14T03:57:30.962+0000] {processor.py:925} INFO - DAG(s) 'weather_ingestion' retrieved from /opt/airflow/dags/weather_dag.py
[2026-08-14T03:57:30.981+0000] {logging_mixin.py:190} INFO - [2026-08-14T03:57:30.980+0000] {dag.py:3239} INFO - Sync 1 DAGs
[2026-08-14T03:57:30.993+0000] {logging_mixin.py:190} INFO - [2026-08-14T03:57:30.993+0000] {dag.py:4180} INFO - Setting next_dagrun for weather_ingestion to 2026-08-14 03:00:00+00:00, run_after=2026-08-14 04:00:00+00:00
[2026-08-14T03:57:31.001+0000] {processor.py:208} INFO - Processing /opt/airflow/dags/weather_dag.py took 0.060 seconds
[2026-08-14T03:58:01.354+0000] {processor.py:186} INFO - Started process (PID=15052) to work on /opt/airflow/dags/weather_dag.py
[2026-08-14T03:58:01.355+0000] {processor.py:914} INFO - Processing file /opt/airflow/dags/weather_dag.py for tasks to queue
[2026-08-14T03:58:01.357+0000] {logging_mixin.py:190} INFO - [2026-08-14T03:58:01.357+0000] {dagbag.py:588} INFO - Filling up the DagBag from /opt/airflow/dags/weather_dag.py
[2026-08-14T03:58:01.367+0000] {processor.py:925} INFO - DAG(s) 'weather_ingestion' retrieved from /opt/airflow/dags/weather_dag.py
[2026-08-14T03:58:01.389+0000] {logging_mixin.py:190} INFO - [2026-08-14T03:58:01.388+0000] {dag.py:3239} INFO - Sync 1 DAGs
[2026-08-14T03:58:01.404+0000] {logging_mixin.py:190} INFO - [2026-08-14T03:58:01.404+0000] {dag.py:4180} INFO - Setting next_dagrun for weather_ingestion to 2026-08-14 03:00:00+00:00, run_after=2026-08-14 04:00:00+00:00
[2026-08-14T03:58:01.414+0000] {processor.py:208} INFO - Processing /opt/airflow/dags/weather_dag.py took 0.065 seconds
[2026-08-14T03:58:31.690+0000] {processor.py:186} INFO - Started process (PID=15057) to work on /opt/airflow/dags/weather_dag.py
[2026-08-14T03:58:31.693+0000] {processor.py:914} INFO - Processing file /opt/airflow/dags/weather_dag.py for tasks to queue
[2026-08-14T03:58:31.694+0000] {logging_mixin.py:190} INFO - [2026-08-14T03:58:31.694+0000] {dagbag.py:588} INFO - Filling up the DagBag from /opt/airflow/dags/weather_dag.py
[2026-08-14T03:58:31.705+0000] {processor.py:925} INFO - DAG(s) 'weather_ingestion' retrieved from /opt/airflow/dags/weather_dag.py
[2026-08-14T03:58:31.724+0000] {logging_mixin.py:190} INFO - [2026-08-14T03:58:31.724+0000] {dag.py:3239} INFO - Sync 1 DAGs
[2026-08-14T03:58:31.735+0000] {logging_mixin.py:190} INFO - [2026-08-14T03:58:31.735+0000] {dag.py:4180} INFO - Setting next_dagrun for weather_ingestion to 2026-08-14 03:00:00+00:00, run_after=2026-08-14 04:00:00+00:00
[2026-08-14T03:58:31.743+0000] {processor.py:208} INFO - Processing /opt/airflow/dags/weather_dag.py took 0.059 seconds
[2026-08-14T03:59:02.104+0000] {processor.py:186} INFO - Started process (PID=15062) to work on /opt/airflow/dags/weather_dag.py
[2026-08-14T03:59:02.105+0000] {processor.py:914} INFO - Processing file /opt/airflow/dags/weather_dag.py for tasks to queue
[2026-08-14T03:59:02.107+0000] {logging_mixin.py:190} INFO - [2026-08-14T03:59:02.107+0000] {dagbag.py:588} INFO - Filling up the DagBag from /opt/airflow/dags/weather_dag.py
[2026-08-14T03:59:02.117+0000] {processor.py:925} INFO - DAG(s) 'weather_ingestion' retrieved from /opt/airflow/dags/weather_dag.py
[2026-08-14T03:59:02.136+0000] {logging_mixin.py:190} INFO - [2026-08-14T03:59:02.135+0000] {dag.py:3239} INFO - Sync 1 DAGs
[2026-08-14T03:59:02.147+0000] {logging_mixin.py:190} INFO - [2026-08-14T03:59:02.147+0000] {dag.py:4180} INFO - Setting next_dagrun for weather_ingestion to 2026-08-14 03:00:00+00:00, run_after=2026-08-14 04:00:00+00:00
[2026-08-14T03:59:02.154+0000] {processor.py:208} INFO - Processing /opt/airflow/dags/weather_dag.py took 0.057 seconds
[2026-08-14T03:59:32.509+0000] {processor.py:186} INFO - Started process (PID=15067) to work on /opt/airflow/dags/weather_dag.py
[2026-08-14T03:59:32.511+0000] {processor.py:914} INFO - Processing file /opt/airflow/dags/weather_dag.py for tasks to queue
[2026-08-14T03:59:32.513+0000] {logging_mixin.py:190} INFO - [2026-08-14T03:59:32.513+0000] {dagbag.py:588} INFO - Filling up the DagBag from /opt/airflow/dags/weather_dag.py
[2026-08-14T03:59:32.524+0000] {processor.py:925} INFO - DAG(s) 'weather_ingestion' retrieved from /opt/airflow/dags/weather_dag.py
[2026-08-14T03:59:32.543+0000] {logging_mixin.py:190} INFO - [2026-08-14T03:59:32.543+0000] {dag.py:3239} INFO - Sync 1 DAGs
[2026-08-14T03:59:32.554+0000] {logging_mixin.py:190} INFO - [2026-08-14T03:59:32.554+0000] {dag.py:4180} INFO - Setting next_dagrun for weather_ingestion to 2026-08-14 03:00:00+00:00, run_after=2026-08-14 04:00:00+00:00
[2026-08-14T03:59:32.562+0000] {processor.py:208} INFO - Processing /opt/airflow/dags/weather_dag.py took 0.061 seconds
[2026-08-14T04:00:02.925+0000] {processor.py:186} INFO - Started process (PID=15077) to work on /opt/airflow/dags/weather_dag.py
[2026-08-14T04:00:02.926+0000] {processor.py:914} INFO - Processing file /opt/airflow/dags/weather_dag.py for tasks to queue
[2026-08-14T04:00:02.927+0000] {logging_mixin.py:190} INFO - [2026-08-14T04:00:02.927+0000] {dagbag.py:588} INFO - Filling up the DagBag from /opt/airflow/dags/weather_dag.py
[2026-08-14T04:00:02.935+0000] {processor.py:925} INFO - DAG(s) 'weather_ingestion' retrieved from /opt/airflow/dags/weather_dag.py
[2026-08-14T04:00:02.953+0000] {logging_mixin.py:190} INFO - [2026-08-14T04:00:02.953+0000] {dag.py:3239} INFO - Sync 1 DAGs
[2026-08-14T04:00:02.967+0000] {logging_mixin.py:190} INFO - [2026-08-14T04:00:02.967+0000] {dag.py:4180} INFO - Setting next_dagrun for weather_ingestion to 2026-08-14 04:00:00+00:00, run_after=2026-08-14 05:00:00+00:00
[2026-08-14T04:00:02.974+0000] {processor.py:208} INFO - Processing /opt/airflow/dags/weather_dag.py took 0.054 seconds
[2026-08-14T04:00:33.417+0000] {processor.py:186} INFO - Started process (PID=15082) to work on /opt/airflow/dags/weather_dag.py
[2026-08-14T04:00:33.419+0000] {processor.py:914} INFO - Processing file /opt/airflow/dags/weather_dag.py for tasks to queue
[2026-08-14T04:00:33.423+0000] {logging_mixin.py:190} INFO - [2026-08-14T04:00:33.422+0000] {dagbag.py:588} INFO - Filling up the DagBag from /opt/airflow/dags/weather_dag.py
[2026-08-14T04:00:33.438+0000] {processor.py:925} INFO - DAG(s) 'weather_ingestion' retrieved from /opt/airflow/dags/weather_dag.py
[2026-08-14T04:00:33.461+0000] {logging_mixin.py:190} INFO - [2026-08-14T04:00:33.461+0000] {dag.py:3239} INFO - Sync 1 DAGs
[2026-08-14T04:00:33.472+0000] {logging_mixin.py:190} INFO - [2026-08-14T04:00:33.472+0000] {dag.py:4180} INFO - Setting next_dagrun for weather_ingestion to 2026-08-14 04:00:00+00:00, run_after=2026-08-14 05:00:00+00:00
[2026-08-14T04:00:33.479+0000] {processor.py:208} INFO - Processing /opt/airflow/dags/weather_dag.py took 0.071 seconds
[2026-08-14T04:01:03.818+0000] {processor.py:186} INFO - Started process (PID=15087) to work on /opt/airflow/dags/weather_dag.py
[2026-08-14T04:01:03.821+0000] {processor.py:914} INFO - Processing file /opt/airflow/dags/weather_dag.py for tasks to queue
[2026-08-14T04:01:03.823+0000] {logging_mixin.py:190} INFO - [2026-08-14T04:01:03.823+0000] {dagbag.py:588} INFO - Filling up the DagBag from /opt/airflow/dags/weather_dag.py
[2026-08-14T04:01:03.835+0000] {processor.py:925} INFO - DAG(s) 'weather_ingestion' retrieved from /opt/airflow/dags/weather_dag.py
[2026-08-14T04:01:03.853+0000] {logging_mixin.py:190} INFO - [2026-08-14T04:01:03.853+0000] {dag.py:3239} INFO - Sync 1 DAGs
[2026-08-14T04:01:03.865+0000] {logging_mixin.py:190} INFO - [2026-08-14T04:01:03.865+0000] {dag.py:4180} INFO - Setting next_dagrun for weather_ingestion to 2026-08-14 04:00:00+00:00, run_after=2026-08-14 05:00:00+00:00
[2026-08-14T04:01:03.872+0000] {processor.py:208} INFO - Processing /opt/airflow/dags/weather_dag.py took 0.061 seconds
[2026-08-14T04:01:34.243+0000] {processor.py:186} INFO - Started process (PID=15092) to work on /opt/airflow/dags/weather_dag.py
[2026-08-14T04:01:34.244+0000] {processor.py:914} INFO - Processing file /opt/airflow/dags/weather_dag.py for tasks to queue
[2026-08-14T04:01:34.247+0000] {logging_mixin.py:190} INFO - [2026-08-14T04:01:34.247+0000] {dagbag.py:588} INFO - Filling up the DagBag from /opt/airflow/dags/weather_dag.py
[2026-08-14T04:01:34.257+0000] {processor.py:925} INFO - DAG(s) 'weather_ingestion' retrieved from /opt/airflow/dags/weather_dag.py
[2026-08-14T04:01:34.275+0000] {logging_mixin.py:190} INFO - [2026-08-14T04:01:34.275+0000] {dag.py:3239} INFO - Sync 1 DAGs
[2026-08-14T04:01:34.286+0000] {logging_mixin.py:190} INFO - [2026-08-14T04:01:34.286+0000] {dag.py:4180} INFO - Setting next_dagrun for weather_ingestion to 2026-08-14 04:00:00+00:00, run_after=2026-08-14 05:00:00+00:00
[2026-08-14T04:01:34.294+0000] {processor.py:208} INFO - Processing /opt/airflow/dags/weather_dag.py took 0.057 seconds
[2026-08-14T04:02:04.647+0000] {processor.py:186} INFO - Started process (PID=15102) to work on /opt/airflow/dags/weather_dag.py
[2026-08-14T04:02:04.649+0000] {processor.py:914} INFO - Processing file /opt/airflow/dags/weather_dag.py for tasks to queue
[2026-08-14T04:02:04.652+0000] {logging_mixin.py:190} INFO - [2026-08-14T04:02:04.651+0000] {dagbag.py:588} INFO - Filling up the DagBag from /opt/airflow/dags/weather_dag.py
[2026-08-14T04:02:04.665+0000] {processor.py:925} INFO - DAG(s) 'weather_ingestion' retrieved from /opt/airflow/dags/weather_dag.py
[2026-08-14T04:02:04.685+0000] {logging_mixin.py:190} INFO - [2026-08-14T04:02:04.685+0000] {dag.py:3239} INFO - Sync 1 DAGs
[2026-08-14T04:02:04.698+0000] {logging_mixin.py:190} INFO - [2026-08-14T04:02:04.698+0000] {dag.py:4180} INFO - Setting next_dagrun for weather_ingestion to 2026-08-14 04:00:00+00:00, run_after=2026-08-14 05:00:00+00:00
[2026-08-14T04:02:04.705+0000] {processor.py:208} INFO - Processing /opt/airflow/dags/weather_dag.py took 0.067 seconds
[2026-08-14T04:02:34.935+0000] {processor.py:186} INFO - Started process (PID=15501) to work on /opt/airflow/dags/weather_dag.py
[2026-08-14T04:02:34.936+0000] {processor.py:914} INFO - Processing file /opt/airflow/dags/weather_dag.py for tasks to queue
[2026-08-14T04:02:34.939+0000] {logging_mixin.py:190} INFO - [2026-08-14T04:02:34.938+0000] {dagbag.py:588} INFO - Filling up the DagBag from /opt/airflow/dags/weather_dag.py
[2026-08-14T04:02:34.948+0000] {processor.py:925} INFO - DAG(s) 'weather_ingestion' retrieved from /opt/airflow/dags/weather_dag.py
[2026-08-14T04:02:34.968+0000] {logging_mixin.py:190} INFO - [2026-08-14T04:02:34.967+0000] {dag.py:3239} INFO - Sync 1 DAGs
[2026-08-14T04:02:34.984+0000] {logging_mixin.py:190} INFO - [2026-08-14T04:02:34.984+0000] {dag.py:4180} INFO - Setting next_dagrun for weather_ingestion to 2026-08-14 04:00:00+00:00, run_after=2026-08-14 05:00:00+00:00
[2026-08-14T04:02:34.992+0000] {processor.py:208} INFO - Processing /opt/airflow/dags/weather_dag.py took 0.064 seconds
[2026-08-14T04:19:26.650+0000] {processor.py:186} INFO - Started process (PID=15506) to work on /opt/airflow/dags/weather_dag.py
[2026-08-14T04:19:26.652+0000] {processor.py:914} INFO - Processing file /opt/airflow/dags/weather_dag.py for tasks to queue
[2026-08-14T04:19:26.656+0000] {logging_mixin.py:190} INFO - [2026-08-14T04:19:26.656+0000] {dagbag.py:588} INFO - Filling up the DagBag from /opt/airflow/dags/weather_dag.py
[2026-08-14T04:19:26.676+0000] {processor.py:925} INFO - DAG(s) 'weather_ingestion' retrieved from /opt/airflow/dags/weather_dag.py
[2026-08-14T04:19:26.726+0000] {logging_mixin.py:190} INFO - [2026-08-14T04:19:26.726+0000] {dag.py:3239} INFO - Sync 1 DAGs
[2026-08-14T04:19:26.747+0000] {logging_mixin.py:190} INFO - [2026-08-14T04:19:26.747+0000] {dag.py:4180} INFO - Setting next_dagrun for weather_ingestion to 2026-08-14 04:00:00+00:00, run_after=2026-08-14 05:00:00+00:00
[2026-08-14T04:19:26.759+0000] {processor.py:208} INFO - Processing /opt/airflow/dags/weather_dag.py took 0.122 seconds
[2026-08-14T04:19:57.166+0000] {processor.py:186} INFO - Started process (PID=15511) to work on /opt/airflow/dags/weather_dag.py
[2026-08-14T04:19:57.168+0000] {processor.py:914} INFO - Processing file /opt/airflow/dags/weather_dag.py for tasks to queue
[2026-08-14T04:19:57.172+0000] {logging_mixin.py:190} INFO - [2026-08-14T04:19:57.172+0000] {dagbag.py:588} INFO - Filling up the DagBag from /opt/airflow/dags/weather_dag.py
[2026-08-14T04:19:57.189+0000] {processor.py:925} INFO - DAG(s) 'weather_ingestion' retrieved from /opt/airflow/dags/weather_dag.py
[2026-08-14T04:19:57.212+0000] {logging_mixin.py:190} INFO - [2026-08-14T04:19:57.212+0000] {dag.py:3239} INFO - Sync 1 DAGs
[2026-08-14T04:19:57.227+0000] {logging_mixin.py:190} INFO - [2026-08-14T04:19:57.227+0000] {dag.py:4180} INFO - Setting next_dagrun for weather_ingestion to 2026-08-14 04:00:00+00:00, run_after=2026-08-14 05:00:00+00:00
[2026-08-14T04:19:57.236+0000] {processor.py:208} INFO - Processing /opt/airflow/dags/weather_dag.py took 0.084 seconds
[2026-08-14T04:20:27.486+0000] {processor.py:186} INFO - Started process (PID=15516) to work on /opt/airflow/dags/weather_dag.py
[2026-08-14T04:20:27.488+0000] {processor.py:914} INFO - Processing file /opt/airflow/dags/weather_dag.py for tasks to queue
[2026-08-14T04:20:27.490+0000] {logging_mixin.py:190} INFO - [2026-08-14T04:20:27.490+0000] {dagbag.py:588} INFO - Filling up the DagBag from /opt/airflow/dags/weather_dag.py
[2026-08-14T04:20:27.503+0000] {processor.py:925} INFO - DAG(s) 'weather_ingestion' retrieved from /opt/airflow/dags/weather_dag.py
[2026-08-14T04:20:27.527+0000] {logging_mixin.py:190} INFO - [2026-08-14T04:20:27.527+0000] {dag.py:3239} INFO - Sync 1 DAGs
[2026-08-14T04:20:27.538+0000] {logging_mixin.py:190} INFO - [2026-08-14T04:20:27.538+0000] {dag.py:4180} INFO - Setting next_dagrun for weather_ingestion to 2026-08-14 04:00:00+00:00, run_after=2026-08-14 05:00:00+00:00
[2026-08-14T04:20:27.545+0000] {processor.py:208} INFO - Processing /opt/airflow/dags/weather_dag.py took 0.066 seconds
[2026-08-14T04:20:57.875+0000] {processor.py:186} INFO - Started process (PID=15521) to work on /opt/airflow/dags/weather_dag.py
[2026-08-14T04:20:57.878+0000] {processor.py:914} INFO - Processing file /opt/airflow/dags/weather_dag.py for tasks to queue
[2026-08-14T04:20:57.881+0000] {logging_mixin.py:190} INFO - [2026-08-14T04:20:57.880+0000] {dagbag.py:588} INFO - Filling up the DagBag from /opt/airflow/dags/weather_dag.py
[2026-08-14T04:20:57.891+0000] {processor.py:925} INFO - DAG(s) 'weather_ingestion' retrieved from /opt/airflow/dags/weather_dag.py
[2026-08-14T04:20:57.910+0000] {logging_mixin.py:190} INFO - [2026-08-14T04:20:57.910+0000] {dag.py:3239} INFO - Sync 1 DAGs
[2026-08-14T04:20:57.927+0000] {logging_mixin.py:190} INFO - [2026-08-14T04:20:57.927+0000] {dag.py:4180} INFO - Setting next_dagrun for weather_ingestion to 2026-08-14 04:00:00+00:00, run_after=2026-08-14 05:00:00+00:00
[2026-08-14T04:20:57.936+0000] {processor.py:208} INFO - Processing /opt/airflow/dags/weather_dag.py took 0.069 seconds
[2026-08-14T04:36:43.338+0000] {processor.py:186} INFO - Started process (PID=15526) to work on /opt/airflow/dags/weather_dag.py
[2026-08-14T04:36:43.341+0000] {processor.py:914} INFO - Processing file /opt/airflow/dags/weather_dag.py for tasks to queue
[2026-08-14T04:36:43.347+0000] {logging_mixin.py:190} INFO - [2026-08-14T04:36:43.346+0000] {dagbag.py:588} INFO - Filling up the DagBag from /opt/airflow/dags/weather_dag.py
[2026-08-14T04:36:43.376+0000] {processor.py:925} INFO - DAG(s) 'weather_ingestion' retrieved from /opt/airflow/dags/weather_dag.py
[2026-08-14T04:36:43.446+0000] {logging_mixin.py:190} INFO - [2026-08-14T04:36:43.446+0000] {dag.py:3239} INFO - Sync 1 DAGs
[2026-08-14T04:36:43.487+0000] {logging_mixin.py:190} INFO - [2026-08-14T04:36:43.487+0000] {dag.py:4180} INFO - Setting next_dagrun for weather_ingestion to 2026-08-14 04:00:00+00:00, run_after=2026-08-14 05:00:00+00:00
[2026-08-14T04:36:43.523+0000] {processor.py:208} INFO - Processing /opt/airflow/dags/weather_dag.py took 0.199 seconds
[2026-08-14T04:37:13.700+0000] {processor.py:186} INFO - Started process (PID=15531) to work on /opt/airflow/dags/weather_dag.py
[2026-08-14T04:37:13.703+0000] {processor.py:914} INFO - Processing file /opt/airflow/dags/weather_dag.py for tasks to queue
[2026-08-14T04:37:13.707+0000] {logging_mixin.py:190} INFO - [2026-08-14T04:37:13.706+0000] {dagbag.py:588} INFO - Filling up the DagBag from /opt/airflow/dags/weather_dag.py
[2026-08-14T04:37:13.726+0000] {processor.py:925} INFO - DAG(s) 'weather_ingestion' retrieved from /opt/airflow/dags/weather_dag.py
[2026-08-14T04:37:13.756+0000] {logging_mixin.py:190} INFO - [2026-08-14T04:37:13.756+0000] {dag.py:3239} INFO - Sync 1 DAGs
[2026-08-14T04:37:13.775+0000] {logging_mixin.py:190} INFO - [2026-08-14T04:37:13.775+0000] {dag.py:4180} INFO - Setting next_dagrun for weather_ingestion to 2026-08-14 04:00:00+00:00, run_after=2026-08-14 05:00:00+00:00
[2026-08-14T04:37:13.786+0000] {processor.py:208} INFO - Processing /opt/airflow/dags/weather_dag.py took 0.095 seconds
[2026-08-14T04:53:02.669+0000] {processor.py:186} INFO - Started process (PID=15536) to work on /opt/airflow/dags/weather_dag.py
[2026-08-14T04:53:02.676+0000] {processor.py:914} INFO - Processing file /opt/airflow/dags/weather_dag.py for tasks to queue
[2026-08-14T04:53:02.686+0000] {logging_mixin.py:190} INFO - [2026-08-14T04:53:02.680+0000] {dagbag.py:588} INFO - Filling up the DagBag from /opt/airflow/dags/weather_dag.py
[2026-08-14T04:53:02.775+0000] {processor.py:925} INFO - DAG(s) 'weather_ingestion' retrieved from /opt/airflow/dags/weather_dag.py
[2026-08-14T04:53:02.833+0000] {logging_mixin.py:190} INFO - [2026-08-14T04:53:02.833+0000] {dag.py:3239} INFO - Sync 1 DAGs
[2026-08-14T04:53:02.862+0000] {logging_mixin.py:190} INFO - [2026-08-14T04:53:02.862+0000] {dag.py:4180} INFO - Setting next_dagrun for weather_ingestion to 2026-08-14 04:00:00+00:00, run_after=2026-08-14 05:00:00+00:00
[2026-08-14T04:53:02.875+0000] {processor.py:208} INFO - Processing /opt/airflow/dags/weather_dag.py took 0.220 seconds
[2026-08-14T04:53:33.094+0000] {processor.py:186} INFO - Started process (PID=15541) to work on /opt/airflow/dags/weather_dag.py
[2026-08-14T04:53:33.096+0000] {processor.py:914} INFO - Processing file /opt/airflow/dags/weather_dag.py for tasks to queue
[2026-08-14T04:53:33.100+0000] {logging_mixin.py:190} INFO - [2026-08-14T04:53:33.099+0000] {dagbag.py:588} INFO - Filling up the DagBag from /opt/airflow/dags/weather_dag.py
[2026-08-14T04:53:33.120+0000] {processor.py:925} INFO - DAG(s) 'weather_ingestion' retrieved from /opt/airflow/dags/weather_dag.py
[2026-08-14T04:53:33.152+0000] {logging_mixin.py:190} INFO - [2026-08-14T04:53:33.152+0000] {dag.py:3239} INFO - Sync 1 DAGs
[2026-08-14T04:53:33.174+0000] {logging_mixin.py:190} INFO - [2026-08-14T04:53:33.174+0000] {dag.py:4180} INFO - Setting next_dagrun for weather_ingestion to 2026-08-14 04:00:00+00:00, run_after=2026-08-14 05:00:00+00:00
[2026-08-14T04:53:33.203+0000] {processor.py:208} INFO - Processing /opt/airflow/dags/weather_dag.py took 0.123 seconds
[2026-08-14T04:54:03.631+0000] {processor.py:186} INFO - Started process (PID=15546) to work on /opt/airflow/dags/weather_dag.py
[2026-08-14T04:54:03.633+0000] {processor.py:914} INFO - Processing file /opt/airflow/dags/weather_dag.py for tasks to queue
[2026-08-14T04:54:03.636+0000] {logging_mixin.py:190} INFO - [2026-08-14T04:54:03.635+0000] {dagbag.py:588} INFO - Filling up the DagBag from /opt/airflow/dags/weather_dag.py
[2026-08-14T04:54:03.645+0000] {processor.py:925} INFO - DAG(s) 'weather_ingestion' retrieved from /opt/airflow/dags/weather_dag.py
[2026-08-14T04:54:03.664+0000] {logging_mixin.py:190} INFO - [2026-08-14T04:54:03.664+0000] {dag.py:3239} INFO - Sync 1 DAGs
[2026-08-14T04:54:03.676+0000] {logging_mixin.py:190} INFO - [2026-08-14T04:54:03.676+0000] {dag.py:4180} INFO - Setting next_dagrun for weather_ingestion to 2026-08-14 04:00:00+00:00, run_after=2026-08-14 05:00:00+00:00
[2026-08-14T04:54:03.688+0000] {processor.py:208} INFO - Processing /opt/airflow/dags/weather_dag.py took 0.064 seconds
[2026-08-14T04:54:34.030+0000] {processor.py:186} INFO - Started process (PID=15551) to work on /opt/airflow/dags/weather_dag.py
[2026-08-14T04:54:34.032+0000] {processor.py:914} INFO - Processing file /opt/airflow/dags/weather_dag.py for tasks to queue
[2026-08-14T04:54:34.035+0000] {logging_mixin.py:190} INFO - [2026-08-14T04:54:34.034+0000] {dagbag.py:588} INFO - Filling up the DagBag from /opt/airflow/dags/weather_dag.py
[2026-08-14T04:54:34.045+0000] {processor.py:925} INFO - DAG(s) 'weather_ingestion' retrieved from /opt/airflow/dags/weather_dag.py
[2026-08-14T04:54:34.067+0000] {logging_mixin.py:190} INFO - [2026-08-14T04:54:34.067+0000] {dag.py:3239} INFO - Sync 1 DAGs
[2026-08-14T04:54:34.079+0000] {logging_mixin.py:190} INFO - [2026-08-14T04:54:34.079+0000] {dag.py:4180} INFO - Setting next_dagrun for weather_ingestion to 2026-08-14 04:00:00+00:00, run_after=2026-08-14 05:00:00+00:00
[2026-08-14T04:54:34.086+0000] {processor.py:208} INFO - Processing /opt/airflow/dags/weather_dag.py took 0.063 seconds
[2026-08-14T04:55:04.426+0000] {processor.py:186} INFO - Started process (PID=15556) to work on /opt/airflow/dags/weather_dag.py
[2026-08-14T04:55:04.429+0000] {processor.py:914} INFO - Processing file /opt/airflow/dags/weather_dag.py for tasks to queue
[2026-08-14T04:55:04.434+0000] {logging_mixin.py:190} INFO - [2026-08-14T04:55:04.433+0000] {dagbag.py:588} INFO - Filling up the DagBag from /opt/airflow/dags/weather_dag.py
[2026-08-14T04:55:04.450+0000] {processor.py:925} INFO - DAG(s) 'weather_ingestion' retrieved from /opt/airflow/dags/weather_dag.py
[2026-08-14T04:55:04.473+0000] {logging_mixin.py:190} INFO - [2026-08-14T04:55:04.473+0000] {dag.py:3239} INFO - Sync 1 DAGs
[2026-08-14T04:55:04.488+0000] {logging_mixin.py:190} INFO - [2026-08-14T04:55:04.488+0000] {dag.py:4180} INFO - Setting next_dagrun for weather_ingestion to 2026-08-14 04:00:00+00:00, run_after=2026-08-14 05:00:00+00:00
[2026-08-14T04:55:04.497+0000] {processor.py:208} INFO - Processing /opt/airflow/dags/weather_dag.py took 0.084 seconds
[2026-08-14T04:55:34.787+0000] {processor.py:186} INFO - Started process (PID=15561) to work on /opt/airflow/dags/weather_dag.py
[2026-08-14T04:55:34.791+0000] {processor.py:914} INFO - Processing file /opt/airflow/dags/weather_dag.py for tasks to queue
[2026-08-14T04:55:34.793+0000] {logging_mixin.py:190} INFO - [2026-08-14T04:55:34.793+0000] {dagbag.py:588} INFO - Filling up the DagBag from /opt/airflow/dags/weather_dag.py
[2026-08-14T04:55:34.801+0000] {processor.py:925} INFO - DAG(s) 'weather_ingestion' retrieved from /opt/airflow/dags/weather_dag.py
[2026-08-14T04:55:34.819+0000] {logging_mixin.py:190} INFO - [2026-08-14T04:55:34.819+0000] {dag.py:3239} INFO - Sync 1 DAGs
[2026-08-14T04:55:34.830+0000] {logging_mixin.py:190} INFO - [2026-08-14T04:55:34.830+0000] {dag.py:4180} INFO - Setting next_dagrun for weather_ingestion to 2026-08-14 04:00:00+00:00, run_after=2026-08-14 05:00:00+00:00
[2026-08-14T04:55:34.838+0000] {processor.py:208} INFO - Processing /opt/airflow/dags/weather_dag.py took 0.060 seconds
[2026-08-14T05:11:14.418+0000] {processor.py:186} INFO - Started process (PID=15566) to work on /opt/airflow/dags/weather_dag.py
[2026-08-14T05:11:14.419+0000] {processor.py:914} INFO - Processing file /opt/airflow/dags/weather_dag.py for tasks to queue
[2026-08-14T05:11:14.422+0000] {logging_mixin.py:190} INFO - [2026-08-14T05:11:14.422+0000] {dagbag.py:588} INFO - Filling up the DagBag from /opt/airflow/dags/weather_dag.py
[2026-08-14T05:11:14.451+0000] {processor.py:925} INFO - DAG(s) 'weather_ingestion' retrieved from /opt/airflow/dags/weather_dag.py
[2026-08-14T05:11:14.484+0000] {logging_mixin.py:190} INFO - [2026-08-14T05:11:14.484+0000] {dag.py:3239} INFO - Sync 1 DAGs
[2026-08-14T05:11:14.507+0000] {logging_mixin.py:190} INFO - [2026-08-14T05:11:14.507+0000] {dag.py:4180} INFO - Setting next_dagrun for weather_ingestion to 2026-08-14 05:00:00+00:00, run_after=2026-08-14 06:00:00+00:00
[2026-08-14T05:11:14.528+0000] {processor.py:208} INFO - Processing /opt/airflow/dags/weather_dag.py took 0.119 seconds
[2026-08-14T05:11:44.799+0000] {processor.py:186} INFO - Started process (PID=15576) to work on /opt/airflow/dags/weather_dag.py
[2026-08-14T05:11:44.802+0000] {processor.py:914} INFO - Processing file /opt/airflow/dags/weather_dag.py for tasks to queue
[2026-08-14T05:11:44.806+0000] {logging_mixin.py:190} INFO - [2026-08-14T05:11:44.805+0000] {dagbag.py:588} INFO - Filling up the DagBag from /opt/airflow/dags/weather_dag.py
[2026-08-14T05:11:44.824+0000] {processor.py:925} INFO - DAG(s) 'weather_ingestion' retrieved from /opt/airflow/dags/weather_dag.py
[2026-08-14T05:11:44.857+0000] {logging_mixin.py:190} INFO - [2026-08-14T05:11:44.857+0000] {dag.py:3239} INFO - Sync 1 DAGs
[2026-08-14T05:11:44.874+0000] {logging_mixin.py:190} INFO - [2026-08-14T05:11:44.873+0000] {dag.py:4180} INFO - Setting next_dagrun for weather_ingestion to 2026-08-14 05:00:00+00:00, run_after=2026-08-14 06:00:00+00:00
[2026-08-14T05:11:44.883+0000] {processor.py:208} INFO - Processing /opt/airflow/dags/weather_dag.py took 0.094 seconds
[2026-08-14T05:12:15.179+0000] {processor.py:186} INFO - Started process (PID=15581) to work on /opt/airflow/dags/weather_dag.py
[2026-08-14T05:12:15.181+0000] {processor.py:914} INFO - Processing file /opt/airflow/dags/weather_dag.py for tasks to queue
[2026-08-14T05:12:15.182+0000] {logging_mixin.py:190} INFO - [2026-08-14T05:12:15.182+0000] {dagbag.py:588} INFO - Filling up the DagBag from /opt/airflow/dags/weather_dag.py
[2026-08-14T05:12:15.190+0000] {processor.py:925} INFO - DAG(s) 'weather_ingestion' retrieved from /opt/airflow/dags/weather_dag.py
[2026-08-14T05:12:15.207+0000] {logging_mixin.py:190} INFO - [2026-08-14T05:12:15.207+0000] {dag.py:3239} INFO - Sync 1 DAGs
[2026-08-14T05:12:15.220+0000] {logging_mixin.py:190} INFO - [2026-08-14T05:12:15.220+0000] {dag.py:4180} INFO - Setting next_dagrun for weather_ingestion to 2026-08-14 05:00:00+00:00, run_after=2026-08-14 06:00:00+00:00
[2026-08-14T05:12:15.233+0000] {processor.py:208} INFO - Processing /opt/airflow/dags/weather_dag.py took 0.062 seconds
[2026-08-14T05:12:45.530+0000] {processor.py:186} INFO - Started process (PID=15586) to work on /opt/airflow/dags/weather_dag.py
[2026-08-14T05:12:45.532+0000] {processor.py:914} INFO - Processing file /opt/airflow/dags/weather_dag.py for tasks to queue
[2026-08-14T05:12:45.534+0000] {logging_mixin.py:190} INFO - [2026-08-14T05:12:45.534+0000] {dagbag.py:588} INFO - Filling up the DagBag from /opt/airflow/dags/weather_dag.py
[2026-08-14T05:12:45.545+0000] {processor.py:925} INFO - DAG(s) 'weather_ingestion' retrieved from /opt/airflow/dags/weather_dag.py
[2026-08-14T05:12:45.565+0000] {logging_mixin.py:190} INFO - [2026-08-14T05:12:45.565+0000] {dag.py:3239} INFO - Sync 1 DAGs
[2026-08-14T05:12:45.577+0000] {logging_mixin.py:190} INFO - [2026-08-14T05:12:45.577+0000] {dag.py:4180} INFO - Setting next_dagrun for weather_ingestion to 2026-08-14 05:00:00+00:00, run_after=2026-08-14 06:00:00+00:00
[2026-08-14T05:12:45.584+0000] {processor.py:208} INFO - Processing /opt/airflow/dags/weather_dag.py took 0.059 seconds
[2026-08-14T05:17:46.842+0000] {processor.py:186} INFO - Started process (PID=15591) to work on /opt/airflow/dags/weather_dag.py
[2026-08-14T05:17:46.846+0000] {processor.py:914} INFO - Processing file /opt/airflow/dags/weather_dag.py for tasks to queue
[2026-08-14T05:17:46.856+0000] {logging_mixin.py:190} INFO - [2026-08-14T05:17:46.855+0000] {dagbag.py:588} INFO - Filling up the DagBag from /opt/airflow/dags/weather_dag.py
[2026-08-14T05:17:46.877+0000] {processor.py:925} INFO - DAG(s) 'weather_ingestion' retrieved from /opt/airflow/dags/weather_dag.py
[2026-08-14T05:17:46.913+0000] {logging_mixin.py:190} INFO - [2026-08-14T05:17:46.913+0000] {dag.py:3239} INFO - Sync 1 DAGs
[2026-08-14T05:17:46.939+0000] {logging_mixin.py:190} INFO - [2026-08-14T05:17:46.939+0000] {dag.py:4180} INFO - Setting next_dagrun for weather_ingestion to 2026-08-14 05:00:00+00:00, run_after=2026-08-14 06:00:00+00:00
[2026-08-14T05:17:46.956+0000] {processor.py:208} INFO - Processing /opt/airflow/dags/weather_dag.py took 0.129 seconds
[2026-08-14T05:18:17.208+0000] {processor.py:186} INFO - Started process (PID=15601) to work on /opt/airflow/dags/weather_dag.py
[2026-08-14T05:18:17.210+0000] {processor.py:914} INFO - Processing file /opt/airflow/dags/weather_dag.py for tasks to queue
[2026-08-14T05:18:17.212+0000] {logging_mixin.py:190} INFO - [2026-08-14T05:18:17.212+0000] {dagbag.py:588} INFO - Filling up the DagBag from /opt/airflow/dags/weather_dag.py
[2026-08-14T05:18:17.220+0000] {processor.py:925} INFO - DAG(s) 'weather_ingestion' retrieved from /opt/airflow/dags/weather_dag.py
[2026-08-14T05:18:17.238+0000] {logging_mixin.py:190} INFO - [2026-08-14T05:18:17.238+0000] {dag.py:3239} INFO - Sync 1 DAGs
[2026-08-14T05:18:17.250+0000] {logging_mixin.py:190} INFO - [2026-08-14T05:18:17.250+0000] {dag.py:4180} INFO - Setting next_dagrun for weather_ingestion to 2026-08-14 05:00:00+00:00, run_after=2026-08-14 06:00:00+00:00
[2026-08-14T05:18:17.258+0000] {processor.py:208} INFO - Processing /opt/airflow/dags/weather_dag.py took 0.055 seconds
[2026-08-14T05:18:47.566+0000] {processor.py:186} INFO - Started process (PID=15606) to work on /opt/airflow/dags/weather_dag.py
[2026-08-14T05:18:47.567+0000] {processor.py:914} INFO - Processing file /opt/airflow/dags/weather_dag.py for tasks to queue
[2026-08-14T05:18:47.579+0000] {logging_mixin.py:190} INFO - [2026-08-14T05:18:47.578+0000] {dagbag.py:588} INFO - Filling up the DagBag from /opt/airflow/dags/weather_dag.py
[2026-08-14T05:18:47.600+0000] {processor.py:925} INFO - DAG(s) 'weather_ingestion' retrieved from /opt/airflow/dags/weather_dag.py
[2026-08-14T05:18:47.631+0000] {logging_mixin.py:190} INFO - [2026-08-14T05:18:47.631+0000] {dag.py:3239} INFO - Sync 1 DAGs
[2026-08-14T05:18:47.650+0000] {logging_mixin.py:190} INFO - [2026-08-14T05:18:47.650+0000] {dag.py:4180} INFO - Setting next_dagrun for weather_ingestion to 2026-08-14 05:00:00+00:00, run_after=2026-08-14 06:00:00+00:00
[2026-08-14T05:18:47.659+0000] {processor.py:208} INFO - Processing /opt/airflow/dags/weather_dag.py took 0.105 seconds
[2026-08-14T05:19:17.828+0000] {processor.py:186} INFO - Started process (PID=15611) to work on /opt/airflow/dags/weather_dag.py
[2026-08-14T05:19:17.830+0000] {processor.py:914} INFO - Processing file /opt/airflow/dags/weather_dag.py for tasks to queue
[2026-08-14T05:19:17.832+0000] {logging_mixin.py:190} INFO - [2026-08-14T05:19:17.832+0000] {dagbag.py:588} INFO - Filling up the DagBag from /opt/airflow/dags/weather_dag.py
[2026-08-14T05:19:17.842+0000] {processor.py:925} INFO - DAG(s) 'weather_ingestion' retrieved from /opt/airflow/dags/weather_dag.py
[2026-08-14T05:19:17.863+0000] {logging_mixin.py:190} INFO - [2026-08-14T05:19:17.863+0000] {dag.py:3239} INFO - Sync 1 DAGs
[2026-08-14T05:19:17.874+0000] {logging_mixin.py:190} INFO - [2026-08-14T05:19:17.874+0000] {dag.py:4180} INFO - Setting next_dagrun for weather_ingestion to 2026-08-14 05:00:00+00:00, run_after=2026-08-14 06:00:00+00:00
[2026-08-14T05:19:17.883+0000] {processor.py:208} INFO - Processing /opt/airflow/dags/weather_dag.py took 0.061 seconds
[2026-08-14T05:19:48.118+0000] {processor.py:186} INFO - Started process (PID=15616) to work on /opt/airflow/dags/weather_dag.py
[2026-08-14T05:19:48.119+0000] {processor.py:914} INFO - Processing file /opt/airflow/dags/weather_dag.py for tasks to queue
[2026-08-14T05:19:48.121+0000] {logging_mixin.py:190} INFO - [2026-08-14T05:19:48.121+0000] {dagbag.py:588} INFO - Filling up the DagBag from /opt/airflow/dags/weather_dag.py
[2026-08-14T05:19:48.127+0000] {processor.py:925} INFO - DAG(s) 'weather_ingestion' retrieved from /opt/airflow/dags/weather_dag.py
[2026-08-14T05:19:48.140+0000] {logging_mixin.py:190} INFO - [2026-08-14T05:19:48.140+0000] {dag.py:3239} INFO - Sync 1 DAGs
[2026-08-14T05:19:48.151+0000] {logging_mixin.py:190} INFO - [2026-08-14T05:19:48.151+0000] {dag.py:4180} INFO - Setting next_dagrun for weather_ingestion to 2026-08-14 05:00:00+00:00, run_after=2026-08-14 06:00:00+00:00
[2026-08-14T05:19:48.158+0000] {processor.py:208} INFO - Processing /opt/airflow/dags/weather_dag.py took 0.044 seconds
[2026-08-14T05:20:18.381+0000] {processor.py:186} INFO - Started process (PID=15972) to work on /opt/airflow/dags/weather_dag.py
[2026-08-14T05:20:18.384+0000] {processor.py:914} INFO - Processing file /opt/airflow/dags/weather_dag.py for tasks to queue
[2026-08-14T05:20:18.388+0000] {logging_mixin.py:190} INFO - [2026-08-14T05:20:18.387+0000] {dagbag.py:588} INFO - Filling up the DagBag from /opt/airflow/dags/weather_dag.py
[2026-08-14T05:20:18.409+0000] {processor.py:925} INFO - DAG(s) 'weather_ingestion' retrieved from /opt/airflow/dags/weather_dag.py
[2026-08-14T05:20:18.433+0000] {logging_mixin.py:190} INFO - [2026-08-14T05:20:18.433+0000] {dag.py:3239} INFO - Sync 1 DAGs
[2026-08-14T05:20:18.456+0000] {logging_mixin.py:190} INFO - [2026-08-14T05:20:18.456+0000] {dag.py:4180} INFO - Setting next_dagrun for weather_ingestion to 2026-08-14 05:00:00+00:00, run_after=2026-08-14 06:00:00+00:00
[2026-08-14T05:20:18.467+0000] {processor.py:208} INFO - Processing /opt/airflow/dags/weather_dag.py took 0.097 seconds
[2026-08-14T05:20:48.666+0000] {processor.py:186} INFO - Started process (PID=16021) to work on /opt/airflow/dags/weather_dag.py
[2026-08-14T05:20:48.668+0000] {processor.py:914} INFO - Processing file /opt/airflow/dags/weather_dag.py for tasks to queue
[2026-08-14T05:20:48.670+0000] {logging_mixin.py:190} INFO - [2026-08-14T05:20:48.670+0000] {dagbag.py:588} INFO - Filling up the DagBag from /opt/airflow/dags/weather_dag.py
[2026-08-14T05:20:48.685+0000] {processor.py:925} INFO - DAG(s) 'weather_ingestion' retrieved from /opt/airflow/dags/weather_dag.py
[2026-08-14T05:20:48.713+0000] {logging_mixin.py:190} INFO - [2026-08-14T05:20:48.713+0000] {dag.py:3239} INFO - Sync 1 DAGs
[2026-08-14T05:20:48.727+0000] {logging_mixin.py:190} INFO - [2026-08-14T05:20:48.727+0000] {dag.py:4180} INFO - Setting next_dagrun for weather_ingestion to 2026-08-14 05:00:00+00:00, run_after=2026-08-14 06:00:00+00:00
[2026-08-14T05:20:48.736+0000] {processor.py:208} INFO - Processing /opt/airflow/dags/weather_dag.py took 0.077 seconds
[2026-08-14T05:21:18.997+0000] {processor.py:186} INFO - Started process (PID=16026) to work on /opt/airflow/dags/weather_dag.py
[2026-08-14T05:21:19.000+0000] {processor.py:914} INFO - Processing file /opt/airflow/dags/weather_dag.py for tasks to queue
[2026-08-14T05:21:19.002+0000] {logging_mixin.py:190} INFO - [2026-08-14T05:21:19.002+0000] {dagbag.py:588} INFO - Filling up the DagBag from /opt/airflow/dags/weather_dag.py
[2026-08-14T05:21:19.014+0000] {processor.py:925} INFO - DAG(s) 'weather_ingestion' retrieved from /opt/airflow/dags/weather_dag.py
[2026-08-14T05:21:19.041+0000] {logging_mixin.py:190} INFO - [2026-08-14T05:21:19.041+0000] {dag.py:3239} INFO - Sync 1 DAGs
[2026-08-14T05:21:19.058+0000] {logging_mixin.py:190} INFO - [2026-08-14T05:21:19.058+0000] {dag.py:4180} INFO - Setting next_dagrun for weather_ingestion to 2026-08-14 05:00:00+00:00, run_after=2026-08-14 06:00:00+00:00
[2026-08-14T05:21:19.072+0000] {processor.py:208} INFO - Processing /opt/airflow/dags/weather_dag.py took 0.081 seconds
[2026-08-14T05:21:49.355+0000] {processor.py:186} INFO - Started process (PID=16031) to work on /opt/airflow/dags/weather_dag.py
[2026-08-14T05:21:49.359+0000] {processor.py:914} INFO - Processing file /opt/airflow/dags/weather_dag.py for tasks to queue
[2026-08-14T05:21:49.362+0000] {logging_mixin.py:190} INFO - [2026-08-14T05:21:49.361+0000] {dagbag.py:588} INFO - Filling up the DagBag from /opt/airflow/dags/weather_dag.py
[2026-08-14T05:21:49.376+0000] {processor.py:925} INFO - DAG(s) 'weather_ingestion' retrieved from /opt/airflow/dags/weather_dag.py
[2026-08-14T05:21:49.397+0000] {logging_mixin.py:190} INFO - [2026-08-14T05:21:49.397+0000] {dag.py:3239} INFO - Sync 1 DAGs
[2026-08-14T05:21:49.409+0000] {logging_mixin.py:190} INFO - [2026-08-14T05:21:49.409+0000] {dag.py:4180} INFO - Setting next_dagrun for weather_ingestion to 2026-08-14 05:00:00+00:00, run_after=2026-08-14 06:00:00+00:00
[2026-08-14T05:21:49.416+0000] {processor.py:208} INFO - Processing /opt/airflow/dags/weather_dag.py took 0.073 seconds
[2026-08-14T05:22:19.735+0000] {processor.py:186} INFO - Started process (PID=16036) to work on /opt/airflow/dags/weather_dag.py
[2026-08-14T05:22:19.738+0000] {processor.py:914} INFO - Processing file /opt/airflow/dags/weather_dag.py for tasks to queue
[2026-08-14T05:22:19.740+0000] {logging_mixin.py:190} INFO - [2026-08-14T05:22:19.739+0000] {dagbag.py:588} INFO - Filling up the DagBag from /opt/airflow/dags/weather_dag.py
[2026-08-14T05:22:19.750+0000] {processor.py:925} INFO - DAG(s) 'weather_ingestion' retrieved from /opt/airflow/dags/weather_dag.py
[2026-08-14T05:22:19.771+0000] {logging_mixin.py:190} INFO - [2026-08-14T05:22:19.771+0000] {dag.py:3239} INFO - Sync 1 DAGs
[2026-08-14T05:22:19.788+0000] {logging_mixin.py:190} INFO - [2026-08-14T05:22:19.788+0000] {dag.py:4180} INFO - Setting next_dagrun for weather_ingestion to 2026-08-14 05:00:00+00:00, run_after=2026-08-14 06:00:00+00:00
[2026-08-14T05:22:19.796+0000] {processor.py:208} INFO - Processing /opt/airflow/dags/weather_dag.py took 0.066 seconds
[2026-08-14T05:22:50.120+0000] {processor.py:186} INFO - Started process (PID=16041) to work on /opt/airflow/dags/weather_dag.py
[2026-08-14T05:22:50.122+0000] {processor.py:914} INFO - Processing file /opt/airflow/dags/weather_dag.py for tasks to queue
[2026-08-14T05:22:50.127+0000] {logging_mixin.py:190} INFO - [2026-08-14T05:22:50.126+0000] {dagbag.py:588} INFO - Filling up the DagBag from /opt/airflow/dags/weather_dag.py
[2026-08-14T05:22:50.144+0000] {processor.py:925} INFO - DAG(s) 'weather_ingestion' retrieved from /opt/airflow/dags/weather_dag.py
[2026-08-14T05:22:50.168+0000] {logging_mixin.py:190} INFO - [2026-08-14T05:22:50.168+0000] {dag.py:3239} INFO - Sync 1 DAGs
[2026-08-14T05:22:50.182+0000] {logging_mixin.py:190} INFO - [2026-08-14T05:22:50.182+0000] {dag.py:4180} INFO - Setting next_dagrun for weather_ingestion to 2026-08-14 05:00:00+00:00, run_after=2026-08-14 06:00:00+00:00
[2026-08-14T05:22:50.191+0000] {processor.py:208} INFO - Processing /opt/airflow/dags/weather_dag.py took 0.081 seconds
[2026-08-14T05:23:20.454+0000] {processor.py:186} INFO - Started process (PID=16046) to work on /opt/airflow/dags/weather_dag.py
[2026-08-14T05:23:20.456+0000] {processor.py:914} INFO - Processing file /opt/airflow/dags/weather_dag.py for tasks to queue
[2026-08-14T05:23:20.460+0000] {logging_mixin.py:190} INFO - [2026-08-14T05:23:20.460+0000] {dagbag.py:588} INFO - Filling up the DagBag from /opt/airflow/dags/weather_dag.py
[2026-08-14T05:23:20.473+0000] {processor.py:925} INFO - DAG(s) 'weather_ingestion' retrieved from /opt/airflow/dags/weather_dag.py
[2026-08-14T05:23:20.496+0000] {logging_mixin.py:190} INFO - [2026-08-14T05:23:20.496+0000] {dag.py:3239} INFO - Sync 1 DAGs
[2026-08-14T05:23:20.510+0000] {logging_mixin.py:190} INFO - [2026-08-14T05:23:20.510+0000] {dag.py:4180} INFO - Setting next_dagrun for weather_ingestion to 2026-08-14 05:00:00+00:00, run_after=2026-08-14 06:00:00+00:00
[2026-08-14T05:23:20.518+0000] {processor.py:208} INFO - Processing /opt/airflow/dags/weather_dag.py took 0.071 seconds
[2026-08-14T05:23:50.980+0000] {processor.py:186} INFO - Started process (PID=16051) to work on /opt/airflow/dags/weather_dag.py
[2026-08-14T05:23:50.982+0000] {processor.py:914} INFO - Processing file /opt/airflow/dags/weather_dag.py for tasks to queue
[2026-08-14T05:23:50.984+0000] {logging_mixin.py:190} INFO - [2026-08-14T05:23:50.984+0000] {dagbag.py:588} INFO - Filling up the DagBag from /opt/airflow/dags/weather_dag.py
[2026-08-14T05:23:50.995+0000] {processor.py:925} INFO - DAG(s) 'weather_ingestion' retrieved from /opt/airflow/dags/weather_dag.py
[2026-08-14T05:23:51.015+0000] {logging_mixin.py:190} INFO - [2026-08-14T05:23:51.015+0000] {dag.py:3239} INFO - Sync 1 DAGs
[2026-08-14T05:23:51.029+0000] {logging_mixin.py:190} INFO - [2026-08-14T05:23:51.029+0000] {dag.py:4180} INFO - Setting next_dagrun for weather_ingestion to 2026-08-14 05:00:00+00:00, run_after=2026-08-14 06:00:00+00:00
[2026-08-14T05:23:51.038+0000] {processor.py:208} INFO - Processing /opt/airflow/dags/weather_dag.py took 0.063 seconds
[2026-08-14T05:24:21.333+0000] {processor.py:186} INFO - Started process (PID=16056) to work on /opt/airflow/dags/weather_dag.py
[2026-08-14T05:24:21.335+0000] {processor.py:914} INFO - Processing file /opt/airflow/dags/weather_dag.py for tasks to queue
[2026-08-14T05:24:21.338+0000] {logging_mixin.py:190} INFO - [2026-08-14T05:24:21.337+0000] {dagbag.py:588} INFO - Filling up the DagBag from /opt/airflow/dags/weather_dag.py
[2026-08-14T05:24:21.351+0000] {processor.py:925} INFO - DAG(s) 'weather_ingestion' retrieved from /opt/airflow/dags/weather_dag.py
[2026-08-14T05:24:21.376+0000] {logging_mixin.py:190} INFO - [2026-08-14T05:24:21.375+0000] {dag.py:3239} INFO - Sync 1 DAGs
[2026-08-14T05:24:21.389+0000] {logging_mixin.py:190} INFO - [2026-08-14T05:24:21.389+0000] {dag.py:4180} INFO - Setting next_dagrun for weather_ingestion to 2026-08-14 05:00:00+00:00, run_after=2026-08-14 06:00:00+00:00
[2026-08-14T05:24:21.398+0000] {processor.py:208} INFO - Processing /opt/airflow/dags/weather_dag.py took 0.073 seconds
[2026-08-14T05:24:51.701+0000] {processor.py:186} INFO - Started process (PID=16061) to work on /opt/airflow/dags/weather_dag.py
[2026-08-14T05:24:51.703+0000] {processor.py:914} INFO - Processing file /opt/airflow/dags/weather_dag.py for tasks to queue
[2026-08-14T05:24:51.706+0000] {logging_mixin.py:190} INFO - [2026-08-14T05:24:51.705+0000] {dagbag.py:588} INFO - Filling up the DagBag from /opt/airflow/dags/weather_dag.py
[2026-08-14T05:24:51.715+0000] {processor.py:925} INFO - DAG(s) 'weather_ingestion' retrieved from /opt/airflow/dags/weather_dag.py
[2026-08-14T05:24:51.735+0000] {logging_mixin.py:190} INFO - [2026-08-14T05:24:51.735+0000] {dag.py:3239} INFO - Sync 1 DAGs
[2026-08-14T05:24:51.749+0000] {logging_mixin.py:190} INFO - [2026-08-14T05:24:51.748+0000] {dag.py:4180} INFO - Setting next_dagrun for weather_ingestion to 2026-08-14 05:00:00+00:00, run_after=2026-08-14 06:00:00+00:00
[2026-08-14T05:24:51.757+0000] {processor.py:208} INFO - Processing /opt/airflow/dags/weather_dag.py took 0.063 seconds
[2026-08-14T05:25:22.018+0000] {processor.py:186} INFO - Started process (PID=16066) to work on /opt/airflow/dags/weather_dag.py
[2026-08-14T05:25:22.020+0000] {processor.py:914} INFO - Processing file /opt/airflow/dags/weather_dag.py for tasks to queue
[2026-08-14T05:25:22.022+0000] {logging_mixin.py:190} INFO - [2026-08-14T05:25:22.022+0000] {dagbag.py:588} INFO - Filling up the DagBag from /opt/airflow/dags/weather_dag.py
[2026-08-14T05:25:22.032+0000] {processor.py:925} INFO - DAG(s) 'weather_ingestion' retrieved from /opt/airflow/dags/weather_dag.py
[2026-08-14T05:25:22.051+0000] {logging_mixin.py:190} INFO - [2026-08-14T05:25:22.051+0000] {dag.py:3239} INFO - Sync 1 DAGs
[2026-08-14T05:25:22.063+0000] {logging_mixin.py:190} INFO - [2026-08-14T05:25:22.063+0000] {dag.py:4180} INFO - Setting next_dagrun for weather_ingestion to 2026-08-14 05:00:00+00:00, run_after=2026-08-14 06:00:00+00:00
[2026-08-14T05:25:22.071+0000] {processor.py:208} INFO - Processing /opt/airflow/dags/weather_dag.py took 0.059 seconds
[2026-08-14T05:25:52.410+0000] {processor.py:186} INFO - Started process (PID=16071) to work on /opt/airflow/dags/weather_dag.py
[2026-08-14T05:25:52.412+0000] {processor.py:914} INFO - Processing file /opt/airflow/dags/weather_dag.py for tasks to queue
[2026-08-14T05:25:52.414+0000] {logging_mixin.py:190} INFO - [2026-08-14T05:25:52.414+0000] {dagbag.py:588} INFO - Filling up the DagBag from /opt/airflow/dags/weather_dag.py
[2026-08-14T05:25:52.430+0000] {processor.py:925} INFO - DAG(s) 'weather_ingestion' retrieved from /opt/airflow/dags/weather_dag.py
[2026-08-14T05:25:52.450+0000] {logging_mixin.py:190} INFO - [2026-08-14T05:25:52.450+0000] {dag.py:3239} INFO - Sync 1 DAGs
[2026-08-14T05:25:52.462+0000] {logging_mixin.py:190} INFO - [2026-08-14T05:25:52.462+0000] {dag.py:4180} INFO - Setting next_dagrun for weather_ingestion to 2026-08-14 05:00:00+00:00, run_after=2026-08-14 06:00:00+00:00
[2026-08-14T05:25:52.470+0000] {processor.py:208} INFO - Processing /opt/airflow/dags/weather_dag.py took 0.066 seconds
[2026-08-14T05:26:22.826+0000] {processor.py:186} INFO - Started process (PID=16076) to work on /opt/airflow/dags/weather_dag.py
[2026-08-14T05:26:22.829+0000] {processor.py:914} INFO - Processing file /opt/airflow/dags/weather_dag.py for tasks to queue
[2026-08-14T05:26:22.838+0000] {logging_mixin.py:190} INFO - [2026-08-14T05:26:22.836+0000] {dagbag.py:588} INFO - Filling up the DagBag from /opt/airflow/dags/weather_dag.py
[2026-08-14T05:26:22.864+0000] {processor.py:925} INFO - DAG(s) 'weather_ingestion' retrieved from /opt/airflow/dags/weather_dag.py
[2026-08-14T05:26:22.906+0000] {logging_mixin.py:190} INFO - [2026-08-14T05:26:22.906+0000] {dag.py:3239} INFO - Sync 1 DAGs
[2026-08-14T05:26:22.927+0000] {logging_mixin.py:190} INFO - [2026-08-14T05:26:22.927+0000] {dag.py:4180} INFO - Setting next_dagrun for weather_ingestion to 2026-08-14 05:00:00+00:00, run_after=2026-08-14 06:00:00+00:00
[2026-08-14T05:26:22.939+0000] {processor.py:208} INFO - Processing /opt/airflow/dags/weather_dag.py took 0.145 seconds
[2026-08-14T05:26:53.155+0000] {processor.py:186} INFO - Started process (PID=16081) to work on /opt/airflow/dags/weather_dag.py
[2026-08-14T05:26:53.159+0000] {processor.py:914} INFO - Processing file /opt/airflow/dags/weather_dag.py for tasks to queue
[2026-08-14T05:26:53.164+0000] {logging_mixin.py:190} INFO - [2026-08-14T05:26:53.164+0000] {dagbag.py:588} INFO - Filling up the DagBag from /opt/airflow/dags/weather_dag.py
[2026-08-14T05:26:53.185+0000] {processor.py:925} INFO - DAG(s) 'weather_ingestion' retrieved from /opt/airflow/dags/weather_dag.py
[2026-08-14T05:26:53.215+0000] {logging_mixin.py:190} INFO - [2026-08-14T05:26:53.215+0000] {dag.py:3239} INFO - Sync 1 DAGs
[2026-08-14T05:26:53.231+0000] {logging_mixin.py:190} INFO - [2026-08-14T05:26:53.231+0000] {dag.py:4180} INFO - Setting next_dagrun for weather_ingestion to 2026-08-14 05:00:00+00:00, run_after=2026-08-14 06:00:00+00:00
[2026-08-14T05:26:53.241+0000] {processor.py:208} INFO - Processing /opt/airflow/dags/weather_dag.py took 0.100 seconds
[2026-08-14T05:27:23.516+0000] {processor.py:186} INFO - Started process (PID=16086) to work on /opt/airflow/dags/weather_dag.py
[2026-08-14T05:27:23.519+0000] {processor.py:914} INFO - Processing file /opt/airflow/dags/weather_dag.py for tasks to queue
[2026-08-14T05:27:23.521+0000] {logging_mixin.py:190} INFO - [2026-08-14T05:27:23.521+0000] {dagbag.py:588} INFO - Filling up the DagBag from /opt/airflow/dags/weather_dag.py
[2026-08-14T05:27:23.529+0000] {processor.py:925} INFO - DAG(s) 'weather_ingestion' retrieved from /opt/airflow/dags/weather_dag.py
[2026-08-14T05:27:23.547+0000] {logging_mixin.py:190} INFO - [2026-08-14T05:27:23.547+0000] {dag.py:3239} INFO - Sync 1 DAGs
[2026-08-14T05:27:23.559+0000] {logging_mixin.py:190} INFO - [2026-08-14T05:27:23.558+0000] {dag.py:4180} INFO - Setting next_dagrun for weather_ingestion to 2026-08-14 05:00:00+00:00, run_after=2026-08-14 06:00:00+00:00
[2026-08-14T05:27:23.566+0000] {processor.py:208} INFO - Processing /opt/airflow/dags/weather_dag.py took 0.057 seconds
[2026-08-14T05:27:53.994+0000] {processor.py:186} INFO - Started process (PID=16091) to work on /opt/airflow/dags/weather_dag.py
[2026-08-14T05:27:53.996+0000] {processor.py:914} INFO - Processing file /opt/airflow/dags/weather_dag.py for tasks to queue
[2026-08-14T05:27:53.998+0000] {logging_mixin.py:190} INFO - [2026-08-14T05:27:53.998+0000] {dagbag.py:588} INFO - Filling up the DagBag from /opt/airflow/dags/weather_dag.py
[2026-08-14T05:27:54.010+0000] {processor.py:925} INFO - DAG(s) 'weather_ingestion' retrieved from /opt/airflow/dags/weather_dag.py
[2026-08-14T05:27:54.033+0000] {logging_mixin.py:190} INFO - [2026-08-14T05:27:54.033+0000] {dag.py:3239} INFO - Sync 1 DAGs
[2026-08-14T05:27:54.045+0000] {logging_mixin.py:190} INFO - [2026-08-14T05:27:54.045+0000] {dag.py:4180} INFO - Setting next_dagrun for weather_ingestion to 2026-08-14 05:00:00+00:00, run_after=2026-08-14 06:00:00+00:00
[2026-08-14T05:27:54.052+0000] {processor.py:208} INFO - Processing /opt/airflow/dags/weather_dag.py took 0.066 seconds
[2026-08-14T05:28:24.376+0000] {processor.py:186} INFO - Started process (PID=16096) to work on /opt/airflow/dags/weather_dag.py
[2026-08-14T05:28:24.377+0000] {processor.py:914} INFO - Processing file /opt/airflow/dags/weather_dag.py for tasks to queue
[2026-08-14T05:28:24.378+0000] {logging_mixin.py:190} INFO - [2026-08-14T05:28:24.378+0000] {dagbag.py:588} INFO - Filling up the DagBag from /opt/airflow/dags/weather_dag.py
[2026-08-14T05:28:24.386+0000] {processor.py:925} INFO - DAG(s) 'weather_ingestion' retrieved from /opt/airflow/dags/weather_dag.py
[2026-08-14T05:28:24.401+0000] {logging_mixin.py:190} INFO - [2026-08-14T05:28:24.401+0000] {dag.py:3239} INFO - Sync 1 DAGs
[2026-08-14T05:28:24.413+0000] {logging_mixin.py:190} INFO - [2026-08-14T05:28:24.413+0000] {dag.py:4180} INFO - Setting next_dagrun for weather_ingestion to 2026-08-14 05:00:00+00:00, run_after=2026-08-14 06:00:00+00:00
[2026-08-14T05:28:24.422+0000] {processor.py:208} INFO - Processing /opt/airflow/dags/weather_dag.py took 0.050 seconds
[2026-08-14T05:28:54.712+0000] {processor.py:186} INFO - Started process (PID=16101) to work on /opt/airflow/dags/weather_dag.py
[2026-08-14T05:28:54.713+0000] {processor.py:914} INFO - Processing file /opt/airflow/dags/weather_dag.py for tasks to queue
[2026-08-14T05:28:54.715+0000] {logging_mixin.py:190} INFO - [2026-08-14T05:28:54.715+0000] {dagbag.py:588} INFO - Filling up the DagBag from /opt/airflow/dags/weather_dag.py
[2026-08-14T05:28:54.726+0000] {processor.py:925} INFO - DAG(s) 'weather_ingestion' retrieved from /opt/airflow/dags/weather_dag.py
[2026-08-14T05:28:54.746+0000] {logging_mixin.py:190} INFO - [2026-08-14T05:28:54.746+0000] {dag.py:3239} INFO - Sync 1 DAGs
[2026-08-14T05:28:54.757+0000] {logging_mixin.py:190} INFO - [2026-08-14T05:28:54.757+0000] {dag.py:4180} INFO - Setting next_dagrun for weather_ingestion to 2026-08-14 05:00:00+00:00, run_after=2026-08-14 06:00:00+00:00
[2026-08-14T05:28:54.765+0000] {processor.py:208} INFO - Processing /opt/airflow/dags/weather_dag.py took 0.059 seconds
[2026-08-14T05:29:25.001+0000] {processor.py:186} INFO - Started process (PID=16106) to work on /opt/airflow/dags/weather_dag.py
[2026-08-14T05:29:25.002+0000] {processor.py:914} INFO - Processing file /opt/airflow/dags/weather_dag.py for tasks to queue
[2026-08-14T05:29:25.004+0000] {logging_mixin.py:190} INFO - [2026-08-14T05:29:25.004+0000] {dagbag.py:588} INFO - Filling up the DagBag from /opt/airflow/dags/weather_dag.py
[2026-08-14T05:29:25.015+0000] {processor.py:925} INFO - DAG(s) 'weather_ingestion' retrieved from /opt/airflow/dags/weather_dag.py
[2026-08-14T05:29:25.035+0000] {logging_mixin.py:190} INFO - [2026-08-14T05:29:25.034+0000] {dag.py:3239} INFO - Sync 1 DAGs
[2026-08-14T05:29:25.048+0000] {logging_mixin.py:190} INFO - [2026-08-14T05:29:25.048+0000] {dag.py:4180} INFO - Setting next_dagrun for weather_ingestion to 2026-08-14 05:00:00+00:00, run_after=2026-08-14 06:00:00+00:00
[2026-08-14T05:29:25.056+0000] {processor.py:208} INFO - Processing /opt/airflow/dags/weather_dag.py took 0.060 seconds
[2026-08-14T05:29:55.404+0000] {processor.py:186} INFO - Started process (PID=16111) to work on /opt/airflow/dags/weather_dag.py
[2026-08-14T05:29:55.406+0000] {processor.py:914} INFO - Processing file /opt/airflow/dags/weather_dag.py for tasks to queue
[2026-08-14T05:29:55.409+0000] {logging_mixin.py:190} INFO - [2026-08-14T05:29:55.409+0000] {dagbag.py:588} INFO - Filling up the DagBag from /opt/airflow/dags/weather_dag.py
[2026-08-14T05:29:55.423+0000] {processor.py:925} INFO - DAG(s) 'weather_ingestion' retrieved from /opt/airflow/dags/weather_dag.py
[2026-08-14T05:29:55.444+0000] {logging_mixin.py:190} INFO - [2026-08-14T05:29:55.444+0000] {dag.py:3239} INFO - Sync 1 DAGs
[2026-08-14T05:29:55.457+0000] {logging_mixin.py:190} INFO - [2026-08-14T05:29:55.457+0000] {dag.py:4180} INFO - Setting next_dagrun for weather_ingestion to 2026-08-14 05:00:00+00:00, run_after=2026-08-14 06:00:00+00:00
[2026-08-14T05:29:55.465+0000] {processor.py:208} INFO - Processing /opt/airflow/dags/weather_dag.py took 0.069 seconds
[2026-08-14T05:30:25.791+0000] {processor.py:186} INFO - Started process (PID=16116) to work on /opt/airflow/dags/weather_dag.py
[2026-08-14T05:30:25.793+0000] {processor.py:914} INFO - Processing file /opt/airflow/dags/weather_dag.py for tasks to queue
[2026-08-14T05:30:25.795+0000] {logging_mixin.py:190} INFO - [2026-08-14T05:30:25.795+0000] {dagbag.py:588} INFO - Filling up the DagBag from /opt/airflow/dags/weather_dag.py
[2026-08-14T05:30:25.806+0000] {processor.py:925} INFO - DAG(s) 'weather_ingestion' retrieved from /opt/airflow/dags/weather_dag.py
[2026-08-14T05:30:25.824+0000] {logging_mixin.py:190} INFO - [2026-08-14T05:30:25.824+0000] {dag.py:3239} INFO - Sync 1 DAGs
[2026-08-14T05:30:25.838+0000] {logging_mixin.py:190} INFO - [2026-08-14T05:30:25.838+0000] {dag.py:4180} INFO - Setting next_dagrun for weather_ingestion to 2026-08-14 05:00:00+00:00, run_after=2026-08-14 06:00:00+00:00
[2026-08-14T05:30:25.846+0000] {processor.py:208} INFO - Processing /opt/airflow/dags/weather_dag.py took 0.063 seconds
[2026-08-14T05:30:56.164+0000] {processor.py:186} INFO - Started process (PID=16121) to work on /opt/airflow/dags/weather_dag.py
[2026-08-14T05:30:56.167+0000] {processor.py:914} INFO - Processing file /opt/airflow/dags/weather_dag.py for tasks to queue
[2026-08-14T05:30:56.170+0000] {logging_mixin.py:190} INFO - [2026-08-14T05:30:56.170+0000] {dagbag.py:588} INFO - Filling up the DagBag from /opt/airflow/dags/weather_dag.py
[2026-08-14T05:30:56.185+0000] {processor.py:925} INFO - DAG(s) 'weather_ingestion' retrieved from /opt/airflow/dags/weather_dag.py
[2026-08-14T05:30:56.209+0000] {logging_mixin.py:190} INFO - [2026-08-14T05:30:56.209+0000] {dag.py:3239} INFO - Sync 1 DAGs
[2026-08-14T05:30:56.226+0000] {logging_mixin.py:190} INFO - [2026-08-14T05:30:56.226+0000] {dag.py:4180} INFO - Setting next_dagrun for weather_ingestion to 2026-08-14 05:00:00+00:00, run_after=2026-08-14 06:00:00+00:00
[2026-08-14T05:30:56.238+0000] {processor.py:208} INFO - Processing /opt/airflow/dags/weather_dag.py took 0.081 seconds
[2026-08-14T05:31:26.549+0000] {processor.py:186} INFO - Started process (PID=16126) to work on /opt/airflow/dags/weather_dag.py
[2026-08-14T05:31:26.550+0000] {processor.py:914} INFO - Processing file /opt/airflow/dags/weather_dag.py for tasks to queue
[2026-08-14T05:31:26.552+0000] {logging_mixin.py:190} INFO - [2026-08-14T05:31:26.552+0000] {dagbag.py:588} INFO - Filling up the DagBag from /opt/airflow/dags/weather_dag.py
[2026-08-14T05:31:26.563+0000] {processor.py:925} INFO - DAG(s) 'weather_ingestion' retrieved from /opt/airflow/dags/weather_dag.py
[2026-08-14T05:31:26.586+0000] {logging_mixin.py:190} INFO - [2026-08-14T05:31:26.586+0000] {dag.py:3239} INFO - Sync 1 DAGs
[2026-08-14T05:31:26.598+0000] {logging_mixin.py:190} INFO - [2026-08-14T05:31:26.598+0000] {dag.py:4180} INFO - Setting next_dagrun for weather_ingestion to 2026-08-14 05:00:00+00:00, run_after=2026-08-14 06:00:00+00:00
[2026-08-14T05:31:26.607+0000] {processor.py:208} INFO - Processing /opt/airflow/dags/weather_dag.py took 0.065 seconds
[2026-08-14T05:31:56.909+0000] {processor.py:186} INFO - Started process (PID=16131) to work on /opt/airflow/dags/weather_dag.py
[2026-08-14T05:31:56.911+0000] {processor.py:914} INFO - Processing file /opt/airflow/dags/weather_dag.py for tasks to queue
[2026-08-14T05:31:56.914+0000] {logging_mixin.py:190} INFO - [2026-08-14T05:31:56.913+0000] {dagbag.py:588} INFO - Filling up the DagBag from /opt/airflow/dags/weather_dag.py
[2026-08-14T05:31:56.926+0000] {processor.py:925} INFO - DAG(s) 'weather_ingestion' retrieved from /opt/airflow/dags/weather_dag.py
[2026-08-14T05:31:56.947+0000] {logging_mixin.py:190} INFO - [2026-08-14T05:31:56.947+0000] {dag.py:3239} INFO - Sync 1 DAGs
[2026-08-14T05:31:56.960+0000] {logging_mixin.py:190} INFO - [2026-08-14T05:31:56.960+0000] {dag.py:4180} INFO - Setting next_dagrun for weather_ingestion to 2026-08-14 05:00:00+00:00, run_after=2026-08-14 06:00:00+00:00
[2026-08-14T05:31:56.968+0000] {processor.py:208} INFO - Processing /opt/airflow/dags/weather_dag.py took 0.066 seconds
[2026-08-14T05:32:27.268+0000] {processor.py:186} INFO - Started process (PID=16136) to work on /opt/airflow/dags/weather_dag.py
[2026-08-14T05:32:27.270+0000] {processor.py:914} INFO - Processing file /opt/airflow/dags/weather_dag.py for tasks to queue
[2026-08-14T05:32:27.272+0000] {logging_mixin.py:190} INFO - [2026-08-14T05:32:27.271+0000] {dagbag.py:588} INFO - Filling up the DagBag from /opt/airflow/dags/weather_dag.py
[2026-08-14T05:32:27.289+0000] {processor.py:925} INFO - DAG(s) 'weather_ingestion' retrieved from /opt/airflow/dags/weather_dag.py
[2026-08-14T05:32:27.308+0000] {logging_mixin.py:190} INFO - [2026-08-14T05:32:27.308+0000] {dag.py:3239} INFO - Sync 1 DAGs
[2026-08-14T05:32:27.319+0000] {logging_mixin.py:190} INFO - [2026-08-14T05:32:27.319+0000] {dag.py:4180} INFO - Setting next_dagrun for weather_ingestion to 2026-08-14 05:00:00+00:00, run_after=2026-08-14 06:00:00+00:00
[2026-08-14T05:32:27.326+0000] {processor.py:208} INFO - Processing /opt/airflow/dags/weather_dag.py took 0.066 seconds
[2026-08-14T05:32:57.646+0000] {processor.py:186} INFO - Started process (PID=16141) to work on /opt/airflow/dags/weather_dag.py
[2026-08-14T05:32:57.648+0000] {processor.py:914} INFO - Processing file /opt/airflow/dags/weather_dag.py for tasks to queue
[2026-08-14T05:32:57.650+0000] {logging_mixin.py:190} INFO - [2026-08-14T05:32:57.650+0000] {dagbag.py:588} INFO - Filling up the DagBag from /opt/airflow/dags/weather_dag.py
[2026-08-14T05:32:57.661+0000] {processor.py:925} INFO - DAG(s) 'weather_ingestion' retrieved from /opt/airflow/dags/weather_dag.py
[2026-08-14T05:32:57.680+0000] {logging_mixin.py:190} INFO - [2026-08-14T05:32:57.680+0000] {dag.py:3239} INFO - Sync 1 DAGs
[2026-08-14T05:32:57.694+0000] {logging_mixin.py:190} INFO - [2026-08-14T05:32:57.694+0000] {dag.py:4180} INFO - Setting next_dagrun for weather_ingestion to 2026-08-14 05:00:00+00:00, run_after=2026-08-14 06:00:00+00:00
[2026-08-14T05:32:57.701+0000] {processor.py:208} INFO - Processing /opt/airflow/dags/weather_dag.py took 0.061 seconds
[2026-08-14T05:33:27.968+0000] {processor.py:186} INFO - Started process (PID=16146) to work on /opt/airflow/dags/weather_dag.py
[2026-08-14T05:33:27.969+0000] {processor.py:914} INFO - Processing file /opt/airflow/dags/weather_dag.py for tasks to queue
[2026-08-14T05:33:27.971+0000] {logging_mixin.py:190} INFO - [2026-08-14T05:33:27.971+0000] {dagbag.py:588} INFO - Filling up the DagBag from /opt/airflow/dags/weather_dag.py
[2026-08-14T05:33:27.981+0000] {processor.py:925} INFO - DAG(s) 'weather_ingestion' retrieved from /opt/airflow/dags/weather_dag.py
[2026-08-14T05:33:27.999+0000] {logging_mixin.py:190} INFO - [2026-08-14T05:33:27.999+0000] {dag.py:3239} INFO - Sync 1 DAGs
[2026-08-14T05:33:28.011+0000] {logging_mixin.py:190} INFO - [2026-08-14T05:33:28.011+0000] {dag.py:4180} INFO - Setting next_dagrun for weather_ingestion to 2026-08-14 05:00:00+00:00, run_after=2026-08-14 06:00:00+00:00
[2026-08-14T05:33:28.018+0000] {processor.py:208} INFO - Processing /opt/airflow/dags/weather_dag.py took 0.057 seconds
[2026-08-14T05:33:58.397+0000] {processor.py:186} INFO - Started process (PID=16151) to work on /opt/airflow/dags/weather_dag.py
[2026-08-14T05:33:58.399+0000] {processor.py:914} INFO - Processing file /opt/airflow/dags/weather_dag.py for tasks to queue
[2026-08-14T05:33:58.401+0000] {logging_mixin.py:190} INFO - [2026-08-14T05:33:58.401+0000] {dagbag.py:588} INFO - Filling up the DagBag from /opt/airflow/dags/weather_dag.py
[2026-08-14T05:33:58.411+0000] {processor.py:925} INFO - DAG(s) 'weather_ingestion' retrieved from /opt/airflow/dags/weather_dag.py
[2026-08-14T05:33:58.431+0000] {logging_mixin.py:190} INFO - [2026-08-14T05:33:58.431+0000] {dag.py:3239} INFO - Sync 1 DAGs
[2026-08-14T05:33:58.445+0000] {logging_mixin.py:190} INFO - [2026-08-14T05:33:58.445+0000] {dag.py:4180} INFO - Setting next_dagrun for weather_ingestion to 2026-08-14 05:00:00+00:00, run_after=2026-08-14 06:00:00+00:00
[2026-08-14T05:33:58.455+0000] {processor.py:208} INFO - Processing /opt/airflow/dags/weather_dag.py took 0.064 seconds
[2026-08-14T05:34:28.828+0000] {processor.py:186} INFO - Started process (PID=16156) to work on /opt/airflow/dags/weather_dag.py
[2026-08-14T05:34:28.830+0000] {processor.py:914} INFO - Processing file /opt/airflow/dags/weather_dag.py for tasks to queue
[2026-08-14T05:34:28.833+0000] {logging_mixin.py:190} INFO - [2026-08-14T05:34:28.832+0000] {dagbag.py:588} INFO - Filling up the DagBag from /opt/airflow/dags/weather_dag.py
[2026-08-14T05:34:28.843+0000] {processor.py:925} INFO - DAG(s) 'weather_ingestion' retrieved from /opt/airflow/dags/weather_dag.py
[2026-08-14T05:34:28.862+0000] {logging_mixin.py:190} INFO - [2026-08-14T05:34:28.862+0000] {dag.py:3239} INFO - Sync 1 DAGs
[2026-08-14T05:34:28.875+0000] {logging_mixin.py:190} INFO - [2026-08-14T05:34:28.875+0000] {dag.py:4180} INFO - Setting next_dagrun for weather_ingestion to 2026-08-14 05:00:00+00:00, run_after=2026-08-14 06:00:00+00:00
[2026-08-14T05:34:28.882+0000] {processor.py:208} INFO - Processing /opt/airflow/dags/weather_dag.py took 0.061 seconds
[2026-08-14T05:34:59.254+0000] {processor.py:186} INFO - Started process (PID=16161) to work on /opt/airflow/dags/weather_dag.py
[2026-08-14T05:34:59.256+0000] {processor.py:914} INFO - Processing file /opt/airflow/dags/weather_dag.py for tasks to queue
[2026-08-14T05:34:59.260+0000] {logging_mixin.py:190} INFO - [2026-08-14T05:34:59.260+0000] {dagbag.py:588} INFO - Filling up the DagBag from /opt/airflow/dags/weather_dag.py
[2026-08-14T05:34:59.277+0000] {processor.py:925} INFO - DAG(s) 'weather_ingestion' retrieved from /opt/airflow/dags/weather_dag.py
[2026-08-14T05:34:59.307+0000] {logging_mixin.py:190} INFO - [2026-08-14T05:34:59.307+0000] {dag.py:3239} INFO - Sync 1 DAGs
[2026-08-14T05:34:59.323+0000] {logging_mixin.py:190} INFO - [2026-08-14T05:34:59.323+0000] {dag.py:4180} INFO - Setting next_dagrun for weather_ingestion to 2026-08-14 05:00:00+00:00, run_after=2026-08-14 06:00:00+00:00
[2026-08-14T05:34:59.331+0000] {processor.py:208} INFO - Processing /opt/airflow/dags/weather_dag.py took 0.087 seconds
[2026-08-14T05:35:29.604+0000] {processor.py:186} INFO - Started process (PID=16166) to work on /opt/airflow/dags/weather_dag.py
[2026-08-14T05:35:29.609+0000] {processor.py:914} INFO - Processing file /opt/airflow/dags/weather_dag.py for tasks to queue
[2026-08-14T05:35:29.612+0000] {logging_mixin.py:190} INFO - [2026-08-14T05:35:29.611+0000] {dagbag.py:588} INFO - Filling up the DagBag from /opt/airflow/dags/weather_dag.py
[2026-08-14T05:35:29.622+0000] {processor.py:925} INFO - DAG(s) 'weather_ingestion' retrieved from /opt/airflow/dags/weather_dag.py
[2026-08-14T05:35:29.639+0000] {logging_mixin.py:190} INFO - [2026-08-14T05:35:29.639+0000] {dag.py:3239} INFO - Sync 1 DAGs
[2026-08-14T05:35:29.650+0000] {logging_mixin.py:190} INFO - [2026-08-14T05:35:29.650+0000] {dag.py:4180} INFO - Setting next_dagrun for weather_ingestion to 2026-08-14 05:00:00+00:00, run_after=2026-08-14 06:00:00+00:00
[2026-08-14T05:35:29.657+0000] {processor.py:208} INFO - Processing /opt/airflow/dags/weather_dag.py took 0.058 seconds
[2026-08-14T05:35:59.996+0000] {processor.py:186} INFO - Started process (PID=16171) to work on /opt/airflow/dags/weather_dag.py
[2026-08-14T05:35:59.999+0000] {processor.py:914} INFO - Processing file /opt/airflow/dags/weather_dag.py for tasks to queue
[2026-08-14T05:36:00.001+0000] {logging_mixin.py:190} INFO - [2026-08-14T05:36:00.001+0000] {dagbag.py:588} INFO - Filling up the DagBag from /opt/airflow/dags/weather_dag.py
[2026-08-14T05:36:00.014+0000] {processor.py:925} INFO - DAG(s) 'weather_ingestion' retrieved from /opt/airflow/dags/weather_dag.py
[2026-08-14T05:36:00.037+0000] {logging_mixin.py:190} INFO - [2026-08-14T05:36:00.037+0000] {dag.py:3239} INFO - Sync 1 DAGs
[2026-08-14T05:36:00.050+0000] {logging_mixin.py:190} INFO - [2026-08-14T05:36:00.050+0000] {dag.py:4180} INFO - Setting next_dagrun for weather_ingestion to 2026-08-14 05:00:00+00:00, run_after=2026-08-14 06:00:00+00:00
[2026-08-14T05:36:00.057+0000] {processor.py:208} INFO - Processing /opt/airflow/dags/weather_dag.py took 0.069 seconds
[2026-08-14T05:36:30.401+0000] {processor.py:186} INFO - Started process (PID=16176) to work on /opt/airflow/dags/weather_dag.py
[2026-08-14T05:36:30.403+0000] {processor.py:914} INFO - Processing file /opt/airflow/dags/weather_dag.py for tasks to queue
[2026-08-14T05:36:30.405+0000] {logging_mixin.py:190} INFO - [2026-08-14T05:36:30.405+0000] {dagbag.py:588} INFO - Filling up the DagBag from /opt/airflow/dags/weather_dag.py
[2026-08-14T05:36:30.417+0000] {processor.py:925} INFO - DAG(s) 'weather_ingestion' retrieved from /opt/airflow/dags/weather_dag.py
[2026-08-14T05:36:30.436+0000] {logging_mixin.py:190} INFO - [2026-08-14T05:36:30.436+0000] {dag.py:3239} INFO - Sync 1 DAGs
[2026-08-14T05:36:30.447+0000] {logging_mixin.py:190} INFO - [2026-08-14T05:36:30.447+0000] {dag.py:4180} INFO - Setting next_dagrun for weather_ingestion to 2026-08-14 05:00:00+00:00, run_after=2026-08-14 06:00:00+00:00
[2026-08-14T05:36:30.454+0000] {processor.py:208} INFO - Processing /opt/airflow/dags/weather_dag.py took 0.059 seconds
[2026-08-14T05:37:00.834+0000] {processor.py:186} INFO - Started process (PID=16181) to work on /opt/airflow/dags/weather_dag.py
[2026-08-14T05:37:00.836+0000] {processor.py:914} INFO - Processing file /opt/airflow/dags/weather_dag.py for tasks to queue
[2026-08-14T05:37:00.838+0000] {logging_mixin.py:190} INFO - [2026-08-14T05:37:00.838+0000] {dagbag.py:588} INFO - Filling up the DagBag from /opt/airflow/dags/weather_dag.py
[2026-08-14T05:37:00.849+0000] {processor.py:925} INFO - DAG(s) 'weather_ingestion' retrieved from /opt/airflow/dags/weather_dag.py
[2026-08-14T05:37:00.869+0000] {logging_mixin.py:190} INFO - [2026-08-14T05:37:00.869+0000] {dag.py:3239} INFO - Sync 1 DAGs
[2026-08-14T05:37:00.881+0000] {logging_mixin.py:190} INFO - [2026-08-14T05:37:00.881+0000] {dag.py:4180} INFO - Setting next_dagrun for weather_ingestion to 2026-08-14 05:00:00+00:00, run_after=2026-08-14 06:00:00+00:00
[2026-08-14T05:37:00.889+0000] {processor.py:208} INFO - Processing /opt/airflow/dags/weather_dag.py took 0.061 seconds
[2026-08-14T05:37:31.240+0000] {processor.py:186} INFO - Started process (PID=16186) to work on /opt/airflow/dags/weather_dag.py
[2026-08-14T05:37:31.242+0000] {processor.py:914} INFO - Processing file /opt/airflow/dags/weather_dag.py for tasks to queue
[2026-08-14T05:37:31.245+0000] {logging_mixin.py:190} INFO - [2026-08-14T05:37:31.244+0000] {dagbag.py:588} INFO - Filling up the DagBag from /opt/airflow/dags/weather_dag.py
[2026-08-14T05:37:31.257+0000] {processor.py:925} INFO - DAG(s) 'weather_ingestion' retrieved from /opt/airflow/dags/weather_dag.py
[2026-08-14T05:37:31.278+0000] {logging_mixin.py:190} INFO - [2026-08-14T05:37:31.278+0000] {dag.py:3239} INFO - Sync 1 DAGs
[2026-08-14T05:37:31.290+0000] {logging_mixin.py:190} INFO - [2026-08-14T05:37:31.290+0000] {dag.py:4180} INFO - Setting next_dagrun for weather_ingestion to 2026-08-14 05:00:00+00:00, run_after=2026-08-14 06:00:00+00:00
[2026-08-14T05:37:31.298+0000] {processor.py:208} INFO - Processing /opt/airflow/dags/weather_dag.py took 0.066 seconds
[2026-08-14T05:38:01.602+0000] {processor.py:186} INFO - Started process (PID=16191) to work on /opt/airflow/dags/weather_dag.py
[2026-08-14T05:38:01.604+0000] {processor.py:914} INFO - Processing file /opt/airflow/dags/weather_dag.py for tasks to queue
[2026-08-14T05:38:01.607+0000] {logging_mixin.py:190} INFO - [2026-08-14T05:38:01.607+0000] {dagbag.py:588} INFO - Filling up the DagBag from /opt/airflow/dags/weather_dag.py
[2026-08-14T05:38:01.618+0000] {processor.py:925} INFO - DAG(s) 'weather_ingestion' retrieved from /opt/airflow/dags/weather_dag.py
[2026-08-14T05:38:01.638+0000] {logging_mixin.py:190} INFO - [2026-08-14T05:38:01.638+0000] {dag.py:3239} INFO - Sync 1 DAGs
[2026-08-14T05:38:01.651+0000] {logging_mixin.py:190} INFO - [2026-08-14T05:38:01.651+0000] {dag.py:4180} INFO - Setting next_dagrun for weather_ingestion to 2026-08-14 05:00:00+00:00, run_after=2026-08-14 06:00:00+00:00
[2026-08-14T05:38:01.658+0000] {processor.py:208} INFO - Processing /opt/airflow/dags/weather_dag.py took 0.063 seconds
[2026-08-14T05:38:31.934+0000] {processor.py:186} INFO - Started process (PID=16196) to work on /opt/airflow/dags/weather_dag.py
[2026-08-14T05:38:31.936+0000] {processor.py:914} INFO - Processing file /opt/airflow/dags/weather_dag.py for tasks to queue
[2026-08-14T05:38:31.938+0000] {logging_mixin.py:190} INFO - [2026-08-14T05:38:31.938+0000] {dagbag.py:588} INFO - Filling up the DagBag from /opt/airflow/dags/weather_dag.py
[2026-08-14T05:38:31.949+0000] {processor.py:925} INFO - DAG(s) 'weather_ingestion' retrieved from /opt/airflow/dags/weather_dag.py
[2026-08-14T05:38:31.968+0000] {logging_mixin.py:190} INFO - [2026-08-14T05:38:31.968+0000] {dag.py:3239} INFO - Sync 1 DAGs
[2026-08-14T05:38:31.981+0000] {logging_mixin.py:190} INFO - [2026-08-14T05:38:31.981+0000] {dag.py:4180} INFO - Setting next_dagrun for weather_ingestion to 2026-08-14 05:00:00+00:00, run_after=2026-08-14 06:00:00+00:00
[2026-08-14T05:38:31.987+0000] {processor.py:208} INFO - Processing /opt/airflow/dags/weather_dag.py took 0.060 seconds
[2026-08-14T05:39:02.252+0000] {processor.py:186} INFO - Started process (PID=16201) to work on /opt/airflow/dags/weather_dag.py
[2026-08-14T05:39:02.253+0000] {processor.py:914} INFO - Processing file /opt/airflow/dags/weather_dag.py for tasks to queue
[2026-08-14T05:39:02.257+0000] {logging_mixin.py:190} INFO - [2026-08-14T05:39:02.256+0000] {dagbag.py:588} INFO - Filling up the DagBag from /opt/airflow/dags/weather_dag.py
[2026-08-14T05:39:02.272+0000] {processor.py:925} INFO - DAG(s) 'weather_ingestion' retrieved from /opt/airflow/dags/weather_dag.py
[2026-08-14T05:39:02.297+0000] {logging_mixin.py:190} INFO - [2026-08-14T05:39:02.297+0000] {dag.py:3239} INFO - Sync 1 DAGs
[2026-08-14T05:39:02.313+0000] {logging_mixin.py:190} INFO - [2026-08-14T05:39:02.313+0000] {dag.py:4180} INFO - Setting next_dagrun for weather_ingestion to 2026-08-14 05:00:00+00:00, run_after=2026-08-14 06:00:00+00:00
[2026-08-14T05:39:02.322+0000] {processor.py:208} INFO - Processing /opt/airflow/dags/weather_dag.py took 0.080 seconds
[2026-08-14T05:39:32.596+0000] {processor.py:186} INFO - Started process (PID=16206) to work on /opt/airflow/dags/weather_dag.py
[2026-08-14T05:39:32.597+0000] {processor.py:914} INFO - Processing file /opt/airflow/dags/weather_dag.py for tasks to queue
[2026-08-14T05:39:32.599+0000] {logging_mixin.py:190} INFO - [2026-08-14T05:39:32.599+0000] {dagbag.py:588} INFO - Filling up the DagBag from /opt/airflow/dags/weather_dag.py
[2026-08-14T05:39:32.609+0000] {processor.py:925} INFO - DAG(s) 'weather_ingestion' retrieved from /opt/airflow/dags/weather_dag.py
[2026-08-14T05:39:32.629+0000] {logging_mixin.py:190} INFO - [2026-08-14T05:39:32.628+0000] {dag.py:3239} INFO - Sync 1 DAGs
[2026-08-14T05:39:32.643+0000] {logging_mixin.py:190} INFO - [2026-08-14T05:39:32.643+0000] {dag.py:4180} INFO - Setting next_dagrun for weather_ingestion to 2026-08-14 05:00:00+00:00, run_after=2026-08-14 06:00:00+00:00
[2026-08-14T05:39:32.654+0000] {processor.py:208} INFO - Processing /opt/airflow/dags/weather_dag.py took 0.064 seconds
[2026-08-14T05:40:02.941+0000] {processor.py:186} INFO - Started process (PID=16211) to work on /opt/airflow/dags/weather_dag.py
[2026-08-14T05:40:02.942+0000] {processor.py:914} INFO - Processing file /opt/airflow/dags/weather_dag.py for tasks to queue
[2026-08-14T05:40:02.944+0000] {logging_mixin.py:190} INFO - [2026-08-14T05:40:02.944+0000] {dagbag.py:588} INFO - Filling up the DagBag from /opt/airflow/dags/weather_dag.py
[2026-08-14T05:40:02.955+0000] {processor.py:925} INFO - DAG(s) 'weather_ingestion' retrieved from /opt/airflow/dags/weather_dag.py
[2026-08-14T05:40:02.977+0000] {logging_mixin.py:190} INFO - [2026-08-14T05:40:02.976+0000] {dag.py:3239} INFO - Sync 1 DAGs
[2026-08-14T05:40:02.994+0000] {logging_mixin.py:190} INFO - [2026-08-14T05:40:02.994+0000] {dag.py:4180} INFO - Setting next_dagrun for weather_ingestion to 2026-08-14 05:00:00+00:00, run_after=2026-08-14 06:00:00+00:00
[2026-08-14T05:40:03.002+0000] {processor.py:208} INFO - Processing /opt/airflow/dags/weather_dag.py took 0.068 seconds
[2026-08-14T05:40:33.382+0000] {processor.py:186} INFO - Started process (PID=16216) to work on /opt/airflow/dags/weather_dag.py
[2026-08-14T05:40:33.384+0000] {processor.py:914} INFO - Processing file /opt/airflow/dags/weather_dag.py for tasks to queue
[2026-08-14T05:40:33.387+0000] {logging_mixin.py:190} INFO - [2026-08-14T05:40:33.387+0000] {dagbag.py:588} INFO - Filling up the DagBag from /opt/airflow/dags/weather_dag.py
[2026-08-14T05:40:33.401+0000] {processor.py:925} INFO - DAG(s) 'weather_ingestion' retrieved from /opt/airflow/dags/weather_dag.py
[2026-08-14T05:40:33.422+0000] {logging_mixin.py:190} INFO - [2026-08-14T05:40:33.422+0000] {dag.py:3239} INFO - Sync 1 DAGs
[2026-08-14T05:40:33.435+0000] {logging_mixin.py:190} INFO - [2026-08-14T05:40:33.435+0000] {dag.py:4180} INFO - Setting next_dagrun for weather_ingestion to 2026-08-14 05:00:00+00:00, run_after=2026-08-14 06:00:00+00:00
[2026-08-14T05:40:33.443+0000] {processor.py:208} INFO - Processing /opt/airflow/dags/weather_dag.py took 0.069 seconds
[2026-08-14T05:41:03.764+0000] {processor.py:186} INFO - Started process (PID=16221) to work on /opt/airflow/dags/weather_dag.py
[2026-08-14T05:41:03.766+0000] {processor.py:914} INFO - Processing file /opt/airflow/dags/weather_dag.py for tasks to queue
[2026-08-14T05:41:03.769+0000] {logging_mixin.py:190} INFO - [2026-08-14T05:41:03.768+0000] {dagbag.py:588} INFO - Filling up the DagBag from /opt/airflow/dags/weather_dag.py
[2026-08-14T05:41:03.786+0000] {processor.py:925} INFO - DAG(s) 'weather_ingestion' retrieved from /opt/airflow/dags/weather_dag.py
[2026-08-14T05:41:03.833+0000] {logging_mixin.py:190} INFO - [2026-08-14T05:41:03.833+0000] {dag.py:3239} INFO - Sync 1 DAGs
[2026-08-14T05:41:03.871+0000] {logging_mixin.py:190} INFO - [2026-08-14T05:41:03.871+0000] {dag.py:4180} INFO - Setting next_dagrun for weather_ingestion to 2026-08-14 05:00:00+00:00, run_after=2026-08-14 06:00:00+00:00
[2026-08-14T05:41:03.902+0000] {processor.py:208} INFO - Processing /opt/airflow/dags/weather_dag.py took 0.144 seconds
[2026-08-14T05:41:34.097+0000] {processor.py:186} INFO - Started process (PID=16226) to work on /opt/airflow/dags/weather_dag.py
[2026-08-14T05:41:34.099+0000] {processor.py:914} INFO - Processing file /opt/airflow/dags/weather_dag.py for tasks to queue
[2026-08-14T05:41:34.102+0000] {logging_mixin.py:190} INFO - [2026-08-14T05:41:34.102+0000] {dagbag.py:588} INFO - Filling up the DagBag from /opt/airflow/dags/weather_dag.py
[2026-08-14T05:41:34.116+0000] {processor.py:925} INFO - DAG(s) 'weather_ingestion' retrieved from /opt/airflow/dags/weather_dag.py
[2026-08-14T05:41:34.146+0000] {logging_mixin.py:190} INFO - [2026-08-14T05:41:34.146+0000] {dag.py:3239} INFO - Sync 1 DAGs
[2026-08-14T05:41:34.164+0000] {logging_mixin.py:190} INFO - [2026-08-14T05:41:34.164+0000] {dag.py:4180} INFO - Setting next_dagrun for weather_ingestion to 2026-08-14 05:00:00+00:00, run_after=2026-08-14 06:00:00+00:00
[2026-08-14T05:41:34.174+0000] {processor.py:208} INFO - Processing /opt/airflow/dags/weather_dag.py took 0.086 seconds
[2026-08-14T05:42:04.541+0000] {processor.py:186} INFO - Started process (PID=16231) to work on /opt/airflow/dags/weather_dag.py
[2026-08-14T05:42:04.543+0000] {processor.py:914} INFO - Processing file /opt/airflow/dags/weather_dag.py for tasks to queue
[2026-08-14T05:42:04.547+0000] {logging_mixin.py:190} INFO - [2026-08-14T05:42:04.546+0000] {dagbag.py:588} INFO - Filling up the DagBag from /opt/airflow/dags/weather_dag.py
[2026-08-14T05:42:04.566+0000] {processor.py:925} INFO - DAG(s) 'weather_ingestion' retrieved from /opt/airflow/dags/weather_dag.py
[2026-08-14T05:42:04.595+0000] {logging_mixin.py:190} INFO - [2026-08-14T05:42:04.595+0000] {dag.py:3239} INFO - Sync 1 DAGs
[2026-08-14T05:42:04.613+0000] {logging_mixin.py:190} INFO - [2026-08-14T05:42:04.613+0000] {dag.py:4180} INFO - Setting next_dagrun for weather_ingestion to 2026-08-14 05:00:00+00:00, run_after=2026-08-14 06:00:00+00:00
[2026-08-14T05:42:04.635+0000] {processor.py:208} INFO - Processing /opt/airflow/dags/weather_dag.py took 0.136 seconds
[2026-08-14T05:42:34.892+0000] {processor.py:186} INFO - Started process (PID=16236) to work on /opt/airflow/dags/weather_dag.py
[2026-08-14T05:42:34.894+0000] {processor.py:914} INFO - Processing file /opt/airflow/dags/weather_dag.py for tasks to queue
[2026-08-14T05:42:34.897+0000] {logging_mixin.py:190} INFO - [2026-08-14T05:42:34.896+0000] {dagbag.py:588} INFO - Filling up the DagBag from /opt/airflow/dags/weather_dag.py
[2026-08-14T05:42:34.906+0000] {processor.py:925} INFO - DAG(s) 'weather_ingestion' retrieved from /opt/airflow/dags/weather_dag.py
[2026-08-14T05:42:34.925+0000] {logging_mixin.py:190} INFO - [2026-08-14T05:42:34.925+0000] {dag.py:3239} INFO - Sync 1 DAGs
[2026-08-14T05:42:34.940+0000] {logging_mixin.py:190} INFO - [2026-08-14T05:42:34.940+0000] {dag.py:4180} INFO - Setting next_dagrun for weather_ingestion to 2026-08-14 05:00:00+00:00, run_after=2026-08-14 06:00:00+00:00
[2026-08-14T05:42:34.948+0000] {processor.py:208} INFO - Processing /opt/airflow/dags/weather_dag.py took 0.063 seconds
[2026-08-14T05:43:05.247+0000] {processor.py:186} INFO - Started process (PID=16241) to work on /opt/airflow/dags/weather_dag.py
[2026-08-14T05:43:05.249+0000] {processor.py:914} INFO - Processing file /opt/airflow/dags/weather_dag.py for tasks to queue
[2026-08-14T05:43:05.251+0000] {logging_mixin.py:190} INFO - [2026-08-14T05:43:05.250+0000] {dagbag.py:588} INFO - Filling up the DagBag from /opt/airflow/dags/weather_dag.py
[2026-08-14T05:43:05.260+0000] {processor.py:925} INFO - DAG(s) 'weather_ingestion' retrieved from /opt/airflow/dags/weather_dag.py
[2026-08-14T05:43:05.278+0000] {logging_mixin.py:190} INFO - [2026-08-14T05:43:05.278+0000] {dag.py:3239} INFO - Sync 1 DAGs
[2026-08-14T05:43:05.289+0000] {logging_mixin.py:190} INFO - [2026-08-14T05:43:05.289+0000] {dag.py:4180} INFO - Setting next_dagrun for weather_ingestion to 2026-08-14 05:00:00+00:00, run_after=2026-08-14 06:00:00+00:00
[2026-08-14T05:43:05.296+0000] {processor.py:208} INFO - Processing /opt/airflow/dags/weather_dag.py took 0.055 seconds
[2026-08-14T05:43:35.531+0000] {processor.py:186} INFO - Started process (PID=16246) to work on /opt/airflow/dags/weather_dag.py
[2026-08-14T05:43:35.534+0000] {processor.py:914} INFO - Processing file /opt/airflow/dags/weather_dag.py for tasks to queue
[2026-08-14T05:43:35.535+0000] {logging_mixin.py:190} INFO - [2026-08-14T05:43:35.535+0000] {dagbag.py:588} INFO - Filling up the DagBag from /opt/airflow/dags/weather_dag.py
[2026-08-14T05:43:35.545+0000] {processor.py:925} INFO - DAG(s) 'weather_ingestion' retrieved from /opt/airflow/dags/weather_dag.py
[2026-08-14T05:43:35.565+0000] {logging_mixin.py:190} INFO - [2026-08-14T05:43:35.565+0000] {dag.py:3239} INFO - Sync 1 DAGs
[2026-08-14T05:43:35.577+0000] {logging_mixin.py:190} INFO - [2026-08-14T05:43:35.577+0000] {dag.py:4180} INFO - Setting next_dagrun for weather_ingestion to 2026-08-14 05:00:00+00:00, run_after=2026-08-14 06:00:00+00:00
[2026-08-14T05:43:35.587+0000] {processor.py:208} INFO - Processing /opt/airflow/dags/weather_dag.py took 0.062 seconds
[2026-08-14T05:44:05.823+0000] {processor.py:186} INFO - Started process (PID=16251) to work on /opt/airflow/dags/weather_dag.py
[2026-08-14T05:44:05.824+0000] {processor.py:914} INFO - Processing file /opt/airflow/dags/weather_dag.py for tasks to queue
[2026-08-14T05:44:05.825+0000] {logging_mixin.py:190} INFO - [2026-08-14T05:44:05.825+0000] {dagbag.py:588} INFO - Filling up the DagBag from /opt/airflow/dags/weather_dag.py
[2026-08-14T05:44:05.834+0000] {processor.py:925} INFO - DAG(s) 'weather_ingestion' retrieved from /opt/airflow/dags/weather_dag.py
[2026-08-14T05:44:05.850+0000] {logging_mixin.py:190} INFO - [2026-08-14T05:44:05.850+0000] {dag.py:3239} INFO - Sync 1 DAGs
[2026-08-14T05:44:05.862+0000] {logging_mixin.py:190} INFO - [2026-08-14T05:44:05.861+0000] {dag.py:4180} INFO - Setting next_dagrun for weather_ingestion to 2026-08-14 05:00:00+00:00, run_after=2026-08-14 06:00:00+00:00
[2026-08-14T05:44:05.870+0000] {processor.py:208} INFO - Processing /opt/airflow/dags/weather_dag.py took 0.055 seconds
[2026-08-14T05:44:36.235+0000] {processor.py:186} INFO - Started process (PID=16256) to work on /opt/airflow/dags/weather_dag.py
[2026-08-14T05:44:36.237+0000] {processor.py:914} INFO - Processing file /opt/airflow/dags/weather_dag.py for tasks to queue
[2026-08-14T05:44:36.240+0000] {logging_mixin.py:190} INFO - [2026-08-14T05:44:36.240+0000] {dagbag.py:588} INFO - Filling up the DagBag from /opt/airflow/dags/weather_dag.py
[2026-08-14T05:44:36.256+0000] {processor.py:925} INFO - DAG(s) 'weather_ingestion' retrieved from /opt/airflow/dags/weather_dag.py
[2026-08-14T05:44:36.281+0000] {logging_mixin.py:190} INFO - [2026-08-14T05:44:36.281+0000] {dag.py:3239} INFO - Sync 1 DAGs
[2026-08-14T05:44:36.297+0000] {logging_mixin.py:190} INFO - [2026-08-14T05:44:36.297+0000] {dag.py:4180} INFO - Setting next_dagrun for weather_ingestion to 2026-08-14 05:00:00+00:00, run_after=2026-08-14 06:00:00+00:00
[2026-08-14T05:44:36.306+0000] {processor.py:208} INFO - Processing /opt/airflow/dags/weather_dag.py took 0.081 seconds
[2026-08-14T05:45:06.708+0000] {processor.py:186} INFO - Started process (PID=16261) to work on /opt/airflow/dags/weather_dag.py
[2026-08-14T05:45:06.709+0000] {processor.py:914} INFO - Processing file /opt/airflow/dags/weather_dag.py for tasks to queue
[2026-08-14T05:45:06.711+0000] {logging_mixin.py:190} INFO - [2026-08-14T05:45:06.711+0000] {dagbag.py:588} INFO - Filling up the DagBag from /opt/airflow/dags/weather_dag.py
[2026-08-14T05:45:06.722+0000] {processor.py:925} INFO - DAG(s) 'weather_ingestion' retrieved from /opt/airflow/dags/weather_dag.py
[2026-08-14T05:45:06.740+0000] {logging_mixin.py:190} INFO - [2026-08-14T05:45:06.740+0000] {dag.py:3239} INFO - Sync 1 DAGs
[2026-08-14T05:45:06.753+0000] {logging_mixin.py:190} INFO - [2026-08-14T05:45:06.753+0000] {dag.py:4180} INFO - Setting next_dagrun for weather_ingestion to 2026-08-14 05:00:00+00:00, run_after=2026-08-14 06:00:00+00:00
[2026-08-14T05:45:06.762+0000] {processor.py:208} INFO - Processing /opt/airflow/dags/weather_dag.py took 0.061 seconds
[2026-08-14T05:45:37.096+0000] {processor.py:186} INFO - Started process (PID=16266) to work on /opt/airflow/dags/weather_dag.py
[2026-08-14T05:45:37.098+0000] {processor.py:914} INFO - Processing file /opt/airflow/dags/weather_dag.py for tasks to queue
[2026-08-14T05:45:37.100+0000] {logging_mixin.py:190} INFO - [2026-08-14T05:45:37.099+0000] {dagbag.py:588} INFO - Filling up the DagBag from /opt/airflow/dags/weather_dag.py
[2026-08-14T05:45:37.110+0000] {processor.py:925} INFO - DAG(s) 'weather_ingestion' retrieved from /opt/airflow/dags/weather_dag.py
[2026-08-14T05:45:37.128+0000] {logging_mixin.py:190} INFO - [2026-08-14T05:45:37.127+0000] {dag.py:3239} INFO - Sync 1 DAGs
[2026-08-14T05:45:37.139+0000] {logging_mixin.py:190} INFO - [2026-08-14T05:45:37.139+0000] {dag.py:4180} INFO - Setting next_dagrun for weather_ingestion to 2026-08-14 05:00:00+00:00, run_after=2026-08-14 06:00:00+00:00
[2026-08-14T05:45:37.148+0000] {processor.py:208} INFO - Processing /opt/airflow/dags/weather_dag.py took 0.058 seconds
[2026-08-14T05:46:07.513+0000] {processor.py:186} INFO - Started process (PID=16271) to work on /opt/airflow/dags/weather_dag.py
[2026-08-14T05:46:07.516+0000] {processor.py:914} INFO - Processing file /opt/airflow/dags/weather_dag.py for tasks to queue
[2026-08-14T05:46:07.518+0000] {logging_mixin.py:190} INFO - [2026-08-14T05:46:07.518+0000] {dagbag.py:588} INFO - Filling up the DagBag from /opt/airflow/dags/weather_dag.py
[2026-08-14T05:46:07.529+0000] {processor.py:925} INFO - DAG(s) 'weather_ingestion' retrieved from /opt/airflow/dags/weather_dag.py
[2026-08-14T05:46:07.549+0000] {logging_mixin.py:190} INFO - [2026-08-14T05:46:07.549+0000] {dag.py:3239} INFO - Sync 1 DAGs
[2026-08-14T05:46:07.564+0000] {logging_mixin.py:190} INFO - [2026-08-14T05:46:07.564+0000] {dag.py:4180} INFO - Setting next_dagrun for weather_ingestion to 2026-08-14 05:00:00+00:00, run_after=2026-08-14 06:00:00+00:00
[2026-08-14T05:46:07.573+0000] {processor.py:208} INFO - Processing /opt/airflow/dags/weather_dag.py took 0.066 seconds
[2026-08-14T05:46:37.887+0000] {processor.py:186} INFO - Started process (PID=16276) to work on /opt/airflow/dags/weather_dag.py
[2026-08-14T05:46:37.888+0000] {processor.py:914} INFO - Processing file /opt/airflow/dags/weather_dag.py for tasks to queue
[2026-08-14T05:46:37.890+0000] {logging_mixin.py:190} INFO - [2026-08-14T05:46:37.890+0000] {dagbag.py:588} INFO - Filling up the DagBag from /opt/airflow/dags/weather_dag.py
[2026-08-14T05:46:37.898+0000] {processor.py:925} INFO - DAG(s) 'weather_ingestion' retrieved from /opt/airflow/dags/weather_dag.py
[2026-08-14T05:46:37.919+0000] {logging_mixin.py:190} INFO - [2026-08-14T05:46:37.919+0000] {dag.py:3239} INFO - Sync 1 DAGs
[2026-08-14T05:46:37.933+0000] {logging_mixin.py:190} INFO - [2026-08-14T05:46:37.933+0000] {dag.py:4180} INFO - Setting next_dagrun for weather_ingestion to 2026-08-14 05:00:00+00:00, run_after=2026-08-14 06:00:00+00:00
[2026-08-14T05:46:37.942+0000] {processor.py:208} INFO - Processing /opt/airflow/dags/weather_dag.py took 0.060 seconds
[2026-08-14T05:47:08.259+0000] {processor.py:186} INFO - Started process (PID=16281) to work on /opt/airflow/dags/weather_dag.py
[2026-08-14T05:47:08.261+0000] {processor.py:914} INFO - Processing file /opt/airflow/dags/weather_dag.py for tasks to queue
[2026-08-14T05:47:08.264+0000] {logging_mixin.py:190} INFO - [2026-08-14T05:47:08.264+0000] {dagbag.py:588} INFO - Filling up the DagBag from /opt/airflow/dags/weather_dag.py
[2026-08-14T05:47:08.274+0000] {processor.py:925} INFO - DAG(s) 'weather_ingestion' retrieved from /opt/airflow/dags/weather_dag.py
[2026-08-14T05:47:08.295+0000] {logging_mixin.py:190} INFO - [2026-08-14T05:47:08.295+0000] {dag.py:3239} INFO - Sync 1 DAGs
[2026-08-14T05:47:08.306+0000] {logging_mixin.py:190} INFO - [2026-08-14T05:47:08.306+0000] {dag.py:4180} INFO - Setting next_dagrun for weather_ingestion to 2026-08-14 05:00:00+00:00, run_after=2026-08-14 06:00:00+00:00
[2026-08-14T05:47:08.314+0000] {processor.py:208} INFO - Processing /opt/airflow/dags/weather_dag.py took 0.062 seconds
[2026-08-14T05:47:38.642+0000] {processor.py:186} INFO - Started process (PID=16286) to work on /opt/airflow/dags/weather_dag.py
[2026-08-14T05:47:38.644+0000] {processor.py:914} INFO - Processing file /opt/airflow/dags/weather_dag.py for tasks to queue
[2026-08-14T05:47:38.647+0000] {logging_mixin.py:190} INFO - [2026-08-14T05:47:38.647+0000] {dagbag.py:588} INFO - Filling up the DagBag from /opt/airflow/dags/weather_dag.py
[2026-08-14T05:47:38.657+0000] {processor.py:925} INFO - DAG(s) 'weather_ingestion' retrieved from /opt/airflow/dags/weather_dag.py
[2026-08-14T05:47:38.677+0000] {logging_mixin.py:190} INFO - [2026-08-14T05:47:38.677+0000] {dag.py:3239} INFO - Sync 1 DAGs
[2026-08-14T05:47:38.689+0000] {logging_mixin.py:190} INFO - [2026-08-14T05:47:38.689+0000] {dag.py:4180} INFO - Setting next_dagrun for weather_ingestion to 2026-08-14 05:00:00+00:00, run_after=2026-08-14 06:00:00+00:00
[2026-08-14T05:47:38.696+0000] {processor.py:208} INFO - Processing /opt/airflow/dags/weather_dag.py took 0.059 seconds
[2026-08-14T05:48:08.962+0000] {processor.py:186} INFO - Started process (PID=16291) to work on /opt/airflow/dags/weather_dag.py
[2026-08-14T05:48:08.963+0000] {processor.py:914} INFO - Processing file /opt/airflow/dags/weather_dag.py for tasks to queue
[2026-08-14T05:48:08.966+0000] {logging_mixin.py:190} INFO - [2026-08-14T05:48:08.966+0000] {dagbag.py:588} INFO - Filling up the DagBag from /opt/airflow/dags/weather_dag.py
[2026-08-14T05:48:08.980+0000] {processor.py:925} INFO - DAG(s) 'weather_ingestion' retrieved from /opt/airflow/dags/weather_dag.py
[2026-08-14T05:48:09.004+0000] {logging_mixin.py:190} INFO - [2026-08-14T05:48:09.004+0000] {dag.py:3239} INFO - Sync 1 DAGs
[2026-08-14T05:48:09.019+0000] {logging_mixin.py:190} INFO - [2026-08-14T05:48:09.019+0000] {dag.py:4180} INFO - Setting next_dagrun for weather_ingestion to 2026-08-14 05:00:00+00:00, run_after=2026-08-14 06:00:00+00:00
[2026-08-14T05:48:09.028+0000] {processor.py:208} INFO - Processing /opt/airflow/dags/weather_dag.py took 0.072 seconds
[2026-08-14T05:48:39.331+0000] {processor.py:186} INFO - Started process (PID=16296) to work on /opt/airflow/dags/weather_dag.py
[2026-08-14T05:48:39.334+0000] {processor.py:914} INFO - Processing file /opt/airflow/dags/weather_dag.py for tasks to queue
[2026-08-14T05:48:39.336+0000] {logging_mixin.py:190} INFO - [2026-08-14T05:48:39.336+0000] {dagbag.py:588} INFO - Filling up the DagBag from /opt/airflow/dags/weather_dag.py
[2026-08-14T05:48:39.349+0000] {processor.py:925} INFO - DAG(s) 'weather_ingestion' retrieved from /opt/airflow/dags/weather_dag.py
[2026-08-14T05:48:39.366+0000] {logging_mixin.py:190} INFO - [2026-08-14T05:48:39.366+0000] {dag.py:3239} INFO - Sync 1 DAGs
[2026-08-14T05:48:39.379+0000] {logging_mixin.py:190} INFO - [2026-08-14T05:48:39.379+0000] {dag.py:4180} INFO - Setting next_dagrun for weather_ingestion to 2026-08-14 05:00:00+00:00, run_after=2026-08-14 06:00:00+00:00
[2026-08-14T05:48:39.388+0000] {processor.py:208} INFO - Processing /opt/airflow/dags/weather_dag.py took 0.064 seconds
[2026-08-14T05:49:09.735+0000] {processor.py:186} INFO - Started process (PID=16301) to work on /opt/airflow/dags/weather_dag.py
[2026-08-14T05:49:09.736+0000] {processor.py:914} INFO - Processing file /opt/airflow/dags/weather_dag.py for tasks to queue
[2026-08-14T05:49:09.738+0000] {logging_mixin.py:190} INFO - [2026-08-14T05:49:09.737+0000] {dagbag.py:588} INFO - Filling up the DagBag from /opt/airflow/dags/weather_dag.py
[2026-08-14T05:49:09.748+0000] {processor.py:925} INFO - DAG(s) 'weather_ingestion' retrieved from /opt/airflow/dags/weather_dag.py
[2026-08-14T05:49:09.767+0000] {logging_mixin.py:190} INFO - [2026-08-14T05:49:09.767+0000] {dag.py:3239} INFO - Sync 1 DAGs
[2026-08-14T05:49:09.778+0000] {logging_mixin.py:190} INFO - [2026-08-14T05:49:09.778+0000] {dag.py:4180} INFO - Setting next_dagrun for weather_ingestion to 2026-08-14 05:00:00+00:00, run_after=2026-08-14 06:00:00+00:00
[2026-08-14T05:49:09.785+0000] {processor.py:208} INFO - Processing /opt/airflow/dags/weather_dag.py took 0.056 seconds
[2026-08-14T05:49:40.105+0000] {processor.py:186} INFO - Started process (PID=16306) to work on /opt/airflow/dags/weather_dag.py
[2026-08-14T05:49:40.107+0000] {processor.py:914} INFO - Processing file /opt/airflow/dags/weather_dag.py for tasks to queue
[2026-08-14T05:49:40.109+0000] {logging_mixin.py:190} INFO - [2026-08-14T05:49:40.109+0000] {dagbag.py:588} INFO - Filling up the DagBag from /opt/airflow/dags/weather_dag.py
[2026-08-14T05:49:40.120+0000] {processor.py:925} INFO - DAG(s) 'weather_ingestion' retrieved from /opt/airflow/dags/weather_dag.py
[2026-08-14T05:49:40.139+0000] {logging_mixin.py:190} INFO - [2026-08-14T05:49:40.139+0000] {dag.py:3239} INFO - Sync 1 DAGs
[2026-08-14T05:49:40.151+0000] {logging_mixin.py:190} INFO - [2026-08-14T05:49:40.151+0000] {dag.py:4180} INFO - Setting next_dagrun for weather_ingestion to 2026-08-14 05:00:00+00:00, run_after=2026-08-14 06:00:00+00:00
[2026-08-14T05:49:40.159+0000] {processor.py:208} INFO - Processing /opt/airflow/dags/weather_dag.py took 0.060 seconds
[2026-08-14T05:50:10.540+0000] {processor.py:186} INFO - Started process (PID=16311) to work on /opt/airflow/dags/weather_dag.py
[2026-08-14T05:50:10.542+0000] {processor.py:914} INFO - Processing file /opt/airflow/dags/weather_dag.py for tasks to queue
[2026-08-14T05:50:10.545+0000] {logging_mixin.py:190} INFO - [2026-08-14T05:50:10.544+0000] {dagbag.py:588} INFO - Filling up the DagBag from /opt/airflow/dags/weather_dag.py
[2026-08-14T05:50:10.555+0000] {processor.py:925} INFO - DAG(s) 'weather_ingestion' retrieved from /opt/airflow/dags/weather_dag.py
[2026-08-14T05:50:10.575+0000] {logging_mixin.py:190} INFO - [2026-08-14T05:50:10.575+0000] {dag.py:3239} INFO - Sync 1 DAGs
[2026-08-14T05:50:10.586+0000] {logging_mixin.py:190} INFO - [2026-08-14T05:50:10.586+0000] {dag.py:4180} INFO - Setting next_dagrun for weather_ingestion to 2026-08-14 05:00:00+00:00, run_after=2026-08-14 06:00:00+00:00
[2026-08-14T05:50:10.594+0000] {processor.py:208} INFO - Processing /opt/airflow/dags/weather_dag.py took 0.059 seconds
[2026-08-14T05:50:40.913+0000] {processor.py:186} INFO - Started process (PID=16316) to work on /opt/airflow/dags/weather_dag.py
[2026-08-14T05:50:40.915+0000] {processor.py:914} INFO - Processing file /opt/airflow/dags/weather_dag.py for tasks to queue
[2026-08-14T05:50:40.917+0000] {logging_mixin.py:190} INFO - [2026-08-14T05:50:40.917+0000] {dagbag.py:588} INFO - Filling up the DagBag from /opt/airflow/dags/weather_dag.py
[2026-08-14T05:50:40.927+0000] {processor.py:925} INFO - DAG(s) 'weather_ingestion' retrieved from /opt/airflow/dags/weather_dag.py
[2026-08-14T05:50:40.946+0000] {logging_mixin.py:190} INFO - [2026-08-14T05:50:40.946+0000] {dag.py:3239} INFO - Sync 1 DAGs
[2026-08-14T05:50:40.956+0000] {logging_mixin.py:190} INFO - [2026-08-14T05:50:40.956+0000] {dag.py:4180} INFO - Setting next_dagrun for weather_ingestion to 2026-08-14 05:00:00+00:00, run_after=2026-08-14 06:00:00+00:00
[2026-08-14T05:50:40.963+0000] {processor.py:208} INFO - Processing /opt/airflow/dags/weather_dag.py took 0.056 seconds
[2026-08-14T05:51:11.248+0000] {processor.py:186} INFO - Started process (PID=16321) to work on /opt/airflow/dags/weather_dag.py
[2026-08-14T05:51:11.249+0000] {processor.py:914} INFO - Processing file /opt/airflow/dags/weather_dag.py for tasks to queue
[2026-08-14T05:51:11.251+0000] {logging_mixin.py:190} INFO - [2026-08-14T05:51:11.251+0000] {dagbag.py:588} INFO - Filling up the DagBag from /opt/airflow/dags/weather_dag.py
[2026-08-14T05:51:11.259+0000] {processor.py:925} INFO - DAG(s) 'weather_ingestion' retrieved from /opt/airflow/dags/weather_dag.py
[2026-08-14T05:51:11.276+0000] {logging_mixin.py:190} INFO - [2026-08-14T05:51:11.275+0000] {dag.py:3239} INFO - Sync 1 DAGs
[2026-08-14T05:51:11.287+0000] {logging_mixin.py:190} INFO - [2026-08-14T05:51:11.287+0000] {dag.py:4180} INFO - Setting next_dagrun for weather_ingestion to 2026-08-14 05:00:00+00:00, run_after=2026-08-14 06:00:00+00:00
[2026-08-14T05:51:11.295+0000] {processor.py:208} INFO - Processing /opt/airflow/dags/weather_dag.py took 0.052 seconds
[2026-08-14T05:51:41.563+0000] {processor.py:186} INFO - Started process (PID=16326) to work on /opt/airflow/dags/weather_dag.py
[2026-08-14T05:51:41.566+0000] {processor.py:914} INFO - Processing file /opt/airflow/dags/weather_dag.py for tasks to queue
[2026-08-14T05:51:41.568+0000] {logging_mixin.py:190} INFO - [2026-08-14T05:51:41.568+0000] {dagbag.py:588} INFO - Filling up the DagBag from /opt/airflow/dags/weather_dag.py
[2026-08-14T05:51:41.579+0000] {processor.py:925} INFO - DAG(s) 'weather_ingestion' retrieved from /opt/airflow/dags/weather_dag.py
[2026-08-14T05:51:41.598+0000] {logging_mixin.py:190} INFO - [2026-08-14T05:51:41.598+0000] {dag.py:3239} INFO - Sync 1 DAGs
[2026-08-14T05:51:41.610+0000] {logging_mixin.py:190} INFO - [2026-08-14T05:51:41.610+0000] {dag.py:4180} INFO - Setting next_dagrun for weather_ingestion to 2026-08-14 05:00:00+00:00, run_after=2026-08-14 06:00:00+00:00
[2026-08-14T05:51:41.617+0000] {processor.py:208} INFO - Processing /opt/airflow/dags/weather_dag.py took 0.061 seconds
[2026-08-14T05:52:11.942+0000] {processor.py:186} INFO - Started process (PID=16331) to work on /opt/airflow/dags/weather_dag.py
[2026-08-14T05:52:11.944+0000] {processor.py:914} INFO - Processing file /opt/airflow/dags/weather_dag.py for tasks to queue
[2026-08-14T05:52:11.946+0000] {logging_mixin.py:190} INFO - [2026-08-14T05:52:11.946+0000] {dagbag.py:588} INFO - Filling up the DagBag from /opt/airflow/dags/weather_dag.py
[2026-08-14T05:52:11.958+0000] {processor.py:925} INFO - DAG(s) 'weather_ingestion' retrieved from /opt/airflow/dags/weather_dag.py
[2026-08-14T05:52:11.977+0000] {logging_mixin.py:190} INFO - [2026-08-14T05:52:11.977+0000] {dag.py:3239} INFO - Sync 1 DAGs
[2026-08-14T05:52:11.991+0000] {logging_mixin.py:190} INFO - [2026-08-14T05:52:11.991+0000] {dag.py:4180} INFO - Setting next_dagrun for weather_ingestion to 2026-08-14 05:00:00+00:00, run_after=2026-08-14 06:00:00+00:00
[2026-08-14T05:52:11.999+0000] {processor.py:208} INFO - Processing /opt/airflow/dags/weather_dag.py took 0.063 seconds
[2026-08-14T05:52:42.309+0000] {processor.py:186} INFO - Started process (PID=16336) to work on /opt/airflow/dags/weather_dag.py
[2026-08-14T05:52:42.310+0000] {processor.py:914} INFO - Processing file /opt/airflow/dags/weather_dag.py for tasks to queue
[2026-08-14T05:52:42.312+0000] {logging_mixin.py:190} INFO - [2026-08-14T05:52:42.312+0000] {dagbag.py:588} INFO - Filling up the DagBag from /opt/airflow/dags/weather_dag.py
[2026-08-14T05:52:42.322+0000] {processor.py:925} INFO - DAG(s) 'weather_ingestion' retrieved from /opt/airflow/dags/weather_dag.py
[2026-08-14T05:52:42.354+0000] {logging_mixin.py:190} INFO - [2026-08-14T05:52:42.353+0000] {dag.py:3239} INFO - Sync 1 DAGs
[2026-08-14T05:52:42.386+0000] {logging_mixin.py:190} INFO - [2026-08-14T05:52:42.385+0000] {dag.py:4180} INFO - Setting next_dagrun for weather_ingestion to 2026-08-14 05:00:00+00:00, run_after=2026-08-14 06:00:00+00:00
[2026-08-14T05:52:42.396+0000] {processor.py:208} INFO - Processing /opt/airflow/dags/weather_dag.py took 0.092 seconds
[2026-08-14T05:53:12.764+0000] {processor.py:186} INFO - Started process (PID=16341) to work on /opt/airflow/dags/weather_dag.py
[2026-08-14T05:53:12.766+0000] {processor.py:914} INFO - Processing file /opt/airflow/dags/weather_dag.py for tasks to queue
[2026-08-14T05:53:12.769+0000] {logging_mixin.py:190} INFO - [2026-08-14T05:53:12.769+0000] {dagbag.py:588} INFO - Filling up the DagBag from /opt/airflow/dags/weather_dag.py
[2026-08-14T05:53:12.785+0000] {processor.py:925} INFO - DAG(s) 'weather_ingestion' retrieved from /opt/airflow/dags/weather_dag.py
[2026-08-14T05:53:12.808+0000] {logging_mixin.py:190} INFO - [2026-08-14T05:53:12.808+0000] {dag.py:3239} INFO - Sync 1 DAGs
[2026-08-14T05:53:12.821+0000] {logging_mixin.py:190} INFO - [2026-08-14T05:53:12.821+0000] {dag.py:4180} INFO - Setting next_dagrun for weather_ingestion to 2026-08-14 05:00:00+00:00, run_after=2026-08-14 06:00:00+00:00
[2026-08-14T05:53:12.829+0000] {processor.py:208} INFO - Processing /opt/airflow/dags/weather_dag.py took 0.075 seconds
[2026-08-14T05:53:43.162+0000] {processor.py:186} INFO - Started process (PID=16346) to work on /opt/airflow/dags/weather_dag.py
[2026-08-14T05:53:43.165+0000] {processor.py:914} INFO - Processing file /opt/airflow/dags/weather_dag.py for tasks to queue
[2026-08-14T05:53:43.167+0000] {logging_mixin.py:190} INFO - [2026-08-14T05:53:43.167+0000] {dagbag.py:588} INFO - Filling up the DagBag from /opt/airflow/dags/weather_dag.py
[2026-08-14T05:53:43.179+0000] {processor.py:925} INFO - DAG(s) 'weather_ingestion' retrieved from /opt/airflow/dags/weather_dag.py
[2026-08-14T05:53:43.200+0000] {logging_mixin.py:190} INFO - [2026-08-14T05:53:43.200+0000] {dag.py:3239} INFO - Sync 1 DAGs
[2026-08-14T05:53:43.214+0000] {logging_mixin.py:190} INFO - [2026-08-14T05:53:43.214+0000] {dag.py:4180} INFO - Setting next_dagrun for weather_ingestion to 2026-08-14 05:00:00+00:00, run_after=2026-08-14 06:00:00+00:00
[2026-08-14T05:53:43.224+0000] {processor.py:208} INFO - Processing /opt/airflow/dags/weather_dag.py took 0.069 seconds
[2026-08-14T05:54:13.677+0000] {processor.py:186} INFO - Started process (PID=16351) to work on /opt/airflow/dags/weather_dag.py
[2026-08-14T05:54:13.679+0000] {processor.py:914} INFO - Processing file /opt/airflow/dags/weather_dag.py for tasks to queue
[2026-08-14T05:54:13.682+0000] {logging_mixin.py:190} INFO - [2026-08-14T05:54:13.681+0000] {dagbag.py:588} INFO - Filling up the DagBag from /opt/airflow/dags/weather_dag.py
[2026-08-14T05:54:13.692+0000] {processor.py:925} INFO - DAG(s) 'weather_ingestion' retrieved from /opt/airflow/dags/weather_dag.py
[2026-08-14T05:54:13.712+0000] {logging_mixin.py:190} INFO - [2026-08-14T05:54:13.712+0000] {dag.py:3239} INFO - Sync 1 DAGs
[2026-08-14T05:54:13.724+0000] {logging_mixin.py:190} INFO - [2026-08-14T05:54:13.724+0000] {dag.py:4180} INFO - Setting next_dagrun for weather_ingestion to 2026-08-14 05:00:00+00:00, run_after=2026-08-14 06:00:00+00:00
[2026-08-14T05:54:13.731+0000] {processor.py:208} INFO - Processing /opt/airflow/dags/weather_dag.py took 0.063 seconds
[2026-08-14T05:54:44.088+0000] {processor.py:186} INFO - Started process (PID=16356) to work on /opt/airflow/dags/weather_dag.py
[2026-08-14T05:54:44.091+0000] {processor.py:914} INFO - Processing file /opt/airflow/dags/weather_dag.py for tasks to queue
[2026-08-14T05:54:44.093+0000] {logging_mixin.py:190} INFO - [2026-08-14T05:54:44.093+0000] {dagbag.py:588} INFO - Filling up the DagBag from /opt/airflow/dags/weather_dag.py
[2026-08-14T05:54:44.105+0000] {processor.py:925} INFO - DAG(s) 'weather_ingestion' retrieved from /opt/airflow/dags/weather_dag.py
[2026-08-14T05:54:44.124+0000] {logging_mixin.py:190} INFO - [2026-08-14T05:54:44.124+0000] {dag.py:3239} INFO - Sync 1 DAGs
[2026-08-14T05:54:44.138+0000] {logging_mixin.py:190} INFO - [2026-08-14T05:54:44.138+0000] {dag.py:4180} INFO - Setting next_dagrun for weather_ingestion to 2026-08-14 05:00:00+00:00, run_after=2026-08-14 06:00:00+00:00
[2026-08-14T05:54:44.146+0000] {processor.py:208} INFO - Processing /opt/airflow/dags/weather_dag.py took 0.065 seconds
[2026-08-14T05:55:14.528+0000] {processor.py:186} INFO - Started process (PID=16361) to work on /opt/airflow/dags/weather_dag.py
[2026-08-14T05:55:14.531+0000] {processor.py:914} INFO - Processing file /opt/airflow/dags/weather_dag.py for tasks to queue
[2026-08-14T05:55:14.535+0000] {logging_mixin.py:190} INFO - [2026-08-14T05:55:14.534+0000] {dagbag.py:588} INFO - Filling up the DagBag from /opt/airflow/dags/weather_dag.py
[2026-08-14T05:55:14.551+0000] {processor.py:925} INFO - DAG(s) 'weather_ingestion' retrieved from /opt/airflow/dags/weather_dag.py
[2026-08-14T05:55:14.573+0000] {logging_mixin.py:190} INFO - [2026-08-14T05:55:14.573+0000] {dag.py:3239} INFO - Sync 1 DAGs
[2026-08-14T05:55:14.588+0000] {logging_mixin.py:190} INFO - [2026-08-14T05:55:14.588+0000] {dag.py:4180} INFO - Setting next_dagrun for weather_ingestion to 2026-08-14 05:00:00+00:00, run_after=2026-08-14 06:00:00+00:00
[2026-08-14T05:55:14.610+0000] {processor.py:208} INFO - Processing /opt/airflow/dags/weather_dag.py took 0.092 seconds
[2026-08-14T05:55:44.871+0000] {processor.py:186} INFO - Started process (PID=16366) to work on /opt/airflow/dags/weather_dag.py
[2026-08-14T05:55:44.873+0000] {processor.py:914} INFO - Processing file /opt/airflow/dags/weather_dag.py for tasks to queue
[2026-08-14T05:55:44.876+0000] {logging_mixin.py:190} INFO - [2026-08-14T05:55:44.875+0000] {dagbag.py:588} INFO - Filling up the DagBag from /opt/airflow/dags/weather_dag.py
[2026-08-14T05:55:44.888+0000] {processor.py:925} INFO - DAG(s) 'weather_ingestion' retrieved from /opt/airflow/dags/weather_dag.py
[2026-08-14T05:55:44.911+0000] {logging_mixin.py:190} INFO - [2026-08-14T05:55:44.911+0000] {dag.py:3239} INFO - Sync 1 DAGs
[2026-08-14T05:55:44.923+0000] {logging_mixin.py:190} INFO - [2026-08-14T05:55:44.923+0000] {dag.py:4180} INFO - Setting next_dagrun for weather_ingestion to 2026-08-14 05:00:00+00:00, run_after=2026-08-14 06:00:00+00:00
[2026-08-14T05:55:44.930+0000] {processor.py:208} INFO - Processing /opt/airflow/dags/weather_dag.py took 0.069 seconds
[2026-08-14T05:56:15.271+0000] {processor.py:186} INFO - Started process (PID=16371) to work on /opt/airflow/dags/weather_dag.py
[2026-08-14T05:56:15.274+0000] {processor.py:914} INFO - Processing file /opt/airflow/dags/weather_dag.py for tasks to queue
[2026-08-14T05:56:15.281+0000] {logging_mixin.py:190} INFO - [2026-08-14T05:56:15.279+0000] {dagbag.py:588} INFO - Filling up the DagBag from /opt/airflow/dags/weather_dag.py
[2026-08-14T05:56:15.306+0000] {processor.py:925} INFO - DAG(s) 'weather_ingestion' retrieved from /opt/airflow/dags/weather_dag.py
[2026-08-14T05:56:15.350+0000] {logging_mixin.py:190} INFO - [2026-08-14T05:56:15.350+0000] {dag.py:3239} INFO - Sync 1 DAGs
[2026-08-14T05:56:15.378+0000] {logging_mixin.py:190} INFO - [2026-08-14T05:56:15.378+0000] {dag.py:4180} INFO - Setting next_dagrun for weather_ingestion to 2026-08-14 05:00:00+00:00, run_after=2026-08-14 06:00:00+00:00
[2026-08-14T05:56:15.396+0000] {processor.py:208} INFO - Processing /opt/airflow/dags/weather_dag.py took 0.133 seconds
[2026-08-14T05:56:45.648+0000] {processor.py:186} INFO - Started process (PID=16376) to work on /opt/airflow/dags/weather_dag.py
[2026-08-14T05:56:45.651+0000] {processor.py:914} INFO - Processing file /opt/airflow/dags/weather_dag.py for tasks to queue
[2026-08-14T05:56:45.655+0000] {logging_mixin.py:190} INFO - [2026-08-14T05:56:45.653+0000] {dagbag.py:588} INFO - Filling up the DagBag from /opt/airflow/dags/weather_dag.py
[2026-08-14T05:56:45.674+0000] {processor.py:925} INFO - DAG(s) 'weather_ingestion' retrieved from /opt/airflow/dags/weather_dag.py
[2026-08-14T05:56:45.733+0000] {logging_mixin.py:190} INFO - [2026-08-14T05:56:45.733+0000] {dag.py:3239} INFO - Sync 1 DAGs
[2026-08-14T05:56:45.754+0000] {logging_mixin.py:190} INFO - [2026-08-14T05:56:45.754+0000] {dag.py:4180} INFO - Setting next_dagrun for weather_ingestion to 2026-08-14 05:00:00+00:00, run_after=2026-08-14 06:00:00+00:00
[2026-08-14T05:56:45.764+0000] {processor.py:208} INFO - Processing /opt/airflow/dags/weather_dag.py took 0.131 seconds
[2026-08-14T05:57:16.094+0000] {processor.py:186} INFO - Started process (PID=16381) to work on /opt/airflow/dags/weather_dag.py
[2026-08-14T05:57:16.095+0000] {processor.py:914} INFO - Processing file /opt/airflow/dags/weather_dag.py for tasks to queue
[2026-08-14T05:57:16.097+0000] {logging_mixin.py:190} INFO - [2026-08-14T05:57:16.097+0000] {dagbag.py:588} INFO - Filling up the DagBag from /opt/airflow/dags/weather_dag.py
[2026-08-14T05:57:16.107+0000] {processor.py:925} INFO - DAG(s) 'weather_ingestion' retrieved from /opt/airflow/dags/weather_dag.py
[2026-08-14T05:57:16.127+0000] {logging_mixin.py:190} INFO - [2026-08-14T05:57:16.126+0000] {dag.py:3239} INFO - Sync 1 DAGs
[2026-08-14T05:57:16.143+0000] {logging_mixin.py:190} INFO - [2026-08-14T05:57:16.143+0000] {dag.py:4180} INFO - Setting next_dagrun for weather_ingestion to 2026-08-14 05:00:00+00:00, run_after=2026-08-14 06:00:00+00:00
[2026-08-14T05:57:16.153+0000] {processor.py:208} INFO - Processing /opt/airflow/dags/weather_dag.py took 0.065 seconds
[2026-08-14T05:57:46.425+0000] {processor.py:186} INFO - Started process (PID=16386) to work on /opt/airflow/dags/weather_dag.py
[2026-08-14T05:57:46.427+0000] {processor.py:914} INFO - Processing file /opt/airflow/dags/weather_dag.py for tasks to queue
[2026-08-14T05:57:46.429+0000] {logging_mixin.py:190} INFO - [2026-08-14T05:57:46.428+0000] {dagbag.py:588} INFO - Filling up the DagBag from /opt/airflow/dags/weather_dag.py
[2026-08-14T05:57:46.439+0000] {processor.py:925} INFO - DAG(s) 'weather_ingestion' retrieved from /opt/airflow/dags/weather_dag.py
[2026-08-14T05:57:46.458+0000] {logging_mixin.py:190} INFO - [2026-08-14T05:57:46.458+0000] {dag.py:3239} INFO - Sync 1 DAGs
[2026-08-14T05:57:46.470+0000] {logging_mixin.py:190} INFO - [2026-08-14T05:57:46.470+0000] {dag.py:4180} INFO - Setting next_dagrun for weather_ingestion to 2026-08-14 05:00:00+00:00, run_after=2026-08-14 06:00:00+00:00
[2026-08-14T05:57:46.477+0000] {processor.py:208} INFO - Processing /opt/airflow/dags/weather_dag.py took 0.059 seconds
[2026-08-14T05:58:16.730+0000] {processor.py:186} INFO - Started process (PID=16391) to work on /opt/airflow/dags/weather_dag.py
[2026-08-14T05:58:16.732+0000] {processor.py:914} INFO - Processing file /opt/airflow/dags/weather_dag.py for tasks to queue
[2026-08-14T05:58:16.734+0000] {logging_mixin.py:190} INFO - [2026-08-14T05:58:16.734+0000] {dagbag.py:588} INFO - Filling up the DagBag from /opt/airflow/dags/weather_dag.py
[2026-08-14T05:58:16.744+0000] {processor.py:925} INFO - DAG(s) 'weather_ingestion' retrieved from /opt/airflow/dags/weather_dag.py
[2026-08-14T05:58:16.763+0000] {logging_mixin.py:190} INFO - [2026-08-14T05:58:16.763+0000] {dag.py:3239} INFO - Sync 1 DAGs
[2026-08-14T05:58:16.774+0000] {logging_mixin.py:190} INFO - [2026-08-14T05:58:16.774+0000] {dag.py:4180} INFO - Setting next_dagrun for weather_ingestion to 2026-08-14 05:00:00+00:00, run_after=2026-08-14 06:00:00+00:00
[2026-08-14T05:58:16.781+0000] {processor.py:208} INFO - Processing /opt/airflow/dags/weather_dag.py took 0.057 seconds
[2026-08-14T05:58:47.099+0000] {processor.py:186} INFO - Started process (PID=16396) to work on /opt/airflow/dags/weather_dag.py
[2026-08-14T05:58:47.101+0000] {processor.py:914} INFO - Processing file /opt/airflow/dags/weather_dag.py for tasks to queue
[2026-08-14T05:58:47.105+0000] {logging_mixin.py:190} INFO - [2026-08-14T05:58:47.105+0000] {dagbag.py:588} INFO - Filling up the DagBag from /opt/airflow/dags/weather_dag.py
[2026-08-14T05:58:47.120+0000] {processor.py:925} INFO - DAG(s) 'weather_ingestion' retrieved from /opt/airflow/dags/weather_dag.py
[2026-08-14T05:58:47.142+0000] {logging_mixin.py:190} INFO - [2026-08-14T05:58:47.142+0000] {dag.py:3239} INFO - Sync 1 DAGs
[2026-08-14T05:58:47.157+0000] {logging_mixin.py:190} INFO - [2026-08-14T05:58:47.157+0000] {dag.py:4180} INFO - Setting next_dagrun for weather_ingestion to 2026-08-14 05:00:00+00:00, run_after=2026-08-14 06:00:00+00:00
[2026-08-14T05:58:47.166+0000] {processor.py:208} INFO - Processing /opt/airflow/dags/weather_dag.py took 0.076 seconds
[2026-08-14T05:59:17.433+0000] {processor.py:186} INFO - Started process (PID=16401) to work on /opt/airflow/dags/weather_dag.py
[2026-08-14T05:59:17.435+0000] {processor.py:914} INFO - Processing file /opt/airflow/dags/weather_dag.py for tasks to queue
[2026-08-14T05:59:17.437+0000] {logging_mixin.py:190} INFO - [2026-08-14T05:59:17.437+0000] {dagbag.py:588} INFO - Filling up the DagBag from /opt/airflow/dags/weather_dag.py
[2026-08-14T05:59:17.448+0000] {processor.py:925} INFO - DAG(s) 'weather_ingestion' retrieved from /opt/airflow/dags/weather_dag.py
[2026-08-14T05:59:17.466+0000] {logging_mixin.py:190} INFO - [2026-08-14T05:59:17.466+0000] {dag.py:3239} INFO - Sync 1 DAGs
[2026-08-14T05:59:17.478+0000] {logging_mixin.py:190} INFO - [2026-08-14T05:59:17.478+0000] {dag.py:4180} INFO - Setting next_dagrun for weather_ingestion to 2026-08-14 05:00:00+00:00, run_after=2026-08-14 06:00:00+00:00
[2026-08-14T05:59:17.486+0000] {processor.py:208} INFO - Processing /opt/airflow/dags/weather_dag.py took 0.061 seconds
[2026-08-14T05:59:47.765+0000] {processor.py:186} INFO - Started process (PID=16406) to work on /opt/airflow/dags/weather_dag.py
[2026-08-14T05:59:47.768+0000] {processor.py:914} INFO - Processing file /opt/airflow/dags/weather_dag.py for tasks to queue
[2026-08-14T05:59:47.771+0000] {logging_mixin.py:190} INFO - [2026-08-14T05:59:47.770+0000] {dagbag.py:588} INFO - Filling up the DagBag from /opt/airflow/dags/weather_dag.py
[2026-08-14T05:59:47.781+0000] {processor.py:925} INFO - DAG(s) 'weather_ingestion' retrieved from /opt/airflow/dags/weather_dag.py
[2026-08-14T05:59:47.801+0000] {logging_mixin.py:190} INFO - [2026-08-14T05:59:47.801+0000] {dag.py:3239} INFO - Sync 1 DAGs
[2026-08-14T05:59:47.814+0000] {logging_mixin.py:190} INFO - [2026-08-14T05:59:47.814+0000] {dag.py:4180} INFO - Setting next_dagrun for weather_ingestion to 2026-08-14 05:00:00+00:00, run_after=2026-08-14 06:00:00+00:00
[2026-08-14T05:59:47.822+0000] {processor.py:208} INFO - Processing /opt/airflow/dags/weather_dag.py took 0.063 seconds
[2026-08-14T06:00:18.117+0000] {processor.py:186} INFO - Started process (PID=16416) to work on /opt/airflow/dags/weather_dag.py
[2026-08-14T06:00:18.119+0000] {processor.py:914} INFO - Processing file /opt/airflow/dags/weather_dag.py for tasks to queue
[2026-08-14T06:00:18.121+0000] {logging_mixin.py:190} INFO - [2026-08-14T06:00:18.120+0000] {dagbag.py:588} INFO - Filling up the DagBag from /opt/airflow/dags/weather_dag.py
[2026-08-14T06:00:18.131+0000] {processor.py:925} INFO - DAG(s) 'weather_ingestion' retrieved from /opt/airflow/dags/weather_dag.py
[2026-08-14T06:00:18.149+0000] {logging_mixin.py:190} INFO - [2026-08-14T06:00:18.149+0000] {dag.py:3239} INFO - Sync 1 DAGs
[2026-08-14T06:00:18.160+0000] {logging_mixin.py:190} INFO - [2026-08-14T06:00:18.160+0000] {dag.py:4180} INFO - Setting next_dagrun for weather_ingestion to 2026-08-14 06:00:00+00:00, run_after=2026-08-14 07:00:00+00:00
[2026-08-14T06:00:18.167+0000] {processor.py:208} INFO - Processing /opt/airflow/dags/weather_dag.py took 0.057 seconds
[2026-08-14T06:00:48.476+0000] {processor.py:186} INFO - Started process (PID=16421) to work on /opt/airflow/dags/weather_dag.py
[2026-08-14T06:00:48.478+0000] {processor.py:914} INFO - Processing file /opt/airflow/dags/weather_dag.py for tasks to queue
[2026-08-14T06:00:48.480+0000] {logging_mixin.py:190} INFO - [2026-08-14T06:00:48.480+0000] {dagbag.py:588} INFO - Filling up the DagBag from /opt/airflow/dags/weather_dag.py
[2026-08-14T06:00:48.491+0000] {processor.py:925} INFO - DAG(s) 'weather_ingestion' retrieved from /opt/airflow/dags/weather_dag.py
[2026-08-14T06:00:48.509+0000] {logging_mixin.py:190} INFO - [2026-08-14T06:00:48.509+0000] {dag.py:3239} INFO - Sync 1 DAGs
[2026-08-14T06:00:48.521+0000] {logging_mixin.py:190} INFO - [2026-08-14T06:00:48.521+0000] {dag.py:4180} INFO - Setting next_dagrun for weather_ingestion to 2026-08-14 06:00:00+00:00, run_after=2026-08-14 07:00:00+00:00
[2026-08-14T06:00:48.527+0000] {processor.py:208} INFO - Processing /opt/airflow/dags/weather_dag.py took 0.058 seconds
[2026-08-14T06:01:18.806+0000] {processor.py:186} INFO - Started process (PID=16426) to work on /opt/airflow/dags/weather_dag.py
[2026-08-14T06:01:18.809+0000] {processor.py:914} INFO - Processing file /opt/airflow/dags/weather_dag.py for tasks to queue
[2026-08-14T06:01:18.811+0000] {logging_mixin.py:190} INFO - [2026-08-14T06:01:18.810+0000] {dagbag.py:588} INFO - Filling up the DagBag from /opt/airflow/dags/weather_dag.py
[2026-08-14T06:01:18.821+0000] {processor.py:925} INFO - DAG(s) 'weather_ingestion' retrieved from /opt/airflow/dags/weather_dag.py
[2026-08-14T06:01:18.840+0000] {logging_mixin.py:190} INFO - [2026-08-14T06:01:18.840+0000] {dag.py:3239} INFO - Sync 1 DAGs
[2026-08-14T06:01:18.851+0000] {logging_mixin.py:190} INFO - [2026-08-14T06:01:18.851+0000] {dag.py:4180} INFO - Setting next_dagrun for weather_ingestion to 2026-08-14 06:00:00+00:00, run_after=2026-08-14 07:00:00+00:00
[2026-08-14T06:01:18.857+0000] {processor.py:208} INFO - Processing /opt/airflow/dags/weather_dag.py took 0.058 seconds
[2026-08-14T06:01:49.116+0000] {processor.py:186} INFO - Started process (PID=16431) to work on /opt/airflow/dags/weather_dag.py
[2026-08-14T06:01:49.119+0000] {processor.py:914} INFO - Processing file /opt/airflow/dags/weather_dag.py for tasks to queue
[2026-08-14T06:01:49.122+0000] {logging_mixin.py:190} INFO - [2026-08-14T06:01:49.122+0000] {dagbag.py:588} INFO - Filling up the DagBag from /opt/airflow/dags/weather_dag.py
[2026-08-14T06:01:49.138+0000] {processor.py:925} INFO - DAG(s) 'weather_ingestion' retrieved from /opt/airflow/dags/weather_dag.py
[2026-08-14T06:01:49.159+0000] {logging_mixin.py:190} INFO - [2026-08-14T06:01:49.159+0000] {dag.py:3239} INFO - Sync 1 DAGs
[2026-08-14T06:01:49.174+0000] {logging_mixin.py:190} INFO - [2026-08-14T06:01:49.174+0000] {dag.py:4180} INFO - Setting next_dagrun for weather_ingestion to 2026-08-14 06:00:00+00:00, run_after=2026-08-14 07:00:00+00:00
[2026-08-14T06:01:49.182+0000] {processor.py:208} INFO - Processing /opt/airflow/dags/weather_dag.py took 0.075 seconds
[2026-08-14T06:02:19.345+0000] {processor.py:186} INFO - Started process (PID=16773) to work on /opt/airflow/dags/weather_dag.py
[2026-08-14T06:02:19.346+0000] {processor.py:914} INFO - Processing file /opt/airflow/dags/weather_dag.py for tasks to queue
[2026-08-14T06:02:19.349+0000] {logging_mixin.py:190} INFO - [2026-08-14T06:02:19.349+0000] {dagbag.py:588} INFO - Filling up the DagBag from /opt/airflow/dags/weather_dag.py
[2026-08-14T06:02:19.359+0000] {processor.py:925} INFO - DAG(s) 'weather_ingestion' retrieved from /opt/airflow/dags/weather_dag.py
[2026-08-14T06:02:19.379+0000] {logging_mixin.py:190} INFO - [2026-08-14T06:02:19.379+0000] {dag.py:3239} INFO - Sync 1 DAGs
[2026-08-14T06:02:19.391+0000] {logging_mixin.py:190} INFO - [2026-08-14T06:02:19.391+0000] {dag.py:4180} INFO - Setting next_dagrun for weather_ingestion to 2026-08-14 06:00:00+00:00, run_after=2026-08-14 07:00:00+00:00
[2026-08-14T06:02:19.400+0000] {processor.py:208} INFO - Processing /opt/airflow/dags/weather_dag.py took 0.062 seconds
[2026-08-14T06:02:49.669+0000] {processor.py:186} INFO - Started process (PID=16822) to work on /opt/airflow/dags/weather_dag.py
[2026-08-14T06:02:49.671+0000] {processor.py:914} INFO - Processing file /opt/airflow/dags/weather_dag.py for tasks to queue
[2026-08-14T06:02:49.675+0000] {logging_mixin.py:190} INFO - [2026-08-14T06:02:49.674+0000] {dagbag.py:588} INFO - Filling up the DagBag from /opt/airflow/dags/weather_dag.py
[2026-08-14T06:02:49.686+0000] {processor.py:925} INFO - DAG(s) 'weather_ingestion' retrieved from /opt/airflow/dags/weather_dag.py
[2026-08-14T06:02:49.706+0000] {logging_mixin.py:190} INFO - [2026-08-14T06:02:49.706+0000] {dag.py:3239} INFO - Sync 1 DAGs
[2026-08-14T06:02:49.719+0000] {logging_mixin.py:190} INFO - [2026-08-14T06:02:49.719+0000] {dag.py:4180} INFO - Setting next_dagrun for weather_ingestion to 2026-08-14 06:00:00+00:00, run_after=2026-08-14 07:00:00+00:00
[2026-08-14T06:02:49.726+0000] {processor.py:208} INFO - Processing /opt/airflow/dags/weather_dag.py took 0.064 seconds
[2026-08-14T06:03:19.951+0000] {processor.py:186} INFO - Started process (PID=16827) to work on /opt/airflow/dags/weather_dag.py
[2026-08-14T06:03:19.953+0000] {processor.py:914} INFO - Processing file /opt/airflow/dags/weather_dag.py for tasks to queue
[2026-08-14T06:03:19.956+0000] {logging_mixin.py:190} INFO - [2026-08-14T06:03:19.956+0000] {dagbag.py:588} INFO - Filling up the DagBag from /opt/airflow/dags/weather_dag.py
[2026-08-14T06:03:19.964+0000] {processor.py:925} INFO - DAG(s) 'weather_ingestion' retrieved from /opt/airflow/dags/weather_dag.py
[2026-08-14T06:03:19.981+0000] {logging_mixin.py:190} INFO - [2026-08-14T06:03:19.980+0000] {dag.py:3239} INFO - Sync 1 DAGs
[2026-08-14T06:03:19.992+0000] {logging_mixin.py:190} INFO - [2026-08-14T06:03:19.992+0000] {dag.py:4180} INFO - Setting next_dagrun for weather_ingestion to 2026-08-14 06:00:00+00:00, run_after=2026-08-14 07:00:00+00:00
[2026-08-14T06:03:19.998+0000] {processor.py:208} INFO - Processing /opt/airflow/dags/weather_dag.py took 0.055 seconds
[2026-08-14T06:03:50.310+0000] {processor.py:186} INFO - Started process (PID=16832) to work on /opt/airflow/dags/weather_dag.py
[2026-08-14T06:03:50.312+0000] {processor.py:914} INFO - Processing file /opt/airflow/dags/weather_dag.py for tasks to queue
[2026-08-14T06:03:50.314+0000] {logging_mixin.py:190} INFO - [2026-08-14T06:03:50.314+0000] {dagbag.py:588} INFO - Filling up the DagBag from /opt/airflow/dags/weather_dag.py
[2026-08-14T06:03:50.325+0000] {processor.py:925} INFO - DAG(s) 'weather_ingestion' retrieved from /opt/airflow/dags/weather_dag.py
[2026-08-14T06:03:50.342+0000] {logging_mixin.py:190} INFO - [2026-08-14T06:03:50.342+0000] {dag.py:3239} INFO - Sync 1 DAGs
[2026-08-14T06:03:50.353+0000] {logging_mixin.py:190} INFO - [2026-08-14T06:03:50.353+0000] {dag.py:4180} INFO - Setting next_dagrun for weather_ingestion to 2026-08-14 06:00:00+00:00, run_after=2026-08-14 07:00:00+00:00
[2026-08-14T06:03:50.360+0000] {processor.py:208} INFO - Processing /opt/airflow/dags/weather_dag.py took 0.057 seconds
[2026-08-14T06:04:20.671+0000] {processor.py:186} INFO - Started process (PID=16837) to work on /opt/airflow/dags/weather_dag.py
[2026-08-14T06:04:20.673+0000] {processor.py:914} INFO - Processing file /opt/airflow/dags/weather_dag.py for tasks to queue
[2026-08-14T06:04:20.675+0000] {logging_mixin.py:190} INFO - [2026-08-14T06:04:20.675+0000] {dagbag.py:588} INFO - Filling up the DagBag from /opt/airflow/dags/weather_dag.py
[2026-08-14T06:04:20.686+0000] {processor.py:925} INFO - DAG(s) 'weather_ingestion' retrieved from /opt/airflow/dags/weather_dag.py
[2026-08-14T06:04:20.706+0000] {logging_mixin.py:190} INFO - [2026-08-14T06:04:20.706+0000] {dag.py:3239} INFO - Sync 1 DAGs
[2026-08-14T06:04:20.719+0000] {logging_mixin.py:190} INFO - [2026-08-14T06:04:20.719+0000] {dag.py:4180} INFO - Setting next_dagrun for weather_ingestion to 2026-08-14 06:00:00+00:00, run_after=2026-08-14 07:00:00+00:00
[2026-08-14T06:04:20.727+0000] {processor.py:208} INFO - Processing /opt/airflow/dags/weather_dag.py took 0.063 seconds
[2026-08-14T06:04:51.078+0000] {processor.py:186} INFO - Started process (PID=16842) to work on /opt/airflow/dags/weather_dag.py
[2026-08-14T06:04:51.081+0000] {processor.py:914} INFO - Processing file /opt/airflow/dags/weather_dag.py for tasks to queue
[2026-08-14T06:04:51.084+0000] {logging_mixin.py:190} INFO - [2026-08-14T06:04:51.084+0000] {dagbag.py:588} INFO - Filling up the DagBag from /opt/airflow/dags/weather_dag.py
[2026-08-14T06:04:51.100+0000] {processor.py:925} INFO - DAG(s) 'weather_ingestion' retrieved from /opt/airflow/dags/weather_dag.py
[2026-08-14T06:04:51.122+0000] {logging_mixin.py:190} INFO - [2026-08-14T06:04:51.122+0000] {dag.py:3239} INFO - Sync 1 DAGs
[2026-08-14T06:04:51.136+0000] {logging_mixin.py:190} INFO - [2026-08-14T06:04:51.136+0000] {dag.py:4180} INFO - Setting next_dagrun for weather_ingestion to 2026-08-14 06:00:00+00:00, run_after=2026-08-14 07:00:00+00:00
[2026-08-14T06:04:51.144+0000] {processor.py:208} INFO - Processing /opt/airflow/dags/weather_dag.py took 0.075 seconds
[2026-08-14T06:05:21.438+0000] {processor.py:186} INFO - Started process (PID=16847) to work on /opt/airflow/dags/weather_dag.py
[2026-08-14T06:05:21.440+0000] {processor.py:914} INFO - Processing file /opt/airflow/dags/weather_dag.py for tasks to queue
[2026-08-14T06:05:21.442+0000] {logging_mixin.py:190} INFO - [2026-08-14T06:05:21.442+0000] {dagbag.py:588} INFO - Filling up the DagBag from /opt/airflow/dags/weather_dag.py
[2026-08-14T06:05:21.454+0000] {processor.py:925} INFO - DAG(s) 'weather_ingestion' retrieved from /opt/airflow/dags/weather_dag.py
[2026-08-14T06:05:21.478+0000] {logging_mixin.py:190} INFO - [2026-08-14T06:05:21.478+0000] {dag.py:3239} INFO - Sync 1 DAGs
[2026-08-14T06:05:21.492+0000] {logging_mixin.py:190} INFO - [2026-08-14T06:05:21.492+0000] {dag.py:4180} INFO - Setting next_dagrun for weather_ingestion to 2026-08-14 06:00:00+00:00, run_after=2026-08-14 07:00:00+00:00
[2026-08-14T06:05:21.501+0000] {processor.py:208} INFO - Processing /opt/airflow/dags/weather_dag.py took 0.071 seconds
[2026-08-14T06:05:51.802+0000] {processor.py:186} INFO - Started process (PID=16852) to work on /opt/airflow/dags/weather_dag.py
[2026-08-14T06:05:51.804+0000] {processor.py:914} INFO - Processing file /opt/airflow/dags/weather_dag.py for tasks to queue
[2026-08-14T06:05:51.807+0000] {logging_mixin.py:190} INFO - [2026-08-14T06:05:51.806+0000] {dagbag.py:588} INFO - Filling up the DagBag from /opt/airflow/dags/weather_dag.py
[2026-08-14T06:05:51.818+0000] {processor.py:925} INFO - DAG(s) 'weather_ingestion' retrieved from /opt/airflow/dags/weather_dag.py
[2026-08-14T06:05:51.838+0000] {logging_mixin.py:190} INFO - [2026-08-14T06:05:51.837+0000] {dag.py:3239} INFO - Sync 1 DAGs
[2026-08-14T06:05:51.854+0000] {logging_mixin.py:190} INFO - [2026-08-14T06:05:51.853+0000] {dag.py:4180} INFO - Setting next_dagrun for weather_ingestion to 2026-08-14 06:00:00+00:00, run_after=2026-08-14 07:00:00+00:00
[2026-08-14T06:05:51.861+0000] {processor.py:208} INFO - Processing /opt/airflow/dags/weather_dag.py took 0.065 seconds
[2026-08-14T06:06:22.172+0000] {processor.py:186} INFO - Started process (PID=16857) to work on /opt/airflow/dags/weather_dag.py
[2026-08-14T06:06:22.174+0000] {processor.py:914} INFO - Processing file /opt/airflow/dags/weather_dag.py for tasks to queue
[2026-08-14T06:06:22.176+0000] {logging_mixin.py:190} INFO - [2026-08-14T06:06:22.176+0000] {dagbag.py:588} INFO - Filling up the DagBag from /opt/airflow/dags/weather_dag.py
[2026-08-14T06:06:22.186+0000] {processor.py:925} INFO - DAG(s) 'weather_ingestion' retrieved from /opt/airflow/dags/weather_dag.py
[2026-08-14T06:06:22.205+0000] {logging_mixin.py:190} INFO - [2026-08-14T06:06:22.204+0000] {dag.py:3239} INFO - Sync 1 DAGs
[2026-08-14T06:06:22.216+0000] {logging_mixin.py:190} INFO - [2026-08-14T06:06:22.216+0000] {dag.py:4180} INFO - Setting next_dagrun for weather_ingestion to 2026-08-14 06:00:00+00:00, run_after=2026-08-14 07:00:00+00:00
[2026-08-14T06:06:22.223+0000] {processor.py:208} INFO - Processing /opt/airflow/dags/weather_dag.py took 0.058 seconds
[2026-08-14T06:06:52.549+0000] {processor.py:186} INFO - Started process (PID=16862) to work on /opt/airflow/dags/weather_dag.py
[2026-08-14T06:06:52.550+0000] {processor.py:914} INFO - Processing file /opt/airflow/dags/weather_dag.py for tasks to queue
[2026-08-14T06:06:52.552+0000] {logging_mixin.py:190} INFO - [2026-08-14T06:06:52.552+0000] {dagbag.py:588} INFO - Filling up the DagBag from /opt/airflow/dags/weather_dag.py
[2026-08-14T06:06:52.559+0000] {processor.py:925} INFO - DAG(s) 'weather_ingestion' retrieved from /opt/airflow/dags/weather_dag.py
[2026-08-14T06:06:52.574+0000] {logging_mixin.py:190} INFO - [2026-08-14T06:06:52.574+0000] {dag.py:3239} INFO - Sync 1 DAGs
[2026-08-14T06:06:52.585+0000] {logging_mixin.py:190} INFO - [2026-08-14T06:06:52.585+0000] {dag.py:4180} INFO - Setting next_dagrun for weather_ingestion to 2026-08-14 06:00:00+00:00, run_after=2026-08-14 07:00:00+00:00
[2026-08-14T06:06:52.592+0000] {processor.py:208} INFO - Processing /opt/airflow/dags/weather_dag.py took 0.047 seconds
[2026-08-14T06:07:22.927+0000] {processor.py:186} INFO - Started process (PID=16867) to work on /opt/airflow/dags/weather_dag.py
[2026-08-14T06:07:22.928+0000] {processor.py:914} INFO - Processing file /opt/airflow/dags/weather_dag.py for tasks to queue
[2026-08-14T06:07:22.931+0000] {logging_mixin.py:190} INFO - [2026-08-14T06:07:22.931+0000] {dagbag.py:588} INFO - Filling up the DagBag from /opt/airflow/dags/weather_dag.py
[2026-08-14T06:07:22.941+0000] {processor.py:925} INFO - DAG(s) 'weather_ingestion' retrieved from /opt/airflow/dags/weather_dag.py
[2026-08-14T06:07:22.956+0000] {logging_mixin.py:190} INFO - [2026-08-14T06:07:22.956+0000] {dag.py:3239} INFO - Sync 1 DAGs
[2026-08-14T06:07:22.969+0000] {logging_mixin.py:190} INFO - [2026-08-14T06:07:22.969+0000] {dag.py:4180} INFO - Setting next_dagrun for weather_ingestion to 2026-08-14 06:00:00+00:00, run_after=2026-08-14 07:00:00+00:00
[2026-08-14T06:07:22.976+0000] {processor.py:208} INFO - Processing /opt/airflow/dags/weather_dag.py took 0.056 seconds
[2026-08-14T06:07:53.288+0000] {processor.py:186} INFO - Started process (PID=16872) to work on /opt/airflow/dags/weather_dag.py
[2026-08-14T06:07:53.292+0000] {processor.py:914} INFO - Processing file /opt/airflow/dags/weather_dag.py for tasks to queue
[2026-08-14T06:07:53.295+0000] {logging_mixin.py:190} INFO - [2026-08-14T06:07:53.295+0000] {dagbag.py:588} INFO - Filling up the DagBag from /opt/airflow/dags/weather_dag.py
[2026-08-14T06:07:53.311+0000] {processor.py:925} INFO - DAG(s) 'weather_ingestion' retrieved from /opt/airflow/dags/weather_dag.py
[2026-08-14T06:07:53.337+0000] {logging_mixin.py:190} INFO - [2026-08-14T06:07:53.337+0000] {dag.py:3239} INFO - Sync 1 DAGs
[2026-08-14T06:07:53.352+0000] {logging_mixin.py:190} INFO - [2026-08-14T06:07:53.352+0000] {dag.py:4180} INFO - Setting next_dagrun for weather_ingestion to 2026-08-14 06:00:00+00:00, run_after=2026-08-14 07:00:00+00:00
[2026-08-14T06:07:53.360+0000] {processor.py:208} INFO - Processing /opt/airflow/dags/weather_dag.py took 0.081 seconds
[2026-08-14T06:08:23.667+0000] {processor.py:186} INFO - Started process (PID=16877) to work on /opt/airflow/dags/weather_dag.py
[2026-08-14T06:08:23.669+0000] {processor.py:914} INFO - Processing file /opt/airflow/dags/weather_dag.py for tasks to queue
[2026-08-14T06:08:23.671+0000] {logging_mixin.py:190} INFO - [2026-08-14T06:08:23.671+0000] {dagbag.py:588} INFO - Filling up the DagBag from /opt/airflow/dags/weather_dag.py
[2026-08-14T06:08:23.682+0000] {processor.py:925} INFO - DAG(s) 'weather_ingestion' retrieved from /opt/airflow/dags/weather_dag.py
[2026-08-14T06:08:23.702+0000] {logging_mixin.py:190} INFO - [2026-08-14T06:08:23.702+0000] {dag.py:3239} INFO - Sync 1 DAGs
[2026-08-14T06:08:23.713+0000] {logging_mixin.py:190} INFO - [2026-08-14T06:08:23.713+0000] {dag.py:4180} INFO - Setting next_dagrun for weather_ingestion to 2026-08-14 06:00:00+00:00, run_after=2026-08-14 07:00:00+00:00
[2026-08-14T06:08:23.720+0000] {processor.py:208} INFO - Processing /opt/airflow/dags/weather_dag.py took 0.060 seconds
[2026-08-14T06:08:54.036+0000] {processor.py:186} INFO - Started process (PID=16882) to work on /opt/airflow/dags/weather_dag.py
[2026-08-14T06:08:54.037+0000] {processor.py:914} INFO - Processing file /opt/airflow/dags/weather_dag.py for tasks to queue
[2026-08-14T06:08:54.039+0000] {logging_mixin.py:190} INFO - [2026-08-14T06:08:54.038+0000] {dagbag.py:588} INFO - Filling up the DagBag from /opt/airflow/dags/weather_dag.py
[2026-08-14T06:08:54.048+0000] {processor.py:925} INFO - DAG(s) 'weather_ingestion' retrieved from /opt/airflow/dags/weather_dag.py
[2026-08-14T06:08:54.072+0000] {logging_mixin.py:190} INFO - [2026-08-14T06:08:54.071+0000] {dag.py:3239} INFO - Sync 1 DAGs
[2026-08-14T06:08:54.086+0000] {logging_mixin.py:190} INFO - [2026-08-14T06:08:54.086+0000] {dag.py:4180} INFO - Setting next_dagrun for weather_ingestion to 2026-08-14 06:00:00+00:00, run_after=2026-08-14 07:00:00+00:00
[2026-08-14T06:08:54.095+0000] {processor.py:208} INFO - Processing /opt/airflow/dags/weather_dag.py took 0.064 seconds
[2026-08-14T06:09:24.380+0000] {processor.py:186} INFO - Started process (PID=16887) to work on /opt/airflow/dags/weather_dag.py
[2026-08-14T06:09:24.382+0000] {processor.py:914} INFO - Processing file /opt/airflow/dags/weather_dag.py for tasks to queue
[2026-08-14T06:09:24.384+0000] {logging_mixin.py:190} INFO - [2026-08-14T06:09:24.384+0000] {dagbag.py:588} INFO - Filling up the DagBag from /opt/airflow/dags/weather_dag.py
[2026-08-14T06:09:24.394+0000] {processor.py:925} INFO - DAG(s) 'weather_ingestion' retrieved from /opt/airflow/dags/weather_dag.py
[2026-08-14T06:09:24.413+0000] {logging_mixin.py:190} INFO - [2026-08-14T06:09:24.413+0000] {dag.py:3239} INFO - Sync 1 DAGs
[2026-08-14T06:09:24.424+0000] {logging_mixin.py:190} INFO - [2026-08-14T06:09:24.424+0000] {dag.py:4180} INFO - Setting next_dagrun for weather_ingestion to 2026-08-14 06:00:00+00:00, run_after=2026-08-14 07:00:00+00:00
[2026-08-14T06:09:24.431+0000] {processor.py:208} INFO - Processing /opt/airflow/dags/weather_dag.py took 0.056 seconds
[2026-08-14T06:09:54.800+0000] {processor.py:186} INFO - Started process (PID=16892) to work on /opt/airflow/dags/weather_dag.py
[2026-08-14T06:09:54.802+0000] {processor.py:914} INFO - Processing file /opt/airflow/dags/weather_dag.py for tasks to queue
[2026-08-14T06:09:54.804+0000] {logging_mixin.py:190} INFO - [2026-08-14T06:09:54.804+0000] {dagbag.py:588} INFO - Filling up the DagBag from /opt/airflow/dags/weather_dag.py
[2026-08-14T06:09:54.814+0000] {processor.py:925} INFO - DAG(s) 'weather_ingestion' retrieved from /opt/airflow/dags/weather_dag.py
[2026-08-14T06:09:54.842+0000] {logging_mixin.py:190} INFO - [2026-08-14T06:09:54.842+0000] {dag.py:3239} INFO - Sync 1 DAGs
[2026-08-14T06:09:54.861+0000] {logging_mixin.py:190} INFO - [2026-08-14T06:09:54.860+0000] {dag.py:4180} INFO - Setting next_dagrun for weather_ingestion to 2026-08-14 06:00:00+00:00, run_after=2026-08-14 07:00:00+00:00
[2026-08-14T06:09:54.869+0000] {processor.py:208} INFO - Processing /opt/airflow/dags/weather_dag.py took 0.076 seconds
[2026-08-14T06:10:25.149+0000] {processor.py:186} INFO - Started process (PID=16897) to work on /opt/airflow/dags/weather_dag.py
[2026-08-14T06:10:25.151+0000] {processor.py:914} INFO - Processing file /opt/airflow/dags/weather_dag.py for tasks to queue
[2026-08-14T06:10:25.153+0000] {logging_mixin.py:190} INFO - [2026-08-14T06:10:25.153+0000] {dagbag.py:588} INFO - Filling up the DagBag from /opt/airflow/dags/weather_dag.py
[2026-08-14T06:10:25.163+0000] {processor.py:925} INFO - DAG(s) 'weather_ingestion' retrieved from /opt/airflow/dags/weather_dag.py
[2026-08-14T06:10:25.181+0000] {logging_mixin.py:190} INFO - [2026-08-14T06:10:25.181+0000] {dag.py:3239} INFO - Sync 1 DAGs
[2026-08-14T06:10:25.192+0000] {logging_mixin.py:190} INFO - [2026-08-14T06:10:25.191+0000] {dag.py:4180} INFO - Setting next_dagrun for weather_ingestion to 2026-08-14 06:00:00+00:00, run_after=2026-08-14 07:00:00+00:00
[2026-08-14T06:10:25.198+0000] {processor.py:208} INFO - Processing /opt/airflow/dags/weather_dag.py took 0.055 seconds
[2026-08-14T06:10:55.519+0000] {processor.py:186} INFO - Started process (PID=16902) to work on /opt/airflow/dags/weather_dag.py
[2026-08-14T06:10:55.521+0000] {processor.py:914} INFO - Processing file /opt/airflow/dags/weather_dag.py for tasks to queue
[2026-08-14T06:10:55.525+0000] {logging_mixin.py:190} INFO - [2026-08-14T06:10:55.525+0000] {dagbag.py:588} INFO - Filling up the DagBag from /opt/airflow/dags/weather_dag.py
[2026-08-14T06:10:55.542+0000] {processor.py:925} INFO - DAG(s) 'weather_ingestion' retrieved from /opt/airflow/dags/weather_dag.py
[2026-08-14T06:10:55.565+0000] {logging_mixin.py:190} INFO - [2026-08-14T06:10:55.565+0000] {dag.py:3239} INFO - Sync 1 DAGs
[2026-08-14T06:10:55.579+0000] {logging_mixin.py:190} INFO - [2026-08-14T06:10:55.579+0000] {dag.py:4180} INFO - Setting next_dagrun for weather_ingestion to 2026-08-14 06:00:00+00:00, run_after=2026-08-14 07:00:00+00:00
[2026-08-14T06:10:55.588+0000] {processor.py:208} INFO - Processing /opt/airflow/dags/weather_dag.py took 0.080 seconds
[2026-08-14T06:11:25.849+0000] {processor.py:186} INFO - Started process (PID=16907) to work on /opt/airflow/dags/weather_dag.py
[2026-08-14T06:11:25.851+0000] {processor.py:914} INFO - Processing file /opt/airflow/dags/weather_dag.py for tasks to queue
[2026-08-14T06:11:25.857+0000] {logging_mixin.py:190} INFO - [2026-08-14T06:11:25.857+0000] {dagbag.py:588} INFO - Filling up the DagBag from /opt/airflow/dags/weather_dag.py
[2026-08-14T06:11:25.877+0000] {processor.py:925} INFO - DAG(s) 'weather_ingestion' retrieved from /opt/airflow/dags/weather_dag.py
[2026-08-14T06:11:25.907+0000] {logging_mixin.py:190} INFO - [2026-08-14T06:11:25.907+0000] {dag.py:3239} INFO - Sync 1 DAGs
[2026-08-14T06:11:25.932+0000] {logging_mixin.py:190} INFO - [2026-08-14T06:11:25.932+0000] {dag.py:4180} INFO - Setting next_dagrun for weather_ingestion to 2026-08-14 06:00:00+00:00, run_after=2026-08-14 07:00:00+00:00
[2026-08-14T06:11:25.942+0000] {processor.py:208} INFO - Processing /opt/airflow/dags/weather_dag.py took 0.106 seconds
[2026-08-14T06:11:56.237+0000] {processor.py:186} INFO - Started process (PID=16912) to work on /opt/airflow/dags/weather_dag.py
[2026-08-14T06:11:56.240+0000] {processor.py:914} INFO - Processing file /opt/airflow/dags/weather_dag.py for tasks to queue
[2026-08-14T06:11:56.247+0000] {logging_mixin.py:190} INFO - [2026-08-14T06:11:56.246+0000] {dagbag.py:588} INFO - Filling up the DagBag from /opt/airflow/dags/weather_dag.py
[2026-08-14T06:11:56.292+0000] {processor.py:925} INFO - DAG(s) 'weather_ingestion' retrieved from /opt/airflow/dags/weather_dag.py
[2026-08-14T06:11:56.321+0000] {logging_mixin.py:190} INFO - [2026-08-14T06:11:56.320+0000] {dag.py:3239} INFO - Sync 1 DAGs
[2026-08-14T06:11:56.339+0000] {logging_mixin.py:190} INFO - [2026-08-14T06:11:56.339+0000] {dag.py:4180} INFO - Setting next_dagrun for weather_ingestion to 2026-08-14 06:00:00+00:00, run_after=2026-08-14 07:00:00+00:00
[2026-08-14T06:11:56.349+0000] {processor.py:208} INFO - Processing /opt/airflow/dags/weather_dag.py took 0.131 seconds
[2026-08-14T06:12:26.576+0000] {processor.py:186} INFO - Started process (PID=16917) to work on /opt/airflow/dags/weather_dag.py
[2026-08-14T06:12:26.579+0000] {processor.py:914} INFO - Processing file /opt/airflow/dags/weather_dag.py for tasks to queue
[2026-08-14T06:12:26.581+0000] {logging_mixin.py:190} INFO - [2026-08-14T06:12:26.581+0000] {dagbag.py:588} INFO - Filling up the DagBag from /opt/airflow/dags/weather_dag.py
[2026-08-14T06:12:26.590+0000] {processor.py:925} INFO - DAG(s) 'weather_ingestion' retrieved from /opt/airflow/dags/weather_dag.py
[2026-08-14T06:12:26.610+0000] {logging_mixin.py:190} INFO - [2026-08-14T06:12:26.610+0000] {dag.py:3239} INFO - Sync 1 DAGs
[2026-08-14T06:12:26.625+0000] {logging_mixin.py:190} INFO - [2026-08-14T06:12:26.625+0000] {dag.py:4180} INFO - Setting next_dagrun for weather_ingestion to 2026-08-14 06:00:00+00:00, run_after=2026-08-14 07:00:00+00:00
[2026-08-14T06:12:26.633+0000] {processor.py:208} INFO - Processing /opt/airflow/dags/weather_dag.py took 0.063 seconds
[2026-08-14T06:12:56.896+0000] {processor.py:186} INFO - Started process (PID=16922) to work on /opt/airflow/dags/weather_dag.py
[2026-08-14T06:12:56.899+0000] {processor.py:914} INFO - Processing file /opt/airflow/dags/weather_dag.py for tasks to queue
[2026-08-14T06:12:56.901+0000] {logging_mixin.py:190} INFO - [2026-08-14T06:12:56.900+0000] {dagbag.py:588} INFO - Filling up the DagBag from /opt/airflow/dags/weather_dag.py
[2026-08-14T06:12:56.910+0000] {processor.py:925} INFO - DAG(s) 'weather_ingestion' retrieved from /opt/airflow/dags/weather_dag.py
[2026-08-14T06:12:56.927+0000] {logging_mixin.py:190} INFO - [2026-08-14T06:12:56.927+0000] {dag.py:3239} INFO - Sync 1 DAGs
[2026-08-14T06:12:56.938+0000] {logging_mixin.py:190} INFO - [2026-08-14T06:12:56.938+0000] {dag.py:4180} INFO - Setting next_dagrun for weather_ingestion to 2026-08-14 06:00:00+00:00, run_after=2026-08-14 07:00:00+00:00
[2026-08-14T06:12:56.945+0000] {processor.py:208} INFO - Processing /opt/airflow/dags/weather_dag.py took 0.056 seconds
[2026-08-14T06:13:27.262+0000] {processor.py:186} INFO - Started process (PID=16927) to work on /opt/airflow/dags/weather_dag.py
[2026-08-14T06:13:27.265+0000] {processor.py:914} INFO - Processing file /opt/airflow/dags/weather_dag.py for tasks to queue
[2026-08-14T06:13:27.267+0000] {logging_mixin.py:190} INFO - [2026-08-14T06:13:27.267+0000] {dagbag.py:588} INFO - Filling up the DagBag from /opt/airflow/dags/weather_dag.py
[2026-08-14T06:13:27.278+0000] {processor.py:925} INFO - DAG(s) 'weather_ingestion' retrieved from /opt/airflow/dags/weather_dag.py
[2026-08-14T06:13:27.298+0000] {logging_mixin.py:190} INFO - [2026-08-14T06:13:27.298+0000] {dag.py:3239} INFO - Sync 1 DAGs
[2026-08-14T06:13:27.309+0000] {logging_mixin.py:190} INFO - [2026-08-14T06:13:27.309+0000] {dag.py:4180} INFO - Setting next_dagrun for weather_ingestion to 2026-08-14 06:00:00+00:00, run_after=2026-08-14 07:00:00+00:00
[2026-08-14T06:13:27.316+0000] {processor.py:208} INFO - Processing /opt/airflow/dags/weather_dag.py took 0.060 seconds
[2026-08-14T06:13:57.646+0000] {processor.py:186} INFO - Started process (PID=16932) to work on /opt/airflow/dags/weather_dag.py
[2026-08-14T06:13:57.648+0000] {processor.py:914} INFO - Processing file /opt/airflow/dags/weather_dag.py for tasks to queue
[2026-08-14T06:13:57.650+0000] {logging_mixin.py:190} INFO - [2026-08-14T06:13:57.650+0000] {dagbag.py:588} INFO - Filling up the DagBag from /opt/airflow/dags/weather_dag.py
[2026-08-14T06:13:57.661+0000] {processor.py:925} INFO - DAG(s) 'weather_ingestion' retrieved from /opt/airflow/dags/weather_dag.py
[2026-08-14T06:13:57.679+0000] {logging_mixin.py:190} INFO - [2026-08-14T06:13:57.679+0000] {dag.py:3239} INFO - Sync 1 DAGs
[2026-08-14T06:13:57.690+0000] {logging_mixin.py:190} INFO - [2026-08-14T06:13:57.690+0000] {dag.py:4180} INFO - Setting next_dagrun for weather_ingestion to 2026-08-14 06:00:00+00:00, run_after=2026-08-14 07:00:00+00:00
[2026-08-14T06:13:57.698+0000] {processor.py:208} INFO - Processing /opt/airflow/dags/weather_dag.py took 0.059 seconds
[2026-08-14T06:14:28.058+0000] {processor.py:186} INFO - Started process (PID=16937) to work on /opt/airflow/dags/weather_dag.py
[2026-08-14T06:14:28.059+0000] {processor.py:914} INFO - Processing file /opt/airflow/dags/weather_dag.py for tasks to queue
[2026-08-14T06:14:28.063+0000] {logging_mixin.py:190} INFO - [2026-08-14T06:14:28.062+0000] {dagbag.py:588} INFO - Filling up the DagBag from /opt/airflow/dags/weather_dag.py
[2026-08-14T06:14:28.073+0000] {processor.py:925} INFO - DAG(s) 'weather_ingestion' retrieved from /opt/airflow/dags/weather_dag.py
[2026-08-14T06:14:28.090+0000] {logging_mixin.py:190} INFO - [2026-08-14T06:14:28.090+0000] {dag.py:3239} INFO - Sync 1 DAGs
[2026-08-14T06:14:28.102+0000] {logging_mixin.py:190} INFO - [2026-08-14T06:14:28.102+0000] {dag.py:4180} INFO - Setting next_dagrun for weather_ingestion to 2026-08-14 06:00:00+00:00, run_after=2026-08-14 07:00:00+00:00
[2026-08-14T06:14:28.110+0000] {processor.py:208} INFO - Processing /opt/airflow/dags/weather_dag.py took 0.061 seconds
[2026-08-14T06:14:58.494+0000] {processor.py:186} INFO - Started process (PID=16942) to work on /opt/airflow/dags/weather_dag.py
[2026-08-14T06:14:58.496+0000] {processor.py:914} INFO - Processing file /opt/airflow/dags/weather_dag.py for tasks to queue
[2026-08-14T06:14:58.499+0000] {logging_mixin.py:190} INFO - [2026-08-14T06:14:58.499+0000] {dagbag.py:588} INFO - Filling up the DagBag from /opt/airflow/dags/weather_dag.py
[2026-08-14T06:14:58.516+0000] {processor.py:925} INFO - DAG(s) 'weather_ingestion' retrieved from /opt/airflow/dags/weather_dag.py
[2026-08-14T06:14:58.539+0000] {logging_mixin.py:190} INFO - [2026-08-14T06:14:58.539+0000] {dag.py:3239} INFO - Sync 1 DAGs
[2026-08-14T06:14:58.554+0000] {logging_mixin.py:190} INFO - [2026-08-14T06:14:58.554+0000] {dag.py:4180} INFO - Setting next_dagrun for weather_ingestion to 2026-08-14 06:00:00+00:00, run_after=2026-08-14 07:00:00+00:00
[2026-08-14T06:14:58.562+0000] {processor.py:208} INFO - Processing /opt/airflow/dags/weather_dag.py took 0.076 seconds
[2026-08-14T06:15:28.999+0000] {processor.py:186} INFO - Started process (PID=16947) to work on /opt/airflow/dags/weather_dag.py
[2026-08-14T06:15:29.002+0000] {processor.py:914} INFO - Processing file /opt/airflow/dags/weather_dag.py for tasks to queue
[2026-08-14T06:15:29.004+0000] {logging_mixin.py:190} INFO - [2026-08-14T06:15:29.004+0000] {dagbag.py:588} INFO - Filling up the DagBag from /opt/airflow/dags/weather_dag.py
[2026-08-14T06:15:29.014+0000] {processor.py:925} INFO - DAG(s) 'weather_ingestion' retrieved from /opt/airflow/dags/weather_dag.py
[2026-08-14T06:15:29.034+0000] {logging_mixin.py:190} INFO - [2026-08-14T06:15:29.034+0000] {dag.py:3239} INFO - Sync 1 DAGs
[2026-08-14T06:15:29.045+0000] {logging_mixin.py:190} INFO - [2026-08-14T06:15:29.045+0000] {dag.py:4180} INFO - Setting next_dagrun for weather_ingestion to 2026-08-14 06:00:00+00:00, run_after=2026-08-14 07:00:00+00:00
[2026-08-14T06:15:29.053+0000] {processor.py:208} INFO - Processing /opt/airflow/dags/weather_dag.py took 0.062 seconds
[2026-08-14T06:15:59.445+0000] {processor.py:186} INFO - Started process (PID=16952) to work on /opt/airflow/dags/weather_dag.py
[2026-08-14T06:15:59.447+0000] {processor.py:914} INFO - Processing file /opt/airflow/dags/weather_dag.py for tasks to queue
[2026-08-14T06:15:59.451+0000] {logging_mixin.py:190} INFO - [2026-08-14T06:15:59.450+0000] {dagbag.py:588} INFO - Filling up the DagBag from /opt/airflow/dags/weather_dag.py
[2026-08-14T06:15:59.464+0000] {processor.py:925} INFO - DAG(s) 'weather_ingestion' retrieved from /opt/airflow/dags/weather_dag.py
[2026-08-14T06:15:59.481+0000] {logging_mixin.py:190} INFO - [2026-08-14T06:15:59.481+0000] {dag.py:3239} INFO - Sync 1 DAGs
[2026-08-14T06:15:59.494+0000] {logging_mixin.py:190} INFO - [2026-08-14T06:15:59.494+0000] {dag.py:4180} INFO - Setting next_dagrun for weather_ingestion to 2026-08-14 06:00:00+00:00, run_after=2026-08-14 07:00:00+00:00
[2026-08-14T06:15:59.502+0000] {processor.py:208} INFO - Processing /opt/airflow/dags/weather_dag.py took 0.067 seconds
[2026-08-14T06:16:29.783+0000] {processor.py:186} INFO - Started process (PID=16957) to work on /opt/airflow/dags/weather_dag.py
[2026-08-14T06:16:29.784+0000] {processor.py:914} INFO - Processing file /opt/airflow/dags/weather_dag.py for tasks to queue
[2026-08-14T06:16:29.786+0000] {logging_mixin.py:190} INFO - [2026-08-14T06:16:29.786+0000] {dagbag.py:588} INFO - Filling up the DagBag from /opt/airflow/dags/weather_dag.py
[2026-08-14T06:16:29.796+0000] {processor.py:925} INFO - DAG(s) 'weather_ingestion' retrieved from /opt/airflow/dags/weather_dag.py
[2026-08-14T06:16:29.811+0000] {logging_mixin.py:190} INFO - [2026-08-14T06:16:29.811+0000] {dag.py:3239} INFO - Sync 1 DAGs
[2026-08-14T06:16:29.821+0000] {logging_mixin.py:190} INFO - [2026-08-14T06:16:29.821+0000] {dag.py:4180} INFO - Setting next_dagrun for weather_ingestion to 2026-08-14 06:00:00+00:00, run_after=2026-08-14 07:00:00+00:00
[2026-08-14T06:16:29.828+0000] {processor.py:208} INFO - Processing /opt/airflow/dags/weather_dag.py took 0.050 seconds
[2026-08-14T06:17:00.177+0000] {processor.py:186} INFO - Started process (PID=16962) to work on /opt/airflow/dags/weather_dag.py
[2026-08-14T06:17:00.180+0000] {processor.py:914} INFO - Processing file /opt/airflow/dags/weather_dag.py for tasks to queue
[2026-08-14T06:17:00.182+0000] {logging_mixin.py:190} INFO - [2026-08-14T06:17:00.182+0000] {dagbag.py:588} INFO - Filling up the DagBag from /opt/airflow/dags/weather_dag.py
[2026-08-14T06:17:00.194+0000] {processor.py:925} INFO - DAG(s) 'weather_ingestion' retrieved from /opt/airflow/dags/weather_dag.py
[2026-08-14T06:17:00.214+0000] {logging_mixin.py:190} INFO - [2026-08-14T06:17:00.214+0000] {dag.py:3239} INFO - Sync 1 DAGs
[2026-08-14T06:17:00.227+0000] {logging_mixin.py:190} INFO - [2026-08-14T06:17:00.227+0000] {dag.py:4180} INFO - Setting next_dagrun for weather_ingestion to 2026-08-14 06:00:00+00:00, run_after=2026-08-14 07:00:00+00:00
[2026-08-14T06:17:00.234+0000] {processor.py:208} INFO - Processing /opt/airflow/dags/weather_dag.py took 0.064 seconds
[2026-08-14T06:17:30.596+0000] {processor.py:186} INFO - Started process (PID=16967) to work on /opt/airflow/dags/weather_dag.py
[2026-08-14T06:17:30.599+0000] {processor.py:914} INFO - Processing file /opt/airflow/dags/weather_dag.py for tasks to queue
[2026-08-14T06:17:30.601+0000] {logging_mixin.py:190} INFO - [2026-08-14T06:17:30.601+0000] {dagbag.py:588} INFO - Filling up the DagBag from /opt/airflow/dags/weather_dag.py
[2026-08-14T06:17:30.612+0000] {processor.py:925} INFO - DAG(s) 'weather_ingestion' retrieved from /opt/airflow/dags/weather_dag.py
[2026-08-14T06:17:30.635+0000] {logging_mixin.py:190} INFO - [2026-08-14T06:17:30.635+0000] {dag.py:3239} INFO - Sync 1 DAGs
[2026-08-14T06:17:30.658+0000] {logging_mixin.py:190} INFO - [2026-08-14T06:17:30.658+0000] {dag.py:4180} INFO - Setting next_dagrun for weather_ingestion to 2026-08-14 06:00:00+00:00, run_after=2026-08-14 07:00:00+00:00
[2026-08-14T06:17:30.668+0000] {processor.py:208} INFO - Processing /opt/airflow/dags/weather_dag.py took 0.082 seconds
[2026-08-14T06:18:01.004+0000] {processor.py:186} INFO - Started process (PID=16972) to work on /opt/airflow/dags/weather_dag.py
[2026-08-14T06:18:01.006+0000] {processor.py:914} INFO - Processing file /opt/airflow/dags/weather_dag.py for tasks to queue
[2026-08-14T06:18:01.010+0000] {logging_mixin.py:190} INFO - [2026-08-14T06:18:01.010+0000] {dagbag.py:588} INFO - Filling up the DagBag from /opt/airflow/dags/weather_dag.py
[2026-08-14T06:18:01.025+0000] {processor.py:925} INFO - DAG(s) 'weather_ingestion' retrieved from /opt/airflow/dags/weather_dag.py
[2026-08-14T06:18:01.047+0000] {logging_mixin.py:190} INFO - [2026-08-14T06:18:01.047+0000] {dag.py:3239} INFO - Sync 1 DAGs
[2026-08-14T06:18:01.061+0000] {logging_mixin.py:190} INFO - [2026-08-14T06:18:01.061+0000] {dag.py:4180} INFO - Setting next_dagrun for weather_ingestion to 2026-08-14 06:00:00+00:00, run_after=2026-08-14 07:00:00+00:00
[2026-08-14T06:18:01.069+0000] {processor.py:208} INFO - Processing /opt/airflow/dags/weather_dag.py took 0.074 seconds
[2026-08-14T06:18:31.359+0000] {processor.py:186} INFO - Started process (PID=16977) to work on /opt/airflow/dags/weather_dag.py
[2026-08-14T06:18:31.361+0000] {processor.py:914} INFO - Processing file /opt/airflow/dags/weather_dag.py for tasks to queue
[2026-08-14T06:18:31.364+0000] {logging_mixin.py:190} INFO - [2026-08-14T06:18:31.363+0000] {dagbag.py:588} INFO - Filling up the DagBag from /opt/airflow/dags/weather_dag.py
[2026-08-14T06:18:31.373+0000] {processor.py:925} INFO - DAG(s) 'weather_ingestion' retrieved from /opt/airflow/dags/weather_dag.py
[2026-08-14T06:18:31.391+0000] {logging_mixin.py:190} INFO - [2026-08-14T06:18:31.390+0000] {dag.py:3239} INFO - Sync 1 DAGs
[2026-08-14T06:18:31.401+0000] {logging_mixin.py:190} INFO - [2026-08-14T06:18:31.401+0000] {dag.py:4180} INFO - Setting next_dagrun for weather_ingestion to 2026-08-14 06:00:00+00:00, run_after=2026-08-14 07:00:00+00:00
[2026-08-14T06:18:31.408+0000] {processor.py:208} INFO - Processing /opt/airflow/dags/weather_dag.py took 0.056 seconds
[2026-08-14T06:19:01.705+0000] {processor.py:186} INFO - Started process (PID=16982) to work on /opt/airflow/dags/weather_dag.py
[2026-08-14T06:19:01.708+0000] {processor.py:914} INFO - Processing file /opt/airflow/dags/weather_dag.py for tasks to queue
[2026-08-14T06:19:01.711+0000] {logging_mixin.py:190} INFO - [2026-08-14T06:19:01.710+0000] {dagbag.py:588} INFO - Filling up the DagBag from /opt/airflow/dags/weather_dag.py
[2026-08-14T06:19:01.722+0000] {processor.py:925} INFO - DAG(s) 'weather_ingestion' retrieved from /opt/airflow/dags/weather_dag.py
[2026-08-14T06:19:01.741+0000] {logging_mixin.py:190} INFO - [2026-08-14T06:19:01.741+0000] {dag.py:3239} INFO - Sync 1 DAGs
[2026-08-14T06:19:01.754+0000] {logging_mixin.py:190} INFO - [2026-08-14T06:19:01.754+0000] {dag.py:4180} INFO - Setting next_dagrun for weather_ingestion to 2026-08-14 06:00:00+00:00, run_after=2026-08-14 07:00:00+00:00
[2026-08-14T06:19:01.761+0000] {processor.py:208} INFO - Processing /opt/airflow/dags/weather_dag.py took 0.065 seconds
[2026-08-14T06:19:32.119+0000] {processor.py:186} INFO - Started process (PID=16987) to work on /opt/airflow/dags/weather_dag.py
[2026-08-14T06:19:32.120+0000] {processor.py:914} INFO - Processing file /opt/airflow/dags/weather_dag.py for tasks to queue
[2026-08-14T06:19:32.122+0000] {logging_mixin.py:190} INFO - [2026-08-14T06:19:32.122+0000] {dagbag.py:588} INFO - Filling up the DagBag from /opt/airflow/dags/weather_dag.py
[2026-08-14T06:19:32.134+0000] {processor.py:925} INFO - DAG(s) 'weather_ingestion' retrieved from /opt/airflow/dags/weather_dag.py
[2026-08-14T06:19:32.155+0000] {logging_mixin.py:190} INFO - [2026-08-14T06:19:32.155+0000] {dag.py:3239} INFO - Sync 1 DAGs
[2026-08-14T06:19:32.168+0000] {logging_mixin.py:190} INFO - [2026-08-14T06:19:32.168+0000] {dag.py:4180} INFO - Setting next_dagrun for weather_ingestion to 2026-08-14 06:00:00+00:00, run_after=2026-08-14 07:00:00+00:00
[2026-08-14T06:19:32.178+0000] {processor.py:208} INFO - Processing /opt/airflow/dags/weather_dag.py took 0.067 seconds
[2026-08-14T06:20:02.511+0000] {processor.py:186} INFO - Started process (PID=16992) to work on /opt/airflow/dags/weather_dag.py
[2026-08-14T06:20:02.514+0000] {processor.py:914} INFO - Processing file /opt/airflow/dags/weather_dag.py for tasks to queue
[2026-08-14T06:20:02.517+0000] {logging_mixin.py:190} INFO - [2026-08-14T06:20:02.516+0000] {dagbag.py:588} INFO - Filling up the DagBag from /opt/airflow/dags/weather_dag.py
[2026-08-14T06:20:02.533+0000] {processor.py:925} INFO - DAG(s) 'weather_ingestion' retrieved from /opt/airflow/dags/weather_dag.py
[2026-08-14T06:20:02.556+0000] {logging_mixin.py:190} INFO - [2026-08-14T06:20:02.556+0000] {dag.py:3239} INFO - Sync 1 DAGs
[2026-08-14T06:20:02.571+0000] {logging_mixin.py:190} INFO - [2026-08-14T06:20:02.571+0000] {dag.py:4180} INFO - Setting next_dagrun for weather_ingestion to 2026-08-14 06:00:00+00:00, run_after=2026-08-14 07:00:00+00:00
[2026-08-14T06:20:02.580+0000] {processor.py:208} INFO - Processing /opt/airflow/dags/weather_dag.py took 0.078 seconds
[2026-08-14T06:20:32.821+0000] {processor.py:186} INFO - Started process (PID=16997) to work on /opt/airflow/dags/weather_dag.py
[2026-08-14T06:20:32.823+0000] {processor.py:914} INFO - Processing file /opt/airflow/dags/weather_dag.py for tasks to queue
[2026-08-14T06:20:32.825+0000] {logging_mixin.py:190} INFO - [2026-08-14T06:20:32.825+0000] {dagbag.py:588} INFO - Filling up the DagBag from /opt/airflow/dags/weather_dag.py
[2026-08-14T06:20:32.834+0000] {processor.py:925} INFO - DAG(s) 'weather_ingestion' retrieved from /opt/airflow/dags/weather_dag.py
[2026-08-14T06:20:32.851+0000] {logging_mixin.py:190} INFO - [2026-08-14T06:20:32.850+0000] {dag.py:3239} INFO - Sync 1 DAGs
[2026-08-14T06:20:32.864+0000] {logging_mixin.py:190} INFO - [2026-08-14T06:20:32.864+0000] {dag.py:4180} INFO - Setting next_dagrun for weather_ingestion to 2026-08-14 06:00:00+00:00, run_after=2026-08-14 07:00:00+00:00
[2026-08-14T06:20:32.871+0000] {processor.py:208} INFO - Processing /opt/airflow/dags/weather_dag.py took 0.055 seconds
[2026-08-14T06:21:03.144+0000] {processor.py:186} INFO - Started process (PID=17002) to work on /opt/airflow/dags/weather_dag.py
[2026-08-14T06:21:03.147+0000] {processor.py:914} INFO - Processing file /opt/airflow/dags/weather_dag.py for tasks to queue
[2026-08-14T06:21:03.149+0000] {logging_mixin.py:190} INFO - [2026-08-14T06:21:03.149+0000] {dagbag.py:588} INFO - Filling up the DagBag from /opt/airflow/dags/weather_dag.py
[2026-08-14T06:21:03.161+0000] {processor.py:925} INFO - DAG(s) 'weather_ingestion' retrieved from /opt/airflow/dags/weather_dag.py
[2026-08-14T06:21:03.182+0000] {logging_mixin.py:190} INFO - [2026-08-14T06:21:03.182+0000] {dag.py:3239} INFO - Sync 1 DAGs
[2026-08-14T06:21:03.196+0000] {logging_mixin.py:190} INFO - [2026-08-14T06:21:03.196+0000] {dag.py:4180} INFO - Setting next_dagrun for weather_ingestion to 2026-08-14 06:00:00+00:00, run_after=2026-08-14 07:00:00+00:00
[2026-08-14T06:21:03.204+0000] {processor.py:208} INFO - Processing /opt/airflow/dags/weather_dag.py took 0.066 seconds
[2026-08-14T06:21:33.465+0000] {processor.py:186} INFO - Started process (PID=17007) to work on /opt/airflow/dags/weather_dag.py
[2026-08-14T06:21:33.467+0000] {processor.py:914} INFO - Processing file /opt/airflow/dags/weather_dag.py for tasks to queue
[2026-08-14T06:21:33.469+0000] {logging_mixin.py:190} INFO - [2026-08-14T06:21:33.469+0000] {dagbag.py:588} INFO - Filling up the DagBag from /opt/airflow/dags/weather_dag.py
[2026-08-14T06:21:33.483+0000] {processor.py:925} INFO - DAG(s) 'weather_ingestion' retrieved from /opt/airflow/dags/weather_dag.py
[2026-08-14T06:21:33.504+0000] {logging_mixin.py:190} INFO - [2026-08-14T06:21:33.504+0000] {dag.py:3239} INFO - Sync 1 DAGs
[2026-08-14T06:21:33.518+0000] {logging_mixin.py:190} INFO - [2026-08-14T06:21:33.518+0000] {dag.py:4180} INFO - Setting next_dagrun for weather_ingestion to 2026-08-14 06:00:00+00:00, run_after=2026-08-14 07:00:00+00:00
[2026-08-14T06:21:33.527+0000] {processor.py:208} INFO - Processing /opt/airflow/dags/weather_dag.py took 0.070 seconds
[2026-08-14T06:22:03.875+0000] {processor.py:186} INFO - Started process (PID=17012) to work on /opt/airflow/dags/weather_dag.py
[2026-08-14T06:22:03.878+0000] {processor.py:914} INFO - Processing file /opt/airflow/dags/weather_dag.py for tasks to queue
[2026-08-14T06:22:03.886+0000] {logging_mixin.py:190} INFO - [2026-08-14T06:22:03.884+0000] {dagbag.py:588} INFO - Filling up the DagBag from /opt/airflow/dags/weather_dag.py
[2026-08-14T06:22:03.920+0000] {processor.py:925} INFO - DAG(s) 'weather_ingestion' retrieved from /opt/airflow/dags/weather_dag.py
[2026-08-14T06:22:03.957+0000] {logging_mixin.py:190} INFO - [2026-08-14T06:22:03.957+0000] {dag.py:3239} INFO - Sync 1 DAGs
[2026-08-14T06:22:03.985+0000] {logging_mixin.py:190} INFO - [2026-08-14T06:22:03.985+0000] {dag.py:4180} INFO - Setting next_dagrun for weather_ingestion to 2026-08-14 06:00:00+00:00, run_after=2026-08-14 07:00:00+00:00
[2026-08-14T06:22:03.998+0000] {processor.py:208} INFO - Processing /opt/airflow/dags/weather_dag.py took 0.135 seconds
[2026-08-14T06:22:34.142+0000] {processor.py:186} INFO - Started process (PID=17017) to work on /opt/airflow/dags/weather_dag.py
[2026-08-14T06:22:34.143+0000] {processor.py:914} INFO - Processing file /opt/airflow/dags/weather_dag.py for tasks to queue
[2026-08-14T06:22:34.146+0000] {logging_mixin.py:190} INFO - [2026-08-14T06:22:34.146+0000] {dagbag.py:588} INFO - Filling up the DagBag from /opt/airflow/dags/weather_dag.py
[2026-08-14T06:22:34.157+0000] {processor.py:925} INFO - DAG(s) 'weather_ingestion' retrieved from /opt/airflow/dags/weather_dag.py
[2026-08-14T06:22:34.177+0000] {logging_mixin.py:190} INFO - [2026-08-14T06:22:34.177+0000] {dag.py:3239} INFO - Sync 1 DAGs
[2026-08-14T06:22:34.188+0000] {logging_mixin.py:190} INFO - [2026-08-14T06:22:34.188+0000] {dag.py:4180} INFO - Setting next_dagrun for weather_ingestion to 2026-08-14 06:00:00+00:00, run_after=2026-08-14 07:00:00+00:00
[2026-08-14T06:22:34.496+0000] {processor.py:208} INFO - Processing /opt/airflow/dags/weather_dag.py took 0.360 seconds
[2026-08-14T06:23:04.643+0000] {processor.py:186} INFO - Started process (PID=17022) to work on /opt/airflow/dags/weather_dag.py
[2026-08-14T06:23:04.645+0000] {processor.py:914} INFO - Processing file /opt/airflow/dags/weather_dag.py for tasks to queue
[2026-08-14T06:23:04.650+0000] {logging_mixin.py:190} INFO - [2026-08-14T06:23:04.649+0000] {dagbag.py:588} INFO - Filling up the DagBag from /opt/airflow/dags/weather_dag.py
[2026-08-14T06:23:04.666+0000] {processor.py:925} INFO - DAG(s) 'weather_ingestion' retrieved from /opt/airflow/dags/weather_dag.py
[2026-08-14T06:23:04.687+0000] {logging_mixin.py:190} INFO - [2026-08-14T06:23:04.687+0000] {dag.py:3239} INFO - Sync 1 DAGs
[2026-08-14T06:23:04.700+0000] {logging_mixin.py:190} INFO - [2026-08-14T06:23:04.700+0000] {dag.py:4180} INFO - Setting next_dagrun for weather_ingestion to 2026-08-14 06:00:00+00:00, run_after=2026-08-14 07:00:00+00:00
[2026-08-14T06:23:04.708+0000] {processor.py:208} INFO - Processing /opt/airflow/dags/weather_dag.py took 0.074 seconds
[2026-08-14T06:23:34.904+0000] {processor.py:186} INFO - Started process (PID=17027) to work on /opt/airflow/dags/weather_dag.py
[2026-08-14T06:23:34.906+0000] {processor.py:914} INFO - Processing file /opt/airflow/dags/weather_dag.py for tasks to queue
[2026-08-14T06:23:34.908+0000] {logging_mixin.py:190} INFO - [2026-08-14T06:23:34.907+0000] {dagbag.py:588} INFO - Filling up the DagBag from /opt/airflow/dags/weather_dag.py
[2026-08-14T06:23:34.916+0000] {processor.py:925} INFO - DAG(s) 'weather_ingestion' retrieved from /opt/airflow/dags/weather_dag.py
[2026-08-14T06:23:34.936+0000] {logging_mixin.py:190} INFO - [2026-08-14T06:23:34.936+0000] {dag.py:3239} INFO - Sync 1 DAGs
[2026-08-14T06:23:34.948+0000] {logging_mixin.py:190} INFO - [2026-08-14T06:23:34.947+0000] {dag.py:4180} INFO - Setting next_dagrun for weather_ingestion to 2026-08-14 06:00:00+00:00, run_after=2026-08-14 07:00:00+00:00
[2026-08-14T06:23:34.955+0000] {processor.py:208} INFO - Processing /opt/airflow/dags/weather_dag.py took 0.056 seconds
[2026-08-14T06:24:05.226+0000] {processor.py:186} INFO - Started process (PID=17032) to work on /opt/airflow/dags/weather_dag.py
[2026-08-14T06:24:05.228+0000] {processor.py:914} INFO - Processing file /opt/airflow/dags/weather_dag.py for tasks to queue
[2026-08-14T06:24:05.231+0000] {logging_mixin.py:190} INFO - [2026-08-14T06:24:05.230+0000] {dagbag.py:588} INFO - Filling up the DagBag from /opt/airflow/dags/weather_dag.py
[2026-08-14T06:24:05.243+0000] {processor.py:925} INFO - DAG(s) 'weather_ingestion' retrieved from /opt/airflow/dags/weather_dag.py
[2026-08-14T06:24:05.263+0000] {logging_mixin.py:190} INFO - [2026-08-14T06:24:05.262+0000] {dag.py:3239} INFO - Sync 1 DAGs
[2026-08-14T06:24:05.274+0000] {logging_mixin.py:190} INFO - [2026-08-14T06:24:05.274+0000] {dag.py:4180} INFO - Setting next_dagrun for weather_ingestion to 2026-08-14 06:00:00+00:00, run_after=2026-08-14 07:00:00+00:00
[2026-08-14T06:24:05.281+0000] {processor.py:208} INFO - Processing /opt/airflow/dags/weather_dag.py took 0.061 seconds
[2026-08-14T06:24:35.532+0000] {processor.py:186} INFO - Started process (PID=17037) to work on /opt/airflow/dags/weather_dag.py
[2026-08-14T06:24:35.534+0000] {processor.py:914} INFO - Processing file /opt/airflow/dags/weather_dag.py for tasks to queue
[2026-08-14T06:24:35.537+0000] {logging_mixin.py:190} INFO - [2026-08-14T06:24:35.536+0000] {dagbag.py:588} INFO - Filling up the DagBag from /opt/airflow/dags/weather_dag.py
[2026-08-14T06:24:35.548+0000] {processor.py:925} INFO - DAG(s) 'weather_ingestion' retrieved from /opt/airflow/dags/weather_dag.py
[2026-08-14T06:24:35.567+0000] {logging_mixin.py:190} INFO - [2026-08-14T06:24:35.566+0000] {dag.py:3239} INFO - Sync 1 DAGs
[2026-08-14T06:24:35.578+0000] {logging_mixin.py:190} INFO - [2026-08-14T06:24:35.578+0000] {dag.py:4180} INFO - Setting next_dagrun for weather_ingestion to 2026-08-14 06:00:00+00:00, run_after=2026-08-14 07:00:00+00:00
[2026-08-14T06:24:35.585+0000] {processor.py:208} INFO - Processing /opt/airflow/dags/weather_dag.py took 0.060 seconds
[2026-08-14T06:25:05.871+0000] {processor.py:186} INFO - Started process (PID=17042) to work on /opt/airflow/dags/weather_dag.py
[2026-08-14T06:25:05.875+0000] {processor.py:914} INFO - Processing file /opt/airflow/dags/weather_dag.py for tasks to queue
[2026-08-14T06:25:05.880+0000] {logging_mixin.py:190} INFO - [2026-08-14T06:25:05.879+0000] {dagbag.py:588} INFO - Filling up the DagBag from /opt/airflow/dags/weather_dag.py
[2026-08-14T06:25:05.904+0000] {processor.py:925} INFO - DAG(s) 'weather_ingestion' retrieved from /opt/airflow/dags/weather_dag.py
[2026-08-14T06:25:05.930+0000] {logging_mixin.py:190} INFO - [2026-08-14T06:25:05.929+0000] {dag.py:3239} INFO - Sync 1 DAGs
[2026-08-14T06:25:05.942+0000] {logging_mixin.py:190} INFO - [2026-08-14T06:25:05.942+0000] {dag.py:4180} INFO - Setting next_dagrun for weather_ingestion to 2026-08-14 06:00:00+00:00, run_after=2026-08-14 07:00:00+00:00
[2026-08-14T06:25:05.949+0000] {processor.py:208} INFO - Processing /opt/airflow/dags/weather_dag.py took 0.091 seconds
[2026-08-14T06:25:36.167+0000] {processor.py:186} INFO - Started process (PID=17047) to work on /opt/airflow/dags/weather_dag.py
[2026-08-14T06:25:36.171+0000] {processor.py:914} INFO - Processing file /opt/airflow/dags/weather_dag.py for tasks to queue
[2026-08-14T06:25:36.173+0000] {logging_mixin.py:190} INFO - [2026-08-14T06:25:36.173+0000] {dagbag.py:588} INFO - Filling up the DagBag from /opt/airflow/dags/weather_dag.py
[2026-08-14T06:25:36.181+0000] {processor.py:925} INFO - DAG(s) 'weather_ingestion' retrieved from /opt/airflow/dags/weather_dag.py
[2026-08-14T06:25:36.200+0000] {logging_mixin.py:190} INFO - [2026-08-14T06:25:36.200+0000] {dag.py:3239} INFO - Sync 1 DAGs
[2026-08-14T06:25:36.214+0000] {logging_mixin.py:190} INFO - [2026-08-14T06:25:36.214+0000] {dag.py:4180} INFO - Setting next_dagrun for weather_ingestion to 2026-08-14 06:00:00+00:00, run_after=2026-08-14 07:00:00+00:00
[2026-08-14T06:25:36.221+0000] {processor.py:208} INFO - Processing /opt/airflow/dags/weather_dag.py took 0.063 seconds
[2026-08-14T06:26:06.599+0000] {processor.py:186} INFO - Started process (PID=17052) to work on /opt/airflow/dags/weather_dag.py
[2026-08-14T06:26:06.601+0000] {processor.py:914} INFO - Processing file /opt/airflow/dags/weather_dag.py for tasks to queue
[2026-08-14T06:26:06.606+0000] {logging_mixin.py:190} INFO - [2026-08-14T06:26:06.605+0000] {dagbag.py:588} INFO - Filling up the DagBag from /opt/airflow/dags/weather_dag.py
[2026-08-14T06:26:06.638+0000] {processor.py:925} INFO - DAG(s) 'weather_ingestion' retrieved from /opt/airflow/dags/weather_dag.py
[2026-08-14T06:26:06.699+0000] {logging_mixin.py:190} INFO - [2026-08-14T06:26:06.699+0000] {dag.py:3239} INFO - Sync 1 DAGs
[2026-08-14T06:26:06.745+0000] {logging_mixin.py:190} INFO - [2026-08-14T06:26:06.745+0000] {dag.py:4180} INFO - Setting next_dagrun for weather_ingestion to 2026-08-14 06:00:00+00:00, run_after=2026-08-14 07:00:00+00:00
[2026-08-14T06:26:06.770+0000] {processor.py:208} INFO - Processing /opt/airflow/dags/weather_dag.py took 0.188 seconds
[2026-08-14T06:26:36.857+0000] {processor.py:186} INFO - Started process (PID=17057) to work on /opt/airflow/dags/weather_dag.py
[2026-08-14T06:26:36.859+0000] {processor.py:914} INFO - Processing file /opt/airflow/dags/weather_dag.py for tasks to queue
[2026-08-14T06:26:36.864+0000] {logging_mixin.py:190} INFO - [2026-08-14T06:26:36.863+0000] {dagbag.py:588} INFO - Filling up the DagBag from /opt/airflow/dags/weather_dag.py
[2026-08-14T06:26:36.883+0000] {processor.py:925} INFO - DAG(s) 'weather_ingestion' retrieved from /opt/airflow/dags/weather_dag.py
[2026-08-14T06:26:36.911+0000] {logging_mixin.py:190} INFO - [2026-08-14T06:26:36.911+0000] {dag.py:3239} INFO - Sync 1 DAGs
[2026-08-14T06:26:36.930+0000] {logging_mixin.py:190} INFO - [2026-08-14T06:26:36.930+0000] {dag.py:4180} INFO - Setting next_dagrun for weather_ingestion to 2026-08-14 06:00:00+00:00, run_after=2026-08-14 07:00:00+00:00
[2026-08-14T06:26:36.940+0000] {processor.py:208} INFO - Processing /opt/airflow/dags/weather_dag.py took 0.093 seconds
[2026-08-14T06:27:07.109+0000] {processor.py:186} INFO - Started process (PID=17062) to work on /opt/airflow/dags/weather_dag.py
[2026-08-14T06:27:07.110+0000] {processor.py:914} INFO - Processing file /opt/airflow/dags/weather_dag.py for tasks to queue
[2026-08-14T06:27:07.113+0000] {logging_mixin.py:190} INFO - [2026-08-14T06:27:07.112+0000] {dagbag.py:588} INFO - Filling up the DagBag from /opt/airflow/dags/weather_dag.py
[2026-08-14T06:27:07.122+0000] {processor.py:925} INFO - DAG(s) 'weather_ingestion' retrieved from /opt/airflow/dags/weather_dag.py
[2026-08-14T06:27:07.137+0000] {logging_mixin.py:190} INFO - [2026-08-14T06:27:07.137+0000] {dag.py:3239} INFO - Sync 1 DAGs
[2026-08-14T06:27:07.147+0000] {logging_mixin.py:190} INFO - [2026-08-14T06:27:07.147+0000] {dag.py:4180} INFO - Setting next_dagrun for weather_ingestion to 2026-08-14 06:00:00+00:00, run_after=2026-08-14 07:00:00+00:00
[2026-08-14T06:27:07.154+0000] {processor.py:208} INFO - Processing /opt/airflow/dags/weather_dag.py took 0.059 seconds
[2026-08-14T06:27:37.425+0000] {processor.py:186} INFO - Started process (PID=17067) to work on /opt/airflow/dags/weather_dag.py
[2026-08-14T06:27:37.427+0000] {processor.py:914} INFO - Processing file /opt/airflow/dags/weather_dag.py for tasks to queue
[2026-08-14T06:27:37.430+0000] {logging_mixin.py:190} INFO - [2026-08-14T06:27:37.429+0000] {dagbag.py:588} INFO - Filling up the DagBag from /opt/airflow/dags/weather_dag.py
[2026-08-14T06:27:37.441+0000] {processor.py:925} INFO - DAG(s) 'weather_ingestion' retrieved from /opt/airflow/dags/weather_dag.py
[2026-08-14T06:27:37.462+0000] {logging_mixin.py:190} INFO - [2026-08-14T06:27:37.462+0000] {dag.py:3239} INFO - Sync 1 DAGs
[2026-08-14T06:27:37.474+0000] {logging_mixin.py:190} INFO - [2026-08-14T06:27:37.474+0000] {dag.py:4180} INFO - Setting next_dagrun for weather_ingestion to 2026-08-14 06:00:00+00:00, run_after=2026-08-14 07:00:00+00:00
[2026-08-14T06:27:37.483+0000] {processor.py:208} INFO - Processing /opt/airflow/dags/weather_dag.py took 0.066 seconds
[2026-08-14T06:28:07.786+0000] {processor.py:186} INFO - Started process (PID=17072) to work on /opt/airflow/dags/weather_dag.py
[2026-08-14T06:28:07.790+0000] {processor.py:914} INFO - Processing file /opt/airflow/dags/weather_dag.py for tasks to queue
[2026-08-14T06:28:07.793+0000] {logging_mixin.py:190} INFO - [2026-08-14T06:28:07.793+0000] {dagbag.py:588} INFO - Filling up the DagBag from /opt/airflow/dags/weather_dag.py
[2026-08-14T06:28:07.808+0000] {processor.py:925} INFO - DAG(s) 'weather_ingestion' retrieved from /opt/airflow/dags/weather_dag.py
[2026-08-14T06:28:07.831+0000] {logging_mixin.py:190} INFO - [2026-08-14T06:28:07.831+0000] {dag.py:3239} INFO - Sync 1 DAGs
[2026-08-14T06:28:07.845+0000] {logging_mixin.py:190} INFO - [2026-08-14T06:28:07.845+0000] {dag.py:4180} INFO - Setting next_dagrun for weather_ingestion to 2026-08-14 06:00:00+00:00, run_after=2026-08-14 07:00:00+00:00
[2026-08-14T06:28:07.854+0000] {processor.py:208} INFO - Processing /opt/airflow/dags/weather_dag.py took 0.078 seconds
[2026-08-14T06:28:38.140+0000] {processor.py:186} INFO - Started process (PID=17077) to work on /opt/airflow/dags/weather_dag.py
[2026-08-14T06:28:38.143+0000] {processor.py:914} INFO - Processing file /opt/airflow/dags/weather_dag.py for tasks to queue
[2026-08-14T06:28:38.148+0000] {logging_mixin.py:190} INFO - [2026-08-14T06:28:38.147+0000] {dagbag.py:588} INFO - Filling up the DagBag from /opt/airflow/dags/weather_dag.py
[2026-08-14T06:28:38.169+0000] {processor.py:925} INFO - DAG(s) 'weather_ingestion' retrieved from /opt/airflow/dags/weather_dag.py
[2026-08-14T06:28:38.198+0000] {logging_mixin.py:190} INFO - [2026-08-14T06:28:38.198+0000] {dag.py:3239} INFO - Sync 1 DAGs
[2026-08-14T06:28:38.214+0000] {logging_mixin.py:190} INFO - [2026-08-14T06:28:38.214+0000] {dag.py:4180} INFO - Setting next_dagrun for weather_ingestion to 2026-08-14 06:00:00+00:00, run_after=2026-08-14 07:00:00+00:00
[2026-08-14T06:28:38.223+0000] {processor.py:208} INFO - Processing /opt/airflow/dags/weather_dag.py took 0.095 seconds
[2026-08-14T06:29:08.462+0000] {processor.py:186} INFO - Started process (PID=17082) to work on /opt/airflow/dags/weather_dag.py
[2026-08-14T06:29:08.465+0000] {processor.py:914} INFO - Processing file /opt/airflow/dags/weather_dag.py for tasks to queue
[2026-08-14T06:29:08.467+0000] {logging_mixin.py:190} INFO - [2026-08-14T06:29:08.467+0000] {dagbag.py:588} INFO - Filling up the DagBag from /opt/airflow/dags/weather_dag.py
[2026-08-14T06:29:08.480+0000] {processor.py:925} INFO - DAG(s) 'weather_ingestion' retrieved from /opt/airflow/dags/weather_dag.py
[2026-08-14T06:29:08.502+0000] {logging_mixin.py:190} INFO - [2026-08-14T06:29:08.502+0000] {dag.py:3239} INFO - Sync 1 DAGs
[2026-08-14T06:29:08.521+0000] {logging_mixin.py:190} INFO - [2026-08-14T06:29:08.521+0000] {dag.py:4180} INFO - Setting next_dagrun for weather_ingestion to 2026-08-14 06:00:00+00:00, run_after=2026-08-14 07:00:00+00:00
[2026-08-14T06:29:08.533+0000] {processor.py:208} INFO - Processing /opt/airflow/dags/weather_dag.py took 0.080 seconds
[2026-08-14T06:29:38.773+0000] {processor.py:186} INFO - Started process (PID=17087) to work on /opt/airflow/dags/weather_dag.py
[2026-08-14T06:29:38.776+0000] {processor.py:914} INFO - Processing file /opt/airflow/dags/weather_dag.py for tasks to queue
[2026-08-14T06:29:38.778+0000] {logging_mixin.py:190} INFO - [2026-08-14T06:29:38.777+0000] {dagbag.py:588} INFO - Filling up the DagBag from /opt/airflow/dags/weather_dag.py
[2026-08-14T06:29:38.788+0000] {processor.py:925} INFO - DAG(s) 'weather_ingestion' retrieved from /opt/airflow/dags/weather_dag.py
[2026-08-14T06:29:38.806+0000] {logging_mixin.py:190} INFO - [2026-08-14T06:29:38.806+0000] {dag.py:3239} INFO - Sync 1 DAGs
[2026-08-14T06:29:38.818+0000] {logging_mixin.py:190} INFO - [2026-08-14T06:29:38.818+0000] {dag.py:4180} INFO - Setting next_dagrun for weather_ingestion to 2026-08-14 06:00:00+00:00, run_after=2026-08-14 07:00:00+00:00
[2026-08-14T06:29:38.826+0000] {processor.py:208} INFO - Processing /opt/airflow/dags/weather_dag.py took 0.062 seconds
[2026-08-14T06:30:09.092+0000] {processor.py:186} INFO - Started process (PID=17092) to work on /opt/airflow/dags/weather_dag.py
[2026-08-14T06:30:09.095+0000] {processor.py:914} INFO - Processing file /opt/airflow/dags/weather_dag.py for tasks to queue
[2026-08-14T06:30:09.098+0000] {logging_mixin.py:190} INFO - [2026-08-14T06:30:09.097+0000] {dagbag.py:588} INFO - Filling up the DagBag from /opt/airflow/dags/weather_dag.py
[2026-08-14T06:30:09.114+0000] {processor.py:925} INFO - DAG(s) 'weather_ingestion' retrieved from /opt/airflow/dags/weather_dag.py
[2026-08-14T06:30:09.139+0000] {logging_mixin.py:190} INFO - [2026-08-14T06:30:09.139+0000] {dag.py:3239} INFO - Sync 1 DAGs
[2026-08-14T06:30:09.155+0000] {logging_mixin.py:190} INFO - [2026-08-14T06:30:09.155+0000] {dag.py:4180} INFO - Setting next_dagrun for weather_ingestion to 2026-08-14 06:00:00+00:00, run_after=2026-08-14 07:00:00+00:00
[2026-08-14T06:30:09.164+0000] {processor.py:208} INFO - Processing /opt/airflow/dags/weather_dag.py took 0.080 seconds
[2026-08-14T06:30:39.372+0000] {processor.py:186} INFO - Started process (PID=17097) to work on /opt/airflow/dags/weather_dag.py
[2026-08-14T06:30:39.373+0000] {processor.py:914} INFO - Processing file /opt/airflow/dags/weather_dag.py for tasks to queue
[2026-08-14T06:30:39.375+0000] {logging_mixin.py:190} INFO - [2026-08-14T06:30:39.374+0000] {dagbag.py:588} INFO - Filling up the DagBag from /opt/airflow/dags/weather_dag.py
[2026-08-14T06:30:39.383+0000] {processor.py:925} INFO - DAG(s) 'weather_ingestion' retrieved from /opt/airflow/dags/weather_dag.py
[2026-08-14T06:30:39.398+0000] {logging_mixin.py:190} INFO - [2026-08-14T06:30:39.398+0000] {dag.py:3239} INFO - Sync 1 DAGs
[2026-08-14T06:30:39.409+0000] {logging_mixin.py:190} INFO - [2026-08-14T06:30:39.409+0000] {dag.py:4180} INFO - Setting next_dagrun for weather_ingestion to 2026-08-14 06:00:00+00:00, run_after=2026-08-14 07:00:00+00:00
[2026-08-14T06:30:39.417+0000] {processor.py:208} INFO - Processing /opt/airflow/dags/weather_dag.py took 0.050 seconds
[2026-08-14T06:31:09.704+0000] {processor.py:186} INFO - Started process (PID=17102) to work on /opt/airflow/dags/weather_dag.py
[2026-08-14T06:31:09.705+0000] {processor.py:914} INFO - Processing file /opt/airflow/dags/weather_dag.py for tasks to queue
[2026-08-14T06:31:09.707+0000] {logging_mixin.py:190} INFO - [2026-08-14T06:31:09.707+0000] {dagbag.py:588} INFO - Filling up the DagBag from /opt/airflow/dags/weather_dag.py
[2026-08-14T06:31:09.717+0000] {processor.py:925} INFO - DAG(s) 'weather_ingestion' retrieved from /opt/airflow/dags/weather_dag.py
[2026-08-14T06:31:09.736+0000] {logging_mixin.py:190} INFO - [2026-08-14T06:31:09.736+0000] {dag.py:3239} INFO - Sync 1 DAGs
[2026-08-14T06:31:09.750+0000] {logging_mixin.py:190} INFO - [2026-08-14T06:31:09.750+0000] {dag.py:4180} INFO - Setting next_dagrun for weather_ingestion to 2026-08-14 06:00:00+00:00, run_after=2026-08-14 07:00:00+00:00
[2026-08-14T06:31:09.947+0000] {processor.py:208} INFO - Processing /opt/airflow/dags/weather_dag.py took 0.250 seconds
[2026-08-14T06:31:40.034+0000] {processor.py:186} INFO - Started process (PID=17107) to work on /opt/airflow/dags/weather_dag.py
[2026-08-14T06:31:40.035+0000] {processor.py:914} INFO - Processing file /opt/airflow/dags/weather_dag.py for tasks to queue
[2026-08-14T06:31:40.038+0000] {logging_mixin.py:190} INFO - [2026-08-14T06:31:40.038+0000] {dagbag.py:588} INFO - Filling up the DagBag from /opt/airflow/dags/weather_dag.py
[2026-08-14T06:31:40.049+0000] {processor.py:925} INFO - DAG(s) 'weather_ingestion' retrieved from /opt/airflow/dags/weather_dag.py
[2026-08-14T06:31:40.068+0000] {logging_mixin.py:190} INFO - [2026-08-14T06:31:40.068+0000] {dag.py:3239} INFO - Sync 1 DAGs
[2026-08-14T06:31:40.080+0000] {logging_mixin.py:190} INFO - [2026-08-14T06:31:40.080+0000] {dag.py:4180} INFO - Setting next_dagrun for weather_ingestion to 2026-08-14 06:00:00+00:00, run_after=2026-08-14 07:00:00+00:00
[2026-08-14T06:31:40.091+0000] {processor.py:208} INFO - Processing /opt/airflow/dags/weather_dag.py took 0.065 seconds
[2026-08-14T06:32:10.365+0000] {processor.py:186} INFO - Started process (PID=17112) to work on /opt/airflow/dags/weather_dag.py
[2026-08-14T06:32:10.368+0000] {processor.py:914} INFO - Processing file /opt/airflow/dags/weather_dag.py for tasks to queue
[2026-08-14T06:32:10.371+0000] {logging_mixin.py:190} INFO - [2026-08-14T06:32:10.371+0000] {dagbag.py:588} INFO - Filling up the DagBag from /opt/airflow/dags/weather_dag.py
[2026-08-14T06:32:10.384+0000] {processor.py:925} INFO - DAG(s) 'weather_ingestion' retrieved from /opt/airflow/dags/weather_dag.py
[2026-08-14T06:32:10.406+0000] {logging_mixin.py:190} INFO - [2026-08-14T06:32:10.406+0000] {dag.py:3239} INFO - Sync 1 DAGs
[2026-08-14T06:32:10.421+0000] {logging_mixin.py:190} INFO - [2026-08-14T06:32:10.421+0000] {dag.py:4180} INFO - Setting next_dagrun for weather_ingestion to 2026-08-14 06:00:00+00:00, run_after=2026-08-14 07:00:00+00:00
[2026-08-14T06:32:10.428+0000] {processor.py:208} INFO - Processing /opt/airflow/dags/weather_dag.py took 0.073 seconds
[2026-08-14T06:32:40.666+0000] {processor.py:186} INFO - Started process (PID=17117) to work on /opt/airflow/dags/weather_dag.py
[2026-08-14T06:32:40.668+0000] {processor.py:914} INFO - Processing file /opt/airflow/dags/weather_dag.py for tasks to queue
[2026-08-14T06:32:40.670+0000] {logging_mixin.py:190} INFO - [2026-08-14T06:32:40.670+0000] {dagbag.py:588} INFO - Filling up the DagBag from /opt/airflow/dags/weather_dag.py
[2026-08-14T06:32:40.683+0000] {processor.py:925} INFO - DAG(s) 'weather_ingestion' retrieved from /opt/airflow/dags/weather_dag.py
[2026-08-14T06:32:40.701+0000] {logging_mixin.py:190} INFO - [2026-08-14T06:32:40.701+0000] {dag.py:3239} INFO - Sync 1 DAGs
[2026-08-14T06:32:40.713+0000] {logging_mixin.py:190} INFO - [2026-08-14T06:32:40.713+0000] {dag.py:4180} INFO - Setting next_dagrun for weather_ingestion to 2026-08-14 06:00:00+00:00, run_after=2026-08-14 07:00:00+00:00
[2026-08-14T06:32:40.722+0000] {processor.py:208} INFO - Processing /opt/airflow/dags/weather_dag.py took 0.062 seconds
[2026-08-14T06:33:11.433+0000] {processor.py:186} INFO - Started process (PID=17122) to work on /opt/airflow/dags/weather_dag.py
[2026-08-14T06:33:11.436+0000] {processor.py:914} INFO - Processing file /opt/airflow/dags/weather_dag.py for tasks to queue
[2026-08-14T06:33:11.440+0000] {logging_mixin.py:190} INFO - [2026-08-14T06:33:11.439+0000] {dagbag.py:588} INFO - Filling up the DagBag from /opt/airflow/dags/weather_dag.py
[2026-08-14T06:33:11.457+0000] {processor.py:925} INFO - DAG(s) 'weather_ingestion' retrieved from /opt/airflow/dags/weather_dag.py
[2026-08-14T06:33:11.485+0000] {logging_mixin.py:190} INFO - [2026-08-14T06:33:11.484+0000] {dag.py:3239} INFO - Sync 1 DAGs
[2026-08-14T06:33:11.500+0000] {logging_mixin.py:190} INFO - [2026-08-14T06:33:11.500+0000] {dag.py:4180} INFO - Setting next_dagrun for weather_ingestion to 2026-08-14 06:00:00+00:00, run_after=2026-08-14 07:00:00+00:00
[2026-08-14T06:33:11.508+0000] {processor.py:208} INFO - Processing /opt/airflow/dags/weather_dag.py took 0.086 seconds
[2026-08-14T06:36:29.189+0000] {processor.py:186} INFO - Started process (PID=17127) to work on /opt/airflow/dags/weather_dag.py
[2026-08-14T06:36:29.192+0000] {processor.py:914} INFO - Processing file /opt/airflow/dags/weather_dag.py for tasks to queue
[2026-08-14T06:36:29.196+0000] {logging_mixin.py:190} INFO - [2026-08-14T06:36:29.195+0000] {dagbag.py:588} INFO - Filling up the DagBag from /opt/airflow/dags/weather_dag.py
[2026-08-14T06:36:29.211+0000] {processor.py:925} INFO - DAG(s) 'weather_ingestion' retrieved from /opt/airflow/dags/weather_dag.py
[2026-08-14T06:36:29.236+0000] {logging_mixin.py:190} INFO - [2026-08-14T06:36:29.236+0000] {dag.py:3239} INFO - Sync 1 DAGs
[2026-08-14T06:36:29.250+0000] {logging_mixin.py:190} INFO - [2026-08-14T06:36:29.250+0000] {dag.py:4180} INFO - Setting next_dagrun for weather_ingestion to 2026-08-14 06:00:00+00:00, run_after=2026-08-14 07:00:00+00:00
[2026-08-14T06:36:29.257+0000] {processor.py:208} INFO - Processing /opt/airflow/dags/weather_dag.py took 0.077 seconds
[2026-08-14T06:36:59.558+0000] {processor.py:186} INFO - Started process (PID=17132) to work on /opt/airflow/dags/weather_dag.py
[2026-08-14T06:36:59.560+0000] {processor.py:914} INFO - Processing file /opt/airflow/dags/weather_dag.py for tasks to queue
[2026-08-14T06:36:59.563+0000] {logging_mixin.py:190} INFO - [2026-08-14T06:36:59.563+0000] {dagbag.py:588} INFO - Filling up the DagBag from /opt/airflow/dags/weather_dag.py
[2026-08-14T06:36:59.575+0000] {processor.py:925} INFO - DAG(s) 'weather_ingestion' retrieved from /opt/airflow/dags/weather_dag.py
[2026-08-14T06:36:59.593+0000] {logging_mixin.py:190} INFO - [2026-08-14T06:36:59.593+0000] {dag.py:3239} INFO - Sync 1 DAGs
[2026-08-14T06:36:59.606+0000] {logging_mixin.py:190} INFO - [2026-08-14T06:36:59.606+0000] {dag.py:4180} INFO - Setting next_dagrun for weather_ingestion to 2026-08-14 06:00:00+00:00, run_after=2026-08-14 07:00:00+00:00
[2026-08-14T06:36:59.614+0000] {processor.py:208} INFO - Processing /opt/airflow/dags/weather_dag.py took 0.068 seconds
[2026-08-14T06:37:29.873+0000] {processor.py:186} INFO - Started process (PID=17137) to work on /opt/airflow/dags/weather_dag.py
[2026-08-14T06:37:29.876+0000] {processor.py:914} INFO - Processing file /opt/airflow/dags/weather_dag.py for tasks to queue
[2026-08-14T06:37:29.878+0000] {logging_mixin.py:190} INFO - [2026-08-14T06:37:29.877+0000] {dagbag.py:588} INFO - Filling up the DagBag from /opt/airflow/dags/weather_dag.py
[2026-08-14T06:37:29.888+0000] {processor.py:925} INFO - DAG(s) 'weather_ingestion' retrieved from /opt/airflow/dags/weather_dag.py
[2026-08-14T06:37:29.907+0000] {logging_mixin.py:190} INFO - [2026-08-14T06:37:29.907+0000] {dag.py:3239} INFO - Sync 1 DAGs
[2026-08-14T06:37:29.918+0000] {logging_mixin.py:190} INFO - [2026-08-14T06:37:29.918+0000] {dag.py:4180} INFO - Setting next_dagrun for weather_ingestion to 2026-08-14 06:00:00+00:00, run_after=2026-08-14 07:00:00+00:00
[2026-08-14T06:37:29.925+0000] {processor.py:208} INFO - Processing /opt/airflow/dags/weather_dag.py took 0.058 seconds
[2026-08-14T06:38:00.188+0000] {processor.py:186} INFO - Started process (PID=17142) to work on /opt/airflow/dags/weather_dag.py
[2026-08-14T06:38:00.189+0000] {processor.py:914} INFO - Processing file /opt/airflow/dags/weather_dag.py for tasks to queue
[2026-08-14T06:38:00.191+0000] {logging_mixin.py:190} INFO - [2026-08-14T06:38:00.191+0000] {dagbag.py:588} INFO - Filling up the DagBag from /opt/airflow/dags/weather_dag.py
[2026-08-14T06:38:00.201+0000] {processor.py:925} INFO - DAG(s) 'weather_ingestion' retrieved from /opt/airflow/dags/weather_dag.py
[2026-08-14T06:38:00.221+0000] {logging_mixin.py:190} INFO - [2026-08-14T06:38:00.220+0000] {dag.py:3239} INFO - Sync 1 DAGs
[2026-08-14T06:38:00.232+0000] {logging_mixin.py:190} INFO - [2026-08-14T06:38:00.232+0000] {dag.py:4180} INFO - Setting next_dagrun for weather_ingestion to 2026-08-14 06:00:00+00:00, run_after=2026-08-14 07:00:00+00:00
[2026-08-14T06:38:00.239+0000] {processor.py:208} INFO - Processing /opt/airflow/dags/weather_dag.py took 0.057 seconds
[2026-08-14T06:38:30.568+0000] {processor.py:186} INFO - Started process (PID=17147) to work on /opt/airflow/dags/weather_dag.py
[2026-08-14T06:38:30.570+0000] {processor.py:914} INFO - Processing file /opt/airflow/dags/weather_dag.py for tasks to queue
[2026-08-14T06:38:30.572+0000] {logging_mixin.py:190} INFO - [2026-08-14T06:38:30.571+0000] {dagbag.py:588} INFO - Filling up the DagBag from /opt/airflow/dags/weather_dag.py
[2026-08-14T06:38:30.582+0000] {processor.py:925} INFO - DAG(s) 'weather_ingestion' retrieved from /opt/airflow/dags/weather_dag.py
[2026-08-14T06:38:30.600+0000] {logging_mixin.py:190} INFO - [2026-08-14T06:38:30.600+0000] {dag.py:3239} INFO - Sync 1 DAGs
[2026-08-14T06:38:30.612+0000] {logging_mixin.py:190} INFO - [2026-08-14T06:38:30.612+0000] {dag.py:4180} INFO - Setting next_dagrun for weather_ingestion to 2026-08-14 06:00:00+00:00, run_after=2026-08-14 07:00:00+00:00
[2026-08-14T06:38:30.620+0000] {processor.py:208} INFO - Processing /opt/airflow/dags/weather_dag.py took 0.059 seconds
[2026-08-14T06:39:00.864+0000] {processor.py:186} INFO - Started process (PID=17152) to work on /opt/airflow/dags/weather_dag.py
[2026-08-14T06:39:00.866+0000] {processor.py:914} INFO - Processing file /opt/airflow/dags/weather_dag.py for tasks to queue
[2026-08-14T06:39:00.870+0000] {logging_mixin.py:190} INFO - [2026-08-14T06:39:00.869+0000] {dagbag.py:588} INFO - Filling up the DagBag from /opt/airflow/dags/weather_dag.py
[2026-08-14T06:39:00.885+0000] {processor.py:925} INFO - DAG(s) 'weather_ingestion' retrieved from /opt/airflow/dags/weather_dag.py
[2026-08-14T06:39:00.907+0000] {logging_mixin.py:190} INFO - [2026-08-14T06:39:00.906+0000] {dag.py:3239} INFO - Sync 1 DAGs
[2026-08-14T06:39:00.920+0000] {logging_mixin.py:190} INFO - [2026-08-14T06:39:00.920+0000] {dag.py:4180} INFO - Setting next_dagrun for weather_ingestion to 2026-08-14 06:00:00+00:00, run_after=2026-08-14 07:00:00+00:00
[2026-08-14T06:39:00.928+0000] {processor.py:208} INFO - Processing /opt/airflow/dags/weather_dag.py took 0.073 seconds
[2026-08-14T06:39:31.148+0000] {processor.py:186} INFO - Started process (PID=17157) to work on /opt/airflow/dags/weather_dag.py
[2026-08-14T06:39:31.150+0000] {processor.py:914} INFO - Processing file /opt/airflow/dags/weather_dag.py for tasks to queue
[2026-08-14T06:39:31.153+0000] {logging_mixin.py:190} INFO - [2026-08-14T06:39:31.152+0000] {dagbag.py:588} INFO - Filling up the DagBag from /opt/airflow/dags/weather_dag.py
[2026-08-14T06:39:31.162+0000] {processor.py:925} INFO - DAG(s) 'weather_ingestion' retrieved from /opt/airflow/dags/weather_dag.py
[2026-08-14T06:39:31.179+0000] {logging_mixin.py:190} INFO - [2026-08-14T06:39:31.179+0000] {dag.py:3239} INFO - Sync 1 DAGs
[2026-08-14T06:39:31.190+0000] {logging_mixin.py:190} INFO - [2026-08-14T06:39:31.190+0000] {dag.py:4180} INFO - Setting next_dagrun for weather_ingestion to 2026-08-14 06:00:00+00:00, run_after=2026-08-14 07:00:00+00:00
[2026-08-14T06:39:31.197+0000] {processor.py:208} INFO - Processing /opt/airflow/dags/weather_dag.py took 0.055 seconds
[2026-08-14T06:40:01.413+0000] {processor.py:186} INFO - Started process (PID=17162) to work on /opt/airflow/dags/weather_dag.py
[2026-08-14T06:40:01.415+0000] {processor.py:914} INFO - Processing file /opt/airflow/dags/weather_dag.py for tasks to queue
[2026-08-14T06:40:01.418+0000] {logging_mixin.py:190} INFO - [2026-08-14T06:40:01.418+0000] {dagbag.py:588} INFO - Filling up the DagBag from /opt/airflow/dags/weather_dag.py
[2026-08-14T06:40:01.430+0000] {processor.py:925} INFO - DAG(s) 'weather_ingestion' retrieved from /opt/airflow/dags/weather_dag.py
[2026-08-14T06:40:01.451+0000] {logging_mixin.py:190} INFO - [2026-08-14T06:40:01.451+0000] {dag.py:3239} INFO - Sync 1 DAGs
[2026-08-14T06:40:01.463+0000] {logging_mixin.py:190} INFO - [2026-08-14T06:40:01.463+0000] {dag.py:4180} INFO - Setting next_dagrun for weather_ingestion to 2026-08-14 06:00:00+00:00, run_after=2026-08-14 07:00:00+00:00
[2026-08-14T06:40:01.641+0000] {processor.py:208} INFO - Processing /opt/airflow/dags/weather_dag.py took 0.236 seconds
[2026-08-14T06:40:31.896+0000] {processor.py:186} INFO - Started process (PID=17167) to work on /opt/airflow/dags/weather_dag.py
[2026-08-14T06:40:31.897+0000] {processor.py:914} INFO - Processing file /opt/airflow/dags/weather_dag.py for tasks to queue
[2026-08-14T06:40:31.899+0000] {logging_mixin.py:190} INFO - [2026-08-14T06:40:31.899+0000] {dagbag.py:588} INFO - Filling up the DagBag from /opt/airflow/dags/weather_dag.py
[2026-08-14T06:40:31.907+0000] {processor.py:925} INFO - DAG(s) 'weather_ingestion' retrieved from /opt/airflow/dags/weather_dag.py
[2026-08-14T06:40:31.925+0000] {logging_mixin.py:190} INFO - [2026-08-14T06:40:31.925+0000] {dag.py:3239} INFO - Sync 1 DAGs
[2026-08-14T06:40:31.937+0000] {logging_mixin.py:190} INFO - [2026-08-14T06:40:31.937+0000] {dag.py:4180} INFO - Setting next_dagrun for weather_ingestion to 2026-08-14 06:00:00+00:00, run_after=2026-08-14 07:00:00+00:00
[2026-08-14T06:40:31.945+0000] {processor.py:208} INFO - Processing /opt/airflow/dags/weather_dag.py took 0.053 seconds
[2026-08-14T06:41:02.191+0000] {processor.py:186} INFO - Started process (PID=17172) to work on /opt/airflow/dags/weather_dag.py
[2026-08-14T06:41:02.195+0000] {processor.py:914} INFO - Processing file /opt/airflow/dags/weather_dag.py for tasks to queue
[2026-08-14T06:41:02.200+0000] {logging_mixin.py:190} INFO - [2026-08-14T06:41:02.199+0000] {dagbag.py:588} INFO - Filling up the DagBag from /opt/airflow/dags/weather_dag.py
[2026-08-14T06:41:02.209+0000] {processor.py:925} INFO - DAG(s) 'weather_ingestion' retrieved from /opt/airflow/dags/weather_dag.py
[2026-08-14T06:41:02.227+0000] {logging_mixin.py:190} INFO - [2026-08-14T06:41:02.227+0000] {dag.py:3239} INFO - Sync 1 DAGs
[2026-08-14T06:41:02.243+0000] {logging_mixin.py:190} INFO - [2026-08-14T06:41:02.242+0000] {dag.py:4180} INFO - Setting next_dagrun for weather_ingestion to 2026-08-14 06:00:00+00:00, run_after=2026-08-14 07:00:00+00:00
[2026-08-14T06:41:02.253+0000] {processor.py:208} INFO - Processing /opt/airflow/dags/weather_dag.py took 0.070 seconds
[2026-08-14T06:41:32.502+0000] {processor.py:186} INFO - Started process (PID=17177) to work on /opt/airflow/dags/weather_dag.py
[2026-08-14T06:41:32.504+0000] {processor.py:914} INFO - Processing file /opt/airflow/dags/weather_dag.py for tasks to queue
[2026-08-14T06:41:32.509+0000] {logging_mixin.py:190} INFO - [2026-08-14T06:41:32.508+0000] {dagbag.py:588} INFO - Filling up the DagBag from /opt/airflow/dags/weather_dag.py
[2026-08-14T06:41:32.535+0000] {processor.py:925} INFO - DAG(s) 'weather_ingestion' retrieved from /opt/airflow/dags/weather_dag.py
[2026-08-14T06:41:32.570+0000] {logging_mixin.py:190} INFO - [2026-08-14T06:41:32.570+0000] {dag.py:3239} INFO - Sync 1 DAGs
[2026-08-14T06:41:32.586+0000] {logging_mixin.py:190} INFO - [2026-08-14T06:41:32.586+0000] {dag.py:4180} INFO - Setting next_dagrun for weather_ingestion to 2026-08-14 06:00:00+00:00, run_after=2026-08-14 07:00:00+00:00
[2026-08-14T06:41:32.596+0000] {processor.py:208} INFO - Processing /opt/airflow/dags/weather_dag.py took 0.106 seconds
[2026-08-14T06:42:02.819+0000] {processor.py:186} INFO - Started process (PID=17182) to work on /opt/airflow/dags/weather_dag.py
[2026-08-14T06:42:02.822+0000] {processor.py:914} INFO - Processing file /opt/airflow/dags/weather_dag.py for tasks to queue
[2026-08-14T06:42:02.824+0000] {logging_mixin.py:190} INFO - [2026-08-14T06:42:02.823+0000] {dagbag.py:588} INFO - Filling up the DagBag from /opt/airflow/dags/weather_dag.py
[2026-08-14T06:42:02.836+0000] {processor.py:925} INFO - DAG(s) 'weather_ingestion' retrieved from /opt/airflow/dags/weather_dag.py
[2026-08-14T06:42:02.856+0000] {logging_mixin.py:190} INFO - [2026-08-14T06:42:02.856+0000] {dag.py:3239} INFO - Sync 1 DAGs
[2026-08-14T06:42:02.870+0000] {logging_mixin.py:190} INFO - [2026-08-14T06:42:02.870+0000] {dag.py:4180} INFO - Setting next_dagrun for weather_ingestion to 2026-08-14 06:00:00+00:00, run_after=2026-08-14 07:00:00+00:00
[2026-08-14T06:42:02.877+0000] {processor.py:208} INFO - Processing /opt/airflow/dags/weather_dag.py took 0.065 seconds
[2026-08-14T06:42:33.181+0000] {processor.py:186} INFO - Started process (PID=17187) to work on /opt/airflow/dags/weather_dag.py
[2026-08-14T06:42:33.183+0000] {processor.py:914} INFO - Processing file /opt/airflow/dags/weather_dag.py for tasks to queue
[2026-08-14T06:42:33.185+0000] {logging_mixin.py:190} INFO - [2026-08-14T06:42:33.185+0000] {dagbag.py:588} INFO - Filling up the DagBag from /opt/airflow/dags/weather_dag.py
[2026-08-14T06:42:33.196+0000] {processor.py:925} INFO - DAG(s) 'weather_ingestion' retrieved from /opt/airflow/dags/weather_dag.py
[2026-08-14T06:42:33.216+0000] {logging_mixin.py:190} INFO - [2026-08-14T06:42:33.216+0000] {dag.py:3239} INFO - Sync 1 DAGs
[2026-08-14T06:42:33.227+0000] {logging_mixin.py:190} INFO - [2026-08-14T06:42:33.227+0000] {dag.py:4180} INFO - Setting next_dagrun for weather_ingestion to 2026-08-14 06:00:00+00:00, run_after=2026-08-14 07:00:00+00:00
[2026-08-14T06:42:33.234+0000] {processor.py:208} INFO - Processing /opt/airflow/dags/weather_dag.py took 0.060 seconds
[2026-08-14T06:43:03.518+0000] {processor.py:186} INFO - Started process (PID=17192) to work on /opt/airflow/dags/weather_dag.py
[2026-08-14T06:43:03.520+0000] {processor.py:914} INFO - Processing file /opt/airflow/dags/weather_dag.py for tasks to queue
[2026-08-14T06:43:03.523+0000] {logging_mixin.py:190} INFO - [2026-08-14T06:43:03.523+0000] {dagbag.py:588} INFO - Filling up the DagBag from /opt/airflow/dags/weather_dag.py
[2026-08-14T06:43:03.534+0000] {processor.py:925} INFO - DAG(s) 'weather_ingestion' retrieved from /opt/airflow/dags/weather_dag.py
[2026-08-14T06:43:03.553+0000] {logging_mixin.py:190} INFO - [2026-08-14T06:43:03.553+0000] {dag.py:3239} INFO - Sync 1 DAGs
[2026-08-14T06:43:03.565+0000] {logging_mixin.py:190} INFO - [2026-08-14T06:43:03.565+0000] {dag.py:4180} INFO - Setting next_dagrun for weather_ingestion to 2026-08-14 06:00:00+00:00, run_after=2026-08-14 07:00:00+00:00
[2026-08-14T06:43:03.787+0000] {processor.py:208} INFO - Processing /opt/airflow/dags/weather_dag.py took 0.276 seconds
[2026-08-14T06:43:33.865+0000] {processor.py:186} INFO - Started process (PID=17197) to work on /opt/airflow/dags/weather_dag.py
[2026-08-14T06:43:33.867+0000] {processor.py:914} INFO - Processing file /opt/airflow/dags/weather_dag.py for tasks to queue
[2026-08-14T06:43:33.870+0000] {logging_mixin.py:190} INFO - [2026-08-14T06:43:33.870+0000] {dagbag.py:588} INFO - Filling up the DagBag from /opt/airflow/dags/weather_dag.py
[2026-08-14T06:43:33.883+0000] {processor.py:925} INFO - DAG(s) 'weather_ingestion' retrieved from /opt/airflow/dags/weather_dag.py
[2026-08-14T06:43:33.904+0000] {logging_mixin.py:190} INFO - [2026-08-14T06:43:33.903+0000] {dag.py:3239} INFO - Sync 1 DAGs
[2026-08-14T06:43:33.917+0000] {logging_mixin.py:190} INFO - [2026-08-14T06:43:33.917+0000] {dag.py:4180} INFO - Setting next_dagrun for weather_ingestion to 2026-08-14 06:00:00+00:00, run_after=2026-08-14 07:00:00+00:00
[2026-08-14T06:43:33.924+0000] {processor.py:208} INFO - Processing /opt/airflow/dags/weather_dag.py took 0.068 seconds
[2026-08-14T06:44:04.187+0000] {processor.py:186} INFO - Started process (PID=17202) to work on /opt/airflow/dags/weather_dag.py
[2026-08-14T06:44:04.188+0000] {processor.py:914} INFO - Processing file /opt/airflow/dags/weather_dag.py for tasks to queue
[2026-08-14T06:44:04.191+0000] {logging_mixin.py:190} INFO - [2026-08-14T06:44:04.190+0000] {dagbag.py:588} INFO - Filling up the DagBag from /opt/airflow/dags/weather_dag.py
[2026-08-14T06:44:04.200+0000] {processor.py:925} INFO - DAG(s) 'weather_ingestion' retrieved from /opt/airflow/dags/weather_dag.py
[2026-08-14T06:44:04.218+0000] {logging_mixin.py:190} INFO - [2026-08-14T06:44:04.218+0000] {dag.py:3239} INFO - Sync 1 DAGs
[2026-08-14T06:44:04.229+0000] {logging_mixin.py:190} INFO - [2026-08-14T06:44:04.229+0000] {dag.py:4180} INFO - Setting next_dagrun for weather_ingestion to 2026-08-14 06:00:00+00:00, run_after=2026-08-14 07:00:00+00:00
[2026-08-14T06:44:04.236+0000] {processor.py:208} INFO - Processing /opt/airflow/dags/weather_dag.py took 0.055 seconds
[2026-08-14T06:44:34.457+0000] {processor.py:186} INFO - Started process (PID=17207) to work on /opt/airflow/dags/weather_dag.py
[2026-08-14T06:44:34.458+0000] {processor.py:914} INFO - Processing file /opt/airflow/dags/weather_dag.py for tasks to queue
[2026-08-14T06:44:34.459+0000] {logging_mixin.py:190} INFO - [2026-08-14T06:44:34.459+0000] {dagbag.py:588} INFO - Filling up the DagBag from /opt/airflow/dags/weather_dag.py
[2026-08-14T06:44:34.466+0000] {processor.py:925} INFO - DAG(s) 'weather_ingestion' retrieved from /opt/airflow/dags/weather_dag.py
[2026-08-14T06:44:34.479+0000] {logging_mixin.py:190} INFO - [2026-08-14T06:44:34.479+0000] {dag.py:3239} INFO - Sync 1 DAGs
[2026-08-14T06:44:34.490+0000] {logging_mixin.py:190} INFO - [2026-08-14T06:44:34.490+0000] {dag.py:4180} INFO - Setting next_dagrun for weather_ingestion to 2026-08-14 06:00:00+00:00, run_after=2026-08-14 07:00:00+00:00
[2026-08-14T06:44:34.496+0000] {processor.py:208} INFO - Processing /opt/airflow/dags/weather_dag.py took 0.043 seconds
[2026-08-14T06:45:04.758+0000] {processor.py:186} INFO - Started process (PID=17212) to work on /opt/airflow/dags/weather_dag.py
[2026-08-14T06:45:04.759+0000] {processor.py:914} INFO - Processing file /opt/airflow/dags/weather_dag.py for tasks to queue
[2026-08-14T06:45:04.762+0000] {logging_mixin.py:190} INFO - [2026-08-14T06:45:04.762+0000] {dagbag.py:588} INFO - Filling up the DagBag from /opt/airflow/dags/weather_dag.py
[2026-08-14T06:45:04.774+0000] {processor.py:925} INFO - DAG(s) 'weather_ingestion' retrieved from /opt/airflow/dags/weather_dag.py
[2026-08-14T06:45:04.795+0000] {logging_mixin.py:190} INFO - [2026-08-14T06:45:04.795+0000] {dag.py:3239} INFO - Sync 1 DAGs
[2026-08-14T06:45:04.810+0000] {logging_mixin.py:190} INFO - [2026-08-14T06:45:04.810+0000] {dag.py:4180} INFO - Setting next_dagrun for weather_ingestion to 2026-08-14 06:00:00+00:00, run_after=2026-08-14 07:00:00+00:00
[2026-08-14T06:45:04.818+0000] {processor.py:208} INFO - Processing /opt/airflow/dags/weather_dag.py took 0.068 seconds
[2026-08-14T06:45:35.080+0000] {processor.py:186} INFO - Started process (PID=17217) to work on /opt/airflow/dags/weather_dag.py
[2026-08-14T06:45:35.082+0000] {processor.py:914} INFO - Processing file /opt/airflow/dags/weather_dag.py for tasks to queue
[2026-08-14T06:45:35.084+0000] {logging_mixin.py:190} INFO - [2026-08-14T06:45:35.084+0000] {dagbag.py:588} INFO - Filling up the DagBag from /opt/airflow/dags/weather_dag.py
[2026-08-14T06:45:35.092+0000] {processor.py:925} INFO - DAG(s) 'weather_ingestion' retrieved from /opt/airflow/dags/weather_dag.py
[2026-08-14T06:45:35.108+0000] {logging_mixin.py:190} INFO - [2026-08-14T06:45:35.108+0000] {dag.py:3239} INFO - Sync 1 DAGs
[2026-08-14T06:45:35.123+0000] {logging_mixin.py:190} INFO - [2026-08-14T06:45:35.123+0000] {dag.py:4180} INFO - Setting next_dagrun for weather_ingestion to 2026-08-14 06:00:00+00:00, run_after=2026-08-14 07:00:00+00:00
[2026-08-14T06:45:35.132+0000] {processor.py:208} INFO - Processing /opt/airflow/dags/weather_dag.py took 0.059 seconds
[2026-08-14T06:46:05.387+0000] {processor.py:186} INFO - Started process (PID=17222) to work on /opt/airflow/dags/weather_dag.py
[2026-08-14T06:46:05.389+0000] {processor.py:914} INFO - Processing file /opt/airflow/dags/weather_dag.py for tasks to queue
[2026-08-14T06:46:05.391+0000] {logging_mixin.py:190} INFO - [2026-08-14T06:46:05.391+0000] {dagbag.py:588} INFO - Filling up the DagBag from /opt/airflow/dags/weather_dag.py
[2026-08-14T06:46:05.402+0000] {processor.py:925} INFO - DAG(s) 'weather_ingestion' retrieved from /opt/airflow/dags/weather_dag.py
[2026-08-14T06:46:05.424+0000] {logging_mixin.py:190} INFO - [2026-08-14T06:46:05.424+0000] {dag.py:3239} INFO - Sync 1 DAGs
[2026-08-14T06:46:05.549+0000] {logging_mixin.py:190} INFO - [2026-08-14T06:46:05.549+0000] {dag.py:4180} INFO - Setting next_dagrun for weather_ingestion to 2026-08-14 06:00:00+00:00, run_after=2026-08-14 07:00:00+00:00
[2026-08-14T06:46:05.556+0000] {processor.py:208} INFO - Processing /opt/airflow/dags/weather_dag.py took 0.176 seconds
[2026-08-14T06:46:35.694+0000] {processor.py:186} INFO - Started process (PID=17227) to work on /opt/airflow/dags/weather_dag.py
[2026-08-14T06:46:35.697+0000] {processor.py:914} INFO - Processing file /opt/airflow/dags/weather_dag.py for tasks to queue
[2026-08-14T06:46:35.701+0000] {logging_mixin.py:190} INFO - [2026-08-14T06:46:35.700+0000] {dagbag.py:588} INFO - Filling up the DagBag from /opt/airflow/dags/weather_dag.py
[2026-08-14T06:46:35.716+0000] {processor.py:925} INFO - DAG(s) 'weather_ingestion' retrieved from /opt/airflow/dags/weather_dag.py
[2026-08-14T06:46:35.738+0000] {logging_mixin.py:190} INFO - [2026-08-14T06:46:35.738+0000] {dag.py:3239} INFO - Sync 1 DAGs
[2026-08-14T06:46:35.752+0000] {logging_mixin.py:190} INFO - [2026-08-14T06:46:35.752+0000] {dag.py:4180} INFO - Setting next_dagrun for weather_ingestion to 2026-08-14 06:00:00+00:00, run_after=2026-08-14 07:00:00+00:00
[2026-08-14T06:46:35.760+0000] {processor.py:208} INFO - Processing /opt/airflow/dags/weather_dag.py took 0.075 seconds
[2026-08-14T06:47:05.944+0000] {processor.py:186} INFO - Started process (PID=17232) to work on /opt/airflow/dags/weather_dag.py
[2026-08-14T06:47:05.946+0000] {processor.py:914} INFO - Processing file /opt/airflow/dags/weather_dag.py for tasks to queue
[2026-08-14T06:47:05.949+0000] {logging_mixin.py:190} INFO - [2026-08-14T06:47:05.948+0000] {dagbag.py:588} INFO - Filling up the DagBag from /opt/airflow/dags/weather_dag.py
[2026-08-14T06:47:05.959+0000] {processor.py:925} INFO - DAG(s) 'weather_ingestion' retrieved from /opt/airflow/dags/weather_dag.py
[2026-08-14T06:47:05.980+0000] {logging_mixin.py:190} INFO - [2026-08-14T06:47:05.980+0000] {dag.py:3239} INFO - Sync 1 DAGs
[2026-08-14T06:47:05.991+0000] {logging_mixin.py:190} INFO - [2026-08-14T06:47:05.991+0000] {dag.py:4180} INFO - Setting next_dagrun for weather_ingestion to 2026-08-14 06:00:00+00:00, run_after=2026-08-14 07:00:00+00:00
[2026-08-14T06:47:05.998+0000] {processor.py:208} INFO - Processing /opt/airflow/dags/weather_dag.py took 0.062 seconds
[2026-08-14T06:47:36.269+0000] {processor.py:186} INFO - Started process (PID=17237) to work on /opt/airflow/dags/weather_dag.py
[2026-08-14T06:47:36.271+0000] {processor.py:914} INFO - Processing file /opt/airflow/dags/weather_dag.py for tasks to queue
[2026-08-14T06:47:36.274+0000] {logging_mixin.py:190} INFO - [2026-08-14T06:47:36.273+0000] {dagbag.py:588} INFO - Filling up the DagBag from /opt/airflow/dags/weather_dag.py
[2026-08-14T06:47:36.284+0000] {processor.py:925} INFO - DAG(s) 'weather_ingestion' retrieved from /opt/airflow/dags/weather_dag.py
[2026-08-14T06:47:36.302+0000] {logging_mixin.py:190} INFO - [2026-08-14T06:47:36.302+0000] {dag.py:3239} INFO - Sync 1 DAGs
[2026-08-14T06:47:36.313+0000] {logging_mixin.py:190} INFO - [2026-08-14T06:47:36.313+0000] {dag.py:4180} INFO - Setting next_dagrun for weather_ingestion to 2026-08-14 06:00:00+00:00, run_after=2026-08-14 07:00:00+00:00
[2026-08-14T06:47:36.320+0000] {processor.py:208} INFO - Processing /opt/airflow/dags/weather_dag.py took 0.057 seconds
[2026-08-14T06:48:06.574+0000] {processor.py:186} INFO - Started process (PID=17242) to work on /opt/airflow/dags/weather_dag.py
[2026-08-14T06:48:06.576+0000] {processor.py:914} INFO - Processing file /opt/airflow/dags/weather_dag.py for tasks to queue
[2026-08-14T06:48:06.578+0000] {logging_mixin.py:190} INFO - [2026-08-14T06:48:06.578+0000] {dagbag.py:588} INFO - Filling up the DagBag from /opt/airflow/dags/weather_dag.py
[2026-08-14T06:48:06.588+0000] {processor.py:925} INFO - DAG(s) 'weather_ingestion' retrieved from /opt/airflow/dags/weather_dag.py
[2026-08-14T06:48:06.606+0000] {logging_mixin.py:190} INFO - [2026-08-14T06:48:06.606+0000] {dag.py:3239} INFO - Sync 1 DAGs
[2026-08-14T06:48:06.617+0000] {logging_mixin.py:190} INFO - [2026-08-14T06:48:06.617+0000] {dag.py:4180} INFO - Setting next_dagrun for weather_ingestion to 2026-08-14 06:00:00+00:00, run_after=2026-08-14 07:00:00+00:00
[2026-08-14T06:48:06.624+0000] {processor.py:208} INFO - Processing /opt/airflow/dags/weather_dag.py took 0.056 seconds
[2026-08-14T06:48:36.825+0000] {processor.py:186} INFO - Started process (PID=17247) to work on /opt/airflow/dags/weather_dag.py
[2026-08-14T06:48:36.832+0000] {processor.py:914} INFO - Processing file /opt/airflow/dags/weather_dag.py for tasks to queue
[2026-08-14T06:48:36.835+0000] {logging_mixin.py:190} INFO - [2026-08-14T06:48:36.834+0000] {dagbag.py:588} INFO - Filling up the DagBag from /opt/airflow/dags/weather_dag.py
[2026-08-14T06:48:36.847+0000] {processor.py:925} INFO - DAG(s) 'weather_ingestion' retrieved from /opt/airflow/dags/weather_dag.py
[2026-08-14T06:48:36.864+0000] {logging_mixin.py:190} INFO - [2026-08-14T06:48:36.864+0000] {dag.py:3239} INFO - Sync 1 DAGs
[2026-08-14T06:48:36.876+0000] {logging_mixin.py:190} INFO - [2026-08-14T06:48:36.876+0000] {dag.py:4180} INFO - Setting next_dagrun for weather_ingestion to 2026-08-14 06:00:00+00:00, run_after=2026-08-14 07:00:00+00:00
[2026-08-14T06:48:36.964+0000] {processor.py:208} INFO - Processing /opt/airflow/dags/weather_dag.py took 0.146 seconds
[2026-08-14T06:49:07.188+0000] {processor.py:186} INFO - Started process (PID=17252) to work on /opt/airflow/dags/weather_dag.py
[2026-08-14T06:49:07.190+0000] {processor.py:914} INFO - Processing file /opt/airflow/dags/weather_dag.py for tasks to queue
[2026-08-14T06:49:07.193+0000] {logging_mixin.py:190} INFO - [2026-08-14T06:49:07.192+0000] {dagbag.py:588} INFO - Filling up the DagBag from /opt/airflow/dags/weather_dag.py
[2026-08-14T06:49:07.209+0000] {processor.py:925} INFO - DAG(s) 'weather_ingestion' retrieved from /opt/airflow/dags/weather_dag.py
[2026-08-14T06:49:07.232+0000] {logging_mixin.py:190} INFO - [2026-08-14T06:49:07.232+0000] {dag.py:3239} INFO - Sync 1 DAGs
[2026-08-14T06:49:07.246+0000] {logging_mixin.py:190} INFO - [2026-08-14T06:49:07.246+0000] {dag.py:4180} INFO - Setting next_dagrun for weather_ingestion to 2026-08-14 06:00:00+00:00, run_after=2026-08-14 07:00:00+00:00
[2026-08-14T06:49:07.254+0000] {processor.py:208} INFO - Processing /opt/airflow/dags/weather_dag.py took 0.075 seconds
[2026-08-14T06:49:37.507+0000] {processor.py:186} INFO - Started process (PID=17257) to work on /opt/airflow/dags/weather_dag.py
[2026-08-14T06:49:37.509+0000] {processor.py:914} INFO - Processing file /opt/airflow/dags/weather_dag.py for tasks to queue
[2026-08-14T06:49:37.512+0000] {logging_mixin.py:190} INFO - [2026-08-14T06:49:37.512+0000] {dagbag.py:588} INFO - Filling up the DagBag from /opt/airflow/dags/weather_dag.py
[2026-08-14T06:49:37.526+0000] {processor.py:925} INFO - DAG(s) 'weather_ingestion' retrieved from /opt/airflow/dags/weather_dag.py
[2026-08-14T06:49:37.547+0000] {logging_mixin.py:190} INFO - [2026-08-14T06:49:37.547+0000] {dag.py:3239} INFO - Sync 1 DAGs
[2026-08-14T06:49:37.560+0000] {logging_mixin.py:190} INFO - [2026-08-14T06:49:37.560+0000] {dag.py:4180} INFO - Setting next_dagrun for weather_ingestion to 2026-08-14 06:00:00+00:00, run_after=2026-08-14 07:00:00+00:00
[2026-08-14T06:49:37.568+0000] {processor.py:208} INFO - Processing /opt/airflow/dags/weather_dag.py took 0.072 seconds
[2026-08-14T06:50:07.809+0000] {processor.py:186} INFO - Started process (PID=17262) to work on /opt/airflow/dags/weather_dag.py
[2026-08-14T06:50:07.812+0000] {processor.py:914} INFO - Processing file /opt/airflow/dags/weather_dag.py for tasks to queue
[2026-08-14T06:50:07.814+0000] {logging_mixin.py:190} INFO - [2026-08-14T06:50:07.813+0000] {dagbag.py:588} INFO - Filling up the DagBag from /opt/airflow/dags/weather_dag.py
[2026-08-14T06:50:07.824+0000] {processor.py:925} INFO - DAG(s) 'weather_ingestion' retrieved from /opt/airflow/dags/weather_dag.py
[2026-08-14T06:50:07.842+0000] {logging_mixin.py:190} INFO - [2026-08-14T06:50:07.841+0000] {dag.py:3239} INFO - Sync 1 DAGs
[2026-08-14T06:50:07.853+0000] {logging_mixin.py:190} INFO - [2026-08-14T06:50:07.853+0000] {dag.py:4180} INFO - Setting next_dagrun for weather_ingestion to 2026-08-14 06:00:00+00:00, run_after=2026-08-14 07:00:00+00:00
[2026-08-14T06:50:07.859+0000] {processor.py:208} INFO - Processing /opt/airflow/dags/weather_dag.py took 0.059 seconds
[2026-08-14T06:50:38.129+0000] {processor.py:186} INFO - Started process (PID=17267) to work on /opt/airflow/dags/weather_dag.py
[2026-08-14T06:50:38.131+0000] {processor.py:914} INFO - Processing file /opt/airflow/dags/weather_dag.py for tasks to queue
[2026-08-14T06:50:38.133+0000] {logging_mixin.py:190} INFO - [2026-08-14T06:50:38.133+0000] {dagbag.py:588} INFO - Filling up the DagBag from /opt/airflow/dags/weather_dag.py
[2026-08-14T06:50:38.144+0000] {processor.py:925} INFO - DAG(s) 'weather_ingestion' retrieved from /opt/airflow/dags/weather_dag.py
[2026-08-14T06:50:38.164+0000] {logging_mixin.py:190} INFO - [2026-08-14T06:50:38.164+0000] {dag.py:3239} INFO - Sync 1 DAGs
[2026-08-14T06:50:38.175+0000] {logging_mixin.py:190} INFO - [2026-08-14T06:50:38.175+0000] {dag.py:4180} INFO - Setting next_dagrun for weather_ingestion to 2026-08-14 06:00:00+00:00, run_after=2026-08-14 07:00:00+00:00
[2026-08-14T06:50:38.182+0000] {processor.py:208} INFO - Processing /opt/airflow/dags/weather_dag.py took 0.061 seconds
[2026-08-14T06:51:08.438+0000] {processor.py:186} INFO - Started process (PID=17272) to work on /opt/airflow/dags/weather_dag.py
[2026-08-14T06:51:08.439+0000] {processor.py:914} INFO - Processing file /opt/airflow/dags/weather_dag.py for tasks to queue
[2026-08-14T06:51:08.442+0000] {logging_mixin.py:190} INFO - [2026-08-14T06:51:08.441+0000] {dagbag.py:588} INFO - Filling up the DagBag from /opt/airflow/dags/weather_dag.py
[2026-08-14T06:51:08.453+0000] {processor.py:925} INFO - DAG(s) 'weather_ingestion' retrieved from /opt/airflow/dags/weather_dag.py
[2026-08-14T06:51:08.473+0000] {logging_mixin.py:190} INFO - [2026-08-14T06:51:08.473+0000] {dag.py:3239} INFO - Sync 1 DAGs
[2026-08-14T06:51:08.487+0000] {logging_mixin.py:190} INFO - [2026-08-14T06:51:08.487+0000] {dag.py:4180} INFO - Setting next_dagrun for weather_ingestion to 2026-08-14 06:00:00+00:00, run_after=2026-08-14 07:00:00+00:00
[2026-08-14T06:51:08.498+0000] {processor.py:208} INFO - Processing /opt/airflow/dags/weather_dag.py took 0.066 seconds
[2026-08-14T06:51:38.748+0000] {processor.py:186} INFO - Started process (PID=17277) to work on /opt/airflow/dags/weather_dag.py
[2026-08-14T06:51:38.750+0000] {processor.py:914} INFO - Processing file /opt/airflow/dags/weather_dag.py for tasks to queue
[2026-08-14T06:51:38.754+0000] {logging_mixin.py:190} INFO - [2026-08-14T06:51:38.753+0000] {dagbag.py:588} INFO - Filling up the DagBag from /opt/airflow/dags/weather_dag.py
[2026-08-14T06:51:38.762+0000] {processor.py:925} INFO - DAG(s) 'weather_ingestion' retrieved from /opt/airflow/dags/weather_dag.py
[2026-08-14T06:51:38.783+0000] {logging_mixin.py:190} INFO - [2026-08-14T06:51:38.783+0000] {dag.py:3239} INFO - Sync 1 DAGs
[2026-08-14T06:51:38.798+0000] {logging_mixin.py:190} INFO - [2026-08-14T06:51:38.798+0000] {dag.py:4180} INFO - Setting next_dagrun for weather_ingestion to 2026-08-14 06:00:00+00:00, run_after=2026-08-14 07:00:00+00:00
[2026-08-14T06:51:38.985+0000] {processor.py:208} INFO - Processing /opt/airflow/dags/weather_dag.py took 0.244 seconds
[2026-08-14T06:52:09.076+0000] {processor.py:186} INFO - Started process (PID=17282) to work on /opt/airflow/dags/weather_dag.py
[2026-08-14T06:52:09.077+0000] {processor.py:914} INFO - Processing file /opt/airflow/dags/weather_dag.py for tasks to queue
[2026-08-14T06:52:09.080+0000] {logging_mixin.py:190} INFO - [2026-08-14T06:52:09.080+0000] {dagbag.py:588} INFO - Filling up the DagBag from /opt/airflow/dags/weather_dag.py
[2026-08-14T06:52:09.090+0000] {processor.py:925} INFO - DAG(s) 'weather_ingestion' retrieved from /opt/airflow/dags/weather_dag.py
[2026-08-14T06:52:09.108+0000] {logging_mixin.py:190} INFO - [2026-08-14T06:52:09.108+0000] {dag.py:3239} INFO - Sync 1 DAGs
[2026-08-14T06:52:09.119+0000] {logging_mixin.py:190} INFO - [2026-08-14T06:52:09.119+0000] {dag.py:4180} INFO - Setting next_dagrun for weather_ingestion to 2026-08-14 06:00:00+00:00, run_after=2026-08-14 07:00:00+00:00
[2026-08-14T06:52:09.126+0000] {processor.py:208} INFO - Processing /opt/airflow/dags/weather_dag.py took 0.057 seconds
[2026-08-14T06:52:39.370+0000] {processor.py:186} INFO - Started process (PID=17287) to work on /opt/airflow/dags/weather_dag.py
[2026-08-14T06:52:39.373+0000] {processor.py:914} INFO - Processing file /opt/airflow/dags/weather_dag.py for tasks to queue
[2026-08-14T06:52:39.375+0000] {logging_mixin.py:190} INFO - [2026-08-14T06:52:39.375+0000] {dagbag.py:588} INFO - Filling up the DagBag from /opt/airflow/dags/weather_dag.py
[2026-08-14T06:52:39.385+0000] {processor.py:925} INFO - DAG(s) 'weather_ingestion' retrieved from /opt/airflow/dags/weather_dag.py
[2026-08-14T06:52:39.404+0000] {logging_mixin.py:190} INFO - [2026-08-14T06:52:39.404+0000] {dag.py:3239} INFO - Sync 1 DAGs
[2026-08-14T06:52:39.414+0000] {logging_mixin.py:190} INFO - [2026-08-14T06:52:39.414+0000] {dag.py:4180} INFO - Setting next_dagrun for weather_ingestion to 2026-08-14 06:00:00+00:00, run_after=2026-08-14 07:00:00+00:00
[2026-08-14T06:52:39.422+0000] {processor.py:208} INFO - Processing /opt/airflow/dags/weather_dag.py took 0.057 seconds
[2026-08-14T06:53:09.698+0000] {processor.py:186} INFO - Started process (PID=17292) to work on /opt/airflow/dags/weather_dag.py
[2026-08-14T06:53:09.699+0000] {processor.py:914} INFO - Processing file /opt/airflow/dags/weather_dag.py for tasks to queue
[2026-08-14T06:53:09.701+0000] {logging_mixin.py:190} INFO - [2026-08-14T06:53:09.701+0000] {dagbag.py:588} INFO - Filling up the DagBag from /opt/airflow/dags/weather_dag.py
[2026-08-14T06:53:09.710+0000] {processor.py:925} INFO - DAG(s) 'weather_ingestion' retrieved from /opt/airflow/dags/weather_dag.py
[2026-08-14T06:53:09.726+0000] {logging_mixin.py:190} INFO - [2026-08-14T06:53:09.726+0000] {dag.py:3239} INFO - Sync 1 DAGs
[2026-08-14T06:53:09.739+0000] {logging_mixin.py:190} INFO - [2026-08-14T06:53:09.739+0000] {dag.py:4180} INFO - Setting next_dagrun for weather_ingestion to 2026-08-14 06:00:00+00:00, run_after=2026-08-14 07:00:00+00:00
[2026-08-14T06:53:09.746+0000] {processor.py:208} INFO - Processing /opt/airflow/dags/weather_dag.py took 0.055 seconds
[2026-08-14T06:53:40.010+0000] {processor.py:186} INFO - Started process (PID=17297) to work on /opt/airflow/dags/weather_dag.py
[2026-08-14T06:53:40.011+0000] {processor.py:914} INFO - Processing file /opt/airflow/dags/weather_dag.py for tasks to queue
[2026-08-14T06:53:40.016+0000] {logging_mixin.py:190} INFO - [2026-08-14T06:53:40.015+0000] {dagbag.py:588} INFO - Filling up the DagBag from /opt/airflow/dags/weather_dag.py
[2026-08-14T06:53:40.033+0000] {processor.py:925} INFO - DAG(s) 'weather_ingestion' retrieved from /opt/airflow/dags/weather_dag.py
[2026-08-14T06:53:40.072+0000] {logging_mixin.py:190} INFO - [2026-08-14T06:53:40.072+0000] {dag.py:3239} INFO - Sync 1 DAGs
[2026-08-14T06:53:40.097+0000] {logging_mixin.py:190} INFO - [2026-08-14T06:53:40.097+0000] {dag.py:4180} INFO - Setting next_dagrun for weather_ingestion to 2026-08-14 06:00:00+00:00, run_after=2026-08-14 07:00:00+00:00
[2026-08-14T06:53:40.106+0000] {processor.py:208} INFO - Processing /opt/airflow/dags/weather_dag.py took 0.105 seconds
[2026-08-14T06:54:10.240+0000] {processor.py:186} INFO - Started process (PID=17302) to work on /opt/airflow/dags/weather_dag.py
[2026-08-14T06:54:10.241+0000] {processor.py:914} INFO - Processing file /opt/airflow/dags/weather_dag.py for tasks to queue
[2026-08-14T06:54:10.243+0000] {logging_mixin.py:190} INFO - [2026-08-14T06:54:10.242+0000] {dagbag.py:588} INFO - Filling up the DagBag from /opt/airflow/dags/weather_dag.py
[2026-08-14T06:54:10.252+0000] {processor.py:925} INFO - DAG(s) 'weather_ingestion' retrieved from /opt/airflow/dags/weather_dag.py
[2026-08-14T06:54:10.271+0000] {logging_mixin.py:190} INFO - [2026-08-14T06:54:10.271+0000] {dag.py:3239} INFO - Sync 1 DAGs
[2026-08-14T06:54:10.284+0000] {logging_mixin.py:190} INFO - [2026-08-14T06:54:10.284+0000] {dag.py:4180} INFO - Setting next_dagrun for weather_ingestion to 2026-08-14 06:00:00+00:00, run_after=2026-08-14 07:00:00+00:00
[2026-08-14T06:54:10.293+0000] {processor.py:208} INFO - Processing /opt/airflow/dags/weather_dag.py took 0.058 seconds
[2026-08-14T06:54:40.505+0000] {processor.py:186} INFO - Started process (PID=17307) to work on /opt/airflow/dags/weather_dag.py
[2026-08-14T06:54:40.509+0000] {processor.py:914} INFO - Processing file /opt/airflow/dags/weather_dag.py for tasks to queue
[2026-08-14T06:54:40.513+0000] {logging_mixin.py:190} INFO - [2026-08-14T06:54:40.512+0000] {dagbag.py:588} INFO - Filling up the DagBag from /opt/airflow/dags/weather_dag.py
[2026-08-14T06:54:40.526+0000] {processor.py:925} INFO - DAG(s) 'weather_ingestion' retrieved from /opt/airflow/dags/weather_dag.py
[2026-08-14T06:54:40.548+0000] {logging_mixin.py:190} INFO - [2026-08-14T06:54:40.548+0000] {dag.py:3239} INFO - Sync 1 DAGs
[2026-08-14T06:54:40.896+0000] {logging_mixin.py:190} INFO - [2026-08-14T06:54:40.896+0000] {dag.py:4180} INFO - Setting next_dagrun for weather_ingestion to 2026-08-14 06:00:00+00:00, run_after=2026-08-14 07:00:00+00:00
[2026-08-14T06:54:40.903+0000] {processor.py:208} INFO - Processing /opt/airflow/dags/weather_dag.py took 0.407 seconds
[2026-08-14T06:55:11.215+0000] {processor.py:186} INFO - Started process (PID=17312) to work on /opt/airflow/dags/weather_dag.py
[2026-08-14T06:55:11.219+0000] {processor.py:914} INFO - Processing file /opt/airflow/dags/weather_dag.py for tasks to queue
[2026-08-14T06:55:11.223+0000] {logging_mixin.py:190} INFO - [2026-08-14T06:55:11.221+0000] {dagbag.py:588} INFO - Filling up the DagBag from /opt/airflow/dags/weather_dag.py
[2026-08-14T06:55:11.241+0000] {processor.py:925} INFO - DAG(s) 'weather_ingestion' retrieved from /opt/airflow/dags/weather_dag.py
[2026-08-14T06:55:11.273+0000] {logging_mixin.py:190} INFO - [2026-08-14T06:55:11.273+0000] {dag.py:3239} INFO - Sync 1 DAGs
[2026-08-14T06:55:11.289+0000] {logging_mixin.py:190} INFO - [2026-08-14T06:55:11.289+0000] {dag.py:4180} INFO - Setting next_dagrun for weather_ingestion to 2026-08-14 06:00:00+00:00, run_after=2026-08-14 07:00:00+00:00
[2026-08-14T06:55:11.299+0000] {processor.py:208} INFO - Processing /opt/airflow/dags/weather_dag.py took 0.097 seconds
[2026-08-14T06:55:41.527+0000] {processor.py:186} INFO - Started process (PID=17317) to work on /opt/airflow/dags/weather_dag.py
[2026-08-14T06:55:41.531+0000] {processor.py:914} INFO - Processing file /opt/airflow/dags/weather_dag.py for tasks to queue
[2026-08-14T06:55:41.537+0000] {logging_mixin.py:190} INFO - [2026-08-14T06:55:41.536+0000] {dagbag.py:588} INFO - Filling up the DagBag from /opt/airflow/dags/weather_dag.py
[2026-08-14T06:55:41.558+0000] {processor.py:925} INFO - DAG(s) 'weather_ingestion' retrieved from /opt/airflow/dags/weather_dag.py
[2026-08-14T06:55:41.580+0000] {logging_mixin.py:190} INFO - [2026-08-14T06:55:41.580+0000] {dag.py:3239} INFO - Sync 1 DAGs
[2026-08-14T06:55:41.594+0000] {logging_mixin.py:190} INFO - [2026-08-14T06:55:41.594+0000] {dag.py:4180} INFO - Setting next_dagrun for weather_ingestion to 2026-08-14 06:00:00+00:00, run_after=2026-08-14 07:00:00+00:00
[2026-08-14T06:55:41.602+0000] {processor.py:208} INFO - Processing /opt/airflow/dags/weather_dag.py took 0.091 seconds
[2026-08-14T06:56:11.988+0000] {processor.py:186} INFO - Started process (PID=17322) to work on /opt/airflow/dags/weather_dag.py
[2026-08-14T06:56:11.992+0000] {processor.py:914} INFO - Processing file /opt/airflow/dags/weather_dag.py for tasks to queue
[2026-08-14T06:56:12.002+0000] {logging_mixin.py:190} INFO - [2026-08-14T06:56:12.001+0000] {dagbag.py:588} INFO - Filling up the DagBag from /opt/airflow/dags/weather_dag.py
[2026-08-14T06:56:12.055+0000] {processor.py:925} INFO - DAG(s) 'weather_ingestion' retrieved from /opt/airflow/dags/weather_dag.py
[2026-08-14T06:56:12.134+0000] {logging_mixin.py:190} INFO - [2026-08-14T06:56:12.133+0000] {dag.py:3239} INFO - Sync 1 DAGs
[2026-08-14T06:56:12.180+0000] {logging_mixin.py:190} INFO - [2026-08-14T06:56:12.179+0000] {dag.py:4180} INFO - Setting next_dagrun for weather_ingestion to 2026-08-14 06:00:00+00:00, run_after=2026-08-14 07:00:00+00:00
[2026-08-14T06:56:12.206+0000] {processor.py:208} INFO - Processing /opt/airflow/dags/weather_dag.py took 0.239 seconds
[2026-08-14T06:56:42.305+0000] {processor.py:186} INFO - Started process (PID=17327) to work on /opt/airflow/dags/weather_dag.py
[2026-08-14T06:56:42.308+0000] {processor.py:914} INFO - Processing file /opt/airflow/dags/weather_dag.py for tasks to queue
[2026-08-14T06:56:42.313+0000] {logging_mixin.py:190} INFO - [2026-08-14T06:56:42.312+0000] {dagbag.py:588} INFO - Filling up the DagBag from /opt/airflow/dags/weather_dag.py
[2026-08-14T06:56:42.331+0000] {processor.py:925} INFO - DAG(s) 'weather_ingestion' retrieved from /opt/airflow/dags/weather_dag.py
[2026-08-14T06:56:42.359+0000] {logging_mixin.py:190} INFO - [2026-08-14T06:56:42.358+0000] {dag.py:3239} INFO - Sync 1 DAGs
[2026-08-14T06:56:42.377+0000] {logging_mixin.py:190} INFO - [2026-08-14T06:56:42.376+0000] {dag.py:4180} INFO - Setting next_dagrun for weather_ingestion to 2026-08-14 06:00:00+00:00, run_after=2026-08-14 07:00:00+00:00
[2026-08-14T06:56:42.386+0000] {processor.py:208} INFO - Processing /opt/airflow/dags/weather_dag.py took 0.094 seconds
[2026-08-14T06:57:12.632+0000] {processor.py:186} INFO - Started process (PID=17332) to work on /opt/airflow/dags/weather_dag.py
[2026-08-14T06:57:12.635+0000] {processor.py:914} INFO - Processing file /opt/airflow/dags/weather_dag.py for tasks to queue
[2026-08-14T06:57:12.638+0000] {logging_mixin.py:190} INFO - [2026-08-14T06:57:12.638+0000] {dagbag.py:588} INFO - Filling up the DagBag from /opt/airflow/dags/weather_dag.py
[2026-08-14T06:57:12.649+0000] {processor.py:925} INFO - DAG(s) 'weather_ingestion' retrieved from /opt/airflow/dags/weather_dag.py
[2026-08-14T06:57:12.667+0000] {logging_mixin.py:190} INFO - [2026-08-14T06:57:12.667+0000] {dag.py:3239} INFO - Sync 1 DAGs
[2026-08-14T06:57:12.679+0000] {logging_mixin.py:190} INFO - [2026-08-14T06:57:12.679+0000] {dag.py:4180} INFO - Setting next_dagrun for weather_ingestion to 2026-08-14 06:00:00+00:00, run_after=2026-08-14 07:00:00+00:00
[2026-08-14T06:57:12.882+0000] {processor.py:208} INFO - Processing /opt/airflow/dags/weather_dag.py took 0.259 seconds
[2026-08-14T06:57:42.932+0000] {processor.py:186} INFO - Started process (PID=17337) to work on /opt/airflow/dags/weather_dag.py
[2026-08-14T06:57:42.934+0000] {processor.py:914} INFO - Processing file /opt/airflow/dags/weather_dag.py for tasks to queue
[2026-08-14T06:57:42.938+0000] {logging_mixin.py:190} INFO - [2026-08-14T06:57:42.937+0000] {dagbag.py:588} INFO - Filling up the DagBag from /opt/airflow/dags/weather_dag.py
[2026-08-14T06:57:42.953+0000] {processor.py:925} INFO - DAG(s) 'weather_ingestion' retrieved from /opt/airflow/dags/weather_dag.py
[2026-08-14T06:57:42.977+0000] {logging_mixin.py:190} INFO - [2026-08-14T06:57:42.977+0000] {dag.py:3239} INFO - Sync 1 DAGs
[2026-08-14T06:57:43.086+0000] {logging_mixin.py:190} INFO - [2026-08-14T06:57:43.086+0000] {dag.py:4180} INFO - Setting next_dagrun for weather_ingestion to 2026-08-14 06:00:00+00:00, run_after=2026-08-14 07:00:00+00:00
[2026-08-14T06:57:43.092+0000] {processor.py:208} INFO - Processing /opt/airflow/dags/weather_dag.py took 0.172 seconds
[2026-08-14T06:58:13.210+0000] {processor.py:186} INFO - Started process (PID=17342) to work on /opt/airflow/dags/weather_dag.py
[2026-08-14T06:58:13.212+0000] {processor.py:914} INFO - Processing file /opt/airflow/dags/weather_dag.py for tasks to queue
[2026-08-14T06:58:13.214+0000] {logging_mixin.py:190} INFO - [2026-08-14T06:58:13.214+0000] {dagbag.py:588} INFO - Filling up the DagBag from /opt/airflow/dags/weather_dag.py
[2026-08-14T06:58:13.228+0000] {processor.py:925} INFO - DAG(s) 'weather_ingestion' retrieved from /opt/airflow/dags/weather_dag.py
[2026-08-14T06:58:13.254+0000] {logging_mixin.py:190} INFO - [2026-08-14T06:58:13.254+0000] {dag.py:3239} INFO - Sync 1 DAGs
[2026-08-14T06:58:13.267+0000] {logging_mixin.py:190} INFO - [2026-08-14T06:58:13.267+0000] {dag.py:4180} INFO - Setting next_dagrun for weather_ingestion to 2026-08-14 06:00:00+00:00, run_after=2026-08-14 07:00:00+00:00
[2026-08-14T06:58:13.275+0000] {processor.py:208} INFO - Processing /opt/airflow/dags/weather_dag.py took 0.077 seconds
[2026-08-14T06:58:43.472+0000] {processor.py:186} INFO - Started process (PID=17347) to work on /opt/airflow/dags/weather_dag.py
[2026-08-14T06:58:43.474+0000] {processor.py:914} INFO - Processing file /opt/airflow/dags/weather_dag.py for tasks to queue
[2026-08-14T06:58:43.476+0000] {logging_mixin.py:190} INFO - [2026-08-14T06:58:43.475+0000] {dagbag.py:588} INFO - Filling up the DagBag from /opt/airflow/dags/weather_dag.py
[2026-08-14T06:58:43.486+0000] {processor.py:925} INFO - DAG(s) 'weather_ingestion' retrieved from /opt/airflow/dags/weather_dag.py
[2026-08-14T06:58:43.503+0000] {logging_mixin.py:190} INFO - [2026-08-14T06:58:43.502+0000] {dag.py:3239} INFO - Sync 1 DAGs
[2026-08-14T06:58:43.515+0000] {logging_mixin.py:190} INFO - [2026-08-14T06:58:43.515+0000] {dag.py:4180} INFO - Setting next_dagrun for weather_ingestion to 2026-08-14 06:00:00+00:00, run_after=2026-08-14 07:00:00+00:00
[2026-08-14T06:58:43.522+0000] {processor.py:208} INFO - Processing /opt/airflow/dags/weather_dag.py took 0.060 seconds
[2026-08-14T06:59:13.757+0000] {processor.py:186} INFO - Started process (PID=17352) to work on /opt/airflow/dags/weather_dag.py
[2026-08-14T06:59:13.759+0000] {processor.py:914} INFO - Processing file /opt/airflow/dags/weather_dag.py for tasks to queue
[2026-08-14T06:59:13.761+0000] {logging_mixin.py:190} INFO - [2026-08-14T06:59:13.761+0000] {dagbag.py:588} INFO - Filling up the DagBag from /opt/airflow/dags/weather_dag.py
[2026-08-14T06:59:13.775+0000] {processor.py:925} INFO - DAG(s) 'weather_ingestion' retrieved from /opt/airflow/dags/weather_dag.py
[2026-08-14T06:59:13.797+0000] {logging_mixin.py:190} INFO - [2026-08-14T06:59:13.797+0000] {dag.py:3239} INFO - Sync 1 DAGs
[2026-08-14T06:59:13.812+0000] {logging_mixin.py:190} INFO - [2026-08-14T06:59:13.811+0000] {dag.py:4180} INFO - Setting next_dagrun for weather_ingestion to 2026-08-14 06:00:00+00:00, run_after=2026-08-14 07:00:00+00:00
[2026-08-14T06:59:13.820+0000] {processor.py:208} INFO - Processing /opt/airflow/dags/weather_dag.py took 0.069 seconds
[2026-08-14T06:59:44.057+0000] {processor.py:186} INFO - Started process (PID=17357) to work on /opt/airflow/dags/weather_dag.py
[2026-08-14T06:59:44.058+0000] {processor.py:914} INFO - Processing file /opt/airflow/dags/weather_dag.py for tasks to queue
[2026-08-14T06:59:44.060+0000] {logging_mixin.py:190} INFO - [2026-08-14T06:59:44.060+0000] {dagbag.py:588} INFO - Filling up the DagBag from /opt/airflow/dags/weather_dag.py
[2026-08-14T06:59:44.069+0000] {processor.py:925} INFO - DAG(s) 'weather_ingestion' retrieved from /opt/airflow/dags/weather_dag.py
[2026-08-14T06:59:44.086+0000] {logging_mixin.py:190} INFO - [2026-08-14T06:59:44.086+0000] {dag.py:3239} INFO - Sync 1 DAGs
[2026-08-14T06:59:44.098+0000] {logging_mixin.py:190} INFO - [2026-08-14T06:59:44.098+0000] {dag.py:4180} INFO - Setting next_dagrun for weather_ingestion to 2026-08-14 06:00:00+00:00, run_after=2026-08-14 07:00:00+00:00
[2026-08-14T06:59:44.106+0000] {processor.py:208} INFO - Processing /opt/airflow/dags/weather_dag.py took 0.058 seconds
[2026-08-14T07:00:14.393+0000] {processor.py:186} INFO - Started process (PID=17367) to work on /opt/airflow/dags/weather_dag.py
[2026-08-14T07:00:14.396+0000] {processor.py:914} INFO - Processing file /opt/airflow/dags/weather_dag.py for tasks to queue
[2026-08-14T07:00:14.399+0000] {logging_mixin.py:190} INFO - [2026-08-14T07:00:14.399+0000] {dagbag.py:588} INFO - Filling up the DagBag from /opt/airflow/dags/weather_dag.py
[2026-08-14T07:00:14.412+0000] {processor.py:925} INFO - DAG(s) 'weather_ingestion' retrieved from /opt/airflow/dags/weather_dag.py
[2026-08-14T07:00:14.433+0000] {logging_mixin.py:190} INFO - [2026-08-14T07:00:14.433+0000] {dag.py:3239} INFO - Sync 1 DAGs
[2026-08-14T07:00:14.447+0000] {logging_mixin.py:190} INFO - [2026-08-14T07:00:14.447+0000] {dag.py:4180} INFO - Setting next_dagrun for weather_ingestion to 2026-08-14 07:00:00+00:00, run_after=2026-08-14 08:00:00+00:00
[2026-08-14T07:00:14.544+0000] {processor.py:208} INFO - Processing /opt/airflow/dags/weather_dag.py took 0.159 seconds
[2026-08-14T07:00:44.659+0000] {processor.py:186} INFO - Started process (PID=17372) to work on /opt/airflow/dags/weather_dag.py
[2026-08-14T07:00:44.661+0000] {processor.py:914} INFO - Processing file /opt/airflow/dags/weather_dag.py for tasks to queue
[2026-08-14T07:00:44.664+0000] {logging_mixin.py:190} INFO - [2026-08-14T07:00:44.663+0000] {dagbag.py:588} INFO - Filling up the DagBag from /opt/airflow/dags/weather_dag.py
[2026-08-14T07:00:44.673+0000] {processor.py:925} INFO - DAG(s) 'weather_ingestion' retrieved from /opt/airflow/dags/weather_dag.py
[2026-08-14T07:00:44.693+0000] {logging_mixin.py:190} INFO - [2026-08-14T07:00:44.693+0000] {dag.py:3239} INFO - Sync 1 DAGs
[2026-08-14T07:00:44.713+0000] {logging_mixin.py:190} INFO - [2026-08-14T07:00:44.713+0000] {dag.py:4180} INFO - Setting next_dagrun for weather_ingestion to 2026-08-14 07:00:00+00:00, run_after=2026-08-14 08:00:00+00:00
[2026-08-14T07:00:44.724+0000] {processor.py:208} INFO - Processing /opt/airflow/dags/weather_dag.py took 0.071 seconds
[2026-08-14T07:01:14.963+0000] {processor.py:186} INFO - Started process (PID=17377) to work on /opt/airflow/dags/weather_dag.py
[2026-08-14T07:01:14.966+0000] {processor.py:914} INFO - Processing file /opt/airflow/dags/weather_dag.py for tasks to queue
[2026-08-14T07:01:14.969+0000] {logging_mixin.py:190} INFO - [2026-08-14T07:01:14.968+0000] {dagbag.py:588} INFO - Filling up the DagBag from /opt/airflow/dags/weather_dag.py
[2026-08-14T07:01:14.980+0000] {processor.py:925} INFO - DAG(s) 'weather_ingestion' retrieved from /opt/airflow/dags/weather_dag.py
[2026-08-14T07:01:15.002+0000] {logging_mixin.py:190} INFO - [2026-08-14T07:01:15.002+0000] {dag.py:3239} INFO - Sync 1 DAGs
[2026-08-14T07:01:15.016+0000] {logging_mixin.py:190} INFO - [2026-08-14T07:01:15.016+0000] {dag.py:4180} INFO - Setting next_dagrun for weather_ingestion to 2026-08-14 07:00:00+00:00, run_after=2026-08-14 08:00:00+00:00
[2026-08-14T07:01:15.024+0000] {processor.py:208} INFO - Processing /opt/airflow/dags/weather_dag.py took 0.067 seconds
[2026-08-14T07:01:45.276+0000] {processor.py:186} INFO - Started process (PID=17382) to work on /opt/airflow/dags/weather_dag.py
[2026-08-14T07:01:45.279+0000] {processor.py:914} INFO - Processing file /opt/airflow/dags/weather_dag.py for tasks to queue
[2026-08-14T07:01:45.283+0000] {logging_mixin.py:190} INFO - [2026-08-14T07:01:45.282+0000] {dagbag.py:588} INFO - Filling up the DagBag from /opt/airflow/dags/weather_dag.py
[2026-08-14T07:01:45.300+0000] {processor.py:925} INFO - DAG(s) 'weather_ingestion' retrieved from /opt/airflow/dags/weather_dag.py
[2026-08-14T07:01:45.323+0000] {logging_mixin.py:190} INFO - [2026-08-14T07:01:45.323+0000] {dag.py:3239} INFO - Sync 1 DAGs
[2026-08-14T07:01:45.337+0000] {logging_mixin.py:190} INFO - [2026-08-14T07:01:45.337+0000] {dag.py:4180} INFO - Setting next_dagrun for weather_ingestion to 2026-08-14 07:00:00+00:00, run_after=2026-08-14 08:00:00+00:00
[2026-08-14T07:01:45.345+0000] {processor.py:208} INFO - Processing /opt/airflow/dags/weather_dag.py took 0.079 seconds
[2026-08-14T07:02:15.546+0000] {processor.py:186} INFO - Started process (PID=17656) to work on /opt/airflow/dags/weather_dag.py
[2026-08-14T07:02:15.547+0000] {processor.py:914} INFO - Processing file /opt/airflow/dags/weather_dag.py for tasks to queue
[2026-08-14T07:02:15.552+0000] {logging_mixin.py:190} INFO - [2026-08-14T07:02:15.551+0000] {dagbag.py:588} INFO - Filling up the DagBag from /opt/airflow/dags/weather_dag.py
[2026-08-14T07:02:15.572+0000] {processor.py:925} INFO - DAG(s) 'weather_ingestion' retrieved from /opt/airflow/dags/weather_dag.py
[2026-08-14T07:02:15.597+0000] {logging_mixin.py:190} INFO - [2026-08-14T07:02:15.597+0000] {dag.py:3239} INFO - Sync 1 DAGs
[2026-08-14T07:02:15.623+0000] {logging_mixin.py:190} INFO - [2026-08-14T07:02:15.623+0000] {dag.py:4180} INFO - Setting next_dagrun for weather_ingestion to 2026-08-14 07:00:00+00:00, run_after=2026-08-14 08:00:00+00:00
[2026-08-14T07:02:15.636+0000] {processor.py:208} INFO - Processing /opt/airflow/dags/weather_dag.py took 0.094 seconds
[2026-08-14T07:02:45.856+0000] {processor.py:186} INFO - Started process (PID=17792) to work on /opt/airflow/dags/weather_dag.py
[2026-08-14T07:02:45.860+0000] {processor.py:914} INFO - Processing file /opt/airflow/dags/weather_dag.py for tasks to queue
[2026-08-14T07:02:45.864+0000] {logging_mixin.py:190} INFO - [2026-08-14T07:02:45.864+0000] {dagbag.py:588} INFO - Filling up the DagBag from /opt/airflow/dags/weather_dag.py
[2026-08-14T07:02:45.887+0000] {processor.py:925} INFO - DAG(s) 'weather_ingestion' retrieved from /opt/airflow/dags/weather_dag.py
[2026-08-14T07:02:45.909+0000] {logging_mixin.py:190} INFO - [2026-08-14T07:02:45.909+0000] {dag.py:3239} INFO - Sync 1 DAGs
[2026-08-14T07:02:45.924+0000] {logging_mixin.py:190} INFO - [2026-08-14T07:02:45.924+0000] {dag.py:4180} INFO - Setting next_dagrun for weather_ingestion to 2026-08-14 07:00:00+00:00, run_after=2026-08-14 08:00:00+00:00
[2026-08-14T07:02:45.935+0000] {processor.py:208} INFO - Processing /opt/airflow/dags/weather_dag.py took 0.092 seconds
[2026-08-14T07:03:16.233+0000] {processor.py:186} INFO - Started process (PID=17797) to work on /opt/airflow/dags/weather_dag.py
[2026-08-14T07:03:16.236+0000] {processor.py:914} INFO - Processing file /opt/airflow/dags/weather_dag.py for tasks to queue
[2026-08-14T07:03:16.241+0000] {logging_mixin.py:190} INFO - [2026-08-14T07:03:16.240+0000] {dagbag.py:588} INFO - Filling up the DagBag from /opt/airflow/dags/weather_dag.py
[2026-08-14T07:03:16.261+0000] {processor.py:925} INFO - DAG(s) 'weather_ingestion' retrieved from /opt/airflow/dags/weather_dag.py
[2026-08-14T07:03:16.285+0000] {logging_mixin.py:190} INFO - [2026-08-14T07:03:16.285+0000] {dag.py:3239} INFO - Sync 1 DAGs
[2026-08-14T07:03:16.484+0000] {logging_mixin.py:190} INFO - [2026-08-14T07:03:16.484+0000] {dag.py:4180} INFO - Setting next_dagrun for weather_ingestion to 2026-08-14 07:00:00+00:00, run_after=2026-08-14 08:00:00+00:00
[2026-08-14T07:03:16.491+0000] {processor.py:208} INFO - Processing /opt/airflow/dags/weather_dag.py took 0.271 seconds
[2026-08-14T07:03:46.519+0000] {processor.py:186} INFO - Started process (PID=17802) to work on /opt/airflow/dags/weather_dag.py
[2026-08-14T07:03:46.521+0000] {processor.py:914} INFO - Processing file /opt/airflow/dags/weather_dag.py for tasks to queue
[2026-08-14T07:03:46.523+0000] {logging_mixin.py:190} INFO - [2026-08-14T07:03:46.523+0000] {dagbag.py:588} INFO - Filling up the DagBag from /opt/airflow/dags/weather_dag.py
[2026-08-14T07:03:46.535+0000] {processor.py:925} INFO - DAG(s) 'weather_ingestion' retrieved from /opt/airflow/dags/weather_dag.py
[2026-08-14T07:03:46.558+0000] {logging_mixin.py:190} INFO - [2026-08-14T07:03:46.558+0000] {dag.py:3239} INFO - Sync 1 DAGs
[2026-08-14T07:03:46.574+0000] {logging_mixin.py:190} INFO - [2026-08-14T07:03:46.573+0000] {dag.py:4180} INFO - Setting next_dagrun for weather_ingestion to 2026-08-14 07:00:00+00:00, run_after=2026-08-14 08:00:00+00:00
[2026-08-14T07:03:46.583+0000] {processor.py:208} INFO - Processing /opt/airflow/dags/weather_dag.py took 0.070 seconds
[2026-08-14T07:04:16.900+0000] {processor.py:186} INFO - Started process (PID=17807) to work on /opt/airflow/dags/weather_dag.py
[2026-08-14T07:04:16.907+0000] {processor.py:914} INFO - Processing file /opt/airflow/dags/weather_dag.py for tasks to queue
[2026-08-14T07:04:16.922+0000] {logging_mixin.py:190} INFO - [2026-08-14T07:04:16.921+0000] {dagbag.py:588} INFO - Filling up the DagBag from /opt/airflow/dags/weather_dag.py
[2026-08-14T07:04:16.941+0000] {processor.py:925} INFO - DAG(s) 'weather_ingestion' retrieved from /opt/airflow/dags/weather_dag.py
[2026-08-14T07:04:16.995+0000] {logging_mixin.py:190} INFO - [2026-08-14T07:04:16.995+0000] {dag.py:3239} INFO - Sync 1 DAGs
[2026-08-14T07:04:17.045+0000] {logging_mixin.py:190} INFO - [2026-08-14T07:04:17.045+0000] {dag.py:4180} INFO - Setting next_dagrun for weather_ingestion to 2026-08-14 07:00:00+00:00, run_after=2026-08-14 08:00:00+00:00
[2026-08-14T07:04:17.059+0000] {processor.py:208} INFO - Processing /opt/airflow/dags/weather_dag.py took 0.171 seconds
[2026-08-14T07:04:47.242+0000] {processor.py:186} INFO - Started process (PID=17812) to work on /opt/airflow/dags/weather_dag.py
[2026-08-14T07:04:47.243+0000] {processor.py:914} INFO - Processing file /opt/airflow/dags/weather_dag.py for tasks to queue
[2026-08-14T07:04:47.245+0000] {logging_mixin.py:190} INFO - [2026-08-14T07:04:47.245+0000] {dagbag.py:588} INFO - Filling up the DagBag from /opt/airflow/dags/weather_dag.py
[2026-08-14T07:04:47.255+0000] {processor.py:925} INFO - DAG(s) 'weather_ingestion' retrieved from /opt/airflow/dags/weather_dag.py
[2026-08-14T07:04:47.279+0000] {logging_mixin.py:190} INFO - [2026-08-14T07:04:47.279+0000] {dag.py:3239} INFO - Sync 1 DAGs
[2026-08-14T07:04:47.298+0000] {logging_mixin.py:190} INFO - [2026-08-14T07:04:47.298+0000] {dag.py:4180} INFO - Setting next_dagrun for weather_ingestion to 2026-08-14 07:00:00+00:00, run_after=2026-08-14 08:00:00+00:00
[2026-08-14T07:04:47.308+0000] {processor.py:208} INFO - Processing /opt/airflow/dags/weather_dag.py took 0.073 seconds
[2026-08-14T07:05:17.641+0000] {processor.py:186} INFO - Started process (PID=17817) to work on /opt/airflow/dags/weather_dag.py
[2026-08-14T07:05:17.643+0000] {processor.py:914} INFO - Processing file /opt/airflow/dags/weather_dag.py for tasks to queue
[2026-08-14T07:05:17.648+0000] {logging_mixin.py:190} INFO - [2026-08-14T07:05:17.647+0000] {dagbag.py:588} INFO - Filling up the DagBag from /opt/airflow/dags/weather_dag.py
[2026-08-14T07:05:17.669+0000] {processor.py:925} INFO - DAG(s) 'weather_ingestion' retrieved from /opt/airflow/dags/weather_dag.py
[2026-08-14T07:05:17.711+0000] {logging_mixin.py:190} INFO - [2026-08-14T07:05:17.711+0000] {dag.py:3239} INFO - Sync 1 DAGs
[2026-08-14T07:05:17.743+0000] {logging_mixin.py:190} INFO - [2026-08-14T07:05:17.743+0000] {dag.py:4180} INFO - Setting next_dagrun for weather_ingestion to 2026-08-14 07:00:00+00:00, run_after=2026-08-14 08:00:00+00:00
[2026-08-14T07:05:17.754+0000] {processor.py:208} INFO - Processing /opt/airflow/dags/weather_dag.py took 0.124 seconds
[2026-08-14T07:05:47.921+0000] {processor.py:186} INFO - Started process (PID=17822) to work on /opt/airflow/dags/weather_dag.py
[2026-08-14T07:05:47.923+0000] {processor.py:914} INFO - Processing file /opt/airflow/dags/weather_dag.py for tasks to queue
[2026-08-14T07:05:47.925+0000] {logging_mixin.py:190} INFO - [2026-08-14T07:05:47.925+0000] {dagbag.py:588} INFO - Filling up the DagBag from /opt/airflow/dags/weather_dag.py
[2026-08-14T07:05:47.934+0000] {processor.py:925} INFO - DAG(s) 'weather_ingestion' retrieved from /opt/airflow/dags/weather_dag.py
[2026-08-14T07:05:47.954+0000] {logging_mixin.py:190} INFO - [2026-08-14T07:05:47.954+0000] {dag.py:3239} INFO - Sync 1 DAGs
[2026-08-14T07:05:47.968+0000] {logging_mixin.py:190} INFO - [2026-08-14T07:05:47.968+0000] {dag.py:4180} INFO - Setting next_dagrun for weather_ingestion to 2026-08-14 07:00:00+00:00, run_after=2026-08-14 08:00:00+00:00
[2026-08-14T07:05:48.140+0000] {processor.py:208} INFO - Processing /opt/airflow/dags/weather_dag.py took 0.223 seconds
[2026-08-14T07:06:18.294+0000] {processor.py:186} INFO - Started process (PID=17827) to work on /opt/airflow/dags/weather_dag.py
[2026-08-14T07:06:18.295+0000] {processor.py:914} INFO - Processing file /opt/airflow/dags/weather_dag.py for tasks to queue
[2026-08-14T07:06:18.299+0000] {logging_mixin.py:190} INFO - [2026-08-14T07:06:18.298+0000] {dagbag.py:588} INFO - Filling up the DagBag from /opt/airflow/dags/weather_dag.py
[2026-08-14T07:06:18.315+0000] {processor.py:925} INFO - DAG(s) 'weather_ingestion' retrieved from /opt/airflow/dags/weather_dag.py
[2026-08-14T07:06:18.337+0000] {logging_mixin.py:190} INFO - [2026-08-14T07:06:18.337+0000] {dag.py:3239} INFO - Sync 1 DAGs
[2026-08-14T07:06:18.439+0000] {logging_mixin.py:190} INFO - [2026-08-14T07:06:18.439+0000] {dag.py:4180} INFO - Setting next_dagrun for weather_ingestion to 2026-08-14 07:00:00+00:00, run_after=2026-08-14 08:00:00+00:00
[2026-08-14T07:06:18.445+0000] {processor.py:208} INFO - Processing /opt/airflow/dags/weather_dag.py took 0.164 seconds
[2026-08-14T07:06:48.701+0000] {processor.py:186} INFO - Started process (PID=17832) to work on /opt/airflow/dags/weather_dag.py
[2026-08-14T07:06:48.703+0000] {processor.py:914} INFO - Processing file /opt/airflow/dags/weather_dag.py for tasks to queue
[2026-08-14T07:06:48.705+0000] {logging_mixin.py:190} INFO - [2026-08-14T07:06:48.705+0000] {dagbag.py:588} INFO - Filling up the DagBag from /opt/airflow/dags/weather_dag.py
[2026-08-14T07:06:48.716+0000] {processor.py:925} INFO - DAG(s) 'weather_ingestion' retrieved from /opt/airflow/dags/weather_dag.py
[2026-08-14T07:06:48.737+0000] {logging_mixin.py:190} INFO - [2026-08-14T07:06:48.737+0000] {dag.py:3239} INFO - Sync 1 DAGs
[2026-08-14T07:06:48.749+0000] {logging_mixin.py:190} INFO - [2026-08-14T07:06:48.749+0000] {dag.py:4180} INFO - Setting next_dagrun for weather_ingestion to 2026-08-14 07:00:00+00:00, run_after=2026-08-14 08:00:00+00:00
[2026-08-14T07:06:48.756+0000] {processor.py:208} INFO - Processing /opt/airflow/dags/weather_dag.py took 0.061 seconds
[2026-08-14T07:07:19.011+0000] {processor.py:186} INFO - Started process (PID=17837) to work on /opt/airflow/dags/weather_dag.py
[2026-08-14T07:07:19.013+0000] {processor.py:914} INFO - Processing file /opt/airflow/dags/weather_dag.py for tasks to queue
[2026-08-14T07:07:19.015+0000] {logging_mixin.py:190} INFO - [2026-08-14T07:07:19.015+0000] {dagbag.py:588} INFO - Filling up the DagBag from /opt/airflow/dags/weather_dag.py
[2026-08-14T07:07:19.026+0000] {processor.py:925} INFO - DAG(s) 'weather_ingestion' retrieved from /opt/airflow/dags/weather_dag.py
[2026-08-14T07:07:19.044+0000] {logging_mixin.py:190} INFO - [2026-08-14T07:07:19.044+0000] {dag.py:3239} INFO - Sync 1 DAGs
[2026-08-14T07:07:19.056+0000] {logging_mixin.py:190} INFO - [2026-08-14T07:07:19.056+0000] {dag.py:4180} INFO - Setting next_dagrun for weather_ingestion to 2026-08-14 07:00:00+00:00, run_after=2026-08-14 08:00:00+00:00
[2026-08-14T07:07:19.063+0000] {processor.py:208} INFO - Processing /opt/airflow/dags/weather_dag.py took 0.059 seconds
[2026-08-14T07:07:49.315+0000] {processor.py:186} INFO - Started process (PID=17842) to work on /opt/airflow/dags/weather_dag.py
[2026-08-14T07:07:49.317+0000] {processor.py:914} INFO - Processing file /opt/airflow/dags/weather_dag.py for tasks to queue
[2026-08-14T07:07:49.319+0000] {logging_mixin.py:190} INFO - [2026-08-14T07:07:49.319+0000] {dagbag.py:588} INFO - Filling up the DagBag from /opt/airflow/dags/weather_dag.py
[2026-08-14T07:07:49.331+0000] {processor.py:925} INFO - DAG(s) 'weather_ingestion' retrieved from /opt/airflow/dags/weather_dag.py
[2026-08-14T07:07:49.349+0000] {logging_mixin.py:190} INFO - [2026-08-14T07:07:49.349+0000] {dag.py:3239} INFO - Sync 1 DAGs
[2026-08-14T07:07:49.361+0000] {logging_mixin.py:190} INFO - [2026-08-14T07:07:49.361+0000] {dag.py:4180} INFO - Setting next_dagrun for weather_ingestion to 2026-08-14 07:00:00+00:00, run_after=2026-08-14 08:00:00+00:00
[2026-08-14T07:07:49.368+0000] {processor.py:208} INFO - Processing /opt/airflow/dags/weather_dag.py took 0.059 seconds
[2026-08-14T07:08:19.702+0000] {processor.py:186} INFO - Started process (PID=17847) to work on /opt/airflow/dags/weather_dag.py
[2026-08-14T07:08:19.704+0000] {processor.py:914} INFO - Processing file /opt/airflow/dags/weather_dag.py for tasks to queue
[2026-08-14T07:08:19.712+0000] {logging_mixin.py:190} INFO - [2026-08-14T07:08:19.711+0000] {dagbag.py:588} INFO - Filling up the DagBag from /opt/airflow/dags/weather_dag.py
[2026-08-14T07:08:19.738+0000] {processor.py:925} INFO - DAG(s) 'weather_ingestion' retrieved from /opt/airflow/dags/weather_dag.py
[2026-08-14T07:08:19.796+0000] {logging_mixin.py:190} INFO - [2026-08-14T07:08:19.796+0000] {dag.py:3239} INFO - Sync 1 DAGs
[2026-08-14T07:08:19.814+0000] {logging_mixin.py:190} INFO - [2026-08-14T07:08:19.814+0000] {dag.py:4180} INFO - Setting next_dagrun for weather_ingestion to 2026-08-14 07:00:00+00:00, run_after=2026-08-14 08:00:00+00:00
[2026-08-14T07:08:19.825+0000] {processor.py:208} INFO - Processing /opt/airflow/dags/weather_dag.py took 0.134 seconds
[2026-08-14T07:08:50.014+0000] {processor.py:186} INFO - Started process (PID=17852) to work on /opt/airflow/dags/weather_dag.py
[2026-08-14T07:08:50.016+0000] {processor.py:914} INFO - Processing file /opt/airflow/dags/weather_dag.py for tasks to queue
[2026-08-14T07:08:50.018+0000] {logging_mixin.py:190} INFO - [2026-08-14T07:08:50.018+0000] {dagbag.py:588} INFO - Filling up the DagBag from /opt/airflow/dags/weather_dag.py
[2026-08-14T07:08:50.029+0000] {processor.py:925} INFO - DAG(s) 'weather_ingestion' retrieved from /opt/airflow/dags/weather_dag.py
[2026-08-14T07:08:50.050+0000] {logging_mixin.py:190} INFO - [2026-08-14T07:08:50.050+0000] {dag.py:3239} INFO - Sync 1 DAGs
[2026-08-14T07:08:50.062+0000] {logging_mixin.py:190} INFO - [2026-08-14T07:08:50.062+0000] {dag.py:4180} INFO - Setting next_dagrun for weather_ingestion to 2026-08-14 07:00:00+00:00, run_after=2026-08-14 08:00:00+00:00
[2026-08-14T07:08:50.242+0000] {processor.py:208} INFO - Processing /opt/airflow/dags/weather_dag.py took 0.238 seconds
[2026-08-14T07:09:20.355+0000] {processor.py:186} INFO - Started process (PID=17857) to work on /opt/airflow/dags/weather_dag.py
[2026-08-14T07:09:20.357+0000] {processor.py:914} INFO - Processing file /opt/airflow/dags/weather_dag.py for tasks to queue
[2026-08-14T07:09:20.360+0000] {logging_mixin.py:190} INFO - [2026-08-14T07:09:20.359+0000] {dagbag.py:588} INFO - Filling up the DagBag from /opt/airflow/dags/weather_dag.py
[2026-08-14T07:09:20.372+0000] {processor.py:925} INFO - DAG(s) 'weather_ingestion' retrieved from /opt/airflow/dags/weather_dag.py
[2026-08-14T07:09:20.395+0000] {logging_mixin.py:190} INFO - [2026-08-14T07:09:20.395+0000] {dag.py:3239} INFO - Sync 1 DAGs
[2026-08-14T07:09:20.499+0000] {logging_mixin.py:190} INFO - [2026-08-14T07:09:20.499+0000] {dag.py:4180} INFO - Setting next_dagrun for weather_ingestion to 2026-08-14 07:00:00+00:00, run_after=2026-08-14 08:00:00+00:00
[2026-08-14T07:09:20.507+0000] {processor.py:208} INFO - Processing /opt/airflow/dags/weather_dag.py took 0.159 seconds
[2026-08-14T07:09:50.773+0000] {processor.py:186} INFO - Started process (PID=17862) to work on /opt/airflow/dags/weather_dag.py
[2026-08-14T07:09:50.775+0000] {processor.py:914} INFO - Processing file /opt/airflow/dags/weather_dag.py for tasks to queue
[2026-08-14T07:09:50.778+0000] {logging_mixin.py:190} INFO - [2026-08-14T07:09:50.778+0000] {dagbag.py:588} INFO - Filling up the DagBag from /opt/airflow/dags/weather_dag.py
[2026-08-14T07:09:50.794+0000] {processor.py:925} INFO - DAG(s) 'weather_ingestion' retrieved from /opt/airflow/dags/weather_dag.py
[2026-08-14T07:09:50.816+0000] {logging_mixin.py:190} INFO - [2026-08-14T07:09:50.816+0000] {dag.py:3239} INFO - Sync 1 DAGs
[2026-08-14T07:09:50.829+0000] {logging_mixin.py:190} INFO - [2026-08-14T07:09:50.829+0000] {dag.py:4180} INFO - Setting next_dagrun for weather_ingestion to 2026-08-14 07:00:00+00:00, run_after=2026-08-14 08:00:00+00:00
[2026-08-14T07:09:50.837+0000] {processor.py:208} INFO - Processing /opt/airflow/dags/weather_dag.py took 0.072 seconds
[2026-08-14T07:10:21.067+0000] {processor.py:186} INFO - Started process (PID=17867) to work on /opt/airflow/dags/weather_dag.py
[2026-08-14T07:10:21.070+0000] {processor.py:914} INFO - Processing file /opt/airflow/dags/weather_dag.py for tasks to queue
[2026-08-14T07:10:21.072+0000] {logging_mixin.py:190} INFO - [2026-08-14T07:10:21.072+0000] {dagbag.py:588} INFO - Filling up the DagBag from /opt/airflow/dags/weather_dag.py
[2026-08-14T07:10:21.086+0000] {processor.py:925} INFO - DAG(s) 'weather_ingestion' retrieved from /opt/airflow/dags/weather_dag.py
[2026-08-14T07:10:21.105+0000] {logging_mixin.py:190} INFO - [2026-08-14T07:10:21.105+0000] {dag.py:3239} INFO - Sync 1 DAGs
[2026-08-14T07:10:21.118+0000] {logging_mixin.py:190} INFO - [2026-08-14T07:10:21.118+0000] {dag.py:4180} INFO - Setting next_dagrun for weather_ingestion to 2026-08-14 07:00:00+00:00, run_after=2026-08-14 08:00:00+00:00
[2026-08-14T07:10:21.126+0000] {processor.py:208} INFO - Processing /opt/airflow/dags/weather_dag.py took 0.067 seconds
[2026-08-14T07:10:51.380+0000] {processor.py:186} INFO - Started process (PID=17872) to work on /opt/airflow/dags/weather_dag.py
[2026-08-14T07:10:51.382+0000] {processor.py:914} INFO - Processing file /opt/airflow/dags/weather_dag.py for tasks to queue
[2026-08-14T07:10:51.384+0000] {logging_mixin.py:190} INFO - [2026-08-14T07:10:51.384+0000] {dagbag.py:588} INFO - Filling up the DagBag from /opt/airflow/dags/weather_dag.py
[2026-08-14T07:10:51.395+0000] {processor.py:925} INFO - DAG(s) 'weather_ingestion' retrieved from /opt/airflow/dags/weather_dag.py
[2026-08-14T07:10:51.413+0000] {logging_mixin.py:190} INFO - [2026-08-14T07:10:51.413+0000] {dag.py:3239} INFO - Sync 1 DAGs
[2026-08-14T07:10:51.426+0000] {logging_mixin.py:190} INFO - [2026-08-14T07:10:51.426+0000] {dag.py:4180} INFO - Setting next_dagrun for weather_ingestion to 2026-08-14 07:00:00+00:00, run_after=2026-08-14 08:00:00+00:00
[2026-08-14T07:10:51.433+0000] {processor.py:208} INFO - Processing /opt/airflow/dags/weather_dag.py took 0.060 seconds
[2026-08-14T07:11:21.731+0000] {processor.py:186} INFO - Started process (PID=17877) to work on /opt/airflow/dags/weather_dag.py
[2026-08-14T07:11:21.734+0000] {processor.py:914} INFO - Processing file /opt/airflow/dags/weather_dag.py for tasks to queue
[2026-08-14T07:11:21.738+0000] {logging_mixin.py:190} INFO - [2026-08-14T07:11:21.737+0000] {dagbag.py:588} INFO - Filling up the DagBag from /opt/airflow/dags/weather_dag.py
[2026-08-14T07:11:21.760+0000] {processor.py:925} INFO - DAG(s) 'weather_ingestion' retrieved from /opt/airflow/dags/weather_dag.py
[2026-08-14T07:11:21.792+0000] {logging_mixin.py:190} INFO - [2026-08-14T07:11:21.792+0000] {dag.py:3239} INFO - Sync 1 DAGs
[2026-08-14T07:11:21.834+0000] {logging_mixin.py:190} INFO - [2026-08-14T07:11:21.833+0000] {dag.py:4180} INFO - Setting next_dagrun for weather_ingestion to 2026-08-14 07:00:00+00:00, run_after=2026-08-14 08:00:00+00:00
[2026-08-14T07:11:22.032+0000] {processor.py:208} INFO - Processing /opt/airflow/dags/weather_dag.py took 0.314 seconds
[2026-08-14T07:11:52.324+0000] {processor.py:186} INFO - Started process (PID=17882) to work on /opt/airflow/dags/weather_dag.py
[2026-08-14T07:11:52.326+0000] {processor.py:914} INFO - Processing file /opt/airflow/dags/weather_dag.py for tasks to queue
[2026-08-14T07:11:52.329+0000] {logging_mixin.py:190} INFO - [2026-08-14T07:11:52.328+0000] {dagbag.py:588} INFO - Filling up the DagBag from /opt/airflow/dags/weather_dag.py
[2026-08-14T07:11:52.339+0000] {processor.py:925} INFO - DAG(s) 'weather_ingestion' retrieved from /opt/airflow/dags/weather_dag.py
[2026-08-14T07:11:52.358+0000] {logging_mixin.py:190} INFO - [2026-08-14T07:11:52.358+0000] {dag.py:3239} INFO - Sync 1 DAGs
[2026-08-14T07:11:52.456+0000] {logging_mixin.py:190} INFO - [2026-08-14T07:11:52.456+0000] {dag.py:4180} INFO - Setting next_dagrun for weather_ingestion to 2026-08-14 07:00:00+00:00, run_after=2026-08-14 08:00:00+00:00
[2026-08-14T07:11:52.462+0000] {processor.py:208} INFO - Processing /opt/airflow/dags/weather_dag.py took 0.145 seconds
[2026-08-14T07:12:22.626+0000] {processor.py:186} INFO - Started process (PID=17887) to work on /opt/airflow/dags/weather_dag.py
[2026-08-14T07:12:22.627+0000] {processor.py:914} INFO - Processing file /opt/airflow/dags/weather_dag.py for tasks to queue
[2026-08-14T07:12:22.632+0000] {logging_mixin.py:190} INFO - [2026-08-14T07:12:22.631+0000] {dagbag.py:588} INFO - Filling up the DagBag from /opt/airflow/dags/weather_dag.py
[2026-08-14T07:12:22.649+0000] {processor.py:925} INFO - DAG(s) 'weather_ingestion' retrieved from /opt/airflow/dags/weather_dag.py
[2026-08-14T07:12:22.674+0000] {logging_mixin.py:190} INFO - [2026-08-14T07:12:22.674+0000] {dag.py:3239} INFO - Sync 1 DAGs
[2026-08-14T07:12:22.689+0000] {logging_mixin.py:190} INFO - [2026-08-14T07:12:22.689+0000] {dag.py:4180} INFO - Setting next_dagrun for weather_ingestion to 2026-08-14 07:00:00+00:00, run_after=2026-08-14 08:00:00+00:00
[2026-08-14T07:12:22.697+0000] {processor.py:208} INFO - Processing /opt/airflow/dags/weather_dag.py took 0.083 seconds
[2026-08-14T07:12:52.921+0000] {processor.py:186} INFO - Started process (PID=17892) to work on /opt/airflow/dags/weather_dag.py
[2026-08-14T07:12:52.923+0000] {processor.py:914} INFO - Processing file /opt/airflow/dags/weather_dag.py for tasks to queue
[2026-08-14T07:12:52.924+0000] {logging_mixin.py:190} INFO - [2026-08-14T07:12:52.924+0000] {dagbag.py:588} INFO - Filling up the DagBag from /opt/airflow/dags/weather_dag.py
[2026-08-14T07:12:52.930+0000] {processor.py:925} INFO - DAG(s) 'weather_ingestion' retrieved from /opt/airflow/dags/weather_dag.py
[2026-08-14T07:12:52.946+0000] {logging_mixin.py:190} INFO - [2026-08-14T07:12:52.946+0000] {dag.py:3239} INFO - Sync 1 DAGs
[2026-08-14T07:12:52.961+0000] {logging_mixin.py:190} INFO - [2026-08-14T07:12:52.961+0000] {dag.py:4180} INFO - Setting next_dagrun for weather_ingestion to 2026-08-14 07:00:00+00:00, run_after=2026-08-14 08:00:00+00:00
[2026-08-14T07:12:52.970+0000] {processor.py:208} INFO - Processing /opt/airflow/dags/weather_dag.py took 0.053 seconds
[2026-08-14T07:13:23.270+0000] {processor.py:186} INFO - Started process (PID=17897) to work on /opt/airflow/dags/weather_dag.py
[2026-08-14T07:13:23.272+0000] {processor.py:914} INFO - Processing file /opt/airflow/dags/weather_dag.py for tasks to queue
[2026-08-14T07:13:23.274+0000] {logging_mixin.py:190} INFO - [2026-08-14T07:13:23.274+0000] {dagbag.py:588} INFO - Filling up the DagBag from /opt/airflow/dags/weather_dag.py
[2026-08-14T07:13:23.285+0000] {processor.py:925} INFO - DAG(s) 'weather_ingestion' retrieved from /opt/airflow/dags/weather_dag.py
[2026-08-14T07:13:23.303+0000] {logging_mixin.py:190} INFO - [2026-08-14T07:13:23.302+0000] {dag.py:3239} INFO - Sync 1 DAGs
[2026-08-14T07:13:23.314+0000] {logging_mixin.py:190} INFO - [2026-08-14T07:13:23.313+0000] {dag.py:4180} INFO - Setting next_dagrun for weather_ingestion to 2026-08-14 07:00:00+00:00, run_after=2026-08-14 08:00:00+00:00
[2026-08-14T07:13:23.321+0000] {processor.py:208} INFO - Processing /opt/airflow/dags/weather_dag.py took 0.060 seconds
[2026-08-14T07:13:53.567+0000] {processor.py:186} INFO - Started process (PID=17902) to work on /opt/airflow/dags/weather_dag.py
[2026-08-14T07:13:53.568+0000] {processor.py:914} INFO - Processing file /opt/airflow/dags/weather_dag.py for tasks to queue
[2026-08-14T07:13:53.571+0000] {logging_mixin.py:190} INFO - [2026-08-14T07:13:53.570+0000] {dagbag.py:588} INFO - Filling up the DagBag from /opt/airflow/dags/weather_dag.py
[2026-08-14T07:13:53.580+0000] {processor.py:925} INFO - DAG(s) 'weather_ingestion' retrieved from /opt/airflow/dags/weather_dag.py
[2026-08-14T07:13:53.602+0000] {logging_mixin.py:190} INFO - [2026-08-14T07:13:53.601+0000] {dag.py:3239} INFO - Sync 1 DAGs
[2026-08-14T07:13:53.614+0000] {logging_mixin.py:190} INFO - [2026-08-14T07:13:53.614+0000] {dag.py:4180} INFO - Setting next_dagrun for weather_ingestion to 2026-08-14 07:00:00+00:00, run_after=2026-08-14 08:00:00+00:00
[2026-08-14T07:13:53.621+0000] {processor.py:208} INFO - Processing /opt/airflow/dags/weather_dag.py took 0.060 seconds
[2026-08-14T07:14:23.897+0000] {processor.py:186} INFO - Started process (PID=17907) to work on /opt/airflow/dags/weather_dag.py
[2026-08-14T07:14:23.899+0000] {processor.py:914} INFO - Processing file /opt/airflow/dags/weather_dag.py for tasks to queue
[2026-08-14T07:14:23.901+0000] {logging_mixin.py:190} INFO - [2026-08-14T07:14:23.901+0000] {dagbag.py:588} INFO - Filling up the DagBag from /opt/airflow/dags/weather_dag.py
[2026-08-14T07:14:23.912+0000] {processor.py:925} INFO - DAG(s) 'weather_ingestion' retrieved from /opt/airflow/dags/weather_dag.py
[2026-08-14T07:14:23.931+0000] {logging_mixin.py:190} INFO - [2026-08-14T07:14:23.931+0000] {dag.py:3239} INFO - Sync 1 DAGs
[2026-08-14T07:14:23.943+0000] {logging_mixin.py:190} INFO - [2026-08-14T07:14:23.943+0000] {dag.py:4180} INFO - Setting next_dagrun for weather_ingestion to 2026-08-14 07:00:00+00:00, run_after=2026-08-14 08:00:00+00:00
[2026-08-14T07:14:24.140+0000] {processor.py:208} INFO - Processing /opt/airflow/dags/weather_dag.py took 0.251 seconds
[2026-08-14T07:14:54.219+0000] {processor.py:186} INFO - Started process (PID=17912) to work on /opt/airflow/dags/weather_dag.py
[2026-08-14T07:14:54.222+0000] {processor.py:914} INFO - Processing file /opt/airflow/dags/weather_dag.py for tasks to queue
[2026-08-14T07:14:54.226+0000] {logging_mixin.py:190} INFO - [2026-08-14T07:14:54.225+0000] {dagbag.py:588} INFO - Filling up the DagBag from /opt/airflow/dags/weather_dag.py
[2026-08-14T07:14:54.242+0000] {processor.py:925} INFO - DAG(s) 'weather_ingestion' retrieved from /opt/airflow/dags/weather_dag.py
[2026-08-14T07:14:54.268+0000] {logging_mixin.py:190} INFO - [2026-08-14T07:14:54.268+0000] {dag.py:3239} INFO - Sync 1 DAGs
[2026-08-14T07:14:54.415+0000] {logging_mixin.py:190} INFO - [2026-08-14T07:14:54.415+0000] {dag.py:4180} INFO - Setting next_dagrun for weather_ingestion to 2026-08-14 07:00:00+00:00, run_after=2026-08-14 08:00:00+00:00
[2026-08-14T07:14:54.421+0000] {processor.py:208} INFO - Processing /opt/airflow/dags/weather_dag.py took 0.214 seconds
[2026-08-14T07:15:24.740+0000] {processor.py:186} INFO - Started process (PID=17917) to work on /opt/airflow/dags/weather_dag.py
[2026-08-14T07:15:24.741+0000] {processor.py:914} INFO - Processing file /opt/airflow/dags/weather_dag.py for tasks to queue
[2026-08-14T07:15:24.743+0000] {logging_mixin.py:190} INFO - [2026-08-14T07:15:24.742+0000] {dagbag.py:588} INFO - Filling up the DagBag from /opt/airflow/dags/weather_dag.py
[2026-08-14T07:15:24.752+0000] {processor.py:925} INFO - DAG(s) 'weather_ingestion' retrieved from /opt/airflow/dags/weather_dag.py
[2026-08-14T07:15:24.769+0000] {logging_mixin.py:190} INFO - [2026-08-14T07:15:24.769+0000] {dag.py:3239} INFO - Sync 1 DAGs
[2026-08-14T07:15:24.781+0000] {logging_mixin.py:190} INFO - [2026-08-14T07:15:24.781+0000] {dag.py:4180} INFO - Setting next_dagrun for weather_ingestion to 2026-08-14 07:00:00+00:00, run_after=2026-08-14 08:00:00+00:00
[2026-08-14T07:15:24.789+0000] {processor.py:208} INFO - Processing /opt/airflow/dags/weather_dag.py took 0.054 seconds
[2026-08-14T07:15:55.063+0000] {processor.py:186} INFO - Started process (PID=17922) to work on /opt/airflow/dags/weather_dag.py
[2026-08-14T07:15:55.064+0000] {processor.py:914} INFO - Processing file /opt/airflow/dags/weather_dag.py for tasks to queue
[2026-08-14T07:15:55.067+0000] {logging_mixin.py:190} INFO - [2026-08-14T07:15:55.067+0000] {dagbag.py:588} INFO - Filling up the DagBag from /opt/airflow/dags/weather_dag.py
[2026-08-14T07:15:55.079+0000] {processor.py:925} INFO - DAG(s) 'weather_ingestion' retrieved from /opt/airflow/dags/weather_dag.py
[2026-08-14T07:15:55.100+0000] {logging_mixin.py:190} INFO - [2026-08-14T07:15:55.099+0000] {dag.py:3239} INFO - Sync 1 DAGs
[2026-08-14T07:15:55.112+0000] {logging_mixin.py:190} INFO - [2026-08-14T07:15:55.111+0000] {dag.py:4180} INFO - Setting next_dagrun for weather_ingestion to 2026-08-14 07:00:00+00:00, run_after=2026-08-14 08:00:00+00:00
[2026-08-14T07:15:55.119+0000] {processor.py:208} INFO - Processing /opt/airflow/dags/weather_dag.py took 0.063 seconds
[2026-08-14T07:16:25.357+0000] {processor.py:186} INFO - Started process (PID=17927) to work on /opt/airflow/dags/weather_dag.py
[2026-08-14T07:16:25.359+0000] {processor.py:914} INFO - Processing file /opt/airflow/dags/weather_dag.py for tasks to queue
[2026-08-14T07:16:25.362+0000] {logging_mixin.py:190} INFO - [2026-08-14T07:16:25.362+0000] {dagbag.py:588} INFO - Filling up the DagBag from /opt/airflow/dags/weather_dag.py
[2026-08-14T07:16:25.372+0000] {processor.py:925} INFO - DAG(s) 'weather_ingestion' retrieved from /opt/airflow/dags/weather_dag.py
[2026-08-14T07:16:25.391+0000] {logging_mixin.py:190} INFO - [2026-08-14T07:16:25.391+0000] {dag.py:3239} INFO - Sync 1 DAGs
[2026-08-14T07:16:25.402+0000] {logging_mixin.py:190} INFO - [2026-08-14T07:16:25.402+0000] {dag.py:4180} INFO - Setting next_dagrun for weather_ingestion to 2026-08-14 07:00:00+00:00, run_after=2026-08-14 08:00:00+00:00
[2026-08-14T07:16:25.409+0000] {processor.py:208} INFO - Processing /opt/airflow/dags/weather_dag.py took 0.059 seconds
[2026-08-14T07:16:55.692+0000] {processor.py:186} INFO - Started process (PID=17932) to work on /opt/airflow/dags/weather_dag.py
[2026-08-14T07:16:55.694+0000] {processor.py:914} INFO - Processing file /opt/airflow/dags/weather_dag.py for tasks to queue
[2026-08-14T07:16:55.697+0000] {logging_mixin.py:190} INFO - [2026-08-14T07:16:55.696+0000] {dagbag.py:588} INFO - Filling up the DagBag from /opt/airflow/dags/weather_dag.py
[2026-08-14T07:16:55.707+0000] {processor.py:925} INFO - DAG(s) 'weather_ingestion' retrieved from /opt/airflow/dags/weather_dag.py
[2026-08-14T07:16:55.735+0000] {logging_mixin.py:190} INFO - [2026-08-14T07:16:55.735+0000] {dag.py:3239} INFO - Sync 1 DAGs
[2026-08-14T07:16:55.748+0000] {logging_mixin.py:190} INFO - [2026-08-14T07:16:55.748+0000] {dag.py:4180} INFO - Setting next_dagrun for weather_ingestion to 2026-08-14 07:00:00+00:00, run_after=2026-08-14 08:00:00+00:00
[2026-08-14T07:16:55.756+0000] {processor.py:208} INFO - Processing /opt/airflow/dags/weather_dag.py took 0.071 seconds
[2026-08-14T07:17:26.001+0000] {processor.py:186} INFO - Started process (PID=17937) to work on /opt/airflow/dags/weather_dag.py
[2026-08-14T07:17:26.003+0000] {processor.py:914} INFO - Processing file /opt/airflow/dags/weather_dag.py for tasks to queue
[2026-08-14T07:17:26.007+0000] {logging_mixin.py:190} INFO - [2026-08-14T07:17:26.007+0000] {dagbag.py:588} INFO - Filling up the DagBag from /opt/airflow/dags/weather_dag.py
[2026-08-14T07:17:26.021+0000] {processor.py:925} INFO - DAG(s) 'weather_ingestion' retrieved from /opt/airflow/dags/weather_dag.py
[2026-08-14T07:17:26.047+0000] {logging_mixin.py:190} INFO - [2026-08-14T07:17:26.047+0000] {dag.py:3239} INFO - Sync 1 DAGs
[2026-08-14T07:17:26.071+0000] {logging_mixin.py:190} INFO - [2026-08-14T07:17:26.071+0000] {dag.py:4180} INFO - Setting next_dagrun for weather_ingestion to 2026-08-14 07:00:00+00:00, run_after=2026-08-14 08:00:00+00:00
[2026-08-14T07:17:26.270+0000] {processor.py:208} INFO - Processing /opt/airflow/dags/weather_dag.py took 0.276 seconds
[2026-08-14T07:17:56.312+0000] {processor.py:186} INFO - Started process (PID=17942) to work on /opt/airflow/dags/weather_dag.py
[2026-08-14T07:17:56.313+0000] {processor.py:914} INFO - Processing file /opt/airflow/dags/weather_dag.py for tasks to queue
[2026-08-14T07:17:56.315+0000] {logging_mixin.py:190} INFO - [2026-08-14T07:17:56.315+0000] {dagbag.py:588} INFO - Filling up the DagBag from /opt/airflow/dags/weather_dag.py
[2026-08-14T07:17:56.326+0000] {processor.py:925} INFO - DAG(s) 'weather_ingestion' retrieved from /opt/airflow/dags/weather_dag.py
[2026-08-14T07:17:56.346+0000] {logging_mixin.py:190} INFO - [2026-08-14T07:17:56.346+0000] {dag.py:3239} INFO - Sync 1 DAGs
[2026-08-14T07:17:56.442+0000] {logging_mixin.py:190} INFO - [2026-08-14T07:17:56.442+0000] {dag.py:4180} INFO - Setting next_dagrun for weather_ingestion to 2026-08-14 07:00:00+00:00, run_after=2026-08-14 08:00:00+00:00
[2026-08-14T07:17:56.449+0000] {processor.py:208} INFO - Processing /opt/airflow/dags/weather_dag.py took 0.144 seconds
[2026-08-14T07:18:26.604+0000] {processor.py:186} INFO - Started process (PID=17947) to work on /opt/airflow/dags/weather_dag.py
[2026-08-14T07:18:26.607+0000] {processor.py:914} INFO - Processing file /opt/airflow/dags/weather_dag.py for tasks to queue
[2026-08-14T07:18:26.611+0000] {logging_mixin.py:190} INFO - [2026-08-14T07:18:26.610+0000] {dagbag.py:588} INFO - Filling up the DagBag from /opt/airflow/dags/weather_dag.py
[2026-08-14T07:18:26.628+0000] {processor.py:925} INFO - DAG(s) 'weather_ingestion' retrieved from /opt/airflow/dags/weather_dag.py
[2026-08-14T07:18:26.652+0000] {logging_mixin.py:190} INFO - [2026-08-14T07:18:26.652+0000] {dag.py:3239} INFO - Sync 1 DAGs
[2026-08-14T07:18:26.666+0000] {logging_mixin.py:190} INFO - [2026-08-14T07:18:26.666+0000] {dag.py:4180} INFO - Setting next_dagrun for weather_ingestion to 2026-08-14 07:00:00+00:00, run_after=2026-08-14 08:00:00+00:00
[2026-08-14T07:18:26.674+0000] {processor.py:208} INFO - Processing /opt/airflow/dags/weather_dag.py took 0.080 seconds
[2026-08-14T07:18:56.918+0000] {processor.py:186} INFO - Started process (PID=17952) to work on /opt/airflow/dags/weather_dag.py
[2026-08-14T07:18:56.920+0000] {processor.py:914} INFO - Processing file /opt/airflow/dags/weather_dag.py for tasks to queue
[2026-08-14T07:18:56.922+0000] {logging_mixin.py:190} INFO - [2026-08-14T07:18:56.922+0000] {dagbag.py:588} INFO - Filling up the DagBag from /opt/airflow/dags/weather_dag.py
[2026-08-14T07:18:56.933+0000] {processor.py:925} INFO - DAG(s) 'weather_ingestion' retrieved from /opt/airflow/dags/weather_dag.py
[2026-08-14T07:18:56.952+0000] {logging_mixin.py:190} INFO - [2026-08-14T07:18:56.952+0000] {dag.py:3239} INFO - Sync 1 DAGs
[2026-08-14T07:18:56.964+0000] {logging_mixin.py:190} INFO - [2026-08-14T07:18:56.964+0000] {dag.py:4180} INFO - Setting next_dagrun for weather_ingestion to 2026-08-14 07:00:00+00:00, run_after=2026-08-14 08:00:00+00:00
[2026-08-14T07:18:56.971+0000] {processor.py:208} INFO - Processing /opt/airflow/dags/weather_dag.py took 0.061 seconds
[2026-08-14T07:19:27.240+0000] {processor.py:186} INFO - Started process (PID=17957) to work on /opt/airflow/dags/weather_dag.py
[2026-08-14T07:19:27.243+0000] {processor.py:914} INFO - Processing file /opt/airflow/dags/weather_dag.py for tasks to queue
[2026-08-14T07:19:27.245+0000] {logging_mixin.py:190} INFO - [2026-08-14T07:19:27.244+0000] {dagbag.py:588} INFO - Filling up the DagBag from /opt/airflow/dags/weather_dag.py
[2026-08-14T07:19:27.259+0000] {processor.py:925} INFO - DAG(s) 'weather_ingestion' retrieved from /opt/airflow/dags/weather_dag.py
[2026-08-14T07:19:27.278+0000] {logging_mixin.py:190} INFO - [2026-08-14T07:19:27.278+0000] {dag.py:3239} INFO - Sync 1 DAGs
[2026-08-14T07:19:27.290+0000] {logging_mixin.py:190} INFO - [2026-08-14T07:19:27.290+0000] {dag.py:4180} INFO - Setting next_dagrun for weather_ingestion to 2026-08-14 07:00:00+00:00, run_after=2026-08-14 08:00:00+00:00
[2026-08-14T07:19:27.297+0000] {processor.py:208} INFO - Processing /opt/airflow/dags/weather_dag.py took 0.063 seconds
[2026-08-14T07:19:57.562+0000] {processor.py:186} INFO - Started process (PID=17962) to work on /opt/airflow/dags/weather_dag.py
[2026-08-14T07:19:57.565+0000] {processor.py:914} INFO - Processing file /opt/airflow/dags/weather_dag.py for tasks to queue
[2026-08-14T07:19:57.569+0000] {logging_mixin.py:190} INFO - [2026-08-14T07:19:57.569+0000] {dagbag.py:588} INFO - Filling up the DagBag from /opt/airflow/dags/weather_dag.py
[2026-08-14T07:19:57.589+0000] {processor.py:925} INFO - DAG(s) 'weather_ingestion' retrieved from /opt/airflow/dags/weather_dag.py
[2026-08-14T07:19:57.613+0000] {logging_mixin.py:190} INFO - [2026-08-14T07:19:57.613+0000] {dag.py:3239} INFO - Sync 1 DAGs
[2026-08-14T07:19:57.629+0000] {logging_mixin.py:190} INFO - [2026-08-14T07:19:57.629+0000] {dag.py:4180} INFO - Setting next_dagrun for weather_ingestion to 2026-08-14 07:00:00+00:00, run_after=2026-08-14 08:00:00+00:00
[2026-08-14T07:19:57.824+0000] {processor.py:208} INFO - Processing /opt/airflow/dags/weather_dag.py took 0.273 seconds
[2026-08-14T07:20:28.084+0000] {processor.py:186} INFO - Started process (PID=17967) to work on /opt/airflow/dags/weather_dag.py
[2026-08-14T07:20:28.086+0000] {processor.py:914} INFO - Processing file /opt/airflow/dags/weather_dag.py for tasks to queue
[2026-08-14T07:20:28.089+0000] {logging_mixin.py:190} INFO - [2026-08-14T07:20:28.088+0000] {dagbag.py:588} INFO - Filling up the DagBag from /opt/airflow/dags/weather_dag.py
[2026-08-14T07:20:28.099+0000] {processor.py:925} INFO - DAG(s) 'weather_ingestion' retrieved from /opt/airflow/dags/weather_dag.py
[2026-08-14T07:20:28.118+0000] {logging_mixin.py:190} INFO - [2026-08-14T07:20:28.117+0000] {dag.py:3239} INFO - Sync 1 DAGs
[2026-08-14T07:20:28.206+0000] {logging_mixin.py:190} INFO - [2026-08-14T07:20:28.206+0000] {dag.py:4180} INFO - Setting next_dagrun for weather_ingestion to 2026-08-14 07:00:00+00:00, run_after=2026-08-14 08:00:00+00:00
[2026-08-14T07:20:28.212+0000] {processor.py:208} INFO - Processing /opt/airflow/dags/weather_dag.py took 0.137 seconds
[2026-08-14T07:20:58.372+0000] {processor.py:186} INFO - Started process (PID=17972) to work on /opt/airflow/dags/weather_dag.py
[2026-08-14T07:20:58.378+0000] {processor.py:914} INFO - Processing file /opt/airflow/dags/weather_dag.py for tasks to queue
[2026-08-14T07:20:58.382+0000] {logging_mixin.py:190} INFO - [2026-08-14T07:20:58.381+0000] {dagbag.py:588} INFO - Filling up the DagBag from /opt/airflow/dags/weather_dag.py
[2026-08-14T07:20:58.397+0000] {processor.py:925} INFO - DAG(s) 'weather_ingestion' retrieved from /opt/airflow/dags/weather_dag.py
[2026-08-14T07:20:58.422+0000] {logging_mixin.py:190} INFO - [2026-08-14T07:20:58.422+0000] {dag.py:3239} INFO - Sync 1 DAGs
[2026-08-14T07:20:58.557+0000] {logging_mixin.py:190} INFO - [2026-08-14T07:20:58.557+0000] {dag.py:4180} INFO - Setting next_dagrun for weather_ingestion to 2026-08-14 07:00:00+00:00, run_after=2026-08-14 08:00:00+00:00
[2026-08-14T07:20:58.563+0000] {processor.py:208} INFO - Processing /opt/airflow/dags/weather_dag.py took 0.204 seconds
[2026-08-14T07:21:28.766+0000] {processor.py:186} INFO - Started process (PID=17977) to work on /opt/airflow/dags/weather_dag.py
[2026-08-14T07:21:28.768+0000] {processor.py:914} INFO - Processing file /opt/airflow/dags/weather_dag.py for tasks to queue
[2026-08-14T07:21:28.771+0000] {logging_mixin.py:190} INFO - [2026-08-14T07:21:28.771+0000] {dagbag.py:588} INFO - Filling up the DagBag from /opt/airflow/dags/weather_dag.py
[2026-08-14T07:21:28.782+0000] {processor.py:925} INFO - DAG(s) 'weather_ingestion' retrieved from /opt/airflow/dags/weather_dag.py
[2026-08-14T07:21:28.799+0000] {logging_mixin.py:190} INFO - [2026-08-14T07:21:28.799+0000] {dag.py:3239} INFO - Sync 1 DAGs
[2026-08-14T07:21:28.811+0000] {logging_mixin.py:190} INFO - [2026-08-14T07:21:28.811+0000] {dag.py:4180} INFO - Setting next_dagrun for weather_ingestion to 2026-08-14 07:00:00+00:00, run_after=2026-08-14 08:00:00+00:00
[2026-08-14T07:21:28.818+0000] {processor.py:208} INFO - Processing /opt/airflow/dags/weather_dag.py took 0.059 seconds
[2026-08-14T07:21:59.142+0000] {processor.py:186} INFO - Started process (PID=17982) to work on /opt/airflow/dags/weather_dag.py
[2026-08-14T07:21:59.144+0000] {processor.py:914} INFO - Processing file /opt/airflow/dags/weather_dag.py for tasks to queue
[2026-08-14T07:21:59.147+0000] {logging_mixin.py:190} INFO - [2026-08-14T07:21:59.147+0000] {dagbag.py:588} INFO - Filling up the DagBag from /opt/airflow/dags/weather_dag.py
[2026-08-14T07:21:59.157+0000] {processor.py:925} INFO - DAG(s) 'weather_ingestion' retrieved from /opt/airflow/dags/weather_dag.py
[2026-08-14T07:21:59.176+0000] {logging_mixin.py:190} INFO - [2026-08-14T07:21:59.176+0000] {dag.py:3239} INFO - Sync 1 DAGs
[2026-08-14T07:21:59.187+0000] {logging_mixin.py:190} INFO - [2026-08-14T07:21:59.187+0000] {dag.py:4180} INFO - Setting next_dagrun for weather_ingestion to 2026-08-14 07:00:00+00:00, run_after=2026-08-14 08:00:00+00:00
[2026-08-14T07:21:59.194+0000] {processor.py:208} INFO - Processing /opt/airflow/dags/weather_dag.py took 0.059 seconds
[2026-08-14T07:22:29.448+0000] {processor.py:186} INFO - Started process (PID=17987) to work on /opt/airflow/dags/weather_dag.py
[2026-08-14T07:22:29.450+0000] {processor.py:914} INFO - Processing file /opt/airflow/dags/weather_dag.py for tasks to queue
[2026-08-14T07:22:29.452+0000] {logging_mixin.py:190} INFO - [2026-08-14T07:22:29.452+0000] {dagbag.py:588} INFO - Filling up the DagBag from /opt/airflow/dags/weather_dag.py
[2026-08-14T07:22:29.462+0000] {processor.py:925} INFO - DAG(s) 'weather_ingestion' retrieved from /opt/airflow/dags/weather_dag.py
[2026-08-14T07:22:29.480+0000] {logging_mixin.py:190} INFO - [2026-08-14T07:22:29.480+0000] {dag.py:3239} INFO - Sync 1 DAGs
[2026-08-14T07:22:29.491+0000] {logging_mixin.py:190} INFO - [2026-08-14T07:22:29.491+0000] {dag.py:4180} INFO - Setting next_dagrun for weather_ingestion to 2026-08-14 07:00:00+00:00, run_after=2026-08-14 08:00:00+00:00
[2026-08-14T07:22:29.499+0000] {processor.py:208} INFO - Processing /opt/airflow/dags/weather_dag.py took 0.058 seconds
[2026-08-14T07:22:59.740+0000] {processor.py:186} INFO - Started process (PID=17992) to work on /opt/airflow/dags/weather_dag.py
[2026-08-14T07:22:59.742+0000] {processor.py:914} INFO - Processing file /opt/airflow/dags/weather_dag.py for tasks to queue
[2026-08-14T07:22:59.745+0000] {logging_mixin.py:190} INFO - [2026-08-14T07:22:59.744+0000] {dagbag.py:588} INFO - Filling up the DagBag from /opt/airflow/dags/weather_dag.py
[2026-08-14T07:22:59.755+0000] {processor.py:925} INFO - DAG(s) 'weather_ingestion' retrieved from /opt/airflow/dags/weather_dag.py
[2026-08-14T07:22:59.775+0000] {logging_mixin.py:190} INFO - [2026-08-14T07:22:59.775+0000] {dag.py:3239} INFO - Sync 1 DAGs
[2026-08-14T07:22:59.787+0000] {logging_mixin.py:190} INFO - [2026-08-14T07:22:59.787+0000] {dag.py:4180} INFO - Setting next_dagrun for weather_ingestion to 2026-08-14 07:00:00+00:00, run_after=2026-08-14 08:00:00+00:00
[2026-08-14T07:22:59.879+0000] {processor.py:208} INFO - Processing /opt/airflow/dags/weather_dag.py took 0.146 seconds
[2026-08-14T07:23:30.112+0000] {processor.py:186} INFO - Started process (PID=17997) to work on /opt/airflow/dags/weather_dag.py
[2026-08-14T07:23:30.115+0000] {processor.py:914} INFO - Processing file /opt/airflow/dags/weather_dag.py for tasks to queue
[2026-08-14T07:23:30.121+0000] {logging_mixin.py:190} INFO - [2026-08-14T07:23:30.120+0000] {dagbag.py:588} INFO - Filling up the DagBag from /opt/airflow/dags/weather_dag.py
[2026-08-14T07:23:30.140+0000] {processor.py:925} INFO - DAG(s) 'weather_ingestion' retrieved from /opt/airflow/dags/weather_dag.py
[2026-08-14T07:23:30.166+0000] {logging_mixin.py:190} INFO - [2026-08-14T07:23:30.166+0000] {dag.py:3239} INFO - Sync 1 DAGs
[2026-08-14T07:23:30.397+0000] {logging_mixin.py:190} INFO - [2026-08-14T07:23:30.397+0000] {dag.py:4180} INFO - Setting next_dagrun for weather_ingestion to 2026-08-14 07:00:00+00:00, run_after=2026-08-14 08:00:00+00:00
[2026-08-14T07:23:30.405+0000] {processor.py:208} INFO - Processing /opt/airflow/dags/weather_dag.py took 0.308 seconds
[2026-08-14T07:24:00.680+0000] {processor.py:186} INFO - Started process (PID=18002) to work on /opt/airflow/dags/weather_dag.py
[2026-08-14T07:24:00.683+0000] {processor.py:914} INFO - Processing file /opt/airflow/dags/weather_dag.py for tasks to queue
[2026-08-14T07:24:00.687+0000] {logging_mixin.py:190} INFO - [2026-08-14T07:24:00.686+0000] {dagbag.py:588} INFO - Filling up the DagBag from /opt/airflow/dags/weather_dag.py
[2026-08-14T07:24:00.706+0000] {processor.py:925} INFO - DAG(s) 'weather_ingestion' retrieved from /opt/airflow/dags/weather_dag.py
[2026-08-14T07:24:00.736+0000] {logging_mixin.py:190} INFO - [2026-08-14T07:24:00.736+0000] {dag.py:3239} INFO - Sync 1 DAGs
[2026-08-14T07:24:00.753+0000] {logging_mixin.py:190} INFO - [2026-08-14T07:24:00.752+0000] {dag.py:4180} INFO - Setting next_dagrun for weather_ingestion to 2026-08-14 07:00:00+00:00, run_after=2026-08-14 08:00:00+00:00
[2026-08-14T07:24:00.761+0000] {processor.py:208} INFO - Processing /opt/airflow/dags/weather_dag.py took 0.094 seconds
[2026-08-14T07:24:30.952+0000] {processor.py:186} INFO - Started process (PID=18007) to work on /opt/airflow/dags/weather_dag.py
[2026-08-14T07:24:30.954+0000] {processor.py:914} INFO - Processing file /opt/airflow/dags/weather_dag.py for tasks to queue
[2026-08-14T07:24:30.957+0000] {logging_mixin.py:190} INFO - [2026-08-14T07:24:30.957+0000] {dagbag.py:588} INFO - Filling up the DagBag from /opt/airflow/dags/weather_dag.py
[2026-08-14T07:24:30.970+0000] {processor.py:925} INFO - DAG(s) 'weather_ingestion' retrieved from /opt/airflow/dags/weather_dag.py
[2026-08-14T07:24:30.988+0000] {logging_mixin.py:190} INFO - [2026-08-14T07:24:30.988+0000] {dag.py:3239} INFO - Sync 1 DAGs
[2026-08-14T07:24:31.000+0000] {logging_mixin.py:190} INFO - [2026-08-14T07:24:31.000+0000] {dag.py:4180} INFO - Setting next_dagrun for weather_ingestion to 2026-08-14 07:00:00+00:00, run_after=2026-08-14 08:00:00+00:00
[2026-08-14T07:24:31.007+0000] {processor.py:208} INFO - Processing /opt/airflow/dags/weather_dag.py took 0.065 seconds
[2026-08-14T07:25:01.274+0000] {processor.py:186} INFO - Started process (PID=18012) to work on /opt/airflow/dags/weather_dag.py
[2026-08-14T07:25:01.276+0000] {processor.py:914} INFO - Processing file /opt/airflow/dags/weather_dag.py for tasks to queue
[2026-08-14T07:25:01.280+0000] {logging_mixin.py:190} INFO - [2026-08-14T07:25:01.280+0000] {dagbag.py:588} INFO - Filling up the DagBag from /opt/airflow/dags/weather_dag.py
[2026-08-14T07:25:01.299+0000] {processor.py:925} INFO - DAG(s) 'weather_ingestion' retrieved from /opt/airflow/dags/weather_dag.py
[2026-08-14T07:25:01.322+0000] {logging_mixin.py:190} INFO - [2026-08-14T07:25:01.322+0000] {dag.py:3239} INFO - Sync 1 DAGs
[2026-08-14T07:25:01.339+0000] {logging_mixin.py:190} INFO - [2026-08-14T07:25:01.339+0000] {dag.py:4180} INFO - Setting next_dagrun for weather_ingestion to 2026-08-14 07:00:00+00:00, run_after=2026-08-14 08:00:00+00:00
[2026-08-14T07:25:01.349+0000] {processor.py:208} INFO - Processing /opt/airflow/dags/weather_dag.py took 0.083 seconds
[2026-08-14T07:25:31.548+0000] {processor.py:186} INFO - Started process (PID=18017) to work on /opt/airflow/dags/weather_dag.py
[2026-08-14T07:25:31.549+0000] {processor.py:914} INFO - Processing file /opt/airflow/dags/weather_dag.py for tasks to queue
[2026-08-14T07:25:31.552+0000] {logging_mixin.py:190} INFO - [2026-08-14T07:25:31.552+0000] {dagbag.py:588} INFO - Filling up the DagBag from /opt/airflow/dags/weather_dag.py
[2026-08-14T07:25:31.563+0000] {processor.py:925} INFO - DAG(s) 'weather_ingestion' retrieved from /opt/airflow/dags/weather_dag.py
[2026-08-14T07:25:31.584+0000] {logging_mixin.py:190} INFO - [2026-08-14T07:25:31.584+0000] {dag.py:3239} INFO - Sync 1 DAGs
[2026-08-14T07:25:31.711+0000] {logging_mixin.py:190} INFO - [2026-08-14T07:25:31.711+0000] {dag.py:4180} INFO - Setting next_dagrun for weather_ingestion to 2026-08-14 07:00:00+00:00, run_after=2026-08-14 08:00:00+00:00
[2026-08-14T07:25:31.729+0000] {processor.py:208} INFO - Processing /opt/airflow/dags/weather_dag.py took 0.185 seconds
[2026-08-14T07:26:01.957+0000] {processor.py:186} INFO - Started process (PID=18022) to work on /opt/airflow/dags/weather_dag.py
[2026-08-14T07:26:01.958+0000] {processor.py:914} INFO - Processing file /opt/airflow/dags/weather_dag.py for tasks to queue
[2026-08-14T07:26:01.962+0000] {logging_mixin.py:190} INFO - [2026-08-14T07:26:01.962+0000] {dagbag.py:588} INFO - Filling up the DagBag from /opt/airflow/dags/weather_dag.py
[2026-08-14T07:26:01.979+0000] {processor.py:925} INFO - DAG(s) 'weather_ingestion' retrieved from /opt/airflow/dags/weather_dag.py
[2026-08-14T07:26:02.021+0000] {logging_mixin.py:190} INFO - [2026-08-14T07:26:02.021+0000] {dag.py:3239} INFO - Sync 1 DAGs
[2026-08-14T07:26:02.054+0000] {logging_mixin.py:190} INFO - [2026-08-14T07:26:02.054+0000] {dag.py:4180} INFO - Setting next_dagrun for weather_ingestion to 2026-08-14 07:00:00+00:00, run_after=2026-08-14 08:00:00+00:00
[2026-08-14T07:26:02.340+0000] {processor.py:208} INFO - Processing /opt/airflow/dags/weather_dag.py took 0.391 seconds
[2026-08-14T07:26:32.750+0000] {processor.py:186} INFO - Started process (PID=18027) to work on /opt/airflow/dags/weather_dag.py
[2026-08-14T07:26:32.755+0000] {processor.py:914} INFO - Processing file /opt/airflow/dags/weather_dag.py for tasks to queue
[2026-08-14T07:26:32.761+0000] {logging_mixin.py:190} INFO - [2026-08-14T07:26:32.760+0000] {dagbag.py:588} INFO - Filling up the DagBag from /opt/airflow/dags/weather_dag.py
[2026-08-14T07:26:32.823+0000] {processor.py:925} INFO - DAG(s) 'weather_ingestion' retrieved from /opt/airflow/dags/weather_dag.py
[2026-08-14T07:26:32.861+0000] {logging_mixin.py:190} INFO - [2026-08-14T07:26:32.861+0000] {dag.py:3239} INFO - Sync 1 DAGs
[2026-08-14T07:26:33.129+0000] {logging_mixin.py:190} INFO - [2026-08-14T07:26:33.129+0000] {dag.py:4180} INFO - Setting next_dagrun for weather_ingestion to 2026-08-14 07:00:00+00:00, run_after=2026-08-14 08:00:00+00:00
[2026-08-14T07:26:33.137+0000] {processor.py:208} INFO - Processing /opt/airflow/dags/weather_dag.py took 0.404 seconds
[2026-08-14T07:27:03.530+0000] {processor.py:186} INFO - Started process (PID=18032) to work on /opt/airflow/dags/weather_dag.py
[2026-08-14T07:27:03.531+0000] {processor.py:914} INFO - Processing file /opt/airflow/dags/weather_dag.py for tasks to queue
[2026-08-14T07:27:03.535+0000] {logging_mixin.py:190} INFO - [2026-08-14T07:27:03.535+0000] {dagbag.py:588} INFO - Filling up the DagBag from /opt/airflow/dags/weather_dag.py
[2026-08-14T07:27:03.555+0000] {processor.py:925} INFO - DAG(s) 'weather_ingestion' retrieved from /opt/airflow/dags/weather_dag.py
[2026-08-14T07:27:03.584+0000] {logging_mixin.py:190} INFO - [2026-08-14T07:27:03.584+0000] {dag.py:3239} INFO - Sync 1 DAGs
[2026-08-14T07:27:03.601+0000] {logging_mixin.py:190} INFO - [2026-08-14T07:27:03.601+0000] {dag.py:4180} INFO - Setting next_dagrun for weather_ingestion to 2026-08-14 07:00:00+00:00, run_after=2026-08-14 08:00:00+00:00
[2026-08-14T07:27:03.610+0000] {processor.py:208} INFO - Processing /opt/airflow/dags/weather_dag.py took 0.094 seconds
[2026-08-14T07:27:33.873+0000] {processor.py:186} INFO - Started process (PID=18037) to work on /opt/airflow/dags/weather_dag.py
[2026-08-14T07:27:33.874+0000] {processor.py:914} INFO - Processing file /opt/airflow/dags/weather_dag.py for tasks to queue
[2026-08-14T07:27:33.877+0000] {logging_mixin.py:190} INFO - [2026-08-14T07:27:33.876+0000] {dagbag.py:588} INFO - Filling up the DagBag from /opt/airflow/dags/weather_dag.py
[2026-08-14T07:27:33.886+0000] {processor.py:925} INFO - DAG(s) 'weather_ingestion' retrieved from /opt/airflow/dags/weather_dag.py
[2026-08-14T07:27:33.902+0000] {logging_mixin.py:190} INFO - [2026-08-14T07:27:33.902+0000] {dag.py:3239} INFO - Sync 1 DAGs
[2026-08-14T07:27:33.914+0000] {logging_mixin.py:190} INFO - [2026-08-14T07:27:33.914+0000] {dag.py:4180} INFO - Setting next_dagrun for weather_ingestion to 2026-08-14 07:00:00+00:00, run_after=2026-08-14 08:00:00+00:00
[2026-08-14T07:27:33.922+0000] {processor.py:208} INFO - Processing /opt/airflow/dags/weather_dag.py took 0.061 seconds
[2026-08-14T07:28:04.218+0000] {processor.py:186} INFO - Started process (PID=18042) to work on /opt/airflow/dags/weather_dag.py
[2026-08-14T07:28:04.219+0000] {processor.py:914} INFO - Processing file /opt/airflow/dags/weather_dag.py for tasks to queue
[2026-08-14T07:28:04.222+0000] {logging_mixin.py:190} INFO - [2026-08-14T07:28:04.222+0000] {dagbag.py:588} INFO - Filling up the DagBag from /opt/airflow/dags/weather_dag.py
[2026-08-14T07:28:04.234+0000] {processor.py:925} INFO - DAG(s) 'weather_ingestion' retrieved from /opt/airflow/dags/weather_dag.py
[2026-08-14T07:28:04.255+0000] {logging_mixin.py:190} INFO - [2026-08-14T07:28:04.255+0000] {dag.py:3239} INFO - Sync 1 DAGs
[2026-08-14T07:28:04.267+0000] {logging_mixin.py:190} INFO - [2026-08-14T07:28:04.267+0000] {dag.py:4180} INFO - Setting next_dagrun for weather_ingestion to 2026-08-14 07:00:00+00:00, run_after=2026-08-14 08:00:00+00:00
[2026-08-14T07:28:04.275+0000] {processor.py:208} INFO - Processing /opt/airflow/dags/weather_dag.py took 0.064 seconds
[2026-08-14T07:28:34.530+0000] {processor.py:186} INFO - Started process (PID=18047) to work on /opt/airflow/dags/weather_dag.py
[2026-08-14T07:28:34.532+0000] {processor.py:914} INFO - Processing file /opt/airflow/dags/weather_dag.py for tasks to queue
[2026-08-14T07:28:34.536+0000] {logging_mixin.py:190} INFO - [2026-08-14T07:28:34.535+0000] {dagbag.py:588} INFO - Filling up the DagBag from /opt/airflow/dags/weather_dag.py
[2026-08-14T07:28:34.552+0000] {processor.py:925} INFO - DAG(s) 'weather_ingestion' retrieved from /opt/airflow/dags/weather_dag.py
[2026-08-14T07:28:34.575+0000] {logging_mixin.py:190} INFO - [2026-08-14T07:28:34.575+0000] {dag.py:3239} INFO - Sync 1 DAGs
[2026-08-14T07:28:34.589+0000] {logging_mixin.py:190} INFO - [2026-08-14T07:28:34.589+0000] {dag.py:4180} INFO - Setting next_dagrun for weather_ingestion to 2026-08-14 07:00:00+00:00, run_after=2026-08-14 08:00:00+00:00
[2026-08-14T07:28:34.785+0000] {processor.py:208} INFO - Processing /opt/airflow/dags/weather_dag.py took 0.264 seconds
[2026-08-14T07:29:04.833+0000] {processor.py:186} INFO - Started process (PID=18052) to work on /opt/airflow/dags/weather_dag.py
[2026-08-14T07:29:04.834+0000] {processor.py:914} INFO - Processing file /opt/airflow/dags/weather_dag.py for tasks to queue
[2026-08-14T07:29:04.837+0000] {logging_mixin.py:190} INFO - [2026-08-14T07:29:04.837+0000] {dagbag.py:588} INFO - Filling up the DagBag from /opt/airflow/dags/weather_dag.py
[2026-08-14T07:29:04.846+0000] {processor.py:925} INFO - DAG(s) 'weather_ingestion' retrieved from /opt/airflow/dags/weather_dag.py
[2026-08-14T07:29:04.868+0000] {logging_mixin.py:190} INFO - [2026-08-14T07:29:04.868+0000] {dag.py:3239} INFO - Sync 1 DAGs
[2026-08-14T07:29:04.971+0000] {logging_mixin.py:190} INFO - [2026-08-14T07:29:04.971+0000] {dag.py:4180} INFO - Setting next_dagrun for weather_ingestion to 2026-08-14 07:00:00+00:00, run_after=2026-08-14 08:00:00+00:00
[2026-08-14T07:29:04.978+0000] {processor.py:208} INFO - Processing /opt/airflow/dags/weather_dag.py took 0.152 seconds
[2026-08-14T07:29:35.167+0000] {processor.py:186} INFO - Started process (PID=18057) to work on /opt/airflow/dags/weather_dag.py
[2026-08-14T07:29:35.168+0000] {processor.py:914} INFO - Processing file /opt/airflow/dags/weather_dag.py for tasks to queue
[2026-08-14T07:29:35.171+0000] {logging_mixin.py:190} INFO - [2026-08-14T07:29:35.170+0000] {dagbag.py:588} INFO - Filling up the DagBag from /opt/airflow/dags/weather_dag.py
[2026-08-14T07:29:35.178+0000] {processor.py:925} INFO - DAG(s) 'weather_ingestion' retrieved from /opt/airflow/dags/weather_dag.py
[2026-08-14T07:29:35.197+0000] {logging_mixin.py:190} INFO - [2026-08-14T07:29:35.197+0000] {dag.py:3239} INFO - Sync 1 DAGs
[2026-08-14T07:29:35.325+0000] {logging_mixin.py:190} INFO - [2026-08-14T07:29:35.324+0000] {dag.py:4180} INFO - Setting next_dagrun for weather_ingestion to 2026-08-14 07:00:00+00:00, run_after=2026-08-14 08:00:00+00:00
[2026-08-14T07:29:35.331+0000] {processor.py:208} INFO - Processing /opt/airflow/dags/weather_dag.py took 0.168 seconds
[2026-08-14T07:30:05.566+0000] {processor.py:186} INFO - Started process (PID=18062) to work on /opt/airflow/dags/weather_dag.py
[2026-08-14T07:30:05.569+0000] {processor.py:914} INFO - Processing file /opt/airflow/dags/weather_dag.py for tasks to queue
[2026-08-14T07:30:05.574+0000] {logging_mixin.py:190} INFO - [2026-08-14T07:30:05.573+0000] {dagbag.py:588} INFO - Filling up the DagBag from /opt/airflow/dags/weather_dag.py
[2026-08-14T07:30:05.593+0000] {processor.py:925} INFO - DAG(s) 'weather_ingestion' retrieved from /opt/airflow/dags/weather_dag.py
[2026-08-14T07:30:05.621+0000] {logging_mixin.py:190} INFO - [2026-08-14T07:30:05.621+0000] {dag.py:3239} INFO - Sync 1 DAGs
[2026-08-14T07:30:05.640+0000] {logging_mixin.py:190} INFO - [2026-08-14T07:30:05.640+0000] {dag.py:4180} INFO - Setting next_dagrun for weather_ingestion to 2026-08-14 07:00:00+00:00, run_after=2026-08-14 08:00:00+00:00
[2026-08-14T07:30:05.659+0000] {processor.py:208} INFO - Processing /opt/airflow/dags/weather_dag.py took 0.122 seconds
[2026-08-14T07:30:35.894+0000] {processor.py:186} INFO - Started process (PID=18067) to work on /opt/airflow/dags/weather_dag.py
[2026-08-14T07:30:35.895+0000] {processor.py:914} INFO - Processing file /opt/airflow/dags/weather_dag.py for tasks to queue
[2026-08-14T07:30:35.899+0000] {logging_mixin.py:190} INFO - [2026-08-14T07:30:35.899+0000] {dagbag.py:588} INFO - Filling up the DagBag from /opt/airflow/dags/weather_dag.py
[2026-08-14T07:30:35.918+0000] {processor.py:925} INFO - DAG(s) 'weather_ingestion' retrieved from /opt/airflow/dags/weather_dag.py
[2026-08-14T07:30:35.946+0000] {logging_mixin.py:190} INFO - [2026-08-14T07:30:35.945+0000] {dag.py:3239} INFO - Sync 1 DAGs
[2026-08-14T07:30:35.975+0000] {logging_mixin.py:190} INFO - [2026-08-14T07:30:35.975+0000] {dag.py:4180} INFO - Setting next_dagrun for weather_ingestion to 2026-08-14 07:00:00+00:00, run_after=2026-08-14 08:00:00+00:00
[2026-08-14T07:30:35.984+0000] {processor.py:208} INFO - Processing /opt/airflow/dags/weather_dag.py took 0.102 seconds
[2026-08-14T07:31:06.205+0000] {processor.py:186} INFO - Started process (PID=18072) to work on /opt/airflow/dags/weather_dag.py
[2026-08-14T07:31:06.206+0000] {processor.py:914} INFO - Processing file /opt/airflow/dags/weather_dag.py for tasks to queue
[2026-08-14T07:31:06.209+0000] {logging_mixin.py:190} INFO - [2026-08-14T07:31:06.209+0000] {dagbag.py:588} INFO - Filling up the DagBag from /opt/airflow/dags/weather_dag.py
[2026-08-14T07:31:06.221+0000] {processor.py:925} INFO - DAG(s) 'weather_ingestion' retrieved from /opt/airflow/dags/weather_dag.py
[2026-08-14T07:31:06.238+0000] {logging_mixin.py:190} INFO - [2026-08-14T07:31:06.238+0000] {dag.py:3239} INFO - Sync 1 DAGs
[2026-08-14T07:31:06.250+0000] {logging_mixin.py:190} INFO - [2026-08-14T07:31:06.250+0000] {dag.py:4180} INFO - Setting next_dagrun for weather_ingestion to 2026-08-14 07:00:00+00:00, run_after=2026-08-14 08:00:00+00:00
[2026-08-14T07:31:06.258+0000] {processor.py:208} INFO - Processing /opt/airflow/dags/weather_dag.py took 0.060 seconds
[2026-08-14T07:31:36.527+0000] {processor.py:186} INFO - Started process (PID=18077) to work on /opt/airflow/dags/weather_dag.py
[2026-08-14T07:31:36.528+0000] {processor.py:914} INFO - Processing file /opt/airflow/dags/weather_dag.py for tasks to queue
[2026-08-14T07:31:36.530+0000] {logging_mixin.py:190} INFO - [2026-08-14T07:31:36.530+0000] {dagbag.py:588} INFO - Filling up the DagBag from /opt/airflow/dags/weather_dag.py
[2026-08-14T07:31:36.541+0000] {processor.py:925} INFO - DAG(s) 'weather_ingestion' retrieved from /opt/airflow/dags/weather_dag.py
[2026-08-14T07:31:36.561+0000] {logging_mixin.py:190} INFO - [2026-08-14T07:31:36.561+0000] {dag.py:3239} INFO - Sync 1 DAGs
[2026-08-14T07:31:36.573+0000] {logging_mixin.py:190} INFO - [2026-08-14T07:31:36.573+0000] {dag.py:4180} INFO - Setting next_dagrun for weather_ingestion to 2026-08-14 07:00:00+00:00, run_after=2026-08-14 08:00:00+00:00
[2026-08-14T07:31:36.755+0000] {processor.py:208} INFO - Processing /opt/airflow/dags/weather_dag.py took 0.239 seconds
[2026-08-14T07:32:06.820+0000] {processor.py:186} INFO - Started process (PID=18082) to work on /opt/airflow/dags/weather_dag.py
[2026-08-14T07:32:06.821+0000] {processor.py:914} INFO - Processing file /opt/airflow/dags/weather_dag.py for tasks to queue
[2026-08-14T07:32:06.824+0000] {logging_mixin.py:190} INFO - [2026-08-14T07:32:06.823+0000] {dagbag.py:588} INFO - Filling up the DagBag from /opt/airflow/dags/weather_dag.py
[2026-08-14T07:32:06.836+0000] {processor.py:925} INFO - DAG(s) 'weather_ingestion' retrieved from /opt/airflow/dags/weather_dag.py
[2026-08-14T07:32:06.858+0000] {logging_mixin.py:190} INFO - [2026-08-14T07:32:06.858+0000] {dag.py:3239} INFO - Sync 1 DAGs
[2026-08-14T07:32:06.958+0000] {logging_mixin.py:190} INFO - [2026-08-14T07:32:06.958+0000] {dag.py:4180} INFO - Setting next_dagrun for weather_ingestion to 2026-08-14 07:00:00+00:00, run_after=2026-08-14 08:00:00+00:00
[2026-08-14T07:32:06.965+0000] {processor.py:208} INFO - Processing /opt/airflow/dags/weather_dag.py took 0.151 seconds
[2026-08-14T07:32:37.131+0000] {processor.py:186} INFO - Started process (PID=18087) to work on /opt/airflow/dags/weather_dag.py
[2026-08-14T07:32:37.132+0000] {processor.py:914} INFO - Processing file /opt/airflow/dags/weather_dag.py for tasks to queue
[2026-08-14T07:32:37.135+0000] {logging_mixin.py:190} INFO - [2026-08-14T07:32:37.134+0000] {dagbag.py:588} INFO - Filling up the DagBag from /opt/airflow/dags/weather_dag.py
[2026-08-14T07:32:37.146+0000] {processor.py:925} INFO - DAG(s) 'weather_ingestion' retrieved from /opt/airflow/dags/weather_dag.py
[2026-08-14T07:32:37.166+0000] {logging_mixin.py:190} INFO - [2026-08-14T07:32:37.166+0000] {dag.py:3239} INFO - Sync 1 DAGs
[2026-08-14T07:32:37.258+0000] {logging_mixin.py:190} INFO - [2026-08-14T07:32:37.258+0000] {dag.py:4180} INFO - Setting next_dagrun for weather_ingestion to 2026-08-14 07:00:00+00:00, run_after=2026-08-14 08:00:00+00:00
[2026-08-14T07:32:37.266+0000] {processor.py:208} INFO - Processing /opt/airflow/dags/weather_dag.py took 0.143 seconds
[2026-08-14T07:33:07.527+0000] {processor.py:186} INFO - Started process (PID=18092) to work on /opt/airflow/dags/weather_dag.py
[2026-08-14T07:33:07.529+0000] {processor.py:914} INFO - Processing file /opt/airflow/dags/weather_dag.py for tasks to queue
[2026-08-14T07:33:07.535+0000] {logging_mixin.py:190} INFO - [2026-08-14T07:33:07.535+0000] {dagbag.py:588} INFO - Filling up the DagBag from /opt/airflow/dags/weather_dag.py
[2026-08-14T07:33:07.546+0000] {processor.py:925} INFO - DAG(s) 'weather_ingestion' retrieved from /opt/airflow/dags/weather_dag.py
[2026-08-14T07:33:07.565+0000] {logging_mixin.py:190} INFO - [2026-08-14T07:33:07.565+0000] {dag.py:3239} INFO - Sync 1 DAGs
[2026-08-14T07:33:07.578+0000] {logging_mixin.py:190} INFO - [2026-08-14T07:33:07.578+0000] {dag.py:4180} INFO - Setting next_dagrun for weather_ingestion to 2026-08-14 07:00:00+00:00, run_after=2026-08-14 08:00:00+00:00
[2026-08-14T07:33:07.586+0000] {processor.py:208} INFO - Processing /opt/airflow/dags/weather_dag.py took 0.065 seconds
[2026-08-14T07:33:37.905+0000] {processor.py:186} INFO - Started process (PID=18097) to work on /opt/airflow/dags/weather_dag.py
[2026-08-14T07:33:37.906+0000] {processor.py:914} INFO - Processing file /opt/airflow/dags/weather_dag.py for tasks to queue
[2026-08-14T07:33:37.910+0000] {logging_mixin.py:190} INFO - [2026-08-14T07:33:37.910+0000] {dagbag.py:588} INFO - Filling up the DagBag from /opt/airflow/dags/weather_dag.py
[2026-08-14T07:33:37.926+0000] {processor.py:925} INFO - DAG(s) 'weather_ingestion' retrieved from /opt/airflow/dags/weather_dag.py
[2026-08-14T07:33:37.951+0000] {logging_mixin.py:190} INFO - [2026-08-14T07:33:37.951+0000] {dag.py:3239} INFO - Sync 1 DAGs
[2026-08-14T07:33:37.966+0000] {logging_mixin.py:190} INFO - [2026-08-14T07:33:37.966+0000] {dag.py:4180} INFO - Setting next_dagrun for weather_ingestion to 2026-08-14 07:00:00+00:00, run_after=2026-08-14 08:00:00+00:00
[2026-08-14T07:33:37.974+0000] {processor.py:208} INFO - Processing /opt/airflow/dags/weather_dag.py took 0.078 seconds
[2026-08-14T07:34:08.220+0000] {processor.py:186} INFO - Started process (PID=18102) to work on /opt/airflow/dags/weather_dag.py
[2026-08-14T07:34:08.221+0000] {processor.py:914} INFO - Processing file /opt/airflow/dags/weather_dag.py for tasks to queue
[2026-08-14T07:34:08.223+0000] {logging_mixin.py:190} INFO - [2026-08-14T07:34:08.223+0000] {dagbag.py:588} INFO - Filling up the DagBag from /opt/airflow/dags/weather_dag.py
[2026-08-14T07:34:08.234+0000] {processor.py:925} INFO - DAG(s) 'weather_ingestion' retrieved from /opt/airflow/dags/weather_dag.py
[2026-08-14T07:34:08.253+0000] {logging_mixin.py:190} INFO - [2026-08-14T07:34:08.253+0000] {dag.py:3239} INFO - Sync 1 DAGs
[2026-08-14T07:34:08.264+0000] {logging_mixin.py:190} INFO - [2026-08-14T07:34:08.264+0000] {dag.py:4180} INFO - Setting next_dagrun for weather_ingestion to 2026-08-14 07:00:00+00:00, run_after=2026-08-14 08:00:00+00:00
[2026-08-14T07:34:08.271+0000] {processor.py:208} INFO - Processing /opt/airflow/dags/weather_dag.py took 0.057 seconds
[2026-08-14T07:34:38.541+0000] {processor.py:186} INFO - Started process (PID=18107) to work on /opt/airflow/dags/weather_dag.py
[2026-08-14T07:34:38.542+0000] {processor.py:914} INFO - Processing file /opt/airflow/dags/weather_dag.py for tasks to queue
[2026-08-14T07:34:38.544+0000] {logging_mixin.py:190} INFO - [2026-08-14T07:34:38.544+0000] {dagbag.py:588} INFO - Filling up the DagBag from /opt/airflow/dags/weather_dag.py
[2026-08-14T07:34:38.554+0000] {processor.py:925} INFO - DAG(s) 'weather_ingestion' retrieved from /opt/airflow/dags/weather_dag.py
[2026-08-14T07:34:38.572+0000] {logging_mixin.py:190} INFO - [2026-08-14T07:34:38.572+0000] {dag.py:3239} INFO - Sync 1 DAGs
[2026-08-14T07:34:38.777+0000] {logging_mixin.py:190} INFO - [2026-08-14T07:34:38.777+0000] {dag.py:4180} INFO - Setting next_dagrun for weather_ingestion to 2026-08-14 07:00:00+00:00, run_after=2026-08-14 08:00:00+00:00
[2026-08-14T07:34:38.783+0000] {processor.py:208} INFO - Processing /opt/airflow/dags/weather_dag.py took 0.249 seconds
[2026-08-14T07:35:09.049+0000] {processor.py:186} INFO - Started process (PID=18112) to work on /opt/airflow/dags/weather_dag.py
[2026-08-14T07:35:09.051+0000] {processor.py:914} INFO - Processing file /opt/airflow/dags/weather_dag.py for tasks to queue
[2026-08-14T07:35:09.054+0000] {logging_mixin.py:190} INFO - [2026-08-14T07:35:09.053+0000] {dagbag.py:588} INFO - Filling up the DagBag from /opt/airflow/dags/weather_dag.py
[2026-08-14T07:35:09.067+0000] {processor.py:925} INFO - DAG(s) 'weather_ingestion' retrieved from /opt/airflow/dags/weather_dag.py
[2026-08-14T07:35:09.089+0000] {logging_mixin.py:190} INFO - [2026-08-14T07:35:09.089+0000] {dag.py:3239} INFO - Sync 1 DAGs
[2026-08-14T07:35:09.241+0000] {logging_mixin.py:190} INFO - [2026-08-14T07:35:09.241+0000] {dag.py:4180} INFO - Setting next_dagrun for weather_ingestion to 2026-08-14 07:00:00+00:00, run_after=2026-08-14 08:00:00+00:00
[2026-08-14T07:35:09.248+0000] {processor.py:208} INFO - Processing /opt/airflow/dags/weather_dag.py took 0.212 seconds
[2026-08-14T07:35:39.340+0000] {processor.py:186} INFO - Started process (PID=18117) to work on /opt/airflow/dags/weather_dag.py
[2026-08-14T07:35:39.341+0000] {processor.py:914} INFO - Processing file /opt/airflow/dags/weather_dag.py for tasks to queue
[2026-08-14T07:35:39.345+0000] {logging_mixin.py:190} INFO - [2026-08-14T07:35:39.344+0000] {dagbag.py:588} INFO - Filling up the DagBag from /opt/airflow/dags/weather_dag.py
[2026-08-14T07:35:39.361+0000] {processor.py:925} INFO - DAG(s) 'weather_ingestion' retrieved from /opt/airflow/dags/weather_dag.py
[2026-08-14T07:35:39.384+0000] {logging_mixin.py:190} INFO - [2026-08-14T07:35:39.384+0000] {dag.py:3239} INFO - Sync 1 DAGs
[2026-08-14T07:35:39.397+0000] {logging_mixin.py:190} INFO - [2026-08-14T07:35:39.397+0000] {dag.py:4180} INFO - Setting next_dagrun for weather_ingestion to 2026-08-14 07:00:00+00:00, run_after=2026-08-14 08:00:00+00:00
[2026-08-14T07:35:39.404+0000] {processor.py:208} INFO - Processing /opt/airflow/dags/weather_dag.py took 0.074 seconds
[2026-08-14T07:36:09.661+0000] {processor.py:186} INFO - Started process (PID=18122) to work on /opt/airflow/dags/weather_dag.py
[2026-08-14T07:36:09.662+0000] {processor.py:914} INFO - Processing file /opt/airflow/dags/weather_dag.py for tasks to queue
[2026-08-14T07:36:09.665+0000] {logging_mixin.py:190} INFO - [2026-08-14T07:36:09.664+0000] {dagbag.py:588} INFO - Filling up the DagBag from /opt/airflow/dags/weather_dag.py
[2026-08-14T07:36:09.677+0000] {processor.py:925} INFO - DAG(s) 'weather_ingestion' retrieved from /opt/airflow/dags/weather_dag.py
[2026-08-14T07:36:09.697+0000] {logging_mixin.py:190} INFO - [2026-08-14T07:36:09.697+0000] {dag.py:3239} INFO - Sync 1 DAGs
[2026-08-14T07:36:09.709+0000] {logging_mixin.py:190} INFO - [2026-08-14T07:36:09.709+0000] {dag.py:4180} INFO - Setting next_dagrun for weather_ingestion to 2026-08-14 07:00:00+00:00, run_after=2026-08-14 08:00:00+00:00
[2026-08-14T07:36:09.716+0000] {processor.py:208} INFO - Processing /opt/airflow/dags/weather_dag.py took 0.063 seconds
[2026-08-14T07:36:40.007+0000] {processor.py:186} INFO - Started process (PID=18127) to work on /opt/airflow/dags/weather_dag.py
[2026-08-14T07:36:40.009+0000] {processor.py:914} INFO - Processing file /opt/airflow/dags/weather_dag.py for tasks to queue
[2026-08-14T07:36:40.012+0000] {logging_mixin.py:190} INFO - [2026-08-14T07:36:40.011+0000] {dagbag.py:588} INFO - Filling up the DagBag from /opt/airflow/dags/weather_dag.py
[2026-08-14T07:36:40.021+0000] {processor.py:925} INFO - DAG(s) 'weather_ingestion' retrieved from /opt/airflow/dags/weather_dag.py
[2026-08-14T07:36:40.038+0000] {logging_mixin.py:190} INFO - [2026-08-14T07:36:40.038+0000] {dag.py:3239} INFO - Sync 1 DAGs
[2026-08-14T07:36:40.049+0000] {logging_mixin.py:190} INFO - [2026-08-14T07:36:40.049+0000] {dag.py:4180} INFO - Setting next_dagrun for weather_ingestion to 2026-08-14 07:00:00+00:00, run_after=2026-08-14 08:00:00+00:00
[2026-08-14T07:36:40.056+0000] {processor.py:208} INFO - Processing /opt/airflow/dags/weather_dag.py took 0.060 seconds
[2026-08-14T07:37:10.334+0000] {processor.py:186} INFO - Started process (PID=18132) to work on /opt/airflow/dags/weather_dag.py
[2026-08-14T07:37:10.335+0000] {processor.py:914} INFO - Processing file /opt/airflow/dags/weather_dag.py for tasks to queue
[2026-08-14T07:37:10.338+0000] {logging_mixin.py:190} INFO - [2026-08-14T07:37:10.338+0000] {dagbag.py:588} INFO - Filling up the DagBag from /opt/airflow/dags/weather_dag.py
[2026-08-14T07:37:10.349+0000] {processor.py:925} INFO - DAG(s) 'weather_ingestion' retrieved from /opt/airflow/dags/weather_dag.py
[2026-08-14T07:37:10.369+0000] {logging_mixin.py:190} INFO - [2026-08-14T07:37:10.369+0000] {dag.py:3239} INFO - Sync 1 DAGs
[2026-08-14T07:37:10.381+0000] {logging_mixin.py:190} INFO - [2026-08-14T07:37:10.381+0000] {dag.py:4180} INFO - Setting next_dagrun for weather_ingestion to 2026-08-14 07:00:00+00:00, run_after=2026-08-14 08:00:00+00:00
[2026-08-14T07:37:10.478+0000] {processor.py:208} INFO - Processing /opt/airflow/dags/weather_dag.py took 0.150 seconds
[2026-08-14T07:37:40.646+0000] {processor.py:186} INFO - Started process (PID=18137) to work on /opt/airflow/dags/weather_dag.py
[2026-08-14T07:37:40.648+0000] {processor.py:914} INFO - Processing file /opt/airflow/dags/weather_dag.py for tasks to queue
[2026-08-14T07:37:40.650+0000] {logging_mixin.py:190} INFO - [2026-08-14T07:37:40.650+0000] {dagbag.py:588} INFO - Filling up the DagBag from /opt/airflow/dags/weather_dag.py
[2026-08-14T07:37:40.661+0000] {processor.py:925} INFO - DAG(s) 'weather_ingestion' retrieved from /opt/airflow/dags/weather_dag.py
[2026-08-14T07:37:40.680+0000] {logging_mixin.py:190} INFO - [2026-08-14T07:37:40.680+0000] {dag.py:3239} INFO - Sync 1 DAGs
[2026-08-14T07:37:40.772+0000] {logging_mixin.py:190} INFO - [2026-08-14T07:37:40.772+0000] {dag.py:4180} INFO - Setting next_dagrun for weather_ingestion to 2026-08-14 07:00:00+00:00, run_after=2026-08-14 08:00:00+00:00
[2026-08-14T07:37:40.779+0000] {processor.py:208} INFO - Processing /opt/airflow/dags/weather_dag.py took 0.139 seconds
[2026-08-14T07:38:11.069+0000] {processor.py:186} INFO - Started process (PID=18142) to work on /opt/airflow/dags/weather_dag.py
[2026-08-14T07:38:11.070+0000] {processor.py:914} INFO - Processing file /opt/airflow/dags/weather_dag.py for tasks to queue
[2026-08-14T07:38:11.074+0000] {logging_mixin.py:190} INFO - [2026-08-14T07:38:11.073+0000] {dagbag.py:588} INFO - Filling up the DagBag from /opt/airflow/dags/weather_dag.py
[2026-08-14T07:38:11.089+0000] {processor.py:925} INFO - DAG(s) 'weather_ingestion' retrieved from /opt/airflow/dags/weather_dag.py
[2026-08-14T07:38:11.112+0000] {logging_mixin.py:190} INFO - [2026-08-14T07:38:11.112+0000] {dag.py:3239} INFO - Sync 1 DAGs
[2026-08-14T07:38:11.234+0000] {logging_mixin.py:190} INFO - [2026-08-14T07:38:11.234+0000] {dag.py:4180} INFO - Setting next_dagrun for weather_ingestion to 2026-08-14 07:00:00+00:00, run_after=2026-08-14 08:00:00+00:00
[2026-08-14T07:38:11.240+0000] {processor.py:208} INFO - Processing /opt/airflow/dags/weather_dag.py took 0.180 seconds
[2026-08-14T07:38:41.363+0000] {processor.py:186} INFO - Started process (PID=18147) to work on /opt/airflow/dags/weather_dag.py
[2026-08-14T07:38:41.364+0000] {processor.py:914} INFO - Processing file /opt/airflow/dags/weather_dag.py for tasks to queue
[2026-08-14T07:38:41.366+0000] {logging_mixin.py:190} INFO - [2026-08-14T07:38:41.366+0000] {dagbag.py:588} INFO - Filling up the DagBag from /opt/airflow/dags/weather_dag.py
[2026-08-14T07:38:41.377+0000] {processor.py:925} INFO - DAG(s) 'weather_ingestion' retrieved from /opt/airflow/dags/weather_dag.py
[2026-08-14T07:38:41.398+0000] {logging_mixin.py:190} INFO - [2026-08-14T07:38:41.397+0000] {dag.py:3239} INFO - Sync 1 DAGs
[2026-08-14T07:38:41.408+0000] {logging_mixin.py:190} INFO - [2026-08-14T07:38:41.408+0000] {dag.py:4180} INFO - Setting next_dagrun for weather_ingestion to 2026-08-14 07:00:00+00:00, run_after=2026-08-14 08:00:00+00:00
[2026-08-14T07:38:41.416+0000] {processor.py:208} INFO - Processing /opt/airflow/dags/weather_dag.py took 0.060 seconds
[2026-08-14T07:39:11.684+0000] {processor.py:186} INFO - Started process (PID=18152) to work on /opt/airflow/dags/weather_dag.py
[2026-08-14T07:39:11.685+0000] {processor.py:914} INFO - Processing file /opt/airflow/dags/weather_dag.py for tasks to queue
[2026-08-14T07:39:11.687+0000] {logging_mixin.py:190} INFO - [2026-08-14T07:39:11.687+0000] {dagbag.py:588} INFO - Filling up the DagBag from /opt/airflow/dags/weather_dag.py
[2026-08-14T07:39:11.698+0000] {processor.py:925} INFO - DAG(s) 'weather_ingestion' retrieved from /opt/airflow/dags/weather_dag.py
[2026-08-14T07:39:11.717+0000] {logging_mixin.py:190} INFO - [2026-08-14T07:39:11.717+0000] {dag.py:3239} INFO - Sync 1 DAGs
[2026-08-14T07:39:11.729+0000] {logging_mixin.py:190} INFO - [2026-08-14T07:39:11.729+0000] {dag.py:4180} INFO - Setting next_dagrun for weather_ingestion to 2026-08-14 07:00:00+00:00, run_after=2026-08-14 08:00:00+00:00
[2026-08-14T07:39:11.736+0000] {processor.py:208} INFO - Processing /opt/airflow/dags/weather_dag.py took 0.059 seconds
[2026-08-14T07:39:41.995+0000] {processor.py:186} INFO - Started process (PID=18157) to work on /opt/airflow/dags/weather_dag.py
[2026-08-14T07:39:41.997+0000] {processor.py:914} INFO - Processing file /opt/airflow/dags/weather_dag.py for tasks to queue
[2026-08-14T07:39:41.999+0000] {logging_mixin.py:190} INFO - [2026-08-14T07:39:41.998+0000] {dagbag.py:588} INFO - Filling up the DagBag from /opt/airflow/dags/weather_dag.py
[2026-08-14T07:39:42.009+0000] {processor.py:925} INFO - DAG(s) 'weather_ingestion' retrieved from /opt/airflow/dags/weather_dag.py
[2026-08-14T07:39:42.028+0000] {logging_mixin.py:190} INFO - [2026-08-14T07:39:42.028+0000] {dag.py:3239} INFO - Sync 1 DAGs
[2026-08-14T07:39:42.039+0000] {logging_mixin.py:190} INFO - [2026-08-14T07:39:42.038+0000] {dag.py:4180} INFO - Setting next_dagrun for weather_ingestion to 2026-08-14 07:00:00+00:00, run_after=2026-08-14 08:00:00+00:00
[2026-08-14T07:39:42.046+0000] {processor.py:208} INFO - Processing /opt/airflow/dags/weather_dag.py took 0.056 seconds
[2026-08-14T07:40:12.381+0000] {processor.py:186} INFO - Started process (PID=18162) to work on /opt/airflow/dags/weather_dag.py
[2026-08-14T07:40:12.382+0000] {processor.py:914} INFO - Processing file /opt/airflow/dags/weather_dag.py for tasks to queue
[2026-08-14T07:40:12.388+0000] {logging_mixin.py:190} INFO - [2026-08-14T07:40:12.387+0000] {dagbag.py:588} INFO - Filling up the DagBag from /opt/airflow/dags/weather_dag.py
[2026-08-14T07:40:12.408+0000] {processor.py:925} INFO - DAG(s) 'weather_ingestion' retrieved from /opt/airflow/dags/weather_dag.py
[2026-08-14T07:40:12.439+0000] {logging_mixin.py:190} INFO - [2026-08-14T07:40:12.439+0000] {dag.py:3239} INFO - Sync 1 DAGs
[2026-08-14T07:40:12.485+0000] {logging_mixin.py:190} INFO - [2026-08-14T07:40:12.485+0000] {dag.py:4180} INFO - Setting next_dagrun for weather_ingestion to 2026-08-14 07:00:00+00:00, run_after=2026-08-14 08:00:00+00:00
[2026-08-14T07:40:12.711+0000] {processor.py:208} INFO - Processing /opt/airflow/dags/weather_dag.py took 0.341 seconds
[2026-08-14T07:40:42.995+0000] {processor.py:186} INFO - Started process (PID=18167) to work on /opt/airflow/dags/weather_dag.py
[2026-08-14T07:40:42.996+0000] {processor.py:914} INFO - Processing file /opt/airflow/dags/weather_dag.py for tasks to queue
[2026-08-14T07:40:42.999+0000] {logging_mixin.py:190} INFO - [2026-08-14T07:40:42.998+0000] {dagbag.py:588} INFO - Filling up the DagBag from /opt/airflow/dags/weather_dag.py
[2026-08-14T07:40:43.010+0000] {processor.py:925} INFO - DAG(s) 'weather_ingestion' retrieved from /opt/airflow/dags/weather_dag.py
[2026-08-14T07:40:43.032+0000] {logging_mixin.py:190} INFO - [2026-08-14T07:40:43.032+0000] {dag.py:3239} INFO - Sync 1 DAGs
[2026-08-14T07:40:43.162+0000] {logging_mixin.py:190} INFO - [2026-08-14T07:40:43.162+0000] {dag.py:4180} INFO - Setting next_dagrun for weather_ingestion to 2026-08-14 07:00:00+00:00, run_after=2026-08-14 08:00:00+00:00
[2026-08-14T07:40:43.169+0000] {processor.py:208} INFO - Processing /opt/airflow/dags/weather_dag.py took 0.179 seconds
[2026-08-14T07:41:13.421+0000] {processor.py:186} INFO - Started process (PID=18172) to work on /opt/airflow/dags/weather_dag.py
[2026-08-14T07:41:13.425+0000] {processor.py:914} INFO - Processing file /opt/airflow/dags/weather_dag.py for tasks to queue
[2026-08-14T07:41:13.446+0000] {logging_mixin.py:190} INFO - [2026-08-14T07:41:13.445+0000] {dagbag.py:588} INFO - Filling up the DagBag from /opt/airflow/dags/weather_dag.py
[2026-08-14T07:41:13.467+0000] {processor.py:925} INFO - DAG(s) 'weather_ingestion' retrieved from /opt/airflow/dags/weather_dag.py
[2026-08-14T07:41:13.783+0000] {logging_mixin.py:190} INFO - [2026-08-14T07:41:13.783+0000] {dag.py:3239} INFO - Sync 1 DAGs
[2026-08-14T07:41:13.797+0000] {logging_mixin.py:190} INFO - [2026-08-14T07:41:13.797+0000] {dag.py:4180} INFO - Setting next_dagrun for weather_ingestion to 2026-08-14 07:00:00+00:00, run_after=2026-08-14 08:00:00+00:00
[2026-08-14T07:41:13.805+0000] {processor.py:208} INFO - Processing /opt/airflow/dags/weather_dag.py took 0.403 seconds
[2026-08-14T07:41:44.128+0000] {processor.py:186} INFO - Started process (PID=18177) to work on /opt/airflow/dags/weather_dag.py
[2026-08-14T07:41:44.131+0000] {processor.py:914} INFO - Processing file /opt/airflow/dags/weather_dag.py for tasks to queue
[2026-08-14T07:41:44.134+0000] {logging_mixin.py:190} INFO - [2026-08-14T07:41:44.133+0000] {dagbag.py:588} INFO - Filling up the DagBag from /opt/airflow/dags/weather_dag.py
[2026-08-14T07:41:44.145+0000] {processor.py:925} INFO - DAG(s) 'weather_ingestion' retrieved from /opt/airflow/dags/weather_dag.py
[2026-08-14T07:41:44.164+0000] {logging_mixin.py:190} INFO - [2026-08-14T07:41:44.164+0000] {dag.py:3239} INFO - Sync 1 DAGs
[2026-08-14T07:41:44.176+0000] {logging_mixin.py:190} INFO - [2026-08-14T07:41:44.176+0000] {dag.py:4180} INFO - Setting next_dagrun for weather_ingestion to 2026-08-14 07:00:00+00:00, run_after=2026-08-14 08:00:00+00:00
[2026-08-14T07:41:44.184+0000] {processor.py:208} INFO - Processing /opt/airflow/dags/weather_dag.py took 0.063 seconds
[2026-08-14T07:42:14.457+0000] {processor.py:186} INFO - Started process (PID=18182) to work on /opt/airflow/dags/weather_dag.py
[2026-08-14T07:42:14.458+0000] {processor.py:914} INFO - Processing file /opt/airflow/dags/weather_dag.py for tasks to queue
[2026-08-14T07:42:14.462+0000] {logging_mixin.py:190} INFO - [2026-08-14T07:42:14.462+0000] {dagbag.py:588} INFO - Filling up the DagBag from /opt/airflow/dags/weather_dag.py
[2026-08-14T07:42:14.479+0000] {processor.py:925} INFO - DAG(s) 'weather_ingestion' retrieved from /opt/airflow/dags/weather_dag.py
[2026-08-14T07:42:14.505+0000] {logging_mixin.py:190} INFO - [2026-08-14T07:42:14.505+0000] {dag.py:3239} INFO - Sync 1 DAGs
[2026-08-14T07:42:14.523+0000] {logging_mixin.py:190} INFO - [2026-08-14T07:42:14.523+0000] {dag.py:4180} INFO - Setting next_dagrun for weather_ingestion to 2026-08-14 07:00:00+00:00, run_after=2026-08-14 08:00:00+00:00
[2026-08-14T07:42:14.533+0000] {processor.py:208} INFO - Processing /opt/airflow/dags/weather_dag.py took 0.087 seconds
[2026-08-14T07:42:44.727+0000] {processor.py:186} INFO - Started process (PID=18187) to work on /opt/airflow/dags/weather_dag.py
[2026-08-14T07:42:44.728+0000] {processor.py:914} INFO - Processing file /opt/airflow/dags/weather_dag.py for tasks to queue
[2026-08-14T07:42:44.730+0000] {logging_mixin.py:190} INFO - [2026-08-14T07:42:44.730+0000] {dagbag.py:588} INFO - Filling up the DagBag from /opt/airflow/dags/weather_dag.py
[2026-08-14T07:42:44.741+0000] {processor.py:925} INFO - DAG(s) 'weather_ingestion' retrieved from /opt/airflow/dags/weather_dag.py
[2026-08-14T07:42:44.761+0000] {logging_mixin.py:190} INFO - [2026-08-14T07:42:44.761+0000] {dag.py:3239} INFO - Sync 1 DAGs
[2026-08-14T07:42:44.772+0000] {logging_mixin.py:190} INFO - [2026-08-14T07:42:44.772+0000] {dag.py:4180} INFO - Setting next_dagrun for weather_ingestion to 2026-08-14 07:00:00+00:00, run_after=2026-08-14 08:00:00+00:00
[2026-08-14T07:42:44.780+0000] {processor.py:208} INFO - Processing /opt/airflow/dags/weather_dag.py took 0.062 seconds
[2026-08-14T07:43:15.160+0000] {processor.py:186} INFO - Started process (PID=18192) to work on /opt/airflow/dags/weather_dag.py
[2026-08-14T07:43:15.162+0000] {processor.py:914} INFO - Processing file /opt/airflow/dags/weather_dag.py for tasks to queue
[2026-08-14T07:43:15.168+0000] {logging_mixin.py:190} INFO - [2026-08-14T07:43:15.167+0000] {dagbag.py:588} INFO - Filling up the DagBag from /opt/airflow/dags/weather_dag.py
[2026-08-14T07:43:15.223+0000] {processor.py:925} INFO - DAG(s) 'weather_ingestion' retrieved from /opt/airflow/dags/weather_dag.py
[2026-08-14T07:43:15.249+0000] {logging_mixin.py:190} INFO - [2026-08-14T07:43:15.249+0000] {dag.py:3239} INFO - Sync 1 DAGs
[2026-08-14T07:43:15.478+0000] {logging_mixin.py:190} INFO - [2026-08-14T07:43:15.478+0000] {dag.py:4180} INFO - Setting next_dagrun for weather_ingestion to 2026-08-14 07:00:00+00:00, run_after=2026-08-14 08:00:00+00:00
[2026-08-14T07:43:15.485+0000] {processor.py:208} INFO - Processing /opt/airflow/dags/weather_dag.py took 0.339 seconds
[2026-08-14T07:43:45.778+0000] {processor.py:186} INFO - Started process (PID=18197) to work on /opt/airflow/dags/weather_dag.py
[2026-08-14T07:43:45.779+0000] {processor.py:914} INFO - Processing file /opt/airflow/dags/weather_dag.py for tasks to queue
[2026-08-14T07:43:45.781+0000] {logging_mixin.py:190} INFO - [2026-08-14T07:43:45.781+0000] {dagbag.py:588} INFO - Filling up the DagBag from /opt/airflow/dags/weather_dag.py
[2026-08-14T07:43:45.790+0000] {processor.py:925} INFO - DAG(s) 'weather_ingestion' retrieved from /opt/airflow/dags/weather_dag.py
[2026-08-14T07:43:45.810+0000] {logging_mixin.py:190} INFO - [2026-08-14T07:43:45.810+0000] {dag.py:3239} INFO - Sync 1 DAGs
[2026-08-14T07:43:45.909+0000] {logging_mixin.py:190} INFO - [2026-08-14T07:43:45.909+0000] {dag.py:4180} INFO - Setting next_dagrun for weather_ingestion to 2026-08-14 07:00:00+00:00, run_after=2026-08-14 08:00:00+00:00
[2026-08-14T07:43:45.915+0000] {processor.py:208} INFO - Processing /opt/airflow/dags/weather_dag.py took 0.144 seconds
[2026-08-14T07:44:16.116+0000] {processor.py:186} INFO - Started process (PID=18202) to work on /opt/airflow/dags/weather_dag.py
[2026-08-14T07:44:16.117+0000] {processor.py:914} INFO - Processing file /opt/airflow/dags/weather_dag.py for tasks to queue
[2026-08-14T07:44:16.121+0000] {logging_mixin.py:190} INFO - [2026-08-14T07:44:16.120+0000] {dagbag.py:588} INFO - Filling up the DagBag from /opt/airflow/dags/weather_dag.py
[2026-08-14T07:44:16.136+0000] {processor.py:925} INFO - DAG(s) 'weather_ingestion' retrieved from /opt/airflow/dags/weather_dag.py
[2026-08-14T07:44:16.277+0000] {logging_mixin.py:190} INFO - [2026-08-14T07:44:16.277+0000] {dag.py:3239} INFO - Sync 1 DAGs
[2026-08-14T07:44:16.287+0000] {logging_mixin.py:190} INFO - [2026-08-14T07:44:16.287+0000] {dag.py:4180} INFO - Setting next_dagrun for weather_ingestion to 2026-08-14 07:00:00+00:00, run_after=2026-08-14 08:00:00+00:00
[2026-08-14T07:44:16.294+0000] {processor.py:208} INFO - Processing /opt/airflow/dags/weather_dag.py took 0.187 seconds
[2026-08-14T07:44:46.454+0000] {processor.py:186} INFO - Started process (PID=18207) to work on /opt/airflow/dags/weather_dag.py
[2026-08-14T07:44:46.455+0000] {processor.py:914} INFO - Processing file /opt/airflow/dags/weather_dag.py for tasks to queue
[2026-08-14T07:44:46.458+0000] {logging_mixin.py:190} INFO - [2026-08-14T07:44:46.458+0000] {dagbag.py:588} INFO - Filling up the DagBag from /opt/airflow/dags/weather_dag.py
[2026-08-14T07:44:46.468+0000] {processor.py:925} INFO - DAG(s) 'weather_ingestion' retrieved from /opt/airflow/dags/weather_dag.py
[2026-08-14T07:44:46.488+0000] {logging_mixin.py:190} INFO - [2026-08-14T07:44:46.488+0000] {dag.py:3239} INFO - Sync 1 DAGs
[2026-08-14T07:44:46.502+0000] {logging_mixin.py:190} INFO - [2026-08-14T07:44:46.502+0000] {dag.py:4180} INFO - Setting next_dagrun for weather_ingestion to 2026-08-14 07:00:00+00:00, run_after=2026-08-14 08:00:00+00:00
[2026-08-14T07:44:46.511+0000] {processor.py:208} INFO - Processing /opt/airflow/dags/weather_dag.py took 0.065 seconds
[2026-08-14T07:45:16.731+0000] {processor.py:186} INFO - Started process (PID=18212) to work on /opt/airflow/dags/weather_dag.py
[2026-08-14T07:45:16.732+0000] {processor.py:914} INFO - Processing file /opt/airflow/dags/weather_dag.py for tasks to queue
[2026-08-14T07:45:16.734+0000] {logging_mixin.py:190} INFO - [2026-08-14T07:45:16.733+0000] {dagbag.py:588} INFO - Filling up the DagBag from /opt/airflow/dags/weather_dag.py
[2026-08-14T07:45:16.741+0000] {processor.py:925} INFO - DAG(s) 'weather_ingestion' retrieved from /opt/airflow/dags/weather_dag.py
[2026-08-14T07:45:16.759+0000] {logging_mixin.py:190} INFO - [2026-08-14T07:45:16.759+0000] {dag.py:3239} INFO - Sync 1 DAGs
[2026-08-14T07:45:16.771+0000] {logging_mixin.py:190} INFO - [2026-08-14T07:45:16.771+0000] {dag.py:4180} INFO - Setting next_dagrun for weather_ingestion to 2026-08-14 07:00:00+00:00, run_after=2026-08-14 08:00:00+00:00
[2026-08-14T07:45:16.778+0000] {processor.py:208} INFO - Processing /opt/airflow/dags/weather_dag.py took 0.052 seconds
[2026-08-14T07:45:47.034+0000] {processor.py:186} INFO - Started process (PID=18217) to work on /opt/airflow/dags/weather_dag.py
[2026-08-14T07:45:47.035+0000] {processor.py:914} INFO - Processing file /opt/airflow/dags/weather_dag.py for tasks to queue
[2026-08-14T07:45:47.039+0000] {logging_mixin.py:190} INFO - [2026-08-14T07:45:47.039+0000] {dagbag.py:588} INFO - Filling up the DagBag from /opt/airflow/dags/weather_dag.py
[2026-08-14T07:45:47.055+0000] {processor.py:925} INFO - DAG(s) 'weather_ingestion' retrieved from /opt/airflow/dags/weather_dag.py
[2026-08-14T07:45:47.079+0000] {logging_mixin.py:190} INFO - [2026-08-14T07:45:47.079+0000] {dag.py:3239} INFO - Sync 1 DAGs
[2026-08-14T07:45:47.093+0000] {logging_mixin.py:190} INFO - [2026-08-14T07:45:47.093+0000] {dag.py:4180} INFO - Setting next_dagrun for weather_ingestion to 2026-08-14 07:00:00+00:00, run_after=2026-08-14 08:00:00+00:00
[2026-08-14T07:45:47.248+0000] {processor.py:208} INFO - Processing /opt/airflow/dags/weather_dag.py took 0.223 seconds
[2026-08-14T07:46:17.337+0000] {processor.py:186} INFO - Started process (PID=18222) to work on /opt/airflow/dags/weather_dag.py
[2026-08-14T07:46:17.337+0000] {processor.py:914} INFO - Processing file /opt/airflow/dags/weather_dag.py for tasks to queue
[2026-08-14T07:46:17.339+0000] {logging_mixin.py:190} INFO - [2026-08-14T07:46:17.339+0000] {dagbag.py:588} INFO - Filling up the DagBag from /opt/airflow/dags/weather_dag.py
[2026-08-14T07:46:17.348+0000] {processor.py:925} INFO - DAG(s) 'weather_ingestion' retrieved from /opt/airflow/dags/weather_dag.py
[2026-08-14T07:46:17.367+0000] {logging_mixin.py:190} INFO - [2026-08-14T07:46:17.367+0000] {dag.py:3239} INFO - Sync 1 DAGs
[2026-08-14T07:46:17.479+0000] {logging_mixin.py:190} INFO - [2026-08-14T07:46:17.479+0000] {dag.py:4180} INFO - Setting next_dagrun for weather_ingestion to 2026-08-14 07:00:00+00:00, run_after=2026-08-14 08:00:00+00:00
[2026-08-14T07:46:17.487+0000] {processor.py:208} INFO - Processing /opt/airflow/dags/weather_dag.py took 0.157 seconds
[2026-08-14T07:46:47.823+0000] {processor.py:186} INFO - Started process (PID=18227) to work on /opt/airflow/dags/weather_dag.py
[2026-08-14T07:46:47.824+0000] {processor.py:914} INFO - Processing file /opt/airflow/dags/weather_dag.py for tasks to queue
[2026-08-14T07:46:47.826+0000] {logging_mixin.py:190} INFO - [2026-08-14T07:46:47.826+0000] {dagbag.py:588} INFO - Filling up the DagBag from /opt/airflow/dags/weather_dag.py
[2026-08-14T07:46:47.836+0000] {processor.py:925} INFO - DAG(s) 'weather_ingestion' retrieved from /opt/airflow/dags/weather_dag.py
[2026-08-14T07:46:47.853+0000] {logging_mixin.py:190} INFO - [2026-08-14T07:46:47.853+0000] {dag.py:3239} INFO - Sync 1 DAGs
[2026-08-14T07:46:47.952+0000] {logging_mixin.py:190} INFO - [2026-08-14T07:46:47.951+0000] {dag.py:4180} INFO - Setting next_dagrun for weather_ingestion to 2026-08-14 07:00:00+00:00, run_after=2026-08-14 08:00:00+00:00
[2026-08-14T07:46:47.958+0000] {processor.py:208} INFO - Processing /opt/airflow/dags/weather_dag.py took 0.140 seconds
[2026-08-14T07:47:18.127+0000] {processor.py:186} INFO - Started process (PID=18232) to work on /opt/airflow/dags/weather_dag.py
[2026-08-14T07:47:18.129+0000] {processor.py:914} INFO - Processing file /opt/airflow/dags/weather_dag.py for tasks to queue
[2026-08-14T07:47:18.131+0000] {logging_mixin.py:190} INFO - [2026-08-14T07:47:18.130+0000] {dagbag.py:588} INFO - Filling up the DagBag from /opt/airflow/dags/weather_dag.py
[2026-08-14T07:47:18.141+0000] {processor.py:925} INFO - DAG(s) 'weather_ingestion' retrieved from /opt/airflow/dags/weather_dag.py
[2026-08-14T07:47:18.163+0000] {logging_mixin.py:190} INFO - [2026-08-14T07:47:18.163+0000] {dag.py:3239} INFO - Sync 1 DAGs
[2026-08-14T07:47:18.176+0000] {logging_mixin.py:190} INFO - [2026-08-14T07:47:18.176+0000] {dag.py:4180} INFO - Setting next_dagrun for weather_ingestion to 2026-08-14 07:00:00+00:00, run_after=2026-08-14 08:00:00+00:00
[2026-08-14T07:47:18.184+0000] {processor.py:208} INFO - Processing /opt/airflow/dags/weather_dag.py took 0.064 seconds
[2026-08-14T07:47:48.449+0000] {processor.py:186} INFO - Started process (PID=18237) to work on /opt/airflow/dags/weather_dag.py
[2026-08-14T07:47:48.450+0000] {processor.py:914} INFO - Processing file /opt/airflow/dags/weather_dag.py for tasks to queue
[2026-08-14T07:47:48.452+0000] {logging_mixin.py:190} INFO - [2026-08-14T07:47:48.452+0000] {dagbag.py:588} INFO - Filling up the DagBag from /opt/airflow/dags/weather_dag.py
[2026-08-14T07:47:48.462+0000] {processor.py:925} INFO - DAG(s) 'weather_ingestion' retrieved from /opt/airflow/dags/weather_dag.py
[2026-08-14T07:47:48.479+0000] {logging_mixin.py:190} INFO - [2026-08-14T07:47:48.479+0000] {dag.py:3239} INFO - Sync 1 DAGs
[2026-08-14T07:47:48.490+0000] {logging_mixin.py:190} INFO - [2026-08-14T07:47:48.490+0000] {dag.py:4180} INFO - Setting next_dagrun for weather_ingestion to 2026-08-14 07:00:00+00:00, run_after=2026-08-14 08:00:00+00:00
[2026-08-14T07:47:48.497+0000] {processor.py:208} INFO - Processing /opt/airflow/dags/weather_dag.py took 0.054 seconds
[2026-08-14T07:48:18.780+0000] {processor.py:186} INFO - Started process (PID=18242) to work on /opt/airflow/dags/weather_dag.py
[2026-08-14T07:48:18.781+0000] {processor.py:914} INFO - Processing file /opt/airflow/dags/weather_dag.py for tasks to queue
[2026-08-14T07:48:18.785+0000] {logging_mixin.py:190} INFO - [2026-08-14T07:48:18.784+0000] {dagbag.py:588} INFO - Filling up the DagBag from /opt/airflow/dags/weather_dag.py
[2026-08-14T07:48:18.801+0000] {processor.py:925} INFO - DAG(s) 'weather_ingestion' retrieved from /opt/airflow/dags/weather_dag.py
[2026-08-14T07:48:18.822+0000] {logging_mixin.py:190} INFO - [2026-08-14T07:48:18.822+0000] {dag.py:3239} INFO - Sync 1 DAGs
[2026-08-14T07:48:18.836+0000] {logging_mixin.py:190} INFO - [2026-08-14T07:48:18.836+0000] {dag.py:4180} INFO - Setting next_dagrun for weather_ingestion to 2026-08-14 07:00:00+00:00, run_after=2026-08-14 08:00:00+00:00
[2026-08-14T07:48:18.845+0000] {processor.py:208} INFO - Processing /opt/airflow/dags/weather_dag.py took 0.073 seconds
[2026-08-14T07:48:49.096+0000] {processor.py:186} INFO - Started process (PID=18247) to work on /opt/airflow/dags/weather_dag.py
[2026-08-14T07:48:49.097+0000] {processor.py:914} INFO - Processing file /opt/airflow/dags/weather_dag.py for tasks to queue
[2026-08-14T07:48:49.099+0000] {logging_mixin.py:190} INFO - [2026-08-14T07:48:49.099+0000] {dagbag.py:588} INFO - Filling up the DagBag from /opt/airflow/dags/weather_dag.py
[2026-08-14T07:48:49.107+0000] {processor.py:925} INFO - DAG(s) 'weather_ingestion' retrieved from /opt/airflow/dags/weather_dag.py
[2026-08-14T07:48:49.125+0000] {logging_mixin.py:190} INFO - [2026-08-14T07:48:49.125+0000] {dag.py:3239} INFO - Sync 1 DAGs
[2026-08-14T07:48:49.139+0000] {logging_mixin.py:190} INFO - [2026-08-14T07:48:49.138+0000] {dag.py:4180} INFO - Setting next_dagrun for weather_ingestion to 2026-08-14 07:00:00+00:00, run_after=2026-08-14 08:00:00+00:00
[2026-08-14T07:48:49.335+0000] {processor.py:208} INFO - Processing /opt/airflow/dags/weather_dag.py took 0.244 seconds
[2026-08-14T07:49:19.384+0000] {processor.py:186} INFO - Started process (PID=18252) to work on /opt/airflow/dags/weather_dag.py
[2026-08-14T07:49:19.385+0000] {processor.py:914} INFO - Processing file /opt/airflow/dags/weather_dag.py for tasks to queue
[2026-08-14T07:49:19.388+0000] {logging_mixin.py:190} INFO - [2026-08-14T07:49:19.388+0000] {dagbag.py:588} INFO - Filling up the DagBag from /opt/airflow/dags/weather_dag.py
[2026-08-14T07:49:19.399+0000] {processor.py:925} INFO - DAG(s) 'weather_ingestion' retrieved from /opt/airflow/dags/weather_dag.py
[2026-08-14T07:49:19.418+0000] {logging_mixin.py:190} INFO - [2026-08-14T07:49:19.418+0000] {dag.py:3239} INFO - Sync 1 DAGs
[2026-08-14T07:49:19.508+0000] {logging_mixin.py:190} INFO - [2026-08-14T07:49:19.508+0000] {dag.py:4180} INFO - Setting next_dagrun for weather_ingestion to 2026-08-14 07:00:00+00:00, run_after=2026-08-14 08:00:00+00:00
[2026-08-14T07:49:19.514+0000] {processor.py:208} INFO - Processing /opt/airflow/dags/weather_dag.py took 0.137 seconds
