[2026-08-13T00:00:26.156+0000] {processor.py:186} INFO - Started process (PID=48363) to work on /opt/airflow/dags/weather_dag.py
[2026-08-13T00:00:26.157+0000] {processor.py:914} INFO - Processing file /opt/airflow/dags/weather_dag.py for tasks to queue
[2026-08-13T00:00:26.161+0000] {logging_mixin.py:190} INFO - [2026-08-13T00:00:26.160+0000] {dagbag.py:588} INFO - Filling up the DagBag from /opt/airflow/dags/weather_dag.py
[2026-08-13T00:00:26.457+0000] {processor.py:925} INFO - DAG(s) 'weather_ingestion' retrieved from /opt/airflow/dags/weather_dag.py
[2026-08-13T00:00:26.473+0000] {logging_mixin.py:190} INFO - [2026-08-13T00:00:26.472+0000] {dag.py:3239} INFO - Sync 1 DAGs
[2026-08-13T00:00:26.487+0000] {logging_mixin.py:190} INFO - [2026-08-13T00:00:26.486+0000] {dag.py:4180} INFO - Setting next_dagrun for weather_ingestion to 2026-08-13 00:00:00+00:00, run_after=2026-08-13 01:00:00+00:00
[2026-08-13T00:00:26.494+0000] {processor.py:208} INFO - Processing /opt/airflow/dags/weather_dag.py took 0.352 seconds
[2026-08-13T00:00:56.748+0000] {processor.py:186} INFO - Started process (PID=48370) to work on /opt/airflow/dags/weather_dag.py
[2026-08-13T00:00:56.751+0000] {processor.py:914} INFO - Processing file /opt/airflow/dags/weather_dag.py for tasks to queue
[2026-08-13T00:00:56.755+0000] {logging_mixin.py:190} INFO - [2026-08-13T00:00:56.755+0000] {dagbag.py:588} INFO - Filling up the DagBag from /opt/airflow/dags/weather_dag.py
[2026-08-13T00:00:56.987+0000] {processor.py:925} INFO - DAG(s) 'weather_ingestion' retrieved from /opt/airflow/dags/weather_dag.py
[2026-08-13T00:00:56.999+0000] {logging_mixin.py:190} INFO - [2026-08-13T00:00:56.999+0000] {dag.py:3239} INFO - Sync 1 DAGs
[2026-08-13T00:00:57.009+0000] {logging_mixin.py:190} INFO - [2026-08-13T00:00:57.009+0000] {dag.py:4180} INFO - Setting next_dagrun for weather_ingestion to 2026-08-13 00:00:00+00:00, run_after=2026-08-13 01:00:00+00:00
[2026-08-13T00:00:57.016+0000] {processor.py:208} INFO - Processing /opt/airflow/dags/weather_dag.py took 0.276 seconds
[2026-08-13T00:01:27.213+0000] {processor.py:186} INFO - Started process (PID=48377) to work on /opt/airflow/dags/weather_dag.py
[2026-08-13T00:01:27.215+0000] {processor.py:914} INFO - Processing file /opt/airflow/dags/weather_dag.py for tasks to queue
[2026-08-13T00:01:27.219+0000] {logging_mixin.py:190} INFO - [2026-08-13T00:01:27.218+0000] {dagbag.py:588} INFO - Filling up the DagBag from /opt/airflow/dags/weather_dag.py
[2026-08-13T00:01:27.474+0000] {processor.py:925} INFO - DAG(s) 'weather_ingestion' retrieved from /opt/airflow/dags/weather_dag.py
[2026-08-13T00:01:27.487+0000] {logging_mixin.py:190} INFO - [2026-08-13T00:01:27.487+0000] {dag.py:3239} INFO - Sync 1 DAGs
[2026-08-13T00:01:27.500+0000] {logging_mixin.py:190} INFO - [2026-08-13T00:01:27.500+0000] {dag.py:4180} INFO - Setting next_dagrun for weather_ingestion to 2026-08-13 00:00:00+00:00, run_after=2026-08-13 01:00:00+00:00
[2026-08-13T00:01:27.507+0000] {processor.py:208} INFO - Processing /opt/airflow/dags/weather_dag.py took 0.305 seconds
[2026-08-13T00:01:57.735+0000] {processor.py:186} INFO - Started process (PID=48384) to work on /opt/airflow/dags/weather_dag.py
[2026-08-13T00:01:57.737+0000] {processor.py:914} INFO - Processing file /opt/airflow/dags/weather_dag.py for tasks to queue
[2026-08-13T00:01:57.740+0000] {logging_mixin.py:190} INFO - [2026-08-13T00:01:57.740+0000] {dagbag.py:588} INFO - Filling up the DagBag from /opt/airflow/dags/weather_dag.py
[2026-08-13T00:01:57.949+0000] {processor.py:925} INFO - DAG(s) 'weather_ingestion' retrieved from /opt/airflow/dags/weather_dag.py
[2026-08-13T00:01:57.961+0000] {logging_mixin.py:190} INFO - [2026-08-13T00:01:57.960+0000] {dag.py:3239} INFO - Sync 1 DAGs
[2026-08-13T00:01:57.971+0000] {logging_mixin.py:190} INFO - [2026-08-13T00:01:57.971+0000] {dag.py:4180} INFO - Setting next_dagrun for weather_ingestion to 2026-08-13 00:00:00+00:00, run_after=2026-08-13 01:00:00+00:00
[2026-08-13T00:01:57.978+0000] {processor.py:208} INFO - Processing /opt/airflow/dags/weather_dag.py took 0.252 seconds
[2026-08-13T00:18:31.729+0000] {processor.py:186} INFO - Started process (PID=48396) to work on /opt/airflow/dags/weather_dag.py
[2026-08-13T00:18:31.730+0000] {processor.py:914} INFO - Processing file /opt/airflow/dags/weather_dag.py for tasks to queue
[2026-08-13T00:18:31.742+0000] {logging_mixin.py:190} INFO - [2026-08-13T00:18:31.741+0000] {dagbag.py:588} INFO - Filling up the DagBag from /opt/airflow/dags/weather_dag.py
[2026-08-13T00:18:31.999+0000] {processor.py:925} INFO - DAG(s) 'weather_ingestion' retrieved from /opt/airflow/dags/weather_dag.py
[2026-08-13T00:18:32.016+0000] {logging_mixin.py:190} INFO - [2026-08-13T00:18:32.016+0000] {dag.py:3239} INFO - Sync 1 DAGs
[2026-08-13T00:18:32.028+0000] {logging_mixin.py:190} INFO - [2026-08-13T00:18:32.028+0000] {dag.py:4180} INFO - Setting next_dagrun for weather_ingestion to 2026-08-13 00:00:00+00:00, run_after=2026-08-13 01:00:00+00:00
[2026-08-13T00:18:32.035+0000] {processor.py:208} INFO - Processing /opt/airflow/dags/weather_dag.py took 0.320 seconds
[2026-08-13T00:19:02.490+0000] {processor.py:186} INFO - Started process (PID=48403) to work on /opt/airflow/dags/weather_dag.py
[2026-08-13T00:19:02.493+0000] {processor.py:914} INFO - Processing file /opt/airflow/dags/weather_dag.py for tasks to queue
[2026-08-13T00:19:02.498+0000] {logging_mixin.py:190} INFO - [2026-08-13T00:19:02.498+0000] {dagbag.py:588} INFO - Filling up the DagBag from /opt/airflow/dags/weather_dag.py
[2026-08-13T00:19:02.936+0000] {processor.py:925} INFO - DAG(s) 'weather_ingestion' retrieved from /opt/airflow/dags/weather_dag.py
[2026-08-13T00:19:02.988+0000] {logging_mixin.py:190} INFO - [2026-08-13T00:19:02.988+0000] {dag.py:3239} INFO - Sync 1 DAGs
[2026-08-13T00:19:03.005+0000] {logging_mixin.py:190} INFO - [2026-08-13T00:19:03.004+0000] {dag.py:4180} INFO - Setting next_dagrun for weather_ingestion to 2026-08-13 00:00:00+00:00, run_after=2026-08-13 01:00:00+00:00
[2026-08-13T00:19:03.013+0000] {processor.py:208} INFO - Processing /opt/airflow/dags/weather_dag.py took 0.547 seconds
[2026-08-13T00:19:33.328+0000] {processor.py:186} INFO - Started process (PID=48410) to work on /opt/airflow/dags/weather_dag.py
[2026-08-13T00:19:33.330+0000] {processor.py:914} INFO - Processing file /opt/airflow/dags/weather_dag.py for tasks to queue
[2026-08-13T00:19:33.332+0000] {logging_mixin.py:190} INFO - [2026-08-13T00:19:33.332+0000] {dagbag.py:588} INFO - Filling up the DagBag from /opt/airflow/dags/weather_dag.py
[2026-08-13T00:19:33.557+0000] {processor.py:925} INFO - DAG(s) 'weather_ingestion' retrieved from /opt/airflow/dags/weather_dag.py
[2026-08-13T00:19:33.569+0000] {logging_mixin.py:190} INFO - [2026-08-13T00:19:33.569+0000] {dag.py:3239} INFO - Sync 1 DAGs
[2026-08-13T00:19:33.578+0000] {logging_mixin.py:190} INFO - [2026-08-13T00:19:33.578+0000] {dag.py:4180} INFO - Setting next_dagrun for weather_ingestion to 2026-08-13 00:00:00+00:00, run_after=2026-08-13 01:00:00+00:00
[2026-08-13T00:19:33.585+0000] {processor.py:208} INFO - Processing /opt/airflow/dags/weather_dag.py took 0.264 seconds
[2026-08-13T00:20:03.670+0000] {processor.py:186} INFO - Started process (PID=48417) to work on /opt/airflow/dags/weather_dag.py
[2026-08-13T00:20:03.672+0000] {processor.py:914} INFO - Processing file /opt/airflow/dags/weather_dag.py for tasks to queue
[2026-08-13T00:20:03.677+0000] {logging_mixin.py:190} INFO - [2026-08-13T00:20:03.676+0000] {dagbag.py:588} INFO - Filling up the DagBag from /opt/airflow/dags/weather_dag.py
[2026-08-13T00:20:03.934+0000] {processor.py:925} INFO - DAG(s) 'weather_ingestion' retrieved from /opt/airflow/dags/weather_dag.py
[2026-08-13T00:20:03.947+0000] {logging_mixin.py:190} INFO - [2026-08-13T00:20:03.947+0000] {dag.py:3239} INFO - Sync 1 DAGs
[2026-08-13T00:20:03.957+0000] {logging_mixin.py:190} INFO - [2026-08-13T00:20:03.957+0000] {dag.py:4180} INFO - Setting next_dagrun for weather_ingestion to 2026-08-13 00:00:00+00:00, run_after=2026-08-13 01:00:00+00:00
[2026-08-13T00:20:03.963+0000] {processor.py:208} INFO - Processing /opt/airflow/dags/weather_dag.py took 0.305 seconds
[2026-08-13T00:30:13.488+0000] {processor.py:186} INFO - Started process (PID=48424) to work on /opt/airflow/dags/weather_dag.py
[2026-08-13T00:30:13.488+0000] {processor.py:914} INFO - Processing file /opt/airflow/dags/weather_dag.py for tasks to queue
[2026-08-13T00:30:13.490+0000] {logging_mixin.py:190} INFO - [2026-08-13T00:30:13.490+0000] {dagbag.py:588} INFO - Filling up the DagBag from /opt/airflow/dags/weather_dag.py
[2026-08-13T00:30:13.713+0000] {processor.py:925} INFO - DAG(s) 'weather_ingestion' retrieved from /opt/airflow/dags/weather_dag.py
[2026-08-13T00:30:13.726+0000] {logging_mixin.py:190} INFO - [2026-08-13T00:30:13.726+0000] {dag.py:3239} INFO - Sync 1 DAGs
[2026-08-13T00:30:13.738+0000] {logging_mixin.py:190} INFO - [2026-08-13T00:30:13.738+0000] {dag.py:4180} INFO - Setting next_dagrun for weather_ingestion to 2026-08-13 00:00:00+00:00, run_after=2026-08-13 01:00:00+00:00
[2026-08-13T00:30:13.746+0000] {processor.py:208} INFO - Processing /opt/airflow/dags/weather_dag.py took 0.263 seconds
[2026-08-13T00:30:43.973+0000] {processor.py:186} INFO - Started process (PID=48436) to work on /opt/airflow/dags/weather_dag.py
[2026-08-13T00:30:43.974+0000] {processor.py:914} INFO - Processing file /opt/airflow/dags/weather_dag.py for tasks to queue
[2026-08-13T00:30:43.979+0000] {logging_mixin.py:190} INFO - [2026-08-13T00:30:43.979+0000] {dagbag.py:588} INFO - Filling up the DagBag from /opt/airflow/dags/weather_dag.py
[2026-08-13T00:30:44.265+0000] {processor.py:925} INFO - DAG(s) 'weather_ingestion' retrieved from /opt/airflow/dags/weather_dag.py
[2026-08-13T00:30:44.285+0000] {logging_mixin.py:190} INFO - [2026-08-13T00:30:44.285+0000] {dag.py:3239} INFO - Sync 1 DAGs
[2026-08-13T00:30:44.297+0000] {logging_mixin.py:190} INFO - [2026-08-13T00:30:44.297+0000] {dag.py:4180} INFO - Setting next_dagrun for weather_ingestion to 2026-08-13 00:00:00+00:00, run_after=2026-08-13 01:00:00+00:00
[2026-08-13T00:30:44.304+0000] {processor.py:208} INFO - Processing /opt/airflow/dags/weather_dag.py took 0.338 seconds
[2026-08-13T00:31:14.460+0000] {processor.py:186} INFO - Started process (PID=48443) to work on /opt/airflow/dags/weather_dag.py
[2026-08-13T00:31:14.461+0000] {processor.py:914} INFO - Processing file /opt/airflow/dags/weather_dag.py for tasks to queue
[2026-08-13T00:31:14.463+0000] {logging_mixin.py:190} INFO - [2026-08-13T00:31:14.463+0000] {dagbag.py:588} INFO - Filling up the DagBag from /opt/airflow/dags/weather_dag.py
[2026-08-13T00:31:14.783+0000] {processor.py:925} INFO - DAG(s) 'weather_ingestion' retrieved from /opt/airflow/dags/weather_dag.py
[2026-08-13T00:31:14.800+0000] {logging_mixin.py:190} INFO - [2026-08-13T00:31:14.800+0000] {dag.py:3239} INFO - Sync 1 DAGs
[2026-08-13T00:31:14.813+0000] {logging_mixin.py:190} INFO - [2026-08-13T00:31:14.813+0000] {dag.py:4180} INFO - Setting next_dagrun for weather_ingestion to 2026-08-13 00:00:00+00:00, run_after=2026-08-13 01:00:00+00:00
[2026-08-13T00:31:14.821+0000] {processor.py:208} INFO - Processing /opt/airflow/dags/weather_dag.py took 0.369 seconds
[2026-08-13T00:31:45.056+0000] {processor.py:186} INFO - Started process (PID=48450) to work on /opt/airflow/dags/weather_dag.py
[2026-08-13T00:31:45.059+0000] {processor.py:914} INFO - Processing file /opt/airflow/dags/weather_dag.py for tasks to queue
[2026-08-13T00:31:45.063+0000] {logging_mixin.py:190} INFO - [2026-08-13T00:31:45.062+0000] {dagbag.py:588} INFO - Filling up the DagBag from /opt/airflow/dags/weather_dag.py
[2026-08-13T00:31:45.288+0000] {processor.py:925} INFO - DAG(s) 'weather_ingestion' retrieved from /opt/airflow/dags/weather_dag.py
[2026-08-13T00:31:45.300+0000] {logging_mixin.py:190} INFO - [2026-08-13T00:31:45.300+0000] {dag.py:3239} INFO - Sync 1 DAGs
[2026-08-13T00:31:45.311+0000] {logging_mixin.py:190} INFO - [2026-08-13T00:31:45.311+0000] {dag.py:4180} INFO - Setting next_dagrun for weather_ingestion to 2026-08-13 00:00:00+00:00, run_after=2026-08-13 01:00:00+00:00
[2026-08-13T00:31:45.318+0000] {processor.py:208} INFO - Processing /opt/airflow/dags/weather_dag.py took 0.273 seconds
[2026-08-13T00:32:15.509+0000] {processor.py:186} INFO - Started process (PID=48457) to work on /opt/airflow/dags/weather_dag.py
[2026-08-13T00:32:15.511+0000] {processor.py:914} INFO - Processing file /opt/airflow/dags/weather_dag.py for tasks to queue
[2026-08-13T00:32:15.513+0000] {logging_mixin.py:190} INFO - [2026-08-13T00:32:15.513+0000] {dagbag.py:588} INFO - Filling up the DagBag from /opt/airflow/dags/weather_dag.py
[2026-08-13T00:32:15.733+0000] {processor.py:925} INFO - DAG(s) 'weather_ingestion' retrieved from /opt/airflow/dags/weather_dag.py
[2026-08-13T00:32:15.746+0000] {logging_mixin.py:190} INFO - [2026-08-13T00:32:15.745+0000] {dag.py:3239} INFO - Sync 1 DAGs
[2026-08-13T00:32:15.755+0000] {logging_mixin.py:190} INFO - [2026-08-13T00:32:15.755+0000] {dag.py:4180} INFO - Setting next_dagrun for weather_ingestion to 2026-08-13 00:00:00+00:00, run_after=2026-08-13 01:00:00+00:00
[2026-08-13T00:32:15.763+0000] {processor.py:208} INFO - Processing /opt/airflow/dags/weather_dag.py took 0.262 seconds
[2026-08-13T00:48:47.324+0000] {processor.py:186} INFO - Started process (PID=48469) to work on /opt/airflow/dags/weather_dag.py
[2026-08-13T00:48:47.325+0000] {processor.py:914} INFO - Processing file /opt/airflow/dags/weather_dag.py for tasks to queue
[2026-08-13T00:48:47.329+0000] {logging_mixin.py:190} INFO - [2026-08-13T00:48:47.328+0000] {dagbag.py:588} INFO - Filling up the DagBag from /opt/airflow/dags/weather_dag.py
[2026-08-13T00:48:47.689+0000] {processor.py:925} INFO - DAG(s) 'weather_ingestion' retrieved from /opt/airflow/dags/weather_dag.py
[2026-08-13T00:48:47.715+0000] {logging_mixin.py:190} INFO - [2026-08-13T00:48:47.715+0000] {dag.py:3239} INFO - Sync 1 DAGs
[2026-08-13T00:48:47.733+0000] {logging_mixin.py:190} INFO - [2026-08-13T00:48:47.733+0000] {dag.py:4180} INFO - Setting next_dagrun for weather_ingestion to 2026-08-13 00:00:00+00:00, run_after=2026-08-13 01:00:00+00:00
[2026-08-13T00:48:47.741+0000] {processor.py:208} INFO - Processing /opt/airflow/dags/weather_dag.py took 0.429 seconds
[2026-08-13T00:49:18.127+0000] {processor.py:186} INFO - Started process (PID=48476) to work on /opt/airflow/dags/weather_dag.py
[2026-08-13T00:49:18.131+0000] {processor.py:914} INFO - Processing file /opt/airflow/dags/weather_dag.py for tasks to queue
[2026-08-13T00:49:18.135+0000] {logging_mixin.py:190} INFO - [2026-08-13T00:49:18.134+0000] {dagbag.py:588} INFO - Filling up the DagBag from /opt/airflow/dags/weather_dag.py
[2026-08-13T00:49:18.474+0000] {processor.py:925} INFO - DAG(s) 'weather_ingestion' retrieved from /opt/airflow/dags/weather_dag.py
[2026-08-13T00:49:18.493+0000] {logging_mixin.py:190} INFO - [2026-08-13T00:49:18.493+0000] {dag.py:3239} INFO - Sync 1 DAGs
[2026-08-13T00:49:18.507+0000] {logging_mixin.py:190} INFO - [2026-08-13T00:49:18.507+0000] {dag.py:4180} INFO - Setting next_dagrun for weather_ingestion to 2026-08-13 00:00:00+00:00, run_after=2026-08-13 01:00:00+00:00
[2026-08-13T00:49:18.522+0000] {processor.py:208} INFO - Processing /opt/airflow/dags/weather_dag.py took 0.409 seconds
[2026-08-13T00:49:48.898+0000] {processor.py:186} INFO - Started process (PID=48483) to work on /opt/airflow/dags/weather_dag.py
[2026-08-13T00:49:48.900+0000] {processor.py:914} INFO - Processing file /opt/airflow/dags/weather_dag.py for tasks to queue
[2026-08-13T00:49:48.902+0000] {logging_mixin.py:190} INFO - [2026-08-13T00:49:48.902+0000] {dagbag.py:588} INFO - Filling up the DagBag from /opt/airflow/dags/weather_dag.py
[2026-08-13T00:49:49.112+0000] {processor.py:925} INFO - DAG(s) 'weather_ingestion' retrieved from /opt/airflow/dags/weather_dag.py
[2026-08-13T00:49:49.125+0000] {logging_mixin.py:190} INFO - [2026-08-13T00:49:49.124+0000] {dag.py:3239} INFO - Sync 1 DAGs
[2026-08-13T00:49:49.135+0000] {logging_mixin.py:190} INFO - [2026-08-13T00:49:49.135+0000] {dag.py:4180} INFO - Setting next_dagrun for weather_ingestion to 2026-08-13 00:00:00+00:00, run_after=2026-08-13 01:00:00+00:00
[2026-08-13T00:49:49.142+0000] {processor.py:208} INFO - Processing /opt/airflow/dags/weather_dag.py took 0.251 seconds
[2026-08-13T00:50:19.241+0000] {processor.py:186} INFO - Started process (PID=48490) to work on /opt/airflow/dags/weather_dag.py
[2026-08-13T00:50:19.243+0000] {processor.py:914} INFO - Processing file /opt/airflow/dags/weather_dag.py for tasks to queue
[2026-08-13T00:50:19.245+0000] {logging_mixin.py:190} INFO - [2026-08-13T00:50:19.245+0000] {dagbag.py:588} INFO - Filling up the DagBag from /opt/airflow/dags/weather_dag.py
[2026-08-13T00:50:19.477+0000] {processor.py:925} INFO - DAG(s) 'weather_ingestion' retrieved from /opt/airflow/dags/weather_dag.py
[2026-08-13T00:50:19.490+0000] {logging_mixin.py:190} INFO - [2026-08-13T00:50:19.490+0000] {dag.py:3239} INFO - Sync 1 DAGs
[2026-08-13T00:50:19.501+0000] {logging_mixin.py:190} INFO - [2026-08-13T00:50:19.501+0000] {dag.py:4180} INFO - Setting next_dagrun for weather_ingestion to 2026-08-13 00:00:00+00:00, run_after=2026-08-13 01:00:00+00:00
[2026-08-13T00:50:19.509+0000] {processor.py:208} INFO - Processing /opt/airflow/dags/weather_dag.py took 0.275 seconds
[2026-08-13T00:53:30.007+0000] {processor.py:186} INFO - Started process (PID=48497) to work on /opt/airflow/dags/weather_dag.py
[2026-08-13T00:53:30.011+0000] {processor.py:914} INFO - Processing file /opt/airflow/dags/weather_dag.py for tasks to queue
[2026-08-13T00:53:30.018+0000] {logging_mixin.py:190} INFO - [2026-08-13T00:53:30.017+0000] {dagbag.py:588} INFO - Filling up the DagBag from /opt/airflow/dags/weather_dag.py
[2026-08-13T00:53:30.333+0000] {processor.py:925} INFO - DAG(s) 'weather_ingestion' retrieved from /opt/airflow/dags/weather_dag.py
[2026-08-13T00:53:30.349+0000] {logging_mixin.py:190} INFO - [2026-08-13T00:53:30.349+0000] {dag.py:3239} INFO - Sync 1 DAGs
[2026-08-13T00:53:30.362+0000] {logging_mixin.py:190} INFO - [2026-08-13T00:53:30.362+0000] {dag.py:4180} INFO - Setting next_dagrun for weather_ingestion to 2026-08-13 00:00:00+00:00, run_after=2026-08-13 01:00:00+00:00
[2026-08-13T00:53:30.370+0000] {processor.py:208} INFO - Processing /opt/airflow/dags/weather_dag.py took 0.379 seconds
[2026-08-13T00:54:00.747+0000] {processor.py:186} INFO - Started process (PID=48504) to work on /opt/airflow/dags/weather_dag.py
[2026-08-13T00:54:00.750+0000] {processor.py:914} INFO - Processing file /opt/airflow/dags/weather_dag.py for tasks to queue
[2026-08-13T00:54:00.754+0000] {logging_mixin.py:190} INFO - [2026-08-13T00:54:00.754+0000] {dagbag.py:588} INFO - Filling up the DagBag from /opt/airflow/dags/weather_dag.py
[2026-08-13T00:54:01.022+0000] {processor.py:925} INFO - DAG(s) 'weather_ingestion' retrieved from /opt/airflow/dags/weather_dag.py
[2026-08-13T00:54:01.038+0000] {logging_mixin.py:190} INFO - [2026-08-13T00:54:01.038+0000] {dag.py:3239} INFO - Sync 1 DAGs
[2026-08-13T00:54:01.051+0000] {logging_mixin.py:190} INFO - [2026-08-13T00:54:01.051+0000] {dag.py:4180} INFO - Setting next_dagrun for weather_ingestion to 2026-08-13 00:00:00+00:00, run_after=2026-08-13 01:00:00+00:00
[2026-08-13T00:54:01.059+0000] {processor.py:208} INFO - Processing /opt/airflow/dags/weather_dag.py took 0.326 seconds
[2026-08-13T00:54:31.101+0000] {processor.py:186} INFO - Started process (PID=48511) to work on /opt/airflow/dags/weather_dag.py
[2026-08-13T00:54:31.102+0000] {processor.py:914} INFO - Processing file /opt/airflow/dags/weather_dag.py for tasks to queue
[2026-08-13T00:54:31.104+0000] {logging_mixin.py:190} INFO - [2026-08-13T00:54:31.104+0000] {dagbag.py:588} INFO - Filling up the DagBag from /opt/airflow/dags/weather_dag.py
[2026-08-13T00:54:31.332+0000] {processor.py:925} INFO - DAG(s) 'weather_ingestion' retrieved from /opt/airflow/dags/weather_dag.py
[2026-08-13T00:54:31.346+0000] {logging_mixin.py:190} INFO - [2026-08-13T00:54:31.345+0000] {dag.py:3239} INFO - Sync 1 DAGs
[2026-08-13T00:54:31.357+0000] {logging_mixin.py:190} INFO - [2026-08-13T00:54:31.357+0000] {dag.py:4180} INFO - Setting next_dagrun for weather_ingestion to 2026-08-13 00:00:00+00:00, run_after=2026-08-13 01:00:00+00:00
[2026-08-13T00:54:31.364+0000] {processor.py:208} INFO - Processing /opt/airflow/dags/weather_dag.py took 0.268 seconds
[2026-08-13T00:55:21.464+0000] {processor.py:186} INFO - Started process (PID=48518) to work on /opt/airflow/dags/weather_dag.py
[2026-08-13T00:55:21.467+0000] {processor.py:914} INFO - Processing file /opt/airflow/dags/weather_dag.py for tasks to queue
[2026-08-13T00:55:21.498+0000] {logging_mixin.py:190} INFO - [2026-08-13T00:55:21.498+0000] {dagbag.py:588} INFO - Filling up the DagBag from /opt/airflow/dags/weather_dag.py
[2026-08-13T00:55:21.839+0000] {processor.py:925} INFO - DAG(s) 'weather_ingestion' retrieved from /opt/airflow/dags/weather_dag.py
[2026-08-13T00:55:21.859+0000] {logging_mixin.py:190} INFO - [2026-08-13T00:55:21.858+0000] {dag.py:3239} INFO - Sync 1 DAGs
[2026-08-13T00:55:21.873+0000] {logging_mixin.py:190} INFO - [2026-08-13T00:55:21.873+0000] {dag.py:4180} INFO - Setting next_dagrun for weather_ingestion to 2026-08-13 00:00:00+00:00, run_after=2026-08-13 01:00:00+00:00
[2026-08-13T00:55:21.881+0000] {processor.py:208} INFO - Processing /opt/airflow/dags/weather_dag.py took 0.434 seconds
[2026-08-13T00:55:52.245+0000] {processor.py:186} INFO - Started process (PID=48525) to work on /opt/airflow/dags/weather_dag.py
[2026-08-13T00:55:52.248+0000] {processor.py:914} INFO - Processing file /opt/airflow/dags/weather_dag.py for tasks to queue
[2026-08-13T00:55:52.253+0000] {logging_mixin.py:190} INFO - [2026-08-13T00:55:52.252+0000] {dagbag.py:588} INFO - Filling up the DagBag from /opt/airflow/dags/weather_dag.py
[2026-08-13T00:55:52.528+0000] {processor.py:925} INFO - DAG(s) 'weather_ingestion' retrieved from /opt/airflow/dags/weather_dag.py
[2026-08-13T00:55:52.546+0000] {logging_mixin.py:190} INFO - [2026-08-13T00:55:52.545+0000] {dag.py:3239} INFO - Sync 1 DAGs
[2026-08-13T00:55:52.559+0000] {logging_mixin.py:190} INFO - [2026-08-13T00:55:52.559+0000] {dag.py:4180} INFO - Setting next_dagrun for weather_ingestion to 2026-08-13 00:00:00+00:00, run_after=2026-08-13 01:00:00+00:00
[2026-08-13T00:55:52.567+0000] {processor.py:208} INFO - Processing /opt/airflow/dags/weather_dag.py took 0.335 seconds
[2026-08-13T00:56:22.922+0000] {processor.py:186} INFO - Started process (PID=48532) to work on /opt/airflow/dags/weather_dag.py
[2026-08-13T00:56:22.924+0000] {processor.py:914} INFO - Processing file /opt/airflow/dags/weather_dag.py for tasks to queue
[2026-08-13T00:56:22.926+0000] {logging_mixin.py:190} INFO - [2026-08-13T00:56:22.925+0000] {dagbag.py:588} INFO - Filling up the DagBag from /opt/airflow/dags/weather_dag.py
[2026-08-13T00:56:23.138+0000] {processor.py:925} INFO - DAG(s) 'weather_ingestion' retrieved from /opt/airflow/dags/weather_dag.py
[2026-08-13T00:56:23.149+0000] {logging_mixin.py:190} INFO - [2026-08-13T00:56:23.149+0000] {dag.py:3239} INFO - Sync 1 DAGs
[2026-08-13T00:56:23.158+0000] {logging_mixin.py:190} INFO - [2026-08-13T00:56:23.158+0000] {dag.py:4180} INFO - Setting next_dagrun for weather_ingestion to 2026-08-13 00:00:00+00:00, run_after=2026-08-13 01:00:00+00:00
[2026-08-13T00:56:23.164+0000] {processor.py:208} INFO - Processing /opt/airflow/dags/weather_dag.py took 0.249 seconds
[2026-08-13T00:56:53.257+0000] {processor.py:186} INFO - Started process (PID=48539) to work on /opt/airflow/dags/weather_dag.py
[2026-08-13T00:56:53.259+0000] {processor.py:914} INFO - Processing file /opt/airflow/dags/weather_dag.py for tasks to queue
[2026-08-13T00:56:53.262+0000] {logging_mixin.py:190} INFO - [2026-08-13T00:56:53.262+0000] {dagbag.py:588} INFO - Filling up the DagBag from /opt/airflow/dags/weather_dag.py
[2026-08-13T00:56:53.474+0000] {processor.py:925} INFO - DAG(s) 'weather_ingestion' retrieved from /opt/airflow/dags/weather_dag.py
[2026-08-13T00:56:53.484+0000] {logging_mixin.py:190} INFO - [2026-08-13T00:56:53.484+0000] {dag.py:3239} INFO - Sync 1 DAGs
[2026-08-13T00:56:53.493+0000] {logging_mixin.py:190} INFO - [2026-08-13T00:56:53.493+0000] {dag.py:4180} INFO - Setting next_dagrun for weather_ingestion to 2026-08-13 00:00:00+00:00, run_after=2026-08-13 01:00:00+00:00
[2026-08-13T00:56:53.500+0000] {processor.py:208} INFO - Processing /opt/airflow/dags/weather_dag.py took 0.251 seconds
[2026-08-13T00:57:23.784+0000] {processor.py:186} INFO - Started process (PID=48546) to work on /opt/airflow/dags/weather_dag.py
[2026-08-13T00:57:23.786+0000] {processor.py:914} INFO - Processing file /opt/airflow/dags/weather_dag.py for tasks to queue
[2026-08-13T00:57:23.789+0000] {logging_mixin.py:190} INFO - [2026-08-13T00:57:23.788+0000] {dagbag.py:588} INFO - Filling up the DagBag from /opt/airflow/dags/weather_dag.py
[2026-08-13T00:57:24.003+0000] {processor.py:925} INFO - DAG(s) 'weather_ingestion' retrieved from /opt/airflow/dags/weather_dag.py
[2026-08-13T00:57:24.014+0000] {logging_mixin.py:190} INFO - [2026-08-13T00:57:24.014+0000] {dag.py:3239} INFO - Sync 1 DAGs
[2026-08-13T00:57:24.024+0000] {logging_mixin.py:190} INFO - [2026-08-13T00:57:24.024+0000] {dag.py:4180} INFO - Setting next_dagrun for weather_ingestion to 2026-08-13 00:00:00+00:00, run_after=2026-08-13 01:00:00+00:00
[2026-08-13T00:57:24.032+0000] {processor.py:208} INFO - Processing /opt/airflow/dags/weather_dag.py took 0.255 seconds
[2026-08-13T00:57:54.127+0000] {processor.py:186} INFO - Started process (PID=48553) to work on /opt/airflow/dags/weather_dag.py
[2026-08-13T00:57:54.130+0000] {processor.py:914} INFO - Processing file /opt/airflow/dags/weather_dag.py for tasks to queue
[2026-08-13T00:57:54.132+0000] {logging_mixin.py:190} INFO - [2026-08-13T00:57:54.132+0000] {dagbag.py:588} INFO - Filling up the DagBag from /opt/airflow/dags/weather_dag.py
[2026-08-13T00:57:54.357+0000] {processor.py:925} INFO - DAG(s) 'weather_ingestion' retrieved from /opt/airflow/dags/weather_dag.py
[2026-08-13T00:57:54.368+0000] {logging_mixin.py:190} INFO - [2026-08-13T00:57:54.368+0000] {dag.py:3239} INFO - Sync 1 DAGs
[2026-08-13T00:57:54.379+0000] {logging_mixin.py:190} INFO - [2026-08-13T00:57:54.378+0000] {dag.py:4180} INFO - Setting next_dagrun for weather_ingestion to 2026-08-13 00:00:00+00:00, run_after=2026-08-13 01:00:00+00:00
[2026-08-13T00:57:54.385+0000] {processor.py:208} INFO - Processing /opt/airflow/dags/weather_dag.py took 0.266 seconds
[2026-08-13T00:58:24.600+0000] {processor.py:186} INFO - Started process (PID=48560) to work on /opt/airflow/dags/weather_dag.py
[2026-08-13T00:58:24.601+0000] {processor.py:914} INFO - Processing file /opt/airflow/dags/weather_dag.py for tasks to queue
[2026-08-13T00:58:24.602+0000] {logging_mixin.py:190} INFO - [2026-08-13T00:58:24.602+0000] {dagbag.py:588} INFO - Filling up the DagBag from /opt/airflow/dags/weather_dag.py
[2026-08-13T00:58:24.824+0000] {processor.py:925} INFO - DAG(s) 'weather_ingestion' retrieved from /opt/airflow/dags/weather_dag.py
[2026-08-13T00:58:24.835+0000] {logging_mixin.py:190} INFO - [2026-08-13T00:58:24.835+0000] {dag.py:3239} INFO - Sync 1 DAGs
[2026-08-13T00:58:24.846+0000] {logging_mixin.py:190} INFO - [2026-08-13T00:58:24.846+0000] {dag.py:4180} INFO - Setting next_dagrun for weather_ingestion to 2026-08-13 00:00:00+00:00, run_after=2026-08-13 01:00:00+00:00
[2026-08-13T00:58:24.853+0000] {processor.py:208} INFO - Processing /opt/airflow/dags/weather_dag.py took 0.259 seconds
[2026-08-13T00:58:54.933+0000] {processor.py:186} INFO - Started process (PID=48567) to work on /opt/airflow/dags/weather_dag.py
[2026-08-13T00:58:54.934+0000] {processor.py:914} INFO - Processing file /opt/airflow/dags/weather_dag.py for tasks to queue
[2026-08-13T00:58:54.937+0000] {logging_mixin.py:190} INFO - [2026-08-13T00:58:54.937+0000] {dagbag.py:588} INFO - Filling up the DagBag from /opt/airflow/dags/weather_dag.py
[2026-08-13T00:58:55.144+0000] {processor.py:925} INFO - DAG(s) 'weather_ingestion' retrieved from /opt/airflow/dags/weather_dag.py
[2026-08-13T00:58:55.157+0000] {logging_mixin.py:190} INFO - [2026-08-13T00:58:55.157+0000] {dag.py:3239} INFO - Sync 1 DAGs
[2026-08-13T00:58:55.166+0000] {logging_mixin.py:190} INFO - [2026-08-13T00:58:55.166+0000] {dag.py:4180} INFO - Setting next_dagrun for weather_ingestion to 2026-08-13 00:00:00+00:00, run_after=2026-08-13 01:00:00+00:00
[2026-08-13T00:58:55.173+0000] {processor.py:208} INFO - Processing /opt/airflow/dags/weather_dag.py took 0.249 seconds
[2026-08-13T00:59:25.493+0000] {processor.py:186} INFO - Started process (PID=48574) to work on /opt/airflow/dags/weather_dag.py
[2026-08-13T00:59:25.495+0000] {processor.py:914} INFO - Processing file /opt/airflow/dags/weather_dag.py for tasks to queue
[2026-08-13T00:59:25.499+0000] {logging_mixin.py:190} INFO - [2026-08-13T00:59:25.498+0000] {dagbag.py:588} INFO - Filling up the DagBag from /opt/airflow/dags/weather_dag.py
[2026-08-13T00:59:25.726+0000] {processor.py:925} INFO - DAG(s) 'weather_ingestion' retrieved from /opt/airflow/dags/weather_dag.py
[2026-08-13T00:59:25.737+0000] {logging_mixin.py:190} INFO - [2026-08-13T00:59:25.737+0000] {dag.py:3239} INFO - Sync 1 DAGs
[2026-08-13T00:59:25.746+0000] {logging_mixin.py:190} INFO - [2026-08-13T00:59:25.746+0000] {dag.py:4180} INFO - Setting next_dagrun for weather_ingestion to 2026-08-13 00:00:00+00:00, run_after=2026-08-13 01:00:00+00:00
[2026-08-13T00:59:25.752+0000] {processor.py:208} INFO - Processing /opt/airflow/dags/weather_dag.py took 0.266 seconds
[2026-08-13T00:59:55.838+0000] {processor.py:186} INFO - Started process (PID=48581) to work on /opt/airflow/dags/weather_dag.py
[2026-08-13T00:59:55.841+0000] {processor.py:914} INFO - Processing file /opt/airflow/dags/weather_dag.py for tasks to queue
[2026-08-13T00:59:55.843+0000] {logging_mixin.py:190} INFO - [2026-08-13T00:59:55.843+0000] {dagbag.py:588} INFO - Filling up the DagBag from /opt/airflow/dags/weather_dag.py
[2026-08-13T00:59:56.181+0000] {processor.py:925} INFO - DAG(s) 'weather_ingestion' retrieved from /opt/airflow/dags/weather_dag.py
[2026-08-13T00:59:56.235+0000] {logging_mixin.py:190} INFO - [2026-08-13T00:59:56.235+0000] {dag.py:3239} INFO - Sync 1 DAGs
[2026-08-13T00:59:56.250+0000] {logging_mixin.py:190} INFO - [2026-08-13T00:59:56.250+0000] {dag.py:4180} INFO - Setting next_dagrun for weather_ingestion to 2026-08-13 00:00:00+00:00, run_after=2026-08-13 01:00:00+00:00
[2026-08-13T00:59:56.260+0000] {processor.py:208} INFO - Processing /opt/airflow/dags/weather_dag.py took 0.429 seconds
[2026-08-13T01:00:26.368+0000] {processor.py:186} INFO - Started process (PID=48593) to work on /opt/airflow/dags/weather_dag.py
[2026-08-13T01:00:26.369+0000] {processor.py:914} INFO - Processing file /opt/airflow/dags/weather_dag.py for tasks to queue
[2026-08-13T01:00:26.371+0000] {logging_mixin.py:190} INFO - [2026-08-13T01:00:26.371+0000] {dagbag.py:588} INFO - Filling up the DagBag from /opt/airflow/dags/weather_dag.py
[2026-08-13T01:00:26.601+0000] {processor.py:925} INFO - DAG(s) 'weather_ingestion' retrieved from /opt/airflow/dags/weather_dag.py
[2026-08-13T01:00:26.612+0000] {logging_mixin.py:190} INFO - [2026-08-13T01:00:26.612+0000] {dag.py:3239} INFO - Sync 1 DAGs
[2026-08-13T01:00:26.622+0000] {logging_mixin.py:190} INFO - [2026-08-13T01:00:26.622+0000] {dag.py:4180} INFO - Setting next_dagrun for weather_ingestion to 2026-08-13 01:00:00+00:00, run_after=2026-08-13 02:00:00+00:00
[2026-08-13T01:00:26.629+0000] {processor.py:208} INFO - Processing /opt/airflow/dags/weather_dag.py took 0.271 seconds
[2026-08-13T01:00:56.940+0000] {processor.py:186} INFO - Started process (PID=48600) to work on /opt/airflow/dags/weather_dag.py
[2026-08-13T01:00:56.942+0000] {processor.py:914} INFO - Processing file /opt/airflow/dags/weather_dag.py for tasks to queue
[2026-08-13T01:00:56.946+0000] {logging_mixin.py:190} INFO - [2026-08-13T01:00:56.945+0000] {dagbag.py:588} INFO - Filling up the DagBag from /opt/airflow/dags/weather_dag.py
[2026-08-13T01:00:57.192+0000] {processor.py:925} INFO - DAG(s) 'weather_ingestion' retrieved from /opt/airflow/dags/weather_dag.py
[2026-08-13T01:00:57.204+0000] {logging_mixin.py:190} INFO - [2026-08-13T01:00:57.203+0000] {dag.py:3239} INFO - Sync 1 DAGs
[2026-08-13T01:00:57.214+0000] {logging_mixin.py:190} INFO - [2026-08-13T01:00:57.214+0000] {dag.py:4180} INFO - Setting next_dagrun for weather_ingestion to 2026-08-13 01:00:00+00:00, run_after=2026-08-13 02:00:00+00:00
[2026-08-13T01:00:57.220+0000] {processor.py:208} INFO - Processing /opt/airflow/dags/weather_dag.py took 0.290 seconds
[2026-08-13T01:01:27.273+0000] {processor.py:186} INFO - Started process (PID=48607) to work on /opt/airflow/dags/weather_dag.py
[2026-08-13T01:01:27.275+0000] {processor.py:914} INFO - Processing file /opt/airflow/dags/weather_dag.py for tasks to queue
[2026-08-13T01:01:27.277+0000] {logging_mixin.py:190} INFO - [2026-08-13T01:01:27.277+0000] {dagbag.py:588} INFO - Filling up the DagBag from /opt/airflow/dags/weather_dag.py
[2026-08-13T01:01:27.528+0000] {processor.py:925} INFO - DAG(s) 'weather_ingestion' retrieved from /opt/airflow/dags/weather_dag.py
[2026-08-13T01:01:27.543+0000] {logging_mixin.py:190} INFO - [2026-08-13T01:01:27.543+0000] {dag.py:3239} INFO - Sync 1 DAGs
[2026-08-13T01:01:27.555+0000] {logging_mixin.py:190} INFO - [2026-08-13T01:01:27.555+0000] {dag.py:4180} INFO - Setting next_dagrun for weather_ingestion to 2026-08-13 01:00:00+00:00, run_after=2026-08-13 02:00:00+00:00
[2026-08-13T01:01:27.562+0000] {processor.py:208} INFO - Processing /opt/airflow/dags/weather_dag.py took 0.296 seconds
[2026-08-13T01:01:58.022+0000] {processor.py:186} INFO - Started process (PID=48614) to work on /opt/airflow/dags/weather_dag.py
[2026-08-13T01:01:58.024+0000] {processor.py:914} INFO - Processing file /opt/airflow/dags/weather_dag.py for tasks to queue
[2026-08-13T01:01:58.026+0000] {logging_mixin.py:190} INFO - [2026-08-13T01:01:58.026+0000] {dagbag.py:588} INFO - Filling up the DagBag from /opt/airflow/dags/weather_dag.py
[2026-08-13T01:01:58.245+0000] {processor.py:925} INFO - DAG(s) 'weather_ingestion' retrieved from /opt/airflow/dags/weather_dag.py
[2026-08-13T01:01:58.256+0000] {logging_mixin.py:190} INFO - [2026-08-13T01:01:58.256+0000] {dag.py:3239} INFO - Sync 1 DAGs
[2026-08-13T01:01:58.266+0000] {logging_mixin.py:190} INFO - [2026-08-13T01:01:58.266+0000] {dag.py:4180} INFO - Setting next_dagrun for weather_ingestion to 2026-08-13 01:00:00+00:00, run_after=2026-08-13 02:00:00+00:00
[2026-08-13T01:01:58.272+0000] {processor.py:208} INFO - Processing /opt/airflow/dags/weather_dag.py took 0.255 seconds
[2026-08-13T01:02:28.353+0000] {processor.py:186} INFO - Started process (PID=48626) to work on /opt/airflow/dags/weather_dag.py
[2026-08-13T01:02:28.355+0000] {processor.py:914} INFO - Processing file /opt/airflow/dags/weather_dag.py for tasks to queue
[2026-08-13T01:02:28.357+0000] {logging_mixin.py:190} INFO - [2026-08-13T01:02:28.357+0000] {dagbag.py:588} INFO - Filling up the DagBag from /opt/airflow/dags/weather_dag.py
[2026-08-13T01:02:28.573+0000] {processor.py:925} INFO - DAG(s) 'weather_ingestion' retrieved from /opt/airflow/dags/weather_dag.py
[2026-08-13T01:02:28.583+0000] {logging_mixin.py:190} INFO - [2026-08-13T01:02:28.583+0000] {dag.py:3239} INFO - Sync 1 DAGs
[2026-08-13T01:02:28.592+0000] {logging_mixin.py:190} INFO - [2026-08-13T01:02:28.592+0000] {dag.py:4180} INFO - Setting next_dagrun for weather_ingestion to 2026-08-13 01:00:00+00:00, run_after=2026-08-13 02:00:00+00:00
[2026-08-13T01:02:28.599+0000] {processor.py:208} INFO - Processing /opt/airflow/dags/weather_dag.py took 0.254 seconds
[2026-08-13T01:02:58.909+0000] {processor.py:186} INFO - Started process (PID=48633) to work on /opt/airflow/dags/weather_dag.py
[2026-08-13T01:02:58.911+0000] {processor.py:914} INFO - Processing file /opt/airflow/dags/weather_dag.py for tasks to queue
[2026-08-13T01:02:58.914+0000] {logging_mixin.py:190} INFO - [2026-08-13T01:02:58.914+0000] {dagbag.py:588} INFO - Filling up the DagBag from /opt/airflow/dags/weather_dag.py
[2026-08-13T01:02:59.141+0000] {processor.py:925} INFO - DAG(s) 'weather_ingestion' retrieved from /opt/airflow/dags/weather_dag.py
[2026-08-13T01:02:59.153+0000] {logging_mixin.py:190} INFO - [2026-08-13T01:02:59.153+0000] {dag.py:3239} INFO - Sync 1 DAGs
[2026-08-13T01:02:59.163+0000] {logging_mixin.py:190} INFO - [2026-08-13T01:02:59.163+0000] {dag.py:4180} INFO - Setting next_dagrun for weather_ingestion to 2026-08-13 01:00:00+00:00, run_after=2026-08-13 02:00:00+00:00
[2026-08-13T01:02:59.171+0000] {processor.py:208} INFO - Processing /opt/airflow/dags/weather_dag.py took 0.269 seconds
[2026-08-13T01:03:29.399+0000] {processor.py:186} INFO - Started process (PID=48640) to work on /opt/airflow/dags/weather_dag.py
[2026-08-13T01:03:29.424+0000] {processor.py:914} INFO - Processing file /opt/airflow/dags/weather_dag.py for tasks to queue
[2026-08-13T01:03:29.450+0000] {logging_mixin.py:190} INFO - [2026-08-13T01:03:29.450+0000] {dagbag.py:588} INFO - Filling up the DagBag from /opt/airflow/dags/weather_dag.py
[2026-08-13T01:03:30.441+0000] {processor.py:925} INFO - DAG(s) 'weather_ingestion' retrieved from /opt/airflow/dags/weather_dag.py
[2026-08-13T01:03:30.492+0000] {logging_mixin.py:190} INFO - [2026-08-13T01:03:30.492+0000] {dag.py:3239} INFO - Sync 1 DAGs
[2026-08-13T01:03:30.523+0000] {logging_mixin.py:190} INFO - [2026-08-13T01:03:30.523+0000] {dag.py:4180} INFO - Setting next_dagrun for weather_ingestion to 2026-08-13 01:00:00+00:00, run_after=2026-08-13 02:00:00+00:00
[2026-08-13T01:03:30.541+0000] {processor.py:208} INFO - Processing /opt/airflow/dags/weather_dag.py took 1.178 seconds
[2026-08-13T01:04:00.944+0000] {processor.py:186} INFO - Started process (PID=48647) to work on /opt/airflow/dags/weather_dag.py
[2026-08-13T01:04:00.947+0000] {processor.py:914} INFO - Processing file /opt/airflow/dags/weather_dag.py for tasks to queue
[2026-08-13T01:04:00.955+0000] {logging_mixin.py:190} INFO - [2026-08-13T01:04:00.954+0000] {dagbag.py:588} INFO - Filling up the DagBag from /opt/airflow/dags/weather_dag.py
[2026-08-13T01:04:01.345+0000] {processor.py:925} INFO - DAG(s) 'weather_ingestion' retrieved from /opt/airflow/dags/weather_dag.py
[2026-08-13T01:04:01.371+0000] {logging_mixin.py:190} INFO - [2026-08-13T01:04:01.371+0000] {dag.py:3239} INFO - Sync 1 DAGs
[2026-08-13T01:04:01.388+0000] {logging_mixin.py:190} INFO - [2026-08-13T01:04:01.388+0000] {dag.py:4180} INFO - Setting next_dagrun for weather_ingestion to 2026-08-13 01:00:00+00:00, run_after=2026-08-13 02:00:00+00:00
[2026-08-13T01:04:01.396+0000] {processor.py:208} INFO - Processing /opt/airflow/dags/weather_dag.py took 0.470 seconds
[2026-08-13T01:04:31.719+0000] {processor.py:186} INFO - Started process (PID=48654) to work on /opt/airflow/dags/weather_dag.py
[2026-08-13T01:04:31.723+0000] {processor.py:914} INFO - Processing file /opt/airflow/dags/weather_dag.py for tasks to queue
[2026-08-13T01:04:31.725+0000] {logging_mixin.py:190} INFO - [2026-08-13T01:04:31.725+0000] {dagbag.py:588} INFO - Filling up the DagBag from /opt/airflow/dags/weather_dag.py
[2026-08-13T01:04:31.939+0000] {processor.py:925} INFO - DAG(s) 'weather_ingestion' retrieved from /opt/airflow/dags/weather_dag.py
[2026-08-13T01:04:31.952+0000] {logging_mixin.py:190} INFO - [2026-08-13T01:04:31.951+0000] {dag.py:3239} INFO - Sync 1 DAGs
[2026-08-13T01:04:31.960+0000] {logging_mixin.py:190} INFO - [2026-08-13T01:04:31.960+0000] {dag.py:4180} INFO - Setting next_dagrun for weather_ingestion to 2026-08-13 01:00:00+00:00, run_after=2026-08-13 02:00:00+00:00
[2026-08-13T01:04:31.966+0000] {processor.py:208} INFO - Processing /opt/airflow/dags/weather_dag.py took 0.258 seconds
[2026-08-13T01:05:02.033+0000] {processor.py:186} INFO - Started process (PID=48661) to work on /opt/airflow/dags/weather_dag.py
[2026-08-13T01:05:02.035+0000] {processor.py:914} INFO - Processing file /opt/airflow/dags/weather_dag.py for tasks to queue
[2026-08-13T01:05:02.038+0000] {logging_mixin.py:190} INFO - [2026-08-13T01:05:02.037+0000] {dagbag.py:588} INFO - Filling up the DagBag from /opt/airflow/dags/weather_dag.py
[2026-08-13T01:05:02.267+0000] {processor.py:925} INFO - DAG(s) 'weather_ingestion' retrieved from /opt/airflow/dags/weather_dag.py
[2026-08-13T01:05:02.280+0000] {logging_mixin.py:190} INFO - [2026-08-13T01:05:02.280+0000] {dag.py:3239} INFO - Sync 1 DAGs
[2026-08-13T01:05:02.290+0000] {logging_mixin.py:190} INFO - [2026-08-13T01:05:02.290+0000] {dag.py:4180} INFO - Setting next_dagrun for weather_ingestion to 2026-08-13 01:00:00+00:00, run_after=2026-08-13 02:00:00+00:00
[2026-08-13T01:05:02.297+0000] {processor.py:208} INFO - Processing /opt/airflow/dags/weather_dag.py took 0.273 seconds
[2026-08-13T01:05:32.701+0000] {processor.py:186} INFO - Started process (PID=48668) to work on /opt/airflow/dags/weather_dag.py
[2026-08-13T01:05:32.703+0000] {processor.py:914} INFO - Processing file /opt/airflow/dags/weather_dag.py for tasks to queue
[2026-08-13T01:05:32.705+0000] {logging_mixin.py:190} INFO - [2026-08-13T01:05:32.705+0000] {dagbag.py:588} INFO - Filling up the DagBag from /opt/airflow/dags/weather_dag.py
[2026-08-13T01:05:32.912+0000] {processor.py:925} INFO - DAG(s) 'weather_ingestion' retrieved from /opt/airflow/dags/weather_dag.py
[2026-08-13T01:05:32.923+0000] {logging_mixin.py:190} INFO - [2026-08-13T01:05:32.922+0000] {dag.py:3239} INFO - Sync 1 DAGs
[2026-08-13T01:05:32.932+0000] {logging_mixin.py:190} INFO - [2026-08-13T01:05:32.932+0000] {dag.py:4180} INFO - Setting next_dagrun for weather_ingestion to 2026-08-13 01:00:00+00:00, run_after=2026-08-13 02:00:00+00:00
[2026-08-13T01:05:32.938+0000] {processor.py:208} INFO - Processing /opt/airflow/dags/weather_dag.py took 0.243 seconds
[2026-08-13T01:06:03.088+0000] {processor.py:186} INFO - Started process (PID=48675) to work on /opt/airflow/dags/weather_dag.py
[2026-08-13T01:06:03.091+0000] {processor.py:914} INFO - Processing file /opt/airflow/dags/weather_dag.py for tasks to queue
[2026-08-13T01:06:03.095+0000] {logging_mixin.py:190} INFO - [2026-08-13T01:06:03.094+0000] {dagbag.py:588} INFO - Filling up the DagBag from /opt/airflow/dags/weather_dag.py
[2026-08-13T01:06:03.373+0000] {processor.py:925} INFO - DAG(s) 'weather_ingestion' retrieved from /opt/airflow/dags/weather_dag.py
[2026-08-13T01:06:03.388+0000] {logging_mixin.py:190} INFO - [2026-08-13T01:06:03.388+0000] {dag.py:3239} INFO - Sync 1 DAGs
[2026-08-13T01:06:03.401+0000] {logging_mixin.py:190} INFO - [2026-08-13T01:06:03.401+0000] {dag.py:4180} INFO - Setting next_dagrun for weather_ingestion to 2026-08-13 01:00:00+00:00, run_after=2026-08-13 02:00:00+00:00
[2026-08-13T01:06:03.408+0000] {processor.py:208} INFO - Processing /opt/airflow/dags/weather_dag.py took 0.332 seconds
[2026-08-13T01:06:33.665+0000] {processor.py:186} INFO - Started process (PID=48682) to work on /opt/airflow/dags/weather_dag.py
[2026-08-13T01:06:33.667+0000] {processor.py:914} INFO - Processing file /opt/airflow/dags/weather_dag.py for tasks to queue
[2026-08-13T01:06:33.669+0000] {logging_mixin.py:190} INFO - [2026-08-13T01:06:33.669+0000] {dagbag.py:588} INFO - Filling up the DagBag from /opt/airflow/dags/weather_dag.py
[2026-08-13T01:06:33.960+0000] {processor.py:925} INFO - DAG(s) 'weather_ingestion' retrieved from /opt/airflow/dags/weather_dag.py
[2026-08-13T01:06:33.974+0000] {logging_mixin.py:190} INFO - [2026-08-13T01:06:33.974+0000] {dag.py:3239} INFO - Sync 1 DAGs
[2026-08-13T01:06:33.986+0000] {logging_mixin.py:190} INFO - [2026-08-13T01:06:33.986+0000] {dag.py:4180} INFO - Setting next_dagrun for weather_ingestion to 2026-08-13 01:00:00+00:00, run_after=2026-08-13 02:00:00+00:00
[2026-08-13T01:06:33.994+0000] {processor.py:208} INFO - Processing /opt/airflow/dags/weather_dag.py took 0.335 seconds
[2026-08-13T01:07:04.138+0000] {processor.py:186} INFO - Started process (PID=48689) to work on /opt/airflow/dags/weather_dag.py
[2026-08-13T01:07:04.140+0000] {processor.py:914} INFO - Processing file /opt/airflow/dags/weather_dag.py for tasks to queue
[2026-08-13T01:07:04.143+0000] {logging_mixin.py:190} INFO - [2026-08-13T01:07:04.143+0000] {dagbag.py:588} INFO - Filling up the DagBag from /opt/airflow/dags/weather_dag.py
[2026-08-13T01:07:04.357+0000] {processor.py:925} INFO - DAG(s) 'weather_ingestion' retrieved from /opt/airflow/dags/weather_dag.py
[2026-08-13T01:07:04.368+0000] {logging_mixin.py:190} INFO - [2026-08-13T01:07:04.368+0000] {dag.py:3239} INFO - Sync 1 DAGs
[2026-08-13T01:07:04.378+0000] {logging_mixin.py:190} INFO - [2026-08-13T01:07:04.378+0000] {dag.py:4180} INFO - Setting next_dagrun for weather_ingestion to 2026-08-13 01:00:00+00:00, run_after=2026-08-13 02:00:00+00:00
[2026-08-13T01:07:04.385+0000] {processor.py:208} INFO - Processing /opt/airflow/dags/weather_dag.py took 0.254 seconds
[2026-08-13T01:07:34.732+0000] {processor.py:186} INFO - Started process (PID=48696) to work on /opt/airflow/dags/weather_dag.py
[2026-08-13T01:07:34.735+0000] {processor.py:914} INFO - Processing file /opt/airflow/dags/weather_dag.py for tasks to queue
[2026-08-13T01:07:34.738+0000] {logging_mixin.py:190} INFO - [2026-08-13T01:07:34.738+0000] {dagbag.py:588} INFO - Filling up the DagBag from /opt/airflow/dags/weather_dag.py
[2026-08-13T01:07:34.970+0000] {processor.py:925} INFO - DAG(s) 'weather_ingestion' retrieved from /opt/airflow/dags/weather_dag.py
[2026-08-13T01:07:34.984+0000] {logging_mixin.py:190} INFO - [2026-08-13T01:07:34.984+0000] {dag.py:3239} INFO - Sync 1 DAGs
[2026-08-13T01:07:34.994+0000] {logging_mixin.py:190} INFO - [2026-08-13T01:07:34.994+0000] {dag.py:4180} INFO - Setting next_dagrun for weather_ingestion to 2026-08-13 01:00:00+00:00, run_after=2026-08-13 02:00:00+00:00
[2026-08-13T01:07:35.000+0000] {processor.py:208} INFO - Processing /opt/airflow/dags/weather_dag.py took 0.275 seconds
[2026-08-13T01:08:05.130+0000] {processor.py:186} INFO - Started process (PID=48703) to work on /opt/airflow/dags/weather_dag.py
[2026-08-13T01:08:05.131+0000] {processor.py:914} INFO - Processing file /opt/airflow/dags/weather_dag.py for tasks to queue
[2026-08-13T01:08:05.134+0000] {logging_mixin.py:190} INFO - [2026-08-13T01:08:05.134+0000] {dagbag.py:588} INFO - Filling up the DagBag from /opt/airflow/dags/weather_dag.py
[2026-08-13T01:08:05.361+0000] {processor.py:925} INFO - DAG(s) 'weather_ingestion' retrieved from /opt/airflow/dags/weather_dag.py
[2026-08-13T01:08:05.373+0000] {logging_mixin.py:190} INFO - [2026-08-13T01:08:05.373+0000] {dag.py:3239} INFO - Sync 1 DAGs
[2026-08-13T01:08:05.382+0000] {logging_mixin.py:190} INFO - [2026-08-13T01:08:05.382+0000] {dag.py:4180} INFO - Setting next_dagrun for weather_ingestion to 2026-08-13 01:00:00+00:00, run_after=2026-08-13 02:00:00+00:00
[2026-08-13T01:08:05.389+0000] {processor.py:208} INFO - Processing /opt/airflow/dags/weather_dag.py took 0.266 seconds
[2026-08-13T01:08:35.731+0000] {processor.py:186} INFO - Started process (PID=48710) to work on /opt/airflow/dags/weather_dag.py
[2026-08-13T01:08:35.734+0000] {processor.py:914} INFO - Processing file /opt/airflow/dags/weather_dag.py for tasks to queue
[2026-08-13T01:08:35.736+0000] {logging_mixin.py:190} INFO - [2026-08-13T01:08:35.735+0000] {dagbag.py:588} INFO - Filling up the DagBag from /opt/airflow/dags/weather_dag.py
[2026-08-13T01:08:35.950+0000] {processor.py:925} INFO - DAG(s) 'weather_ingestion' retrieved from /opt/airflow/dags/weather_dag.py
[2026-08-13T01:08:35.969+0000] {logging_mixin.py:190} INFO - [2026-08-13T01:08:35.968+0000] {dag.py:3239} INFO - Sync 1 DAGs
[2026-08-13T01:08:35.979+0000] {logging_mixin.py:190} INFO - [2026-08-13T01:08:35.979+0000] {dag.py:4180} INFO - Setting next_dagrun for weather_ingestion to 2026-08-13 01:00:00+00:00, run_after=2026-08-13 02:00:00+00:00
[2026-08-13T01:08:35.987+0000] {processor.py:208} INFO - Processing /opt/airflow/dags/weather_dag.py took 0.262 seconds
[2026-08-13T01:09:06.118+0000] {processor.py:186} INFO - Started process (PID=48717) to work on /opt/airflow/dags/weather_dag.py
[2026-08-13T01:09:06.121+0000] {processor.py:914} INFO - Processing file /opt/airflow/dags/weather_dag.py for tasks to queue
[2026-08-13T01:09:06.125+0000] {logging_mixin.py:190} INFO - [2026-08-13T01:09:06.125+0000] {dagbag.py:588} INFO - Filling up the DagBag from /opt/airflow/dags/weather_dag.py
[2026-08-13T01:09:06.397+0000] {processor.py:925} INFO - DAG(s) 'weather_ingestion' retrieved from /opt/airflow/dags/weather_dag.py
[2026-08-13T01:09:06.411+0000] {logging_mixin.py:190} INFO - [2026-08-13T01:09:06.411+0000] {dag.py:3239} INFO - Sync 1 DAGs
[2026-08-13T01:09:06.424+0000] {logging_mixin.py:190} INFO - [2026-08-13T01:09:06.424+0000] {dag.py:4180} INFO - Setting next_dagrun for weather_ingestion to 2026-08-13 01:00:00+00:00, run_after=2026-08-13 02:00:00+00:00
[2026-08-13T01:09:06.431+0000] {processor.py:208} INFO - Processing /opt/airflow/dags/weather_dag.py took 0.324 seconds
[2026-08-13T01:09:36.564+0000] {processor.py:186} INFO - Started process (PID=48724) to work on /opt/airflow/dags/weather_dag.py
[2026-08-13T01:09:36.565+0000] {processor.py:914} INFO - Processing file /opt/airflow/dags/weather_dag.py for tasks to queue
[2026-08-13T01:09:36.567+0000] {logging_mixin.py:190} INFO - [2026-08-13T01:09:36.567+0000] {dagbag.py:588} INFO - Filling up the DagBag from /opt/airflow/dags/weather_dag.py
[2026-08-13T01:09:36.781+0000] {processor.py:925} INFO - DAG(s) 'weather_ingestion' retrieved from /opt/airflow/dags/weather_dag.py
[2026-08-13T01:09:36.794+0000] {logging_mixin.py:190} INFO - [2026-08-13T01:09:36.794+0000] {dag.py:3239} INFO - Sync 1 DAGs
[2026-08-13T01:09:36.805+0000] {logging_mixin.py:190} INFO - [2026-08-13T01:09:36.805+0000] {dag.py:4180} INFO - Setting next_dagrun for weather_ingestion to 2026-08-13 01:00:00+00:00, run_after=2026-08-13 02:00:00+00:00
[2026-08-13T01:09:36.812+0000] {processor.py:208} INFO - Processing /opt/airflow/dags/weather_dag.py took 0.255 seconds
[2026-08-13T01:10:07.078+0000] {processor.py:186} INFO - Started process (PID=48731) to work on /opt/airflow/dags/weather_dag.py
[2026-08-13T01:10:07.081+0000] {processor.py:914} INFO - Processing file /opt/airflow/dags/weather_dag.py for tasks to queue
[2026-08-13T01:10:07.083+0000] {logging_mixin.py:190} INFO - [2026-08-13T01:10:07.083+0000] {dagbag.py:588} INFO - Filling up the DagBag from /opt/airflow/dags/weather_dag.py
[2026-08-13T01:10:07.300+0000] {processor.py:925} INFO - DAG(s) 'weather_ingestion' retrieved from /opt/airflow/dags/weather_dag.py
[2026-08-13T01:10:07.313+0000] {logging_mixin.py:190} INFO - [2026-08-13T01:10:07.312+0000] {dag.py:3239} INFO - Sync 1 DAGs
[2026-08-13T01:10:07.323+0000] {logging_mixin.py:190} INFO - [2026-08-13T01:10:07.322+0000] {dag.py:4180} INFO - Setting next_dagrun for weather_ingestion to 2026-08-13 01:00:00+00:00, run_after=2026-08-13 02:00:00+00:00
[2026-08-13T01:10:07.328+0000] {processor.py:208} INFO - Processing /opt/airflow/dags/weather_dag.py took 0.257 seconds
[2026-08-13T01:10:37.464+0000] {processor.py:186} INFO - Started process (PID=48738) to work on /opt/airflow/dags/weather_dag.py
[2026-08-13T01:10:37.466+0000] {processor.py:914} INFO - Processing file /opt/airflow/dags/weather_dag.py for tasks to queue
[2026-08-13T01:10:37.470+0000] {logging_mixin.py:190} INFO - [2026-08-13T01:10:37.470+0000] {dagbag.py:588} INFO - Filling up the DagBag from /opt/airflow/dags/weather_dag.py
[2026-08-13T01:10:37.812+0000] {processor.py:925} INFO - DAG(s) 'weather_ingestion' retrieved from /opt/airflow/dags/weather_dag.py
[2026-08-13T01:10:38.010+0000] {logging_mixin.py:190} INFO - [2026-08-13T01:10:38.009+0000] {dag.py:3239} INFO - Sync 1 DAGs
[2026-08-13T01:10:38.039+0000] {logging_mixin.py:190} INFO - [2026-08-13T01:10:38.039+0000] {dag.py:4180} INFO - Setting next_dagrun for weather_ingestion to 2026-08-13 01:00:00+00:00, run_after=2026-08-13 02:00:00+00:00
[2026-08-13T01:10:38.057+0000] {processor.py:208} INFO - Processing /opt/airflow/dags/weather_dag.py took 0.604 seconds
[2026-08-13T01:11:08.333+0000] {processor.py:186} INFO - Started process (PID=48745) to work on /opt/airflow/dags/weather_dag.py
[2026-08-13T01:11:08.335+0000] {processor.py:914} INFO - Processing file /opt/airflow/dags/weather_dag.py for tasks to queue
[2026-08-13T01:11:08.338+0000] {logging_mixin.py:190} INFO - [2026-08-13T01:11:08.337+0000] {dagbag.py:588} INFO - Filling up the DagBag from /opt/airflow/dags/weather_dag.py
[2026-08-13T01:11:08.570+0000] {processor.py:925} INFO - DAG(s) 'weather_ingestion' retrieved from /opt/airflow/dags/weather_dag.py
[2026-08-13T01:11:08.583+0000] {logging_mixin.py:190} INFO - [2026-08-13T01:11:08.583+0000] {dag.py:3239} INFO - Sync 1 DAGs
[2026-08-13T01:11:08.593+0000] {logging_mixin.py:190} INFO - [2026-08-13T01:11:08.593+0000] {dag.py:4180} INFO - Setting next_dagrun for weather_ingestion to 2026-08-13 01:00:00+00:00, run_after=2026-08-13 02:00:00+00:00
[2026-08-13T01:11:08.600+0000] {processor.py:208} INFO - Processing /opt/airflow/dags/weather_dag.py took 0.275 seconds
[2026-08-13T01:11:38.642+0000] {processor.py:186} INFO - Started process (PID=48752) to work on /opt/airflow/dags/weather_dag.py
[2026-08-13T01:11:38.644+0000] {processor.py:914} INFO - Processing file /opt/airflow/dags/weather_dag.py for tasks to queue
[2026-08-13T01:11:38.647+0000] {logging_mixin.py:190} INFO - [2026-08-13T01:11:38.646+0000] {dagbag.py:588} INFO - Filling up the DagBag from /opt/airflow/dags/weather_dag.py
[2026-08-13T01:11:38.865+0000] {processor.py:925} INFO - DAG(s) 'weather_ingestion' retrieved from /opt/airflow/dags/weather_dag.py
[2026-08-13T01:11:38.879+0000] {logging_mixin.py:190} INFO - [2026-08-13T01:11:38.879+0000] {dag.py:3239} INFO - Sync 1 DAGs
[2026-08-13T01:11:38.889+0000] {logging_mixin.py:190} INFO - [2026-08-13T01:11:38.888+0000] {dag.py:4180} INFO - Setting next_dagrun for weather_ingestion to 2026-08-13 01:00:00+00:00, run_after=2026-08-13 02:00:00+00:00
[2026-08-13T01:11:38.896+0000] {processor.py:208} INFO - Processing /opt/airflow/dags/weather_dag.py took 0.261 seconds
[2026-08-13T01:12:08.934+0000] {processor.py:186} INFO - Started process (PID=48759) to work on /opt/airflow/dags/weather_dag.py
[2026-08-13T01:12:08.936+0000] {processor.py:914} INFO - Processing file /opt/airflow/dags/weather_dag.py for tasks to queue
[2026-08-13T01:12:08.941+0000] {logging_mixin.py:190} INFO - [2026-08-13T01:12:08.940+0000] {dagbag.py:588} INFO - Filling up the DagBag from /opt/airflow/dags/weather_dag.py
[2026-08-13T01:12:09.196+0000] {processor.py:925} INFO - DAG(s) 'weather_ingestion' retrieved from /opt/airflow/dags/weather_dag.py
[2026-08-13T01:12:09.210+0000] {logging_mixin.py:190} INFO - [2026-08-13T01:12:09.210+0000] {dag.py:3239} INFO - Sync 1 DAGs
[2026-08-13T01:12:09.222+0000] {logging_mixin.py:190} INFO - [2026-08-13T01:12:09.222+0000] {dag.py:4180} INFO - Setting next_dagrun for weather_ingestion to 2026-08-13 01:00:00+00:00, run_after=2026-08-13 02:00:00+00:00
[2026-08-13T01:12:09.230+0000] {processor.py:208} INFO - Processing /opt/airflow/dags/weather_dag.py took 0.305 seconds
[2026-08-13T01:12:39.593+0000] {processor.py:186} INFO - Started process (PID=48766) to work on /opt/airflow/dags/weather_dag.py
[2026-08-13T01:12:39.595+0000] {processor.py:914} INFO - Processing file /opt/airflow/dags/weather_dag.py for tasks to queue
[2026-08-13T01:12:39.597+0000] {logging_mixin.py:190} INFO - [2026-08-13T01:12:39.597+0000] {dagbag.py:588} INFO - Filling up the DagBag from /opt/airflow/dags/weather_dag.py
[2026-08-13T01:12:39.812+0000] {processor.py:925} INFO - DAG(s) 'weather_ingestion' retrieved from /opt/airflow/dags/weather_dag.py
[2026-08-13T01:12:39.824+0000] {logging_mixin.py:190} INFO - [2026-08-13T01:12:39.823+0000] {dag.py:3239} INFO - Sync 1 DAGs
[2026-08-13T01:12:39.837+0000] {logging_mixin.py:190} INFO - [2026-08-13T01:12:39.836+0000] {dag.py:4180} INFO - Setting next_dagrun for weather_ingestion to 2026-08-13 01:00:00+00:00, run_after=2026-08-13 02:00:00+00:00
[2026-08-13T01:12:39.850+0000] {processor.py:208} INFO - Processing /opt/airflow/dags/weather_dag.py took 0.263 seconds
[2026-08-13T01:13:09.927+0000] {processor.py:186} INFO - Started process (PID=48773) to work on /opt/airflow/dags/weather_dag.py
[2026-08-13T01:13:09.929+0000] {processor.py:914} INFO - Processing file /opt/airflow/dags/weather_dag.py for tasks to queue
[2026-08-13T01:13:09.931+0000] {logging_mixin.py:190} INFO - [2026-08-13T01:13:09.931+0000] {dagbag.py:588} INFO - Filling up the DagBag from /opt/airflow/dags/weather_dag.py
[2026-08-13T01:13:10.153+0000] {processor.py:925} INFO - DAG(s) 'weather_ingestion' retrieved from /opt/airflow/dags/weather_dag.py
[2026-08-13T01:13:10.167+0000] {logging_mixin.py:190} INFO - [2026-08-13T01:13:10.167+0000] {dag.py:3239} INFO - Sync 1 DAGs
[2026-08-13T01:13:10.177+0000] {logging_mixin.py:190} INFO - [2026-08-13T01:13:10.177+0000] {dag.py:4180} INFO - Setting next_dagrun for weather_ingestion to 2026-08-13 01:00:00+00:00, run_after=2026-08-13 02:00:00+00:00
[2026-08-13T01:13:10.186+0000] {processor.py:208} INFO - Processing /opt/airflow/dags/weather_dag.py took 0.266 seconds
[2026-08-13T01:13:40.526+0000] {processor.py:186} INFO - Started process (PID=48780) to work on /opt/airflow/dags/weather_dag.py
[2026-08-13T01:13:40.528+0000] {processor.py:914} INFO - Processing file /opt/airflow/dags/weather_dag.py for tasks to queue
[2026-08-13T01:13:40.531+0000] {logging_mixin.py:190} INFO - [2026-08-13T01:13:40.530+0000] {dagbag.py:588} INFO - Filling up the DagBag from /opt/airflow/dags/weather_dag.py
[2026-08-13T01:13:40.770+0000] {processor.py:925} INFO - DAG(s) 'weather_ingestion' retrieved from /opt/airflow/dags/weather_dag.py
[2026-08-13T01:13:40.781+0000] {logging_mixin.py:190} INFO - [2026-08-13T01:13:40.781+0000] {dag.py:3239} INFO - Sync 1 DAGs
[2026-08-13T01:13:40.791+0000] {logging_mixin.py:190} INFO - [2026-08-13T01:13:40.791+0000] {dag.py:4180} INFO - Setting next_dagrun for weather_ingestion to 2026-08-13 01:00:00+00:00, run_after=2026-08-13 02:00:00+00:00
[2026-08-13T01:13:40.797+0000] {processor.py:208} INFO - Processing /opt/airflow/dags/weather_dag.py took 0.278 seconds
[2026-08-13T01:14:10.873+0000] {processor.py:186} INFO - Started process (PID=48787) to work on /opt/airflow/dags/weather_dag.py
[2026-08-13T01:14:10.875+0000] {processor.py:914} INFO - Processing file /opt/airflow/dags/weather_dag.py for tasks to queue
[2026-08-13T01:14:10.877+0000] {logging_mixin.py:190} INFO - [2026-08-13T01:14:10.877+0000] {dagbag.py:588} INFO - Filling up the DagBag from /opt/airflow/dags/weather_dag.py
[2026-08-13T01:14:11.093+0000] {processor.py:925} INFO - DAG(s) 'weather_ingestion' retrieved from /opt/airflow/dags/weather_dag.py
[2026-08-13T01:14:11.107+0000] {logging_mixin.py:190} INFO - [2026-08-13T01:14:11.107+0000] {dag.py:3239} INFO - Sync 1 DAGs
[2026-08-13T01:14:11.116+0000] {logging_mixin.py:190} INFO - [2026-08-13T01:14:11.116+0000] {dag.py:4180} INFO - Setting next_dagrun for weather_ingestion to 2026-08-13 01:00:00+00:00, run_after=2026-08-13 02:00:00+00:00
[2026-08-13T01:14:11.123+0000] {processor.py:208} INFO - Processing /opt/airflow/dags/weather_dag.py took 0.257 seconds
[2026-08-13T01:14:41.600+0000] {processor.py:186} INFO - Started process (PID=48794) to work on /opt/airflow/dags/weather_dag.py
[2026-08-13T01:14:41.602+0000] {processor.py:914} INFO - Processing file /opt/airflow/dags/weather_dag.py for tasks to queue
[2026-08-13T01:14:41.607+0000] {logging_mixin.py:190} INFO - [2026-08-13T01:14:41.606+0000] {dagbag.py:588} INFO - Filling up the DagBag from /opt/airflow/dags/weather_dag.py
[2026-08-13T01:14:41.893+0000] {processor.py:925} INFO - DAG(s) 'weather_ingestion' retrieved from /opt/airflow/dags/weather_dag.py
[2026-08-13T01:14:41.908+0000] {logging_mixin.py:190} INFO - [2026-08-13T01:14:41.908+0000] {dag.py:3239} INFO - Sync 1 DAGs
[2026-08-13T01:14:41.920+0000] {logging_mixin.py:190} INFO - [2026-08-13T01:14:41.920+0000] {dag.py:4180} INFO - Setting next_dagrun for weather_ingestion to 2026-08-13 01:00:00+00:00, run_after=2026-08-13 02:00:00+00:00
[2026-08-13T01:14:41.927+0000] {processor.py:208} INFO - Processing /opt/airflow/dags/weather_dag.py took 0.336 seconds
[2026-08-13T01:15:12.009+0000] {processor.py:186} INFO - Started process (PID=48801) to work on /opt/airflow/dags/weather_dag.py
[2026-08-13T01:15:12.010+0000] {processor.py:914} INFO - Processing file /opt/airflow/dags/weather_dag.py for tasks to queue
[2026-08-13T01:15:12.013+0000] {logging_mixin.py:190} INFO - [2026-08-13T01:15:12.013+0000] {dagbag.py:588} INFO - Filling up the DagBag from /opt/airflow/dags/weather_dag.py
[2026-08-13T01:15:12.239+0000] {processor.py:925} INFO - DAG(s) 'weather_ingestion' retrieved from /opt/airflow/dags/weather_dag.py
[2026-08-13T01:15:12.251+0000] {logging_mixin.py:190} INFO - [2026-08-13T01:15:12.251+0000] {dag.py:3239} INFO - Sync 1 DAGs
[2026-08-13T01:15:12.261+0000] {logging_mixin.py:190} INFO - [2026-08-13T01:15:12.261+0000] {dag.py:4180} INFO - Setting next_dagrun for weather_ingestion to 2026-08-13 01:00:00+00:00, run_after=2026-08-13 02:00:00+00:00
[2026-08-13T01:15:12.268+0000] {processor.py:208} INFO - Processing /opt/airflow/dags/weather_dag.py took 0.266 seconds
[2026-08-13T01:15:42.650+0000] {processor.py:186} INFO - Started process (PID=48808) to work on /opt/airflow/dags/weather_dag.py
[2026-08-13T01:15:42.652+0000] {processor.py:914} INFO - Processing file /opt/airflow/dags/weather_dag.py for tasks to queue
[2026-08-13T01:15:42.654+0000] {logging_mixin.py:190} INFO - [2026-08-13T01:15:42.654+0000] {dagbag.py:588} INFO - Filling up the DagBag from /opt/airflow/dags/weather_dag.py
[2026-08-13T01:15:42.873+0000] {processor.py:925} INFO - DAG(s) 'weather_ingestion' retrieved from /opt/airflow/dags/weather_dag.py
[2026-08-13T01:15:42.885+0000] {logging_mixin.py:190} INFO - [2026-08-13T01:15:42.885+0000] {dag.py:3239} INFO - Sync 1 DAGs
[2026-08-13T01:15:42.895+0000] {logging_mixin.py:190} INFO - [2026-08-13T01:15:42.895+0000] {dag.py:4180} INFO - Setting next_dagrun for weather_ingestion to 2026-08-13 01:00:00+00:00, run_after=2026-08-13 02:00:00+00:00
[2026-08-13T01:15:42.901+0000] {processor.py:208} INFO - Processing /opt/airflow/dags/weather_dag.py took 0.257 seconds
[2026-08-13T01:16:13.007+0000] {processor.py:186} INFO - Started process (PID=48815) to work on /opt/airflow/dags/weather_dag.py
[2026-08-13T01:16:13.009+0000] {processor.py:914} INFO - Processing file /opt/airflow/dags/weather_dag.py for tasks to queue
[2026-08-13T01:16:13.011+0000] {logging_mixin.py:190} INFO - [2026-08-13T01:16:13.011+0000] {dagbag.py:588} INFO - Filling up the DagBag from /opt/airflow/dags/weather_dag.py
[2026-08-13T01:16:13.231+0000] {processor.py:925} INFO - DAG(s) 'weather_ingestion' retrieved from /opt/airflow/dags/weather_dag.py
[2026-08-13T01:16:13.243+0000] {logging_mixin.py:190} INFO - [2026-08-13T01:16:13.243+0000] {dag.py:3239} INFO - Sync 1 DAGs
[2026-08-13T01:16:13.251+0000] {logging_mixin.py:190} INFO - [2026-08-13T01:16:13.251+0000] {dag.py:4180} INFO - Setting next_dagrun for weather_ingestion to 2026-08-13 01:00:00+00:00, run_after=2026-08-13 02:00:00+00:00
[2026-08-13T01:16:13.258+0000] {processor.py:208} INFO - Processing /opt/airflow/dags/weather_dag.py took 0.259 seconds
[2026-08-13T01:16:43.638+0000] {processor.py:186} INFO - Started process (PID=48822) to work on /opt/airflow/dags/weather_dag.py
[2026-08-13T01:16:43.639+0000] {processor.py:914} INFO - Processing file /opt/airflow/dags/weather_dag.py for tasks to queue
[2026-08-13T01:16:43.640+0000] {logging_mixin.py:190} INFO - [2026-08-13T01:16:43.640+0000] {dagbag.py:588} INFO - Filling up the DagBag from /opt/airflow/dags/weather_dag.py
[2026-08-13T01:16:43.847+0000] {processor.py:925} INFO - DAG(s) 'weather_ingestion' retrieved from /opt/airflow/dags/weather_dag.py
[2026-08-13T01:16:43.858+0000] {logging_mixin.py:190} INFO - [2026-08-13T01:16:43.858+0000] {dag.py:3239} INFO - Sync 1 DAGs
[2026-08-13T01:16:43.867+0000] {logging_mixin.py:190} INFO - [2026-08-13T01:16:43.867+0000] {dag.py:4180} INFO - Setting next_dagrun for weather_ingestion to 2026-08-13 01:00:00+00:00, run_after=2026-08-13 02:00:00+00:00
[2026-08-13T01:16:43.873+0000] {processor.py:208} INFO - Processing /opt/airflow/dags/weather_dag.py took 0.239 seconds
[2026-08-13T01:17:14.016+0000] {processor.py:186} INFO - Started process (PID=48829) to work on /opt/airflow/dags/weather_dag.py
[2026-08-13T01:17:14.017+0000] {processor.py:914} INFO - Processing file /opt/airflow/dags/weather_dag.py for tasks to queue
[2026-08-13T01:17:14.019+0000] {logging_mixin.py:190} INFO - [2026-08-13T01:17:14.018+0000] {dagbag.py:588} INFO - Filling up the DagBag from /opt/airflow/dags/weather_dag.py
[2026-08-13T01:17:14.228+0000] {processor.py:925} INFO - DAG(s) 'weather_ingestion' retrieved from /opt/airflow/dags/weather_dag.py
[2026-08-13T01:17:14.239+0000] {logging_mixin.py:190} INFO - [2026-08-13T01:17:14.239+0000] {dag.py:3239} INFO - Sync 1 DAGs
[2026-08-13T01:17:14.248+0000] {logging_mixin.py:190} INFO - [2026-08-13T01:17:14.248+0000] {dag.py:4180} INFO - Setting next_dagrun for weather_ingestion to 2026-08-13 01:00:00+00:00, run_after=2026-08-13 02:00:00+00:00
[2026-08-13T01:17:14.255+0000] {processor.py:208} INFO - Processing /opt/airflow/dags/weather_dag.py took 0.245 seconds
[2026-08-13T01:17:44.647+0000] {processor.py:186} INFO - Started process (PID=48836) to work on /opt/airflow/dags/weather_dag.py
[2026-08-13T01:17:44.649+0000] {processor.py:914} INFO - Processing file /opt/airflow/dags/weather_dag.py for tasks to queue
[2026-08-13T01:17:44.651+0000] {logging_mixin.py:190} INFO - [2026-08-13T01:17:44.651+0000] {dagbag.py:588} INFO - Filling up the DagBag from /opt/airflow/dags/weather_dag.py
[2026-08-13T01:17:44.881+0000] {processor.py:925} INFO - DAG(s) 'weather_ingestion' retrieved from /opt/airflow/dags/weather_dag.py
[2026-08-13T01:17:44.892+0000] {logging_mixin.py:190} INFO - [2026-08-13T01:17:44.892+0000] {dag.py:3239} INFO - Sync 1 DAGs
[2026-08-13T01:17:44.902+0000] {logging_mixin.py:190} INFO - [2026-08-13T01:17:44.902+0000] {dag.py:4180} INFO - Setting next_dagrun for weather_ingestion to 2026-08-13 01:00:00+00:00, run_after=2026-08-13 02:00:00+00:00
[2026-08-13T01:17:44.909+0000] {processor.py:208} INFO - Processing /opt/airflow/dags/weather_dag.py took 0.269 seconds
[2026-08-13T01:18:14.982+0000] {processor.py:186} INFO - Started process (PID=48843) to work on /opt/airflow/dags/weather_dag.py
[2026-08-13T01:18:14.982+0000] {processor.py:914} INFO - Processing file /opt/airflow/dags/weather_dag.py for tasks to queue
[2026-08-13T01:18:14.985+0000] {logging_mixin.py:190} INFO - [2026-08-13T01:18:14.985+0000] {dagbag.py:588} INFO - Filling up the DagBag from /opt/airflow/dags/weather_dag.py
[2026-08-13T01:18:15.200+0000] {processor.py:925} INFO - DAG(s) 'weather_ingestion' retrieved from /opt/airflow/dags/weather_dag.py
[2026-08-13T01:18:15.212+0000] {logging_mixin.py:190} INFO - [2026-08-13T01:18:15.211+0000] {dag.py:3239} INFO - Sync 1 DAGs
[2026-08-13T01:18:15.221+0000] {logging_mixin.py:190} INFO - [2026-08-13T01:18:15.221+0000] {dag.py:4180} INFO - Setting next_dagrun for weather_ingestion to 2026-08-13 01:00:00+00:00, run_after=2026-08-13 02:00:00+00:00
[2026-08-13T01:18:15.228+0000] {processor.py:208} INFO - Processing /opt/airflow/dags/weather_dag.py took 0.252 seconds
[2026-08-13T01:18:45.555+0000] {processor.py:186} INFO - Started process (PID=48850) to work on /opt/airflow/dags/weather_dag.py
[2026-08-13T01:18:45.558+0000] {processor.py:914} INFO - Processing file /opt/airflow/dags/weather_dag.py for tasks to queue
[2026-08-13T01:18:45.563+0000] {logging_mixin.py:190} INFO - [2026-08-13T01:18:45.563+0000] {dagbag.py:588} INFO - Filling up the DagBag from /opt/airflow/dags/weather_dag.py
[2026-08-13T01:18:45.952+0000] {processor.py:925} INFO - DAG(s) 'weather_ingestion' retrieved from /opt/airflow/dags/weather_dag.py
[2026-08-13T01:18:45.984+0000] {logging_mixin.py:190} INFO - [2026-08-13T01:18:45.983+0000] {dag.py:3239} INFO - Sync 1 DAGs
[2026-08-13T01:18:46.011+0000] {logging_mixin.py:190} INFO - [2026-08-13T01:18:46.011+0000] {dag.py:4180} INFO - Setting next_dagrun for weather_ingestion to 2026-08-13 01:00:00+00:00, run_after=2026-08-13 02:00:00+00:00
[2026-08-13T01:18:46.021+0000] {processor.py:208} INFO - Processing /opt/airflow/dags/weather_dag.py took 0.478 seconds
[2026-08-13T01:19:16.353+0000] {processor.py:186} INFO - Started process (PID=48857) to work on /opt/airflow/dags/weather_dag.py
[2026-08-13T01:19:16.355+0000] {processor.py:914} INFO - Processing file /opt/airflow/dags/weather_dag.py for tasks to queue
[2026-08-13T01:19:16.358+0000] {logging_mixin.py:190} INFO - [2026-08-13T01:19:16.358+0000] {dagbag.py:588} INFO - Filling up the DagBag from /opt/airflow/dags/weather_dag.py
[2026-08-13T01:19:16.587+0000] {processor.py:925} INFO - DAG(s) 'weather_ingestion' retrieved from /opt/airflow/dags/weather_dag.py
[2026-08-13T01:19:16.600+0000] {logging_mixin.py:190} INFO - [2026-08-13T01:19:16.600+0000] {dag.py:3239} INFO - Sync 1 DAGs
[2026-08-13T01:19:16.609+0000] {logging_mixin.py:190} INFO - [2026-08-13T01:19:16.608+0000] {dag.py:4180} INFO - Setting next_dagrun for weather_ingestion to 2026-08-13 01:00:00+00:00, run_after=2026-08-13 02:00:00+00:00
[2026-08-13T01:19:16.615+0000] {processor.py:208} INFO - Processing /opt/airflow/dags/weather_dag.py took 0.270 seconds
[2026-08-13T01:19:46.714+0000] {processor.py:186} INFO - Started process (PID=48864) to work on /opt/airflow/dags/weather_dag.py
[2026-08-13T01:19:46.717+0000] {processor.py:914} INFO - Processing file /opt/airflow/dags/weather_dag.py for tasks to queue
[2026-08-13T01:19:46.720+0000] {logging_mixin.py:190} INFO - [2026-08-13T01:19:46.719+0000] {dagbag.py:588} INFO - Filling up the DagBag from /opt/airflow/dags/weather_dag.py
[2026-08-13T01:19:46.990+0000] {processor.py:925} INFO - DAG(s) 'weather_ingestion' retrieved from /opt/airflow/dags/weather_dag.py
[2026-08-13T01:19:47.006+0000] {logging_mixin.py:190} INFO - [2026-08-13T01:19:47.006+0000] {dag.py:3239} INFO - Sync 1 DAGs
[2026-08-13T01:19:47.019+0000] {logging_mixin.py:190} INFO - [2026-08-13T01:19:47.019+0000] {dag.py:4180} INFO - Setting next_dagrun for weather_ingestion to 2026-08-13 01:00:00+00:00, run_after=2026-08-13 02:00:00+00:00
[2026-08-13T01:19:47.026+0000] {processor.py:208} INFO - Processing /opt/airflow/dags/weather_dag.py took 0.324 seconds
[2026-08-13T01:20:17.207+0000] {processor.py:186} INFO - Started process (PID=48871) to work on /opt/airflow/dags/weather_dag.py
[2026-08-13T01:20:17.208+0000] {processor.py:914} INFO - Processing file /opt/airflow/dags/weather_dag.py for tasks to queue
[2026-08-13T01:20:17.212+0000] {logging_mixin.py:190} INFO - [2026-08-13T01:20:17.211+0000] {dagbag.py:588} INFO - Filling up the DagBag from /opt/airflow/dags/weather_dag.py
[2026-08-13T01:20:17.438+0000] {processor.py:925} INFO - DAG(s) 'weather_ingestion' retrieved from /opt/airflow/dags/weather_dag.py
[2026-08-13T01:20:17.449+0000] {logging_mixin.py:190} INFO - [2026-08-13T01:20:17.449+0000] {dag.py:3239} INFO - Sync 1 DAGs
[2026-08-13T01:20:17.461+0000] {logging_mixin.py:190} INFO - [2026-08-13T01:20:17.461+0000] {dag.py:4180} INFO - Setting next_dagrun for weather_ingestion to 2026-08-13 01:00:00+00:00, run_after=2026-08-13 02:00:00+00:00
[2026-08-13T01:20:17.468+0000] {processor.py:208} INFO - Processing /opt/airflow/dags/weather_dag.py took 0.271 seconds
[2026-08-13T01:20:47.686+0000] {processor.py:186} INFO - Started process (PID=48878) to work on /opt/airflow/dags/weather_dag.py
[2026-08-13T01:20:47.689+0000] {processor.py:914} INFO - Processing file /opt/airflow/dags/weather_dag.py for tasks to queue
[2026-08-13T01:20:47.692+0000] {logging_mixin.py:190} INFO - [2026-08-13T01:20:47.691+0000] {dagbag.py:588} INFO - Filling up the DagBag from /opt/airflow/dags/weather_dag.py
[2026-08-13T01:20:47.930+0000] {processor.py:925} INFO - DAG(s) 'weather_ingestion' retrieved from /opt/airflow/dags/weather_dag.py
[2026-08-13T01:20:47.942+0000] {logging_mixin.py:190} INFO - [2026-08-13T01:20:47.942+0000] {dag.py:3239} INFO - Sync 1 DAGs
[2026-08-13T01:20:47.953+0000] {logging_mixin.py:190} INFO - [2026-08-13T01:20:47.953+0000] {dag.py:4180} INFO - Setting next_dagrun for weather_ingestion to 2026-08-13 01:00:00+00:00, run_after=2026-08-13 02:00:00+00:00
[2026-08-13T01:20:47.960+0000] {processor.py:208} INFO - Processing /opt/airflow/dags/weather_dag.py took 0.285 seconds
[2026-08-13T01:21:18.110+0000] {processor.py:186} INFO - Started process (PID=48885) to work on /opt/airflow/dags/weather_dag.py
[2026-08-13T01:21:18.112+0000] {processor.py:914} INFO - Processing file /opt/airflow/dags/weather_dag.py for tasks to queue
[2026-08-13T01:21:18.115+0000] {logging_mixin.py:190} INFO - [2026-08-13T01:21:18.114+0000] {dagbag.py:588} INFO - Filling up the DagBag from /opt/airflow/dags/weather_dag.py
[2026-08-13T01:21:18.358+0000] {processor.py:925} INFO - DAG(s) 'weather_ingestion' retrieved from /opt/airflow/dags/weather_dag.py
[2026-08-13T01:21:18.369+0000] {logging_mixin.py:190} INFO - [2026-08-13T01:21:18.369+0000] {dag.py:3239} INFO - Sync 1 DAGs
[2026-08-13T01:21:18.380+0000] {logging_mixin.py:190} INFO - [2026-08-13T01:21:18.380+0000] {dag.py:4180} INFO - Setting next_dagrun for weather_ingestion to 2026-08-13 01:00:00+00:00, run_after=2026-08-13 02:00:00+00:00
[2026-08-13T01:21:18.387+0000] {processor.py:208} INFO - Processing /opt/airflow/dags/weather_dag.py took 0.284 seconds
[2026-08-13T01:21:48.631+0000] {processor.py:186} INFO - Started process (PID=48892) to work on /opt/airflow/dags/weather_dag.py
[2026-08-13T01:21:48.634+0000] {processor.py:914} INFO - Processing file /opt/airflow/dags/weather_dag.py for tasks to queue
[2026-08-13T01:21:48.636+0000] {logging_mixin.py:190} INFO - [2026-08-13T01:21:48.636+0000] {dagbag.py:588} INFO - Filling up the DagBag from /opt/airflow/dags/weather_dag.py
[2026-08-13T01:21:48.866+0000] {processor.py:925} INFO - DAG(s) 'weather_ingestion' retrieved from /opt/airflow/dags/weather_dag.py
[2026-08-13T01:21:48.880+0000] {logging_mixin.py:190} INFO - [2026-08-13T01:21:48.880+0000] {dag.py:3239} INFO - Sync 1 DAGs
[2026-08-13T01:21:48.892+0000] {logging_mixin.py:190} INFO - [2026-08-13T01:21:48.891+0000] {dag.py:4180} INFO - Setting next_dagrun for weather_ingestion to 2026-08-13 01:00:00+00:00, run_after=2026-08-13 02:00:00+00:00
[2026-08-13T01:21:48.899+0000] {processor.py:208} INFO - Processing /opt/airflow/dags/weather_dag.py took 0.279 seconds
[2026-08-13T01:22:18.991+0000] {processor.py:186} INFO - Started process (PID=48899) to work on /opt/airflow/dags/weather_dag.py
[2026-08-13T01:22:18.992+0000] {processor.py:914} INFO - Processing file /opt/airflow/dags/weather_dag.py for tasks to queue
[2026-08-13T01:22:18.994+0000] {logging_mixin.py:190} INFO - [2026-08-13T01:22:18.994+0000] {dagbag.py:588} INFO - Filling up the DagBag from /opt/airflow/dags/weather_dag.py
[2026-08-13T01:22:19.202+0000] {processor.py:925} INFO - DAG(s) 'weather_ingestion' retrieved from /opt/airflow/dags/weather_dag.py
[2026-08-13T01:22:19.213+0000] {logging_mixin.py:190} INFO - [2026-08-13T01:22:19.213+0000] {dag.py:3239} INFO - Sync 1 DAGs
[2026-08-13T01:22:19.223+0000] {logging_mixin.py:190} INFO - [2026-08-13T01:22:19.223+0000] {dag.py:4180} INFO - Setting next_dagrun for weather_ingestion to 2026-08-13 01:00:00+00:00, run_after=2026-08-13 02:00:00+00:00
[2026-08-13T01:22:19.229+0000] {processor.py:208} INFO - Processing /opt/airflow/dags/weather_dag.py took 0.244 seconds
[2026-08-13T01:22:49.503+0000] {processor.py:186} INFO - Started process (PID=48906) to work on /opt/airflow/dags/weather_dag.py
[2026-08-13T01:22:49.504+0000] {processor.py:914} INFO - Processing file /opt/airflow/dags/weather_dag.py for tasks to queue
[2026-08-13T01:22:49.506+0000] {logging_mixin.py:190} INFO - [2026-08-13T01:22:49.506+0000] {dagbag.py:588} INFO - Filling up the DagBag from /opt/airflow/dags/weather_dag.py
[2026-08-13T01:22:49.721+0000] {processor.py:925} INFO - DAG(s) 'weather_ingestion' retrieved from /opt/airflow/dags/weather_dag.py
[2026-08-13T01:22:49.733+0000] {logging_mixin.py:190} INFO - [2026-08-13T01:22:49.732+0000] {dag.py:3239} INFO - Sync 1 DAGs
[2026-08-13T01:22:49.743+0000] {logging_mixin.py:190} INFO - [2026-08-13T01:22:49.742+0000] {dag.py:4180} INFO - Setting next_dagrun for weather_ingestion to 2026-08-13 01:00:00+00:00, run_after=2026-08-13 02:00:00+00:00
[2026-08-13T01:22:49.749+0000] {processor.py:208} INFO - Processing /opt/airflow/dags/weather_dag.py took 0.253 seconds
[2026-08-13T01:23:19.825+0000] {processor.py:186} INFO - Started process (PID=48913) to work on /opt/airflow/dags/weather_dag.py
[2026-08-13T01:23:19.826+0000] {processor.py:914} INFO - Processing file /opt/airflow/dags/weather_dag.py for tasks to queue
[2026-08-13T01:23:19.828+0000] {logging_mixin.py:190} INFO - [2026-08-13T01:23:19.828+0000] {dagbag.py:588} INFO - Filling up the DagBag from /opt/airflow/dags/weather_dag.py
[2026-08-13T01:23:20.047+0000] {processor.py:925} INFO - DAG(s) 'weather_ingestion' retrieved from /opt/airflow/dags/weather_dag.py
[2026-08-13T01:23:20.058+0000] {logging_mixin.py:190} INFO - [2026-08-13T01:23:20.058+0000] {dag.py:3239} INFO - Sync 1 DAGs
[2026-08-13T01:23:20.068+0000] {logging_mixin.py:190} INFO - [2026-08-13T01:23:20.068+0000] {dag.py:4180} INFO - Setting next_dagrun for weather_ingestion to 2026-08-13 01:00:00+00:00, run_after=2026-08-13 02:00:00+00:00
[2026-08-13T01:23:20.075+0000] {processor.py:208} INFO - Processing /opt/airflow/dags/weather_dag.py took 0.257 seconds
[2026-08-13T01:23:50.372+0000] {processor.py:186} INFO - Started process (PID=48920) to work on /opt/airflow/dags/weather_dag.py
[2026-08-13T01:23:50.374+0000] {processor.py:914} INFO - Processing file /opt/airflow/dags/weather_dag.py for tasks to queue
[2026-08-13T01:23:50.376+0000] {logging_mixin.py:190} INFO - [2026-08-13T01:23:50.376+0000] {dagbag.py:588} INFO - Filling up the DagBag from /opt/airflow/dags/weather_dag.py
[2026-08-13T01:23:50.600+0000] {processor.py:925} INFO - DAG(s) 'weather_ingestion' retrieved from /opt/airflow/dags/weather_dag.py
[2026-08-13T01:23:50.611+0000] {logging_mixin.py:190} INFO - [2026-08-13T01:23:50.611+0000] {dag.py:3239} INFO - Sync 1 DAGs
[2026-08-13T01:23:50.621+0000] {logging_mixin.py:190} INFO - [2026-08-13T01:23:50.621+0000] {dag.py:4180} INFO - Setting next_dagrun for weather_ingestion to 2026-08-13 01:00:00+00:00, run_after=2026-08-13 02:00:00+00:00
[2026-08-13T01:23:50.628+0000] {processor.py:208} INFO - Processing /opt/airflow/dags/weather_dag.py took 0.264 seconds
[2026-08-13T01:24:20.744+0000] {processor.py:186} INFO - Started process (PID=48927) to work on /opt/airflow/dags/weather_dag.py
[2026-08-13T01:24:20.746+0000] {processor.py:914} INFO - Processing file /opt/airflow/dags/weather_dag.py for tasks to queue
[2026-08-13T01:24:20.748+0000] {logging_mixin.py:190} INFO - [2026-08-13T01:24:20.748+0000] {dagbag.py:588} INFO - Filling up the DagBag from /opt/airflow/dags/weather_dag.py
[2026-08-13T01:24:21.002+0000] {processor.py:925} INFO - DAG(s) 'weather_ingestion' retrieved from /opt/airflow/dags/weather_dag.py
[2026-08-13T01:24:21.019+0000] {logging_mixin.py:190} INFO - [2026-08-13T01:24:21.018+0000] {dag.py:3239} INFO - Sync 1 DAGs
[2026-08-13T01:24:21.033+0000] {logging_mixin.py:190} INFO - [2026-08-13T01:24:21.033+0000] {dag.py:4180} INFO - Setting next_dagrun for weather_ingestion to 2026-08-13 01:00:00+00:00, run_after=2026-08-13 02:00:00+00:00
[2026-08-13T01:24:21.041+0000] {processor.py:208} INFO - Processing /opt/airflow/dags/weather_dag.py took 0.305 seconds
[2026-08-13T01:24:51.334+0000] {processor.py:186} INFO - Started process (PID=48934) to work on /opt/airflow/dags/weather_dag.py
[2026-08-13T01:24:51.335+0000] {processor.py:914} INFO - Processing file /opt/airflow/dags/weather_dag.py for tasks to queue
[2026-08-13T01:24:51.338+0000] {logging_mixin.py:190} INFO - [2026-08-13T01:24:51.338+0000] {dagbag.py:588} INFO - Filling up the DagBag from /opt/airflow/dags/weather_dag.py
[2026-08-13T01:24:51.572+0000] {processor.py:925} INFO - DAG(s) 'weather_ingestion' retrieved from /opt/airflow/dags/weather_dag.py
[2026-08-13T01:24:51.584+0000] {logging_mixin.py:190} INFO - [2026-08-13T01:24:51.584+0000] {dag.py:3239} INFO - Sync 1 DAGs
[2026-08-13T01:24:51.596+0000] {logging_mixin.py:190} INFO - [2026-08-13T01:24:51.596+0000] {dag.py:4180} INFO - Setting next_dagrun for weather_ingestion to 2026-08-13 01:00:00+00:00, run_after=2026-08-13 02:00:00+00:00
[2026-08-13T01:24:51.603+0000] {processor.py:208} INFO - Processing /opt/airflow/dags/weather_dag.py took 0.278 seconds
[2026-08-13T01:25:21.796+0000] {processor.py:186} INFO - Started process (PID=48941) to work on /opt/airflow/dags/weather_dag.py
[2026-08-13T01:25:21.798+0000] {processor.py:914} INFO - Processing file /opt/airflow/dags/weather_dag.py for tasks to queue
[2026-08-13T01:25:21.800+0000] {logging_mixin.py:190} INFO - [2026-08-13T01:25:21.800+0000] {dagbag.py:588} INFO - Filling up the DagBag from /opt/airflow/dags/weather_dag.py
[2026-08-13T01:25:22.039+0000] {processor.py:925} INFO - DAG(s) 'weather_ingestion' retrieved from /opt/airflow/dags/weather_dag.py
[2026-08-13T01:25:22.050+0000] {logging_mixin.py:190} INFO - [2026-08-13T01:25:22.049+0000] {dag.py:3239} INFO - Sync 1 DAGs
[2026-08-13T01:25:22.058+0000] {logging_mixin.py:190} INFO - [2026-08-13T01:25:22.058+0000] {dag.py:4180} INFO - Setting next_dagrun for weather_ingestion to 2026-08-13 01:00:00+00:00, run_after=2026-08-13 02:00:00+00:00
[2026-08-13T01:25:22.065+0000] {processor.py:208} INFO - Processing /opt/airflow/dags/weather_dag.py took 0.277 seconds
[2026-08-13T01:25:52.383+0000] {processor.py:186} INFO - Started process (PID=48948) to work on /opt/airflow/dags/weather_dag.py
[2026-08-13T01:25:52.384+0000] {processor.py:914} INFO - Processing file /opt/airflow/dags/weather_dag.py for tasks to queue
[2026-08-13T01:25:52.387+0000] {logging_mixin.py:190} INFO - [2026-08-13T01:25:52.386+0000] {dagbag.py:588} INFO - Filling up the DagBag from /opt/airflow/dags/weather_dag.py
[2026-08-13T01:25:52.624+0000] {processor.py:925} INFO - DAG(s) 'weather_ingestion' retrieved from /opt/airflow/dags/weather_dag.py
[2026-08-13T01:25:52.636+0000] {logging_mixin.py:190} INFO - [2026-08-13T01:25:52.636+0000] {dag.py:3239} INFO - Sync 1 DAGs
[2026-08-13T01:25:52.645+0000] {logging_mixin.py:190} INFO - [2026-08-13T01:25:52.645+0000] {dag.py:4180} INFO - Setting next_dagrun for weather_ingestion to 2026-08-13 01:00:00+00:00, run_after=2026-08-13 02:00:00+00:00
[2026-08-13T01:25:52.652+0000] {processor.py:208} INFO - Processing /opt/airflow/dags/weather_dag.py took 0.276 seconds
[2026-08-13T01:26:22.765+0000] {processor.py:186} INFO - Started process (PID=48955) to work on /opt/airflow/dags/weather_dag.py
[2026-08-13T01:26:22.767+0000] {processor.py:914} INFO - Processing file /opt/airflow/dags/weather_dag.py for tasks to queue
[2026-08-13T01:26:22.770+0000] {logging_mixin.py:190} INFO - [2026-08-13T01:26:22.769+0000] {dagbag.py:588} INFO - Filling up the DagBag from /opt/airflow/dags/weather_dag.py
[2026-08-13T01:26:22.978+0000] {processor.py:925} INFO - DAG(s) 'weather_ingestion' retrieved from /opt/airflow/dags/weather_dag.py
[2026-08-13T01:26:22.990+0000] {logging_mixin.py:190} INFO - [2026-08-13T01:26:22.990+0000] {dag.py:3239} INFO - Sync 1 DAGs
[2026-08-13T01:26:23.000+0000] {logging_mixin.py:190} INFO - [2026-08-13T01:26:23.000+0000] {dag.py:4180} INFO - Setting next_dagrun for weather_ingestion to 2026-08-13 01:00:00+00:00, run_after=2026-08-13 02:00:00+00:00
[2026-08-13T01:26:23.007+0000] {processor.py:208} INFO - Processing /opt/airflow/dags/weather_dag.py took 0.248 seconds
[2026-08-13T01:26:53.409+0000] {processor.py:186} INFO - Started process (PID=48962) to work on /opt/airflow/dags/weather_dag.py
[2026-08-13T01:26:53.410+0000] {processor.py:914} INFO - Processing file /opt/airflow/dags/weather_dag.py for tasks to queue
[2026-08-13T01:26:53.413+0000] {logging_mixin.py:190} INFO - [2026-08-13T01:26:53.412+0000] {dagbag.py:588} INFO - Filling up the DagBag from /opt/airflow/dags/weather_dag.py
[2026-08-13T01:26:53.626+0000] {processor.py:925} INFO - DAG(s) 'weather_ingestion' retrieved from /opt/airflow/dags/weather_dag.py
[2026-08-13T01:26:53.637+0000] {logging_mixin.py:190} INFO - [2026-08-13T01:26:53.637+0000] {dag.py:3239} INFO - Sync 1 DAGs
[2026-08-13T01:26:53.646+0000] {logging_mixin.py:190} INFO - [2026-08-13T01:26:53.646+0000] {dag.py:4180} INFO - Setting next_dagrun for weather_ingestion to 2026-08-13 01:00:00+00:00, run_after=2026-08-13 02:00:00+00:00
[2026-08-13T01:26:53.653+0000] {processor.py:208} INFO - Processing /opt/airflow/dags/weather_dag.py took 0.250 seconds
[2026-08-13T01:27:23.807+0000] {processor.py:186} INFO - Started process (PID=48969) to work on /opt/airflow/dags/weather_dag.py
[2026-08-13T01:27:23.809+0000] {processor.py:914} INFO - Processing file /opt/airflow/dags/weather_dag.py for tasks to queue
[2026-08-13T01:27:23.812+0000] {logging_mixin.py:190} INFO - [2026-08-13T01:27:23.812+0000] {dagbag.py:588} INFO - Filling up the DagBag from /opt/airflow/dags/weather_dag.py
[2026-08-13T01:27:24.064+0000] {processor.py:925} INFO - DAG(s) 'weather_ingestion' retrieved from /opt/airflow/dags/weather_dag.py
[2026-08-13T01:27:24.078+0000] {logging_mixin.py:190} INFO - [2026-08-13T01:27:24.078+0000] {dag.py:3239} INFO - Sync 1 DAGs
[2026-08-13T01:27:24.089+0000] {logging_mixin.py:190} INFO - [2026-08-13T01:27:24.089+0000] {dag.py:4180} INFO - Setting next_dagrun for weather_ingestion to 2026-08-13 01:00:00+00:00, run_after=2026-08-13 02:00:00+00:00
[2026-08-13T01:27:24.096+0000] {processor.py:208} INFO - Processing /opt/airflow/dags/weather_dag.py took 0.297 seconds
[2026-08-13T01:27:54.304+0000] {processor.py:186} INFO - Started process (PID=48976) to work on /opt/airflow/dags/weather_dag.py
[2026-08-13T01:27:54.306+0000] {processor.py:914} INFO - Processing file /opt/airflow/dags/weather_dag.py for tasks to queue
[2026-08-13T01:27:54.310+0000] {logging_mixin.py:190} INFO - [2026-08-13T01:27:54.309+0000] {dagbag.py:588} INFO - Filling up the DagBag from /opt/airflow/dags/weather_dag.py
[2026-08-13T01:27:54.539+0000] {processor.py:925} INFO - DAG(s) 'weather_ingestion' retrieved from /opt/airflow/dags/weather_dag.py
[2026-08-13T01:27:54.551+0000] {logging_mixin.py:190} INFO - [2026-08-13T01:27:54.551+0000] {dag.py:3239} INFO - Sync 1 DAGs
[2026-08-13T01:27:54.561+0000] {logging_mixin.py:190} INFO - [2026-08-13T01:27:54.561+0000] {dag.py:4180} INFO - Setting next_dagrun for weather_ingestion to 2026-08-13 01:00:00+00:00, run_after=2026-08-13 02:00:00+00:00
[2026-08-13T01:27:54.568+0000] {processor.py:208} INFO - Processing /opt/airflow/dags/weather_dag.py took 0.274 seconds
[2026-08-13T01:28:24.638+0000] {processor.py:186} INFO - Started process (PID=48983) to work on /opt/airflow/dags/weather_dag.py
[2026-08-13T01:28:24.639+0000] {processor.py:914} INFO - Processing file /opt/airflow/dags/weather_dag.py for tasks to queue
[2026-08-13T01:28:24.642+0000] {logging_mixin.py:190} INFO - [2026-08-13T01:28:24.642+0000] {dagbag.py:588} INFO - Filling up the DagBag from /opt/airflow/dags/weather_dag.py
[2026-08-13T01:28:24.866+0000] {processor.py:925} INFO - DAG(s) 'weather_ingestion' retrieved from /opt/airflow/dags/weather_dag.py
[2026-08-13T01:28:24.878+0000] {logging_mixin.py:190} INFO - [2026-08-13T01:28:24.878+0000] {dag.py:3239} INFO - Sync 1 DAGs
[2026-08-13T01:28:24.887+0000] {logging_mixin.py:190} INFO - [2026-08-13T01:28:24.887+0000] {dag.py:4180} INFO - Setting next_dagrun for weather_ingestion to 2026-08-13 01:00:00+00:00, run_after=2026-08-13 02:00:00+00:00
[2026-08-13T01:28:24.895+0000] {processor.py:208} INFO - Processing /opt/airflow/dags/weather_dag.py took 0.266 seconds
[2026-08-13T01:28:55.308+0000] {processor.py:186} INFO - Started process (PID=48990) to work on /opt/airflow/dags/weather_dag.py
[2026-08-13T01:28:55.309+0000] {processor.py:914} INFO - Processing file /opt/airflow/dags/weather_dag.py for tasks to queue
[2026-08-13T01:28:55.311+0000] {logging_mixin.py:190} INFO - [2026-08-13T01:28:55.310+0000] {dagbag.py:588} INFO - Filling up the DagBag from /opt/airflow/dags/weather_dag.py
[2026-08-13T01:28:55.523+0000] {processor.py:925} INFO - DAG(s) 'weather_ingestion' retrieved from /opt/airflow/dags/weather_dag.py
[2026-08-13T01:28:55.535+0000] {logging_mixin.py:190} INFO - [2026-08-13T01:28:55.535+0000] {dag.py:3239} INFO - Sync 1 DAGs
[2026-08-13T01:28:55.544+0000] {logging_mixin.py:190} INFO - [2026-08-13T01:28:55.544+0000] {dag.py:4180} INFO - Setting next_dagrun for weather_ingestion to 2026-08-13 01:00:00+00:00, run_after=2026-08-13 02:00:00+00:00
[2026-08-13T01:28:55.551+0000] {processor.py:208} INFO - Processing /opt/airflow/dags/weather_dag.py took 0.251 seconds
[2026-08-13T01:29:25.657+0000] {processor.py:186} INFO - Started process (PID=48997) to work on /opt/airflow/dags/weather_dag.py
[2026-08-13T01:29:25.659+0000] {processor.py:914} INFO - Processing file /opt/airflow/dags/weather_dag.py for tasks to queue
[2026-08-13T01:29:25.662+0000] {logging_mixin.py:190} INFO - [2026-08-13T01:29:25.662+0000] {dagbag.py:588} INFO - Filling up the DagBag from /opt/airflow/dags/weather_dag.py
[2026-08-13T01:29:25.955+0000] {processor.py:925} INFO - DAG(s) 'weather_ingestion' retrieved from /opt/airflow/dags/weather_dag.py
[2026-08-13T01:29:25.970+0000] {logging_mixin.py:190} INFO - [2026-08-13T01:29:25.970+0000] {dag.py:3239} INFO - Sync 1 DAGs
[2026-08-13T01:29:25.983+0000] {logging_mixin.py:190} INFO - [2026-08-13T01:29:25.983+0000] {dag.py:4180} INFO - Setting next_dagrun for weather_ingestion to 2026-08-13 01:00:00+00:00, run_after=2026-08-13 02:00:00+00:00
[2026-08-13T01:29:25.991+0000] {processor.py:208} INFO - Processing /opt/airflow/dags/weather_dag.py took 0.343 seconds
[2026-08-13T01:29:56.280+0000] {processor.py:186} INFO - Started process (PID=49004) to work on /opt/airflow/dags/weather_dag.py
[2026-08-13T01:29:56.281+0000] {processor.py:914} INFO - Processing file /opt/airflow/dags/weather_dag.py for tasks to queue
[2026-08-13T01:29:56.285+0000] {logging_mixin.py:190} INFO - [2026-08-13T01:29:56.284+0000] {dagbag.py:588} INFO - Filling up the DagBag from /opt/airflow/dags/weather_dag.py
[2026-08-13T01:29:56.561+0000] {processor.py:925} INFO - DAG(s) 'weather_ingestion' retrieved from /opt/airflow/dags/weather_dag.py
[2026-08-13T01:29:56.608+0000] {logging_mixin.py:190} INFO - [2026-08-13T01:29:56.608+0000] {dag.py:3239} INFO - Sync 1 DAGs
[2026-08-13T01:29:56.620+0000] {logging_mixin.py:190} INFO - [2026-08-13T01:29:56.620+0000] {dag.py:4180} INFO - Setting next_dagrun for weather_ingestion to 2026-08-13 01:00:00+00:00, run_after=2026-08-13 02:00:00+00:00
[2026-08-13T01:29:56.627+0000] {processor.py:208} INFO - Processing /opt/airflow/dags/weather_dag.py took 0.360 seconds
[2026-08-13T01:30:27.023+0000] {processor.py:186} INFO - Started process (PID=49011) to work on /opt/airflow/dags/weather_dag.py
[2026-08-13T01:30:27.026+0000] {processor.py:914} INFO - Processing file /opt/airflow/dags/weather_dag.py for tasks to queue
[2026-08-13T01:30:27.029+0000] {logging_mixin.py:190} INFO - [2026-08-13T01:30:27.028+0000] {dagbag.py:588} INFO - Filling up the DagBag from /opt/airflow/dags/weather_dag.py
[2026-08-13T01:30:27.259+0000] {processor.py:925} INFO - DAG(s) 'weather_ingestion' retrieved from /opt/airflow/dags/weather_dag.py
[2026-08-13T01:30:27.272+0000] {logging_mixin.py:190} INFO - [2026-08-13T01:30:27.271+0000] {dag.py:3239} INFO - Sync 1 DAGs
[2026-08-13T01:30:27.282+0000] {logging_mixin.py:190} INFO - [2026-08-13T01:30:27.282+0000] {dag.py:4180} INFO - Setting next_dagrun for weather_ingestion to 2026-08-13 01:00:00+00:00, run_after=2026-08-13 02:00:00+00:00
[2026-08-13T01:30:27.288+0000] {processor.py:208} INFO - Processing /opt/airflow/dags/weather_dag.py took 0.271 seconds
[2026-08-13T01:30:57.376+0000] {processor.py:186} INFO - Started process (PID=49018) to work on /opt/airflow/dags/weather_dag.py
[2026-08-13T01:30:57.378+0000] {processor.py:914} INFO - Processing file /opt/airflow/dags/weather_dag.py for tasks to queue
[2026-08-13T01:30:57.382+0000] {logging_mixin.py:190} INFO - [2026-08-13T01:30:57.381+0000] {dagbag.py:588} INFO - Filling up the DagBag from /opt/airflow/dags/weather_dag.py
[2026-08-13T01:30:57.653+0000] {processor.py:925} INFO - DAG(s) 'weather_ingestion' retrieved from /opt/airflow/dags/weather_dag.py
[2026-08-13T01:30:57.667+0000] {logging_mixin.py:190} INFO - [2026-08-13T01:30:57.667+0000] {dag.py:3239} INFO - Sync 1 DAGs
[2026-08-13T01:30:57.679+0000] {logging_mixin.py:190} INFO - [2026-08-13T01:30:57.678+0000] {dag.py:4180} INFO - Setting next_dagrun for weather_ingestion to 2026-08-13 01:00:00+00:00, run_after=2026-08-13 02:00:00+00:00
[2026-08-13T01:30:57.686+0000] {processor.py:208} INFO - Processing /opt/airflow/dags/weather_dag.py took 0.321 seconds
[2026-08-13T01:31:27.881+0000] {processor.py:186} INFO - Started process (PID=49025) to work on /opt/airflow/dags/weather_dag.py
[2026-08-13T01:31:27.884+0000] {processor.py:914} INFO - Processing file /opt/airflow/dags/weather_dag.py for tasks to queue
[2026-08-13T01:31:27.887+0000] {logging_mixin.py:190} INFO - [2026-08-13T01:31:27.887+0000] {dagbag.py:588} INFO - Filling up the DagBag from /opt/airflow/dags/weather_dag.py
[2026-08-13T01:31:28.102+0000] {processor.py:925} INFO - DAG(s) 'weather_ingestion' retrieved from /opt/airflow/dags/weather_dag.py
[2026-08-13T01:31:28.113+0000] {logging_mixin.py:190} INFO - [2026-08-13T01:31:28.113+0000] {dag.py:3239} INFO - Sync 1 DAGs
[2026-08-13T01:31:28.124+0000] {logging_mixin.py:190} INFO - [2026-08-13T01:31:28.124+0000] {dag.py:4180} INFO - Setting next_dagrun for weather_ingestion to 2026-08-13 01:00:00+00:00, run_after=2026-08-13 02:00:00+00:00
[2026-08-13T01:31:28.131+0000] {processor.py:208} INFO - Processing /opt/airflow/dags/weather_dag.py took 0.257 seconds
[2026-08-13T01:31:58.226+0000] {processor.py:186} INFO - Started process (PID=49032) to work on /opt/airflow/dags/weather_dag.py
[2026-08-13T01:31:58.227+0000] {processor.py:914} INFO - Processing file /opt/airflow/dags/weather_dag.py for tasks to queue
[2026-08-13T01:31:58.230+0000] {logging_mixin.py:190} INFO - [2026-08-13T01:31:58.230+0000] {dagbag.py:588} INFO - Filling up the DagBag from /opt/airflow/dags/weather_dag.py
[2026-08-13T01:31:58.441+0000] {processor.py:925} INFO - DAG(s) 'weather_ingestion' retrieved from /opt/airflow/dags/weather_dag.py
[2026-08-13T01:31:58.453+0000] {logging_mixin.py:190} INFO - [2026-08-13T01:31:58.453+0000] {dag.py:3239} INFO - Sync 1 DAGs
[2026-08-13T01:31:58.464+0000] {logging_mixin.py:190} INFO - [2026-08-13T01:31:58.464+0000] {dag.py:4180} INFO - Setting next_dagrun for weather_ingestion to 2026-08-13 01:00:00+00:00, run_after=2026-08-13 02:00:00+00:00
[2026-08-13T01:31:58.471+0000] {processor.py:208} INFO - Processing /opt/airflow/dags/weather_dag.py took 0.252 seconds
[2026-08-13T01:32:28.770+0000] {processor.py:186} INFO - Started process (PID=49039) to work on /opt/airflow/dags/weather_dag.py
[2026-08-13T01:32:28.772+0000] {processor.py:914} INFO - Processing file /opt/airflow/dags/weather_dag.py for tasks to queue
[2026-08-13T01:32:28.774+0000] {logging_mixin.py:190} INFO - [2026-08-13T01:32:28.774+0000] {dagbag.py:588} INFO - Filling up the DagBag from /opt/airflow/dags/weather_dag.py
[2026-08-13T01:32:28.982+0000] {processor.py:925} INFO - DAG(s) 'weather_ingestion' retrieved from /opt/airflow/dags/weather_dag.py
[2026-08-13T01:32:28.993+0000] {logging_mixin.py:190} INFO - [2026-08-13T01:32:28.993+0000] {dag.py:3239} INFO - Sync 1 DAGs
[2026-08-13T01:32:29.002+0000] {logging_mixin.py:190} INFO - [2026-08-13T01:32:29.002+0000] {dag.py:4180} INFO - Setting next_dagrun for weather_ingestion to 2026-08-13 01:00:00+00:00, run_after=2026-08-13 02:00:00+00:00
[2026-08-13T01:32:29.009+0000] {processor.py:208} INFO - Processing /opt/airflow/dags/weather_dag.py took 0.245 seconds
[2026-08-13T01:32:59.215+0000] {processor.py:186} INFO - Started process (PID=49046) to work on /opt/airflow/dags/weather_dag.py
[2026-08-13T01:32:59.218+0000] {processor.py:914} INFO - Processing file /opt/airflow/dags/weather_dag.py for tasks to queue
[2026-08-13T01:32:59.220+0000] {logging_mixin.py:190} INFO - [2026-08-13T01:32:59.220+0000] {dagbag.py:588} INFO - Filling up the DagBag from /opt/airflow/dags/weather_dag.py
[2026-08-13T01:32:59.475+0000] {processor.py:925} INFO - DAG(s) 'weather_ingestion' retrieved from /opt/airflow/dags/weather_dag.py
[2026-08-13T01:32:59.487+0000] {logging_mixin.py:190} INFO - [2026-08-13T01:32:59.486+0000] {dag.py:3239} INFO - Sync 1 DAGs
[2026-08-13T01:32:59.496+0000] {logging_mixin.py:190} INFO - [2026-08-13T01:32:59.496+0000] {dag.py:4180} INFO - Setting next_dagrun for weather_ingestion to 2026-08-13 01:00:00+00:00, run_after=2026-08-13 02:00:00+00:00
[2026-08-13T01:32:59.502+0000] {processor.py:208} INFO - Processing /opt/airflow/dags/weather_dag.py took 0.296 seconds
[2026-08-13T01:33:29.772+0000] {processor.py:186} INFO - Started process (PID=49053) to work on /opt/airflow/dags/weather_dag.py
[2026-08-13T01:33:29.774+0000] {processor.py:914} INFO - Processing file /opt/airflow/dags/weather_dag.py for tasks to queue
[2026-08-13T01:33:29.786+0000] {logging_mixin.py:190} INFO - [2026-08-13T01:33:29.784+0000] {dagbag.py:588} INFO - Filling up the DagBag from /opt/airflow/dags/weather_dag.py
[2026-08-13T01:33:30.783+0000] {processor.py:925} INFO - DAG(s) 'weather_ingestion' retrieved from /opt/airflow/dags/weather_dag.py
[2026-08-13T01:33:30.844+0000] {logging_mixin.py:190} INFO - [2026-08-13T01:33:30.843+0000] {dag.py:3239} INFO - Sync 1 DAGs
[2026-08-13T01:33:30.876+0000] {logging_mixin.py:190} INFO - [2026-08-13T01:33:30.876+0000] {dag.py:4180} INFO - Setting next_dagrun for weather_ingestion to 2026-08-13 01:00:00+00:00, run_after=2026-08-13 02:00:00+00:00
[2026-08-13T01:33:30.929+0000] {processor.py:208} INFO - Processing /opt/airflow/dags/weather_dag.py took 1.173 seconds
[2026-08-13T01:34:01.224+0000] {processor.py:186} INFO - Started process (PID=49060) to work on /opt/airflow/dags/weather_dag.py
[2026-08-13T01:34:01.226+0000] {processor.py:914} INFO - Processing file /opt/airflow/dags/weather_dag.py for tasks to queue
[2026-08-13T01:34:01.232+0000] {logging_mixin.py:190} INFO - [2026-08-13T01:34:01.231+0000] {dagbag.py:588} INFO - Filling up the DagBag from /opt/airflow/dags/weather_dag.py
[2026-08-13T01:34:01.528+0000] {processor.py:925} INFO - DAG(s) 'weather_ingestion' retrieved from /opt/airflow/dags/weather_dag.py
[2026-08-13T01:34:01.544+0000] {logging_mixin.py:190} INFO - [2026-08-13T01:34:01.543+0000] {dag.py:3239} INFO - Sync 1 DAGs
[2026-08-13T01:34:01.558+0000] {logging_mixin.py:190} INFO - [2026-08-13T01:34:01.558+0000] {dag.py:4180} INFO - Setting next_dagrun for weather_ingestion to 2026-08-13 01:00:00+00:00, run_after=2026-08-13 02:00:00+00:00
[2026-08-13T01:34:01.566+0000] {processor.py:208} INFO - Processing /opt/airflow/dags/weather_dag.py took 0.353 seconds
[2026-08-13T01:34:31.907+0000] {processor.py:186} INFO - Started process (PID=49067) to work on /opt/airflow/dags/weather_dag.py
[2026-08-13T01:34:31.910+0000] {processor.py:914} INFO - Processing file /opt/airflow/dags/weather_dag.py for tasks to queue
[2026-08-13T01:34:31.912+0000] {logging_mixin.py:190} INFO - [2026-08-13T01:34:31.912+0000] {dagbag.py:588} INFO - Filling up the DagBag from /opt/airflow/dags/weather_dag.py
[2026-08-13T01:34:32.129+0000] {processor.py:925} INFO - DAG(s) 'weather_ingestion' retrieved from /opt/airflow/dags/weather_dag.py
[2026-08-13T01:34:32.140+0000] {logging_mixin.py:190} INFO - [2026-08-13T01:34:32.140+0000] {dag.py:3239} INFO - Sync 1 DAGs
[2026-08-13T01:34:32.149+0000] {logging_mixin.py:190} INFO - [2026-08-13T01:34:32.149+0000] {dag.py:4180} INFO - Setting next_dagrun for weather_ingestion to 2026-08-13 01:00:00+00:00, run_after=2026-08-13 02:00:00+00:00
[2026-08-13T01:34:32.156+0000] {processor.py:208} INFO - Processing /opt/airflow/dags/weather_dag.py took 0.258 seconds
[2026-08-13T01:35:02.295+0000] {processor.py:186} INFO - Started process (PID=49074) to work on /opt/airflow/dags/weather_dag.py
[2026-08-13T01:35:02.297+0000] {processor.py:914} INFO - Processing file /opt/airflow/dags/weather_dag.py for tasks to queue
[2026-08-13T01:35:02.300+0000] {logging_mixin.py:190} INFO - [2026-08-13T01:35:02.299+0000] {dagbag.py:588} INFO - Filling up the DagBag from /opt/airflow/dags/weather_dag.py
[2026-08-13T01:35:02.510+0000] {processor.py:925} INFO - DAG(s) 'weather_ingestion' retrieved from /opt/airflow/dags/weather_dag.py
[2026-08-13T01:35:02.521+0000] {logging_mixin.py:190} INFO - [2026-08-13T01:35:02.521+0000] {dag.py:3239} INFO - Sync 1 DAGs
[2026-08-13T01:35:02.532+0000] {logging_mixin.py:190} INFO - [2026-08-13T01:35:02.532+0000] {dag.py:4180} INFO - Setting next_dagrun for weather_ingestion to 2026-08-13 01:00:00+00:00, run_after=2026-08-13 02:00:00+00:00
[2026-08-13T01:35:02.539+0000] {processor.py:208} INFO - Processing /opt/airflow/dags/weather_dag.py took 0.251 seconds
[2026-08-13T01:35:32.882+0000] {processor.py:186} INFO - Started process (PID=49081) to work on /opt/airflow/dags/weather_dag.py
[2026-08-13T01:35:32.885+0000] {processor.py:914} INFO - Processing file /opt/airflow/dags/weather_dag.py for tasks to queue
[2026-08-13T01:35:32.887+0000] {logging_mixin.py:190} INFO - [2026-08-13T01:35:32.887+0000] {dagbag.py:588} INFO - Filling up the DagBag from /opt/airflow/dags/weather_dag.py
[2026-08-13T01:35:33.099+0000] {processor.py:925} INFO - DAG(s) 'weather_ingestion' retrieved from /opt/airflow/dags/weather_dag.py
[2026-08-13T01:35:33.112+0000] {logging_mixin.py:190} INFO - [2026-08-13T01:35:33.112+0000] {dag.py:3239} INFO - Sync 1 DAGs
[2026-08-13T01:35:33.122+0000] {logging_mixin.py:190} INFO - [2026-08-13T01:35:33.122+0000] {dag.py:4180} INFO - Setting next_dagrun for weather_ingestion to 2026-08-13 01:00:00+00:00, run_after=2026-08-13 02:00:00+00:00
[2026-08-13T01:35:33.129+0000] {processor.py:208} INFO - Processing /opt/airflow/dags/weather_dag.py took 0.255 seconds
[2026-08-13T01:36:03.249+0000] {processor.py:186} INFO - Started process (PID=49088) to work on /opt/airflow/dags/weather_dag.py
[2026-08-13T01:36:03.251+0000] {processor.py:914} INFO - Processing file /opt/airflow/dags/weather_dag.py for tasks to queue
[2026-08-13T01:36:03.254+0000] {logging_mixin.py:190} INFO - [2026-08-13T01:36:03.254+0000] {dagbag.py:588} INFO - Filling up the DagBag from /opt/airflow/dags/weather_dag.py
[2026-08-13T01:36:03.517+0000] {processor.py:925} INFO - DAG(s) 'weather_ingestion' retrieved from /opt/airflow/dags/weather_dag.py
[2026-08-13T01:36:03.530+0000] {logging_mixin.py:190} INFO - [2026-08-13T01:36:03.529+0000] {dag.py:3239} INFO - Sync 1 DAGs
[2026-08-13T01:36:03.540+0000] {logging_mixin.py:190} INFO - [2026-08-13T01:36:03.539+0000] {dag.py:4180} INFO - Setting next_dagrun for weather_ingestion to 2026-08-13 01:00:00+00:00, run_after=2026-08-13 02:00:00+00:00
[2026-08-13T01:36:03.546+0000] {processor.py:208} INFO - Processing /opt/airflow/dags/weather_dag.py took 0.308 seconds
[2026-08-13T01:36:33.865+0000] {processor.py:186} INFO - Started process (PID=49095) to work on /opt/airflow/dags/weather_dag.py
[2026-08-13T01:36:33.866+0000] {processor.py:914} INFO - Processing file /opt/airflow/dags/weather_dag.py for tasks to queue
[2026-08-13T01:36:33.868+0000] {logging_mixin.py:190} INFO - [2026-08-13T01:36:33.868+0000] {dagbag.py:588} INFO - Filling up the DagBag from /opt/airflow/dags/weather_dag.py
[2026-08-13T01:36:34.165+0000] {processor.py:925} INFO - DAG(s) 'weather_ingestion' retrieved from /opt/airflow/dags/weather_dag.py
[2026-08-13T01:36:34.180+0000] {logging_mixin.py:190} INFO - [2026-08-13T01:36:34.180+0000] {dag.py:3239} INFO - Sync 1 DAGs
[2026-08-13T01:36:34.192+0000] {logging_mixin.py:190} INFO - [2026-08-13T01:36:34.192+0000] {dag.py:4180} INFO - Setting next_dagrun for weather_ingestion to 2026-08-13 01:00:00+00:00, run_after=2026-08-13 02:00:00+00:00
[2026-08-13T01:36:34.199+0000] {processor.py:208} INFO - Processing /opt/airflow/dags/weather_dag.py took 0.344 seconds
[2026-08-13T01:37:04.224+0000] {processor.py:186} INFO - Started process (PID=49102) to work on /opt/airflow/dags/weather_dag.py
[2026-08-13T01:37:04.226+0000] {processor.py:914} INFO - Processing file /opt/airflow/dags/weather_dag.py for tasks to queue
[2026-08-13T01:37:04.228+0000] {logging_mixin.py:190} INFO - [2026-08-13T01:37:04.228+0000] {dagbag.py:588} INFO - Filling up the DagBag from /opt/airflow/dags/weather_dag.py
[2026-08-13T01:37:04.436+0000] {processor.py:925} INFO - DAG(s) 'weather_ingestion' retrieved from /opt/airflow/dags/weather_dag.py
[2026-08-13T01:37:04.448+0000] {logging_mixin.py:190} INFO - [2026-08-13T01:37:04.447+0000] {dag.py:3239} INFO - Sync 1 DAGs
[2026-08-13T01:37:04.457+0000] {logging_mixin.py:190} INFO - [2026-08-13T01:37:04.457+0000] {dag.py:4180} INFO - Setting next_dagrun for weather_ingestion to 2026-08-13 01:00:00+00:00, run_after=2026-08-13 02:00:00+00:00
[2026-08-13T01:37:04.463+0000] {processor.py:208} INFO - Processing /opt/airflow/dags/weather_dag.py took 0.245 seconds
[2026-08-13T01:37:34.585+0000] {processor.py:186} INFO - Started process (PID=49109) to work on /opt/airflow/dags/weather_dag.py
[2026-08-13T01:37:34.587+0000] {processor.py:914} INFO - Processing file /opt/airflow/dags/weather_dag.py for tasks to queue
[2026-08-13T01:37:34.589+0000] {logging_mixin.py:190} INFO - [2026-08-13T01:37:34.589+0000] {dagbag.py:588} INFO - Filling up the DagBag from /opt/airflow/dags/weather_dag.py
[2026-08-13T01:37:34.798+0000] {processor.py:925} INFO - DAG(s) 'weather_ingestion' retrieved from /opt/airflow/dags/weather_dag.py
[2026-08-13T01:37:34.810+0000] {logging_mixin.py:190} INFO - [2026-08-13T01:37:34.809+0000] {dag.py:3239} INFO - Sync 1 DAGs
[2026-08-13T01:37:34.819+0000] {logging_mixin.py:190} INFO - [2026-08-13T01:37:34.819+0000] {dag.py:4180} INFO - Setting next_dagrun for weather_ingestion to 2026-08-13 01:00:00+00:00, run_after=2026-08-13 02:00:00+00:00
[2026-08-13T01:37:34.825+0000] {processor.py:208} INFO - Processing /opt/airflow/dags/weather_dag.py took 0.247 seconds
[2026-08-13T01:38:05.140+0000] {processor.py:186} INFO - Started process (PID=49116) to work on /opt/airflow/dags/weather_dag.py
[2026-08-13T01:38:05.141+0000] {processor.py:914} INFO - Processing file /opt/airflow/dags/weather_dag.py for tasks to queue
[2026-08-13T01:38:05.144+0000] {logging_mixin.py:190} INFO - [2026-08-13T01:38:05.143+0000] {dagbag.py:588} INFO - Filling up the DagBag from /opt/airflow/dags/weather_dag.py
[2026-08-13T01:38:05.358+0000] {processor.py:925} INFO - DAG(s) 'weather_ingestion' retrieved from /opt/airflow/dags/weather_dag.py
[2026-08-13T01:38:05.369+0000] {logging_mixin.py:190} INFO - [2026-08-13T01:38:05.369+0000] {dag.py:3239} INFO - Sync 1 DAGs
[2026-08-13T01:38:05.379+0000] {logging_mixin.py:190} INFO - [2026-08-13T01:38:05.379+0000] {dag.py:4180} INFO - Setting next_dagrun for weather_ingestion to 2026-08-13 01:00:00+00:00, run_after=2026-08-13 02:00:00+00:00
[2026-08-13T01:38:05.386+0000] {processor.py:208} INFO - Processing /opt/airflow/dags/weather_dag.py took 0.253 seconds
[2026-08-13T01:38:35.560+0000] {processor.py:186} INFO - Started process (PID=49123) to work on /opt/airflow/dags/weather_dag.py
[2026-08-13T01:38:35.562+0000] {processor.py:914} INFO - Processing file /opt/airflow/dags/weather_dag.py for tasks to queue
[2026-08-13T01:38:35.564+0000] {logging_mixin.py:190} INFO - [2026-08-13T01:38:35.564+0000] {dagbag.py:588} INFO - Filling up the DagBag from /opt/airflow/dags/weather_dag.py
[2026-08-13T01:38:35.793+0000] {processor.py:925} INFO - DAG(s) 'weather_ingestion' retrieved from /opt/airflow/dags/weather_dag.py
[2026-08-13T01:38:35.806+0000] {logging_mixin.py:190} INFO - [2026-08-13T01:38:35.806+0000] {dag.py:3239} INFO - Sync 1 DAGs
[2026-08-13T01:38:35.816+0000] {logging_mixin.py:190} INFO - [2026-08-13T01:38:35.816+0000] {dag.py:4180} INFO - Setting next_dagrun for weather_ingestion to 2026-08-13 01:00:00+00:00, run_after=2026-08-13 02:00:00+00:00
[2026-08-13T01:38:35.823+0000] {processor.py:208} INFO - Processing /opt/airflow/dags/weather_dag.py took 0.271 seconds
[2026-08-13T01:39:06.018+0000] {processor.py:186} INFO - Started process (PID=49130) to work on /opt/airflow/dags/weather_dag.py
[2026-08-13T01:39:06.020+0000] {processor.py:914} INFO - Processing file /opt/airflow/dags/weather_dag.py for tasks to queue
[2026-08-13T01:39:06.024+0000] {logging_mixin.py:190} INFO - [2026-08-13T01:39:06.023+0000] {dagbag.py:588} INFO - Filling up the DagBag from /opt/airflow/dags/weather_dag.py
[2026-08-13T01:39:06.283+0000] {processor.py:925} INFO - DAG(s) 'weather_ingestion' retrieved from /opt/airflow/dags/weather_dag.py
[2026-08-13T01:39:06.296+0000] {logging_mixin.py:190} INFO - [2026-08-13T01:39:06.296+0000] {dag.py:3239} INFO - Sync 1 DAGs
[2026-08-13T01:39:06.306+0000] {logging_mixin.py:190} INFO - [2026-08-13T01:39:06.306+0000] {dag.py:4180} INFO - Setting next_dagrun for weather_ingestion to 2026-08-13 01:00:00+00:00, run_after=2026-08-13 02:00:00+00:00
[2026-08-13T01:39:06.313+0000] {processor.py:208} INFO - Processing /opt/airflow/dags/weather_dag.py took 0.304 seconds
[2026-08-13T01:39:36.465+0000] {processor.py:186} INFO - Started process (PID=49137) to work on /opt/airflow/dags/weather_dag.py
[2026-08-13T01:39:36.467+0000] {processor.py:914} INFO - Processing file /opt/airflow/dags/weather_dag.py for tasks to queue
[2026-08-13T01:39:36.470+0000] {logging_mixin.py:190} INFO - [2026-08-13T01:39:36.469+0000] {dagbag.py:588} INFO - Filling up the DagBag from /opt/airflow/dags/weather_dag.py
[2026-08-13T01:39:36.717+0000] {processor.py:925} INFO - DAG(s) 'weather_ingestion' retrieved from /opt/airflow/dags/weather_dag.py
[2026-08-13T01:39:36.734+0000] {logging_mixin.py:190} INFO - [2026-08-13T01:39:36.733+0000] {dag.py:3239} INFO - Sync 1 DAGs
[2026-08-13T01:39:36.746+0000] {logging_mixin.py:190} INFO - [2026-08-13T01:39:36.746+0000] {dag.py:4180} INFO - Setting next_dagrun for weather_ingestion to 2026-08-13 01:00:00+00:00, run_after=2026-08-13 02:00:00+00:00
[2026-08-13T01:39:36.753+0000] {processor.py:208} INFO - Processing /opt/airflow/dags/weather_dag.py took 0.296 seconds
[2026-08-13T01:40:06.967+0000] {processor.py:186} INFO - Started process (PID=49144) to work on /opt/airflow/dags/weather_dag.py
[2026-08-13T01:40:06.968+0000] {processor.py:914} INFO - Processing file /opt/airflow/dags/weather_dag.py for tasks to queue
[2026-08-13T01:40:06.971+0000] {logging_mixin.py:190} INFO - [2026-08-13T01:40:06.970+0000] {dagbag.py:588} INFO - Filling up the DagBag from /opt/airflow/dags/weather_dag.py
[2026-08-13T01:40:07.197+0000] {processor.py:925} INFO - DAG(s) 'weather_ingestion' retrieved from /opt/airflow/dags/weather_dag.py
[2026-08-13T01:40:07.209+0000] {logging_mixin.py:190} INFO - [2026-08-13T01:40:07.208+0000] {dag.py:3239} INFO - Sync 1 DAGs
[2026-08-13T01:40:07.218+0000] {logging_mixin.py:190} INFO - [2026-08-13T01:40:07.218+0000] {dag.py:4180} INFO - Setting next_dagrun for weather_ingestion to 2026-08-13 01:00:00+00:00, run_after=2026-08-13 02:00:00+00:00
[2026-08-13T01:40:07.225+0000] {processor.py:208} INFO - Processing /opt/airflow/dags/weather_dag.py took 0.265 seconds
[2026-08-13T01:40:37.397+0000] {processor.py:186} INFO - Started process (PID=49151) to work on /opt/airflow/dags/weather_dag.py
[2026-08-13T01:40:37.400+0000] {processor.py:914} INFO - Processing file /opt/airflow/dags/weather_dag.py for tasks to queue
[2026-08-13T01:40:37.404+0000] {logging_mixin.py:190} INFO - [2026-08-13T01:40:37.404+0000] {dagbag.py:588} INFO - Filling up the DagBag from /opt/airflow/dags/weather_dag.py
[2026-08-13T01:40:37.689+0000] {processor.py:925} INFO - DAG(s) 'weather_ingestion' retrieved from /opt/airflow/dags/weather_dag.py
[2026-08-13T01:40:37.704+0000] {logging_mixin.py:190} INFO - [2026-08-13T01:40:37.704+0000] {dag.py:3239} INFO - Sync 1 DAGs
[2026-08-13T01:40:37.718+0000] {logging_mixin.py:190} INFO - [2026-08-13T01:40:37.718+0000] {dag.py:4180} INFO - Setting next_dagrun for weather_ingestion to 2026-08-13 01:00:00+00:00, run_after=2026-08-13 02:00:00+00:00
[2026-08-13T01:40:37.726+0000] {processor.py:208} INFO - Processing /opt/airflow/dags/weather_dag.py took 0.343 seconds
[2026-08-13T01:41:07.884+0000] {processor.py:186} INFO - Started process (PID=49158) to work on /opt/airflow/dags/weather_dag.py
[2026-08-13T01:41:07.887+0000] {processor.py:914} INFO - Processing file /opt/airflow/dags/weather_dag.py for tasks to queue
[2026-08-13T01:41:07.891+0000] {logging_mixin.py:190} INFO - [2026-08-13T01:41:07.890+0000] {dagbag.py:588} INFO - Filling up the DagBag from /opt/airflow/dags/weather_dag.py
[2026-08-13T01:41:08.161+0000] {processor.py:925} INFO - DAG(s) 'weather_ingestion' retrieved from /opt/airflow/dags/weather_dag.py
[2026-08-13T01:41:08.177+0000] {logging_mixin.py:190} INFO - [2026-08-13T01:41:08.177+0000] {dag.py:3239} INFO - Sync 1 DAGs
[2026-08-13T01:41:08.191+0000] {logging_mixin.py:190} INFO - [2026-08-13T01:41:08.190+0000] {dag.py:4180} INFO - Setting next_dagrun for weather_ingestion to 2026-08-13 01:00:00+00:00, run_after=2026-08-13 02:00:00+00:00
[2026-08-13T01:41:08.199+0000] {processor.py:208} INFO - Processing /opt/airflow/dags/weather_dag.py took 0.324 seconds
[2026-08-13T01:41:38.296+0000] {processor.py:186} INFO - Started process (PID=49165) to work on /opt/airflow/dags/weather_dag.py
[2026-08-13T01:41:38.299+0000] {processor.py:914} INFO - Processing file /opt/airflow/dags/weather_dag.py for tasks to queue
[2026-08-13T01:41:38.303+0000] {logging_mixin.py:190} INFO - [2026-08-13T01:41:38.302+0000] {dagbag.py:588} INFO - Filling up the DagBag from /opt/airflow/dags/weather_dag.py
[2026-08-13T01:41:38.562+0000] {processor.py:925} INFO - DAG(s) 'weather_ingestion' retrieved from /opt/airflow/dags/weather_dag.py
[2026-08-13T01:41:38.575+0000] {logging_mixin.py:190} INFO - [2026-08-13T01:41:38.575+0000] {dag.py:3239} INFO - Sync 1 DAGs
[2026-08-13T01:41:38.586+0000] {logging_mixin.py:190} INFO - [2026-08-13T01:41:38.586+0000] {dag.py:4180} INFO - Setting next_dagrun for weather_ingestion to 2026-08-13 01:00:00+00:00, run_after=2026-08-13 02:00:00+00:00
[2026-08-13T01:41:38.593+0000] {processor.py:208} INFO - Processing /opt/airflow/dags/weather_dag.py took 0.310 seconds
[2026-08-13T01:42:08.809+0000] {processor.py:186} INFO - Started process (PID=49172) to work on /opt/airflow/dags/weather_dag.py
[2026-08-13T01:42:08.810+0000] {processor.py:914} INFO - Processing file /opt/airflow/dags/weather_dag.py for tasks to queue
[2026-08-13T01:42:08.812+0000] {logging_mixin.py:190} INFO - [2026-08-13T01:42:08.812+0000] {dagbag.py:588} INFO - Filling up the DagBag from /opt/airflow/dags/weather_dag.py
[2026-08-13T01:42:09.033+0000] {processor.py:925} INFO - DAG(s) 'weather_ingestion' retrieved from /opt/airflow/dags/weather_dag.py
[2026-08-13T01:42:09.044+0000] {logging_mixin.py:190} INFO - [2026-08-13T01:42:09.044+0000] {dag.py:3239} INFO - Sync 1 DAGs
[2026-08-13T01:42:09.053+0000] {logging_mixin.py:190} INFO - [2026-08-13T01:42:09.052+0000] {dag.py:4180} INFO - Setting next_dagrun for weather_ingestion to 2026-08-13 01:00:00+00:00, run_after=2026-08-13 02:00:00+00:00
[2026-08-13T01:42:09.058+0000] {processor.py:208} INFO - Processing /opt/airflow/dags/weather_dag.py took 0.256 seconds
[2026-08-13T01:42:39.218+0000] {processor.py:186} INFO - Started process (PID=49179) to work on /opt/airflow/dags/weather_dag.py
[2026-08-13T01:42:39.220+0000] {processor.py:914} INFO - Processing file /opt/airflow/dags/weather_dag.py for tasks to queue
[2026-08-13T01:42:39.224+0000] {logging_mixin.py:190} INFO - [2026-08-13T01:42:39.223+0000] {dagbag.py:588} INFO - Filling up the DagBag from /opt/airflow/dags/weather_dag.py
[2026-08-13T01:42:39.459+0000] {processor.py:925} INFO - DAG(s) 'weather_ingestion' retrieved from /opt/airflow/dags/weather_dag.py
[2026-08-13T01:42:39.473+0000] {logging_mixin.py:190} INFO - [2026-08-13T01:42:39.473+0000] {dag.py:3239} INFO - Sync 1 DAGs
[2026-08-13T01:42:39.484+0000] {logging_mixin.py:190} INFO - [2026-08-13T01:42:39.484+0000] {dag.py:4180} INFO - Setting next_dagrun for weather_ingestion to 2026-08-13 01:00:00+00:00, run_after=2026-08-13 02:00:00+00:00
[2026-08-13T01:42:39.491+0000] {processor.py:208} INFO - Processing /opt/airflow/dags/weather_dag.py took 0.283 seconds
[2026-08-13T01:43:09.742+0000] {processor.py:186} INFO - Started process (PID=49186) to work on /opt/airflow/dags/weather_dag.py
[2026-08-13T01:43:09.744+0000] {processor.py:914} INFO - Processing file /opt/airflow/dags/weather_dag.py for tasks to queue
[2026-08-13T01:43:09.746+0000] {logging_mixin.py:190} INFO - [2026-08-13T01:43:09.746+0000] {dagbag.py:588} INFO - Filling up the DagBag from /opt/airflow/dags/weather_dag.py
[2026-08-13T01:43:09.956+0000] {processor.py:925} INFO - DAG(s) 'weather_ingestion' retrieved from /opt/airflow/dags/weather_dag.py
[2026-08-13T01:43:09.966+0000] {logging_mixin.py:190} INFO - [2026-08-13T01:43:09.966+0000] {dag.py:3239} INFO - Sync 1 DAGs
[2026-08-13T01:43:09.975+0000] {logging_mixin.py:190} INFO - [2026-08-13T01:43:09.975+0000] {dag.py:4180} INFO - Setting next_dagrun for weather_ingestion to 2026-08-13 01:00:00+00:00, run_after=2026-08-13 02:00:00+00:00
[2026-08-13T01:43:09.982+0000] {processor.py:208} INFO - Processing /opt/airflow/dags/weather_dag.py took 0.248 seconds
[2026-08-13T01:43:40.125+0000] {processor.py:186} INFO - Started process (PID=49193) to work on /opt/airflow/dags/weather_dag.py
[2026-08-13T01:43:40.127+0000] {processor.py:914} INFO - Processing file /opt/airflow/dags/weather_dag.py for tasks to queue
[2026-08-13T01:43:40.130+0000] {logging_mixin.py:190} INFO - [2026-08-13T01:43:40.129+0000] {dagbag.py:588} INFO - Filling up the DagBag from /opt/airflow/dags/weather_dag.py
[2026-08-13T01:43:40.365+0000] {processor.py:925} INFO - DAG(s) 'weather_ingestion' retrieved from /opt/airflow/dags/weather_dag.py
[2026-08-13T01:43:40.377+0000] {logging_mixin.py:190} INFO - [2026-08-13T01:43:40.377+0000] {dag.py:3239} INFO - Sync 1 DAGs
[2026-08-13T01:43:40.388+0000] {logging_mixin.py:190} INFO - [2026-08-13T01:43:40.387+0000] {dag.py:4180} INFO - Setting next_dagrun for weather_ingestion to 2026-08-13 01:00:00+00:00, run_after=2026-08-13 02:00:00+00:00
[2026-08-13T01:43:40.394+0000] {processor.py:208} INFO - Processing /opt/airflow/dags/weather_dag.py took 0.278 seconds
[2026-08-13T01:44:10.514+0000] {processor.py:186} INFO - Started process (PID=49200) to work on /opt/airflow/dags/weather_dag.py
[2026-08-13T01:44:10.516+0000] {processor.py:914} INFO - Processing file /opt/airflow/dags/weather_dag.py for tasks to queue
[2026-08-13T01:44:10.519+0000] {logging_mixin.py:190} INFO - [2026-08-13T01:44:10.518+0000] {dagbag.py:588} INFO - Filling up the DagBag from /opt/airflow/dags/weather_dag.py
[2026-08-13T01:44:10.741+0000] {processor.py:925} INFO - DAG(s) 'weather_ingestion' retrieved from /opt/airflow/dags/weather_dag.py
[2026-08-13T01:44:10.754+0000] {logging_mixin.py:190} INFO - [2026-08-13T01:44:10.753+0000] {dag.py:3239} INFO - Sync 1 DAGs
[2026-08-13T01:44:10.764+0000] {logging_mixin.py:190} INFO - [2026-08-13T01:44:10.764+0000] {dag.py:4180} INFO - Setting next_dagrun for weather_ingestion to 2026-08-13 01:00:00+00:00, run_after=2026-08-13 02:00:00+00:00
[2026-08-13T01:44:10.771+0000] {processor.py:208} INFO - Processing /opt/airflow/dags/weather_dag.py took 0.266 seconds
[2026-08-13T01:44:41.012+0000] {processor.py:186} INFO - Started process (PID=49207) to work on /opt/airflow/dags/weather_dag.py
[2026-08-13T01:44:41.014+0000] {processor.py:914} INFO - Processing file /opt/airflow/dags/weather_dag.py for tasks to queue
[2026-08-13T01:44:41.016+0000] {logging_mixin.py:190} INFO - [2026-08-13T01:44:41.016+0000] {dagbag.py:588} INFO - Filling up the DagBag from /opt/airflow/dags/weather_dag.py
[2026-08-13T01:44:41.292+0000] {processor.py:925} INFO - DAG(s) 'weather_ingestion' retrieved from /opt/airflow/dags/weather_dag.py
[2026-08-13T01:44:41.305+0000] {logging_mixin.py:190} INFO - [2026-08-13T01:44:41.305+0000] {dag.py:3239} INFO - Sync 1 DAGs
[2026-08-13T01:44:41.315+0000] {logging_mixin.py:190} INFO - [2026-08-13T01:44:41.315+0000] {dag.py:4180} INFO - Setting next_dagrun for weather_ingestion to 2026-08-13 01:00:00+00:00, run_after=2026-08-13 02:00:00+00:00
[2026-08-13T01:44:41.322+0000] {processor.py:208} INFO - Processing /opt/airflow/dags/weather_dag.py took 0.317 seconds
[2026-08-13T01:45:11.370+0000] {processor.py:186} INFO - Started process (PID=49214) to work on /opt/airflow/dags/weather_dag.py
[2026-08-13T01:45:11.372+0000] {processor.py:914} INFO - Processing file /opt/airflow/dags/weather_dag.py for tasks to queue
[2026-08-13T01:45:11.374+0000] {logging_mixin.py:190} INFO - [2026-08-13T01:45:11.374+0000] {dagbag.py:588} INFO - Filling up the DagBag from /opt/airflow/dags/weather_dag.py
[2026-08-13T01:45:11.600+0000] {processor.py:925} INFO - DAG(s) 'weather_ingestion' retrieved from /opt/airflow/dags/weather_dag.py
[2026-08-13T01:45:11.614+0000] {logging_mixin.py:190} INFO - [2026-08-13T01:45:11.614+0000] {dag.py:3239} INFO - Sync 1 DAGs
[2026-08-13T01:45:11.625+0000] {logging_mixin.py:190} INFO - [2026-08-13T01:45:11.625+0000] {dag.py:4180} INFO - Setting next_dagrun for weather_ingestion to 2026-08-13 01:00:00+00:00, run_after=2026-08-13 02:00:00+00:00
[2026-08-13T01:45:11.632+0000] {processor.py:208} INFO - Processing /opt/airflow/dags/weather_dag.py took 0.270 seconds
[2026-08-13T01:45:41.947+0000] {processor.py:186} INFO - Started process (PID=49221) to work on /opt/airflow/dags/weather_dag.py
[2026-08-13T01:45:41.948+0000] {processor.py:914} INFO - Processing file /opt/airflow/dags/weather_dag.py for tasks to queue
[2026-08-13T01:45:41.950+0000] {logging_mixin.py:190} INFO - [2026-08-13T01:45:41.950+0000] {dagbag.py:588} INFO - Filling up the DagBag from /opt/airflow/dags/weather_dag.py
[2026-08-13T01:45:42.161+0000] {processor.py:925} INFO - DAG(s) 'weather_ingestion' retrieved from /opt/airflow/dags/weather_dag.py
[2026-08-13T01:45:42.173+0000] {logging_mixin.py:190} INFO - [2026-08-13T01:45:42.173+0000] {dag.py:3239} INFO - Sync 1 DAGs
[2026-08-13T01:45:42.183+0000] {logging_mixin.py:190} INFO - [2026-08-13T01:45:42.183+0000] {dag.py:4180} INFO - Setting next_dagrun for weather_ingestion to 2026-08-13 01:00:00+00:00, run_after=2026-08-13 02:00:00+00:00
[2026-08-13T01:45:42.190+0000] {processor.py:208} INFO - Processing /opt/airflow/dags/weather_dag.py took 0.250 seconds
[2026-08-13T01:46:12.355+0000] {processor.py:186} INFO - Started process (PID=49228) to work on /opt/airflow/dags/weather_dag.py
[2026-08-13T01:46:12.357+0000] {processor.py:914} INFO - Processing file /opt/airflow/dags/weather_dag.py for tasks to queue
[2026-08-13T01:46:12.361+0000] {logging_mixin.py:190} INFO - [2026-08-13T01:46:12.360+0000] {dagbag.py:588} INFO - Filling up the DagBag from /opt/airflow/dags/weather_dag.py
[2026-08-13T01:46:12.704+0000] {processor.py:925} INFO - DAG(s) 'weather_ingestion' retrieved from /opt/airflow/dags/weather_dag.py
[2026-08-13T01:46:12.718+0000] {logging_mixin.py:190} INFO - [2026-08-13T01:46:12.717+0000] {dag.py:3239} INFO - Sync 1 DAGs
[2026-08-13T01:46:12.730+0000] {logging_mixin.py:190} INFO - [2026-08-13T01:46:12.730+0000] {dag.py:4180} INFO - Setting next_dagrun for weather_ingestion to 2026-08-13 01:00:00+00:00, run_after=2026-08-13 02:00:00+00:00
[2026-08-13T01:46:12.737+0000] {processor.py:208} INFO - Processing /opt/airflow/dags/weather_dag.py took 0.392 seconds
[2026-08-13T01:46:42.811+0000] {processor.py:186} INFO - Started process (PID=49235) to work on /opt/airflow/dags/weather_dag.py
[2026-08-13T01:46:42.814+0000] {processor.py:914} INFO - Processing file /opt/airflow/dags/weather_dag.py for tasks to queue
[2026-08-13T01:46:42.819+0000] {logging_mixin.py:190} INFO - [2026-08-13T01:46:42.819+0000] {dagbag.py:588} INFO - Filling up the DagBag from /opt/airflow/dags/weather_dag.py
[2026-08-13T01:46:43.109+0000] {processor.py:925} INFO - DAG(s) 'weather_ingestion' retrieved from /opt/airflow/dags/weather_dag.py
[2026-08-13T01:46:43.128+0000] {logging_mixin.py:190} INFO - [2026-08-13T01:46:43.128+0000] {dag.py:3239} INFO - Sync 1 DAGs
[2026-08-13T01:46:43.143+0000] {logging_mixin.py:190} INFO - [2026-08-13T01:46:43.142+0000] {dag.py:4180} INFO - Setting next_dagrun for weather_ingestion to 2026-08-13 01:00:00+00:00, run_after=2026-08-13 02:00:00+00:00
[2026-08-13T01:46:43.151+0000] {processor.py:208} INFO - Processing /opt/airflow/dags/weather_dag.py took 0.356 seconds
[2026-08-13T01:47:13.512+0000] {processor.py:186} INFO - Started process (PID=49242) to work on /opt/airflow/dags/weather_dag.py
[2026-08-13T01:47:13.515+0000] {processor.py:914} INFO - Processing file /opt/airflow/dags/weather_dag.py for tasks to queue
[2026-08-13T01:47:13.517+0000] {logging_mixin.py:190} INFO - [2026-08-13T01:47:13.517+0000] {dagbag.py:588} INFO - Filling up the DagBag from /opt/airflow/dags/weather_dag.py
[2026-08-13T01:47:13.725+0000] {processor.py:925} INFO - DAG(s) 'weather_ingestion' retrieved from /opt/airflow/dags/weather_dag.py
[2026-08-13T01:47:13.736+0000] {logging_mixin.py:190} INFO - [2026-08-13T01:47:13.736+0000] {dag.py:3239} INFO - Sync 1 DAGs
[2026-08-13T01:47:13.746+0000] {logging_mixin.py:190} INFO - [2026-08-13T01:47:13.746+0000] {dag.py:4180} INFO - Setting next_dagrun for weather_ingestion to 2026-08-13 01:00:00+00:00, run_after=2026-08-13 02:00:00+00:00
[2026-08-13T01:47:13.752+0000] {processor.py:208} INFO - Processing /opt/airflow/dags/weather_dag.py took 0.247 seconds
[2026-08-13T01:47:43.848+0000] {processor.py:186} INFO - Started process (PID=49249) to work on /opt/airflow/dags/weather_dag.py
[2026-08-13T01:47:43.849+0000] {processor.py:914} INFO - Processing file /opt/airflow/dags/weather_dag.py for tasks to queue
[2026-08-13T01:47:43.852+0000] {logging_mixin.py:190} INFO - [2026-08-13T01:47:43.851+0000] {dagbag.py:588} INFO - Filling up the DagBag from /opt/airflow/dags/weather_dag.py
[2026-08-13T01:47:44.082+0000] {processor.py:925} INFO - DAG(s) 'weather_ingestion' retrieved from /opt/airflow/dags/weather_dag.py
[2026-08-13T01:47:44.093+0000] {logging_mixin.py:190} INFO - [2026-08-13T01:47:44.093+0000] {dag.py:3239} INFO - Sync 1 DAGs
[2026-08-13T01:47:44.103+0000] {logging_mixin.py:190} INFO - [2026-08-13T01:47:44.103+0000] {dag.py:4180} INFO - Setting next_dagrun for weather_ingestion to 2026-08-13 01:00:00+00:00, run_after=2026-08-13 02:00:00+00:00
[2026-08-13T01:47:44.110+0000] {processor.py:208} INFO - Processing /opt/airflow/dags/weather_dag.py took 0.268 seconds
[2026-08-13T01:48:14.345+0000] {processor.py:186} INFO - Started process (PID=49256) to work on /opt/airflow/dags/weather_dag.py
[2026-08-13T01:48:14.347+0000] {processor.py:914} INFO - Processing file /opt/airflow/dags/weather_dag.py for tasks to queue
[2026-08-13T01:48:14.349+0000] {logging_mixin.py:190} INFO - [2026-08-13T01:48:14.349+0000] {dagbag.py:588} INFO - Filling up the DagBag from /opt/airflow/dags/weather_dag.py
[2026-08-13T01:48:14.580+0000] {processor.py:925} INFO - DAG(s) 'weather_ingestion' retrieved from /opt/airflow/dags/weather_dag.py
[2026-08-13T01:48:14.591+0000] {logging_mixin.py:190} INFO - [2026-08-13T01:48:14.591+0000] {dag.py:3239} INFO - Sync 1 DAGs
[2026-08-13T01:48:14.601+0000] {logging_mixin.py:190} INFO - [2026-08-13T01:48:14.601+0000] {dag.py:4180} INFO - Setting next_dagrun for weather_ingestion to 2026-08-13 01:00:00+00:00, run_after=2026-08-13 02:00:00+00:00
[2026-08-13T01:48:14.607+0000] {processor.py:208} INFO - Processing /opt/airflow/dags/weather_dag.py took 0.271 seconds
[2026-08-13T01:48:44.800+0000] {processor.py:186} INFO - Started process (PID=49263) to work on /opt/airflow/dags/weather_dag.py
[2026-08-13T01:48:44.802+0000] {processor.py:914} INFO - Processing file /opt/airflow/dags/weather_dag.py for tasks to queue
[2026-08-13T01:48:44.806+0000] {logging_mixin.py:190} INFO - [2026-08-13T01:48:44.805+0000] {dagbag.py:588} INFO - Filling up the DagBag from /opt/airflow/dags/weather_dag.py
[2026-08-13T01:48:45.231+0000] {processor.py:925} INFO - DAG(s) 'weather_ingestion' retrieved from /opt/airflow/dags/weather_dag.py
[2026-08-13T01:48:45.262+0000] {logging_mixin.py:190} INFO - [2026-08-13T01:48:45.261+0000] {dag.py:3239} INFO - Sync 1 DAGs
[2026-08-13T01:48:45.277+0000] {logging_mixin.py:190} INFO - [2026-08-13T01:48:45.277+0000] {dag.py:4180} INFO - Setting next_dagrun for weather_ingestion to 2026-08-13 01:00:00+00:00, run_after=2026-08-13 02:00:00+00:00
[2026-08-13T01:48:45.288+0000] {processor.py:208} INFO - Processing /opt/airflow/dags/weather_dag.py took 0.519 seconds
[2026-08-13T01:49:15.635+0000] {processor.py:186} INFO - Started process (PID=49270) to work on /opt/airflow/dags/weather_dag.py
[2026-08-13T01:49:15.637+0000] {processor.py:914} INFO - Processing file /opt/airflow/dags/weather_dag.py for tasks to queue
[2026-08-13T01:49:15.639+0000] {logging_mixin.py:190} INFO - [2026-08-13T01:49:15.639+0000] {dagbag.py:588} INFO - Filling up the DagBag from /opt/airflow/dags/weather_dag.py
[2026-08-13T01:49:15.852+0000] {processor.py:925} INFO - DAG(s) 'weather_ingestion' retrieved from /opt/airflow/dags/weather_dag.py
[2026-08-13T01:49:15.865+0000] {logging_mixin.py:190} INFO - [2026-08-13T01:49:15.865+0000] {dag.py:3239} INFO - Sync 1 DAGs
[2026-08-13T01:49:15.877+0000] {logging_mixin.py:190} INFO - [2026-08-13T01:49:15.877+0000] {dag.py:4180} INFO - Setting next_dagrun for weather_ingestion to 2026-08-13 01:00:00+00:00, run_after=2026-08-13 02:00:00+00:00
[2026-08-13T01:49:15.884+0000] {processor.py:208} INFO - Processing /opt/airflow/dags/weather_dag.py took 0.255 seconds
[2026-08-13T01:49:46.004+0000] {processor.py:186} INFO - Started process (PID=49277) to work on /opt/airflow/dags/weather_dag.py
[2026-08-13T01:49:46.007+0000] {processor.py:914} INFO - Processing file /opt/airflow/dags/weather_dag.py for tasks to queue
[2026-08-13T01:49:46.011+0000] {logging_mixin.py:190} INFO - [2026-08-13T01:49:46.010+0000] {dagbag.py:588} INFO - Filling up the DagBag from /opt/airflow/dags/weather_dag.py
[2026-08-13T01:49:46.270+0000] {processor.py:925} INFO - DAG(s) 'weather_ingestion' retrieved from /opt/airflow/dags/weather_dag.py
[2026-08-13T01:49:46.282+0000] {logging_mixin.py:190} INFO - [2026-08-13T01:49:46.282+0000] {dag.py:3239} INFO - Sync 1 DAGs
[2026-08-13T01:49:46.292+0000] {logging_mixin.py:190} INFO - [2026-08-13T01:49:46.292+0000] {dag.py:4180} INFO - Setting next_dagrun for weather_ingestion to 2026-08-13 01:00:00+00:00, run_after=2026-08-13 02:00:00+00:00
[2026-08-13T01:49:46.299+0000] {processor.py:208} INFO - Processing /opt/airflow/dags/weather_dag.py took 0.307 seconds
[2026-08-13T01:50:16.502+0000] {processor.py:186} INFO - Started process (PID=49284) to work on /opt/airflow/dags/weather_dag.py
[2026-08-13T01:50:16.503+0000] {processor.py:914} INFO - Processing file /opt/airflow/dags/weather_dag.py for tasks to queue
[2026-08-13T01:50:16.508+0000] {logging_mixin.py:190} INFO - [2026-08-13T01:50:16.507+0000] {dagbag.py:588} INFO - Filling up the DagBag from /opt/airflow/dags/weather_dag.py
[2026-08-13T01:50:16.742+0000] {processor.py:925} INFO - DAG(s) 'weather_ingestion' retrieved from /opt/airflow/dags/weather_dag.py
[2026-08-13T01:50:16.757+0000] {logging_mixin.py:190} INFO - [2026-08-13T01:50:16.757+0000] {dag.py:3239} INFO - Sync 1 DAGs
[2026-08-13T01:50:16.769+0000] {logging_mixin.py:190} INFO - [2026-08-13T01:50:16.769+0000] {dag.py:4180} INFO - Setting next_dagrun for weather_ingestion to 2026-08-13 01:00:00+00:00, run_after=2026-08-13 02:00:00+00:00
[2026-08-13T01:50:16.777+0000] {processor.py:208} INFO - Processing /opt/airflow/dags/weather_dag.py took 0.282 seconds
[2026-08-13T01:50:47.040+0000] {processor.py:186} INFO - Started process (PID=49291) to work on /opt/airflow/dags/weather_dag.py
[2026-08-13T01:50:47.042+0000] {processor.py:914} INFO - Processing file /opt/airflow/dags/weather_dag.py for tasks to queue
[2026-08-13T01:50:47.045+0000] {logging_mixin.py:190} INFO - [2026-08-13T01:50:47.045+0000] {dagbag.py:588} INFO - Filling up the DagBag from /opt/airflow/dags/weather_dag.py
[2026-08-13T01:50:47.267+0000] {processor.py:925} INFO - DAG(s) 'weather_ingestion' retrieved from /opt/airflow/dags/weather_dag.py
[2026-08-13T01:50:47.279+0000] {logging_mixin.py:190} INFO - [2026-08-13T01:50:47.279+0000] {dag.py:3239} INFO - Sync 1 DAGs
[2026-08-13T01:50:47.288+0000] {logging_mixin.py:190} INFO - [2026-08-13T01:50:47.288+0000] {dag.py:4180} INFO - Setting next_dagrun for weather_ingestion to 2026-08-13 01:00:00+00:00, run_after=2026-08-13 02:00:00+00:00
[2026-08-13T01:50:47.295+0000] {processor.py:208} INFO - Processing /opt/airflow/dags/weather_dag.py took 0.264 seconds
[2026-08-13T01:51:17.524+0000] {processor.py:186} INFO - Started process (PID=49298) to work on /opt/airflow/dags/weather_dag.py
[2026-08-13T01:51:17.527+0000] {processor.py:914} INFO - Processing file /opt/airflow/dags/weather_dag.py for tasks to queue
[2026-08-13T01:51:17.531+0000] {logging_mixin.py:190} INFO - [2026-08-13T01:51:17.531+0000] {dagbag.py:588} INFO - Filling up the DagBag from /opt/airflow/dags/weather_dag.py
[2026-08-13T01:51:17.822+0000] {processor.py:925} INFO - DAG(s) 'weather_ingestion' retrieved from /opt/airflow/dags/weather_dag.py
[2026-08-13T01:51:17.840+0000] {logging_mixin.py:190} INFO - [2026-08-13T01:51:17.839+0000] {dag.py:3239} INFO - Sync 1 DAGs
[2026-08-13T01:51:17.853+0000] {logging_mixin.py:190} INFO - [2026-08-13T01:51:17.852+0000] {dag.py:4180} INFO - Setting next_dagrun for weather_ingestion to 2026-08-13 01:00:00+00:00, run_after=2026-08-13 02:00:00+00:00
[2026-08-13T01:51:17.861+0000] {processor.py:208} INFO - Processing /opt/airflow/dags/weather_dag.py took 0.351 seconds
[2026-08-13T01:51:47.933+0000] {processor.py:186} INFO - Started process (PID=49305) to work on /opt/airflow/dags/weather_dag.py
[2026-08-13T01:51:47.935+0000] {processor.py:914} INFO - Processing file /opt/airflow/dags/weather_dag.py for tasks to queue
[2026-08-13T01:51:47.937+0000] {logging_mixin.py:190} INFO - [2026-08-13T01:51:47.937+0000] {dagbag.py:588} INFO - Filling up the DagBag from /opt/airflow/dags/weather_dag.py
[2026-08-13T01:51:48.162+0000] {processor.py:925} INFO - DAG(s) 'weather_ingestion' retrieved from /opt/airflow/dags/weather_dag.py
[2026-08-13T01:51:48.174+0000] {logging_mixin.py:190} INFO - [2026-08-13T01:51:48.174+0000] {dag.py:3239} INFO - Sync 1 DAGs
[2026-08-13T01:51:48.185+0000] {logging_mixin.py:190} INFO - [2026-08-13T01:51:48.185+0000] {dag.py:4180} INFO - Setting next_dagrun for weather_ingestion to 2026-08-13 01:00:00+00:00, run_after=2026-08-13 02:00:00+00:00
[2026-08-13T01:51:48.192+0000] {processor.py:208} INFO - Processing /opt/airflow/dags/weather_dag.py took 0.269 seconds
[2026-08-13T01:52:18.475+0000] {processor.py:186} INFO - Started process (PID=49312) to work on /opt/airflow/dags/weather_dag.py
[2026-08-13T01:52:18.476+0000] {processor.py:914} INFO - Processing file /opt/airflow/dags/weather_dag.py for tasks to queue
[2026-08-13T01:52:18.478+0000] {logging_mixin.py:190} INFO - [2026-08-13T01:52:18.477+0000] {dagbag.py:588} INFO - Filling up the DagBag from /opt/airflow/dags/weather_dag.py
[2026-08-13T01:52:18.685+0000] {processor.py:925} INFO - DAG(s) 'weather_ingestion' retrieved from /opt/airflow/dags/weather_dag.py
[2026-08-13T01:52:18.697+0000] {logging_mixin.py:190} INFO - [2026-08-13T01:52:18.696+0000] {dag.py:3239} INFO - Sync 1 DAGs
[2026-08-13T01:52:18.707+0000] {logging_mixin.py:190} INFO - [2026-08-13T01:52:18.706+0000] {dag.py:4180} INFO - Setting next_dagrun for weather_ingestion to 2026-08-13 01:00:00+00:00, run_after=2026-08-13 02:00:00+00:00
[2026-08-13T01:52:18.713+0000] {processor.py:208} INFO - Processing /opt/airflow/dags/weather_dag.py took 0.245 seconds
[2026-08-13T01:52:48.787+0000] {processor.py:186} INFO - Started process (PID=49319) to work on /opt/airflow/dags/weather_dag.py
[2026-08-13T01:52:48.789+0000] {processor.py:914} INFO - Processing file /opt/airflow/dags/weather_dag.py for tasks to queue
[2026-08-13T01:52:48.792+0000] {logging_mixin.py:190} INFO - [2026-08-13T01:52:48.792+0000] {dagbag.py:588} INFO - Filling up the DagBag from /opt/airflow/dags/weather_dag.py
[2026-08-13T01:52:49.053+0000] {processor.py:925} INFO - DAG(s) 'weather_ingestion' retrieved from /opt/airflow/dags/weather_dag.py
[2026-08-13T01:52:49.065+0000] {logging_mixin.py:190} INFO - [2026-08-13T01:52:49.065+0000] {dag.py:3239} INFO - Sync 1 DAGs
[2026-08-13T01:52:49.076+0000] {logging_mixin.py:190} INFO - [2026-08-13T01:52:49.076+0000] {dag.py:4180} INFO - Setting next_dagrun for weather_ingestion to 2026-08-13 01:00:00+00:00, run_after=2026-08-13 02:00:00+00:00
[2026-08-13T01:52:49.082+0000] {processor.py:208} INFO - Processing /opt/airflow/dags/weather_dag.py took 0.308 seconds
[2026-08-13T01:53:19.276+0000] {processor.py:186} INFO - Started process (PID=49326) to work on /opt/airflow/dags/weather_dag.py
[2026-08-13T01:53:19.277+0000] {processor.py:914} INFO - Processing file /opt/airflow/dags/weather_dag.py for tasks to queue
[2026-08-13T01:53:19.278+0000] {logging_mixin.py:190} INFO - [2026-08-13T01:53:19.278+0000] {dagbag.py:588} INFO - Filling up the DagBag from /opt/airflow/dags/weather_dag.py
[2026-08-13T01:53:19.483+0000] {processor.py:925} INFO - DAG(s) 'weather_ingestion' retrieved from /opt/airflow/dags/weather_dag.py
[2026-08-13T01:53:19.497+0000] {logging_mixin.py:190} INFO - [2026-08-13T01:53:19.497+0000] {dag.py:3239} INFO - Sync 1 DAGs
[2026-08-13T01:53:19.509+0000] {logging_mixin.py:190} INFO - [2026-08-13T01:53:19.509+0000] {dag.py:4180} INFO - Setting next_dagrun for weather_ingestion to 2026-08-13 01:00:00+00:00, run_after=2026-08-13 02:00:00+00:00
[2026-08-13T01:53:19.516+0000] {processor.py:208} INFO - Processing /opt/airflow/dags/weather_dag.py took 0.245 seconds
[2026-08-13T01:53:49.679+0000] {processor.py:186} INFO - Started process (PID=49333) to work on /opt/airflow/dags/weather_dag.py
[2026-08-13T01:53:49.681+0000] {processor.py:914} INFO - Processing file /opt/airflow/dags/weather_dag.py for tasks to queue
[2026-08-13T01:53:49.687+0000] {logging_mixin.py:190} INFO - [2026-08-13T01:53:49.686+0000] {dagbag.py:588} INFO - Filling up the DagBag from /opt/airflow/dags/weather_dag.py
[2026-08-13T01:53:49.958+0000] {processor.py:925} INFO - DAG(s) 'weather_ingestion' retrieved from /opt/airflow/dags/weather_dag.py
[2026-08-13T01:53:49.970+0000] {logging_mixin.py:190} INFO - [2026-08-13T01:53:49.970+0000] {dag.py:3239} INFO - Sync 1 DAGs
[2026-08-13T01:53:49.980+0000] {logging_mixin.py:190} INFO - [2026-08-13T01:53:49.980+0000] {dag.py:4180} INFO - Setting next_dagrun for weather_ingestion to 2026-08-13 01:00:00+00:00, run_after=2026-08-13 02:00:00+00:00
[2026-08-13T01:53:49.987+0000] {processor.py:208} INFO - Processing /opt/airflow/dags/weather_dag.py took 0.319 seconds
[2026-08-13T01:54:20.136+0000] {processor.py:186} INFO - Started process (PID=49340) to work on /opt/airflow/dags/weather_dag.py
[2026-08-13T01:54:20.138+0000] {processor.py:914} INFO - Processing file /opt/airflow/dags/weather_dag.py for tasks to queue
[2026-08-13T01:54:20.141+0000] {logging_mixin.py:190} INFO - [2026-08-13T01:54:20.141+0000] {dagbag.py:588} INFO - Filling up the DagBag from /opt/airflow/dags/weather_dag.py
[2026-08-13T01:54:20.357+0000] {processor.py:925} INFO - DAG(s) 'weather_ingestion' retrieved from /opt/airflow/dags/weather_dag.py
[2026-08-13T01:54:20.368+0000] {logging_mixin.py:190} INFO - [2026-08-13T01:54:20.368+0000] {dag.py:3239} INFO - Sync 1 DAGs
[2026-08-13T01:54:20.378+0000] {logging_mixin.py:190} INFO - [2026-08-13T01:54:20.378+0000] {dag.py:4180} INFO - Setting next_dagrun for weather_ingestion to 2026-08-13 01:00:00+00:00, run_after=2026-08-13 02:00:00+00:00
[2026-08-13T01:54:20.385+0000] {processor.py:208} INFO - Processing /opt/airflow/dags/weather_dag.py took 0.256 seconds
[2026-08-13T01:54:50.575+0000] {processor.py:186} INFO - Started process (PID=49347) to work on /opt/airflow/dags/weather_dag.py
[2026-08-13T01:54:50.577+0000] {processor.py:914} INFO - Processing file /opt/airflow/dags/weather_dag.py for tasks to queue
[2026-08-13T01:54:50.580+0000] {logging_mixin.py:190} INFO - [2026-08-13T01:54:50.580+0000] {dagbag.py:588} INFO - Filling up the DagBag from /opt/airflow/dags/weather_dag.py
[2026-08-13T01:54:50.797+0000] {processor.py:925} INFO - DAG(s) 'weather_ingestion' retrieved from /opt/airflow/dags/weather_dag.py
[2026-08-13T01:54:50.808+0000] {logging_mixin.py:190} INFO - [2026-08-13T01:54:50.808+0000] {dag.py:3239} INFO - Sync 1 DAGs
[2026-08-13T01:54:50.818+0000] {logging_mixin.py:190} INFO - [2026-08-13T01:54:50.818+0000] {dag.py:4180} INFO - Setting next_dagrun for weather_ingestion to 2026-08-13 01:00:00+00:00, run_after=2026-08-13 02:00:00+00:00
[2026-08-13T01:54:50.824+0000] {processor.py:208} INFO - Processing /opt/airflow/dags/weather_dag.py took 0.255 seconds
[2026-08-13T01:55:20.992+0000] {processor.py:186} INFO - Started process (PID=49354) to work on /opt/airflow/dags/weather_dag.py
[2026-08-13T01:55:20.994+0000] {processor.py:914} INFO - Processing file /opt/airflow/dags/weather_dag.py for tasks to queue
[2026-08-13T01:55:20.997+0000] {logging_mixin.py:190} INFO - [2026-08-13T01:55:20.997+0000] {dagbag.py:588} INFO - Filling up the DagBag from /opt/airflow/dags/weather_dag.py
[2026-08-13T01:55:21.249+0000] {processor.py:925} INFO - DAG(s) 'weather_ingestion' retrieved from /opt/airflow/dags/weather_dag.py
[2026-08-13T01:55:21.260+0000] {logging_mixin.py:190} INFO - [2026-08-13T01:55:21.260+0000] {dag.py:3239} INFO - Sync 1 DAGs
[2026-08-13T01:55:21.270+0000] {logging_mixin.py:190} INFO - [2026-08-13T01:55:21.270+0000] {dag.py:4180} INFO - Setting next_dagrun for weather_ingestion to 2026-08-13 01:00:00+00:00, run_after=2026-08-13 02:00:00+00:00
[2026-08-13T01:55:21.276+0000] {processor.py:208} INFO - Processing /opt/airflow/dags/weather_dag.py took 0.295 seconds
[2026-08-13T01:55:51.413+0000] {processor.py:186} INFO - Started process (PID=49361) to work on /opt/airflow/dags/weather_dag.py
[2026-08-13T01:55:51.415+0000] {processor.py:914} INFO - Processing file /opt/airflow/dags/weather_dag.py for tasks to queue
[2026-08-13T01:55:51.420+0000] {logging_mixin.py:190} INFO - [2026-08-13T01:55:51.419+0000] {dagbag.py:588} INFO - Filling up the DagBag from /opt/airflow/dags/weather_dag.py
[2026-08-13T01:55:51.753+0000] {processor.py:925} INFO - DAG(s) 'weather_ingestion' retrieved from /opt/airflow/dags/weather_dag.py
[2026-08-13T01:55:51.804+0000] {logging_mixin.py:190} INFO - [2026-08-13T01:55:51.804+0000] {dag.py:3239} INFO - Sync 1 DAGs
[2026-08-13T01:55:51.819+0000] {logging_mixin.py:190} INFO - [2026-08-13T01:55:51.819+0000] {dag.py:4180} INFO - Setting next_dagrun for weather_ingestion to 2026-08-13 01:00:00+00:00, run_after=2026-08-13 02:00:00+00:00
[2026-08-13T01:55:51.828+0000] {processor.py:208} INFO - Processing /opt/airflow/dags/weather_dag.py took 0.427 seconds
[2026-08-13T01:56:22.190+0000] {processor.py:186} INFO - Started process (PID=49368) to work on /opt/airflow/dags/weather_dag.py
[2026-08-13T01:56:22.192+0000] {processor.py:914} INFO - Processing file /opt/airflow/dags/weather_dag.py for tasks to queue
[2026-08-13T01:56:22.194+0000] {logging_mixin.py:190} INFO - [2026-08-13T01:56:22.194+0000] {dagbag.py:588} INFO - Filling up the DagBag from /opt/airflow/dags/weather_dag.py
[2026-08-13T01:56:22.420+0000] {processor.py:925} INFO - DAG(s) 'weather_ingestion' retrieved from /opt/airflow/dags/weather_dag.py
[2026-08-13T01:56:22.432+0000] {logging_mixin.py:190} INFO - [2026-08-13T01:56:22.432+0000] {dag.py:3239} INFO - Sync 1 DAGs
[2026-08-13T01:56:22.441+0000] {logging_mixin.py:190} INFO - [2026-08-13T01:56:22.441+0000] {dag.py:4180} INFO - Setting next_dagrun for weather_ingestion to 2026-08-13 01:00:00+00:00, run_after=2026-08-13 02:00:00+00:00
[2026-08-13T01:56:22.447+0000] {processor.py:208} INFO - Processing /opt/airflow/dags/weather_dag.py took 0.257 seconds
[2026-08-13T01:56:52.543+0000] {processor.py:186} INFO - Started process (PID=49375) to work on /opt/airflow/dags/weather_dag.py
[2026-08-13T01:56:52.545+0000] {processor.py:914} INFO - Processing file /opt/airflow/dags/weather_dag.py for tasks to queue
[2026-08-13T01:56:52.549+0000] {logging_mixin.py:190} INFO - [2026-08-13T01:56:52.548+0000] {dagbag.py:588} INFO - Filling up the DagBag from /opt/airflow/dags/weather_dag.py
[2026-08-13T01:56:52.773+0000] {processor.py:925} INFO - DAG(s) 'weather_ingestion' retrieved from /opt/airflow/dags/weather_dag.py
[2026-08-13T01:56:52.787+0000] {logging_mixin.py:190} INFO - [2026-08-13T01:56:52.787+0000] {dag.py:3239} INFO - Sync 1 DAGs
[2026-08-13T01:56:52.800+0000] {logging_mixin.py:190} INFO - [2026-08-13T01:56:52.800+0000] {dag.py:4180} INFO - Setting next_dagrun for weather_ingestion to 2026-08-13 01:00:00+00:00, run_after=2026-08-13 02:00:00+00:00
[2026-08-13T01:56:52.808+0000] {processor.py:208} INFO - Processing /opt/airflow/dags/weather_dag.py took 0.274 seconds
[2026-08-13T01:57:23.039+0000] {processor.py:186} INFO - Started process (PID=49382) to work on /opt/airflow/dags/weather_dag.py
[2026-08-13T01:57:23.041+0000] {processor.py:914} INFO - Processing file /opt/airflow/dags/weather_dag.py for tasks to queue
[2026-08-13T01:57:23.042+0000] {logging_mixin.py:190} INFO - [2026-08-13T01:57:23.042+0000] {dagbag.py:588} INFO - Filling up the DagBag from /opt/airflow/dags/weather_dag.py
[2026-08-13T01:57:23.260+0000] {processor.py:925} INFO - DAG(s) 'weather_ingestion' retrieved from /opt/airflow/dags/weather_dag.py
[2026-08-13T01:57:23.271+0000] {logging_mixin.py:190} INFO - [2026-08-13T01:57:23.271+0000] {dag.py:3239} INFO - Sync 1 DAGs
[2026-08-13T01:57:23.280+0000] {logging_mixin.py:190} INFO - [2026-08-13T01:57:23.280+0000] {dag.py:4180} INFO - Setting next_dagrun for weather_ingestion to 2026-08-13 01:00:00+00:00, run_after=2026-08-13 02:00:00+00:00
[2026-08-13T01:57:23.287+0000] {processor.py:208} INFO - Processing /opt/airflow/dags/weather_dag.py took 0.255 seconds
[2026-08-13T01:57:53.614+0000] {processor.py:186} INFO - Started process (PID=49389) to work on /opt/airflow/dags/weather_dag.py
[2026-08-13T01:57:53.617+0000] {processor.py:914} INFO - Processing file /opt/airflow/dags/weather_dag.py for tasks to queue
[2026-08-13T01:57:53.619+0000] {logging_mixin.py:190} INFO - [2026-08-13T01:57:53.619+0000] {dagbag.py:588} INFO - Filling up the DagBag from /opt/airflow/dags/weather_dag.py
[2026-08-13T01:57:53.870+0000] {processor.py:925} INFO - DAG(s) 'weather_ingestion' retrieved from /opt/airflow/dags/weather_dag.py
[2026-08-13T01:57:53.882+0000] {logging_mixin.py:190} INFO - [2026-08-13T01:57:53.882+0000] {dag.py:3239} INFO - Sync 1 DAGs
[2026-08-13T01:57:53.892+0000] {logging_mixin.py:190} INFO - [2026-08-13T01:57:53.892+0000] {dag.py:4180} INFO - Setting next_dagrun for weather_ingestion to 2026-08-13 01:00:00+00:00, run_after=2026-08-13 02:00:00+00:00
[2026-08-13T01:57:53.898+0000] {processor.py:208} INFO - Processing /opt/airflow/dags/weather_dag.py took 0.292 seconds
[2026-08-13T01:58:23.966+0000] {processor.py:186} INFO - Started process (PID=49396) to work on /opt/airflow/dags/weather_dag.py
[2026-08-13T01:58:23.968+0000] {processor.py:914} INFO - Processing file /opt/airflow/dags/weather_dag.py for tasks to queue
[2026-08-13T01:58:23.970+0000] {logging_mixin.py:190} INFO - [2026-08-13T01:58:23.970+0000] {dagbag.py:588} INFO - Filling up the DagBag from /opt/airflow/dags/weather_dag.py
[2026-08-13T01:58:24.211+0000] {processor.py:925} INFO - DAG(s) 'weather_ingestion' retrieved from /opt/airflow/dags/weather_dag.py
[2026-08-13T01:58:24.223+0000] {logging_mixin.py:190} INFO - [2026-08-13T01:58:24.223+0000] {dag.py:3239} INFO - Sync 1 DAGs
[2026-08-13T01:58:24.233+0000] {logging_mixin.py:190} INFO - [2026-08-13T01:58:24.233+0000] {dag.py:4180} INFO - Setting next_dagrun for weather_ingestion to 2026-08-13 01:00:00+00:00, run_after=2026-08-13 02:00:00+00:00
[2026-08-13T01:58:24.239+0000] {processor.py:208} INFO - Processing /opt/airflow/dags/weather_dag.py took 0.280 seconds
[2026-08-13T01:58:54.527+0000] {processor.py:186} INFO - Started process (PID=49403) to work on /opt/airflow/dags/weather_dag.py
[2026-08-13T01:58:54.529+0000] {processor.py:914} INFO - Processing file /opt/airflow/dags/weather_dag.py for tasks to queue
[2026-08-13T01:58:54.532+0000] {logging_mixin.py:190} INFO - [2026-08-13T01:58:54.532+0000] {dagbag.py:588} INFO - Filling up the DagBag from /opt/airflow/dags/weather_dag.py
[2026-08-13T01:58:54.743+0000] {processor.py:925} INFO - DAG(s) 'weather_ingestion' retrieved from /opt/airflow/dags/weather_dag.py
[2026-08-13T01:58:54.755+0000] {logging_mixin.py:190} INFO - [2026-08-13T01:58:54.754+0000] {dag.py:3239} INFO - Sync 1 DAGs
[2026-08-13T01:58:54.764+0000] {logging_mixin.py:190} INFO - [2026-08-13T01:58:54.764+0000] {dag.py:4180} INFO - Setting next_dagrun for weather_ingestion to 2026-08-13 01:00:00+00:00, run_after=2026-08-13 02:00:00+00:00
[2026-08-13T01:58:54.771+0000] {processor.py:208} INFO - Processing /opt/airflow/dags/weather_dag.py took 0.250 seconds
[2026-08-13T01:59:24.926+0000] {processor.py:186} INFO - Started process (PID=49410) to work on /opt/airflow/dags/weather_dag.py
[2026-08-13T01:59:24.928+0000] {processor.py:914} INFO - Processing file /opt/airflow/dags/weather_dag.py for tasks to queue
[2026-08-13T01:59:24.930+0000] {logging_mixin.py:190} INFO - [2026-08-13T01:59:24.929+0000] {dagbag.py:588} INFO - Filling up the DagBag from /opt/airflow/dags/weather_dag.py
[2026-08-13T01:59:25.152+0000] {processor.py:925} INFO - DAG(s) 'weather_ingestion' retrieved from /opt/airflow/dags/weather_dag.py
[2026-08-13T01:59:25.163+0000] {logging_mixin.py:190} INFO - [2026-08-13T01:59:25.163+0000] {dag.py:3239} INFO - Sync 1 DAGs
[2026-08-13T01:59:25.172+0000] {logging_mixin.py:190} INFO - [2026-08-13T01:59:25.172+0000] {dag.py:4180} INFO - Setting next_dagrun for weather_ingestion to 2026-08-13 01:00:00+00:00, run_after=2026-08-13 02:00:00+00:00
[2026-08-13T01:59:25.178+0000] {processor.py:208} INFO - Processing /opt/airflow/dags/weather_dag.py took 0.259 seconds
[2026-08-13T01:59:55.365+0000] {processor.py:186} INFO - Started process (PID=49417) to work on /opt/airflow/dags/weather_dag.py
[2026-08-13T01:59:55.369+0000] {processor.py:914} INFO - Processing file /opt/airflow/dags/weather_dag.py for tasks to queue
[2026-08-13T01:59:55.373+0000] {logging_mixin.py:190} INFO - [2026-08-13T01:59:55.372+0000] {dagbag.py:588} INFO - Filling up the DagBag from /opt/airflow/dags/weather_dag.py
[2026-08-13T01:59:55.645+0000] {processor.py:925} INFO - DAG(s) 'weather_ingestion' retrieved from /opt/airflow/dags/weather_dag.py
[2026-08-13T01:59:55.662+0000] {logging_mixin.py:190} INFO - [2026-08-13T01:59:55.661+0000] {dag.py:3239} INFO - Sync 1 DAGs
[2026-08-13T01:59:55.675+0000] {logging_mixin.py:190} INFO - [2026-08-13T01:59:55.675+0000] {dag.py:4180} INFO - Setting next_dagrun for weather_ingestion to 2026-08-13 01:00:00+00:00, run_after=2026-08-13 02:00:00+00:00
[2026-08-13T01:59:55.683+0000] {processor.py:208} INFO - Processing /opt/airflow/dags/weather_dag.py took 0.330 seconds
[2026-08-13T02:00:25.796+0000] {processor.py:186} INFO - Started process (PID=49429) to work on /opt/airflow/dags/weather_dag.py
[2026-08-13T02:00:25.797+0000] {processor.py:914} INFO - Processing file /opt/airflow/dags/weather_dag.py for tasks to queue
[2026-08-13T02:00:25.799+0000] {logging_mixin.py:190} INFO - [2026-08-13T02:00:25.799+0000] {dagbag.py:588} INFO - Filling up the DagBag from /opt/airflow/dags/weather_dag.py
[2026-08-13T02:00:26.009+0000] {processor.py:925} INFO - DAG(s) 'weather_ingestion' retrieved from /opt/airflow/dags/weather_dag.py
[2026-08-13T02:00:26.020+0000] {logging_mixin.py:190} INFO - [2026-08-13T02:00:26.020+0000] {dag.py:3239} INFO - Sync 1 DAGs
[2026-08-13T02:00:26.030+0000] {logging_mixin.py:190} INFO - [2026-08-13T02:00:26.030+0000] {dag.py:4180} INFO - Setting next_dagrun for weather_ingestion to 2026-08-13 02:00:00+00:00, run_after=2026-08-13 03:00:00+00:00
[2026-08-13T02:00:26.036+0000] {processor.py:208} INFO - Processing /opt/airflow/dags/weather_dag.py took 0.246 seconds
[2026-08-13T02:00:56.365+0000] {processor.py:186} INFO - Started process (PID=49436) to work on /opt/airflow/dags/weather_dag.py
[2026-08-13T02:00:56.367+0000] {processor.py:914} INFO - Processing file /opt/airflow/dags/weather_dag.py for tasks to queue
[2026-08-13T02:00:56.370+0000] {logging_mixin.py:190} INFO - [2026-08-13T02:00:56.370+0000] {dagbag.py:588} INFO - Filling up the DagBag from /opt/airflow/dags/weather_dag.py
[2026-08-13T02:00:56.607+0000] {processor.py:925} INFO - DAG(s) 'weather_ingestion' retrieved from /opt/airflow/dags/weather_dag.py
[2026-08-13T02:00:56.622+0000] {logging_mixin.py:190} INFO - [2026-08-13T02:00:56.622+0000] {dag.py:3239} INFO - Sync 1 DAGs
[2026-08-13T02:00:56.635+0000] {logging_mixin.py:190} INFO - [2026-08-13T02:00:56.634+0000] {dag.py:4180} INFO - Setting next_dagrun for weather_ingestion to 2026-08-13 02:00:00+00:00, run_after=2026-08-13 03:00:00+00:00
[2026-08-13T02:00:56.642+0000] {processor.py:208} INFO - Processing /opt/airflow/dags/weather_dag.py took 0.286 seconds
[2026-08-13T02:01:26.716+0000] {processor.py:186} INFO - Started process (PID=49443) to work on /opt/airflow/dags/weather_dag.py
[2026-08-13T02:01:26.718+0000] {processor.py:914} INFO - Processing file /opt/airflow/dags/weather_dag.py for tasks to queue
[2026-08-13T02:01:26.720+0000] {logging_mixin.py:190} INFO - [2026-08-13T02:01:26.720+0000] {dagbag.py:588} INFO - Filling up the DagBag from /opt/airflow/dags/weather_dag.py
[2026-08-13T02:01:26.939+0000] {processor.py:925} INFO - DAG(s) 'weather_ingestion' retrieved from /opt/airflow/dags/weather_dag.py
[2026-08-13T02:01:26.951+0000] {logging_mixin.py:190} INFO - [2026-08-13T02:01:26.950+0000] {dag.py:3239} INFO - Sync 1 DAGs
[2026-08-13T02:01:26.960+0000] {logging_mixin.py:190} INFO - [2026-08-13T02:01:26.960+0000] {dag.py:4180} INFO - Setting next_dagrun for weather_ingestion to 2026-08-13 02:00:00+00:00, run_after=2026-08-13 03:00:00+00:00
[2026-08-13T02:01:26.968+0000] {processor.py:208} INFO - Processing /opt/airflow/dags/weather_dag.py took 0.260 seconds
[2026-08-13T02:01:57.319+0000] {processor.py:186} INFO - Started process (PID=49450) to work on /opt/airflow/dags/weather_dag.py
[2026-08-13T02:01:57.320+0000] {processor.py:914} INFO - Processing file /opt/airflow/dags/weather_dag.py for tasks to queue
[2026-08-13T02:01:57.323+0000] {logging_mixin.py:190} INFO - [2026-08-13T02:01:57.323+0000] {dagbag.py:588} INFO - Filling up the DagBag from /opt/airflow/dags/weather_dag.py
[2026-08-13T02:01:57.569+0000] {processor.py:925} INFO - DAG(s) 'weather_ingestion' retrieved from /opt/airflow/dags/weather_dag.py
[2026-08-13T02:01:57.581+0000] {logging_mixin.py:190} INFO - [2026-08-13T02:01:57.580+0000] {dag.py:3239} INFO - Sync 1 DAGs
[2026-08-13T02:01:57.590+0000] {logging_mixin.py:190} INFO - [2026-08-13T02:01:57.590+0000] {dag.py:4180} INFO - Setting next_dagrun for weather_ingestion to 2026-08-13 02:00:00+00:00, run_after=2026-08-13 03:00:00+00:00
[2026-08-13T02:01:57.596+0000] {processor.py:208} INFO - Processing /opt/airflow/dags/weather_dag.py took 0.288 seconds
[2026-08-13T02:02:27.752+0000] {processor.py:186} INFO - Started process (PID=49462) to work on /opt/airflow/dags/weather_dag.py
[2026-08-13T02:02:27.754+0000] {processor.py:914} INFO - Processing file /opt/airflow/dags/weather_dag.py for tasks to queue
[2026-08-13T02:02:27.757+0000] {logging_mixin.py:190} INFO - [2026-08-13T02:02:27.756+0000] {dagbag.py:588} INFO - Filling up the DagBag from /opt/airflow/dags/weather_dag.py
[2026-08-13T02:02:27.971+0000] {processor.py:925} INFO - DAG(s) 'weather_ingestion' retrieved from /opt/airflow/dags/weather_dag.py
[2026-08-13T02:02:27.983+0000] {logging_mixin.py:190} INFO - [2026-08-13T02:02:27.982+0000] {dag.py:3239} INFO - Sync 1 DAGs
[2026-08-13T02:02:27.991+0000] {logging_mixin.py:190} INFO - [2026-08-13T02:02:27.991+0000] {dag.py:4180} INFO - Setting next_dagrun for weather_ingestion to 2026-08-13 02:00:00+00:00, run_after=2026-08-13 03:00:00+00:00
[2026-08-13T02:02:27.998+0000] {processor.py:208} INFO - Processing /opt/airflow/dags/weather_dag.py took 0.253 seconds
[2026-08-13T02:02:58.355+0000] {processor.py:186} INFO - Started process (PID=49469) to work on /opt/airflow/dags/weather_dag.py
[2026-08-13T02:02:58.357+0000] {processor.py:914} INFO - Processing file /opt/airflow/dags/weather_dag.py for tasks to queue
[2026-08-13T02:02:58.364+0000] {logging_mixin.py:190} INFO - [2026-08-13T02:02:58.363+0000] {dagbag.py:588} INFO - Filling up the DagBag from /opt/airflow/dags/weather_dag.py
[2026-08-13T02:02:58.628+0000] {processor.py:925} INFO - DAG(s) 'weather_ingestion' retrieved from /opt/airflow/dags/weather_dag.py
[2026-08-13T02:02:58.643+0000] {logging_mixin.py:190} INFO - [2026-08-13T02:02:58.642+0000] {dag.py:3239} INFO - Sync 1 DAGs
[2026-08-13T02:02:58.655+0000] {logging_mixin.py:190} INFO - [2026-08-13T02:02:58.654+0000] {dag.py:4180} INFO - Setting next_dagrun for weather_ingestion to 2026-08-13 02:00:00+00:00, run_after=2026-08-13 03:00:00+00:00
[2026-08-13T02:02:58.662+0000] {processor.py:208} INFO - Processing /opt/airflow/dags/weather_dag.py took 0.318 seconds
[2026-08-13T02:03:28.803+0000] {processor.py:186} INFO - Started process (PID=49476) to work on /opt/airflow/dags/weather_dag.py
[2026-08-13T02:03:28.806+0000] {processor.py:914} INFO - Processing file /opt/airflow/dags/weather_dag.py for tasks to queue
[2026-08-13T02:03:28.811+0000] {logging_mixin.py:190} INFO - [2026-08-13T02:03:28.810+0000] {dagbag.py:588} INFO - Filling up the DagBag from /opt/airflow/dags/weather_dag.py
[2026-08-13T02:03:29.514+0000] {processor.py:925} INFO - DAG(s) 'weather_ingestion' retrieved from /opt/airflow/dags/weather_dag.py
[2026-08-13T02:03:29.560+0000] {logging_mixin.py:190} INFO - [2026-08-13T02:03:29.559+0000] {dag.py:3239} INFO - Sync 1 DAGs
[2026-08-13T02:03:29.613+0000] {logging_mixin.py:190} INFO - [2026-08-13T02:03:29.613+0000] {dag.py:4180} INFO - Setting next_dagrun for weather_ingestion to 2026-08-13 02:00:00+00:00, run_after=2026-08-13 03:00:00+00:00
[2026-08-13T02:03:29.655+0000] {processor.py:208} INFO - Processing /opt/airflow/dags/weather_dag.py took 0.870 seconds
[2026-08-13T02:04:00.053+0000] {processor.py:186} INFO - Started process (PID=49483) to work on /opt/airflow/dags/weather_dag.py
[2026-08-13T02:04:00.056+0000] {processor.py:914} INFO - Processing file /opt/airflow/dags/weather_dag.py for tasks to queue
[2026-08-13T02:04:00.061+0000] {logging_mixin.py:190} INFO - [2026-08-13T02:04:00.060+0000] {dagbag.py:588} INFO - Filling up the DagBag from /opt/airflow/dags/weather_dag.py
[2026-08-13T02:04:00.427+0000] {processor.py:925} INFO - DAG(s) 'weather_ingestion' retrieved from /opt/airflow/dags/weather_dag.py
[2026-08-13T02:04:00.443+0000] {logging_mixin.py:190} INFO - [2026-08-13T02:04:00.443+0000] {dag.py:3239} INFO - Sync 1 DAGs
[2026-08-13T02:04:00.457+0000] {logging_mixin.py:190} INFO - [2026-08-13T02:04:00.457+0000] {dag.py:4180} INFO - Setting next_dagrun for weather_ingestion to 2026-08-13 02:00:00+00:00, run_after=2026-08-13 03:00:00+00:00
[2026-08-13T02:04:00.465+0000] {processor.py:208} INFO - Processing /opt/airflow/dags/weather_dag.py took 0.427 seconds
[2026-08-13T02:04:30.714+0000] {processor.py:186} INFO - Started process (PID=49490) to work on /opt/airflow/dags/weather_dag.py
[2026-08-13T02:04:30.716+0000] {processor.py:914} INFO - Processing file /opt/airflow/dags/weather_dag.py for tasks to queue
[2026-08-13T02:04:30.718+0000] {logging_mixin.py:190} INFO - [2026-08-13T02:04:30.718+0000] {dagbag.py:588} INFO - Filling up the DagBag from /opt/airflow/dags/weather_dag.py
[2026-08-13T02:04:30.934+0000] {processor.py:925} INFO - DAG(s) 'weather_ingestion' retrieved from /opt/airflow/dags/weather_dag.py
[2026-08-13T02:04:30.946+0000] {logging_mixin.py:190} INFO - [2026-08-13T02:04:30.946+0000] {dag.py:3239} INFO - Sync 1 DAGs
[2026-08-13T02:04:30.955+0000] {logging_mixin.py:190} INFO - [2026-08-13T02:04:30.955+0000] {dag.py:4180} INFO - Setting next_dagrun for weather_ingestion to 2026-08-13 02:00:00+00:00, run_after=2026-08-13 03:00:00+00:00
[2026-08-13T02:04:30.962+0000] {processor.py:208} INFO - Processing /opt/airflow/dags/weather_dag.py took 0.258 seconds
[2026-08-13T02:05:01.126+0000] {processor.py:186} INFO - Started process (PID=49497) to work on /opt/airflow/dags/weather_dag.py
[2026-08-13T02:05:01.128+0000] {processor.py:914} INFO - Processing file /opt/airflow/dags/weather_dag.py for tasks to queue
[2026-08-13T02:05:01.130+0000] {logging_mixin.py:190} INFO - [2026-08-13T02:05:01.129+0000] {dagbag.py:588} INFO - Filling up the DagBag from /opt/airflow/dags/weather_dag.py
[2026-08-13T02:05:01.372+0000] {processor.py:925} INFO - DAG(s) 'weather_ingestion' retrieved from /opt/airflow/dags/weather_dag.py
[2026-08-13T02:05:01.384+0000] {logging_mixin.py:190} INFO - [2026-08-13T02:05:01.384+0000] {dag.py:3239} INFO - Sync 1 DAGs
[2026-08-13T02:05:01.394+0000] {logging_mixin.py:190} INFO - [2026-08-13T02:05:01.394+0000] {dag.py:4180} INFO - Setting next_dagrun for weather_ingestion to 2026-08-13 02:00:00+00:00, run_after=2026-08-13 03:00:00+00:00
[2026-08-13T02:05:01.402+0000] {processor.py:208} INFO - Processing /opt/airflow/dags/weather_dag.py took 0.282 seconds
[2026-08-13T02:05:31.643+0000] {processor.py:186} INFO - Started process (PID=49504) to work on /opt/airflow/dags/weather_dag.py
[2026-08-13T02:05:31.646+0000] {processor.py:914} INFO - Processing file /opt/airflow/dags/weather_dag.py for tasks to queue
[2026-08-13T02:05:31.652+0000] {logging_mixin.py:190} INFO - [2026-08-13T02:05:31.651+0000] {dagbag.py:588} INFO - Filling up the DagBag from /opt/airflow/dags/weather_dag.py
[2026-08-13T02:05:31.977+0000] {processor.py:925} INFO - DAG(s) 'weather_ingestion' retrieved from /opt/airflow/dags/weather_dag.py
[2026-08-13T02:05:31.995+0000] {logging_mixin.py:190} INFO - [2026-08-13T02:05:31.995+0000] {dag.py:3239} INFO - Sync 1 DAGs
[2026-08-13T02:05:32.009+0000] {logging_mixin.py:190} INFO - [2026-08-13T02:05:32.009+0000] {dag.py:4180} INFO - Setting next_dagrun for weather_ingestion to 2026-08-13 02:00:00+00:00, run_after=2026-08-13 03:00:00+00:00
[2026-08-13T02:05:32.016+0000] {processor.py:208} INFO - Processing /opt/airflow/dags/weather_dag.py took 0.388 seconds
[2026-08-13T02:06:02.172+0000] {processor.py:186} INFO - Started process (PID=49511) to work on /opt/airflow/dags/weather_dag.py
[2026-08-13T02:06:02.174+0000] {processor.py:914} INFO - Processing file /opt/airflow/dags/weather_dag.py for tasks to queue
[2026-08-13T02:06:02.177+0000] {logging_mixin.py:190} INFO - [2026-08-13T02:06:02.176+0000] {dagbag.py:588} INFO - Filling up the DagBag from /opt/airflow/dags/weather_dag.py
[2026-08-13T02:06:02.400+0000] {processor.py:925} INFO - DAG(s) 'weather_ingestion' retrieved from /opt/airflow/dags/weather_dag.py
[2026-08-13T02:06:02.412+0000] {logging_mixin.py:190} INFO - [2026-08-13T02:06:02.411+0000] {dag.py:3239} INFO - Sync 1 DAGs
[2026-08-13T02:06:02.421+0000] {logging_mixin.py:190} INFO - [2026-08-13T02:06:02.421+0000] {dag.py:4180} INFO - Setting next_dagrun for weather_ingestion to 2026-08-13 02:00:00+00:00, run_after=2026-08-13 03:00:00+00:00
[2026-08-13T02:06:02.428+0000] {processor.py:208} INFO - Processing /opt/airflow/dags/weather_dag.py took 0.267 seconds
[2026-08-13T02:06:33.717+0000] {processor.py:186} INFO - Started process (PID=49518) to work on /opt/airflow/dags/weather_dag.py
[2026-08-13T02:06:33.720+0000] {processor.py:914} INFO - Processing file /opt/airflow/dags/weather_dag.py for tasks to queue
[2026-08-13T02:06:33.725+0000] {logging_mixin.py:190} INFO - [2026-08-13T02:06:33.724+0000] {dagbag.py:588} INFO - Filling up the DagBag from /opt/airflow/dags/weather_dag.py
[2026-08-13T02:06:34.032+0000] {processor.py:925} INFO - DAG(s) 'weather_ingestion' retrieved from /opt/airflow/dags/weather_dag.py
[2026-08-13T02:06:34.057+0000] {logging_mixin.py:190} INFO - [2026-08-13T02:06:34.057+0000] {dag.py:3239} INFO - Sync 1 DAGs
[2026-08-13T02:06:34.074+0000] {logging_mixin.py:190} INFO - [2026-08-13T02:06:34.074+0000] {dag.py:4180} INFO - Setting next_dagrun for weather_ingestion to 2026-08-13 02:00:00+00:00, run_after=2026-08-13 03:00:00+00:00
[2026-08-13T02:06:34.087+0000] {processor.py:208} INFO - Processing /opt/airflow/dags/weather_dag.py took 0.387 seconds
[2026-08-13T02:07:04.447+0000] {processor.py:186} INFO - Started process (PID=49525) to work on /opt/airflow/dags/weather_dag.py
[2026-08-13T02:07:04.451+0000] {processor.py:914} INFO - Processing file /opt/airflow/dags/weather_dag.py for tasks to queue
[2026-08-13T02:07:04.455+0000] {logging_mixin.py:190} INFO - [2026-08-13T02:07:04.454+0000] {dagbag.py:588} INFO - Filling up the DagBag from /opt/airflow/dags/weather_dag.py
[2026-08-13T02:07:04.759+0000] {processor.py:925} INFO - DAG(s) 'weather_ingestion' retrieved from /opt/airflow/dags/weather_dag.py
[2026-08-13T02:07:04.775+0000] {logging_mixin.py:190} INFO - [2026-08-13T02:07:04.775+0000] {dag.py:3239} INFO - Sync 1 DAGs
[2026-08-13T02:07:04.789+0000] {logging_mixin.py:190} INFO - [2026-08-13T02:07:04.789+0000] {dag.py:4180} INFO - Setting next_dagrun for weather_ingestion to 2026-08-13 02:00:00+00:00, run_after=2026-08-13 03:00:00+00:00
[2026-08-13T02:07:04.797+0000] {processor.py:208} INFO - Processing /opt/airflow/dags/weather_dag.py took 0.367 seconds
[2026-08-13T02:07:35.120+0000] {processor.py:186} INFO - Started process (PID=49532) to work on /opt/airflow/dags/weather_dag.py
[2026-08-13T02:07:35.123+0000] {processor.py:914} INFO - Processing file /opt/airflow/dags/weather_dag.py for tasks to queue
[2026-08-13T02:07:35.127+0000] {logging_mixin.py:190} INFO - [2026-08-13T02:07:35.127+0000] {dagbag.py:588} INFO - Filling up the DagBag from /opt/airflow/dags/weather_dag.py
[2026-08-13T02:07:35.340+0000] {processor.py:925} INFO - DAG(s) 'weather_ingestion' retrieved from /opt/airflow/dags/weather_dag.py
[2026-08-13T02:07:35.354+0000] {logging_mixin.py:190} INFO - [2026-08-13T02:07:35.354+0000] {dag.py:3239} INFO - Sync 1 DAGs
[2026-08-13T02:07:35.364+0000] {logging_mixin.py:190} INFO - [2026-08-13T02:07:35.364+0000] {dag.py:4180} INFO - Setting next_dagrun for weather_ingestion to 2026-08-13 02:00:00+00:00, run_after=2026-08-13 03:00:00+00:00
[2026-08-13T02:07:35.371+0000] {processor.py:208} INFO - Processing /opt/airflow/dags/weather_dag.py took 0.261 seconds
[2026-08-13T02:08:05.418+0000] {processor.py:186} INFO - Started process (PID=49539) to work on /opt/airflow/dags/weather_dag.py
[2026-08-13T02:08:05.420+0000] {processor.py:914} INFO - Processing file /opt/airflow/dags/weather_dag.py for tasks to queue
[2026-08-13T02:08:05.422+0000] {logging_mixin.py:190} INFO - [2026-08-13T02:08:05.422+0000] {dagbag.py:588} INFO - Filling up the DagBag from /opt/airflow/dags/weather_dag.py
[2026-08-13T02:08:05.672+0000] {processor.py:925} INFO - DAG(s) 'weather_ingestion' retrieved from /opt/airflow/dags/weather_dag.py
[2026-08-13T02:08:05.683+0000] {logging_mixin.py:190} INFO - [2026-08-13T02:08:05.683+0000] {dag.py:3239} INFO - Sync 1 DAGs
[2026-08-13T02:08:05.692+0000] {logging_mixin.py:190} INFO - [2026-08-13T02:08:05.692+0000] {dag.py:4180} INFO - Setting next_dagrun for weather_ingestion to 2026-08-13 02:00:00+00:00, run_after=2026-08-13 03:00:00+00:00
[2026-08-13T02:08:05.699+0000] {processor.py:208} INFO - Processing /opt/airflow/dags/weather_dag.py took 0.288 seconds
[2026-08-13T02:08:36.017+0000] {processor.py:186} INFO - Started process (PID=49546) to work on /opt/airflow/dags/weather_dag.py
[2026-08-13T02:08:36.019+0000] {processor.py:914} INFO - Processing file /opt/airflow/dags/weather_dag.py for tasks to queue
[2026-08-13T02:08:36.021+0000] {logging_mixin.py:190} INFO - [2026-08-13T02:08:36.021+0000] {dagbag.py:588} INFO - Filling up the DagBag from /opt/airflow/dags/weather_dag.py
[2026-08-13T02:08:36.267+0000] {processor.py:925} INFO - DAG(s) 'weather_ingestion' retrieved from /opt/airflow/dags/weather_dag.py
[2026-08-13T02:08:36.280+0000] {logging_mixin.py:190} INFO - [2026-08-13T02:08:36.280+0000] {dag.py:3239} INFO - Sync 1 DAGs
[2026-08-13T02:08:36.290+0000] {logging_mixin.py:190} INFO - [2026-08-13T02:08:36.290+0000] {dag.py:4180} INFO - Setting next_dagrun for weather_ingestion to 2026-08-13 02:00:00+00:00, run_after=2026-08-13 03:00:00+00:00
[2026-08-13T02:08:36.297+0000] {processor.py:208} INFO - Processing /opt/airflow/dags/weather_dag.py took 0.288 seconds
[2026-08-13T02:09:06.399+0000] {processor.py:186} INFO - Started process (PID=49553) to work on /opt/airflow/dags/weather_dag.py
[2026-08-13T02:09:06.402+0000] {processor.py:914} INFO - Processing file /opt/airflow/dags/weather_dag.py for tasks to queue
[2026-08-13T02:09:06.408+0000] {logging_mixin.py:190} INFO - [2026-08-13T02:09:06.407+0000] {dagbag.py:588} INFO - Filling up the DagBag from /opt/airflow/dags/weather_dag.py
[2026-08-13T02:09:06.801+0000] {processor.py:925} INFO - DAG(s) 'weather_ingestion' retrieved from /opt/airflow/dags/weather_dag.py
[2026-08-13T02:09:06.835+0000] {logging_mixin.py:190} INFO - [2026-08-13T02:09:06.834+0000] {dag.py:3239} INFO - Sync 1 DAGs
[2026-08-13T02:09:06.850+0000] {logging_mixin.py:190} INFO - [2026-08-13T02:09:06.850+0000] {dag.py:4180} INFO - Setting next_dagrun for weather_ingestion to 2026-08-13 02:00:00+00:00, run_after=2026-08-13 03:00:00+00:00
[2026-08-13T02:09:06.862+0000] {processor.py:208} INFO - Processing /opt/airflow/dags/weather_dag.py took 0.479 seconds
[2026-08-13T02:09:36.974+0000] {processor.py:186} INFO - Started process (PID=49560) to work on /opt/airflow/dags/weather_dag.py
[2026-08-13T02:09:36.976+0000] {processor.py:914} INFO - Processing file /opt/airflow/dags/weather_dag.py for tasks to queue
[2026-08-13T02:09:36.979+0000] {logging_mixin.py:190} INFO - [2026-08-13T02:09:36.979+0000] {dagbag.py:588} INFO - Filling up the DagBag from /opt/airflow/dags/weather_dag.py
[2026-08-13T02:09:37.200+0000] {processor.py:925} INFO - DAG(s) 'weather_ingestion' retrieved from /opt/airflow/dags/weather_dag.py
[2026-08-13T02:09:37.213+0000] {logging_mixin.py:190} INFO - [2026-08-13T02:09:37.213+0000] {dag.py:3239} INFO - Sync 1 DAGs
[2026-08-13T02:09:37.225+0000] {logging_mixin.py:190} INFO - [2026-08-13T02:09:37.225+0000] {dag.py:4180} INFO - Setting next_dagrun for weather_ingestion to 2026-08-13 02:00:00+00:00, run_after=2026-08-13 03:00:00+00:00
[2026-08-13T02:09:37.232+0000] {processor.py:208} INFO - Processing /opt/airflow/dags/weather_dag.py took 0.266 seconds
[2026-08-13T02:10:07.519+0000] {processor.py:186} INFO - Started process (PID=49567) to work on /opt/airflow/dags/weather_dag.py
[2026-08-13T02:10:07.522+0000] {processor.py:914} INFO - Processing file /opt/airflow/dags/weather_dag.py for tasks to queue
[2026-08-13T02:10:07.529+0000] {logging_mixin.py:190} INFO - [2026-08-13T02:10:07.528+0000] {dagbag.py:588} INFO - Filling up the DagBag from /opt/airflow/dags/weather_dag.py
[2026-08-13T02:10:07.880+0000] {processor.py:925} INFO - DAG(s) 'weather_ingestion' retrieved from /opt/airflow/dags/weather_dag.py
[2026-08-13T02:10:07.898+0000] {logging_mixin.py:190} INFO - [2026-08-13T02:10:07.898+0000] {dag.py:3239} INFO - Sync 1 DAGs
[2026-08-13T02:10:07.914+0000] {logging_mixin.py:190} INFO - [2026-08-13T02:10:07.914+0000] {dag.py:4180} INFO - Setting next_dagrun for weather_ingestion to 2026-08-13 02:00:00+00:00, run_after=2026-08-13 03:00:00+00:00
[2026-08-13T02:10:07.922+0000] {processor.py:208} INFO - Processing /opt/airflow/dags/weather_dag.py took 0.418 seconds
[2026-08-13T02:10:38.287+0000] {processor.py:186} INFO - Started process (PID=49574) to work on /opt/airflow/dags/weather_dag.py
[2026-08-13T02:10:38.289+0000] {processor.py:914} INFO - Processing file /opt/airflow/dags/weather_dag.py for tasks to queue
[2026-08-13T02:10:38.291+0000] {logging_mixin.py:190} INFO - [2026-08-13T02:10:38.290+0000] {dagbag.py:588} INFO - Filling up the DagBag from /opt/airflow/dags/weather_dag.py
[2026-08-13T02:10:38.504+0000] {processor.py:925} INFO - DAG(s) 'weather_ingestion' retrieved from /opt/airflow/dags/weather_dag.py
[2026-08-13T02:10:38.517+0000] {logging_mixin.py:190} INFO - [2026-08-13T02:10:38.517+0000] {dag.py:3239} INFO - Sync 1 DAGs
[2026-08-13T02:10:38.527+0000] {logging_mixin.py:190} INFO - [2026-08-13T02:10:38.527+0000] {dag.py:4180} INFO - Setting next_dagrun for weather_ingestion to 2026-08-13 02:00:00+00:00, run_after=2026-08-13 03:00:00+00:00
[2026-08-13T02:10:38.534+0000] {processor.py:208} INFO - Processing /opt/airflow/dags/weather_dag.py took 0.259 seconds
[2026-08-13T02:11:08.617+0000] {processor.py:186} INFO - Started process (PID=49581) to work on /opt/airflow/dags/weather_dag.py
[2026-08-13T02:11:08.620+0000] {processor.py:914} INFO - Processing file /opt/airflow/dags/weather_dag.py for tasks to queue
[2026-08-13T02:11:08.625+0000] {logging_mixin.py:190} INFO - [2026-08-13T02:11:08.625+0000] {dagbag.py:588} INFO - Filling up the DagBag from /opt/airflow/dags/weather_dag.py
[2026-08-13T02:11:08.922+0000] {processor.py:925} INFO - DAG(s) 'weather_ingestion' retrieved from /opt/airflow/dags/weather_dag.py
[2026-08-13T02:11:08.940+0000] {logging_mixin.py:190} INFO - [2026-08-13T02:11:08.940+0000] {dag.py:3239} INFO - Sync 1 DAGs
[2026-08-13T02:11:08.963+0000] {logging_mixin.py:190} INFO - [2026-08-13T02:11:08.963+0000] {dag.py:4180} INFO - Setting next_dagrun for weather_ingestion to 2026-08-13 02:00:00+00:00, run_after=2026-08-13 03:00:00+00:00
[2026-08-13T02:11:08.988+0000] {processor.py:208} INFO - Processing /opt/airflow/dags/weather_dag.py took 0.386 seconds
[2026-08-13T02:11:39.203+0000] {processor.py:186} INFO - Started process (PID=49588) to work on /opt/airflow/dags/weather_dag.py
[2026-08-13T02:11:39.204+0000] {processor.py:914} INFO - Processing file /opt/airflow/dags/weather_dag.py for tasks to queue
[2026-08-13T02:11:39.207+0000] {logging_mixin.py:190} INFO - [2026-08-13T02:11:39.207+0000] {dagbag.py:588} INFO - Filling up the DagBag from /opt/airflow/dags/weather_dag.py
[2026-08-13T02:11:39.427+0000] {processor.py:925} INFO - DAG(s) 'weather_ingestion' retrieved from /opt/airflow/dags/weather_dag.py
[2026-08-13T02:11:39.439+0000] {logging_mixin.py:190} INFO - [2026-08-13T02:11:39.439+0000] {dag.py:3239} INFO - Sync 1 DAGs
[2026-08-13T02:11:39.449+0000] {logging_mixin.py:190} INFO - [2026-08-13T02:11:39.449+0000] {dag.py:4180} INFO - Setting next_dagrun for weather_ingestion to 2026-08-13 02:00:00+00:00, run_after=2026-08-13 03:00:00+00:00
[2026-08-13T02:11:39.456+0000] {processor.py:208} INFO - Processing /opt/airflow/dags/weather_dag.py took 0.260 seconds
[2026-08-13T02:12:09.581+0000] {processor.py:186} INFO - Started process (PID=49595) to work on /opt/airflow/dags/weather_dag.py
[2026-08-13T02:12:09.583+0000] {processor.py:914} INFO - Processing file /opt/airflow/dags/weather_dag.py for tasks to queue
[2026-08-13T02:12:09.585+0000] {logging_mixin.py:190} INFO - [2026-08-13T02:12:09.585+0000] {dagbag.py:588} INFO - Filling up the DagBag from /opt/airflow/dags/weather_dag.py
[2026-08-13T02:12:09.801+0000] {processor.py:925} INFO - DAG(s) 'weather_ingestion' retrieved from /opt/airflow/dags/weather_dag.py
[2026-08-13T02:12:09.812+0000] {logging_mixin.py:190} INFO - [2026-08-13T02:12:09.812+0000] {dag.py:3239} INFO - Sync 1 DAGs
[2026-08-13T02:12:09.822+0000] {logging_mixin.py:190} INFO - [2026-08-13T02:12:09.822+0000] {dag.py:4180} INFO - Setting next_dagrun for weather_ingestion to 2026-08-13 02:00:00+00:00, run_after=2026-08-13 03:00:00+00:00
[2026-08-13T02:12:09.828+0000] {processor.py:208} INFO - Processing /opt/airflow/dags/weather_dag.py took 0.255 seconds
[2026-08-13T02:12:40.197+0000] {processor.py:186} INFO - Started process (PID=49602) to work on /opt/airflow/dags/weather_dag.py
[2026-08-13T02:12:40.200+0000] {processor.py:914} INFO - Processing file /opt/airflow/dags/weather_dag.py for tasks to queue
[2026-08-13T02:12:40.204+0000] {logging_mixin.py:190} INFO - [2026-08-13T02:12:40.203+0000] {dagbag.py:588} INFO - Filling up the DagBag from /opt/airflow/dags/weather_dag.py
[2026-08-13T02:12:40.434+0000] {processor.py:925} INFO - DAG(s) 'weather_ingestion' retrieved from /opt/airflow/dags/weather_dag.py
[2026-08-13T02:12:40.445+0000] {logging_mixin.py:190} INFO - [2026-08-13T02:12:40.445+0000] {dag.py:3239} INFO - Sync 1 DAGs
[2026-08-13T02:12:40.455+0000] {logging_mixin.py:190} INFO - [2026-08-13T02:12:40.455+0000] {dag.py:4180} INFO - Setting next_dagrun for weather_ingestion to 2026-08-13 02:00:00+00:00, run_after=2026-08-13 03:00:00+00:00
[2026-08-13T02:12:40.462+0000] {processor.py:208} INFO - Processing /opt/airflow/dags/weather_dag.py took 0.274 seconds
[2026-08-13T02:13:10.630+0000] {processor.py:186} INFO - Started process (PID=49609) to work on /opt/airflow/dags/weather_dag.py
[2026-08-13T02:13:10.631+0000] {processor.py:914} INFO - Processing file /opt/airflow/dags/weather_dag.py for tasks to queue
[2026-08-13T02:13:10.635+0000] {logging_mixin.py:190} INFO - [2026-08-13T02:13:10.634+0000] {dagbag.py:588} INFO - Filling up the DagBag from /opt/airflow/dags/weather_dag.py
[2026-08-13T02:13:10.883+0000] {processor.py:925} INFO - DAG(s) 'weather_ingestion' retrieved from /opt/airflow/dags/weather_dag.py
[2026-08-13T02:13:10.897+0000] {logging_mixin.py:190} INFO - [2026-08-13T02:13:10.897+0000] {dag.py:3239} INFO - Sync 1 DAGs
[2026-08-13T02:13:10.909+0000] {logging_mixin.py:190} INFO - [2026-08-13T02:13:10.909+0000] {dag.py:4180} INFO - Setting next_dagrun for weather_ingestion to 2026-08-13 02:00:00+00:00, run_after=2026-08-13 03:00:00+00:00
[2026-08-13T02:13:10.916+0000] {processor.py:208} INFO - Processing /opt/airflow/dags/weather_dag.py took 0.295 seconds
[2026-08-13T02:13:41.196+0000] {processor.py:186} INFO - Started process (PID=49616) to work on /opt/airflow/dags/weather_dag.py
[2026-08-13T02:13:41.197+0000] {processor.py:914} INFO - Processing file /opt/airflow/dags/weather_dag.py for tasks to queue
[2026-08-13T02:13:41.200+0000] {logging_mixin.py:190} INFO - [2026-08-13T02:13:41.199+0000] {dagbag.py:588} INFO - Filling up the DagBag from /opt/airflow/dags/weather_dag.py
[2026-08-13T02:13:41.421+0000] {processor.py:925} INFO - DAG(s) 'weather_ingestion' retrieved from /opt/airflow/dags/weather_dag.py
[2026-08-13T02:13:41.433+0000] {logging_mixin.py:190} INFO - [2026-08-13T02:13:41.433+0000] {dag.py:3239} INFO - Sync 1 DAGs
[2026-08-13T02:13:41.443+0000] {logging_mixin.py:190} INFO - [2026-08-13T02:13:41.443+0000] {dag.py:4180} INFO - Setting next_dagrun for weather_ingestion to 2026-08-13 02:00:00+00:00, run_after=2026-08-13 03:00:00+00:00
[2026-08-13T02:13:41.450+0000] {processor.py:208} INFO - Processing /opt/airflow/dags/weather_dag.py took 0.263 seconds
[2026-08-13T02:14:11.519+0000] {processor.py:186} INFO - Started process (PID=49623) to work on /opt/airflow/dags/weather_dag.py
[2026-08-13T02:14:11.520+0000] {processor.py:914} INFO - Processing file /opt/airflow/dags/weather_dag.py for tasks to queue
[2026-08-13T02:14:11.523+0000] {logging_mixin.py:190} INFO - [2026-08-13T02:14:11.522+0000] {dagbag.py:588} INFO - Filling up the DagBag from /opt/airflow/dags/weather_dag.py
[2026-08-13T02:14:11.743+0000] {processor.py:925} INFO - DAG(s) 'weather_ingestion' retrieved from /opt/airflow/dags/weather_dag.py
[2026-08-13T02:14:11.755+0000] {logging_mixin.py:190} INFO - [2026-08-13T02:14:11.755+0000] {dag.py:3239} INFO - Sync 1 DAGs
[2026-08-13T02:14:11.764+0000] {logging_mixin.py:190} INFO - [2026-08-13T02:14:11.764+0000] {dag.py:4180} INFO - Setting next_dagrun for weather_ingestion to 2026-08-13 02:00:00+00:00, run_after=2026-08-13 03:00:00+00:00
[2026-08-13T02:14:11.771+0000] {processor.py:208} INFO - Processing /opt/airflow/dags/weather_dag.py took 0.260 seconds
[2026-08-13T02:14:42.169+0000] {processor.py:186} INFO - Started process (PID=49630) to work on /opt/airflow/dags/weather_dag.py
[2026-08-13T02:14:42.170+0000] {processor.py:914} INFO - Processing file /opt/airflow/dags/weather_dag.py for tasks to queue
[2026-08-13T02:14:42.175+0000] {logging_mixin.py:190} INFO - [2026-08-13T02:14:42.174+0000] {dagbag.py:588} INFO - Filling up the DagBag from /opt/airflow/dags/weather_dag.py
[2026-08-13T02:14:42.552+0000] {processor.py:925} INFO - DAG(s) 'weather_ingestion' retrieved from /opt/airflow/dags/weather_dag.py
[2026-08-13T02:14:42.576+0000] {logging_mixin.py:190} INFO - [2026-08-13T02:14:42.576+0000] {dag.py:3239} INFO - Sync 1 DAGs
[2026-08-13T02:14:42.591+0000] {logging_mixin.py:190} INFO - [2026-08-13T02:14:42.591+0000] {dag.py:4180} INFO - Setting next_dagrun for weather_ingestion to 2026-08-13 02:00:00+00:00, run_after=2026-08-13 03:00:00+00:00
[2026-08-13T02:14:42.600+0000] {processor.py:208} INFO - Processing /opt/airflow/dags/weather_dag.py took 0.444 seconds
[2026-08-13T02:15:12.978+0000] {processor.py:186} INFO - Started process (PID=49637) to work on /opt/airflow/dags/weather_dag.py
[2026-08-13T02:15:12.981+0000] {processor.py:914} INFO - Processing file /opt/airflow/dags/weather_dag.py for tasks to queue
[2026-08-13T02:15:12.985+0000] {logging_mixin.py:190} INFO - [2026-08-13T02:15:12.984+0000] {dagbag.py:588} INFO - Filling up the DagBag from /opt/airflow/dags/weather_dag.py
[2026-08-13T02:15:13.281+0000] {processor.py:925} INFO - DAG(s) 'weather_ingestion' retrieved from /opt/airflow/dags/weather_dag.py
[2026-08-13T02:15:13.300+0000] {logging_mixin.py:190} INFO - [2026-08-13T02:15:13.300+0000] {dag.py:3239} INFO - Sync 1 DAGs
[2026-08-13T02:15:13.315+0000] {logging_mixin.py:190} INFO - [2026-08-13T02:15:13.315+0000] {dag.py:4180} INFO - Setting next_dagrun for weather_ingestion to 2026-08-13 02:00:00+00:00, run_after=2026-08-13 03:00:00+00:00
[2026-08-13T02:15:13.324+0000] {processor.py:208} INFO - Processing /opt/airflow/dags/weather_dag.py took 0.357 seconds
[2026-08-13T02:15:43.660+0000] {processor.py:186} INFO - Started process (PID=49644) to work on /opt/airflow/dags/weather_dag.py
[2026-08-13T02:15:43.662+0000] {processor.py:914} INFO - Processing file /opt/airflow/dags/weather_dag.py for tasks to queue
[2026-08-13T02:15:43.664+0000] {logging_mixin.py:190} INFO - [2026-08-13T02:15:43.664+0000] {dagbag.py:588} INFO - Filling up the DagBag from /opt/airflow/dags/weather_dag.py
[2026-08-13T02:15:43.882+0000] {processor.py:925} INFO - DAG(s) 'weather_ingestion' retrieved from /opt/airflow/dags/weather_dag.py
[2026-08-13T02:15:43.895+0000] {logging_mixin.py:190} INFO - [2026-08-13T02:15:43.894+0000] {dag.py:3239} INFO - Sync 1 DAGs
[2026-08-13T02:15:43.906+0000] {logging_mixin.py:190} INFO - [2026-08-13T02:15:43.906+0000] {dag.py:4180} INFO - Setting next_dagrun for weather_ingestion to 2026-08-13 02:00:00+00:00, run_after=2026-08-13 03:00:00+00:00
[2026-08-13T02:15:43.913+0000] {processor.py:208} INFO - Processing /opt/airflow/dags/weather_dag.py took 0.262 seconds
[2026-08-13T02:16:14.045+0000] {processor.py:186} INFO - Started process (PID=49651) to work on /opt/airflow/dags/weather_dag.py
[2026-08-13T02:16:14.047+0000] {processor.py:914} INFO - Processing file /opt/airflow/dags/weather_dag.py for tasks to queue
[2026-08-13T02:16:14.052+0000] {logging_mixin.py:190} INFO - [2026-08-13T02:16:14.052+0000] {dagbag.py:588} INFO - Filling up the DagBag from /opt/airflow/dags/weather_dag.py
[2026-08-13T02:16:14.426+0000] {processor.py:925} INFO - DAG(s) 'weather_ingestion' retrieved from /opt/airflow/dags/weather_dag.py
[2026-08-13T02:16:14.444+0000] {logging_mixin.py:190} INFO - [2026-08-13T02:16:14.444+0000] {dag.py:3239} INFO - Sync 1 DAGs
[2026-08-13T02:16:14.459+0000] {logging_mixin.py:190} INFO - [2026-08-13T02:16:14.459+0000] {dag.py:4180} INFO - Setting next_dagrun for weather_ingestion to 2026-08-13 02:00:00+00:00, run_after=2026-08-13 03:00:00+00:00
[2026-08-13T02:16:14.467+0000] {processor.py:208} INFO - Processing /opt/airflow/dags/weather_dag.py took 0.442 seconds
[2026-08-13T02:16:44.586+0000] {processor.py:186} INFO - Started process (PID=49658) to work on /opt/airflow/dags/weather_dag.py
[2026-08-13T02:16:44.587+0000] {processor.py:914} INFO - Processing file /opt/airflow/dags/weather_dag.py for tasks to queue
[2026-08-13T02:16:44.590+0000] {logging_mixin.py:190} INFO - [2026-08-13T02:16:44.590+0000] {dagbag.py:588} INFO - Filling up the DagBag from /opt/airflow/dags/weather_dag.py
[2026-08-13T02:16:44.930+0000] {processor.py:925} INFO - DAG(s) 'weather_ingestion' retrieved from /opt/airflow/dags/weather_dag.py
[2026-08-13T02:16:44.953+0000] {logging_mixin.py:190} INFO - [2026-08-13T02:16:44.951+0000] {dag.py:3239} INFO - Sync 1 DAGs
[2026-08-13T02:16:45.002+0000] {logging_mixin.py:190} INFO - [2026-08-13T02:16:45.001+0000] {dag.py:4180} INFO - Setting next_dagrun for weather_ingestion to 2026-08-13 02:00:00+00:00, run_after=2026-08-13 03:00:00+00:00
[2026-08-13T02:16:45.022+0000] {processor.py:208} INFO - Processing /opt/airflow/dags/weather_dag.py took 0.443 seconds
[2026-08-13T02:17:15.392+0000] {processor.py:186} INFO - Started process (PID=49665) to work on /opt/airflow/dags/weather_dag.py
[2026-08-13T02:17:15.395+0000] {processor.py:914} INFO - Processing file /opt/airflow/dags/weather_dag.py for tasks to queue
[2026-08-13T02:17:15.400+0000] {logging_mixin.py:190} INFO - [2026-08-13T02:17:15.399+0000] {dagbag.py:588} INFO - Filling up the DagBag from /opt/airflow/dags/weather_dag.py
[2026-08-13T02:17:15.646+0000] {processor.py:925} INFO - DAG(s) 'weather_ingestion' retrieved from /opt/airflow/dags/weather_dag.py
[2026-08-13T02:17:15.658+0000] {logging_mixin.py:190} INFO - [2026-08-13T02:17:15.657+0000] {dag.py:3239} INFO - Sync 1 DAGs
[2026-08-13T02:17:15.667+0000] {logging_mixin.py:190} INFO - [2026-08-13T02:17:15.667+0000] {dag.py:4180} INFO - Setting next_dagrun for weather_ingestion to 2026-08-13 02:00:00+00:00, run_after=2026-08-13 03:00:00+00:00
[2026-08-13T02:17:15.675+0000] {processor.py:208} INFO - Processing /opt/airflow/dags/weather_dag.py took 0.294 seconds
[2026-08-13T02:17:45.741+0000] {processor.py:186} INFO - Started process (PID=49672) to work on /opt/airflow/dags/weather_dag.py
[2026-08-13T02:17:45.742+0000] {processor.py:914} INFO - Processing file /opt/airflow/dags/weather_dag.py for tasks to queue
[2026-08-13T02:17:45.744+0000] {logging_mixin.py:190} INFO - [2026-08-13T02:17:45.744+0000] {dagbag.py:588} INFO - Filling up the DagBag from /opt/airflow/dags/weather_dag.py
[2026-08-13T02:17:46.003+0000] {processor.py:925} INFO - DAG(s) 'weather_ingestion' retrieved from /opt/airflow/dags/weather_dag.py
[2026-08-13T02:17:46.020+0000] {logging_mixin.py:190} INFO - [2026-08-13T02:17:46.020+0000] {dag.py:3239} INFO - Sync 1 DAGs
[2026-08-13T02:17:46.032+0000] {logging_mixin.py:190} INFO - [2026-08-13T02:17:46.032+0000] {dag.py:4180} INFO - Setting next_dagrun for weather_ingestion to 2026-08-13 02:00:00+00:00, run_after=2026-08-13 03:00:00+00:00
[2026-08-13T02:17:46.042+0000] {processor.py:208} INFO - Processing /opt/airflow/dags/weather_dag.py took 0.309 seconds
[2026-08-13T02:18:16.310+0000] {processor.py:186} INFO - Started process (PID=49679) to work on /opt/airflow/dags/weather_dag.py
[2026-08-13T02:18:16.313+0000] {processor.py:914} INFO - Processing file /opt/airflow/dags/weather_dag.py for tasks to queue
[2026-08-13T02:18:16.317+0000] {logging_mixin.py:190} INFO - [2026-08-13T02:18:16.316+0000] {dagbag.py:588} INFO - Filling up the DagBag from /opt/airflow/dags/weather_dag.py
[2026-08-13T02:18:16.567+0000] {processor.py:925} INFO - DAG(s) 'weather_ingestion' retrieved from /opt/airflow/dags/weather_dag.py
[2026-08-13T02:18:16.578+0000] {logging_mixin.py:190} INFO - [2026-08-13T02:18:16.578+0000] {dag.py:3239} INFO - Sync 1 DAGs
[2026-08-13T02:18:16.588+0000] {logging_mixin.py:190} INFO - [2026-08-13T02:18:16.588+0000] {dag.py:4180} INFO - Setting next_dagrun for weather_ingestion to 2026-08-13 02:00:00+00:00, run_after=2026-08-13 03:00:00+00:00
[2026-08-13T02:18:16.594+0000] {processor.py:208} INFO - Processing /opt/airflow/dags/weather_dag.py took 0.294 seconds
[2026-08-13T02:18:46.765+0000] {processor.py:186} INFO - Started process (PID=49686) to work on /opt/airflow/dags/weather_dag.py
[2026-08-13T02:18:46.768+0000] {processor.py:914} INFO - Processing file /opt/airflow/dags/weather_dag.py for tasks to queue
[2026-08-13T02:18:46.772+0000] {logging_mixin.py:190} INFO - [2026-08-13T02:18:46.771+0000] {dagbag.py:588} INFO - Filling up the DagBag from /opt/airflow/dags/weather_dag.py
[2026-08-13T02:18:47.233+0000] {processor.py:925} INFO - DAG(s) 'weather_ingestion' retrieved from /opt/airflow/dags/weather_dag.py
[2026-08-13T02:18:47.261+0000] {logging_mixin.py:190} INFO - [2026-08-13T02:18:47.261+0000] {dag.py:3239} INFO - Sync 1 DAGs
[2026-08-13T02:18:47.278+0000] {logging_mixin.py:190} INFO - [2026-08-13T02:18:47.278+0000] {dag.py:4180} INFO - Setting next_dagrun for weather_ingestion to 2026-08-13 02:00:00+00:00, run_after=2026-08-13 03:00:00+00:00
[2026-08-13T02:18:47.287+0000] {processor.py:208} INFO - Processing /opt/airflow/dags/weather_dag.py took 0.537 seconds
[2026-08-13T02:19:17.573+0000] {processor.py:186} INFO - Started process (PID=49693) to work on /opt/airflow/dags/weather_dag.py
[2026-08-13T02:19:17.574+0000] {processor.py:914} INFO - Processing file /opt/airflow/dags/weather_dag.py for tasks to queue
[2026-08-13T02:19:17.576+0000] {logging_mixin.py:190} INFO - [2026-08-13T02:19:17.576+0000] {dagbag.py:588} INFO - Filling up the DagBag from /opt/airflow/dags/weather_dag.py
[2026-08-13T02:19:17.805+0000] {processor.py:925} INFO - DAG(s) 'weather_ingestion' retrieved from /opt/airflow/dags/weather_dag.py
[2026-08-13T02:19:17.818+0000] {logging_mixin.py:190} INFO - [2026-08-13T02:19:17.818+0000] {dag.py:3239} INFO - Sync 1 DAGs
[2026-08-13T02:19:17.827+0000] {logging_mixin.py:190} INFO - [2026-08-13T02:19:17.827+0000] {dag.py:4180} INFO - Setting next_dagrun for weather_ingestion to 2026-08-13 02:00:00+00:00, run_after=2026-08-13 03:00:00+00:00
[2026-08-13T02:19:17.833+0000] {processor.py:208} INFO - Processing /opt/airflow/dags/weather_dag.py took 0.267 seconds
[2026-08-13T02:19:47.936+0000] {processor.py:186} INFO - Started process (PID=49700) to work on /opt/airflow/dags/weather_dag.py
[2026-08-13T02:19:47.939+0000] {processor.py:914} INFO - Processing file /opt/airflow/dags/weather_dag.py for tasks to queue
[2026-08-13T02:19:47.943+0000] {logging_mixin.py:190} INFO - [2026-08-13T02:19:47.942+0000] {dagbag.py:588} INFO - Filling up the DagBag from /opt/airflow/dags/weather_dag.py
[2026-08-13T02:19:48.220+0000] {processor.py:925} INFO - DAG(s) 'weather_ingestion' retrieved from /opt/airflow/dags/weather_dag.py
[2026-08-13T02:19:48.234+0000] {logging_mixin.py:190} INFO - [2026-08-13T02:19:48.234+0000] {dag.py:3239} INFO - Sync 1 DAGs
[2026-08-13T02:19:48.249+0000] {logging_mixin.py:190} INFO - [2026-08-13T02:19:48.248+0000] {dag.py:4180} INFO - Setting next_dagrun for weather_ingestion to 2026-08-13 02:00:00+00:00, run_after=2026-08-13 03:00:00+00:00
[2026-08-13T02:19:48.278+0000] {processor.py:208} INFO - Processing /opt/airflow/dags/weather_dag.py took 0.354 seconds
[2026-08-13T02:20:18.508+0000] {processor.py:186} INFO - Started process (PID=49707) to work on /opt/airflow/dags/weather_dag.py
[2026-08-13T02:20:18.510+0000] {processor.py:914} INFO - Processing file /opt/airflow/dags/weather_dag.py for tasks to queue
[2026-08-13T02:20:18.512+0000] {logging_mixin.py:190} INFO - [2026-08-13T02:20:18.512+0000] {dagbag.py:588} INFO - Filling up the DagBag from /opt/airflow/dags/weather_dag.py
[2026-08-13T02:20:18.774+0000] {processor.py:925} INFO - DAG(s) 'weather_ingestion' retrieved from /opt/airflow/dags/weather_dag.py
[2026-08-13T02:20:18.789+0000] {logging_mixin.py:190} INFO - [2026-08-13T02:20:18.788+0000] {dag.py:3239} INFO - Sync 1 DAGs
[2026-08-13T02:20:18.800+0000] {logging_mixin.py:190} INFO - [2026-08-13T02:20:18.800+0000] {dag.py:4180} INFO - Setting next_dagrun for weather_ingestion to 2026-08-13 02:00:00+00:00, run_after=2026-08-13 03:00:00+00:00
[2026-08-13T02:20:18.807+0000] {processor.py:208} INFO - Processing /opt/airflow/dags/weather_dag.py took 0.304 seconds
[2026-08-13T02:20:49.142+0000] {processor.py:186} INFO - Started process (PID=49714) to work on /opt/airflow/dags/weather_dag.py
[2026-08-13T02:20:49.145+0000] {processor.py:914} INFO - Processing file /opt/airflow/dags/weather_dag.py for tasks to queue
[2026-08-13T02:20:49.152+0000] {logging_mixin.py:190} INFO - [2026-08-13T02:20:49.151+0000] {dagbag.py:588} INFO - Filling up the DagBag from /opt/airflow/dags/weather_dag.py
[2026-08-13T02:20:49.518+0000] {processor.py:925} INFO - DAG(s) 'weather_ingestion' retrieved from /opt/airflow/dags/weather_dag.py
[2026-08-13T02:20:49.538+0000] {logging_mixin.py:190} INFO - [2026-08-13T02:20:49.538+0000] {dag.py:3239} INFO - Sync 1 DAGs
[2026-08-13T02:20:49.553+0000] {logging_mixin.py:190} INFO - [2026-08-13T02:20:49.553+0000] {dag.py:4180} INFO - Setting next_dagrun for weather_ingestion to 2026-08-13 02:00:00+00:00, run_after=2026-08-13 03:00:00+00:00
[2026-08-13T02:20:49.561+0000] {processor.py:208} INFO - Processing /opt/airflow/dags/weather_dag.py took 0.436 seconds
[2026-08-13T02:21:19.964+0000] {processor.py:186} INFO - Started process (PID=49721) to work on /opt/airflow/dags/weather_dag.py
[2026-08-13T02:21:19.966+0000] {processor.py:914} INFO - Processing file /opt/airflow/dags/weather_dag.py for tasks to queue
[2026-08-13T02:21:19.973+0000] {logging_mixin.py:190} INFO - [2026-08-13T02:21:19.972+0000] {dagbag.py:588} INFO - Filling up the DagBag from /opt/airflow/dags/weather_dag.py
[2026-08-13T02:21:20.205+0000] {processor.py:925} INFO - DAG(s) 'weather_ingestion' retrieved from /opt/airflow/dags/weather_dag.py
[2026-08-13T02:21:20.217+0000] {logging_mixin.py:190} INFO - [2026-08-13T02:21:20.217+0000] {dag.py:3239} INFO - Sync 1 DAGs
[2026-08-13T02:21:20.227+0000] {logging_mixin.py:190} INFO - [2026-08-13T02:21:20.227+0000] {dag.py:4180} INFO - Setting next_dagrun for weather_ingestion to 2026-08-13 02:00:00+00:00, run_after=2026-08-13 03:00:00+00:00
[2026-08-13T02:21:20.234+0000] {processor.py:208} INFO - Processing /opt/airflow/dags/weather_dag.py took 0.284 seconds
[2026-08-13T02:21:50.315+0000] {processor.py:186} INFO - Started process (PID=49728) to work on /opt/airflow/dags/weather_dag.py
[2026-08-13T02:21:50.317+0000] {processor.py:914} INFO - Processing file /opt/airflow/dags/weather_dag.py for tasks to queue
[2026-08-13T02:21:50.320+0000] {logging_mixin.py:190} INFO - [2026-08-13T02:21:50.320+0000] {dagbag.py:588} INFO - Filling up the DagBag from /opt/airflow/dags/weather_dag.py
[2026-08-13T02:21:50.551+0000] {processor.py:925} INFO - DAG(s) 'weather_ingestion' retrieved from /opt/airflow/dags/weather_dag.py
[2026-08-13T02:21:50.563+0000] {logging_mixin.py:190} INFO - [2026-08-13T02:21:50.563+0000] {dag.py:3239} INFO - Sync 1 DAGs
[2026-08-13T02:21:50.573+0000] {logging_mixin.py:190} INFO - [2026-08-13T02:21:50.573+0000] {dag.py:4180} INFO - Setting next_dagrun for weather_ingestion to 2026-08-13 02:00:00+00:00, run_after=2026-08-13 03:00:00+00:00
[2026-08-13T02:21:50.579+0000] {processor.py:208} INFO - Processing /opt/airflow/dags/weather_dag.py took 0.277 seconds
[2026-08-13T02:22:20.987+0000] {processor.py:186} INFO - Started process (PID=49735) to work on /opt/airflow/dags/weather_dag.py
[2026-08-13T02:22:20.990+0000] {processor.py:914} INFO - Processing file /opt/airflow/dags/weather_dag.py for tasks to queue
[2026-08-13T02:22:20.993+0000] {logging_mixin.py:190} INFO - [2026-08-13T02:22:20.992+0000] {dagbag.py:588} INFO - Filling up the DagBag from /opt/airflow/dags/weather_dag.py
[2026-08-13T02:22:21.279+0000] {processor.py:925} INFO - DAG(s) 'weather_ingestion' retrieved from /opt/airflow/dags/weather_dag.py
[2026-08-13T02:22:21.294+0000] {logging_mixin.py:190} INFO - [2026-08-13T02:22:21.294+0000] {dag.py:3239} INFO - Sync 1 DAGs
[2026-08-13T02:22:21.306+0000] {logging_mixin.py:190} INFO - [2026-08-13T02:22:21.306+0000] {dag.py:4180} INFO - Setting next_dagrun for weather_ingestion to 2026-08-13 02:00:00+00:00, run_after=2026-08-13 03:00:00+00:00
[2026-08-13T02:22:21.314+0000] {processor.py:208} INFO - Processing /opt/airflow/dags/weather_dag.py took 0.337 seconds
[2026-08-13T02:22:51.397+0000] {processor.py:186} INFO - Started process (PID=49742) to work on /opt/airflow/dags/weather_dag.py
[2026-08-13T02:22:51.399+0000] {processor.py:914} INFO - Processing file /opt/airflow/dags/weather_dag.py for tasks to queue
[2026-08-13T02:22:51.403+0000] {logging_mixin.py:190} INFO - [2026-08-13T02:22:51.402+0000] {dagbag.py:588} INFO - Filling up the DagBag from /opt/airflow/dags/weather_dag.py
[2026-08-13T02:22:51.626+0000] {processor.py:925} INFO - DAG(s) 'weather_ingestion' retrieved from /opt/airflow/dags/weather_dag.py
[2026-08-13T02:22:51.638+0000] {logging_mixin.py:190} INFO - [2026-08-13T02:22:51.638+0000] {dag.py:3239} INFO - Sync 1 DAGs
[2026-08-13T02:22:51.647+0000] {logging_mixin.py:190} INFO - [2026-08-13T02:22:51.647+0000] {dag.py:4180} INFO - Setting next_dagrun for weather_ingestion to 2026-08-13 02:00:00+00:00, run_after=2026-08-13 03:00:00+00:00
[2026-08-13T02:22:51.654+0000] {processor.py:208} INFO - Processing /opt/airflow/dags/weather_dag.py took 0.268 seconds
[2026-08-13T02:23:21.963+0000] {processor.py:186} INFO - Started process (PID=49749) to work on /opt/airflow/dags/weather_dag.py
[2026-08-13T02:23:21.965+0000] {processor.py:914} INFO - Processing file /opt/airflow/dags/weather_dag.py for tasks to queue
[2026-08-13T02:23:21.967+0000] {logging_mixin.py:190} INFO - [2026-08-13T02:23:21.966+0000] {dagbag.py:588} INFO - Filling up the DagBag from /opt/airflow/dags/weather_dag.py
[2026-08-13T02:23:22.185+0000] {processor.py:925} INFO - DAG(s) 'weather_ingestion' retrieved from /opt/airflow/dags/weather_dag.py
[2026-08-13T02:23:22.196+0000] {logging_mixin.py:190} INFO - [2026-08-13T02:23:22.196+0000] {dag.py:3239} INFO - Sync 1 DAGs
[2026-08-13T02:23:22.205+0000] {logging_mixin.py:190} INFO - [2026-08-13T02:23:22.205+0000] {dag.py:4180} INFO - Setting next_dagrun for weather_ingestion to 2026-08-13 02:00:00+00:00, run_after=2026-08-13 03:00:00+00:00
[2026-08-13T02:23:22.213+0000] {processor.py:208} INFO - Processing /opt/airflow/dags/weather_dag.py took 0.256 seconds
[2026-08-13T02:23:52.349+0000] {processor.py:186} INFO - Started process (PID=49756) to work on /opt/airflow/dags/weather_dag.py
[2026-08-13T02:23:52.352+0000] {processor.py:914} INFO - Processing file /opt/airflow/dags/weather_dag.py for tasks to queue
[2026-08-13T02:23:52.355+0000] {logging_mixin.py:190} INFO - [2026-08-13T02:23:52.355+0000] {dagbag.py:588} INFO - Filling up the DagBag from /opt/airflow/dags/weather_dag.py
[2026-08-13T02:23:52.643+0000] {processor.py:925} INFO - DAG(s) 'weather_ingestion' retrieved from /opt/airflow/dags/weather_dag.py
[2026-08-13T02:23:52.658+0000] {logging_mixin.py:190} INFO - [2026-08-13T02:23:52.658+0000] {dag.py:3239} INFO - Sync 1 DAGs
[2026-08-13T02:23:52.670+0000] {logging_mixin.py:190} INFO - [2026-08-13T02:23:52.670+0000] {dag.py:4180} INFO - Setting next_dagrun for weather_ingestion to 2026-08-13 02:00:00+00:00, run_after=2026-08-13 03:00:00+00:00
[2026-08-13T02:23:52.678+0000] {processor.py:208} INFO - Processing /opt/airflow/dags/weather_dag.py took 0.338 seconds
[2026-08-13T02:24:22.913+0000] {processor.py:186} INFO - Started process (PID=49763) to work on /opt/airflow/dags/weather_dag.py
[2026-08-13T02:24:22.915+0000] {processor.py:914} INFO - Processing file /opt/airflow/dags/weather_dag.py for tasks to queue
[2026-08-13T02:24:22.918+0000] {logging_mixin.py:190} INFO - [2026-08-13T02:24:22.917+0000] {dagbag.py:588} INFO - Filling up the DagBag from /opt/airflow/dags/weather_dag.py
[2026-08-13T02:24:23.144+0000] {processor.py:925} INFO - DAG(s) 'weather_ingestion' retrieved from /opt/airflow/dags/weather_dag.py
[2026-08-13T02:24:23.156+0000] {logging_mixin.py:190} INFO - [2026-08-13T02:24:23.156+0000] {dag.py:3239} INFO - Sync 1 DAGs
[2026-08-13T02:24:23.167+0000] {logging_mixin.py:190} INFO - [2026-08-13T02:24:23.167+0000] {dag.py:4180} INFO - Setting next_dagrun for weather_ingestion to 2026-08-13 02:00:00+00:00, run_after=2026-08-13 03:00:00+00:00
[2026-08-13T02:24:23.174+0000] {processor.py:208} INFO - Processing /opt/airflow/dags/weather_dag.py took 0.267 seconds
[2026-08-13T02:24:53.402+0000] {processor.py:186} INFO - Started process (PID=49770) to work on /opt/airflow/dags/weather_dag.py
[2026-08-13T02:24:53.404+0000] {processor.py:914} INFO - Processing file /opt/airflow/dags/weather_dag.py for tasks to queue
[2026-08-13T02:24:53.409+0000] {logging_mixin.py:190} INFO - [2026-08-13T02:24:53.408+0000] {dagbag.py:588} INFO - Filling up the DagBag from /opt/airflow/dags/weather_dag.py
[2026-08-13T02:24:53.625+0000] {processor.py:925} INFO - DAG(s) 'weather_ingestion' retrieved from /opt/airflow/dags/weather_dag.py
[2026-08-13T02:24:53.637+0000] {logging_mixin.py:190} INFO - [2026-08-13T02:24:53.637+0000] {dag.py:3239} INFO - Sync 1 DAGs
[2026-08-13T02:24:53.646+0000] {logging_mixin.py:190} INFO - [2026-08-13T02:24:53.646+0000] {dag.py:4180} INFO - Setting next_dagrun for weather_ingestion to 2026-08-13 02:00:00+00:00, run_after=2026-08-13 03:00:00+00:00
[2026-08-13T02:24:53.653+0000] {processor.py:208} INFO - Processing /opt/airflow/dags/weather_dag.py took 0.260 seconds
[2026-08-13T02:25:23.886+0000] {processor.py:186} INFO - Started process (PID=49777) to work on /opt/airflow/dags/weather_dag.py
[2026-08-13T02:25:23.888+0000] {processor.py:914} INFO - Processing file /opt/airflow/dags/weather_dag.py for tasks to queue
[2026-08-13T02:25:23.890+0000] {logging_mixin.py:190} INFO - [2026-08-13T02:25:23.890+0000] {dagbag.py:588} INFO - Filling up the DagBag from /opt/airflow/dags/weather_dag.py
[2026-08-13T02:25:24.100+0000] {processor.py:925} INFO - DAG(s) 'weather_ingestion' retrieved from /opt/airflow/dags/weather_dag.py
[2026-08-13T02:25:24.111+0000] {logging_mixin.py:190} INFO - [2026-08-13T02:25:24.111+0000] {dag.py:3239} INFO - Sync 1 DAGs
[2026-08-13T02:25:24.120+0000] {logging_mixin.py:190} INFO - [2026-08-13T02:25:24.120+0000] {dag.py:4180} INFO - Setting next_dagrun for weather_ingestion to 2026-08-13 02:00:00+00:00, run_after=2026-08-13 03:00:00+00:00
[2026-08-13T02:25:24.126+0000] {processor.py:208} INFO - Processing /opt/airflow/dags/weather_dag.py took 0.249 seconds
[2026-08-13T02:25:54.480+0000] {processor.py:186} INFO - Started process (PID=49784) to work on /opt/airflow/dags/weather_dag.py
[2026-08-13T02:25:54.482+0000] {processor.py:914} INFO - Processing file /opt/airflow/dags/weather_dag.py for tasks to queue
[2026-08-13T02:25:54.486+0000] {logging_mixin.py:190} INFO - [2026-08-13T02:25:54.486+0000] {dagbag.py:588} INFO - Filling up the DagBag from /opt/airflow/dags/weather_dag.py
[2026-08-13T02:25:54.751+0000] {processor.py:925} INFO - DAG(s) 'weather_ingestion' retrieved from /opt/airflow/dags/weather_dag.py
[2026-08-13T02:25:54.765+0000] {logging_mixin.py:190} INFO - [2026-08-13T02:25:54.765+0000] {dag.py:3239} INFO - Sync 1 DAGs
[2026-08-13T02:25:54.777+0000] {logging_mixin.py:190} INFO - [2026-08-13T02:25:54.777+0000] {dag.py:4180} INFO - Setting next_dagrun for weather_ingestion to 2026-08-13 02:00:00+00:00, run_after=2026-08-13 03:00:00+00:00
[2026-08-13T02:25:54.785+0000] {processor.py:208} INFO - Processing /opt/airflow/dags/weather_dag.py took 0.315 seconds
[2026-08-13T02:26:24.844+0000] {processor.py:186} INFO - Started process (PID=49791) to work on /opt/airflow/dags/weather_dag.py
[2026-08-13T02:26:24.846+0000] {processor.py:914} INFO - Processing file /opt/airflow/dags/weather_dag.py for tasks to queue
[2026-08-13T02:26:24.850+0000] {logging_mixin.py:190} INFO - [2026-08-13T02:26:24.849+0000] {dagbag.py:588} INFO - Filling up the DagBag from /opt/airflow/dags/weather_dag.py
[2026-08-13T02:26:25.112+0000] {processor.py:925} INFO - DAG(s) 'weather_ingestion' retrieved from /opt/airflow/dags/weather_dag.py
[2026-08-13T02:26:25.126+0000] {logging_mixin.py:190} INFO - [2026-08-13T02:26:25.125+0000] {dag.py:3239} INFO - Sync 1 DAGs
[2026-08-13T02:26:25.138+0000] {logging_mixin.py:190} INFO - [2026-08-13T02:26:25.138+0000] {dag.py:4180} INFO - Setting next_dagrun for weather_ingestion to 2026-08-13 02:00:00+00:00, run_after=2026-08-13 03:00:00+00:00
[2026-08-13T02:26:25.145+0000] {processor.py:208} INFO - Processing /opt/airflow/dags/weather_dag.py took 0.315 seconds
[2026-08-13T02:26:55.489+0000] {processor.py:186} INFO - Started process (PID=49798) to work on /opt/airflow/dags/weather_dag.py
[2026-08-13T02:26:55.491+0000] {processor.py:914} INFO - Processing file /opt/airflow/dags/weather_dag.py for tasks to queue
[2026-08-13T02:26:55.494+0000] {logging_mixin.py:190} INFO - [2026-08-13T02:26:55.494+0000] {dagbag.py:588} INFO - Filling up the DagBag from /opt/airflow/dags/weather_dag.py
[2026-08-13T02:26:55.897+0000] {processor.py:925} INFO - DAG(s) 'weather_ingestion' retrieved from /opt/airflow/dags/weather_dag.py
[2026-08-13T02:26:55.915+0000] {logging_mixin.py:190} INFO - [2026-08-13T02:26:55.915+0000] {dag.py:3239} INFO - Sync 1 DAGs
[2026-08-13T02:26:55.961+0000] {logging_mixin.py:190} INFO - [2026-08-13T02:26:55.961+0000] {dag.py:4180} INFO - Setting next_dagrun for weather_ingestion to 2026-08-13 02:00:00+00:00, run_after=2026-08-13 03:00:00+00:00
[2026-08-13T02:26:55.970+0000] {processor.py:208} INFO - Processing /opt/airflow/dags/weather_dag.py took 0.491 seconds
[2026-08-13T02:27:26.317+0000] {processor.py:186} INFO - Started process (PID=49805) to work on /opt/airflow/dags/weather_dag.py
[2026-08-13T02:27:26.319+0000] {processor.py:914} INFO - Processing file /opt/airflow/dags/weather_dag.py for tasks to queue
[2026-08-13T02:27:26.322+0000] {logging_mixin.py:190} INFO - [2026-08-13T02:27:26.321+0000] {dagbag.py:588} INFO - Filling up the DagBag from /opt/airflow/dags/weather_dag.py
[2026-08-13T02:27:26.604+0000] {processor.py:925} INFO - DAG(s) 'weather_ingestion' retrieved from /opt/airflow/dags/weather_dag.py
[2026-08-13T02:27:26.617+0000] {logging_mixin.py:190} INFO - [2026-08-13T02:27:26.616+0000] {dag.py:3239} INFO - Sync 1 DAGs
[2026-08-13T02:27:26.627+0000] {logging_mixin.py:190} INFO - [2026-08-13T02:27:26.627+0000] {dag.py:4180} INFO - Setting next_dagrun for weather_ingestion to 2026-08-13 02:00:00+00:00, run_after=2026-08-13 03:00:00+00:00
[2026-08-13T02:27:26.634+0000] {processor.py:208} INFO - Processing /opt/airflow/dags/weather_dag.py took 0.329 seconds
[2026-08-13T02:27:57.033+0000] {processor.py:186} INFO - Started process (PID=49812) to work on /opt/airflow/dags/weather_dag.py
[2026-08-13T02:27:57.036+0000] {processor.py:914} INFO - Processing file /opt/airflow/dags/weather_dag.py for tasks to queue
[2026-08-13T02:27:57.039+0000] {logging_mixin.py:190} INFO - [2026-08-13T02:27:57.039+0000] {dagbag.py:588} INFO - Filling up the DagBag from /opt/airflow/dags/weather_dag.py
[2026-08-13T02:27:57.312+0000] {processor.py:925} INFO - DAG(s) 'weather_ingestion' retrieved from /opt/airflow/dags/weather_dag.py
[2026-08-13T02:27:57.325+0000] {logging_mixin.py:190} INFO - [2026-08-13T02:27:57.325+0000] {dag.py:3239} INFO - Sync 1 DAGs
[2026-08-13T02:27:57.335+0000] {logging_mixin.py:190} INFO - [2026-08-13T02:27:57.335+0000] {dag.py:4180} INFO - Setting next_dagrun for weather_ingestion to 2026-08-13 02:00:00+00:00, run_after=2026-08-13 03:00:00+00:00
[2026-08-13T02:27:57.342+0000] {processor.py:208} INFO - Processing /opt/airflow/dags/weather_dag.py took 0.318 seconds
[2026-08-13T02:28:27.671+0000] {processor.py:186} INFO - Started process (PID=49819) to work on /opt/airflow/dags/weather_dag.py
[2026-08-13T02:28:27.672+0000] {processor.py:914} INFO - Processing file /opt/airflow/dags/weather_dag.py for tasks to queue
[2026-08-13T02:28:27.674+0000] {logging_mixin.py:190} INFO - [2026-08-13T02:28:27.674+0000] {dagbag.py:588} INFO - Filling up the DagBag from /opt/airflow/dags/weather_dag.py
[2026-08-13T02:28:27.953+0000] {processor.py:925} INFO - DAG(s) 'weather_ingestion' retrieved from /opt/airflow/dags/weather_dag.py
[2026-08-13T02:28:27.970+0000] {logging_mixin.py:190} INFO - [2026-08-13T02:28:27.969+0000] {dag.py:3239} INFO - Sync 1 DAGs
[2026-08-13T02:28:27.982+0000] {logging_mixin.py:190} INFO - [2026-08-13T02:28:27.982+0000] {dag.py:4180} INFO - Setting next_dagrun for weather_ingestion to 2026-08-13 02:00:00+00:00, run_after=2026-08-13 03:00:00+00:00
[2026-08-13T02:28:27.991+0000] {processor.py:208} INFO - Processing /opt/airflow/dags/weather_dag.py took 0.328 seconds
[2026-08-13T02:28:58.378+0000] {processor.py:186} INFO - Started process (PID=49826) to work on /opt/airflow/dags/weather_dag.py
[2026-08-13T02:28:58.380+0000] {processor.py:914} INFO - Processing file /opt/airflow/dags/weather_dag.py for tasks to queue
[2026-08-13T02:28:58.384+0000] {logging_mixin.py:190} INFO - [2026-08-13T02:28:58.384+0000] {dagbag.py:588} INFO - Filling up the DagBag from /opt/airflow/dags/weather_dag.py
[2026-08-13T02:28:58.609+0000] {processor.py:925} INFO - DAG(s) 'weather_ingestion' retrieved from /opt/airflow/dags/weather_dag.py
[2026-08-13T02:28:58.621+0000] {logging_mixin.py:190} INFO - [2026-08-13T02:28:58.621+0000] {dag.py:3239} INFO - Sync 1 DAGs
[2026-08-13T02:28:58.631+0000] {logging_mixin.py:190} INFO - [2026-08-13T02:28:58.631+0000] {dag.py:4180} INFO - Setting next_dagrun for weather_ingestion to 2026-08-13 02:00:00+00:00, run_after=2026-08-13 03:00:00+00:00
[2026-08-13T02:28:58.637+0000] {processor.py:208} INFO - Processing /opt/airflow/dags/weather_dag.py took 0.269 seconds
[2026-08-13T02:29:28.723+0000] {processor.py:186} INFO - Started process (PID=49833) to work on /opt/airflow/dags/weather_dag.py
[2026-08-13T02:29:28.725+0000] {processor.py:914} INFO - Processing file /opt/airflow/dags/weather_dag.py for tasks to queue
[2026-08-13T02:29:28.731+0000] {logging_mixin.py:190} INFO - [2026-08-13T02:29:28.730+0000] {dagbag.py:588} INFO - Filling up the DagBag from /opt/airflow/dags/weather_dag.py
[2026-08-13T02:29:29.017+0000] {processor.py:925} INFO - DAG(s) 'weather_ingestion' retrieved from /opt/airflow/dags/weather_dag.py
[2026-08-13T02:29:29.032+0000] {logging_mixin.py:190} INFO - [2026-08-13T02:29:29.032+0000] {dag.py:3239} INFO - Sync 1 DAGs
[2026-08-13T02:29:29.046+0000] {logging_mixin.py:190} INFO - [2026-08-13T02:29:29.046+0000] {dag.py:4180} INFO - Setting next_dagrun for weather_ingestion to 2026-08-13 02:00:00+00:00, run_after=2026-08-13 03:00:00+00:00
[2026-08-13T02:29:29.053+0000] {processor.py:208} INFO - Processing /opt/airflow/dags/weather_dag.py took 0.341 seconds
[2026-08-13T02:29:59.296+0000] {processor.py:186} INFO - Started process (PID=49840) to work on /opt/airflow/dags/weather_dag.py
[2026-08-13T02:29:59.299+0000] {processor.py:914} INFO - Processing file /opt/airflow/dags/weather_dag.py for tasks to queue
[2026-08-13T02:29:59.303+0000] {logging_mixin.py:190} INFO - [2026-08-13T02:29:59.302+0000] {dagbag.py:588} INFO - Filling up the DagBag from /opt/airflow/dags/weather_dag.py
[2026-08-13T02:29:59.556+0000] {processor.py:925} INFO - DAG(s) 'weather_ingestion' retrieved from /opt/airflow/dags/weather_dag.py
[2026-08-13T02:29:59.569+0000] {logging_mixin.py:190} INFO - [2026-08-13T02:29:59.569+0000] {dag.py:3239} INFO - Sync 1 DAGs
[2026-08-13T02:29:59.580+0000] {logging_mixin.py:190} INFO - [2026-08-13T02:29:59.580+0000] {dag.py:4180} INFO - Setting next_dagrun for weather_ingestion to 2026-08-13 02:00:00+00:00, run_after=2026-08-13 03:00:00+00:00
[2026-08-13T02:29:59.586+0000] {processor.py:208} INFO - Processing /opt/airflow/dags/weather_dag.py took 0.302 seconds
[2026-08-13T02:30:29.767+0000] {processor.py:186} INFO - Started process (PID=49847) to work on /opt/airflow/dags/weather_dag.py
[2026-08-13T02:30:29.769+0000] {processor.py:914} INFO - Processing file /opt/airflow/dags/weather_dag.py for tasks to queue
[2026-08-13T02:30:29.772+0000] {logging_mixin.py:190} INFO - [2026-08-13T02:30:29.771+0000] {dagbag.py:588} INFO - Filling up the DagBag from /opt/airflow/dags/weather_dag.py
[2026-08-13T02:30:29.984+0000] {processor.py:925} INFO - DAG(s) 'weather_ingestion' retrieved from /opt/airflow/dags/weather_dag.py
[2026-08-13T02:30:29.996+0000] {logging_mixin.py:190} INFO - [2026-08-13T02:30:29.995+0000] {dag.py:3239} INFO - Sync 1 DAGs
[2026-08-13T02:30:30.004+0000] {logging_mixin.py:190} INFO - [2026-08-13T02:30:30.004+0000] {dag.py:4180} INFO - Setting next_dagrun for weather_ingestion to 2026-08-13 02:00:00+00:00, run_after=2026-08-13 03:00:00+00:00
[2026-08-13T02:30:30.011+0000] {processor.py:208} INFO - Processing /opt/airflow/dags/weather_dag.py took 0.255 seconds
[2026-08-13T02:31:00.222+0000] {processor.py:186} INFO - Started process (PID=49854) to work on /opt/airflow/dags/weather_dag.py
[2026-08-13T02:31:00.225+0000] {processor.py:914} INFO - Processing file /opt/airflow/dags/weather_dag.py for tasks to queue
[2026-08-13T02:31:00.230+0000] {logging_mixin.py:190} INFO - [2026-08-13T02:31:00.229+0000] {dagbag.py:588} INFO - Filling up the DagBag from /opt/airflow/dags/weather_dag.py
[2026-08-13T02:31:00.574+0000] {processor.py:925} INFO - DAG(s) 'weather_ingestion' retrieved from /opt/airflow/dags/weather_dag.py
[2026-08-13T02:31:00.593+0000] {logging_mixin.py:190} INFO - [2026-08-13T02:31:00.592+0000] {dag.py:3239} INFO - Sync 1 DAGs
[2026-08-13T02:31:00.616+0000] {logging_mixin.py:190} INFO - [2026-08-13T02:31:00.616+0000] {dag.py:4180} INFO - Setting next_dagrun for weather_ingestion to 2026-08-13 02:00:00+00:00, run_after=2026-08-13 03:00:00+00:00
[2026-08-13T02:31:00.633+0000] {processor.py:208} INFO - Processing /opt/airflow/dags/weather_dag.py took 0.426 seconds
[2026-08-13T02:31:31.306+0000] {processor.py:186} INFO - Started process (PID=49861) to work on /opt/airflow/dags/weather_dag.py
[2026-08-13T02:31:31.311+0000] {processor.py:914} INFO - Processing file /opt/airflow/dags/weather_dag.py for tasks to queue
[2026-08-13T02:31:31.358+0000] {logging_mixin.py:190} INFO - [2026-08-13T02:31:31.357+0000] {dagbag.py:588} INFO - Filling up the DagBag from /opt/airflow/dags/weather_dag.py
[2026-08-13T02:31:31.732+0000] {processor.py:925} INFO - DAG(s) 'weather_ingestion' retrieved from /opt/airflow/dags/weather_dag.py
[2026-08-13T02:31:31.752+0000] {logging_mixin.py:190} INFO - [2026-08-13T02:31:31.752+0000] {dag.py:3239} INFO - Sync 1 DAGs
[2026-08-13T02:31:31.775+0000] {logging_mixin.py:190} INFO - [2026-08-13T02:31:31.775+0000] {dag.py:4180} INFO - Setting next_dagrun for weather_ingestion to 2026-08-13 02:00:00+00:00, run_after=2026-08-13 03:00:00+00:00
[2026-08-13T02:31:31.784+0000] {processor.py:208} INFO - Processing /opt/airflow/dags/weather_dag.py took 0.492 seconds
[2026-08-13T02:35:41.256+0000] {processor.py:186} INFO - Started process (PID=49868) to work on /opt/airflow/dags/weather_dag.py
[2026-08-13T02:35:41.256+0000] {processor.py:914} INFO - Processing file /opt/airflow/dags/weather_dag.py for tasks to queue
[2026-08-13T02:35:41.258+0000] {logging_mixin.py:190} INFO - [2026-08-13T02:35:41.258+0000] {dagbag.py:588} INFO - Filling up the DagBag from /opt/airflow/dags/weather_dag.py
[2026-08-13T02:35:41.468+0000] {processor.py:925} INFO - DAG(s) 'weather_ingestion' retrieved from /opt/airflow/dags/weather_dag.py
[2026-08-13T02:35:41.480+0000] {logging_mixin.py:190} INFO - [2026-08-13T02:35:41.480+0000] {dag.py:3239} INFO - Sync 1 DAGs
[2026-08-13T02:35:41.490+0000] {logging_mixin.py:190} INFO - [2026-08-13T02:35:41.490+0000] {dag.py:4180} INFO - Setting next_dagrun for weather_ingestion to 2026-08-13 02:00:00+00:00, run_after=2026-08-13 03:00:00+00:00
[2026-08-13T02:35:41.498+0000] {processor.py:208} INFO - Processing /opt/airflow/dags/weather_dag.py took 0.246 seconds
[2026-08-13T02:36:11.660+0000] {processor.py:186} INFO - Started process (PID=49875) to work on /opt/airflow/dags/weather_dag.py
[2026-08-13T02:36:11.662+0000] {processor.py:914} INFO - Processing file /opt/airflow/dags/weather_dag.py for tasks to queue
[2026-08-13T02:36:11.669+0000] {logging_mixin.py:190} INFO - [2026-08-13T02:36:11.668+0000] {dagbag.py:588} INFO - Filling up the DagBag from /opt/airflow/dags/weather_dag.py
[2026-08-13T02:36:12.055+0000] {processor.py:925} INFO - DAG(s) 'weather_ingestion' retrieved from /opt/airflow/dags/weather_dag.py
[2026-08-13T02:36:12.074+0000] {logging_mixin.py:190} INFO - [2026-08-13T02:36:12.074+0000] {dag.py:3239} INFO - Sync 1 DAGs
[2026-08-13T02:36:12.092+0000] {logging_mixin.py:190} INFO - [2026-08-13T02:36:12.092+0000] {dag.py:4180} INFO - Setting next_dagrun for weather_ingestion to 2026-08-13 02:00:00+00:00, run_after=2026-08-13 03:00:00+00:00
[2026-08-13T02:36:12.108+0000] {processor.py:208} INFO - Processing /opt/airflow/dags/weather_dag.py took 0.497 seconds
[2026-08-13T02:36:42.293+0000] {processor.py:186} INFO - Started process (PID=49882) to work on /opt/airflow/dags/weather_dag.py
[2026-08-13T02:36:42.295+0000] {processor.py:914} INFO - Processing file /opt/airflow/dags/weather_dag.py for tasks to queue
[2026-08-13T02:36:42.298+0000] {logging_mixin.py:190} INFO - [2026-08-13T02:36:42.298+0000] {dagbag.py:588} INFO - Filling up the DagBag from /opt/airflow/dags/weather_dag.py
[2026-08-13T02:36:42.524+0000] {processor.py:925} INFO - DAG(s) 'weather_ingestion' retrieved from /opt/airflow/dags/weather_dag.py
[2026-08-13T02:36:42.537+0000] {logging_mixin.py:190} INFO - [2026-08-13T02:36:42.536+0000] {dag.py:3239} INFO - Sync 1 DAGs
[2026-08-13T02:36:42.546+0000] {logging_mixin.py:190} INFO - [2026-08-13T02:36:42.546+0000] {dag.py:4180} INFO - Setting next_dagrun for weather_ingestion to 2026-08-13 02:00:00+00:00, run_after=2026-08-13 03:00:00+00:00
[2026-08-13T02:36:42.553+0000] {processor.py:208} INFO - Processing /opt/airflow/dags/weather_dag.py took 0.267 seconds
[2026-08-13T02:37:12.908+0000] {processor.py:186} INFO - Started process (PID=49889) to work on /opt/airflow/dags/weather_dag.py
[2026-08-13T02:37:12.910+0000] {processor.py:914} INFO - Processing file /opt/airflow/dags/weather_dag.py for tasks to queue
[2026-08-13T02:37:12.914+0000] {logging_mixin.py:190} INFO - [2026-08-13T02:37:12.913+0000] {dagbag.py:588} INFO - Filling up the DagBag from /opt/airflow/dags/weather_dag.py
[2026-08-13T02:37:13.188+0000] {processor.py:925} INFO - DAG(s) 'weather_ingestion' retrieved from /opt/airflow/dags/weather_dag.py
[2026-08-13T02:37:13.205+0000] {logging_mixin.py:190} INFO - [2026-08-13T02:37:13.205+0000] {dag.py:3239} INFO - Sync 1 DAGs
[2026-08-13T02:37:13.218+0000] {logging_mixin.py:190} INFO - [2026-08-13T02:37:13.218+0000] {dag.py:4180} INFO - Setting next_dagrun for weather_ingestion to 2026-08-13 02:00:00+00:00, run_after=2026-08-13 03:00:00+00:00
[2026-08-13T02:37:13.225+0000] {processor.py:208} INFO - Processing /opt/airflow/dags/weather_dag.py took 0.327 seconds
[2026-08-13T02:37:43.581+0000] {processor.py:186} INFO - Started process (PID=49896) to work on /opt/airflow/dags/weather_dag.py
[2026-08-13T02:37:43.583+0000] {processor.py:914} INFO - Processing file /opt/airflow/dags/weather_dag.py for tasks to queue
[2026-08-13T02:37:43.585+0000] {logging_mixin.py:190} INFO - [2026-08-13T02:37:43.585+0000] {dagbag.py:588} INFO - Filling up the DagBag from /opt/airflow/dags/weather_dag.py
[2026-08-13T02:37:43.823+0000] {processor.py:925} INFO - DAG(s) 'weather_ingestion' retrieved from /opt/airflow/dags/weather_dag.py
[2026-08-13T02:37:43.837+0000] {logging_mixin.py:190} INFO - [2026-08-13T02:37:43.837+0000] {dag.py:3239} INFO - Sync 1 DAGs
[2026-08-13T02:37:43.848+0000] {logging_mixin.py:190} INFO - [2026-08-13T02:37:43.848+0000] {dag.py:4180} INFO - Setting next_dagrun for weather_ingestion to 2026-08-13 02:00:00+00:00, run_after=2026-08-13 03:00:00+00:00
[2026-08-13T02:37:43.855+0000] {processor.py:208} INFO - Processing /opt/airflow/dags/weather_dag.py took 0.282 seconds
[2026-08-13T02:38:13.939+0000] {processor.py:186} INFO - Started process (PID=49903) to work on /opt/airflow/dags/weather_dag.py
[2026-08-13T02:38:13.941+0000] {processor.py:914} INFO - Processing file /opt/airflow/dags/weather_dag.py for tasks to queue
[2026-08-13T02:38:13.945+0000] {logging_mixin.py:190} INFO - [2026-08-13T02:38:13.944+0000] {dagbag.py:588} INFO - Filling up the DagBag from /opt/airflow/dags/weather_dag.py
[2026-08-13T02:38:14.179+0000] {processor.py:925} INFO - DAG(s) 'weather_ingestion' retrieved from /opt/airflow/dags/weather_dag.py
[2026-08-13T02:38:14.190+0000] {logging_mixin.py:190} INFO - [2026-08-13T02:38:14.190+0000] {dag.py:3239} INFO - Sync 1 DAGs
[2026-08-13T02:38:14.200+0000] {logging_mixin.py:190} INFO - [2026-08-13T02:38:14.199+0000] {dag.py:4180} INFO - Setting next_dagrun for weather_ingestion to 2026-08-13 02:00:00+00:00, run_after=2026-08-13 03:00:00+00:00
[2026-08-13T02:38:14.206+0000] {processor.py:208} INFO - Processing /opt/airflow/dags/weather_dag.py took 0.277 seconds
[2026-08-13T02:38:44.494+0000] {processor.py:186} INFO - Started process (PID=49910) to work on /opt/airflow/dags/weather_dag.py
[2026-08-13T02:38:44.497+0000] {processor.py:914} INFO - Processing file /opt/airflow/dags/weather_dag.py for tasks to queue
[2026-08-13T02:38:44.500+0000] {logging_mixin.py:190} INFO - [2026-08-13T02:38:44.499+0000] {dagbag.py:588} INFO - Filling up the DagBag from /opt/airflow/dags/weather_dag.py
[2026-08-13T02:38:44.747+0000] {processor.py:925} INFO - DAG(s) 'weather_ingestion' retrieved from /opt/airflow/dags/weather_dag.py
[2026-08-13T02:38:44.762+0000] {logging_mixin.py:190} INFO - [2026-08-13T02:38:44.762+0000] {dag.py:3239} INFO - Sync 1 DAGs
[2026-08-13T02:38:44.775+0000] {logging_mixin.py:190} INFO - [2026-08-13T02:38:44.774+0000] {dag.py:4180} INFO - Setting next_dagrun for weather_ingestion to 2026-08-13 02:00:00+00:00, run_after=2026-08-13 03:00:00+00:00
[2026-08-13T02:38:44.782+0000] {processor.py:208} INFO - Processing /opt/airflow/dags/weather_dag.py took 0.295 seconds
[2026-08-13T02:39:14.847+0000] {processor.py:186} INFO - Started process (PID=49917) to work on /opt/airflow/dags/weather_dag.py
[2026-08-13T02:39:14.848+0000] {processor.py:914} INFO - Processing file /opt/airflow/dags/weather_dag.py for tasks to queue
[2026-08-13T02:39:14.850+0000] {logging_mixin.py:190} INFO - [2026-08-13T02:39:14.850+0000] {dagbag.py:588} INFO - Filling up the DagBag from /opt/airflow/dags/weather_dag.py
[2026-08-13T02:39:15.067+0000] {processor.py:925} INFO - DAG(s) 'weather_ingestion' retrieved from /opt/airflow/dags/weather_dag.py
[2026-08-13T02:39:15.081+0000] {logging_mixin.py:190} INFO - [2026-08-13T02:39:15.081+0000] {dag.py:3239} INFO - Sync 1 DAGs
[2026-08-13T02:39:15.093+0000] {logging_mixin.py:190} INFO - [2026-08-13T02:39:15.092+0000] {dag.py:4180} INFO - Setting next_dagrun for weather_ingestion to 2026-08-13 02:00:00+00:00, run_after=2026-08-13 03:00:00+00:00
[2026-08-13T02:39:15.099+0000] {processor.py:208} INFO - Processing /opt/airflow/dags/weather_dag.py took 0.260 seconds
[2026-08-13T02:39:45.426+0000] {processor.py:186} INFO - Started process (PID=49924) to work on /opt/airflow/dags/weather_dag.py
[2026-08-13T02:39:45.427+0000] {processor.py:914} INFO - Processing file /opt/airflow/dags/weather_dag.py for tasks to queue
[2026-08-13T02:39:45.428+0000] {logging_mixin.py:190} INFO - [2026-08-13T02:39:45.428+0000] {dagbag.py:588} INFO - Filling up the DagBag from /opt/airflow/dags/weather_dag.py
[2026-08-13T02:39:45.653+0000] {processor.py:925} INFO - DAG(s) 'weather_ingestion' retrieved from /opt/airflow/dags/weather_dag.py
[2026-08-13T02:39:45.666+0000] {logging_mixin.py:190} INFO - [2026-08-13T02:39:45.666+0000] {dag.py:3239} INFO - Sync 1 DAGs
[2026-08-13T02:39:45.684+0000] {logging_mixin.py:190} INFO - [2026-08-13T02:39:45.683+0000] {dag.py:4180} INFO - Setting next_dagrun for weather_ingestion to 2026-08-13 02:00:00+00:00, run_after=2026-08-13 03:00:00+00:00
[2026-08-13T02:39:45.694+0000] {processor.py:208} INFO - Processing /opt/airflow/dags/weather_dag.py took 0.272 seconds
[2026-08-13T02:40:15.761+0000] {processor.py:186} INFO - Started process (PID=49931) to work on /opt/airflow/dags/weather_dag.py
[2026-08-13T02:40:15.763+0000] {processor.py:914} INFO - Processing file /opt/airflow/dags/weather_dag.py for tasks to queue
[2026-08-13T02:40:15.768+0000] {logging_mixin.py:190} INFO - [2026-08-13T02:40:15.767+0000] {dagbag.py:588} INFO - Filling up the DagBag from /opt/airflow/dags/weather_dag.py
[2026-08-13T02:40:16.030+0000] {processor.py:925} INFO - DAG(s) 'weather_ingestion' retrieved from /opt/airflow/dags/weather_dag.py
[2026-08-13T02:40:16.045+0000] {logging_mixin.py:190} INFO - [2026-08-13T02:40:16.045+0000] {dag.py:3239} INFO - Sync 1 DAGs
[2026-08-13T02:40:16.058+0000] {logging_mixin.py:190} INFO - [2026-08-13T02:40:16.057+0000] {dag.py:4180} INFO - Setting next_dagrun for weather_ingestion to 2026-08-13 02:00:00+00:00, run_after=2026-08-13 03:00:00+00:00
[2026-08-13T02:40:16.065+0000] {processor.py:208} INFO - Processing /opt/airflow/dags/weather_dag.py took 0.317 seconds
[2026-08-13T02:40:46.347+0000] {processor.py:186} INFO - Started process (PID=49938) to work on /opt/airflow/dags/weather_dag.py
[2026-08-13T02:40:46.349+0000] {processor.py:914} INFO - Processing file /opt/airflow/dags/weather_dag.py for tasks to queue
[2026-08-13T02:40:46.352+0000] {logging_mixin.py:190} INFO - [2026-08-13T02:40:46.352+0000] {dagbag.py:588} INFO - Filling up the DagBag from /opt/airflow/dags/weather_dag.py
[2026-08-13T02:40:46.565+0000] {processor.py:925} INFO - DAG(s) 'weather_ingestion' retrieved from /opt/airflow/dags/weather_dag.py
[2026-08-13T02:40:46.577+0000] {logging_mixin.py:190} INFO - [2026-08-13T02:40:46.577+0000] {dag.py:3239} INFO - Sync 1 DAGs
[2026-08-13T02:40:46.586+0000] {logging_mixin.py:190} INFO - [2026-08-13T02:40:46.586+0000] {dag.py:4180} INFO - Setting next_dagrun for weather_ingestion to 2026-08-13 02:00:00+00:00, run_after=2026-08-13 03:00:00+00:00
[2026-08-13T02:40:46.592+0000] {processor.py:208} INFO - Processing /opt/airflow/dags/weather_dag.py took 0.253 seconds
[2026-08-13T02:41:16.690+0000] {processor.py:186} INFO - Started process (PID=49945) to work on /opt/airflow/dags/weather_dag.py
[2026-08-13T02:41:16.693+0000] {processor.py:914} INFO - Processing file /opt/airflow/dags/weather_dag.py for tasks to queue
[2026-08-13T02:41:16.695+0000] {logging_mixin.py:190} INFO - [2026-08-13T02:41:16.695+0000] {dagbag.py:588} INFO - Filling up the DagBag from /opt/airflow/dags/weather_dag.py
[2026-08-13T02:41:16.915+0000] {processor.py:925} INFO - DAG(s) 'weather_ingestion' retrieved from /opt/airflow/dags/weather_dag.py
[2026-08-13T02:41:16.926+0000] {logging_mixin.py:190} INFO - [2026-08-13T02:41:16.926+0000] {dag.py:3239} INFO - Sync 1 DAGs
[2026-08-13T02:41:16.935+0000] {logging_mixin.py:190} INFO - [2026-08-13T02:41:16.935+0000] {dag.py:4180} INFO - Setting next_dagrun for weather_ingestion to 2026-08-13 02:00:00+00:00, run_after=2026-08-13 03:00:00+00:00
[2026-08-13T02:41:16.941+0000] {processor.py:208} INFO - Processing /opt/airflow/dags/weather_dag.py took 0.261 seconds
[2026-08-13T02:41:47.143+0000] {processor.py:186} INFO - Started process (PID=49952) to work on /opt/airflow/dags/weather_dag.py
[2026-08-13T02:41:47.145+0000] {processor.py:914} INFO - Processing file /opt/airflow/dags/weather_dag.py for tasks to queue
[2026-08-13T02:41:47.147+0000] {logging_mixin.py:190} INFO - [2026-08-13T02:41:47.147+0000] {dagbag.py:588} INFO - Filling up the DagBag from /opt/airflow/dags/weather_dag.py
[2026-08-13T02:41:47.368+0000] {processor.py:925} INFO - DAG(s) 'weather_ingestion' retrieved from /opt/airflow/dags/weather_dag.py
[2026-08-13T02:41:47.379+0000] {logging_mixin.py:190} INFO - [2026-08-13T02:41:47.379+0000] {dag.py:3239} INFO - Sync 1 DAGs
[2026-08-13T02:41:47.388+0000] {logging_mixin.py:190} INFO - [2026-08-13T02:41:47.388+0000] {dag.py:4180} INFO - Setting next_dagrun for weather_ingestion to 2026-08-13 02:00:00+00:00, run_after=2026-08-13 03:00:00+00:00
[2026-08-13T02:41:47.396+0000] {processor.py:208} INFO - Processing /opt/airflow/dags/weather_dag.py took 0.261 seconds
[2026-08-13T02:42:17.505+0000] {processor.py:186} INFO - Started process (PID=49959) to work on /opt/airflow/dags/weather_dag.py
[2026-08-13T02:42:17.507+0000] {processor.py:914} INFO - Processing file /opt/airflow/dags/weather_dag.py for tasks to queue
[2026-08-13T02:42:17.510+0000] {logging_mixin.py:190} INFO - [2026-08-13T02:42:17.509+0000] {dagbag.py:588} INFO - Filling up the DagBag from /opt/airflow/dags/weather_dag.py
[2026-08-13T02:42:17.743+0000] {processor.py:925} INFO - DAG(s) 'weather_ingestion' retrieved from /opt/airflow/dags/weather_dag.py
[2026-08-13T02:42:17.755+0000] {logging_mixin.py:190} INFO - [2026-08-13T02:42:17.755+0000] {dag.py:3239} INFO - Sync 1 DAGs
[2026-08-13T02:42:17.766+0000] {logging_mixin.py:190} INFO - [2026-08-13T02:42:17.765+0000] {dag.py:4180} INFO - Setting next_dagrun for weather_ingestion to 2026-08-13 02:00:00+00:00, run_after=2026-08-13 03:00:00+00:00
[2026-08-13T02:42:17.773+0000] {processor.py:208} INFO - Processing /opt/airflow/dags/weather_dag.py took 0.275 seconds
[2026-08-13T02:42:48.036+0000] {processor.py:186} INFO - Started process (PID=49966) to work on /opt/airflow/dags/weather_dag.py
[2026-08-13T02:42:48.038+0000] {processor.py:914} INFO - Processing file /opt/airflow/dags/weather_dag.py for tasks to queue
[2026-08-13T02:42:48.043+0000] {logging_mixin.py:190} INFO - [2026-08-13T02:42:48.042+0000] {dagbag.py:588} INFO - Filling up the DagBag from /opt/airflow/dags/weather_dag.py
[2026-08-13T02:42:48.333+0000] {processor.py:925} INFO - DAG(s) 'weather_ingestion' retrieved from /opt/airflow/dags/weather_dag.py
[2026-08-13T02:42:48.350+0000] {logging_mixin.py:190} INFO - [2026-08-13T02:42:48.349+0000] {dag.py:3239} INFO - Sync 1 DAGs
[2026-08-13T02:42:48.364+0000] {logging_mixin.py:190} INFO - [2026-08-13T02:42:48.364+0000] {dag.py:4180} INFO - Setting next_dagrun for weather_ingestion to 2026-08-13 02:00:00+00:00, run_after=2026-08-13 03:00:00+00:00
[2026-08-13T02:42:48.372+0000] {processor.py:208} INFO - Processing /opt/airflow/dags/weather_dag.py took 0.349 seconds
[2026-08-13T02:43:18.433+0000] {processor.py:186} INFO - Started process (PID=49973) to work on /opt/airflow/dags/weather_dag.py
[2026-08-13T02:43:18.434+0000] {processor.py:914} INFO - Processing file /opt/airflow/dags/weather_dag.py for tasks to queue
[2026-08-13T02:43:18.436+0000] {logging_mixin.py:190} INFO - [2026-08-13T02:43:18.436+0000] {dagbag.py:588} INFO - Filling up the DagBag from /opt/airflow/dags/weather_dag.py
[2026-08-13T02:43:18.661+0000] {processor.py:925} INFO - DAG(s) 'weather_ingestion' retrieved from /opt/airflow/dags/weather_dag.py
[2026-08-13T02:43:18.676+0000] {logging_mixin.py:190} INFO - [2026-08-13T02:43:18.675+0000] {dag.py:3239} INFO - Sync 1 DAGs
[2026-08-13T02:43:18.687+0000] {logging_mixin.py:190} INFO - [2026-08-13T02:43:18.687+0000] {dag.py:4180} INFO - Setting next_dagrun for weather_ingestion to 2026-08-13 02:00:00+00:00, run_after=2026-08-13 03:00:00+00:00
[2026-08-13T02:43:18.694+0000] {processor.py:208} INFO - Processing /opt/airflow/dags/weather_dag.py took 0.268 seconds
[2026-08-13T02:43:49.000+0000] {processor.py:186} INFO - Started process (PID=49980) to work on /opt/airflow/dags/weather_dag.py
[2026-08-13T02:43:49.002+0000] {processor.py:914} INFO - Processing file /opt/airflow/dags/weather_dag.py for tasks to queue
[2026-08-13T02:43:49.004+0000] {logging_mixin.py:190} INFO - [2026-08-13T02:43:49.003+0000] {dagbag.py:588} INFO - Filling up the DagBag from /opt/airflow/dags/weather_dag.py
[2026-08-13T02:43:49.225+0000] {processor.py:925} INFO - DAG(s) 'weather_ingestion' retrieved from /opt/airflow/dags/weather_dag.py
[2026-08-13T02:43:49.236+0000] {logging_mixin.py:190} INFO - [2026-08-13T02:43:49.236+0000] {dag.py:3239} INFO - Sync 1 DAGs
[2026-08-13T02:43:49.245+0000] {logging_mixin.py:190} INFO - [2026-08-13T02:43:49.245+0000] {dag.py:4180} INFO - Setting next_dagrun for weather_ingestion to 2026-08-13 02:00:00+00:00, run_after=2026-08-13 03:00:00+00:00
[2026-08-13T02:43:49.250+0000] {processor.py:208} INFO - Processing /opt/airflow/dags/weather_dag.py took 0.257 seconds
[2026-08-13T02:44:19.367+0000] {processor.py:186} INFO - Started process (PID=49987) to work on /opt/airflow/dags/weather_dag.py
[2026-08-13T02:44:19.369+0000] {processor.py:914} INFO - Processing file /opt/airflow/dags/weather_dag.py for tasks to queue
[2026-08-13T02:44:19.372+0000] {logging_mixin.py:190} INFO - [2026-08-13T02:44:19.371+0000] {dagbag.py:588} INFO - Filling up the DagBag from /opt/airflow/dags/weather_dag.py
[2026-08-13T02:44:19.607+0000] {processor.py:925} INFO - DAG(s) 'weather_ingestion' retrieved from /opt/airflow/dags/weather_dag.py
[2026-08-13T02:44:19.619+0000] {logging_mixin.py:190} INFO - [2026-08-13T02:44:19.619+0000] {dag.py:3239} INFO - Sync 1 DAGs
[2026-08-13T02:44:19.628+0000] {logging_mixin.py:190} INFO - [2026-08-13T02:44:19.628+0000] {dag.py:4180} INFO - Setting next_dagrun for weather_ingestion to 2026-08-13 02:00:00+00:00, run_after=2026-08-13 03:00:00+00:00
[2026-08-13T02:44:19.635+0000] {processor.py:208} INFO - Processing /opt/airflow/dags/weather_dag.py took 0.275 seconds
[2026-08-13T02:44:49.906+0000] {processor.py:186} INFO - Started process (PID=49994) to work on /opt/airflow/dags/weather_dag.py
[2026-08-13T02:44:49.908+0000] {processor.py:914} INFO - Processing file /opt/airflow/dags/weather_dag.py for tasks to queue
[2026-08-13T02:44:49.913+0000] {logging_mixin.py:190} INFO - [2026-08-13T02:44:49.912+0000] {dagbag.py:588} INFO - Filling up the DagBag from /opt/airflow/dags/weather_dag.py
[2026-08-13T02:44:50.144+0000] {processor.py:925} INFO - DAG(s) 'weather_ingestion' retrieved from /opt/airflow/dags/weather_dag.py
[2026-08-13T02:44:50.162+0000] {logging_mixin.py:190} INFO - [2026-08-13T02:44:50.162+0000] {dag.py:3239} INFO - Sync 1 DAGs
[2026-08-13T02:44:50.172+0000] {logging_mixin.py:190} INFO - [2026-08-13T02:44:50.172+0000] {dag.py:4180} INFO - Setting next_dagrun for weather_ingestion to 2026-08-13 02:00:00+00:00, run_after=2026-08-13 03:00:00+00:00
[2026-08-13T02:44:50.180+0000] {processor.py:208} INFO - Processing /opt/airflow/dags/weather_dag.py took 0.284 seconds
[2026-08-13T02:45:20.330+0000] {processor.py:186} INFO - Started process (PID=50001) to work on /opt/airflow/dags/weather_dag.py
[2026-08-13T02:45:20.333+0000] {processor.py:914} INFO - Processing file /opt/airflow/dags/weather_dag.py for tasks to queue
[2026-08-13T02:45:20.338+0000] {logging_mixin.py:190} INFO - [2026-08-13T02:45:20.337+0000] {dagbag.py:588} INFO - Filling up the DagBag from /opt/airflow/dags/weather_dag.py
[2026-08-13T02:45:20.656+0000] {processor.py:925} INFO - DAG(s) 'weather_ingestion' retrieved from /opt/airflow/dags/weather_dag.py
[2026-08-13T02:45:20.674+0000] {logging_mixin.py:190} INFO - [2026-08-13T02:45:20.674+0000] {dag.py:3239} INFO - Sync 1 DAGs
[2026-08-13T02:45:20.689+0000] {logging_mixin.py:190} INFO - [2026-08-13T02:45:20.689+0000] {dag.py:4180} INFO - Setting next_dagrun for weather_ingestion to 2026-08-13 02:00:00+00:00, run_after=2026-08-13 03:00:00+00:00
[2026-08-13T02:45:20.697+0000] {processor.py:208} INFO - Processing /opt/airflow/dags/weather_dag.py took 0.378 seconds
[2026-08-13T02:45:50.941+0000] {processor.py:186} INFO - Started process (PID=50008) to work on /opt/airflow/dags/weather_dag.py
[2026-08-13T02:45:50.943+0000] {processor.py:914} INFO - Processing file /opt/airflow/dags/weather_dag.py for tasks to queue
[2026-08-13T02:45:50.945+0000] {logging_mixin.py:190} INFO - [2026-08-13T02:45:50.945+0000] {dagbag.py:588} INFO - Filling up the DagBag from /opt/airflow/dags/weather_dag.py
[2026-08-13T02:45:51.167+0000] {processor.py:925} INFO - DAG(s) 'weather_ingestion' retrieved from /opt/airflow/dags/weather_dag.py
[2026-08-13T02:45:51.178+0000] {logging_mixin.py:190} INFO - [2026-08-13T02:45:51.178+0000] {dag.py:3239} INFO - Sync 1 DAGs
[2026-08-13T02:45:51.189+0000] {logging_mixin.py:190} INFO - [2026-08-13T02:45:51.189+0000] {dag.py:4180} INFO - Setting next_dagrun for weather_ingestion to 2026-08-13 02:00:00+00:00, run_after=2026-08-13 03:00:00+00:00
[2026-08-13T02:45:51.195+0000] {processor.py:208} INFO - Processing /opt/airflow/dags/weather_dag.py took 0.263 seconds
[2026-08-13T02:46:21.369+0000] {processor.py:186} INFO - Started process (PID=50015) to work on /opt/airflow/dags/weather_dag.py
[2026-08-13T02:46:21.370+0000] {processor.py:914} INFO - Processing file /opt/airflow/dags/weather_dag.py for tasks to queue
[2026-08-13T02:46:21.376+0000] {logging_mixin.py:190} INFO - [2026-08-13T02:46:21.375+0000] {dagbag.py:588} INFO - Filling up the DagBag from /opt/airflow/dags/weather_dag.py
[2026-08-13T02:46:21.633+0000] {processor.py:925} INFO - DAG(s) 'weather_ingestion' retrieved from /opt/airflow/dags/weather_dag.py
[2026-08-13T02:46:21.647+0000] {logging_mixin.py:190} INFO - [2026-08-13T02:46:21.646+0000] {dag.py:3239} INFO - Sync 1 DAGs
[2026-08-13T02:46:21.657+0000] {logging_mixin.py:190} INFO - [2026-08-13T02:46:21.657+0000] {dag.py:4180} INFO - Setting next_dagrun for weather_ingestion to 2026-08-13 02:00:00+00:00, run_after=2026-08-13 03:00:00+00:00
[2026-08-13T02:46:21.664+0000] {processor.py:208} INFO - Processing /opt/airflow/dags/weather_dag.py took 0.310 seconds
[2026-08-13T02:46:51.874+0000] {processor.py:186} INFO - Started process (PID=50022) to work on /opt/airflow/dags/weather_dag.py
[2026-08-13T02:46:51.876+0000] {processor.py:914} INFO - Processing file /opt/airflow/dags/weather_dag.py for tasks to queue
[2026-08-13T02:46:51.878+0000] {logging_mixin.py:190} INFO - [2026-08-13T02:46:51.878+0000] {dagbag.py:588} INFO - Filling up the DagBag from /opt/airflow/dags/weather_dag.py
[2026-08-13T02:46:52.277+0000] {processor.py:925} INFO - DAG(s) 'weather_ingestion' retrieved from /opt/airflow/dags/weather_dag.py
[2026-08-13T02:46:52.299+0000] {logging_mixin.py:190} INFO - [2026-08-13T02:46:52.299+0000] {dag.py:3239} INFO - Sync 1 DAGs
[2026-08-13T02:46:52.315+0000] {logging_mixin.py:190} INFO - [2026-08-13T02:46:52.315+0000] {dag.py:4180} INFO - Setting next_dagrun for weather_ingestion to 2026-08-13 02:00:00+00:00, run_after=2026-08-13 03:00:00+00:00
[2026-08-13T02:46:52.324+0000] {processor.py:208} INFO - Processing /opt/airflow/dags/weather_dag.py took 0.462 seconds
[2026-08-13T02:47:22.660+0000] {processor.py:186} INFO - Started process (PID=50029) to work on /opt/airflow/dags/weather_dag.py
[2026-08-13T02:47:22.661+0000] {processor.py:914} INFO - Processing file /opt/airflow/dags/weather_dag.py for tasks to queue
[2026-08-13T02:47:22.664+0000] {logging_mixin.py:190} INFO - [2026-08-13T02:47:22.663+0000] {dagbag.py:588} INFO - Filling up the DagBag from /opt/airflow/dags/weather_dag.py
[2026-08-13T02:47:22.897+0000] {processor.py:925} INFO - DAG(s) 'weather_ingestion' retrieved from /opt/airflow/dags/weather_dag.py
[2026-08-13T02:47:22.910+0000] {logging_mixin.py:190} INFO - [2026-08-13T02:47:22.910+0000] {dag.py:3239} INFO - Sync 1 DAGs
[2026-08-13T02:47:22.921+0000] {logging_mixin.py:190} INFO - [2026-08-13T02:47:22.921+0000] {dag.py:4180} INFO - Setting next_dagrun for weather_ingestion to 2026-08-13 02:00:00+00:00, run_after=2026-08-13 03:00:00+00:00
[2026-08-13T02:47:22.929+0000] {processor.py:208} INFO - Processing /opt/airflow/dags/weather_dag.py took 0.277 seconds
[2026-08-13T02:47:53.065+0000] {processor.py:186} INFO - Started process (PID=50036) to work on /opt/airflow/dags/weather_dag.py
[2026-08-13T02:47:53.068+0000] {processor.py:914} INFO - Processing file /opt/airflow/dags/weather_dag.py for tasks to queue
[2026-08-13T02:47:53.075+0000] {logging_mixin.py:190} INFO - [2026-08-13T02:47:53.074+0000] {dagbag.py:588} INFO - Filling up the DagBag from /opt/airflow/dags/weather_dag.py
[2026-08-13T02:47:53.393+0000] {processor.py:925} INFO - DAG(s) 'weather_ingestion' retrieved from /opt/airflow/dags/weather_dag.py
[2026-08-13T02:47:53.406+0000] {logging_mixin.py:190} INFO - [2026-08-13T02:47:53.406+0000] {dag.py:3239} INFO - Sync 1 DAGs
[2026-08-13T02:47:53.417+0000] {logging_mixin.py:190} INFO - [2026-08-13T02:47:53.417+0000] {dag.py:4180} INFO - Setting next_dagrun for weather_ingestion to 2026-08-13 02:00:00+00:00, run_after=2026-08-13 03:00:00+00:00
[2026-08-13T02:47:53.424+0000] {processor.py:208} INFO - Processing /opt/airflow/dags/weather_dag.py took 0.376 seconds
[2026-08-13T02:48:23.721+0000] {processor.py:186} INFO - Started process (PID=50043) to work on /opt/airflow/dags/weather_dag.py
[2026-08-13T02:48:23.723+0000] {processor.py:914} INFO - Processing file /opt/airflow/dags/weather_dag.py for tasks to queue
[2026-08-13T02:48:23.725+0000] {logging_mixin.py:190} INFO - [2026-08-13T02:48:23.724+0000] {dagbag.py:588} INFO - Filling up the DagBag from /opt/airflow/dags/weather_dag.py
[2026-08-13T02:48:23.943+0000] {processor.py:925} INFO - DAG(s) 'weather_ingestion' retrieved from /opt/airflow/dags/weather_dag.py
[2026-08-13T02:48:23.960+0000] {logging_mixin.py:190} INFO - [2026-08-13T02:48:23.960+0000] {dag.py:3239} INFO - Sync 1 DAGs
[2026-08-13T02:48:23.973+0000] {logging_mixin.py:190} INFO - [2026-08-13T02:48:23.973+0000] {dag.py:4180} INFO - Setting next_dagrun for weather_ingestion to 2026-08-13 02:00:00+00:00, run_after=2026-08-13 03:00:00+00:00
[2026-08-13T02:48:23.981+0000] {processor.py:208} INFO - Processing /opt/airflow/dags/weather_dag.py took 0.265 seconds
[2026-08-13T02:48:54.064+0000] {processor.py:186} INFO - Started process (PID=50050) to work on /opt/airflow/dags/weather_dag.py
[2026-08-13T02:48:54.066+0000] {processor.py:914} INFO - Processing file /opt/airflow/dags/weather_dag.py for tasks to queue
[2026-08-13T02:48:54.070+0000] {logging_mixin.py:190} INFO - [2026-08-13T02:48:54.069+0000] {dagbag.py:588} INFO - Filling up the DagBag from /opt/airflow/dags/weather_dag.py
[2026-08-13T02:48:54.318+0000] {processor.py:925} INFO - DAG(s) 'weather_ingestion' retrieved from /opt/airflow/dags/weather_dag.py
[2026-08-13T02:48:54.331+0000] {logging_mixin.py:190} INFO - [2026-08-13T02:48:54.331+0000] {dag.py:3239} INFO - Sync 1 DAGs
[2026-08-13T02:48:54.343+0000] {logging_mixin.py:190} INFO - [2026-08-13T02:48:54.343+0000] {dag.py:4180} INFO - Setting next_dagrun for weather_ingestion to 2026-08-13 02:00:00+00:00, run_after=2026-08-13 03:00:00+00:00
[2026-08-13T02:48:54.351+0000] {processor.py:208} INFO - Processing /opt/airflow/dags/weather_dag.py took 0.297 seconds
[2026-08-13T02:49:24.669+0000] {processor.py:186} INFO - Started process (PID=50057) to work on /opt/airflow/dags/weather_dag.py
[2026-08-13T02:49:24.671+0000] {processor.py:914} INFO - Processing file /opt/airflow/dags/weather_dag.py for tasks to queue
[2026-08-13T02:49:24.674+0000] {logging_mixin.py:190} INFO - [2026-08-13T02:49:24.674+0000] {dagbag.py:588} INFO - Filling up the DagBag from /opt/airflow/dags/weather_dag.py
[2026-08-13T02:49:24.903+0000] {processor.py:925} INFO - DAG(s) 'weather_ingestion' retrieved from /opt/airflow/dags/weather_dag.py
[2026-08-13T02:49:24.915+0000] {logging_mixin.py:190} INFO - [2026-08-13T02:49:24.915+0000] {dag.py:3239} INFO - Sync 1 DAGs
[2026-08-13T02:49:24.925+0000] {logging_mixin.py:190} INFO - [2026-08-13T02:49:24.925+0000] {dag.py:4180} INFO - Setting next_dagrun for weather_ingestion to 2026-08-13 02:00:00+00:00, run_after=2026-08-13 03:00:00+00:00
[2026-08-13T02:49:24.931+0000] {processor.py:208} INFO - Processing /opt/airflow/dags/weather_dag.py took 0.272 seconds
[2026-08-13T02:49:54.996+0000] {processor.py:186} INFO - Started process (PID=50064) to work on /opt/airflow/dags/weather_dag.py
[2026-08-13T02:49:54.998+0000] {processor.py:914} INFO - Processing file /opt/airflow/dags/weather_dag.py for tasks to queue
[2026-08-13T02:49:55.003+0000] {logging_mixin.py:190} INFO - [2026-08-13T02:49:55.003+0000] {dagbag.py:588} INFO - Filling up the DagBag from /opt/airflow/dags/weather_dag.py
[2026-08-13T02:49:55.352+0000] {processor.py:925} INFO - DAG(s) 'weather_ingestion' retrieved from /opt/airflow/dags/weather_dag.py
[2026-08-13T02:49:55.376+0000] {logging_mixin.py:190} INFO - [2026-08-13T02:49:55.376+0000] {dag.py:3239} INFO - Sync 1 DAGs
[2026-08-13T02:49:55.390+0000] {logging_mixin.py:190} INFO - [2026-08-13T02:49:55.390+0000] {dag.py:4180} INFO - Setting next_dagrun for weather_ingestion to 2026-08-13 02:00:00+00:00, run_after=2026-08-13 03:00:00+00:00
[2026-08-13T02:49:55.399+0000] {processor.py:208} INFO - Processing /opt/airflow/dags/weather_dag.py took 0.423 seconds
[2026-08-13T02:50:25.740+0000] {processor.py:186} INFO - Started process (PID=50071) to work on /opt/airflow/dags/weather_dag.py
[2026-08-13T02:50:25.742+0000] {processor.py:914} INFO - Processing file /opt/airflow/dags/weather_dag.py for tasks to queue
[2026-08-13T02:50:25.746+0000] {logging_mixin.py:190} INFO - [2026-08-13T02:50:25.746+0000] {dagbag.py:588} INFO - Filling up the DagBag from /opt/airflow/dags/weather_dag.py
[2026-08-13T02:50:26.134+0000] {processor.py:925} INFO - DAG(s) 'weather_ingestion' retrieved from /opt/airflow/dags/weather_dag.py
[2026-08-13T02:50:26.156+0000] {logging_mixin.py:190} INFO - [2026-08-13T02:50:26.156+0000] {dag.py:3239} INFO - Sync 1 DAGs
[2026-08-13T02:50:26.173+0000] {logging_mixin.py:190} INFO - [2026-08-13T02:50:26.173+0000] {dag.py:4180} INFO - Setting next_dagrun for weather_ingestion to 2026-08-13 02:00:00+00:00, run_after=2026-08-13 03:00:00+00:00
[2026-08-13T02:50:26.184+0000] {processor.py:208} INFO - Processing /opt/airflow/dags/weather_dag.py took 0.455 seconds
[2026-08-13T02:50:56.541+0000] {processor.py:186} INFO - Started process (PID=50078) to work on /opt/airflow/dags/weather_dag.py
[2026-08-13T02:50:56.543+0000] {processor.py:914} INFO - Processing file /opt/airflow/dags/weather_dag.py for tasks to queue
[2026-08-13T02:50:56.545+0000] {logging_mixin.py:190} INFO - [2026-08-13T02:50:56.545+0000] {dagbag.py:588} INFO - Filling up the DagBag from /opt/airflow/dags/weather_dag.py
[2026-08-13T02:50:56.770+0000] {processor.py:925} INFO - DAG(s) 'weather_ingestion' retrieved from /opt/airflow/dags/weather_dag.py
[2026-08-13T02:50:56.783+0000] {logging_mixin.py:190} INFO - [2026-08-13T02:50:56.783+0000] {dag.py:3239} INFO - Sync 1 DAGs
[2026-08-13T02:50:56.798+0000] {logging_mixin.py:190} INFO - [2026-08-13T02:50:56.798+0000] {dag.py:4180} INFO - Setting next_dagrun for weather_ingestion to 2026-08-13 02:00:00+00:00, run_after=2026-08-13 03:00:00+00:00
[2026-08-13T02:50:56.814+0000] {processor.py:208} INFO - Processing /opt/airflow/dags/weather_dag.py took 0.280 seconds
[2026-08-13T02:51:26.920+0000] {processor.py:186} INFO - Started process (PID=50085) to work on /opt/airflow/dags/weather_dag.py
[2026-08-13T02:51:26.922+0000] {processor.py:914} INFO - Processing file /opt/airflow/dags/weather_dag.py for tasks to queue
[2026-08-13T02:51:26.925+0000] {logging_mixin.py:190} INFO - [2026-08-13T02:51:26.924+0000] {dagbag.py:588} INFO - Filling up the DagBag from /opt/airflow/dags/weather_dag.py
[2026-08-13T02:51:27.208+0000] {processor.py:925} INFO - DAG(s) 'weather_ingestion' retrieved from /opt/airflow/dags/weather_dag.py
[2026-08-13T02:51:27.225+0000] {logging_mixin.py:190} INFO - [2026-08-13T02:51:27.224+0000] {dag.py:3239} INFO - Sync 1 DAGs
[2026-08-13T02:51:27.241+0000] {logging_mixin.py:190} INFO - [2026-08-13T02:51:27.241+0000] {dag.py:4180} INFO - Setting next_dagrun for weather_ingestion to 2026-08-13 02:00:00+00:00, run_after=2026-08-13 03:00:00+00:00
[2026-08-13T02:51:27.250+0000] {processor.py:208} INFO - Processing /opt/airflow/dags/weather_dag.py took 0.340 seconds
[2026-08-13T02:51:57.349+0000] {processor.py:186} INFO - Started process (PID=50092) to work on /opt/airflow/dags/weather_dag.py
[2026-08-13T02:51:57.351+0000] {processor.py:914} INFO - Processing file /opt/airflow/dags/weather_dag.py for tasks to queue
[2026-08-13T02:51:57.353+0000] {logging_mixin.py:190} INFO - [2026-08-13T02:51:57.353+0000] {dagbag.py:588} INFO - Filling up the DagBag from /opt/airflow/dags/weather_dag.py
[2026-08-13T02:51:57.565+0000] {processor.py:925} INFO - DAG(s) 'weather_ingestion' retrieved from /opt/airflow/dags/weather_dag.py
[2026-08-13T02:51:57.578+0000] {logging_mixin.py:190} INFO - [2026-08-13T02:51:57.578+0000] {dag.py:3239} INFO - Sync 1 DAGs
[2026-08-13T02:51:57.587+0000] {logging_mixin.py:190} INFO - [2026-08-13T02:51:57.587+0000] {dag.py:4180} INFO - Setting next_dagrun for weather_ingestion to 2026-08-13 02:00:00+00:00, run_after=2026-08-13 03:00:00+00:00
[2026-08-13T02:51:57.594+0000] {processor.py:208} INFO - Processing /opt/airflow/dags/weather_dag.py took 0.249 seconds
[2026-08-13T02:52:27.951+0000] {processor.py:186} INFO - Started process (PID=50099) to work on /opt/airflow/dags/weather_dag.py
[2026-08-13T02:52:27.953+0000] {processor.py:914} INFO - Processing file /opt/airflow/dags/weather_dag.py for tasks to queue
[2026-08-13T02:52:27.955+0000] {logging_mixin.py:190} INFO - [2026-08-13T02:52:27.955+0000] {dagbag.py:588} INFO - Filling up the DagBag from /opt/airflow/dags/weather_dag.py
[2026-08-13T02:52:28.181+0000] {processor.py:925} INFO - DAG(s) 'weather_ingestion' retrieved from /opt/airflow/dags/weather_dag.py
[2026-08-13T02:52:28.194+0000] {logging_mixin.py:190} INFO - [2026-08-13T02:52:28.193+0000] {dag.py:3239} INFO - Sync 1 DAGs
[2026-08-13T02:52:28.204+0000] {logging_mixin.py:190} INFO - [2026-08-13T02:52:28.204+0000] {dag.py:4180} INFO - Setting next_dagrun for weather_ingestion to 2026-08-13 02:00:00+00:00, run_after=2026-08-13 03:00:00+00:00
[2026-08-13T02:52:28.212+0000] {processor.py:208} INFO - Processing /opt/airflow/dags/weather_dag.py took 0.266 seconds
[2026-08-13T02:52:58.287+0000] {processor.py:186} INFO - Started process (PID=50106) to work on /opt/airflow/dags/weather_dag.py
[2026-08-13T02:52:58.289+0000] {processor.py:914} INFO - Processing file /opt/airflow/dags/weather_dag.py for tasks to queue
[2026-08-13T02:52:58.291+0000] {logging_mixin.py:190} INFO - [2026-08-13T02:52:58.291+0000] {dagbag.py:588} INFO - Filling up the DagBag from /opt/airflow/dags/weather_dag.py
[2026-08-13T02:52:58.510+0000] {processor.py:925} INFO - DAG(s) 'weather_ingestion' retrieved from /opt/airflow/dags/weather_dag.py
[2026-08-13T02:52:58.523+0000] {logging_mixin.py:190} INFO - [2026-08-13T02:52:58.523+0000] {dag.py:3239} INFO - Sync 1 DAGs
[2026-08-13T02:52:58.533+0000] {logging_mixin.py:190} INFO - [2026-08-13T02:52:58.533+0000] {dag.py:4180} INFO - Setting next_dagrun for weather_ingestion to 2026-08-13 02:00:00+00:00, run_after=2026-08-13 03:00:00+00:00
[2026-08-13T02:52:58.540+0000] {processor.py:208} INFO - Processing /opt/airflow/dags/weather_dag.py took 0.257 seconds
[2026-08-13T02:53:28.936+0000] {processor.py:186} INFO - Started process (PID=50113) to work on /opt/airflow/dags/weather_dag.py
[2026-08-13T02:53:28.938+0000] {processor.py:914} INFO - Processing file /opt/airflow/dags/weather_dag.py for tasks to queue
[2026-08-13T02:53:28.942+0000] {logging_mixin.py:190} INFO - [2026-08-13T02:53:28.942+0000] {dagbag.py:588} INFO - Filling up the DagBag from /opt/airflow/dags/weather_dag.py
[2026-08-13T02:53:29.215+0000] {processor.py:925} INFO - DAG(s) 'weather_ingestion' retrieved from /opt/airflow/dags/weather_dag.py
[2026-08-13T02:53:29.230+0000] {logging_mixin.py:190} INFO - [2026-08-13T02:53:29.230+0000] {dag.py:3239} INFO - Sync 1 DAGs
[2026-08-13T02:53:29.242+0000] {logging_mixin.py:190} INFO - [2026-08-13T02:53:29.242+0000] {dag.py:4180} INFO - Setting next_dagrun for weather_ingestion to 2026-08-13 02:00:00+00:00, run_after=2026-08-13 03:00:00+00:00
[2026-08-13T02:53:29.250+0000] {processor.py:208} INFO - Processing /opt/airflow/dags/weather_dag.py took 0.324 seconds
[2026-08-13T02:53:59.294+0000] {processor.py:186} INFO - Started process (PID=50120) to work on /opt/airflow/dags/weather_dag.py
[2026-08-13T02:53:59.296+0000] {processor.py:914} INFO - Processing file /opt/airflow/dags/weather_dag.py for tasks to queue
[2026-08-13T02:53:59.299+0000] {logging_mixin.py:190} INFO - [2026-08-13T02:53:59.298+0000] {dagbag.py:588} INFO - Filling up the DagBag from /opt/airflow/dags/weather_dag.py
[2026-08-13T02:53:59.514+0000] {processor.py:925} INFO - DAG(s) 'weather_ingestion' retrieved from /opt/airflow/dags/weather_dag.py
[2026-08-13T02:53:59.526+0000] {logging_mixin.py:190} INFO - [2026-08-13T02:53:59.526+0000] {dag.py:3239} INFO - Sync 1 DAGs
[2026-08-13T02:53:59.538+0000] {logging_mixin.py:190} INFO - [2026-08-13T02:53:59.537+0000] {dag.py:4180} INFO - Setting next_dagrun for weather_ingestion to 2026-08-13 02:00:00+00:00, run_after=2026-08-13 03:00:00+00:00
[2026-08-13T02:53:59.544+0000] {processor.py:208} INFO - Processing /opt/airflow/dags/weather_dag.py took 0.258 seconds
[2026-08-13T02:54:29.606+0000] {processor.py:186} INFO - Started process (PID=50127) to work on /opt/airflow/dags/weather_dag.py
[2026-08-13T02:54:29.607+0000] {processor.py:914} INFO - Processing file /opt/airflow/dags/weather_dag.py for tasks to queue
[2026-08-13T02:54:29.609+0000] {logging_mixin.py:190} INFO - [2026-08-13T02:54:29.609+0000] {dagbag.py:588} INFO - Filling up the DagBag from /opt/airflow/dags/weather_dag.py
[2026-08-13T02:54:29.816+0000] {processor.py:925} INFO - DAG(s) 'weather_ingestion' retrieved from /opt/airflow/dags/weather_dag.py
[2026-08-13T02:54:29.828+0000] {logging_mixin.py:190} INFO - [2026-08-13T02:54:29.828+0000] {dag.py:3239} INFO - Sync 1 DAGs
[2026-08-13T02:54:29.839+0000] {logging_mixin.py:190} INFO - [2026-08-13T02:54:29.838+0000] {dag.py:4180} INFO - Setting next_dagrun for weather_ingestion to 2026-08-13 02:00:00+00:00, run_after=2026-08-13 03:00:00+00:00
[2026-08-13T02:54:29.845+0000] {processor.py:208} INFO - Processing /opt/airflow/dags/weather_dag.py took 0.244 seconds
[2026-08-13T02:55:00.242+0000] {processor.py:186} INFO - Started process (PID=50134) to work on /opt/airflow/dags/weather_dag.py
[2026-08-13T02:55:00.244+0000] {processor.py:914} INFO - Processing file /opt/airflow/dags/weather_dag.py for tasks to queue
[2026-08-13T02:55:00.246+0000] {logging_mixin.py:190} INFO - [2026-08-13T02:55:00.246+0000] {dagbag.py:588} INFO - Filling up the DagBag from /opt/airflow/dags/weather_dag.py
[2026-08-13T02:55:00.469+0000] {processor.py:925} INFO - DAG(s) 'weather_ingestion' retrieved from /opt/airflow/dags/weather_dag.py
[2026-08-13T02:55:00.482+0000] {logging_mixin.py:190} INFO - [2026-08-13T02:55:00.482+0000] {dag.py:3239} INFO - Sync 1 DAGs
[2026-08-13T02:55:00.493+0000] {logging_mixin.py:190} INFO - [2026-08-13T02:55:00.493+0000] {dag.py:4180} INFO - Setting next_dagrun for weather_ingestion to 2026-08-13 02:00:00+00:00, run_after=2026-08-13 03:00:00+00:00
[2026-08-13T02:55:00.499+0000] {processor.py:208} INFO - Processing /opt/airflow/dags/weather_dag.py took 0.265 seconds
[2026-08-13T02:55:30.653+0000] {processor.py:186} INFO - Started process (PID=50141) to work on /opt/airflow/dags/weather_dag.py
[2026-08-13T02:55:30.655+0000] {processor.py:914} INFO - Processing file /opt/airflow/dags/weather_dag.py for tasks to queue
[2026-08-13T02:55:30.657+0000] {logging_mixin.py:190} INFO - [2026-08-13T02:55:30.657+0000] {dagbag.py:588} INFO - Filling up the DagBag from /opt/airflow/dags/weather_dag.py
[2026-08-13T02:55:30.881+0000] {processor.py:925} INFO - DAG(s) 'weather_ingestion' retrieved from /opt/airflow/dags/weather_dag.py
[2026-08-13T02:55:30.892+0000] {logging_mixin.py:190} INFO - [2026-08-13T02:55:30.892+0000] {dag.py:3239} INFO - Sync 1 DAGs
[2026-08-13T02:55:30.901+0000] {logging_mixin.py:190} INFO - [2026-08-13T02:55:30.901+0000] {dag.py:4180} INFO - Setting next_dagrun for weather_ingestion to 2026-08-13 02:00:00+00:00, run_after=2026-08-13 03:00:00+00:00
[2026-08-13T02:55:30.907+0000] {processor.py:208} INFO - Processing /opt/airflow/dags/weather_dag.py took 0.262 seconds
[2026-08-13T02:56:01.307+0000] {processor.py:186} INFO - Started process (PID=50148) to work on /opt/airflow/dags/weather_dag.py
[2026-08-13T02:56:01.309+0000] {processor.py:914} INFO - Processing file /opt/airflow/dags/weather_dag.py for tasks to queue
[2026-08-13T02:56:01.314+0000] {logging_mixin.py:190} INFO - [2026-08-13T02:56:01.313+0000] {dagbag.py:588} INFO - Filling up the DagBag from /opt/airflow/dags/weather_dag.py
[2026-08-13T02:56:01.587+0000] {processor.py:925} INFO - DAG(s) 'weather_ingestion' retrieved from /opt/airflow/dags/weather_dag.py
[2026-08-13T02:56:01.602+0000] {logging_mixin.py:190} INFO - [2026-08-13T02:56:01.602+0000] {dag.py:3239} INFO - Sync 1 DAGs
[2026-08-13T02:56:01.614+0000] {logging_mixin.py:190} INFO - [2026-08-13T02:56:01.613+0000] {dag.py:4180} INFO - Setting next_dagrun for weather_ingestion to 2026-08-13 02:00:00+00:00, run_after=2026-08-13 03:00:00+00:00
[2026-08-13T02:56:01.621+0000] {processor.py:208} INFO - Processing /opt/airflow/dags/weather_dag.py took 0.323 seconds
[2026-08-13T02:56:31.690+0000] {processor.py:186} INFO - Started process (PID=50155) to work on /opt/airflow/dags/weather_dag.py
[2026-08-13T02:56:31.692+0000] {processor.py:914} INFO - Processing file /opt/airflow/dags/weather_dag.py for tasks to queue
[2026-08-13T02:56:31.695+0000] {logging_mixin.py:190} INFO - [2026-08-13T02:56:31.695+0000] {dagbag.py:588} INFO - Filling up the DagBag from /opt/airflow/dags/weather_dag.py
[2026-08-13T02:56:31.911+0000] {processor.py:925} INFO - DAG(s) 'weather_ingestion' retrieved from /opt/airflow/dags/weather_dag.py
[2026-08-13T02:56:31.924+0000] {logging_mixin.py:190} INFO - [2026-08-13T02:56:31.924+0000] {dag.py:3239} INFO - Sync 1 DAGs
[2026-08-13T02:56:31.937+0000] {logging_mixin.py:190} INFO - [2026-08-13T02:56:31.937+0000] {dag.py:4180} INFO - Setting next_dagrun for weather_ingestion to 2026-08-13 02:00:00+00:00, run_after=2026-08-13 03:00:00+00:00
[2026-08-13T02:56:31.943+0000] {processor.py:208} INFO - Processing /opt/airflow/dags/weather_dag.py took 0.260 seconds
[2026-08-13T02:57:02.055+0000] {processor.py:186} INFO - Started process (PID=50162) to work on /opt/airflow/dags/weather_dag.py
[2026-08-13T02:57:02.056+0000] {processor.py:914} INFO - Processing file /opt/airflow/dags/weather_dag.py for tasks to queue
[2026-08-13T02:57:02.059+0000] {logging_mixin.py:190} INFO - [2026-08-13T02:57:02.059+0000] {dagbag.py:588} INFO - Filling up the DagBag from /opt/airflow/dags/weather_dag.py
[2026-08-13T02:57:02.277+0000] {processor.py:925} INFO - DAG(s) 'weather_ingestion' retrieved from /opt/airflow/dags/weather_dag.py
[2026-08-13T02:57:02.289+0000] {logging_mixin.py:190} INFO - [2026-08-13T02:57:02.289+0000] {dag.py:3239} INFO - Sync 1 DAGs
[2026-08-13T02:57:02.299+0000] {logging_mixin.py:190} INFO - [2026-08-13T02:57:02.299+0000] {dag.py:4180} INFO - Setting next_dagrun for weather_ingestion to 2026-08-13 02:00:00+00:00, run_after=2026-08-13 03:00:00+00:00
[2026-08-13T02:57:02.306+0000] {processor.py:208} INFO - Processing /opt/airflow/dags/weather_dag.py took 0.257 seconds
[2026-08-13T02:57:32.363+0000] {processor.py:186} INFO - Started process (PID=50169) to work on /opt/airflow/dags/weather_dag.py
[2026-08-13T02:57:32.364+0000] {processor.py:914} INFO - Processing file /opt/airflow/dags/weather_dag.py for tasks to queue
[2026-08-13T02:57:32.366+0000] {logging_mixin.py:190} INFO - [2026-08-13T02:57:32.366+0000] {dagbag.py:588} INFO - Filling up the DagBag from /opt/airflow/dags/weather_dag.py
[2026-08-13T02:57:32.566+0000] {processor.py:925} INFO - DAG(s) 'weather_ingestion' retrieved from /opt/airflow/dags/weather_dag.py
[2026-08-13T02:57:32.578+0000] {logging_mixin.py:190} INFO - [2026-08-13T02:57:32.578+0000] {dag.py:3239} INFO - Sync 1 DAGs
[2026-08-13T02:57:32.589+0000] {logging_mixin.py:190} INFO - [2026-08-13T02:57:32.589+0000] {dag.py:4180} INFO - Setting next_dagrun for weather_ingestion to 2026-08-13 02:00:00+00:00, run_after=2026-08-13 03:00:00+00:00
[2026-08-13T02:57:32.596+0000] {processor.py:208} INFO - Processing /opt/airflow/dags/weather_dag.py took 0.237 seconds
[2026-08-13T02:58:02.671+0000] {processor.py:186} INFO - Started process (PID=50176) to work on /opt/airflow/dags/weather_dag.py
[2026-08-13T02:58:02.673+0000] {processor.py:914} INFO - Processing file /opt/airflow/dags/weather_dag.py for tasks to queue
[2026-08-13T02:58:02.676+0000] {logging_mixin.py:190} INFO - [2026-08-13T02:58:02.676+0000] {dagbag.py:588} INFO - Filling up the DagBag from /opt/airflow/dags/weather_dag.py
[2026-08-13T02:58:02.906+0000] {processor.py:925} INFO - DAG(s) 'weather_ingestion' retrieved from /opt/airflow/dags/weather_dag.py
[2026-08-13T02:58:02.918+0000] {logging_mixin.py:190} INFO - [2026-08-13T02:58:02.918+0000] {dag.py:3239} INFO - Sync 1 DAGs
[2026-08-13T02:58:02.928+0000] {logging_mixin.py:190} INFO - [2026-08-13T02:58:02.928+0000] {dag.py:4180} INFO - Setting next_dagrun for weather_ingestion to 2026-08-13 02:00:00+00:00, run_after=2026-08-13 03:00:00+00:00
[2026-08-13T02:58:02.935+0000] {processor.py:208} INFO - Processing /opt/airflow/dags/weather_dag.py took 0.271 seconds
[2026-08-13T02:58:33.360+0000] {processor.py:186} INFO - Started process (PID=50183) to work on /opt/airflow/dags/weather_dag.py
[2026-08-13T02:58:33.362+0000] {processor.py:914} INFO - Processing file /opt/airflow/dags/weather_dag.py for tasks to queue
[2026-08-13T02:58:33.364+0000] {logging_mixin.py:190} INFO - [2026-08-13T02:58:33.363+0000] {dagbag.py:588} INFO - Filling up the DagBag from /opt/airflow/dags/weather_dag.py
[2026-08-13T02:58:33.581+0000] {processor.py:925} INFO - DAG(s) 'weather_ingestion' retrieved from /opt/airflow/dags/weather_dag.py
[2026-08-13T02:58:33.592+0000] {logging_mixin.py:190} INFO - [2026-08-13T02:58:33.592+0000] {dag.py:3239} INFO - Sync 1 DAGs
[2026-08-13T02:58:33.601+0000] {logging_mixin.py:190} INFO - [2026-08-13T02:58:33.601+0000] {dag.py:4180} INFO - Setting next_dagrun for weather_ingestion to 2026-08-13 02:00:00+00:00, run_after=2026-08-13 03:00:00+00:00
[2026-08-13T02:58:33.608+0000] {processor.py:208} INFO - Processing /opt/airflow/dags/weather_dag.py took 0.254 seconds
[2026-08-13T02:59:03.725+0000] {processor.py:186} INFO - Started process (PID=50190) to work on /opt/airflow/dags/weather_dag.py
[2026-08-13T02:59:03.727+0000] {processor.py:914} INFO - Processing file /opt/airflow/dags/weather_dag.py for tasks to queue
[2026-08-13T02:59:03.728+0000] {logging_mixin.py:190} INFO - [2026-08-13T02:59:03.728+0000] {dagbag.py:588} INFO - Filling up the DagBag from /opt/airflow/dags/weather_dag.py
[2026-08-13T02:59:03.950+0000] {processor.py:925} INFO - DAG(s) 'weather_ingestion' retrieved from /opt/airflow/dags/weather_dag.py
[2026-08-13T02:59:03.962+0000] {logging_mixin.py:190} INFO - [2026-08-13T02:59:03.962+0000] {dag.py:3239} INFO - Sync 1 DAGs
[2026-08-13T02:59:03.972+0000] {logging_mixin.py:190} INFO - [2026-08-13T02:59:03.972+0000] {dag.py:4180} INFO - Setting next_dagrun for weather_ingestion to 2026-08-13 02:00:00+00:00, run_after=2026-08-13 03:00:00+00:00
[2026-08-13T02:59:03.979+0000] {processor.py:208} INFO - Processing /opt/airflow/dags/weather_dag.py took 0.259 seconds
[2026-08-13T02:59:34.374+0000] {processor.py:186} INFO - Started process (PID=50197) to work on /opt/airflow/dags/weather_dag.py
[2026-08-13T02:59:34.376+0000] {processor.py:914} INFO - Processing file /opt/airflow/dags/weather_dag.py for tasks to queue
[2026-08-13T02:59:34.378+0000] {logging_mixin.py:190} INFO - [2026-08-13T02:59:34.378+0000] {dagbag.py:588} INFO - Filling up the DagBag from /opt/airflow/dags/weather_dag.py
[2026-08-13T02:59:34.596+0000] {processor.py:925} INFO - DAG(s) 'weather_ingestion' retrieved from /opt/airflow/dags/weather_dag.py
[2026-08-13T02:59:34.607+0000] {logging_mixin.py:190} INFO - [2026-08-13T02:59:34.607+0000] {dag.py:3239} INFO - Sync 1 DAGs
[2026-08-13T02:59:34.617+0000] {logging_mixin.py:190} INFO - [2026-08-13T02:59:34.617+0000] {dag.py:4180} INFO - Setting next_dagrun for weather_ingestion to 2026-08-13 02:00:00+00:00, run_after=2026-08-13 03:00:00+00:00
[2026-08-13T02:59:34.623+0000] {processor.py:208} INFO - Processing /opt/airflow/dags/weather_dag.py took 0.255 seconds
[2026-08-13T03:00:04.718+0000] {processor.py:186} INFO - Started process (PID=50209) to work on /opt/airflow/dags/weather_dag.py
[2026-08-13T03:00:04.719+0000] {processor.py:914} INFO - Processing file /opt/airflow/dags/weather_dag.py for tasks to queue
[2026-08-13T03:00:04.722+0000] {logging_mixin.py:190} INFO - [2026-08-13T03:00:04.722+0000] {dagbag.py:588} INFO - Filling up the DagBag from /opt/airflow/dags/weather_dag.py
[2026-08-13T03:00:04.947+0000] {processor.py:925} INFO - DAG(s) 'weather_ingestion' retrieved from /opt/airflow/dags/weather_dag.py
[2026-08-13T03:00:04.961+0000] {logging_mixin.py:190} INFO - [2026-08-13T03:00:04.961+0000] {dag.py:3239} INFO - Sync 1 DAGs
[2026-08-13T03:00:04.974+0000] {logging_mixin.py:190} INFO - [2026-08-13T03:00:04.974+0000] {dag.py:4180} INFO - Setting next_dagrun for weather_ingestion to 2026-08-13 03:00:00+00:00, run_after=2026-08-13 04:00:00+00:00
[2026-08-13T03:00:04.982+0000] {processor.py:208} INFO - Processing /opt/airflow/dags/weather_dag.py took 0.298 seconds
[2026-08-13T03:00:35.337+0000] {processor.py:186} INFO - Started process (PID=50216) to work on /opt/airflow/dags/weather_dag.py
[2026-08-13T03:00:35.339+0000] {processor.py:914} INFO - Processing file /opt/airflow/dags/weather_dag.py for tasks to queue
[2026-08-13T03:00:35.342+0000] {logging_mixin.py:190} INFO - [2026-08-13T03:00:35.342+0000] {dagbag.py:588} INFO - Filling up the DagBag from /opt/airflow/dags/weather_dag.py
[2026-08-13T03:00:35.569+0000] {processor.py:925} INFO - DAG(s) 'weather_ingestion' retrieved from /opt/airflow/dags/weather_dag.py
[2026-08-13T03:00:35.582+0000] {logging_mixin.py:190} INFO - [2026-08-13T03:00:35.582+0000] {dag.py:3239} INFO - Sync 1 DAGs
[2026-08-13T03:00:35.591+0000] {logging_mixin.py:190} INFO - [2026-08-13T03:00:35.591+0000] {dag.py:4180} INFO - Setting next_dagrun for weather_ingestion to 2026-08-13 03:00:00+00:00, run_after=2026-08-13 04:00:00+00:00
[2026-08-13T03:00:35.598+0000] {processor.py:208} INFO - Processing /opt/airflow/dags/weather_dag.py took 0.268 seconds
[2026-08-13T03:01:05.683+0000] {processor.py:186} INFO - Started process (PID=50223) to work on /opt/airflow/dags/weather_dag.py
[2026-08-13T03:01:05.685+0000] {processor.py:914} INFO - Processing file /opt/airflow/dags/weather_dag.py for tasks to queue
[2026-08-13T03:01:05.688+0000] {logging_mixin.py:190} INFO - [2026-08-13T03:01:05.688+0000] {dagbag.py:588} INFO - Filling up the DagBag from /opt/airflow/dags/weather_dag.py
[2026-08-13T03:01:05.908+0000] {processor.py:925} INFO - DAG(s) 'weather_ingestion' retrieved from /opt/airflow/dags/weather_dag.py
[2026-08-13T03:01:05.921+0000] {logging_mixin.py:190} INFO - [2026-08-13T03:01:05.921+0000] {dag.py:3239} INFO - Sync 1 DAGs
[2026-08-13T03:01:05.931+0000] {logging_mixin.py:190} INFO - [2026-08-13T03:01:05.931+0000] {dag.py:4180} INFO - Setting next_dagrun for weather_ingestion to 2026-08-13 03:00:00+00:00, run_after=2026-08-13 04:00:00+00:00
[2026-08-13T03:01:05.937+0000] {processor.py:208} INFO - Processing /opt/airflow/dags/weather_dag.py took 0.262 seconds
[2026-08-13T03:01:36.317+0000] {processor.py:186} INFO - Started process (PID=50230) to work on /opt/airflow/dags/weather_dag.py
[2026-08-13T03:01:36.319+0000] {processor.py:914} INFO - Processing file /opt/airflow/dags/weather_dag.py for tasks to queue
[2026-08-13T03:01:36.322+0000] {logging_mixin.py:190} INFO - [2026-08-13T03:01:36.321+0000] {dagbag.py:588} INFO - Filling up the DagBag from /opt/airflow/dags/weather_dag.py
[2026-08-13T03:01:36.572+0000] {processor.py:925} INFO - DAG(s) 'weather_ingestion' retrieved from /opt/airflow/dags/weather_dag.py
[2026-08-13T03:01:36.585+0000] {logging_mixin.py:190} INFO - [2026-08-13T03:01:36.585+0000] {dag.py:3239} INFO - Sync 1 DAGs
[2026-08-13T03:01:36.595+0000] {logging_mixin.py:190} INFO - [2026-08-13T03:01:36.595+0000] {dag.py:4180} INFO - Setting next_dagrun for weather_ingestion to 2026-08-13 03:00:00+00:00, run_after=2026-08-13 04:00:00+00:00
[2026-08-13T03:01:36.602+0000] {processor.py:208} INFO - Processing /opt/airflow/dags/weather_dag.py took 0.292 seconds
[2026-08-13T03:02:06.700+0000] {processor.py:186} INFO - Started process (PID=50242) to work on /opt/airflow/dags/weather_dag.py
[2026-08-13T03:02:06.703+0000] {processor.py:914} INFO - Processing file /opt/airflow/dags/weather_dag.py for tasks to queue
[2026-08-13T03:02:06.707+0000] {logging_mixin.py:190} INFO - [2026-08-13T03:02:06.707+0000] {dagbag.py:588} INFO - Filling up the DagBag from /opt/airflow/dags/weather_dag.py
[2026-08-13T03:02:06.958+0000] {processor.py:925} INFO - DAG(s) 'weather_ingestion' retrieved from /opt/airflow/dags/weather_dag.py
[2026-08-13T03:02:06.973+0000] {logging_mixin.py:190} INFO - [2026-08-13T03:02:06.972+0000] {dag.py:3239} INFO - Sync 1 DAGs
[2026-08-13T03:02:06.986+0000] {logging_mixin.py:190} INFO - [2026-08-13T03:02:06.986+0000] {dag.py:4180} INFO - Setting next_dagrun for weather_ingestion to 2026-08-13 03:00:00+00:00, run_after=2026-08-13 04:00:00+00:00
[2026-08-13T03:02:06.993+0000] {processor.py:208} INFO - Processing /opt/airflow/dags/weather_dag.py took 0.305 seconds
[2026-08-13T03:02:37.144+0000] {processor.py:186} INFO - Started process (PID=50249) to work on /opt/airflow/dags/weather_dag.py
[2026-08-13T03:02:37.147+0000] {processor.py:914} INFO - Processing file /opt/airflow/dags/weather_dag.py for tasks to queue
[2026-08-13T03:02:37.149+0000] {logging_mixin.py:190} INFO - [2026-08-13T03:02:37.148+0000] {dagbag.py:588} INFO - Filling up the DagBag from /opt/airflow/dags/weather_dag.py
[2026-08-13T03:02:37.362+0000] {processor.py:925} INFO - DAG(s) 'weather_ingestion' retrieved from /opt/airflow/dags/weather_dag.py
[2026-08-13T03:02:37.373+0000] {logging_mixin.py:190} INFO - [2026-08-13T03:02:37.372+0000] {dag.py:3239} INFO - Sync 1 DAGs
[2026-08-13T03:02:37.382+0000] {logging_mixin.py:190} INFO - [2026-08-13T03:02:37.382+0000] {dag.py:4180} INFO - Setting next_dagrun for weather_ingestion to 2026-08-13 03:00:00+00:00, run_after=2026-08-13 04:00:00+00:00
[2026-08-13T03:02:37.389+0000] {processor.py:208} INFO - Processing /opt/airflow/dags/weather_dag.py took 0.252 seconds
[2026-08-13T03:03:07.658+0000] {processor.py:186} INFO - Started process (PID=50256) to work on /opt/airflow/dags/weather_dag.py
[2026-08-13T03:03:07.660+0000] {processor.py:914} INFO - Processing file /opt/airflow/dags/weather_dag.py for tasks to queue
[2026-08-13T03:03:07.662+0000] {logging_mixin.py:190} INFO - [2026-08-13T03:03:07.662+0000] {dagbag.py:588} INFO - Filling up the DagBag from /opt/airflow/dags/weather_dag.py
[2026-08-13T03:03:07.874+0000] {processor.py:925} INFO - DAG(s) 'weather_ingestion' retrieved from /opt/airflow/dags/weather_dag.py
[2026-08-13T03:03:07.885+0000] {logging_mixin.py:190} INFO - [2026-08-13T03:03:07.885+0000] {dag.py:3239} INFO - Sync 1 DAGs
[2026-08-13T03:03:07.895+0000] {logging_mixin.py:190} INFO - [2026-08-13T03:03:07.895+0000] {dag.py:4180} INFO - Setting next_dagrun for weather_ingestion to 2026-08-13 03:00:00+00:00, run_after=2026-08-13 04:00:00+00:00
[2026-08-13T03:03:07.901+0000] {processor.py:208} INFO - Processing /opt/airflow/dags/weather_dag.py took 0.252 seconds
[2026-08-13T03:03:38.111+0000] {processor.py:186} INFO - Started process (PID=50263) to work on /opt/airflow/dags/weather_dag.py
[2026-08-13T03:03:38.112+0000] {processor.py:914} INFO - Processing file /opt/airflow/dags/weather_dag.py for tasks to queue
[2026-08-13T03:03:38.114+0000] {logging_mixin.py:190} INFO - [2026-08-13T03:03:38.114+0000] {dagbag.py:588} INFO - Filling up the DagBag from /opt/airflow/dags/weather_dag.py
[2026-08-13T03:03:38.352+0000] {processor.py:925} INFO - DAG(s) 'weather_ingestion' retrieved from /opt/airflow/dags/weather_dag.py
[2026-08-13T03:03:38.365+0000] {logging_mixin.py:190} INFO - [2026-08-13T03:03:38.364+0000] {dag.py:3239} INFO - Sync 1 DAGs
[2026-08-13T03:03:38.374+0000] {logging_mixin.py:190} INFO - [2026-08-13T03:03:38.374+0000] {dag.py:4180} INFO - Setting next_dagrun for weather_ingestion to 2026-08-13 03:00:00+00:00, run_after=2026-08-13 04:00:00+00:00
[2026-08-13T03:03:38.380+0000] {processor.py:208} INFO - Processing /opt/airflow/dags/weather_dag.py took 0.276 seconds
[2026-08-13T03:04:08.555+0000] {processor.py:186} INFO - Started process (PID=50270) to work on /opt/airflow/dags/weather_dag.py
[2026-08-13T03:04:08.557+0000] {processor.py:914} INFO - Processing file /opt/airflow/dags/weather_dag.py for tasks to queue
[2026-08-13T03:04:08.560+0000] {logging_mixin.py:190} INFO - [2026-08-13T03:04:08.559+0000] {dagbag.py:588} INFO - Filling up the DagBag from /opt/airflow/dags/weather_dag.py
[2026-08-13T03:04:08.782+0000] {processor.py:925} INFO - DAG(s) 'weather_ingestion' retrieved from /opt/airflow/dags/weather_dag.py
[2026-08-13T03:04:08.793+0000] {logging_mixin.py:190} INFO - [2026-08-13T03:04:08.793+0000] {dag.py:3239} INFO - Sync 1 DAGs
[2026-08-13T03:04:08.802+0000] {logging_mixin.py:190} INFO - [2026-08-13T03:04:08.802+0000] {dag.py:4180} INFO - Setting next_dagrun for weather_ingestion to 2026-08-13 03:00:00+00:00, run_after=2026-08-13 04:00:00+00:00
[2026-08-13T03:04:08.809+0000] {processor.py:208} INFO - Processing /opt/airflow/dags/weather_dag.py took 0.260 seconds
[2026-08-13T03:04:39.105+0000] {processor.py:186} INFO - Started process (PID=50277) to work on /opt/airflow/dags/weather_dag.py
[2026-08-13T03:04:39.106+0000] {processor.py:914} INFO - Processing file /opt/airflow/dags/weather_dag.py for tasks to queue
[2026-08-13T03:04:39.108+0000] {logging_mixin.py:190} INFO - [2026-08-13T03:04:39.108+0000] {dagbag.py:588} INFO - Filling up the DagBag from /opt/airflow/dags/weather_dag.py
[2026-08-13T03:04:39.329+0000] {processor.py:925} INFO - DAG(s) 'weather_ingestion' retrieved from /opt/airflow/dags/weather_dag.py
[2026-08-13T03:04:39.340+0000] {logging_mixin.py:190} INFO - [2026-08-13T03:04:39.340+0000] {dag.py:3239} INFO - Sync 1 DAGs
[2026-08-13T03:04:39.349+0000] {logging_mixin.py:190} INFO - [2026-08-13T03:04:39.349+0000] {dag.py:4180} INFO - Setting next_dagrun for weather_ingestion to 2026-08-13 03:00:00+00:00, run_after=2026-08-13 04:00:00+00:00
[2026-08-13T03:04:39.356+0000] {processor.py:208} INFO - Processing /opt/airflow/dags/weather_dag.py took 0.257 seconds
[2026-08-13T03:05:09.439+0000] {processor.py:186} INFO - Started process (PID=50284) to work on /opt/airflow/dags/weather_dag.py
[2026-08-13T03:05:09.441+0000] {processor.py:914} INFO - Processing file /opt/airflow/dags/weather_dag.py for tasks to queue
[2026-08-13T03:05:09.443+0000] {logging_mixin.py:190} INFO - [2026-08-13T03:05:09.443+0000] {dagbag.py:588} INFO - Filling up the DagBag from /opt/airflow/dags/weather_dag.py
[2026-08-13T03:05:09.688+0000] {processor.py:925} INFO - DAG(s) 'weather_ingestion' retrieved from /opt/airflow/dags/weather_dag.py
[2026-08-13T03:05:09.700+0000] {logging_mixin.py:190} INFO - [2026-08-13T03:05:09.700+0000] {dag.py:3239} INFO - Sync 1 DAGs
[2026-08-13T03:05:09.711+0000] {logging_mixin.py:190} INFO - [2026-08-13T03:05:09.711+0000] {dag.py:4180} INFO - Setting next_dagrun for weather_ingestion to 2026-08-13 03:00:00+00:00, run_after=2026-08-13 04:00:00+00:00
[2026-08-13T03:05:09.718+0000] {processor.py:208} INFO - Processing /opt/airflow/dags/weather_dag.py took 0.286 seconds
[2026-08-13T03:05:40.044+0000] {processor.py:186} INFO - Started process (PID=50291) to work on /opt/airflow/dags/weather_dag.py
[2026-08-13T03:05:40.046+0000] {processor.py:914} INFO - Processing file /opt/airflow/dags/weather_dag.py for tasks to queue
[2026-08-13T03:05:40.052+0000] {logging_mixin.py:190} INFO - [2026-08-13T03:05:40.051+0000] {dagbag.py:588} INFO - Filling up the DagBag from /opt/airflow/dags/weather_dag.py
[2026-08-13T03:05:40.418+0000] {processor.py:925} INFO - DAG(s) 'weather_ingestion' retrieved from /opt/airflow/dags/weather_dag.py
[2026-08-13T03:05:40.437+0000] {logging_mixin.py:190} INFO - [2026-08-13T03:05:40.436+0000] {dag.py:3239} INFO - Sync 1 DAGs
[2026-08-13T03:05:40.453+0000] {logging_mixin.py:190} INFO - [2026-08-13T03:05:40.452+0000] {dag.py:4180} INFO - Setting next_dagrun for weather_ingestion to 2026-08-13 03:00:00+00:00, run_after=2026-08-13 04:00:00+00:00
[2026-08-13T03:05:40.462+0000] {processor.py:208} INFO - Processing /opt/airflow/dags/weather_dag.py took 0.429 seconds
[2026-08-13T03:06:10.907+0000] {processor.py:186} INFO - Started process (PID=50298) to work on /opt/airflow/dags/weather_dag.py
[2026-08-13T03:06:10.910+0000] {processor.py:914} INFO - Processing file /opt/airflow/dags/weather_dag.py for tasks to queue
[2026-08-13T03:06:10.913+0000] {logging_mixin.py:190} INFO - [2026-08-13T03:06:10.913+0000] {dagbag.py:588} INFO - Filling up the DagBag from /opt/airflow/dags/weather_dag.py
[2026-08-13T03:06:11.190+0000] {processor.py:925} INFO - DAG(s) 'weather_ingestion' retrieved from /opt/airflow/dags/weather_dag.py
[2026-08-13T03:06:11.205+0000] {logging_mixin.py:190} INFO - [2026-08-13T03:06:11.204+0000] {dag.py:3239} INFO - Sync 1 DAGs
[2026-08-13T03:06:11.216+0000] {logging_mixin.py:190} INFO - [2026-08-13T03:06:11.216+0000] {dag.py:4180} INFO - Setting next_dagrun for weather_ingestion to 2026-08-13 03:00:00+00:00, run_after=2026-08-13 04:00:00+00:00
[2026-08-13T03:06:11.223+0000] {processor.py:208} INFO - Processing /opt/airflow/dags/weather_dag.py took 0.330 seconds
[2026-08-13T03:06:41.628+0000] {processor.py:186} INFO - Started process (PID=50305) to work on /opt/airflow/dags/weather_dag.py
[2026-08-13T03:06:41.630+0000] {processor.py:914} INFO - Processing file /opt/airflow/dags/weather_dag.py for tasks to queue
[2026-08-13T03:06:41.633+0000] {logging_mixin.py:190} INFO - [2026-08-13T03:06:41.633+0000] {dagbag.py:588} INFO - Filling up the DagBag from /opt/airflow/dags/weather_dag.py
[2026-08-13T03:06:41.879+0000] {processor.py:925} INFO - DAG(s) 'weather_ingestion' retrieved from /opt/airflow/dags/weather_dag.py
[2026-08-13T03:06:41.891+0000] {logging_mixin.py:190} INFO - [2026-08-13T03:06:41.891+0000] {dag.py:3239} INFO - Sync 1 DAGs
[2026-08-13T03:06:41.901+0000] {logging_mixin.py:190} INFO - [2026-08-13T03:06:41.901+0000] {dag.py:4180} INFO - Setting next_dagrun for weather_ingestion to 2026-08-13 03:00:00+00:00, run_after=2026-08-13 04:00:00+00:00
[2026-08-13T03:06:41.908+0000] {processor.py:208} INFO - Processing /opt/airflow/dags/weather_dag.py took 0.292 seconds
[2026-08-13T03:07:12.023+0000] {processor.py:186} INFO - Started process (PID=50312) to work on /opt/airflow/dags/weather_dag.py
[2026-08-13T03:07:12.025+0000] {processor.py:914} INFO - Processing file /opt/airflow/dags/weather_dag.py for tasks to queue
[2026-08-13T03:07:12.027+0000] {logging_mixin.py:190} INFO - [2026-08-13T03:07:12.027+0000] {dagbag.py:588} INFO - Filling up the DagBag from /opt/airflow/dags/weather_dag.py
[2026-08-13T03:07:12.303+0000] {processor.py:925} INFO - DAG(s) 'weather_ingestion' retrieved from /opt/airflow/dags/weather_dag.py
[2026-08-13T03:07:12.319+0000] {logging_mixin.py:190} INFO - [2026-08-13T03:07:12.319+0000] {dag.py:3239} INFO - Sync 1 DAGs
[2026-08-13T03:07:12.331+0000] {logging_mixin.py:190} INFO - [2026-08-13T03:07:12.331+0000] {dag.py:4180} INFO - Setting next_dagrun for weather_ingestion to 2026-08-13 03:00:00+00:00, run_after=2026-08-13 04:00:00+00:00
[2026-08-13T03:07:12.339+0000] {processor.py:208} INFO - Processing /opt/airflow/dags/weather_dag.py took 0.324 seconds
[2026-08-13T03:07:42.763+0000] {processor.py:186} INFO - Started process (PID=50319) to work on /opt/airflow/dags/weather_dag.py
[2026-08-13T03:07:42.765+0000] {processor.py:914} INFO - Processing file /opt/airflow/dags/weather_dag.py for tasks to queue
[2026-08-13T03:07:42.768+0000] {logging_mixin.py:190} INFO - [2026-08-13T03:07:42.767+0000] {dagbag.py:588} INFO - Filling up the DagBag from /opt/airflow/dags/weather_dag.py
[2026-08-13T03:07:42.985+0000] {processor.py:925} INFO - DAG(s) 'weather_ingestion' retrieved from /opt/airflow/dags/weather_dag.py
[2026-08-13T03:07:42.997+0000] {logging_mixin.py:190} INFO - [2026-08-13T03:07:42.996+0000] {dag.py:3239} INFO - Sync 1 DAGs
[2026-08-13T03:07:43.006+0000] {logging_mixin.py:190} INFO - [2026-08-13T03:07:43.006+0000] {dag.py:4180} INFO - Setting next_dagrun for weather_ingestion to 2026-08-13 03:00:00+00:00, run_after=2026-08-13 04:00:00+00:00
[2026-08-13T03:07:43.013+0000] {processor.py:208} INFO - Processing /opt/airflow/dags/weather_dag.py took 0.258 seconds
[2026-08-13T03:08:13.191+0000] {processor.py:186} INFO - Started process (PID=50326) to work on /opt/airflow/dags/weather_dag.py
[2026-08-13T03:08:13.193+0000] {processor.py:914} INFO - Processing file /opt/airflow/dags/weather_dag.py for tasks to queue
[2026-08-13T03:08:13.196+0000] {logging_mixin.py:190} INFO - [2026-08-13T03:08:13.195+0000] {dagbag.py:588} INFO - Filling up the DagBag from /opt/airflow/dags/weather_dag.py
[2026-08-13T03:08:13.428+0000] {processor.py:925} INFO - DAG(s) 'weather_ingestion' retrieved from /opt/airflow/dags/weather_dag.py
[2026-08-13T03:08:13.442+0000] {logging_mixin.py:190} INFO - [2026-08-13T03:08:13.442+0000] {dag.py:3239} INFO - Sync 1 DAGs
[2026-08-13T03:08:13.453+0000] {logging_mixin.py:190} INFO - [2026-08-13T03:08:13.453+0000] {dag.py:4180} INFO - Setting next_dagrun for weather_ingestion to 2026-08-13 03:00:00+00:00, run_after=2026-08-13 04:00:00+00:00
[2026-08-13T03:08:13.460+0000] {processor.py:208} INFO - Processing /opt/airflow/dags/weather_dag.py took 0.278 seconds
[2026-08-13T03:08:43.502+0000] {processor.py:186} INFO - Started process (PID=50333) to work on /opt/airflow/dags/weather_dag.py
[2026-08-13T03:08:43.504+0000] {processor.py:914} INFO - Processing file /opt/airflow/dags/weather_dag.py for tasks to queue
[2026-08-13T03:08:43.506+0000] {logging_mixin.py:190} INFO - [2026-08-13T03:08:43.506+0000] {dagbag.py:588} INFO - Filling up the DagBag from /opt/airflow/dags/weather_dag.py
[2026-08-13T03:08:43.718+0000] {processor.py:925} INFO - DAG(s) 'weather_ingestion' retrieved from /opt/airflow/dags/weather_dag.py
[2026-08-13T03:08:43.730+0000] {logging_mixin.py:190} INFO - [2026-08-13T03:08:43.730+0000] {dag.py:3239} INFO - Sync 1 DAGs
[2026-08-13T03:08:43.741+0000] {logging_mixin.py:190} INFO - [2026-08-13T03:08:43.741+0000] {dag.py:4180} INFO - Setting next_dagrun for weather_ingestion to 2026-08-13 03:00:00+00:00, run_after=2026-08-13 04:00:00+00:00
[2026-08-13T03:08:43.748+0000] {processor.py:208} INFO - Processing /opt/airflow/dags/weather_dag.py took 0.253 seconds
[2026-08-13T03:09:13.831+0000] {processor.py:186} INFO - Started process (PID=50340) to work on /opt/airflow/dags/weather_dag.py
[2026-08-13T03:09:13.833+0000] {processor.py:914} INFO - Processing file /opt/airflow/dags/weather_dag.py for tasks to queue
[2026-08-13T03:09:13.836+0000] {logging_mixin.py:190} INFO - [2026-08-13T03:09:13.835+0000] {dagbag.py:588} INFO - Filling up the DagBag from /opt/airflow/dags/weather_dag.py
[2026-08-13T03:09:14.051+0000] {processor.py:925} INFO - DAG(s) 'weather_ingestion' retrieved from /opt/airflow/dags/weather_dag.py
[2026-08-13T03:09:14.063+0000] {logging_mixin.py:190} INFO - [2026-08-13T03:09:14.063+0000] {dag.py:3239} INFO - Sync 1 DAGs
[2026-08-13T03:09:14.072+0000] {logging_mixin.py:190} INFO - [2026-08-13T03:09:14.072+0000] {dag.py:4180} INFO - Setting next_dagrun for weather_ingestion to 2026-08-13 03:00:00+00:00, run_after=2026-08-13 04:00:00+00:00
[2026-08-13T03:09:14.079+0000] {processor.py:208} INFO - Processing /opt/airflow/dags/weather_dag.py took 0.254 seconds
[2026-08-13T03:09:44.208+0000] {processor.py:186} INFO - Started process (PID=50347) to work on /opt/airflow/dags/weather_dag.py
[2026-08-13T03:09:44.210+0000] {processor.py:914} INFO - Processing file /opt/airflow/dags/weather_dag.py for tasks to queue
[2026-08-13T03:09:44.213+0000] {logging_mixin.py:190} INFO - [2026-08-13T03:09:44.212+0000] {dagbag.py:588} INFO - Filling up the DagBag from /opt/airflow/dags/weather_dag.py
[2026-08-13T03:09:44.438+0000] {processor.py:925} INFO - DAG(s) 'weather_ingestion' retrieved from /opt/airflow/dags/weather_dag.py
[2026-08-13T03:09:44.450+0000] {logging_mixin.py:190} INFO - [2026-08-13T03:09:44.450+0000] {dag.py:3239} INFO - Sync 1 DAGs
[2026-08-13T03:09:44.460+0000] {logging_mixin.py:190} INFO - [2026-08-13T03:09:44.460+0000] {dag.py:4180} INFO - Setting next_dagrun for weather_ingestion to 2026-08-13 03:00:00+00:00, run_after=2026-08-13 04:00:00+00:00
[2026-08-13T03:09:44.468+0000] {processor.py:208} INFO - Processing /opt/airflow/dags/weather_dag.py took 0.267 seconds
[2026-08-13T03:10:14.818+0000] {processor.py:186} INFO - Started process (PID=50354) to work on /opt/airflow/dags/weather_dag.py
[2026-08-13T03:10:14.819+0000] {processor.py:914} INFO - Processing file /opt/airflow/dags/weather_dag.py for tasks to queue
[2026-08-13T03:10:14.823+0000] {logging_mixin.py:190} INFO - [2026-08-13T03:10:14.823+0000] {dagbag.py:588} INFO - Filling up the DagBag from /opt/airflow/dags/weather_dag.py
[2026-08-13T03:10:15.139+0000] {processor.py:925} INFO - DAG(s) 'weather_ingestion' retrieved from /opt/airflow/dags/weather_dag.py
[2026-08-13T03:10:15.154+0000] {logging_mixin.py:190} INFO - [2026-08-13T03:10:15.153+0000] {dag.py:3239} INFO - Sync 1 DAGs
[2026-08-13T03:10:15.165+0000] {logging_mixin.py:190} INFO - [2026-08-13T03:10:15.165+0000] {dag.py:4180} INFO - Setting next_dagrun for weather_ingestion to 2026-08-13 03:00:00+00:00, run_after=2026-08-13 04:00:00+00:00
[2026-08-13T03:10:15.173+0000] {processor.py:208} INFO - Processing /opt/airflow/dags/weather_dag.py took 0.364 seconds
[2026-08-13T03:10:45.258+0000] {processor.py:186} INFO - Started process (PID=50361) to work on /opt/airflow/dags/weather_dag.py
[2026-08-13T03:10:45.260+0000] {processor.py:914} INFO - Processing file /opt/airflow/dags/weather_dag.py for tasks to queue
[2026-08-13T03:10:45.264+0000] {logging_mixin.py:190} INFO - [2026-08-13T03:10:45.263+0000] {dagbag.py:588} INFO - Filling up the DagBag from /opt/airflow/dags/weather_dag.py
[2026-08-13T03:10:45.509+0000] {processor.py:925} INFO - DAG(s) 'weather_ingestion' retrieved from /opt/airflow/dags/weather_dag.py
[2026-08-13T03:10:45.523+0000] {logging_mixin.py:190} INFO - [2026-08-13T03:10:45.523+0000] {dag.py:3239} INFO - Sync 1 DAGs
[2026-08-13T03:10:45.535+0000] {logging_mixin.py:190} INFO - [2026-08-13T03:10:45.535+0000] {dag.py:4180} INFO - Setting next_dagrun for weather_ingestion to 2026-08-13 03:00:00+00:00, run_after=2026-08-13 04:00:00+00:00
[2026-08-13T03:10:45.542+0000] {processor.py:208} INFO - Processing /opt/airflow/dags/weather_dag.py took 0.297 seconds
[2026-08-13T03:11:15.836+0000] {processor.py:186} INFO - Started process (PID=50368) to work on /opt/airflow/dags/weather_dag.py
[2026-08-13T03:11:15.837+0000] {processor.py:914} INFO - Processing file /opt/airflow/dags/weather_dag.py for tasks to queue
[2026-08-13T03:11:15.839+0000] {logging_mixin.py:190} INFO - [2026-08-13T03:11:15.839+0000] {dagbag.py:588} INFO - Filling up the DagBag from /opt/airflow/dags/weather_dag.py
[2026-08-13T03:11:16.070+0000] {processor.py:925} INFO - DAG(s) 'weather_ingestion' retrieved from /opt/airflow/dags/weather_dag.py
[2026-08-13T03:11:16.082+0000] {logging_mixin.py:190} INFO - [2026-08-13T03:11:16.082+0000] {dag.py:3239} INFO - Sync 1 DAGs
[2026-08-13T03:11:16.094+0000] {logging_mixin.py:190} INFO - [2026-08-13T03:11:16.094+0000] {dag.py:4180} INFO - Setting next_dagrun for weather_ingestion to 2026-08-13 03:00:00+00:00, run_after=2026-08-13 04:00:00+00:00
[2026-08-13T03:11:16.101+0000] {processor.py:208} INFO - Processing /opt/airflow/dags/weather_dag.py took 0.271 seconds
[2026-08-13T03:11:46.154+0000] {processor.py:186} INFO - Started process (PID=50375) to work on /opt/airflow/dags/weather_dag.py
[2026-08-13T03:11:46.155+0000] {processor.py:914} INFO - Processing file /opt/airflow/dags/weather_dag.py for tasks to queue
[2026-08-13T03:11:46.158+0000] {logging_mixin.py:190} INFO - [2026-08-13T03:11:46.158+0000] {dagbag.py:588} INFO - Filling up the DagBag from /opt/airflow/dags/weather_dag.py
[2026-08-13T03:11:46.423+0000] {processor.py:925} INFO - DAG(s) 'weather_ingestion' retrieved from /opt/airflow/dags/weather_dag.py
[2026-08-13T03:11:46.438+0000] {logging_mixin.py:190} INFO - [2026-08-13T03:11:46.437+0000] {dag.py:3239} INFO - Sync 1 DAGs
[2026-08-13T03:11:46.450+0000] {logging_mixin.py:190} INFO - [2026-08-13T03:11:46.449+0000] {dag.py:4180} INFO - Setting next_dagrun for weather_ingestion to 2026-08-13 03:00:00+00:00, run_after=2026-08-13 04:00:00+00:00
[2026-08-13T03:11:46.456+0000] {processor.py:208} INFO - Processing /opt/airflow/dags/weather_dag.py took 0.311 seconds
[2026-08-13T03:12:16.766+0000] {processor.py:186} INFO - Started process (PID=50382) to work on /opt/airflow/dags/weather_dag.py
[2026-08-13T03:12:16.768+0000] {processor.py:914} INFO - Processing file /opt/airflow/dags/weather_dag.py for tasks to queue
[2026-08-13T03:12:16.770+0000] {logging_mixin.py:190} INFO - [2026-08-13T03:12:16.770+0000] {dagbag.py:588} INFO - Filling up the DagBag from /opt/airflow/dags/weather_dag.py
[2026-08-13T03:12:16.986+0000] {processor.py:925} INFO - DAG(s) 'weather_ingestion' retrieved from /opt/airflow/dags/weather_dag.py
[2026-08-13T03:12:16.999+0000] {logging_mixin.py:190} INFO - [2026-08-13T03:12:16.999+0000] {dag.py:3239} INFO - Sync 1 DAGs
[2026-08-13T03:12:17.008+0000] {logging_mixin.py:190} INFO - [2026-08-13T03:12:17.008+0000] {dag.py:4180} INFO - Setting next_dagrun for weather_ingestion to 2026-08-13 03:00:00+00:00, run_after=2026-08-13 04:00:00+00:00
[2026-08-13T03:12:17.014+0000] {processor.py:208} INFO - Processing /opt/airflow/dags/weather_dag.py took 0.254 seconds
[2026-08-13T03:12:47.151+0000] {processor.py:186} INFO - Started process (PID=50389) to work on /opt/airflow/dags/weather_dag.py
[2026-08-13T03:12:47.153+0000] {processor.py:914} INFO - Processing file /opt/airflow/dags/weather_dag.py for tasks to queue
[2026-08-13T03:12:47.155+0000] {logging_mixin.py:190} INFO - [2026-08-13T03:12:47.155+0000] {dagbag.py:588} INFO - Filling up the DagBag from /opt/airflow/dags/weather_dag.py
[2026-08-13T03:12:47.376+0000] {processor.py:925} INFO - DAG(s) 'weather_ingestion' retrieved from /opt/airflow/dags/weather_dag.py
[2026-08-13T03:12:47.388+0000] {logging_mixin.py:190} INFO - [2026-08-13T03:12:47.387+0000] {dag.py:3239} INFO - Sync 1 DAGs
[2026-08-13T03:12:47.396+0000] {logging_mixin.py:190} INFO - [2026-08-13T03:12:47.396+0000] {dag.py:4180} INFO - Setting next_dagrun for weather_ingestion to 2026-08-13 03:00:00+00:00, run_after=2026-08-13 04:00:00+00:00
[2026-08-13T03:12:47.403+0000] {processor.py:208} INFO - Processing /opt/airflow/dags/weather_dag.py took 0.259 seconds
[2026-08-13T03:13:17.689+0000] {processor.py:186} INFO - Started process (PID=50396) to work on /opt/airflow/dags/weather_dag.py
[2026-08-13T03:13:17.691+0000] {processor.py:914} INFO - Processing file /opt/airflow/dags/weather_dag.py for tasks to queue
[2026-08-13T03:13:17.694+0000] {logging_mixin.py:190} INFO - [2026-08-13T03:13:17.694+0000] {dagbag.py:588} INFO - Filling up the DagBag from /opt/airflow/dags/weather_dag.py
[2026-08-13T03:13:17.916+0000] {processor.py:925} INFO - DAG(s) 'weather_ingestion' retrieved from /opt/airflow/dags/weather_dag.py
[2026-08-13T03:13:17.928+0000] {logging_mixin.py:190} INFO - [2026-08-13T03:13:17.928+0000] {dag.py:3239} INFO - Sync 1 DAGs
[2026-08-13T03:13:17.937+0000] {logging_mixin.py:190} INFO - [2026-08-13T03:13:17.937+0000] {dag.py:4180} INFO - Setting next_dagrun for weather_ingestion to 2026-08-13 03:00:00+00:00, run_after=2026-08-13 04:00:00+00:00
[2026-08-13T03:13:17.944+0000] {processor.py:208} INFO - Processing /opt/airflow/dags/weather_dag.py took 0.261 seconds
[2026-08-13T03:13:48.018+0000] {processor.py:186} INFO - Started process (PID=50403) to work on /opt/airflow/dags/weather_dag.py
[2026-08-13T03:13:48.020+0000] {processor.py:914} INFO - Processing file /opt/airflow/dags/weather_dag.py for tasks to queue
[2026-08-13T03:13:48.023+0000] {logging_mixin.py:190} INFO - [2026-08-13T03:13:48.023+0000] {dagbag.py:588} INFO - Filling up the DagBag from /opt/airflow/dags/weather_dag.py
[2026-08-13T03:13:48.255+0000] {processor.py:925} INFO - DAG(s) 'weather_ingestion' retrieved from /opt/airflow/dags/weather_dag.py
[2026-08-13T03:13:48.267+0000] {logging_mixin.py:190} INFO - [2026-08-13T03:13:48.266+0000] {dag.py:3239} INFO - Sync 1 DAGs
[2026-08-13T03:13:48.277+0000] {logging_mixin.py:190} INFO - [2026-08-13T03:13:48.276+0000] {dag.py:4180} INFO - Setting next_dagrun for weather_ingestion to 2026-08-13 03:00:00+00:00, run_after=2026-08-13 04:00:00+00:00
[2026-08-13T03:13:48.283+0000] {processor.py:208} INFO - Processing /opt/airflow/dags/weather_dag.py took 0.272 seconds
[2026-08-13T03:14:18.608+0000] {processor.py:186} INFO - Started process (PID=50410) to work on /opt/airflow/dags/weather_dag.py
[2026-08-13T03:14:18.610+0000] {processor.py:914} INFO - Processing file /opt/airflow/dags/weather_dag.py for tasks to queue
[2026-08-13T03:14:18.613+0000] {logging_mixin.py:190} INFO - [2026-08-13T03:14:18.612+0000] {dagbag.py:588} INFO - Filling up the DagBag from /opt/airflow/dags/weather_dag.py
[2026-08-13T03:14:18.830+0000] {processor.py:925} INFO - DAG(s) 'weather_ingestion' retrieved from /opt/airflow/dags/weather_dag.py
[2026-08-13T03:14:18.843+0000] {logging_mixin.py:190} INFO - [2026-08-13T03:14:18.842+0000] {dag.py:3239} INFO - Sync 1 DAGs
[2026-08-13T03:14:18.854+0000] {logging_mixin.py:190} INFO - [2026-08-13T03:14:18.853+0000] {dag.py:4180} INFO - Setting next_dagrun for weather_ingestion to 2026-08-13 03:00:00+00:00, run_after=2026-08-13 04:00:00+00:00
[2026-08-13T03:14:18.861+0000] {processor.py:208} INFO - Processing /opt/airflow/dags/weather_dag.py took 0.260 seconds
[2026-08-13T03:14:48.942+0000] {processor.py:186} INFO - Started process (PID=50417) to work on /opt/airflow/dags/weather_dag.py
[2026-08-13T03:14:48.944+0000] {processor.py:914} INFO - Processing file /opt/airflow/dags/weather_dag.py for tasks to queue
[2026-08-13T03:14:48.946+0000] {logging_mixin.py:190} INFO - [2026-08-13T03:14:48.946+0000] {dagbag.py:588} INFO - Filling up the DagBag from /opt/airflow/dags/weather_dag.py
[2026-08-13T03:14:49.165+0000] {processor.py:925} INFO - DAG(s) 'weather_ingestion' retrieved from /opt/airflow/dags/weather_dag.py
[2026-08-13T03:14:49.179+0000] {logging_mixin.py:190} INFO - [2026-08-13T03:14:49.179+0000] {dag.py:3239} INFO - Sync 1 DAGs
[2026-08-13T03:14:49.189+0000] {logging_mixin.py:190} INFO - [2026-08-13T03:14:49.189+0000] {dag.py:4180} INFO - Setting next_dagrun for weather_ingestion to 2026-08-13 03:00:00+00:00, run_after=2026-08-13 04:00:00+00:00
[2026-08-13T03:14:49.196+0000] {processor.py:208} INFO - Processing /opt/airflow/dags/weather_dag.py took 0.262 seconds
[2026-08-13T03:15:19.305+0000] {processor.py:186} INFO - Started process (PID=50424) to work on /opt/airflow/dags/weather_dag.py
[2026-08-13T03:15:19.307+0000] {processor.py:914} INFO - Processing file /opt/airflow/dags/weather_dag.py for tasks to queue
[2026-08-13T03:15:19.310+0000] {logging_mixin.py:190} INFO - [2026-08-13T03:15:19.310+0000] {dagbag.py:588} INFO - Filling up the DagBag from /opt/airflow/dags/weather_dag.py
[2026-08-13T03:15:19.577+0000] {processor.py:925} INFO - DAG(s) 'weather_ingestion' retrieved from /opt/airflow/dags/weather_dag.py
[2026-08-13T03:15:19.591+0000] {logging_mixin.py:190} INFO - [2026-08-13T03:15:19.591+0000] {dag.py:3239} INFO - Sync 1 DAGs
[2026-08-13T03:15:19.603+0000] {logging_mixin.py:190} INFO - [2026-08-13T03:15:19.603+0000] {dag.py:4180} INFO - Setting next_dagrun for weather_ingestion to 2026-08-13 03:00:00+00:00, run_after=2026-08-13 04:00:00+00:00
[2026-08-13T03:15:19.611+0000] {processor.py:208} INFO - Processing /opt/airflow/dags/weather_dag.py took 0.317 seconds
[2026-08-13T03:15:49.856+0000] {processor.py:186} INFO - Started process (PID=50431) to work on /opt/airflow/dags/weather_dag.py
[2026-08-13T03:15:49.857+0000] {processor.py:914} INFO - Processing file /opt/airflow/dags/weather_dag.py for tasks to queue
[2026-08-13T03:15:49.860+0000] {logging_mixin.py:190} INFO - [2026-08-13T03:15:49.859+0000] {dagbag.py:588} INFO - Filling up the DagBag from /opt/airflow/dags/weather_dag.py
[2026-08-13T03:15:50.078+0000] {processor.py:925} INFO - DAG(s) 'weather_ingestion' retrieved from /opt/airflow/dags/weather_dag.py
[2026-08-13T03:15:50.089+0000] {logging_mixin.py:190} INFO - [2026-08-13T03:15:50.089+0000] {dag.py:3239} INFO - Sync 1 DAGs
[2026-08-13T03:15:50.098+0000] {logging_mixin.py:190} INFO - [2026-08-13T03:15:50.098+0000] {dag.py:4180} INFO - Setting next_dagrun for weather_ingestion to 2026-08-13 03:00:00+00:00, run_after=2026-08-13 04:00:00+00:00
[2026-08-13T03:15:50.105+0000] {processor.py:208} INFO - Processing /opt/airflow/dags/weather_dag.py took 0.254 seconds
[2026-08-13T03:16:20.300+0000] {processor.py:186} INFO - Started process (PID=50438) to work on /opt/airflow/dags/weather_dag.py
[2026-08-13T03:16:20.303+0000] {processor.py:914} INFO - Processing file /opt/airflow/dags/weather_dag.py for tasks to queue
[2026-08-13T03:16:20.305+0000] {logging_mixin.py:190} INFO - [2026-08-13T03:16:20.304+0000] {dagbag.py:588} INFO - Filling up the DagBag from /opt/airflow/dags/weather_dag.py
[2026-08-13T03:16:20.541+0000] {processor.py:925} INFO - DAG(s) 'weather_ingestion' retrieved from /opt/airflow/dags/weather_dag.py
[2026-08-13T03:16:20.553+0000] {logging_mixin.py:190} INFO - [2026-08-13T03:16:20.553+0000] {dag.py:3239} INFO - Sync 1 DAGs
[2026-08-13T03:16:20.563+0000] {logging_mixin.py:190} INFO - [2026-08-13T03:16:20.563+0000] {dag.py:4180} INFO - Setting next_dagrun for weather_ingestion to 2026-08-13 03:00:00+00:00, run_after=2026-08-13 04:00:00+00:00
[2026-08-13T03:16:20.570+0000] {processor.py:208} INFO - Processing /opt/airflow/dags/weather_dag.py took 0.277 seconds
[2026-08-13T03:16:50.748+0000] {processor.py:186} INFO - Started process (PID=50445) to work on /opt/airflow/dags/weather_dag.py
[2026-08-13T03:16:50.750+0000] {processor.py:914} INFO - Processing file /opt/airflow/dags/weather_dag.py for tasks to queue
[2026-08-13T03:16:50.752+0000] {logging_mixin.py:190} INFO - [2026-08-13T03:16:50.752+0000] {dagbag.py:588} INFO - Filling up the DagBag from /opt/airflow/dags/weather_dag.py
[2026-08-13T03:16:50.962+0000] {processor.py:925} INFO - DAG(s) 'weather_ingestion' retrieved from /opt/airflow/dags/weather_dag.py
[2026-08-13T03:16:50.972+0000] {logging_mixin.py:190} INFO - [2026-08-13T03:16:50.972+0000] {dag.py:3239} INFO - Sync 1 DAGs
[2026-08-13T03:16:50.982+0000] {logging_mixin.py:190} INFO - [2026-08-13T03:16:50.982+0000] {dag.py:4180} INFO - Setting next_dagrun for weather_ingestion to 2026-08-13 03:00:00+00:00, run_after=2026-08-13 04:00:00+00:00
[2026-08-13T03:16:50.988+0000] {processor.py:208} INFO - Processing /opt/airflow/dags/weather_dag.py took 0.246 seconds
[2026-08-13T03:17:21.305+0000] {processor.py:186} INFO - Started process (PID=50452) to work on /opt/airflow/dags/weather_dag.py
[2026-08-13T03:17:21.307+0000] {processor.py:914} INFO - Processing file /opt/airflow/dags/weather_dag.py for tasks to queue
[2026-08-13T03:17:21.311+0000] {logging_mixin.py:190} INFO - [2026-08-13T03:17:21.310+0000] {dagbag.py:588} INFO - Filling up the DagBag from /opt/airflow/dags/weather_dag.py
[2026-08-13T03:17:21.551+0000] {processor.py:925} INFO - DAG(s) 'weather_ingestion' retrieved from /opt/airflow/dags/weather_dag.py
[2026-08-13T03:17:21.564+0000] {logging_mixin.py:190} INFO - [2026-08-13T03:17:21.564+0000] {dag.py:3239} INFO - Sync 1 DAGs
[2026-08-13T03:17:21.575+0000] {logging_mixin.py:190} INFO - [2026-08-13T03:17:21.575+0000] {dag.py:4180} INFO - Setting next_dagrun for weather_ingestion to 2026-08-13 03:00:00+00:00, run_after=2026-08-13 04:00:00+00:00
[2026-08-13T03:17:21.582+0000] {processor.py:208} INFO - Processing /opt/airflow/dags/weather_dag.py took 0.285 seconds
[2026-08-13T03:17:51.676+0000] {processor.py:186} INFO - Started process (PID=50459) to work on /opt/airflow/dags/weather_dag.py
[2026-08-13T03:17:51.678+0000] {processor.py:914} INFO - Processing file /opt/airflow/dags/weather_dag.py for tasks to queue
[2026-08-13T03:17:51.681+0000] {logging_mixin.py:190} INFO - [2026-08-13T03:17:51.680+0000] {dagbag.py:588} INFO - Filling up the DagBag from /opt/airflow/dags/weather_dag.py
[2026-08-13T03:17:51.901+0000] {processor.py:925} INFO - DAG(s) 'weather_ingestion' retrieved from /opt/airflow/dags/weather_dag.py
[2026-08-13T03:17:51.912+0000] {logging_mixin.py:190} INFO - [2026-08-13T03:17:51.912+0000] {dag.py:3239} INFO - Sync 1 DAGs
[2026-08-13T03:17:51.921+0000] {logging_mixin.py:190} INFO - [2026-08-13T03:17:51.921+0000] {dag.py:4180} INFO - Setting next_dagrun for weather_ingestion to 2026-08-13 03:00:00+00:00, run_after=2026-08-13 04:00:00+00:00
[2026-08-13T03:17:51.927+0000] {processor.py:208} INFO - Processing /opt/airflow/dags/weather_dag.py took 0.258 seconds
[2026-08-13T03:18:22.316+0000] {processor.py:186} INFO - Started process (PID=50466) to work on /opt/airflow/dags/weather_dag.py
[2026-08-13T03:18:22.318+0000] {processor.py:914} INFO - Processing file /opt/airflow/dags/weather_dag.py for tasks to queue
[2026-08-13T03:18:22.322+0000] {logging_mixin.py:190} INFO - [2026-08-13T03:18:22.322+0000] {dagbag.py:588} INFO - Filling up the DagBag from /opt/airflow/dags/weather_dag.py
[2026-08-13T03:18:22.584+0000] {processor.py:925} INFO - DAG(s) 'weather_ingestion' retrieved from /opt/airflow/dags/weather_dag.py
[2026-08-13T03:18:22.598+0000] {logging_mixin.py:190} INFO - [2026-08-13T03:18:22.598+0000] {dag.py:3239} INFO - Sync 1 DAGs
[2026-08-13T03:18:22.609+0000] {logging_mixin.py:190} INFO - [2026-08-13T03:18:22.609+0000] {dag.py:4180} INFO - Setting next_dagrun for weather_ingestion to 2026-08-13 03:00:00+00:00, run_after=2026-08-13 04:00:00+00:00
[2026-08-13T03:18:22.616+0000] {processor.py:208} INFO - Processing /opt/airflow/dags/weather_dag.py took 0.310 seconds
[2026-08-13T03:18:52.699+0000] {processor.py:186} INFO - Started process (PID=50473) to work on /opt/airflow/dags/weather_dag.py
[2026-08-13T03:18:52.701+0000] {processor.py:914} INFO - Processing file /opt/airflow/dags/weather_dag.py for tasks to queue
[2026-08-13T03:18:52.705+0000] {logging_mixin.py:190} INFO - [2026-08-13T03:18:52.704+0000] {dagbag.py:588} INFO - Filling up the DagBag from /opt/airflow/dags/weather_dag.py
[2026-08-13T03:18:53.009+0000] {processor.py:925} INFO - DAG(s) 'weather_ingestion' retrieved from /opt/airflow/dags/weather_dag.py
[2026-08-13T03:18:53.024+0000] {logging_mixin.py:190} INFO - [2026-08-13T03:18:53.024+0000] {dag.py:3239} INFO - Sync 1 DAGs
[2026-08-13T03:18:53.035+0000] {logging_mixin.py:190} INFO - [2026-08-13T03:18:53.035+0000] {dag.py:4180} INFO - Setting next_dagrun for weather_ingestion to 2026-08-13 03:00:00+00:00, run_after=2026-08-13 04:00:00+00:00
[2026-08-13T03:18:53.043+0000] {processor.py:208} INFO - Processing /opt/airflow/dags/weather_dag.py took 0.358 seconds
[2026-08-13T03:19:23.328+0000] {processor.py:186} INFO - Started process (PID=50480) to work on /opt/airflow/dags/weather_dag.py
[2026-08-13T03:19:23.329+0000] {processor.py:914} INFO - Processing file /opt/airflow/dags/weather_dag.py for tasks to queue
[2026-08-13T03:19:23.330+0000] {logging_mixin.py:190} INFO - [2026-08-13T03:19:23.330+0000] {dagbag.py:588} INFO - Filling up the DagBag from /opt/airflow/dags/weather_dag.py
[2026-08-13T03:19:23.597+0000] {processor.py:925} INFO - DAG(s) 'weather_ingestion' retrieved from /opt/airflow/dags/weather_dag.py
[2026-08-13T03:19:23.613+0000] {logging_mixin.py:190} INFO - [2026-08-13T03:19:23.613+0000] {dag.py:3239} INFO - Sync 1 DAGs
[2026-08-13T03:19:23.626+0000] {logging_mixin.py:190} INFO - [2026-08-13T03:19:23.626+0000] {dag.py:4180} INFO - Setting next_dagrun for weather_ingestion to 2026-08-13 03:00:00+00:00, run_after=2026-08-13 04:00:00+00:00
[2026-08-13T03:19:23.633+0000] {processor.py:208} INFO - Processing /opt/airflow/dags/weather_dag.py took 0.310 seconds
[2026-08-13T03:19:53.699+0000] {processor.py:186} INFO - Started process (PID=50487) to work on /opt/airflow/dags/weather_dag.py
[2026-08-13T03:19:53.701+0000] {processor.py:914} INFO - Processing file /opt/airflow/dags/weather_dag.py for tasks to queue
[2026-08-13T03:19:53.704+0000] {logging_mixin.py:190} INFO - [2026-08-13T03:19:53.704+0000] {dagbag.py:588} INFO - Filling up the DagBag from /opt/airflow/dags/weather_dag.py
[2026-08-13T03:19:53.947+0000] {processor.py:925} INFO - DAG(s) 'weather_ingestion' retrieved from /opt/airflow/dags/weather_dag.py
[2026-08-13T03:19:53.959+0000] {logging_mixin.py:190} INFO - [2026-08-13T03:19:53.959+0000] {dag.py:3239} INFO - Sync 1 DAGs
[2026-08-13T03:19:53.970+0000] {logging_mixin.py:190} INFO - [2026-08-13T03:19:53.970+0000] {dag.py:4180} INFO - Setting next_dagrun for weather_ingestion to 2026-08-13 03:00:00+00:00, run_after=2026-08-13 04:00:00+00:00
[2026-08-13T03:19:53.977+0000] {processor.py:208} INFO - Processing /opt/airflow/dags/weather_dag.py took 0.289 seconds
[2026-08-13T03:20:24.352+0000] {processor.py:186} INFO - Started process (PID=50494) to work on /opt/airflow/dags/weather_dag.py
[2026-08-13T03:20:24.363+0000] {processor.py:914} INFO - Processing file /opt/airflow/dags/weather_dag.py for tasks to queue
[2026-08-13T03:20:24.374+0000] {logging_mixin.py:190} INFO - [2026-08-13T03:20:24.373+0000] {dagbag.py:588} INFO - Filling up the DagBag from /opt/airflow/dags/weather_dag.py
[2026-08-13T03:20:24.786+0000] {processor.py:925} INFO - DAG(s) 'weather_ingestion' retrieved from /opt/airflow/dags/weather_dag.py
[2026-08-13T03:20:24.809+0000] {logging_mixin.py:190} INFO - [2026-08-13T03:20:24.809+0000] {dag.py:3239} INFO - Sync 1 DAGs
[2026-08-13T03:20:24.827+0000] {logging_mixin.py:190} INFO - [2026-08-13T03:20:24.827+0000] {dag.py:4180} INFO - Setting next_dagrun for weather_ingestion to 2026-08-13 03:00:00+00:00, run_after=2026-08-13 04:00:00+00:00
[2026-08-13T03:20:24.838+0000] {processor.py:208} INFO - Processing /opt/airflow/dags/weather_dag.py took 0.497 seconds
[2026-08-13T03:20:55.224+0000] {processor.py:186} INFO - Started process (PID=50501) to work on /opt/airflow/dags/weather_dag.py
[2026-08-13T03:20:55.228+0000] {processor.py:914} INFO - Processing file /opt/airflow/dags/weather_dag.py for tasks to queue
[2026-08-13T03:20:55.235+0000] {logging_mixin.py:190} INFO - [2026-08-13T03:20:55.234+0000] {dagbag.py:588} INFO - Filling up the DagBag from /opt/airflow/dags/weather_dag.py
[2026-08-13T03:20:55.640+0000] {processor.py:925} INFO - DAG(s) 'weather_ingestion' retrieved from /opt/airflow/dags/weather_dag.py
[2026-08-13T03:20:55.659+0000] {logging_mixin.py:190} INFO - [2026-08-13T03:20:55.659+0000] {dag.py:3239} INFO - Sync 1 DAGs
[2026-08-13T03:20:55.673+0000] {logging_mixin.py:190} INFO - [2026-08-13T03:20:55.673+0000] {dag.py:4180} INFO - Setting next_dagrun for weather_ingestion to 2026-08-13 03:00:00+00:00, run_after=2026-08-13 04:00:00+00:00
[2026-08-13T03:20:55.682+0000] {processor.py:208} INFO - Processing /opt/airflow/dags/weather_dag.py took 0.473 seconds
[2026-08-13T03:21:25.991+0000] {processor.py:186} INFO - Started process (PID=50508) to work on /opt/airflow/dags/weather_dag.py
[2026-08-13T03:21:25.993+0000] {processor.py:914} INFO - Processing file /opt/airflow/dags/weather_dag.py for tasks to queue
[2026-08-13T03:21:25.996+0000] {logging_mixin.py:190} INFO - [2026-08-13T03:21:25.996+0000] {dagbag.py:588} INFO - Filling up the DagBag from /opt/airflow/dags/weather_dag.py
[2026-08-13T03:21:26.212+0000] {processor.py:925} INFO - DAG(s) 'weather_ingestion' retrieved from /opt/airflow/dags/weather_dag.py
[2026-08-13T03:21:26.223+0000] {logging_mixin.py:190} INFO - [2026-08-13T03:21:26.223+0000] {dag.py:3239} INFO - Sync 1 DAGs
[2026-08-13T03:21:26.233+0000] {logging_mixin.py:190} INFO - [2026-08-13T03:21:26.233+0000] {dag.py:4180} INFO - Setting next_dagrun for weather_ingestion to 2026-08-13 03:00:00+00:00, run_after=2026-08-13 04:00:00+00:00
[2026-08-13T03:21:26.240+0000] {processor.py:208} INFO - Processing /opt/airflow/dags/weather_dag.py took 0.256 seconds
[2026-08-13T03:21:56.375+0000] {processor.py:186} INFO - Started process (PID=50515) to work on /opt/airflow/dags/weather_dag.py
[2026-08-13T03:21:56.377+0000] {processor.py:914} INFO - Processing file /opt/airflow/dags/weather_dag.py for tasks to queue
[2026-08-13T03:21:56.382+0000] {logging_mixin.py:190} INFO - [2026-08-13T03:21:56.381+0000] {dagbag.py:588} INFO - Filling up the DagBag from /opt/airflow/dags/weather_dag.py
[2026-08-13T03:21:56.757+0000] {processor.py:925} INFO - DAG(s) 'weather_ingestion' retrieved from /opt/airflow/dags/weather_dag.py
[2026-08-13T03:21:56.777+0000] {logging_mixin.py:190} INFO - [2026-08-13T03:21:56.777+0000] {dag.py:3239} INFO - Sync 1 DAGs
[2026-08-13T03:21:56.797+0000] {logging_mixin.py:190} INFO - [2026-08-13T03:21:56.797+0000] {dag.py:4180} INFO - Setting next_dagrun for weather_ingestion to 2026-08-13 03:00:00+00:00, run_after=2026-08-13 04:00:00+00:00
[2026-08-13T03:21:56.810+0000] {processor.py:208} INFO - Processing /opt/airflow/dags/weather_dag.py took 0.460 seconds
[2026-08-13T03:22:26.906+0000] {processor.py:186} INFO - Started process (PID=50522) to work on /opt/airflow/dags/weather_dag.py
[2026-08-13T03:22:26.908+0000] {processor.py:914} INFO - Processing file /opt/airflow/dags/weather_dag.py for tasks to queue
[2026-08-13T03:22:26.910+0000] {logging_mixin.py:190} INFO - [2026-08-13T03:22:26.910+0000] {dagbag.py:588} INFO - Filling up the DagBag from /opt/airflow/dags/weather_dag.py
[2026-08-13T03:22:27.132+0000] {processor.py:925} INFO - DAG(s) 'weather_ingestion' retrieved from /opt/airflow/dags/weather_dag.py
[2026-08-13T03:22:27.144+0000] {logging_mixin.py:190} INFO - [2026-08-13T03:22:27.144+0000] {dag.py:3239} INFO - Sync 1 DAGs
[2026-08-13T03:22:27.155+0000] {logging_mixin.py:190} INFO - [2026-08-13T03:22:27.154+0000] {dag.py:4180} INFO - Setting next_dagrun for weather_ingestion to 2026-08-13 03:00:00+00:00, run_after=2026-08-13 04:00:00+00:00
[2026-08-13T03:22:27.162+0000] {processor.py:208} INFO - Processing /opt/airflow/dags/weather_dag.py took 0.262 seconds
[2026-08-13T03:22:57.477+0000] {processor.py:186} INFO - Started process (PID=50529) to work on /opt/airflow/dags/weather_dag.py
[2026-08-13T03:22:57.479+0000] {processor.py:914} INFO - Processing file /opt/airflow/dags/weather_dag.py for tasks to queue
[2026-08-13T03:22:57.481+0000] {logging_mixin.py:190} INFO - [2026-08-13T03:22:57.481+0000] {dagbag.py:588} INFO - Filling up the DagBag from /opt/airflow/dags/weather_dag.py
[2026-08-13T03:22:57.703+0000] {processor.py:925} INFO - DAG(s) 'weather_ingestion' retrieved from /opt/airflow/dags/weather_dag.py
[2026-08-13T03:22:57.716+0000] {logging_mixin.py:190} INFO - [2026-08-13T03:22:57.716+0000] {dag.py:3239} INFO - Sync 1 DAGs
[2026-08-13T03:22:57.728+0000] {logging_mixin.py:190} INFO - [2026-08-13T03:22:57.728+0000] {dag.py:4180} INFO - Setting next_dagrun for weather_ingestion to 2026-08-13 03:00:00+00:00, run_after=2026-08-13 04:00:00+00:00
[2026-08-13T03:22:57.735+0000] {processor.py:208} INFO - Processing /opt/airflow/dags/weather_dag.py took 0.264 seconds
[2026-08-13T03:23:27.870+0000] {processor.py:186} INFO - Started process (PID=50536) to work on /opt/airflow/dags/weather_dag.py
[2026-08-13T03:23:27.875+0000] {processor.py:914} INFO - Processing file /opt/airflow/dags/weather_dag.py for tasks to queue
[2026-08-13T03:23:27.880+0000] {logging_mixin.py:190} INFO - [2026-08-13T03:23:27.879+0000] {dagbag.py:588} INFO - Filling up the DagBag from /opt/airflow/dags/weather_dag.py
[2026-08-13T03:23:28.232+0000] {processor.py:925} INFO - DAG(s) 'weather_ingestion' retrieved from /opt/airflow/dags/weather_dag.py
[2026-08-13T03:23:28.252+0000] {logging_mixin.py:190} INFO - [2026-08-13T03:23:28.251+0000] {dag.py:3239} INFO - Sync 1 DAGs
[2026-08-13T03:23:28.266+0000] {logging_mixin.py:190} INFO - [2026-08-13T03:23:28.266+0000] {dag.py:4180} INFO - Setting next_dagrun for weather_ingestion to 2026-08-13 03:00:00+00:00, run_after=2026-08-13 04:00:00+00:00
[2026-08-13T03:23:28.274+0000] {processor.py:208} INFO - Processing /opt/airflow/dags/weather_dag.py took 0.429 seconds
[2026-08-13T03:23:58.618+0000] {processor.py:186} INFO - Started process (PID=50543) to work on /opt/airflow/dags/weather_dag.py
[2026-08-13T03:23:58.620+0000] {processor.py:914} INFO - Processing file /opt/airflow/dags/weather_dag.py for tasks to queue
[2026-08-13T03:23:58.623+0000] {logging_mixin.py:190} INFO - [2026-08-13T03:23:58.622+0000] {dagbag.py:588} INFO - Filling up the DagBag from /opt/airflow/dags/weather_dag.py
[2026-08-13T03:23:58.856+0000] {processor.py:925} INFO - DAG(s) 'weather_ingestion' retrieved from /opt/airflow/dags/weather_dag.py
[2026-08-13T03:23:58.870+0000] {logging_mixin.py:190} INFO - [2026-08-13T03:23:58.870+0000] {dag.py:3239} INFO - Sync 1 DAGs
[2026-08-13T03:23:58.881+0000] {logging_mixin.py:190} INFO - [2026-08-13T03:23:58.881+0000] {dag.py:4180} INFO - Setting next_dagrun for weather_ingestion to 2026-08-13 03:00:00+00:00, run_after=2026-08-13 04:00:00+00:00
[2026-08-13T03:23:58.887+0000] {processor.py:208} INFO - Processing /opt/airflow/dags/weather_dag.py took 0.279 seconds
[2026-08-13T03:24:29.236+0000] {processor.py:186} INFO - Started process (PID=50550) to work on /opt/airflow/dags/weather_dag.py
[2026-08-13T03:24:29.237+0000] {processor.py:914} INFO - Processing file /opt/airflow/dags/weather_dag.py for tasks to queue
[2026-08-13T03:24:29.240+0000] {logging_mixin.py:190} INFO - [2026-08-13T03:24:29.239+0000] {dagbag.py:588} INFO - Filling up the DagBag from /opt/airflow/dags/weather_dag.py
[2026-08-13T03:24:29.463+0000] {processor.py:925} INFO - DAG(s) 'weather_ingestion' retrieved from /opt/airflow/dags/weather_dag.py
[2026-08-13T03:24:29.475+0000] {logging_mixin.py:190} INFO - [2026-08-13T03:24:29.475+0000] {dag.py:3239} INFO - Sync 1 DAGs
[2026-08-13T03:24:29.485+0000] {logging_mixin.py:190} INFO - [2026-08-13T03:24:29.485+0000] {dag.py:4180} INFO - Setting next_dagrun for weather_ingestion to 2026-08-13 03:00:00+00:00, run_after=2026-08-13 04:00:00+00:00
[2026-08-13T03:24:29.491+0000] {processor.py:208} INFO - Processing /opt/airflow/dags/weather_dag.py took 0.264 seconds
[2026-08-13T03:24:59.572+0000] {processor.py:186} INFO - Started process (PID=50557) to work on /opt/airflow/dags/weather_dag.py
[2026-08-13T03:24:59.574+0000] {processor.py:914} INFO - Processing file /opt/airflow/dags/weather_dag.py for tasks to queue
[2026-08-13T03:24:59.579+0000] {logging_mixin.py:190} INFO - [2026-08-13T03:24:59.578+0000] {dagbag.py:588} INFO - Filling up the DagBag from /opt/airflow/dags/weather_dag.py
[2026-08-13T03:24:59.940+0000] {processor.py:925} INFO - DAG(s) 'weather_ingestion' retrieved from /opt/airflow/dags/weather_dag.py
[2026-08-13T03:24:59.959+0000] {logging_mixin.py:190} INFO - [2026-08-13T03:24:59.959+0000] {dag.py:3239} INFO - Sync 1 DAGs
[2026-08-13T03:24:59.973+0000] {logging_mixin.py:190} INFO - [2026-08-13T03:24:59.973+0000] {dag.py:4180} INFO - Setting next_dagrun for weather_ingestion to 2026-08-13 03:00:00+00:00, run_after=2026-08-13 04:00:00+00:00
[2026-08-13T03:24:59.982+0000] {processor.py:208} INFO - Processing /opt/airflow/dags/weather_dag.py took 0.422 seconds
[2026-08-13T03:25:30.071+0000] {processor.py:186} INFO - Started process (PID=50564) to work on /opt/airflow/dags/weather_dag.py
[2026-08-13T03:25:30.072+0000] {processor.py:914} INFO - Processing file /opt/airflow/dags/weather_dag.py for tasks to queue
[2026-08-13T03:25:30.075+0000] {logging_mixin.py:190} INFO - [2026-08-13T03:25:30.074+0000] {dagbag.py:588} INFO - Filling up the DagBag from /opt/airflow/dags/weather_dag.py
[2026-08-13T03:25:30.346+0000] {processor.py:925} INFO - DAG(s) 'weather_ingestion' retrieved from /opt/airflow/dags/weather_dag.py
[2026-08-13T03:25:30.359+0000] {logging_mixin.py:190} INFO - [2026-08-13T03:25:30.359+0000] {dag.py:3239} INFO - Sync 1 DAGs
[2026-08-13T03:25:30.370+0000] {logging_mixin.py:190} INFO - [2026-08-13T03:25:30.370+0000] {dag.py:4180} INFO - Setting next_dagrun for weather_ingestion to 2026-08-13 03:00:00+00:00, run_after=2026-08-13 04:00:00+00:00
[2026-08-13T03:25:30.378+0000] {processor.py:208} INFO - Processing /opt/airflow/dags/weather_dag.py took 0.312 seconds
[2026-08-13T03:26:00.684+0000] {processor.py:186} INFO - Started process (PID=50571) to work on /opt/airflow/dags/weather_dag.py
[2026-08-13T03:26:00.687+0000] {processor.py:914} INFO - Processing file /opt/airflow/dags/weather_dag.py for tasks to queue
[2026-08-13T03:26:00.699+0000] {logging_mixin.py:190} INFO - [2026-08-13T03:26:00.698+0000] {dagbag.py:588} INFO - Filling up the DagBag from /opt/airflow/dags/weather_dag.py
[2026-08-13T03:26:00.980+0000] {processor.py:925} INFO - DAG(s) 'weather_ingestion' retrieved from /opt/airflow/dags/weather_dag.py
[2026-08-13T03:26:00.996+0000] {logging_mixin.py:190} INFO - [2026-08-13T03:26:00.995+0000] {dag.py:3239} INFO - Sync 1 DAGs
[2026-08-13T03:26:01.009+0000] {logging_mixin.py:190} INFO - [2026-08-13T03:26:01.009+0000] {dag.py:4180} INFO - Setting next_dagrun for weather_ingestion to 2026-08-13 03:00:00+00:00, run_after=2026-08-13 04:00:00+00:00
[2026-08-13T03:26:01.017+0000] {processor.py:208} INFO - Processing /opt/airflow/dags/weather_dag.py took 0.347 seconds
[2026-08-13T03:26:31.066+0000] {processor.py:186} INFO - Started process (PID=50578) to work on /opt/airflow/dags/weather_dag.py
[2026-08-13T03:26:31.067+0000] {processor.py:914} INFO - Processing file /opt/airflow/dags/weather_dag.py for tasks to queue
[2026-08-13T03:26:31.069+0000] {logging_mixin.py:190} INFO - [2026-08-13T03:26:31.069+0000] {dagbag.py:588} INFO - Filling up the DagBag from /opt/airflow/dags/weather_dag.py
[2026-08-13T03:26:31.299+0000] {processor.py:925} INFO - DAG(s) 'weather_ingestion' retrieved from /opt/airflow/dags/weather_dag.py
[2026-08-13T03:26:31.313+0000] {logging_mixin.py:190} INFO - [2026-08-13T03:26:31.313+0000] {dag.py:3239} INFO - Sync 1 DAGs
[2026-08-13T03:26:31.322+0000] {logging_mixin.py:190} INFO - [2026-08-13T03:26:31.322+0000] {dag.py:4180} INFO - Setting next_dagrun for weather_ingestion to 2026-08-13 03:00:00+00:00, run_after=2026-08-13 04:00:00+00:00
[2026-08-13T03:26:31.329+0000] {processor.py:208} INFO - Processing /opt/airflow/dags/weather_dag.py took 0.270 seconds
[2026-08-13T03:27:01.433+0000] {processor.py:186} INFO - Started process (PID=50585) to work on /opt/airflow/dags/weather_dag.py
[2026-08-13T03:27:01.436+0000] {processor.py:914} INFO - Processing file /opt/airflow/dags/weather_dag.py for tasks to queue
[2026-08-13T03:27:01.439+0000] {logging_mixin.py:190} INFO - [2026-08-13T03:27:01.438+0000] {dagbag.py:588} INFO - Filling up the DagBag from /opt/airflow/dags/weather_dag.py
[2026-08-13T03:27:01.658+0000] {processor.py:925} INFO - DAG(s) 'weather_ingestion' retrieved from /opt/airflow/dags/weather_dag.py
[2026-08-13T03:27:01.669+0000] {logging_mixin.py:190} INFO - [2026-08-13T03:27:01.669+0000] {dag.py:3239} INFO - Sync 1 DAGs
[2026-08-13T03:27:01.678+0000] {logging_mixin.py:190} INFO - [2026-08-13T03:27:01.678+0000] {dag.py:4180} INFO - Setting next_dagrun for weather_ingestion to 2026-08-13 03:00:00+00:00, run_after=2026-08-13 04:00:00+00:00
[2026-08-13T03:27:01.685+0000] {processor.py:208} INFO - Processing /opt/airflow/dags/weather_dag.py took 0.261 seconds
[2026-08-13T03:27:32.008+0000] {processor.py:186} INFO - Started process (PID=50592) to work on /opt/airflow/dags/weather_dag.py
[2026-08-13T03:27:32.010+0000] {processor.py:914} INFO - Processing file /opt/airflow/dags/weather_dag.py for tasks to queue
[2026-08-13T03:27:32.013+0000] {logging_mixin.py:190} INFO - [2026-08-13T03:27:32.012+0000] {dagbag.py:588} INFO - Filling up the DagBag from /opt/airflow/dags/weather_dag.py
[2026-08-13T03:27:32.240+0000] {processor.py:925} INFO - DAG(s) 'weather_ingestion' retrieved from /opt/airflow/dags/weather_dag.py
[2026-08-13T03:27:32.252+0000] {logging_mixin.py:190} INFO - [2026-08-13T03:27:32.252+0000] {dag.py:3239} INFO - Sync 1 DAGs
[2026-08-13T03:27:32.262+0000] {logging_mixin.py:190} INFO - [2026-08-13T03:27:32.262+0000] {dag.py:4180} INFO - Setting next_dagrun for weather_ingestion to 2026-08-13 03:00:00+00:00, run_after=2026-08-13 04:00:00+00:00
[2026-08-13T03:27:32.268+0000] {processor.py:208} INFO - Processing /opt/airflow/dags/weather_dag.py took 0.267 seconds
[2026-08-13T03:28:02.392+0000] {processor.py:186} INFO - Started process (PID=50599) to work on /opt/airflow/dags/weather_dag.py
[2026-08-13T03:28:02.394+0000] {processor.py:914} INFO - Processing file /opt/airflow/dags/weather_dag.py for tasks to queue
[2026-08-13T03:28:02.396+0000] {logging_mixin.py:190} INFO - [2026-08-13T03:28:02.395+0000] {dagbag.py:588} INFO - Filling up the DagBag from /opt/airflow/dags/weather_dag.py
[2026-08-13T03:28:02.622+0000] {processor.py:925} INFO - DAG(s) 'weather_ingestion' retrieved from /opt/airflow/dags/weather_dag.py
[2026-08-13T03:28:02.634+0000] {logging_mixin.py:190} INFO - [2026-08-13T03:28:02.634+0000] {dag.py:3239} INFO - Sync 1 DAGs
[2026-08-13T03:28:02.644+0000] {logging_mixin.py:190} INFO - [2026-08-13T03:28:02.644+0000] {dag.py:4180} INFO - Setting next_dagrun for weather_ingestion to 2026-08-13 03:00:00+00:00, run_after=2026-08-13 04:00:00+00:00
[2026-08-13T03:28:02.650+0000] {processor.py:208} INFO - Processing /opt/airflow/dags/weather_dag.py took 0.265 seconds
[2026-08-13T03:28:33.004+0000] {processor.py:186} INFO - Started process (PID=50606) to work on /opt/airflow/dags/weather_dag.py
[2026-08-13T03:28:33.005+0000] {processor.py:914} INFO - Processing file /opt/airflow/dags/weather_dag.py for tasks to queue
[2026-08-13T03:28:33.008+0000] {logging_mixin.py:190} INFO - [2026-08-13T03:28:33.007+0000] {dagbag.py:588} INFO - Filling up the DagBag from /opt/airflow/dags/weather_dag.py
[2026-08-13T03:28:33.235+0000] {processor.py:925} INFO - DAG(s) 'weather_ingestion' retrieved from /opt/airflow/dags/weather_dag.py
[2026-08-13T03:28:33.246+0000] {logging_mixin.py:190} INFO - [2026-08-13T03:28:33.246+0000] {dag.py:3239} INFO - Sync 1 DAGs
[2026-08-13T03:28:33.256+0000] {logging_mixin.py:190} INFO - [2026-08-13T03:28:33.256+0000] {dag.py:4180} INFO - Setting next_dagrun for weather_ingestion to 2026-08-13 03:00:00+00:00, run_after=2026-08-13 04:00:00+00:00
[2026-08-13T03:28:33.263+0000] {processor.py:208} INFO - Processing /opt/airflow/dags/weather_dag.py took 0.264 seconds
[2026-08-13T03:29:03.442+0000] {processor.py:186} INFO - Started process (PID=50613) to work on /opt/airflow/dags/weather_dag.py
[2026-08-13T03:29:03.444+0000] {processor.py:914} INFO - Processing file /opt/airflow/dags/weather_dag.py for tasks to queue
[2026-08-13T03:29:03.449+0000] {logging_mixin.py:190} INFO - [2026-08-13T03:29:03.448+0000] {dagbag.py:588} INFO - Filling up the DagBag from /opt/airflow/dags/weather_dag.py
[2026-08-13T03:29:03.729+0000] {processor.py:925} INFO - DAG(s) 'weather_ingestion' retrieved from /opt/airflow/dags/weather_dag.py
[2026-08-13T03:29:03.744+0000] {logging_mixin.py:190} INFO - [2026-08-13T03:29:03.744+0000] {dag.py:3239} INFO - Sync 1 DAGs
[2026-08-13T03:29:03.756+0000] {logging_mixin.py:190} INFO - [2026-08-13T03:29:03.756+0000] {dag.py:4180} INFO - Setting next_dagrun for weather_ingestion to 2026-08-13 03:00:00+00:00, run_after=2026-08-13 04:00:00+00:00
[2026-08-13T03:29:03.764+0000] {processor.py:208} INFO - Processing /opt/airflow/dags/weather_dag.py took 0.334 seconds
[2026-08-13T03:29:33.972+0000] {processor.py:186} INFO - Started process (PID=50620) to work on /opt/airflow/dags/weather_dag.py
[2026-08-13T03:29:33.973+0000] {processor.py:914} INFO - Processing file /opt/airflow/dags/weather_dag.py for tasks to queue
[2026-08-13T03:29:33.976+0000] {logging_mixin.py:190} INFO - [2026-08-13T03:29:33.975+0000] {dagbag.py:588} INFO - Filling up the DagBag from /opt/airflow/dags/weather_dag.py
[2026-08-13T03:29:34.196+0000] {processor.py:925} INFO - DAG(s) 'weather_ingestion' retrieved from /opt/airflow/dags/weather_dag.py
[2026-08-13T03:29:34.209+0000] {logging_mixin.py:190} INFO - [2026-08-13T03:29:34.209+0000] {dag.py:3239} INFO - Sync 1 DAGs
[2026-08-13T03:29:34.220+0000] {logging_mixin.py:190} INFO - [2026-08-13T03:29:34.220+0000] {dag.py:4180} INFO - Setting next_dagrun for weather_ingestion to 2026-08-13 03:00:00+00:00, run_after=2026-08-13 04:00:00+00:00
[2026-08-13T03:29:34.226+0000] {processor.py:208} INFO - Processing /opt/airflow/dags/weather_dag.py took 0.261 seconds
[2026-08-13T03:30:04.466+0000] {processor.py:186} INFO - Started process (PID=50627) to work on /opt/airflow/dags/weather_dag.py
[2026-08-13T03:30:04.467+0000] {processor.py:914} INFO - Processing file /opt/airflow/dags/weather_dag.py for tasks to queue
[2026-08-13T03:30:04.471+0000] {logging_mixin.py:190} INFO - [2026-08-13T03:30:04.470+0000] {dagbag.py:588} INFO - Filling up the DagBag from /opt/airflow/dags/weather_dag.py
[2026-08-13T03:30:04.691+0000] {processor.py:925} INFO - DAG(s) 'weather_ingestion' retrieved from /opt/airflow/dags/weather_dag.py
[2026-08-13T03:30:04.703+0000] {logging_mixin.py:190} INFO - [2026-08-13T03:30:04.703+0000] {dag.py:3239} INFO - Sync 1 DAGs
[2026-08-13T03:30:04.712+0000] {logging_mixin.py:190} INFO - [2026-08-13T03:30:04.712+0000] {dag.py:4180} INFO - Setting next_dagrun for weather_ingestion to 2026-08-13 03:00:00+00:00, run_after=2026-08-13 04:00:00+00:00
[2026-08-13T03:30:04.719+0000] {processor.py:208} INFO - Processing /opt/airflow/dags/weather_dag.py took 0.261 seconds
[2026-08-13T03:30:34.792+0000] {processor.py:186} INFO - Started process (PID=50634) to work on /opt/airflow/dags/weather_dag.py
[2026-08-13T03:30:34.794+0000] {processor.py:914} INFO - Processing file /opt/airflow/dags/weather_dag.py for tasks to queue
[2026-08-13T03:30:34.798+0000] {logging_mixin.py:190} INFO - [2026-08-13T03:30:34.797+0000] {dagbag.py:588} INFO - Filling up the DagBag from /opt/airflow/dags/weather_dag.py
[2026-08-13T03:30:35.037+0000] {processor.py:925} INFO - DAG(s) 'weather_ingestion' retrieved from /opt/airflow/dags/weather_dag.py
[2026-08-13T03:30:35.050+0000] {logging_mixin.py:190} INFO - [2026-08-13T03:30:35.050+0000] {dag.py:3239} INFO - Sync 1 DAGs
[2026-08-13T03:30:35.060+0000] {logging_mixin.py:190} INFO - [2026-08-13T03:30:35.060+0000] {dag.py:4180} INFO - Setting next_dagrun for weather_ingestion to 2026-08-13 03:00:00+00:00, run_after=2026-08-13 04:00:00+00:00
[2026-08-13T03:30:35.067+0000] {processor.py:208} INFO - Processing /opt/airflow/dags/weather_dag.py took 0.286 seconds
[2026-08-13T03:31:05.392+0000] {processor.py:186} INFO - Started process (PID=50641) to work on /opt/airflow/dags/weather_dag.py
[2026-08-13T03:31:05.395+0000] {processor.py:914} INFO - Processing file /opt/airflow/dags/weather_dag.py for tasks to queue
[2026-08-13T03:31:05.403+0000] {logging_mixin.py:190} INFO - [2026-08-13T03:31:05.402+0000] {dagbag.py:588} INFO - Filling up the DagBag from /opt/airflow/dags/weather_dag.py
[2026-08-13T03:31:05.755+0000] {processor.py:925} INFO - DAG(s) 'weather_ingestion' retrieved from /opt/airflow/dags/weather_dag.py
[2026-08-13T03:31:05.787+0000] {logging_mixin.py:190} INFO - [2026-08-13T03:31:05.786+0000] {dag.py:3239} INFO - Sync 1 DAGs
[2026-08-13T03:31:05.805+0000] {logging_mixin.py:190} INFO - [2026-08-13T03:31:05.805+0000] {dag.py:4180} INFO - Setting next_dagrun for weather_ingestion to 2026-08-13 03:00:00+00:00, run_after=2026-08-13 04:00:00+00:00
[2026-08-13T03:31:05.814+0000] {processor.py:208} INFO - Processing /opt/airflow/dags/weather_dag.py took 0.438 seconds
[2026-08-13T03:31:12.905+0000] {processor.py:186} INFO - Started process (PID=50648) to work on /opt/airflow/dags/weather_dag.py
[2026-08-13T03:31:12.906+0000] {processor.py:914} INFO - Processing file /opt/airflow/dags/weather_dag.py for tasks to queue
[2026-08-13T03:31:12.908+0000] {logging_mixin.py:190} INFO - [2026-08-13T03:31:12.908+0000] {dagbag.py:588} INFO - Filling up the DagBag from /opt/airflow/dags/weather_dag.py
[2026-08-13T03:31:12.919+0000] {processor.py:925} INFO - DAG(s) 'weather_ingestion' retrieved from /opt/airflow/dags/weather_dag.py
[2026-08-13T03:31:13.000+0000] {logging_mixin.py:190} INFO - [2026-08-13T03:31:13.000+0000] {dag.py:3239} INFO - Sync 1 DAGs
[2026-08-13T03:31:13.010+0000] {logging_mixin.py:190} INFO - [2026-08-13T03:31:13.010+0000] {dag.py:4180} INFO - Setting next_dagrun for weather_ingestion to 2026-08-13 03:00:00+00:00, run_after=2026-08-13 04:00:00+00:00
[2026-08-13T03:31:13.018+0000] {processor.py:208} INFO - Processing /opt/airflow/dags/weather_dag.py took 0.117 seconds
[2026-08-13T03:31:22.021+0000] {processor.py:186} INFO - Started process (PID=50653) to work on /opt/airflow/dags/weather_dag.py
[2026-08-13T03:31:22.022+0000] {processor.py:914} INFO - Processing file /opt/airflow/dags/weather_dag.py for tasks to queue
[2026-08-13T03:31:22.025+0000] {logging_mixin.py:190} INFO - [2026-08-13T03:31:22.025+0000] {dagbag.py:588} INFO - Filling up the DagBag from /opt/airflow/dags/weather_dag.py
[2026-08-13T03:31:22.039+0000] {processor.py:925} INFO - DAG(s) 'weather_ingestion' retrieved from /opt/airflow/dags/weather_dag.py
[2026-08-13T03:31:22.047+0000] {logging_mixin.py:190} INFO - [2026-08-13T03:31:22.047+0000] {dag.py:3239} INFO - Sync 1 DAGs
[2026-08-13T03:31:22.060+0000] {logging_mixin.py:190} INFO - [2026-08-13T03:31:22.059+0000] {dag.py:4180} INFO - Setting next_dagrun for weather_ingestion to 2026-08-13 03:00:00+00:00, run_after=2026-08-13 04:00:00+00:00
[2026-08-13T03:31:22.068+0000] {processor.py:208} INFO - Processing /opt/airflow/dags/weather_dag.py took 0.054 seconds
[2026-08-13T03:31:23.032+0000] {processor.py:186} INFO - Started process (PID=50658) to work on /opt/airflow/dags/weather_dag.py
[2026-08-13T03:31:23.033+0000] {processor.py:914} INFO - Processing file /opt/airflow/dags/weather_dag.py for tasks to queue
[2026-08-13T03:31:23.034+0000] {logging_mixin.py:190} INFO - [2026-08-13T03:31:23.034+0000] {dagbag.py:588} INFO - Filling up the DagBag from /opt/airflow/dags/weather_dag.py
[2026-08-13T03:31:23.049+0000] {processor.py:925} INFO - DAG(s) 'weather_ingestion' retrieved from /opt/airflow/dags/weather_dag.py
[2026-08-13T03:31:23.059+0000] {logging_mixin.py:190} INFO - [2026-08-13T03:31:23.059+0000] {dag.py:3239} INFO - Sync 1 DAGs
[2026-08-13T03:31:23.074+0000] {logging_mixin.py:190} INFO - [2026-08-13T03:31:23.074+0000] {dag.py:4180} INFO - Setting next_dagrun for weather_ingestion to 2026-08-13 03:00:00+00:00, run_after=2026-08-13 04:00:00+00:00
[2026-08-13T03:31:23.085+0000] {processor.py:208} INFO - Processing /opt/airflow/dags/weather_dag.py took 0.059 seconds
[2026-08-13T03:31:53.468+0000] {processor.py:186} INFO - Started process (PID=50663) to work on /opt/airflow/dags/weather_dag.py
[2026-08-13T03:31:53.470+0000] {processor.py:914} INFO - Processing file /opt/airflow/dags/weather_dag.py for tasks to queue
[2026-08-13T03:31:53.476+0000] {logging_mixin.py:190} INFO - [2026-08-13T03:31:53.474+0000] {dagbag.py:588} INFO - Filling up the DagBag from /opt/airflow/dags/weather_dag.py
[2026-08-13T03:31:53.526+0000] {processor.py:925} INFO - DAG(s) 'weather_ingestion' retrieved from /opt/airflow/dags/weather_dag.py
[2026-08-13T03:31:53.565+0000] {logging_mixin.py:190} INFO - [2026-08-13T03:31:53.565+0000] {dag.py:3239} INFO - Sync 1 DAGs
[2026-08-13T03:31:53.586+0000] {logging_mixin.py:190} INFO - [2026-08-13T03:31:53.586+0000] {dag.py:4180} INFO - Setting next_dagrun for weather_ingestion to 2026-08-13 03:00:00+00:00, run_after=2026-08-13 04:00:00+00:00
[2026-08-13T03:31:53.598+0000] {processor.py:208} INFO - Processing /opt/airflow/dags/weather_dag.py took 0.155 seconds
[2026-08-13T03:32:23.793+0000] {processor.py:186} INFO - Started process (PID=50668) to work on /opt/airflow/dags/weather_dag.py
[2026-08-13T03:32:23.795+0000] {processor.py:914} INFO - Processing file /opt/airflow/dags/weather_dag.py for tasks to queue
[2026-08-13T03:32:23.798+0000] {logging_mixin.py:190} INFO - [2026-08-13T03:32:23.797+0000] {dagbag.py:588} INFO - Filling up the DagBag from /opt/airflow/dags/weather_dag.py
[2026-08-13T03:32:23.808+0000] {processor.py:925} INFO - DAG(s) 'weather_ingestion' retrieved from /opt/airflow/dags/weather_dag.py
[2026-08-13T03:32:23.828+0000] {logging_mixin.py:190} INFO - [2026-08-13T03:32:23.828+0000] {dag.py:3239} INFO - Sync 1 DAGs
[2026-08-13T03:32:23.839+0000] {logging_mixin.py:190} INFO - [2026-08-13T03:32:23.839+0000] {dag.py:4180} INFO - Setting next_dagrun for weather_ingestion to 2026-08-13 03:00:00+00:00, run_after=2026-08-13 04:00:00+00:00
[2026-08-13T03:32:23.847+0000] {processor.py:208} INFO - Processing /opt/airflow/dags/weather_dag.py took 0.062 seconds
[2026-08-13T03:32:54.124+0000] {processor.py:186} INFO - Started process (PID=50673) to work on /opt/airflow/dags/weather_dag.py
[2026-08-13T03:32:54.126+0000] {processor.py:914} INFO - Processing file /opt/airflow/dags/weather_dag.py for tasks to queue
[2026-08-13T03:32:54.129+0000] {logging_mixin.py:190} INFO - [2026-08-13T03:32:54.129+0000] {dagbag.py:588} INFO - Filling up the DagBag from /opt/airflow/dags/weather_dag.py
[2026-08-13T03:32:54.140+0000] {processor.py:925} INFO - DAG(s) 'weather_ingestion' retrieved from /opt/airflow/dags/weather_dag.py
[2026-08-13T03:32:54.161+0000] {logging_mixin.py:190} INFO - [2026-08-13T03:32:54.161+0000] {dag.py:3239} INFO - Sync 1 DAGs
[2026-08-13T03:32:54.174+0000] {logging_mixin.py:190} INFO - [2026-08-13T03:32:54.174+0000] {dag.py:4180} INFO - Setting next_dagrun for weather_ingestion to 2026-08-13 03:00:00+00:00, run_after=2026-08-13 04:00:00+00:00
[2026-08-13T03:32:54.182+0000] {processor.py:208} INFO - Processing /opt/airflow/dags/weather_dag.py took 0.065 seconds
[2026-08-13T03:33:24.535+0000] {processor.py:186} INFO - Started process (PID=50678) to work on /opt/airflow/dags/weather_dag.py
[2026-08-13T03:33:24.538+0000] {processor.py:914} INFO - Processing file /opt/airflow/dags/weather_dag.py for tasks to queue
[2026-08-13T03:33:24.543+0000] {logging_mixin.py:190} INFO - [2026-08-13T03:33:24.543+0000] {dagbag.py:588} INFO - Filling up the DagBag from /opt/airflow/dags/weather_dag.py
[2026-08-13T03:33:24.559+0000] {processor.py:925} INFO - DAG(s) 'weather_ingestion' retrieved from /opt/airflow/dags/weather_dag.py
[2026-08-13T03:33:24.588+0000] {logging_mixin.py:190} INFO - [2026-08-13T03:33:24.588+0000] {dag.py:3239} INFO - Sync 1 DAGs
[2026-08-13T03:33:24.605+0000] {logging_mixin.py:190} INFO - [2026-08-13T03:33:24.605+0000] {dag.py:4180} INFO - Setting next_dagrun for weather_ingestion to 2026-08-13 03:00:00+00:00, run_after=2026-08-13 04:00:00+00:00
[2026-08-13T03:33:24.614+0000] {processor.py:208} INFO - Processing /opt/airflow/dags/weather_dag.py took 0.092 seconds
[2026-08-13T03:33:54.922+0000] {processor.py:186} INFO - Started process (PID=50683) to work on /opt/airflow/dags/weather_dag.py
[2026-08-13T03:33:54.924+0000] {processor.py:914} INFO - Processing file /opt/airflow/dags/weather_dag.py for tasks to queue
[2026-08-13T03:33:54.929+0000] {logging_mixin.py:190} INFO - [2026-08-13T03:33:54.928+0000] {dagbag.py:588} INFO - Filling up the DagBag from /opt/airflow/dags/weather_dag.py
[2026-08-13T03:33:54.945+0000] {processor.py:925} INFO - DAG(s) 'weather_ingestion' retrieved from /opt/airflow/dags/weather_dag.py
[2026-08-13T03:33:54.979+0000] {logging_mixin.py:190} INFO - [2026-08-13T03:33:54.979+0000] {dag.py:3239} INFO - Sync 1 DAGs
[2026-08-13T03:33:54.995+0000] {logging_mixin.py:190} INFO - [2026-08-13T03:33:54.995+0000] {dag.py:4180} INFO - Setting next_dagrun for weather_ingestion to 2026-08-13 03:00:00+00:00, run_after=2026-08-13 04:00:00+00:00
[2026-08-13T03:33:55.002+0000] {processor.py:208} INFO - Processing /opt/airflow/dags/weather_dag.py took 0.087 seconds
[2026-08-13T03:34:25.283+0000] {processor.py:186} INFO - Started process (PID=50688) to work on /opt/airflow/dags/weather_dag.py
[2026-08-13T03:34:25.286+0000] {processor.py:914} INFO - Processing file /opt/airflow/dags/weather_dag.py for tasks to queue
[2026-08-13T03:34:25.292+0000] {logging_mixin.py:190} INFO - [2026-08-13T03:34:25.292+0000] {dagbag.py:588} INFO - Filling up the DagBag from /opt/airflow/dags/weather_dag.py
[2026-08-13T03:34:25.319+0000] {processor.py:925} INFO - DAG(s) 'weather_ingestion' retrieved from /opt/airflow/dags/weather_dag.py
[2026-08-13T03:34:25.365+0000] {logging_mixin.py:190} INFO - [2026-08-13T03:34:25.362+0000] {dag.py:3239} INFO - Sync 1 DAGs
[2026-08-13T03:34:25.398+0000] {logging_mixin.py:190} INFO - [2026-08-13T03:34:25.397+0000] {dag.py:4180} INFO - Setting next_dagrun for weather_ingestion to 2026-08-13 03:00:00+00:00, run_after=2026-08-13 04:00:00+00:00
[2026-08-13T03:34:25.407+0000] {processor.py:208} INFO - Processing /opt/airflow/dags/weather_dag.py took 0.142 seconds
[2026-08-13T03:34:55.632+0000] {processor.py:186} INFO - Started process (PID=50693) to work on /opt/airflow/dags/weather_dag.py
[2026-08-13T03:34:55.635+0000] {processor.py:914} INFO - Processing file /opt/airflow/dags/weather_dag.py for tasks to queue
[2026-08-13T03:34:55.637+0000] {logging_mixin.py:190} INFO - [2026-08-13T03:34:55.637+0000] {dagbag.py:588} INFO - Filling up the DagBag from /opt/airflow/dags/weather_dag.py
[2026-08-13T03:34:55.651+0000] {processor.py:925} INFO - DAG(s) 'weather_ingestion' retrieved from /opt/airflow/dags/weather_dag.py
[2026-08-13T03:34:55.672+0000] {logging_mixin.py:190} INFO - [2026-08-13T03:34:55.672+0000] {dag.py:3239} INFO - Sync 1 DAGs
[2026-08-13T03:34:55.687+0000] {logging_mixin.py:190} INFO - [2026-08-13T03:34:55.687+0000] {dag.py:4180} INFO - Setting next_dagrun for weather_ingestion to 2026-08-13 03:00:00+00:00, run_after=2026-08-13 04:00:00+00:00
[2026-08-13T03:34:55.695+0000] {processor.py:208} INFO - Processing /opt/airflow/dags/weather_dag.py took 0.073 seconds
[2026-08-13T03:35:26.094+0000] {processor.py:186} INFO - Started process (PID=50698) to work on /opt/airflow/dags/weather_dag.py
[2026-08-13T03:35:26.096+0000] {processor.py:914} INFO - Processing file /opt/airflow/dags/weather_dag.py for tasks to queue
[2026-08-13T03:35:26.105+0000] {logging_mixin.py:190} INFO - [2026-08-13T03:35:26.104+0000] {dagbag.py:588} INFO - Filling up the DagBag from /opt/airflow/dags/weather_dag.py
[2026-08-13T03:35:26.133+0000] {processor.py:925} INFO - DAG(s) 'weather_ingestion' retrieved from /opt/airflow/dags/weather_dag.py
[2026-08-13T03:35:26.161+0000] {logging_mixin.py:190} INFO - [2026-08-13T03:35:26.161+0000] {dag.py:3239} INFO - Sync 1 DAGs
[2026-08-13T03:35:26.199+0000] {logging_mixin.py:190} INFO - [2026-08-13T03:35:26.199+0000] {dag.py:4180} INFO - Setting next_dagrun for weather_ingestion to 2026-08-13 03:00:00+00:00, run_after=2026-08-13 04:00:00+00:00
[2026-08-13T03:35:26.212+0000] {processor.py:208} INFO - Processing /opt/airflow/dags/weather_dag.py took 0.151 seconds
[2026-08-13T03:35:56.435+0000] {processor.py:186} INFO - Started process (PID=50703) to work on /opt/airflow/dags/weather_dag.py
[2026-08-13T03:35:56.437+0000] {processor.py:914} INFO - Processing file /opt/airflow/dags/weather_dag.py for tasks to queue
[2026-08-13T03:35:56.442+0000] {logging_mixin.py:190} INFO - [2026-08-13T03:35:56.441+0000] {dagbag.py:588} INFO - Filling up the DagBag from /opt/airflow/dags/weather_dag.py
[2026-08-13T03:35:56.460+0000] {processor.py:925} INFO - DAG(s) 'weather_ingestion' retrieved from /opt/airflow/dags/weather_dag.py
[2026-08-13T03:35:56.519+0000] {logging_mixin.py:190} INFO - [2026-08-13T03:35:56.519+0000] {dag.py:3239} INFO - Sync 1 DAGs
[2026-08-13T03:35:56.540+0000] {logging_mixin.py:190} INFO - [2026-08-13T03:35:56.540+0000] {dag.py:4180} INFO - Setting next_dagrun for weather_ingestion to 2026-08-13 03:00:00+00:00, run_after=2026-08-13 04:00:00+00:00
[2026-08-13T03:35:56.552+0000] {processor.py:208} INFO - Processing /opt/airflow/dags/weather_dag.py took 0.125 seconds
[2026-08-13T03:36:26.638+0000] {processor.py:186} INFO - Started process (PID=50708) to work on /opt/airflow/dags/weather_dag.py
[2026-08-13T03:36:26.639+0000] {processor.py:914} INFO - Processing file /opt/airflow/dags/weather_dag.py for tasks to queue
[2026-08-13T03:36:26.642+0000] {logging_mixin.py:190} INFO - [2026-08-13T03:36:26.642+0000] {dagbag.py:588} INFO - Filling up the DagBag from /opt/airflow/dags/weather_dag.py
[2026-08-13T03:36:26.653+0000] {processor.py:925} INFO - DAG(s) 'weather_ingestion' retrieved from /opt/airflow/dags/weather_dag.py
[2026-08-13T03:36:26.675+0000] {logging_mixin.py:190} INFO - [2026-08-13T03:36:26.675+0000] {dag.py:3239} INFO - Sync 1 DAGs
[2026-08-13T03:36:26.691+0000] {logging_mixin.py:190} INFO - [2026-08-13T03:36:26.691+0000] {dag.py:4180} INFO - Setting next_dagrun for weather_ingestion to 2026-08-13 03:00:00+00:00, run_after=2026-08-13 04:00:00+00:00
[2026-08-13T03:36:26.700+0000] {processor.py:208} INFO - Processing /opt/airflow/dags/weather_dag.py took 0.078 seconds
[2026-08-13T03:36:59.795+0000] {processor.py:186} INFO - Started process (PID=167) to work on /opt/airflow/dags/weather_dag.py
[2026-08-13T03:36:59.795+0000] {processor.py:914} INFO - Processing file /opt/airflow/dags/weather_dag.py for tasks to queue
[2026-08-13T03:36:59.796+0000] {logging_mixin.py:190} INFO - [2026-08-13T03:36:59.796+0000] {dagbag.py:588} INFO - Filling up the DagBag from /opt/airflow/dags/weather_dag.py
[2026-08-13T03:36:59.809+0000] {processor.py:925} INFO - DAG(s) 'weather_ingestion' retrieved from /opt/airflow/dags/weather_dag.py
[2026-08-13T03:36:59.836+0000] {logging_mixin.py:190} INFO - [2026-08-13T03:36:59.836+0000] {dag.py:3239} INFO - Sync 1 DAGs
[2026-08-13T03:36:59.857+0000] {logging_mixin.py:190} INFO - [2026-08-13T03:36:59.857+0000] {dag.py:4180} INFO - Setting next_dagrun for weather_ingestion to 2026-08-13 03:00:00+00:00, run_after=2026-08-13 04:00:00+00:00
[2026-08-13T03:36:59.866+0000] {processor.py:208} INFO - Processing /opt/airflow/dags/weather_dag.py took 0.076 seconds
[2026-08-13T03:37:30.029+0000] {processor.py:186} INFO - Started process (PID=173) to work on /opt/airflow/dags/weather_dag.py
[2026-08-13T03:37:30.029+0000] {processor.py:914} INFO - Processing file /opt/airflow/dags/weather_dag.py for tasks to queue
[2026-08-13T03:37:30.033+0000] {logging_mixin.py:190} INFO - [2026-08-13T03:37:30.032+0000] {dagbag.py:588} INFO - Filling up the DagBag from /opt/airflow/dags/weather_dag.py
[2026-08-13T03:37:30.046+0000] {processor.py:925} INFO - DAG(s) 'weather_ingestion' retrieved from /opt/airflow/dags/weather_dag.py
[2026-08-13T03:37:30.071+0000] {logging_mixin.py:190} INFO - [2026-08-13T03:37:30.071+0000] {dag.py:3239} INFO - Sync 1 DAGs
[2026-08-13T03:37:30.086+0000] {logging_mixin.py:190} INFO - [2026-08-13T03:37:30.086+0000] {dag.py:4180} INFO - Setting next_dagrun for weather_ingestion to 2026-08-13 03:00:00+00:00, run_after=2026-08-13 04:00:00+00:00
[2026-08-13T03:37:30.094+0000] {processor.py:208} INFO - Processing /opt/airflow/dags/weather_dag.py took 0.073 seconds
[2026-08-13T03:38:00.387+0000] {processor.py:186} INFO - Started process (PID=178) to work on /opt/airflow/dags/weather_dag.py
[2026-08-13T03:38:00.389+0000] {processor.py:914} INFO - Processing file /opt/airflow/dags/weather_dag.py for tasks to queue
[2026-08-13T03:38:00.395+0000] {logging_mixin.py:190} INFO - [2026-08-13T03:38:00.395+0000] {dagbag.py:588} INFO - Filling up the DagBag from /opt/airflow/dags/weather_dag.py
[2026-08-13T03:38:00.410+0000] {processor.py:925} INFO - DAG(s) 'weather_ingestion' retrieved from /opt/airflow/dags/weather_dag.py
[2026-08-13T03:38:00.432+0000] {logging_mixin.py:190} INFO - [2026-08-13T03:38:00.432+0000] {dag.py:3239} INFO - Sync 1 DAGs
[2026-08-13T03:38:00.465+0000] {logging_mixin.py:190} INFO - [2026-08-13T03:38:00.465+0000] {dag.py:4180} INFO - Setting next_dagrun for weather_ingestion to 2026-08-13 03:00:00+00:00, run_after=2026-08-13 04:00:00+00:00
[2026-08-13T03:38:00.473+0000] {processor.py:208} INFO - Processing /opt/airflow/dags/weather_dag.py took 0.097 seconds
[2026-08-13T03:38:30.734+0000] {processor.py:186} INFO - Started process (PID=183) to work on /opt/airflow/dags/weather_dag.py
[2026-08-13T03:38:30.735+0000] {processor.py:914} INFO - Processing file /opt/airflow/dags/weather_dag.py for tasks to queue
[2026-08-13T03:38:30.738+0000] {logging_mixin.py:190} INFO - [2026-08-13T03:38:30.737+0000] {dagbag.py:588} INFO - Filling up the DagBag from /opt/airflow/dags/weather_dag.py
[2026-08-13T03:38:30.749+0000] {processor.py:925} INFO - DAG(s) 'weather_ingestion' retrieved from /opt/airflow/dags/weather_dag.py
[2026-08-13T03:38:30.771+0000] {logging_mixin.py:190} INFO - [2026-08-13T03:38:30.771+0000] {dag.py:3239} INFO - Sync 1 DAGs
[2026-08-13T03:38:30.784+0000] {logging_mixin.py:190} INFO - [2026-08-13T03:38:30.784+0000] {dag.py:4180} INFO - Setting next_dagrun for weather_ingestion to 2026-08-13 03:00:00+00:00, run_after=2026-08-13 04:00:00+00:00
[2026-08-13T03:38:30.792+0000] {processor.py:208} INFO - Processing /opt/airflow/dags/weather_dag.py took 0.065 seconds
[2026-08-13T03:39:01.140+0000] {processor.py:186} INFO - Started process (PID=188) to work on /opt/airflow/dags/weather_dag.py
[2026-08-13T03:39:01.141+0000] {processor.py:914} INFO - Processing file /opt/airflow/dags/weather_dag.py for tasks to queue
[2026-08-13T03:39:01.145+0000] {logging_mixin.py:190} INFO - [2026-08-13T03:39:01.145+0000] {dagbag.py:588} INFO - Filling up the DagBag from /opt/airflow/dags/weather_dag.py
[2026-08-13T03:39:01.161+0000] {processor.py:925} INFO - DAG(s) 'weather_ingestion' retrieved from /opt/airflow/dags/weather_dag.py
[2026-08-13T03:39:01.186+0000] {logging_mixin.py:190} INFO - [2026-08-13T03:39:01.186+0000] {dag.py:3239} INFO - Sync 1 DAGs
[2026-08-13T03:39:01.201+0000] {logging_mixin.py:190} INFO - [2026-08-13T03:39:01.201+0000] {dag.py:4180} INFO - Setting next_dagrun for weather_ingestion to 2026-08-13 03:00:00+00:00, run_after=2026-08-13 04:00:00+00:00
[2026-08-13T03:39:01.210+0000] {processor.py:208} INFO - Processing /opt/airflow/dags/weather_dag.py took 0.086 seconds
[2026-08-13T03:39:31.482+0000] {processor.py:186} INFO - Started process (PID=193) to work on /opt/airflow/dags/weather_dag.py
[2026-08-13T03:39:31.483+0000] {processor.py:914} INFO - Processing file /opt/airflow/dags/weather_dag.py for tasks to queue
[2026-08-13T03:39:31.487+0000] {logging_mixin.py:190} INFO - [2026-08-13T03:39:31.487+0000] {dagbag.py:588} INFO - Filling up the DagBag from /opt/airflow/dags/weather_dag.py
[2026-08-13T03:39:31.510+0000] {processor.py:925} INFO - DAG(s) 'weather_ingestion' retrieved from /opt/airflow/dags/weather_dag.py
[2026-08-13T03:39:31.533+0000] {logging_mixin.py:190} INFO - [2026-08-13T03:39:31.533+0000] {dag.py:3239} INFO - Sync 1 DAGs
[2026-08-13T03:39:31.547+0000] {logging_mixin.py:190} INFO - [2026-08-13T03:39:31.546+0000] {dag.py:4180} INFO - Setting next_dagrun for weather_ingestion to 2026-08-13 03:00:00+00:00, run_after=2026-08-13 04:00:00+00:00
[2026-08-13T03:39:31.556+0000] {processor.py:208} INFO - Processing /opt/airflow/dags/weather_dag.py took 0.085 seconds
[2026-08-13T03:40:01.877+0000] {processor.py:186} INFO - Started process (PID=198) to work on /opt/airflow/dags/weather_dag.py
[2026-08-13T03:40:01.879+0000] {processor.py:914} INFO - Processing file /opt/airflow/dags/weather_dag.py for tasks to queue
[2026-08-13T03:40:01.897+0000] {logging_mixin.py:190} INFO - [2026-08-13T03:40:01.890+0000] {dagbag.py:588} INFO - Filling up the DagBag from /opt/airflow/dags/weather_dag.py
[2026-08-13T03:40:01.925+0000] {processor.py:925} INFO - DAG(s) 'weather_ingestion' retrieved from /opt/airflow/dags/weather_dag.py
[2026-08-13T03:40:01.953+0000] {logging_mixin.py:190} INFO - [2026-08-13T03:40:01.952+0000] {dag.py:3239} INFO - Sync 1 DAGs
[2026-08-13T03:40:01.969+0000] {logging_mixin.py:190} INFO - [2026-08-13T03:40:01.969+0000] {dag.py:4180} INFO - Setting next_dagrun for weather_ingestion to 2026-08-13 03:00:00+00:00, run_after=2026-08-13 04:00:00+00:00
[2026-08-13T03:40:01.977+0000] {processor.py:208} INFO - Processing /opt/airflow/dags/weather_dag.py took 0.115 seconds
[2026-08-13T03:40:32.238+0000] {processor.py:186} INFO - Started process (PID=203) to work on /opt/airflow/dags/weather_dag.py
[2026-08-13T03:40:32.239+0000] {processor.py:914} INFO - Processing file /opt/airflow/dags/weather_dag.py for tasks to queue
[2026-08-13T03:40:32.243+0000] {logging_mixin.py:190} INFO - [2026-08-13T03:40:32.243+0000] {dagbag.py:588} INFO - Filling up the DagBag from /opt/airflow/dags/weather_dag.py
[2026-08-13T03:40:32.252+0000] {processor.py:925} INFO - DAG(s) 'weather_ingestion' retrieved from /opt/airflow/dags/weather_dag.py
[2026-08-13T03:40:32.273+0000] {logging_mixin.py:190} INFO - [2026-08-13T03:40:32.273+0000] {dag.py:3239} INFO - Sync 1 DAGs
[2026-08-13T03:40:32.292+0000] {logging_mixin.py:190} INFO - [2026-08-13T03:40:32.292+0000] {dag.py:4180} INFO - Setting next_dagrun for weather_ingestion to 2026-08-13 03:00:00+00:00, run_after=2026-08-13 04:00:00+00:00
[2026-08-13T03:40:32.302+0000] {processor.py:208} INFO - Processing /opt/airflow/dags/weather_dag.py took 0.076 seconds
[2026-08-13T03:41:02.599+0000] {processor.py:186} INFO - Started process (PID=208) to work on /opt/airflow/dags/weather_dag.py
[2026-08-13T03:41:02.600+0000] {processor.py:914} INFO - Processing file /opt/airflow/dags/weather_dag.py for tasks to queue
[2026-08-13T03:41:02.603+0000] {logging_mixin.py:190} INFO - [2026-08-13T03:41:02.602+0000] {dagbag.py:588} INFO - Filling up the DagBag from /opt/airflow/dags/weather_dag.py
[2026-08-13T03:41:02.621+0000] {processor.py:925} INFO - DAG(s) 'weather_ingestion' retrieved from /opt/airflow/dags/weather_dag.py
[2026-08-13T03:41:02.667+0000] {logging_mixin.py:190} INFO - [2026-08-13T03:41:02.667+0000] {dag.py:3239} INFO - Sync 1 DAGs
[2026-08-13T03:41:02.685+0000] {logging_mixin.py:190} INFO - [2026-08-13T03:41:02.684+0000] {dag.py:4180} INFO - Setting next_dagrun for weather_ingestion to 2026-08-13 03:00:00+00:00, run_after=2026-08-13 04:00:00+00:00
[2026-08-13T03:41:02.693+0000] {processor.py:208} INFO - Processing /opt/airflow/dags/weather_dag.py took 0.104 seconds
[2026-08-13T03:41:32.937+0000] {processor.py:186} INFO - Started process (PID=213) to work on /opt/airflow/dags/weather_dag.py
[2026-08-13T03:41:32.938+0000] {processor.py:914} INFO - Processing file /opt/airflow/dags/weather_dag.py for tasks to queue
[2026-08-13T03:41:32.941+0000] {logging_mixin.py:190} INFO - [2026-08-13T03:41:32.940+0000] {dagbag.py:588} INFO - Filling up the DagBag from /opt/airflow/dags/weather_dag.py
[2026-08-13T03:41:32.951+0000] {processor.py:925} INFO - DAG(s) 'weather_ingestion' retrieved from /opt/airflow/dags/weather_dag.py
[2026-08-13T03:41:32.970+0000] {logging_mixin.py:190} INFO - [2026-08-13T03:41:32.970+0000] {dag.py:3239} INFO - Sync 1 DAGs
[2026-08-13T03:41:32.981+0000] {logging_mixin.py:190} INFO - [2026-08-13T03:41:32.981+0000] {dag.py:4180} INFO - Setting next_dagrun for weather_ingestion to 2026-08-13 03:00:00+00:00, run_after=2026-08-13 04:00:00+00:00
[2026-08-13T03:41:32.988+0000] {processor.py:208} INFO - Processing /opt/airflow/dags/weather_dag.py took 0.058 seconds
[2026-08-13T03:42:03.396+0000] {processor.py:186} INFO - Started process (PID=218) to work on /opt/airflow/dags/weather_dag.py
[2026-08-13T03:42:03.397+0000] {processor.py:914} INFO - Processing file /opt/airflow/dags/weather_dag.py for tasks to queue
[2026-08-13T03:42:03.401+0000] {logging_mixin.py:190} INFO - [2026-08-13T03:42:03.401+0000] {dagbag.py:588} INFO - Filling up the DagBag from /opt/airflow/dags/weather_dag.py
[2026-08-13T03:42:03.419+0000] {processor.py:925} INFO - DAG(s) 'weather_ingestion' retrieved from /opt/airflow/dags/weather_dag.py
[2026-08-13T03:42:03.458+0000] {logging_mixin.py:190} INFO - [2026-08-13T03:42:03.458+0000] {dag.py:3239} INFO - Sync 1 DAGs
[2026-08-13T03:42:03.486+0000] {logging_mixin.py:190} INFO - [2026-08-13T03:42:03.486+0000] {dag.py:4180} INFO - Setting next_dagrun for weather_ingestion to 2026-08-13 03:00:00+00:00, run_after=2026-08-13 04:00:00+00:00
[2026-08-13T03:42:03.507+0000] {processor.py:208} INFO - Processing /opt/airflow/dags/weather_dag.py took 0.122 seconds
[2026-08-13T03:42:33.693+0000] {processor.py:186} INFO - Started process (PID=223) to work on /opt/airflow/dags/weather_dag.py
[2026-08-13T03:42:33.694+0000] {processor.py:914} INFO - Processing file /opt/airflow/dags/weather_dag.py for tasks to queue
[2026-08-13T03:42:33.698+0000] {logging_mixin.py:190} INFO - [2026-08-13T03:42:33.697+0000] {dagbag.py:588} INFO - Filling up the DagBag from /opt/airflow/dags/weather_dag.py
[2026-08-13T03:42:33.715+0000] {processor.py:925} INFO - DAG(s) 'weather_ingestion' retrieved from /opt/airflow/dags/weather_dag.py
[2026-08-13T03:42:33.742+0000] {logging_mixin.py:190} INFO - [2026-08-13T03:42:33.742+0000] {dag.py:3239} INFO - Sync 1 DAGs
[2026-08-13T03:42:33.758+0000] {logging_mixin.py:190} INFO - [2026-08-13T03:42:33.758+0000] {dag.py:4180} INFO - Setting next_dagrun for weather_ingestion to 2026-08-13 03:00:00+00:00, run_after=2026-08-13 04:00:00+00:00
[2026-08-13T03:42:33.768+0000] {processor.py:208} INFO - Processing /opt/airflow/dags/weather_dag.py took 0.085 seconds
[2026-08-13T03:43:04.029+0000] {processor.py:186} INFO - Started process (PID=228) to work on /opt/airflow/dags/weather_dag.py
[2026-08-13T03:43:04.031+0000] {processor.py:914} INFO - Processing file /opt/airflow/dags/weather_dag.py for tasks to queue
[2026-08-13T03:43:04.040+0000] {logging_mixin.py:190} INFO - [2026-08-13T03:43:04.039+0000] {dagbag.py:588} INFO - Filling up the DagBag from /opt/airflow/dags/weather_dag.py
[2026-08-13T03:43:04.061+0000] {processor.py:925} INFO - DAG(s) 'weather_ingestion' retrieved from /opt/airflow/dags/weather_dag.py
[2026-08-13T03:43:04.099+0000] {logging_mixin.py:190} INFO - [2026-08-13T03:43:04.099+0000] {dag.py:3239} INFO - Sync 1 DAGs
[2026-08-13T03:43:04.117+0000] {logging_mixin.py:190} INFO - [2026-08-13T03:43:04.117+0000] {dag.py:4180} INFO - Setting next_dagrun for weather_ingestion to 2026-08-13 03:00:00+00:00, run_after=2026-08-13 04:00:00+00:00
[2026-08-13T03:43:04.125+0000] {processor.py:208} INFO - Processing /opt/airflow/dags/weather_dag.py took 0.113 seconds
[2026-08-13T03:43:34.372+0000] {processor.py:186} INFO - Started process (PID=233) to work on /opt/airflow/dags/weather_dag.py
[2026-08-13T03:43:34.372+0000] {processor.py:914} INFO - Processing file /opt/airflow/dags/weather_dag.py for tasks to queue
[2026-08-13T03:43:34.373+0000] {logging_mixin.py:190} INFO - [2026-08-13T03:43:34.373+0000] {dagbag.py:588} INFO - Filling up the DagBag from /opt/airflow/dags/weather_dag.py
[2026-08-13T03:43:34.379+0000] {processor.py:925} INFO - DAG(s) 'weather_ingestion' retrieved from /opt/airflow/dags/weather_dag.py
[2026-08-13T03:43:34.393+0000] {logging_mixin.py:190} INFO - [2026-08-13T03:43:34.393+0000] {dag.py:3239} INFO - Sync 1 DAGs
[2026-08-13T03:43:34.403+0000] {logging_mixin.py:190} INFO - [2026-08-13T03:43:34.403+0000] {dag.py:4180} INFO - Setting next_dagrun for weather_ingestion to 2026-08-13 03:00:00+00:00, run_after=2026-08-13 04:00:00+00:00
[2026-08-13T03:43:34.409+0000] {processor.py:208} INFO - Processing /opt/airflow/dags/weather_dag.py took 0.042 seconds
[2026-08-13T03:44:04.758+0000] {processor.py:186} INFO - Started process (PID=238) to work on /opt/airflow/dags/weather_dag.py
[2026-08-13T03:44:04.759+0000] {processor.py:914} INFO - Processing file /opt/airflow/dags/weather_dag.py for tasks to queue
[2026-08-13T03:44:04.763+0000] {logging_mixin.py:190} INFO - [2026-08-13T03:44:04.763+0000] {dagbag.py:588} INFO - Filling up the DagBag from /opt/airflow/dags/weather_dag.py
[2026-08-13T03:44:04.780+0000] {processor.py:925} INFO - DAG(s) 'weather_ingestion' retrieved from /opt/airflow/dags/weather_dag.py
[2026-08-13T03:44:04.803+0000] {logging_mixin.py:190} INFO - [2026-08-13T03:44:04.803+0000] {dag.py:3239} INFO - Sync 1 DAGs
[2026-08-13T03:44:04.817+0000] {logging_mixin.py:190} INFO - [2026-08-13T03:44:04.817+0000] {dag.py:4180} INFO - Setting next_dagrun for weather_ingestion to 2026-08-13 03:00:00+00:00, run_after=2026-08-13 04:00:00+00:00
[2026-08-13T03:44:04.825+0000] {processor.py:208} INFO - Processing /opt/airflow/dags/weather_dag.py took 0.077 seconds
[2026-08-13T03:44:35.107+0000] {processor.py:186} INFO - Started process (PID=243) to work on /opt/airflow/dags/weather_dag.py
[2026-08-13T03:44:35.108+0000] {processor.py:914} INFO - Processing file /opt/airflow/dags/weather_dag.py for tasks to queue
[2026-08-13T03:44:35.110+0000] {logging_mixin.py:190} INFO - [2026-08-13T03:44:35.110+0000] {dagbag.py:588} INFO - Filling up the DagBag from /opt/airflow/dags/weather_dag.py
[2026-08-13T03:44:35.121+0000] {processor.py:925} INFO - DAG(s) 'weather_ingestion' retrieved from /opt/airflow/dags/weather_dag.py
[2026-08-13T03:44:35.139+0000] {logging_mixin.py:190} INFO - [2026-08-13T03:44:35.139+0000] {dag.py:3239} INFO - Sync 1 DAGs
[2026-08-13T03:44:35.150+0000] {logging_mixin.py:190} INFO - [2026-08-13T03:44:35.150+0000] {dag.py:4180} INFO - Setting next_dagrun for weather_ingestion to 2026-08-13 03:00:00+00:00, run_after=2026-08-13 04:00:00+00:00
[2026-08-13T03:44:35.158+0000] {processor.py:208} INFO - Processing /opt/airflow/dags/weather_dag.py took 0.057 seconds
[2026-08-13T03:45:05.434+0000] {processor.py:186} INFO - Started process (PID=248) to work on /opt/airflow/dags/weather_dag.py
[2026-08-13T03:45:05.436+0000] {processor.py:914} INFO - Processing file /opt/airflow/dags/weather_dag.py for tasks to queue
[2026-08-13T03:45:05.438+0000] {logging_mixin.py:190} INFO - [2026-08-13T03:45:05.438+0000] {dagbag.py:588} INFO - Filling up the DagBag from /opt/airflow/dags/weather_dag.py
[2026-08-13T03:45:05.449+0000] {processor.py:925} INFO - DAG(s) 'weather_ingestion' retrieved from /opt/airflow/dags/weather_dag.py
[2026-08-13T03:45:05.469+0000] {logging_mixin.py:190} INFO - [2026-08-13T03:45:05.469+0000] {dag.py:3239} INFO - Sync 1 DAGs
[2026-08-13T03:45:05.481+0000] {logging_mixin.py:190} INFO - [2026-08-13T03:45:05.481+0000] {dag.py:4180} INFO - Setting next_dagrun for weather_ingestion to 2026-08-13 03:00:00+00:00, run_after=2026-08-13 04:00:00+00:00
[2026-08-13T03:45:05.488+0000] {processor.py:208} INFO - Processing /opt/airflow/dags/weather_dag.py took 0.061 seconds
[2026-08-13T03:45:35.773+0000] {processor.py:186} INFO - Started process (PID=253) to work on /opt/airflow/dags/weather_dag.py
[2026-08-13T03:45:35.775+0000] {processor.py:914} INFO - Processing file /opt/airflow/dags/weather_dag.py for tasks to queue
[2026-08-13T03:45:35.778+0000] {logging_mixin.py:190} INFO - [2026-08-13T03:45:35.777+0000] {dagbag.py:588} INFO - Filling up the DagBag from /opt/airflow/dags/weather_dag.py
[2026-08-13T03:45:35.794+0000] {processor.py:925} INFO - DAG(s) 'weather_ingestion' retrieved from /opt/airflow/dags/weather_dag.py
[2026-08-13T03:45:35.819+0000] {logging_mixin.py:190} INFO - [2026-08-13T03:45:35.818+0000] {dag.py:3239} INFO - Sync 1 DAGs
[2026-08-13T03:45:35.834+0000] {logging_mixin.py:190} INFO - [2026-08-13T03:45:35.834+0000] {dag.py:4180} INFO - Setting next_dagrun for weather_ingestion to 2026-08-13 03:00:00+00:00, run_after=2026-08-13 04:00:00+00:00
[2026-08-13T03:45:35.844+0000] {processor.py:208} INFO - Processing /opt/airflow/dags/weather_dag.py took 0.080 seconds
[2026-08-13T03:46:06.124+0000] {processor.py:186} INFO - Started process (PID=258) to work on /opt/airflow/dags/weather_dag.py
[2026-08-13T03:46:06.125+0000] {processor.py:914} INFO - Processing file /opt/airflow/dags/weather_dag.py for tasks to queue
[2026-08-13T03:46:06.129+0000] {logging_mixin.py:190} INFO - [2026-08-13T03:46:06.128+0000] {dagbag.py:588} INFO - Filling up the DagBag from /opt/airflow/dags/weather_dag.py
[2026-08-13T03:46:06.140+0000] {processor.py:925} INFO - DAG(s) 'weather_ingestion' retrieved from /opt/airflow/dags/weather_dag.py
[2026-08-13T03:46:06.159+0000] {logging_mixin.py:190} INFO - [2026-08-13T03:46:06.159+0000] {dag.py:3239} INFO - Sync 1 DAGs
[2026-08-13T03:46:06.171+0000] {logging_mixin.py:190} INFO - [2026-08-13T03:46:06.171+0000] {dag.py:4180} INFO - Setting next_dagrun for weather_ingestion to 2026-08-13 03:00:00+00:00, run_after=2026-08-13 04:00:00+00:00
[2026-08-13T03:46:06.177+0000] {processor.py:208} INFO - Processing /opt/airflow/dags/weather_dag.py took 0.060 seconds
[2026-08-13T03:46:36.466+0000] {processor.py:186} INFO - Started process (PID=263) to work on /opt/airflow/dags/weather_dag.py
[2026-08-13T03:46:36.467+0000] {processor.py:914} INFO - Processing file /opt/airflow/dags/weather_dag.py for tasks to queue
[2026-08-13T03:46:36.469+0000] {logging_mixin.py:190} INFO - [2026-08-13T03:46:36.469+0000] {dagbag.py:588} INFO - Filling up the DagBag from /opt/airflow/dags/weather_dag.py
[2026-08-13T03:46:36.479+0000] {processor.py:925} INFO - DAG(s) 'weather_ingestion' retrieved from /opt/airflow/dags/weather_dag.py
[2026-08-13T03:46:36.498+0000] {logging_mixin.py:190} INFO - [2026-08-13T03:46:36.498+0000] {dag.py:3239} INFO - Sync 1 DAGs
[2026-08-13T03:46:36.510+0000] {logging_mixin.py:190} INFO - [2026-08-13T03:46:36.510+0000] {dag.py:4180} INFO - Setting next_dagrun for weather_ingestion to 2026-08-13 03:00:00+00:00, run_after=2026-08-13 04:00:00+00:00
[2026-08-13T03:46:36.518+0000] {processor.py:208} INFO - Processing /opt/airflow/dags/weather_dag.py took 0.059 seconds
[2026-08-13T03:47:06.830+0000] {processor.py:186} INFO - Started process (PID=268) to work on /opt/airflow/dags/weather_dag.py
[2026-08-13T03:47:06.831+0000] {processor.py:914} INFO - Processing file /opt/airflow/dags/weather_dag.py for tasks to queue
[2026-08-13T03:47:06.833+0000] {logging_mixin.py:190} INFO - [2026-08-13T03:47:06.833+0000] {dagbag.py:588} INFO - Filling up the DagBag from /opt/airflow/dags/weather_dag.py
[2026-08-13T03:47:06.842+0000] {processor.py:925} INFO - DAG(s) 'weather_ingestion' retrieved from /opt/airflow/dags/weather_dag.py
[2026-08-13T03:47:06.857+0000] {logging_mixin.py:190} INFO - [2026-08-13T03:47:06.857+0000] {dag.py:3239} INFO - Sync 1 DAGs
[2026-08-13T03:47:06.868+0000] {logging_mixin.py:190} INFO - [2026-08-13T03:47:06.868+0000] {dag.py:4180} INFO - Setting next_dagrun for weather_ingestion to 2026-08-13 03:00:00+00:00, run_after=2026-08-13 04:00:00+00:00
[2026-08-13T03:47:06.875+0000] {processor.py:208} INFO - Processing /opt/airflow/dags/weather_dag.py took 0.055 seconds
[2026-08-13T03:47:37.136+0000] {processor.py:186} INFO - Started process (PID=273) to work on /opt/airflow/dags/weather_dag.py
[2026-08-13T03:47:37.137+0000] {processor.py:914} INFO - Processing file /opt/airflow/dags/weather_dag.py for tasks to queue
[2026-08-13T03:47:37.139+0000] {logging_mixin.py:190} INFO - [2026-08-13T03:47:37.139+0000] {dagbag.py:588} INFO - Filling up the DagBag from /opt/airflow/dags/weather_dag.py
[2026-08-13T03:47:37.153+0000] {processor.py:925} INFO - DAG(s) 'weather_ingestion' retrieved from /opt/airflow/dags/weather_dag.py
[2026-08-13T03:47:37.175+0000] {logging_mixin.py:190} INFO - [2026-08-13T03:47:37.175+0000] {dag.py:3239} INFO - Sync 1 DAGs
[2026-08-13T03:47:37.190+0000] {logging_mixin.py:190} INFO - [2026-08-13T03:47:37.190+0000] {dag.py:4180} INFO - Setting next_dagrun for weather_ingestion to 2026-08-13 03:00:00+00:00, run_after=2026-08-13 04:00:00+00:00
[2026-08-13T03:47:37.199+0000] {processor.py:208} INFO - Processing /opt/airflow/dags/weather_dag.py took 0.070 seconds
[2026-08-13T03:48:07.480+0000] {processor.py:186} INFO - Started process (PID=278) to work on /opt/airflow/dags/weather_dag.py
[2026-08-13T03:48:07.481+0000] {processor.py:914} INFO - Processing file /opt/airflow/dags/weather_dag.py for tasks to queue
[2026-08-13T03:48:07.484+0000] {logging_mixin.py:190} INFO - [2026-08-13T03:48:07.483+0000] {dagbag.py:588} INFO - Filling up the DagBag from /opt/airflow/dags/weather_dag.py
[2026-08-13T03:48:07.495+0000] {processor.py:925} INFO - DAG(s) 'weather_ingestion' retrieved from /opt/airflow/dags/weather_dag.py
[2026-08-13T03:48:07.514+0000] {logging_mixin.py:190} INFO - [2026-08-13T03:48:07.514+0000] {dag.py:3239} INFO - Sync 1 DAGs
[2026-08-13T03:48:07.525+0000] {logging_mixin.py:190} INFO - [2026-08-13T03:48:07.525+0000] {dag.py:4180} INFO - Setting next_dagrun for weather_ingestion to 2026-08-13 03:00:00+00:00, run_after=2026-08-13 04:00:00+00:00
[2026-08-13T03:48:07.532+0000] {processor.py:208} INFO - Processing /opt/airflow/dags/weather_dag.py took 0.060 seconds
[2026-08-13T03:48:37.890+0000] {processor.py:186} INFO - Started process (PID=283) to work on /opt/airflow/dags/weather_dag.py
[2026-08-13T03:48:37.891+0000] {processor.py:914} INFO - Processing file /opt/airflow/dags/weather_dag.py for tasks to queue
[2026-08-13T03:48:37.893+0000] {logging_mixin.py:190} INFO - [2026-08-13T03:48:37.893+0000] {dagbag.py:588} INFO - Filling up the DagBag from /opt/airflow/dags/weather_dag.py
[2026-08-13T03:48:37.903+0000] {processor.py:925} INFO - DAG(s) 'weather_ingestion' retrieved from /opt/airflow/dags/weather_dag.py
[2026-08-13T03:48:37.922+0000] {logging_mixin.py:190} INFO - [2026-08-13T03:48:37.921+0000] {dag.py:3239} INFO - Sync 1 DAGs
[2026-08-13T03:48:37.933+0000] {logging_mixin.py:190} INFO - [2026-08-13T03:48:37.933+0000] {dag.py:4180} INFO - Setting next_dagrun for weather_ingestion to 2026-08-13 03:00:00+00:00, run_after=2026-08-13 04:00:00+00:00
[2026-08-13T03:48:37.940+0000] {processor.py:208} INFO - Processing /opt/airflow/dags/weather_dag.py took 0.057 seconds
[2026-08-13T03:49:08.314+0000] {processor.py:186} INFO - Started process (PID=288) to work on /opt/airflow/dags/weather_dag.py
[2026-08-13T03:49:08.315+0000] {processor.py:914} INFO - Processing file /opt/airflow/dags/weather_dag.py for tasks to queue
[2026-08-13T03:49:08.318+0000] {logging_mixin.py:190} INFO - [2026-08-13T03:49:08.318+0000] {dagbag.py:588} INFO - Filling up the DagBag from /opt/airflow/dags/weather_dag.py
[2026-08-13T03:49:08.335+0000] {processor.py:925} INFO - DAG(s) 'weather_ingestion' retrieved from /opt/airflow/dags/weather_dag.py
[2026-08-13T03:49:08.358+0000] {logging_mixin.py:190} INFO - [2026-08-13T03:49:08.358+0000] {dag.py:3239} INFO - Sync 1 DAGs
[2026-08-13T03:49:08.371+0000] {logging_mixin.py:190} INFO - [2026-08-13T03:49:08.371+0000] {dag.py:4180} INFO - Setting next_dagrun for weather_ingestion to 2026-08-13 03:00:00+00:00, run_after=2026-08-13 04:00:00+00:00
[2026-08-13T03:49:08.379+0000] {processor.py:208} INFO - Processing /opt/airflow/dags/weather_dag.py took 0.074 seconds
[2026-08-13T03:49:38.737+0000] {processor.py:186} INFO - Started process (PID=293) to work on /opt/airflow/dags/weather_dag.py
[2026-08-13T03:49:38.739+0000] {processor.py:914} INFO - Processing file /opt/airflow/dags/weather_dag.py for tasks to queue
[2026-08-13T03:49:38.741+0000] {logging_mixin.py:190} INFO - [2026-08-13T03:49:38.740+0000] {dagbag.py:588} INFO - Filling up the DagBag from /opt/airflow/dags/weather_dag.py
[2026-08-13T03:49:38.752+0000] {processor.py:925} INFO - DAG(s) 'weather_ingestion' retrieved from /opt/airflow/dags/weather_dag.py
[2026-08-13T03:49:38.772+0000] {logging_mixin.py:190} INFO - [2026-08-13T03:49:38.772+0000] {dag.py:3239} INFO - Sync 1 DAGs
[2026-08-13T03:49:38.783+0000] {logging_mixin.py:190} INFO - [2026-08-13T03:49:38.783+0000] {dag.py:4180} INFO - Setting next_dagrun for weather_ingestion to 2026-08-13 03:00:00+00:00, run_after=2026-08-13 04:00:00+00:00
[2026-08-13T03:49:38.790+0000] {processor.py:208} INFO - Processing /opt/airflow/dags/weather_dag.py took 0.060 seconds
[2026-08-13T03:50:09.097+0000] {processor.py:186} INFO - Started process (PID=298) to work on /opt/airflow/dags/weather_dag.py
[2026-08-13T03:50:09.098+0000] {processor.py:914} INFO - Processing file /opt/airflow/dags/weather_dag.py for tasks to queue
[2026-08-13T03:50:09.102+0000] {logging_mixin.py:190} INFO - [2026-08-13T03:50:09.101+0000] {dagbag.py:588} INFO - Filling up the DagBag from /opt/airflow/dags/weather_dag.py
[2026-08-13T03:50:09.116+0000] {processor.py:925} INFO - DAG(s) 'weather_ingestion' retrieved from /opt/airflow/dags/weather_dag.py
[2026-08-13T03:50:09.139+0000] {logging_mixin.py:190} INFO - [2026-08-13T03:50:09.139+0000] {dag.py:3239} INFO - Sync 1 DAGs
[2026-08-13T03:50:09.155+0000] {logging_mixin.py:190} INFO - [2026-08-13T03:50:09.155+0000] {dag.py:4180} INFO - Setting next_dagrun for weather_ingestion to 2026-08-13 03:00:00+00:00, run_after=2026-08-13 04:00:00+00:00
[2026-08-13T03:50:09.164+0000] {processor.py:208} INFO - Processing /opt/airflow/dags/weather_dag.py took 0.073 seconds
[2026-08-13T03:50:39.452+0000] {processor.py:186} INFO - Started process (PID=303) to work on /opt/airflow/dags/weather_dag.py
[2026-08-13T03:50:39.454+0000] {processor.py:914} INFO - Processing file /opt/airflow/dags/weather_dag.py for tasks to queue
[2026-08-13T03:50:39.459+0000] {logging_mixin.py:190} INFO - [2026-08-13T03:50:39.458+0000] {dagbag.py:588} INFO - Filling up the DagBag from /opt/airflow/dags/weather_dag.py
[2026-08-13T03:50:39.477+0000] {processor.py:925} INFO - DAG(s) 'weather_ingestion' retrieved from /opt/airflow/dags/weather_dag.py
[2026-08-13T03:50:39.504+0000] {logging_mixin.py:190} INFO - [2026-08-13T03:50:39.504+0000] {dag.py:3239} INFO - Sync 1 DAGs
[2026-08-13T03:50:39.520+0000] {logging_mixin.py:190} INFO - [2026-08-13T03:50:39.519+0000] {dag.py:4180} INFO - Setting next_dagrun for weather_ingestion to 2026-08-13 03:00:00+00:00, run_after=2026-08-13 04:00:00+00:00
[2026-08-13T03:50:39.529+0000] {processor.py:208} INFO - Processing /opt/airflow/dags/weather_dag.py took 0.085 seconds
[2026-08-13T03:51:09.862+0000] {processor.py:186} INFO - Started process (PID=308) to work on /opt/airflow/dags/weather_dag.py
[2026-08-13T03:51:09.863+0000] {processor.py:914} INFO - Processing file /opt/airflow/dags/weather_dag.py for tasks to queue
[2026-08-13T03:51:09.866+0000] {logging_mixin.py:190} INFO - [2026-08-13T03:51:09.866+0000] {dagbag.py:588} INFO - Filling up the DagBag from /opt/airflow/dags/weather_dag.py
[2026-08-13T03:51:09.881+0000] {processor.py:925} INFO - DAG(s) 'weather_ingestion' retrieved from /opt/airflow/dags/weather_dag.py
[2026-08-13T03:51:09.907+0000] {logging_mixin.py:190} INFO - [2026-08-13T03:51:09.907+0000] {dag.py:3239} INFO - Sync 1 DAGs
[2026-08-13T03:51:09.925+0000] {logging_mixin.py:190} INFO - [2026-08-13T03:51:09.925+0000] {dag.py:4180} INFO - Setting next_dagrun for weather_ingestion to 2026-08-13 03:00:00+00:00, run_after=2026-08-13 04:00:00+00:00
[2026-08-13T03:51:09.936+0000] {processor.py:208} INFO - Processing /opt/airflow/dags/weather_dag.py took 0.082 seconds
[2026-08-13T03:51:40.202+0000] {processor.py:186} INFO - Started process (PID=313) to work on /opt/airflow/dags/weather_dag.py
[2026-08-13T03:51:40.203+0000] {processor.py:914} INFO - Processing file /opt/airflow/dags/weather_dag.py for tasks to queue
[2026-08-13T03:51:40.206+0000] {logging_mixin.py:190} INFO - [2026-08-13T03:51:40.205+0000] {dagbag.py:588} INFO - Filling up the DagBag from /opt/airflow/dags/weather_dag.py
[2026-08-13T03:51:40.214+0000] {processor.py:925} INFO - DAG(s) 'weather_ingestion' retrieved from /opt/airflow/dags/weather_dag.py
[2026-08-13T03:51:40.232+0000] {logging_mixin.py:190} INFO - [2026-08-13T03:51:40.232+0000] {dag.py:3239} INFO - Sync 1 DAGs
[2026-08-13T03:51:40.246+0000] {logging_mixin.py:190} INFO - [2026-08-13T03:51:40.246+0000] {dag.py:4180} INFO - Setting next_dagrun for weather_ingestion to 2026-08-13 03:00:00+00:00, run_after=2026-08-13 04:00:00+00:00
[2026-08-13T03:51:40.253+0000] {processor.py:208} INFO - Processing /opt/airflow/dags/weather_dag.py took 0.056 seconds
[2026-08-13T03:52:10.605+0000] {processor.py:186} INFO - Started process (PID=318) to work on /opt/airflow/dags/weather_dag.py
[2026-08-13T03:52:10.606+0000] {processor.py:914} INFO - Processing file /opt/airflow/dags/weather_dag.py for tasks to queue
[2026-08-13T03:52:10.612+0000] {logging_mixin.py:190} INFO - [2026-08-13T03:52:10.611+0000] {dagbag.py:588} INFO - Filling up the DagBag from /opt/airflow/dags/weather_dag.py
[2026-08-13T03:52:10.636+0000] {processor.py:925} INFO - DAG(s) 'weather_ingestion' retrieved from /opt/airflow/dags/weather_dag.py
[2026-08-13T03:52:10.679+0000] {logging_mixin.py:190} INFO - [2026-08-13T03:52:10.679+0000] {dag.py:3239} INFO - Sync 1 DAGs
[2026-08-13T03:52:10.694+0000] {logging_mixin.py:190} INFO - [2026-08-13T03:52:10.694+0000] {dag.py:4180} INFO - Setting next_dagrun for weather_ingestion to 2026-08-13 03:00:00+00:00, run_after=2026-08-13 04:00:00+00:00
[2026-08-13T03:52:10.702+0000] {processor.py:208} INFO - Processing /opt/airflow/dags/weather_dag.py took 0.113 seconds
[2026-08-13T03:52:40.941+0000] {processor.py:186} INFO - Started process (PID=323) to work on /opt/airflow/dags/weather_dag.py
[2026-08-13T03:52:40.942+0000] {processor.py:914} INFO - Processing file /opt/airflow/dags/weather_dag.py for tasks to queue
[2026-08-13T03:52:40.945+0000] {logging_mixin.py:190} INFO - [2026-08-13T03:52:40.945+0000] {dagbag.py:588} INFO - Filling up the DagBag from /opt/airflow/dags/weather_dag.py
[2026-08-13T03:52:40.957+0000] {processor.py:925} INFO - DAG(s) 'weather_ingestion' retrieved from /opt/airflow/dags/weather_dag.py
[2026-08-13T03:52:40.974+0000] {logging_mixin.py:190} INFO - [2026-08-13T03:52:40.974+0000] {dag.py:3239} INFO - Sync 1 DAGs
[2026-08-13T03:52:40.985+0000] {logging_mixin.py:190} INFO - [2026-08-13T03:52:40.985+0000] {dag.py:4180} INFO - Setting next_dagrun for weather_ingestion to 2026-08-13 03:00:00+00:00, run_after=2026-08-13 04:00:00+00:00
[2026-08-13T03:52:40.992+0000] {processor.py:208} INFO - Processing /opt/airflow/dags/weather_dag.py took 0.058 seconds
[2026-08-13T03:53:11.353+0000] {processor.py:186} INFO - Started process (PID=328) to work on /opt/airflow/dags/weather_dag.py
[2026-08-13T03:53:11.355+0000] {processor.py:914} INFO - Processing file /opt/airflow/dags/weather_dag.py for tasks to queue
[2026-08-13T03:53:11.358+0000] {logging_mixin.py:190} INFO - [2026-08-13T03:53:11.358+0000] {dagbag.py:588} INFO - Filling up the DagBag from /opt/airflow/dags/weather_dag.py
[2026-08-13T03:53:11.377+0000] {processor.py:925} INFO - DAG(s) 'weather_ingestion' retrieved from /opt/airflow/dags/weather_dag.py
[2026-08-13T03:53:11.404+0000] {logging_mixin.py:190} INFO - [2026-08-13T03:53:11.404+0000] {dag.py:3239} INFO - Sync 1 DAGs
[2026-08-13T03:53:11.419+0000] {logging_mixin.py:190} INFO - [2026-08-13T03:53:11.419+0000] {dag.py:4180} INFO - Setting next_dagrun for weather_ingestion to 2026-08-13 03:00:00+00:00, run_after=2026-08-13 04:00:00+00:00
[2026-08-13T03:53:11.427+0000] {processor.py:208} INFO - Processing /opt/airflow/dags/weather_dag.py took 0.082 seconds
[2026-08-13T03:53:41.681+0000] {processor.py:186} INFO - Started process (PID=333) to work on /opt/airflow/dags/weather_dag.py
[2026-08-13T03:53:41.682+0000] {processor.py:914} INFO - Processing file /opt/airflow/dags/weather_dag.py for tasks to queue
[2026-08-13T03:53:41.684+0000] {logging_mixin.py:190} INFO - [2026-08-13T03:53:41.684+0000] {dagbag.py:588} INFO - Filling up the DagBag from /opt/airflow/dags/weather_dag.py
[2026-08-13T03:53:41.694+0000] {processor.py:925} INFO - DAG(s) 'weather_ingestion' retrieved from /opt/airflow/dags/weather_dag.py
[2026-08-13T03:53:41.712+0000] {logging_mixin.py:190} INFO - [2026-08-13T03:53:41.712+0000] {dag.py:3239} INFO - Sync 1 DAGs
[2026-08-13T03:53:41.723+0000] {logging_mixin.py:190} INFO - [2026-08-13T03:53:41.723+0000] {dag.py:4180} INFO - Setting next_dagrun for weather_ingestion to 2026-08-13 03:00:00+00:00, run_after=2026-08-13 04:00:00+00:00
[2026-08-13T03:53:41.730+0000] {processor.py:208} INFO - Processing /opt/airflow/dags/weather_dag.py took 0.059 seconds
[2026-08-13T03:54:12.078+0000] {processor.py:186} INFO - Started process (PID=338) to work on /opt/airflow/dags/weather_dag.py
[2026-08-13T03:54:12.080+0000] {processor.py:914} INFO - Processing file /opt/airflow/dags/weather_dag.py for tasks to queue
[2026-08-13T03:54:12.116+0000] {logging_mixin.py:190} INFO - [2026-08-13T03:54:12.103+0000] {dagbag.py:588} INFO - Filling up the DagBag from /opt/airflow/dags/weather_dag.py
[2026-08-13T03:54:12.133+0000] {processor.py:925} INFO - DAG(s) 'weather_ingestion' retrieved from /opt/airflow/dags/weather_dag.py
[2026-08-13T03:54:12.162+0000] {logging_mixin.py:190} INFO - [2026-08-13T03:54:12.162+0000] {dag.py:3239} INFO - Sync 1 DAGs
[2026-08-13T03:54:12.187+0000] {logging_mixin.py:190} INFO - [2026-08-13T03:54:12.187+0000] {dag.py:4180} INFO - Setting next_dagrun for weather_ingestion to 2026-08-13 03:00:00+00:00, run_after=2026-08-13 04:00:00+00:00
[2026-08-13T03:54:12.198+0000] {processor.py:208} INFO - Processing /opt/airflow/dags/weather_dag.py took 0.137 seconds
[2026-08-13T03:54:42.424+0000] {processor.py:186} INFO - Started process (PID=343) to work on /opt/airflow/dags/weather_dag.py
[2026-08-13T03:54:42.425+0000] {processor.py:914} INFO - Processing file /opt/airflow/dags/weather_dag.py for tasks to queue
[2026-08-13T03:54:42.427+0000] {logging_mixin.py:190} INFO - [2026-08-13T03:54:42.427+0000] {dagbag.py:588} INFO - Filling up the DagBag from /opt/airflow/dags/weather_dag.py
[2026-08-13T03:54:42.435+0000] {processor.py:925} INFO - DAG(s) 'weather_ingestion' retrieved from /opt/airflow/dags/weather_dag.py
[2026-08-13T03:54:42.453+0000] {logging_mixin.py:190} INFO - [2026-08-13T03:54:42.453+0000] {dag.py:3239} INFO - Sync 1 DAGs
[2026-08-13T03:54:42.464+0000] {logging_mixin.py:190} INFO - [2026-08-13T03:54:42.464+0000] {dag.py:4180} INFO - Setting next_dagrun for weather_ingestion to 2026-08-13 03:00:00+00:00, run_after=2026-08-13 04:00:00+00:00
[2026-08-13T03:54:42.472+0000] {processor.py:208} INFO - Processing /opt/airflow/dags/weather_dag.py took 0.053 seconds
[2026-08-13T03:55:12.845+0000] {processor.py:186} INFO - Started process (PID=348) to work on /opt/airflow/dags/weather_dag.py
[2026-08-13T03:55:12.846+0000] {processor.py:914} INFO - Processing file /opt/airflow/dags/weather_dag.py for tasks to queue
[2026-08-13T03:55:12.850+0000] {logging_mixin.py:190} INFO - [2026-08-13T03:55:12.850+0000] {dagbag.py:588} INFO - Filling up the DagBag from /opt/airflow/dags/weather_dag.py
[2026-08-13T03:55:12.867+0000] {processor.py:925} INFO - DAG(s) 'weather_ingestion' retrieved from /opt/airflow/dags/weather_dag.py
[2026-08-13T03:55:12.890+0000] {logging_mixin.py:190} INFO - [2026-08-13T03:55:12.890+0000] {dag.py:3239} INFO - Sync 1 DAGs
[2026-08-13T03:55:12.904+0000] {logging_mixin.py:190} INFO - [2026-08-13T03:55:12.904+0000] {dag.py:4180} INFO - Setting next_dagrun for weather_ingestion to 2026-08-13 03:00:00+00:00, run_after=2026-08-13 04:00:00+00:00
[2026-08-13T03:55:12.911+0000] {processor.py:208} INFO - Processing /opt/airflow/dags/weather_dag.py took 0.076 seconds
[2026-08-13T03:55:43.202+0000] {processor.py:186} INFO - Started process (PID=353) to work on /opt/airflow/dags/weather_dag.py
[2026-08-13T03:55:43.203+0000] {processor.py:914} INFO - Processing file /opt/airflow/dags/weather_dag.py for tasks to queue
[2026-08-13T03:55:43.205+0000] {logging_mixin.py:190} INFO - [2026-08-13T03:55:43.205+0000] {dagbag.py:588} INFO - Filling up the DagBag from /opt/airflow/dags/weather_dag.py
[2026-08-13T03:55:43.216+0000] {processor.py:925} INFO - DAG(s) 'weather_ingestion' retrieved from /opt/airflow/dags/weather_dag.py
[2026-08-13T03:55:43.236+0000] {logging_mixin.py:190} INFO - [2026-08-13T03:55:43.236+0000] {dag.py:3239} INFO - Sync 1 DAGs
[2026-08-13T03:55:43.247+0000] {logging_mixin.py:190} INFO - [2026-08-13T03:55:43.247+0000] {dag.py:4180} INFO - Setting next_dagrun for weather_ingestion to 2026-08-13 03:00:00+00:00, run_after=2026-08-13 04:00:00+00:00
[2026-08-13T03:55:43.254+0000] {processor.py:208} INFO - Processing /opt/airflow/dags/weather_dag.py took 0.059 seconds
[2026-08-13T03:56:13.541+0000] {processor.py:186} INFO - Started process (PID=358) to work on /opt/airflow/dags/weather_dag.py
[2026-08-13T03:56:13.542+0000] {processor.py:914} INFO - Processing file /opt/airflow/dags/weather_dag.py for tasks to queue
[2026-08-13T03:56:13.544+0000] {logging_mixin.py:190} INFO - [2026-08-13T03:56:13.543+0000] {dagbag.py:588} INFO - Filling up the DagBag from /opt/airflow/dags/weather_dag.py
[2026-08-13T03:56:13.553+0000] {processor.py:925} INFO - DAG(s) 'weather_ingestion' retrieved from /opt/airflow/dags/weather_dag.py
[2026-08-13T03:56:13.570+0000] {logging_mixin.py:190} INFO - [2026-08-13T03:56:13.570+0000] {dag.py:3239} INFO - Sync 1 DAGs
[2026-08-13T03:56:13.581+0000] {logging_mixin.py:190} INFO - [2026-08-13T03:56:13.581+0000] {dag.py:4180} INFO - Setting next_dagrun for weather_ingestion to 2026-08-13 03:00:00+00:00, run_after=2026-08-13 04:00:00+00:00
[2026-08-13T03:56:13.588+0000] {processor.py:208} INFO - Processing /opt/airflow/dags/weather_dag.py took 0.052 seconds
[2026-08-13T03:56:43.840+0000] {processor.py:186} INFO - Started process (PID=363) to work on /opt/airflow/dags/weather_dag.py
[2026-08-13T03:56:43.841+0000] {processor.py:914} INFO - Processing file /opt/airflow/dags/weather_dag.py for tasks to queue
[2026-08-13T03:56:43.843+0000] {logging_mixin.py:190} INFO - [2026-08-13T03:56:43.843+0000] {dagbag.py:588} INFO - Filling up the DagBag from /opt/airflow/dags/weather_dag.py
[2026-08-13T03:56:43.854+0000] {processor.py:925} INFO - DAG(s) 'weather_ingestion' retrieved from /opt/airflow/dags/weather_dag.py
[2026-08-13T03:56:43.873+0000] {logging_mixin.py:190} INFO - [2026-08-13T03:56:43.873+0000] {dag.py:3239} INFO - Sync 1 DAGs
[2026-08-13T03:56:43.885+0000] {logging_mixin.py:190} INFO - [2026-08-13T03:56:43.884+0000] {dag.py:4180} INFO - Setting next_dagrun for weather_ingestion to 2026-08-13 03:00:00+00:00, run_after=2026-08-13 04:00:00+00:00
[2026-08-13T03:56:43.892+0000] {processor.py:208} INFO - Processing /opt/airflow/dags/weather_dag.py took 0.057 seconds
[2026-08-13T03:57:14.189+0000] {processor.py:186} INFO - Started process (PID=368) to work on /opt/airflow/dags/weather_dag.py
[2026-08-13T03:57:14.190+0000] {processor.py:914} INFO - Processing file /opt/airflow/dags/weather_dag.py for tasks to queue
[2026-08-13T03:57:14.194+0000] {logging_mixin.py:190} INFO - [2026-08-13T03:57:14.193+0000] {dagbag.py:588} INFO - Filling up the DagBag from /opt/airflow/dags/weather_dag.py
[2026-08-13T03:57:14.206+0000] {processor.py:925} INFO - DAG(s) 'weather_ingestion' retrieved from /opt/airflow/dags/weather_dag.py
[2026-08-13T03:57:14.227+0000] {logging_mixin.py:190} INFO - [2026-08-13T03:57:14.227+0000] {dag.py:3239} INFO - Sync 1 DAGs
[2026-08-13T03:57:14.241+0000] {logging_mixin.py:190} INFO - [2026-08-13T03:57:14.241+0000] {dag.py:4180} INFO - Setting next_dagrun for weather_ingestion to 2026-08-13 03:00:00+00:00, run_after=2026-08-13 04:00:00+00:00
[2026-08-13T03:57:14.249+0000] {processor.py:208} INFO - Processing /opt/airflow/dags/weather_dag.py took 0.067 seconds
[2026-08-13T03:57:44.533+0000] {processor.py:186} INFO - Started process (PID=373) to work on /opt/airflow/dags/weather_dag.py
[2026-08-13T03:57:44.534+0000] {processor.py:914} INFO - Processing file /opt/airflow/dags/weather_dag.py for tasks to queue
[2026-08-13T03:57:44.537+0000] {logging_mixin.py:190} INFO - [2026-08-13T03:57:44.537+0000] {dagbag.py:588} INFO - Filling up the DagBag from /opt/airflow/dags/weather_dag.py
[2026-08-13T03:57:44.546+0000] {processor.py:925} INFO - DAG(s) 'weather_ingestion' retrieved from /opt/airflow/dags/weather_dag.py
[2026-08-13T03:57:44.564+0000] {logging_mixin.py:190} INFO - [2026-08-13T03:57:44.564+0000] {dag.py:3239} INFO - Sync 1 DAGs
[2026-08-13T03:57:44.577+0000] {logging_mixin.py:190} INFO - [2026-08-13T03:57:44.577+0000] {dag.py:4180} INFO - Setting next_dagrun for weather_ingestion to 2026-08-13 03:00:00+00:00, run_after=2026-08-13 04:00:00+00:00
[2026-08-13T03:57:44.583+0000] {processor.py:208} INFO - Processing /opt/airflow/dags/weather_dag.py took 0.057 seconds
[2026-08-13T03:58:14.897+0000] {processor.py:186} INFO - Started process (PID=378) to work on /opt/airflow/dags/weather_dag.py
[2026-08-13T03:58:14.898+0000] {processor.py:914} INFO - Processing file /opt/airflow/dags/weather_dag.py for tasks to queue
[2026-08-13T03:58:14.901+0000] {logging_mixin.py:190} INFO - [2026-08-13T03:58:14.900+0000] {dagbag.py:588} INFO - Filling up the DagBag from /opt/airflow/dags/weather_dag.py
[2026-08-13T03:58:14.911+0000] {processor.py:925} INFO - DAG(s) 'weather_ingestion' retrieved from /opt/airflow/dags/weather_dag.py
[2026-08-13T03:58:14.930+0000] {logging_mixin.py:190} INFO - [2026-08-13T03:58:14.930+0000] {dag.py:3239} INFO - Sync 1 DAGs
[2026-08-13T03:58:14.943+0000] {logging_mixin.py:190} INFO - [2026-08-13T03:58:14.943+0000] {dag.py:4180} INFO - Setting next_dagrun for weather_ingestion to 2026-08-13 03:00:00+00:00, run_after=2026-08-13 04:00:00+00:00
[2026-08-13T03:58:14.951+0000] {processor.py:208} INFO - Processing /opt/airflow/dags/weather_dag.py took 0.063 seconds
[2026-08-13T03:58:45.266+0000] {processor.py:186} INFO - Started process (PID=383) to work on /opt/airflow/dags/weather_dag.py
[2026-08-13T03:58:45.267+0000] {processor.py:914} INFO - Processing file /opt/airflow/dags/weather_dag.py for tasks to queue
[2026-08-13T03:58:45.270+0000] {logging_mixin.py:190} INFO - [2026-08-13T03:58:45.269+0000] {dagbag.py:588} INFO - Filling up the DagBag from /opt/airflow/dags/weather_dag.py
[2026-08-13T03:58:45.281+0000] {processor.py:925} INFO - DAG(s) 'weather_ingestion' retrieved from /opt/airflow/dags/weather_dag.py
[2026-08-13T03:58:45.303+0000] {logging_mixin.py:190} INFO - [2026-08-13T03:58:45.303+0000] {dag.py:3239} INFO - Sync 1 DAGs
[2026-08-13T03:58:45.316+0000] {logging_mixin.py:190} INFO - [2026-08-13T03:58:45.316+0000] {dag.py:4180} INFO - Setting next_dagrun for weather_ingestion to 2026-08-13 03:00:00+00:00, run_after=2026-08-13 04:00:00+00:00
[2026-08-13T03:58:45.324+0000] {processor.py:208} INFO - Processing /opt/airflow/dags/weather_dag.py took 0.064 seconds
[2026-08-13T03:59:15.694+0000] {processor.py:186} INFO - Started process (PID=388) to work on /opt/airflow/dags/weather_dag.py
[2026-08-13T03:59:15.695+0000] {processor.py:914} INFO - Processing file /opt/airflow/dags/weather_dag.py for tasks to queue
[2026-08-13T03:59:15.697+0000] {logging_mixin.py:190} INFO - [2026-08-13T03:59:15.696+0000] {dagbag.py:588} INFO - Filling up the DagBag from /opt/airflow/dags/weather_dag.py
[2026-08-13T03:59:15.707+0000] {processor.py:925} INFO - DAG(s) 'weather_ingestion' retrieved from /opt/airflow/dags/weather_dag.py
[2026-08-13T03:59:15.725+0000] {logging_mixin.py:190} INFO - [2026-08-13T03:59:15.725+0000] {dag.py:3239} INFO - Sync 1 DAGs
[2026-08-13T03:59:15.737+0000] {logging_mixin.py:190} INFO - [2026-08-13T03:59:15.737+0000] {dag.py:4180} INFO - Setting next_dagrun for weather_ingestion to 2026-08-13 03:00:00+00:00, run_after=2026-08-13 04:00:00+00:00
[2026-08-13T03:59:15.744+0000] {processor.py:208} INFO - Processing /opt/airflow/dags/weather_dag.py took 0.057 seconds
[2026-08-13T03:59:46.102+0000] {processor.py:186} INFO - Started process (PID=393) to work on /opt/airflow/dags/weather_dag.py
[2026-08-13T03:59:46.103+0000] {processor.py:914} INFO - Processing file /opt/airflow/dags/weather_dag.py for tasks to queue
[2026-08-13T03:59:46.105+0000] {logging_mixin.py:190} INFO - [2026-08-13T03:59:46.105+0000] {dagbag.py:588} INFO - Filling up the DagBag from /opt/airflow/dags/weather_dag.py
[2026-08-13T03:59:46.114+0000] {processor.py:925} INFO - DAG(s) 'weather_ingestion' retrieved from /opt/airflow/dags/weather_dag.py
[2026-08-13T03:59:46.130+0000] {logging_mixin.py:190} INFO - [2026-08-13T03:59:46.130+0000] {dag.py:3239} INFO - Sync 1 DAGs
[2026-08-13T03:59:46.141+0000] {logging_mixin.py:190} INFO - [2026-08-13T03:59:46.141+0000] {dag.py:4180} INFO - Setting next_dagrun for weather_ingestion to 2026-08-13 03:00:00+00:00, run_after=2026-08-13 04:00:00+00:00
[2026-08-13T03:59:46.149+0000] {processor.py:208} INFO - Processing /opt/airflow/dags/weather_dag.py took 0.053 seconds
[2026-08-13T04:00:16.489+0000] {processor.py:186} INFO - Started process (PID=403) to work on /opt/airflow/dags/weather_dag.py
[2026-08-13T04:00:16.490+0000] {processor.py:914} INFO - Processing file /opt/airflow/dags/weather_dag.py for tasks to queue
[2026-08-13T04:00:16.495+0000] {logging_mixin.py:190} INFO - [2026-08-13T04:00:16.494+0000] {dagbag.py:588} INFO - Filling up the DagBag from /opt/airflow/dags/weather_dag.py
[2026-08-13T04:00:16.510+0000] {processor.py:925} INFO - DAG(s) 'weather_ingestion' retrieved from /opt/airflow/dags/weather_dag.py
[2026-08-13T04:00:16.533+0000] {logging_mixin.py:190} INFO - [2026-08-13T04:00:16.533+0000] {dag.py:3239} INFO - Sync 1 DAGs
[2026-08-13T04:00:16.560+0000] {logging_mixin.py:190} INFO - [2026-08-13T04:00:16.560+0000] {dag.py:4180} INFO - Setting next_dagrun for weather_ingestion to 2026-08-13 04:00:00+00:00, run_after=2026-08-13 05:00:00+00:00
[2026-08-13T04:00:16.568+0000] {processor.py:208} INFO - Processing /opt/airflow/dags/weather_dag.py took 0.097 seconds
[2026-08-13T04:00:46.868+0000] {processor.py:186} INFO - Started process (PID=408) to work on /opt/airflow/dags/weather_dag.py
[2026-08-13T04:00:46.870+0000] {processor.py:914} INFO - Processing file /opt/airflow/dags/weather_dag.py for tasks to queue
[2026-08-13T04:00:46.876+0000] {logging_mixin.py:190} INFO - [2026-08-13T04:00:46.875+0000] {dagbag.py:588} INFO - Filling up the DagBag from /opt/airflow/dags/weather_dag.py
[2026-08-13T04:00:46.902+0000] {processor.py:925} INFO - DAG(s) 'weather_ingestion' retrieved from /opt/airflow/dags/weather_dag.py
[2026-08-13T04:00:46.933+0000] {logging_mixin.py:190} INFO - [2026-08-13T04:00:46.933+0000] {dag.py:3239} INFO - Sync 1 DAGs
[2026-08-13T04:00:46.948+0000] {logging_mixin.py:190} INFO - [2026-08-13T04:00:46.948+0000] {dag.py:4180} INFO - Setting next_dagrun for weather_ingestion to 2026-08-13 04:00:00+00:00, run_after=2026-08-13 05:00:00+00:00
[2026-08-13T04:00:46.955+0000] {processor.py:208} INFO - Processing /opt/airflow/dags/weather_dag.py took 0.103 seconds
[2026-08-13T04:01:17.242+0000] {processor.py:186} INFO - Started process (PID=413) to work on /opt/airflow/dags/weather_dag.py
[2026-08-13T04:01:17.243+0000] {processor.py:914} INFO - Processing file /opt/airflow/dags/weather_dag.py for tasks to queue
[2026-08-13T04:01:17.247+0000] {logging_mixin.py:190} INFO - [2026-08-13T04:01:17.246+0000] {dagbag.py:588} INFO - Filling up the DagBag from /opt/airflow/dags/weather_dag.py
[2026-08-13T04:01:17.267+0000] {processor.py:925} INFO - DAG(s) 'weather_ingestion' retrieved from /opt/airflow/dags/weather_dag.py
[2026-08-13T04:01:17.297+0000] {logging_mixin.py:190} INFO - [2026-08-13T04:01:17.297+0000] {dag.py:3239} INFO - Sync 1 DAGs
[2026-08-13T04:01:17.313+0000] {logging_mixin.py:190} INFO - [2026-08-13T04:01:17.313+0000] {dag.py:4180} INFO - Setting next_dagrun for weather_ingestion to 2026-08-13 04:00:00+00:00, run_after=2026-08-13 05:00:00+00:00
[2026-08-13T04:01:17.321+0000] {processor.py:208} INFO - Processing /opt/airflow/dags/weather_dag.py took 0.088 seconds
[2026-08-13T04:01:47.594+0000] {processor.py:186} INFO - Started process (PID=418) to work on /opt/airflow/dags/weather_dag.py
[2026-08-13T04:01:47.595+0000] {processor.py:914} INFO - Processing file /opt/airflow/dags/weather_dag.py for tasks to queue
[2026-08-13T04:01:47.598+0000] {logging_mixin.py:190} INFO - [2026-08-13T04:01:47.597+0000] {dagbag.py:588} INFO - Filling up the DagBag from /opt/airflow/dags/weather_dag.py
[2026-08-13T04:01:47.609+0000] {processor.py:925} INFO - DAG(s) 'weather_ingestion' retrieved from /opt/airflow/dags/weather_dag.py
[2026-08-13T04:01:47.628+0000] {logging_mixin.py:190} INFO - [2026-08-13T04:01:47.628+0000] {dag.py:3239} INFO - Sync 1 DAGs
[2026-08-13T04:01:47.639+0000] {logging_mixin.py:190} INFO - [2026-08-13T04:01:47.639+0000] {dag.py:4180} INFO - Setting next_dagrun for weather_ingestion to 2026-08-13 04:00:00+00:00, run_after=2026-08-13 05:00:00+00:00
[2026-08-13T04:01:47.646+0000] {processor.py:208} INFO - Processing /opt/airflow/dags/weather_dag.py took 0.058 seconds
[2026-08-13T04:02:17.892+0000] {processor.py:186} INFO - Started process (PID=489) to work on /opt/airflow/dags/weather_dag.py
[2026-08-13T04:02:17.893+0000] {processor.py:914} INFO - Processing file /opt/airflow/dags/weather_dag.py for tasks to queue
[2026-08-13T04:02:17.901+0000] {logging_mixin.py:190} INFO - [2026-08-13T04:02:17.899+0000] {dagbag.py:588} INFO - Filling up the DagBag from /opt/airflow/dags/weather_dag.py
[2026-08-13T04:02:17.931+0000] {processor.py:925} INFO - DAG(s) 'weather_ingestion' retrieved from /opt/airflow/dags/weather_dag.py
[2026-08-13T04:02:17.972+0000] {logging_mixin.py:190} INFO - [2026-08-13T04:02:17.972+0000] {dag.py:3239} INFO - Sync 1 DAGs
[2026-08-13T04:02:17.998+0000] {logging_mixin.py:190} INFO - [2026-08-13T04:02:17.998+0000] {dag.py:4180} INFO - Setting next_dagrun for weather_ingestion to 2026-08-13 04:00:00+00:00, run_after=2026-08-13 05:00:00+00:00
[2026-08-13T04:02:18.011+0000] {processor.py:208} INFO - Processing /opt/airflow/dags/weather_dag.py took 0.137 seconds
[2026-08-13T04:02:48.137+0000] {processor.py:186} INFO - Started process (PID=811) to work on /opt/airflow/dags/weather_dag.py
[2026-08-13T04:02:48.138+0000] {processor.py:914} INFO - Processing file /opt/airflow/dags/weather_dag.py for tasks to queue
[2026-08-13T04:02:48.140+0000] {logging_mixin.py:190} INFO - [2026-08-13T04:02:48.140+0000] {dagbag.py:588} INFO - Filling up the DagBag from /opt/airflow/dags/weather_dag.py
[2026-08-13T04:02:48.151+0000] {processor.py:925} INFO - DAG(s) 'weather_ingestion' retrieved from /opt/airflow/dags/weather_dag.py
[2026-08-13T04:02:48.174+0000] {logging_mixin.py:190} INFO - [2026-08-13T04:02:48.174+0000] {dag.py:3239} INFO - Sync 1 DAGs
[2026-08-13T04:02:48.191+0000] {logging_mixin.py:190} INFO - [2026-08-13T04:02:48.191+0000] {dag.py:4180} INFO - Setting next_dagrun for weather_ingestion to 2026-08-13 04:00:00+00:00, run_after=2026-08-13 05:00:00+00:00
[2026-08-13T04:02:48.197+0000] {processor.py:208} INFO - Processing /opt/airflow/dags/weather_dag.py took 0.066 seconds
[2026-08-13T04:20:05.606+0000] {processor.py:186} INFO - Started process (PID=816) to work on /opt/airflow/dags/weather_dag.py
[2026-08-13T04:20:05.607+0000] {processor.py:914} INFO - Processing file /opt/airflow/dags/weather_dag.py for tasks to queue
[2026-08-13T04:20:05.612+0000] {logging_mixin.py:190} INFO - [2026-08-13T04:20:05.612+0000] {dagbag.py:588} INFO - Filling up the DagBag from /opt/airflow/dags/weather_dag.py
[2026-08-13T04:20:05.635+0000] {processor.py:925} INFO - DAG(s) 'weather_ingestion' retrieved from /opt/airflow/dags/weather_dag.py
[2026-08-13T04:20:05.666+0000] {logging_mixin.py:190} INFO - [2026-08-13T04:20:05.666+0000] {dag.py:3239} INFO - Sync 1 DAGs
[2026-08-13T04:20:05.702+0000] {logging_mixin.py:190} INFO - [2026-08-13T04:20:05.702+0000] {dag.py:4180} INFO - Setting next_dagrun for weather_ingestion to 2026-08-13 04:00:00+00:00, run_after=2026-08-13 05:00:00+00:00
[2026-08-13T04:20:05.713+0000] {processor.py:208} INFO - Processing /opt/airflow/dags/weather_dag.py took 0.116 seconds
[2026-08-13T04:20:36.070+0000] {processor.py:186} INFO - Started process (PID=821) to work on /opt/airflow/dags/weather_dag.py
[2026-08-13T04:20:36.082+0000] {processor.py:914} INFO - Processing file /opt/airflow/dags/weather_dag.py for tasks to queue
[2026-08-13T04:20:36.097+0000] {logging_mixin.py:190} INFO - [2026-08-13T04:20:36.095+0000] {dagbag.py:588} INFO - Filling up the DagBag from /opt/airflow/dags/weather_dag.py
[2026-08-13T04:20:36.122+0000] {processor.py:925} INFO - DAG(s) 'weather_ingestion' retrieved from /opt/airflow/dags/weather_dag.py
[2026-08-13T04:20:36.155+0000] {logging_mixin.py:190} INFO - [2026-08-13T04:20:36.154+0000] {dag.py:3239} INFO - Sync 1 DAGs
[2026-08-13T04:20:36.174+0000] {logging_mixin.py:190} INFO - [2026-08-13T04:20:36.174+0000] {dag.py:4180} INFO - Setting next_dagrun for weather_ingestion to 2026-08-13 04:00:00+00:00, run_after=2026-08-13 05:00:00+00:00
[2026-08-13T04:20:36.183+0000] {processor.py:208} INFO - Processing /opt/airflow/dags/weather_dag.py took 0.140 seconds
[2026-08-13T04:21:06.463+0000] {processor.py:186} INFO - Started process (PID=826) to work on /opt/airflow/dags/weather_dag.py
[2026-08-13T04:21:06.466+0000] {processor.py:914} INFO - Processing file /opt/airflow/dags/weather_dag.py for tasks to queue
[2026-08-13T04:21:06.469+0000] {logging_mixin.py:190} INFO - [2026-08-13T04:21:06.468+0000] {dagbag.py:588} INFO - Filling up the DagBag from /opt/airflow/dags/weather_dag.py
[2026-08-13T04:21:06.488+0000] {processor.py:925} INFO - DAG(s) 'weather_ingestion' retrieved from /opt/airflow/dags/weather_dag.py
[2026-08-13T04:21:06.511+0000] {logging_mixin.py:190} INFO - [2026-08-13T04:21:06.511+0000] {dag.py:3239} INFO - Sync 1 DAGs
[2026-08-13T04:21:06.527+0000] {logging_mixin.py:190} INFO - [2026-08-13T04:21:06.526+0000] {dag.py:4180} INFO - Setting next_dagrun for weather_ingestion to 2026-08-13 04:00:00+00:00, run_after=2026-08-13 05:00:00+00:00
[2026-08-13T04:21:06.535+0000] {processor.py:208} INFO - Processing /opt/airflow/dags/weather_dag.py took 0.083 seconds
[2026-08-13T04:21:36.896+0000] {processor.py:186} INFO - Started process (PID=831) to work on /opt/airflow/dags/weather_dag.py
[2026-08-13T04:21:36.898+0000] {processor.py:914} INFO - Processing file /opt/airflow/dags/weather_dag.py for tasks to queue
[2026-08-13T04:21:36.900+0000] {logging_mixin.py:190} INFO - [2026-08-13T04:21:36.900+0000] {dagbag.py:588} INFO - Filling up the DagBag from /opt/airflow/dags/weather_dag.py
[2026-08-13T04:21:36.917+0000] {processor.py:925} INFO - DAG(s) 'weather_ingestion' retrieved from /opt/airflow/dags/weather_dag.py
[2026-08-13T04:21:36.941+0000] {logging_mixin.py:190} INFO - [2026-08-13T04:21:36.941+0000] {dag.py:3239} INFO - Sync 1 DAGs
[2026-08-13T04:21:36.951+0000] {logging_mixin.py:190} INFO - [2026-08-13T04:21:36.951+0000] {dag.py:4180} INFO - Setting next_dagrun for weather_ingestion to 2026-08-13 04:00:00+00:00, run_after=2026-08-13 05:00:00+00:00
[2026-08-13T04:21:36.958+0000] {processor.py:208} INFO - Processing /opt/airflow/dags/weather_dag.py took 0.070 seconds
[2026-08-13T04:22:07.258+0000] {processor.py:186} INFO - Started process (PID=836) to work on /opt/airflow/dags/weather_dag.py
[2026-08-13T04:22:07.261+0000] {processor.py:914} INFO - Processing file /opt/airflow/dags/weather_dag.py for tasks to queue
[2026-08-13T04:22:07.265+0000] {logging_mixin.py:190} INFO - [2026-08-13T04:22:07.264+0000] {dagbag.py:588} INFO - Filling up the DagBag from /opt/airflow/dags/weather_dag.py
[2026-08-13T04:22:07.284+0000] {processor.py:925} INFO - DAG(s) 'weather_ingestion' retrieved from /opt/airflow/dags/weather_dag.py
[2026-08-13T04:22:07.309+0000] {logging_mixin.py:190} INFO - [2026-08-13T04:22:07.309+0000] {dag.py:3239} INFO - Sync 1 DAGs
[2026-08-13T04:22:07.324+0000] {logging_mixin.py:190} INFO - [2026-08-13T04:22:07.323+0000] {dag.py:4180} INFO - Setting next_dagrun for weather_ingestion to 2026-08-13 04:00:00+00:00, run_after=2026-08-13 05:00:00+00:00
[2026-08-13T04:22:07.331+0000] {processor.py:208} INFO - Processing /opt/airflow/dags/weather_dag.py took 0.087 seconds
[2026-08-13T04:22:37.610+0000] {processor.py:186} INFO - Started process (PID=841) to work on /opt/airflow/dags/weather_dag.py
[2026-08-13T04:22:37.612+0000] {processor.py:914} INFO - Processing file /opt/airflow/dags/weather_dag.py for tasks to queue
[2026-08-13T04:22:37.614+0000] {logging_mixin.py:190} INFO - [2026-08-13T04:22:37.614+0000] {dagbag.py:588} INFO - Filling up the DagBag from /opt/airflow/dags/weather_dag.py
[2026-08-13T04:22:37.625+0000] {processor.py:925} INFO - DAG(s) 'weather_ingestion' retrieved from /opt/airflow/dags/weather_dag.py
[2026-08-13T04:22:37.642+0000] {logging_mixin.py:190} INFO - [2026-08-13T04:22:37.642+0000] {dag.py:3239} INFO - Sync 1 DAGs
[2026-08-13T04:22:37.654+0000] {logging_mixin.py:190} INFO - [2026-08-13T04:22:37.654+0000] {dag.py:4180} INFO - Setting next_dagrun for weather_ingestion to 2026-08-13 04:00:00+00:00, run_after=2026-08-13 05:00:00+00:00
[2026-08-13T04:22:37.699+0000] {processor.py:208} INFO - Processing /opt/airflow/dags/weather_dag.py took 0.096 seconds
[2026-08-13T04:38:57.529+0000] {processor.py:186} INFO - Started process (PID=846) to work on /opt/airflow/dags/weather_dag.py
[2026-08-13T04:38:57.531+0000] {processor.py:914} INFO - Processing file /opt/airflow/dags/weather_dag.py for tasks to queue
[2026-08-13T04:38:57.536+0000] {logging_mixin.py:190} INFO - [2026-08-13T04:38:57.535+0000] {dagbag.py:588} INFO - Filling up the DagBag from /opt/airflow/dags/weather_dag.py
[2026-08-13T04:38:57.555+0000] {processor.py:925} INFO - DAG(s) 'weather_ingestion' retrieved from /opt/airflow/dags/weather_dag.py
[2026-08-13T04:38:57.586+0000] {logging_mixin.py:190} INFO - [2026-08-13T04:38:57.586+0000] {dag.py:3239} INFO - Sync 1 DAGs
[2026-08-13T04:38:57.604+0000] {logging_mixin.py:190} INFO - [2026-08-13T04:38:57.604+0000] {dag.py:4180} INFO - Setting next_dagrun for weather_ingestion to 2026-08-13 04:00:00+00:00, run_after=2026-08-13 05:00:00+00:00
[2026-08-13T04:38:57.615+0000] {processor.py:208} INFO - Processing /opt/airflow/dags/weather_dag.py took 0.101 seconds
[2026-08-13T04:39:28.001+0000] {processor.py:186} INFO - Started process (PID=851) to work on /opt/airflow/dags/weather_dag.py
[2026-08-13T04:39:28.004+0000] {processor.py:914} INFO - Processing file /opt/airflow/dags/weather_dag.py for tasks to queue
[2026-08-13T04:39:28.010+0000] {logging_mixin.py:190} INFO - [2026-08-13T04:39:28.009+0000] {dagbag.py:588} INFO - Filling up the DagBag from /opt/airflow/dags/weather_dag.py
[2026-08-13T04:39:28.034+0000] {processor.py:925} INFO - DAG(s) 'weather_ingestion' retrieved from /opt/airflow/dags/weather_dag.py
[2026-08-13T04:39:28.064+0000] {logging_mixin.py:190} INFO - [2026-08-13T04:39:28.063+0000] {dag.py:3239} INFO - Sync 1 DAGs
[2026-08-13T04:39:28.081+0000] {logging_mixin.py:190} INFO - [2026-08-13T04:39:28.081+0000] {dag.py:4180} INFO - Setting next_dagrun for weather_ingestion to 2026-08-13 04:00:00+00:00, run_after=2026-08-13 05:00:00+00:00
[2026-08-13T04:39:28.090+0000] {processor.py:208} INFO - Processing /opt/airflow/dags/weather_dag.py took 0.139 seconds
[2026-08-13T04:56:15.783+0000] {processor.py:186} INFO - Started process (PID=856) to work on /opt/airflow/dags/weather_dag.py
[2026-08-13T04:56:15.784+0000] {processor.py:914} INFO - Processing file /opt/airflow/dags/weather_dag.py for tasks to queue
[2026-08-13T04:56:15.789+0000] {logging_mixin.py:190} INFO - [2026-08-13T04:56:15.788+0000] {dagbag.py:588} INFO - Filling up the DagBag from /opt/airflow/dags/weather_dag.py
[2026-08-13T04:56:15.818+0000] {processor.py:925} INFO - DAG(s) 'weather_ingestion' retrieved from /opt/airflow/dags/weather_dag.py
[2026-08-13T04:56:15.844+0000] {logging_mixin.py:190} INFO - [2026-08-13T04:56:15.844+0000] {dag.py:3239} INFO - Sync 1 DAGs
[2026-08-13T04:56:15.861+0000] {logging_mixin.py:190} INFO - [2026-08-13T04:56:15.861+0000] {dag.py:4180} INFO - Setting next_dagrun for weather_ingestion to 2026-08-13 04:00:00+00:00, run_after=2026-08-13 05:00:00+00:00
[2026-08-13T04:56:15.871+0000] {processor.py:208} INFO - Processing /opt/airflow/dags/weather_dag.py took 0.096 seconds
[2026-08-13T04:56:46.180+0000] {processor.py:186} INFO - Started process (PID=861) to work on /opt/airflow/dags/weather_dag.py
[2026-08-13T04:56:46.182+0000] {processor.py:914} INFO - Processing file /opt/airflow/dags/weather_dag.py for tasks to queue
[2026-08-13T04:56:46.187+0000] {logging_mixin.py:190} INFO - [2026-08-13T04:56:46.186+0000] {dagbag.py:588} INFO - Filling up the DagBag from /opt/airflow/dags/weather_dag.py
[2026-08-13T04:56:46.209+0000] {processor.py:925} INFO - DAG(s) 'weather_ingestion' retrieved from /opt/airflow/dags/weather_dag.py
[2026-08-13T04:56:46.263+0000] {logging_mixin.py:190} INFO - [2026-08-13T04:56:46.263+0000] {dag.py:3239} INFO - Sync 1 DAGs
[2026-08-13T04:56:46.310+0000] {logging_mixin.py:190} INFO - [2026-08-13T04:56:46.310+0000] {dag.py:4180} INFO - Setting next_dagrun for weather_ingestion to 2026-08-13 04:00:00+00:00, run_after=2026-08-13 05:00:00+00:00
[2026-08-13T04:56:46.323+0000] {processor.py:208} INFO - Processing /opt/airflow/dags/weather_dag.py took 0.156 seconds
[2026-08-13T05:14:48.583+0000] {processor.py:186} INFO - Started process (PID=866) to work on /opt/airflow/dags/weather_dag.py
[2026-08-13T05:14:48.592+0000] {processor.py:914} INFO - Processing file /opt/airflow/dags/weather_dag.py for tasks to queue
[2026-08-13T05:14:48.600+0000] {logging_mixin.py:190} INFO - [2026-08-13T05:14:48.600+0000] {dagbag.py:588} INFO - Filling up the DagBag from /opt/airflow/dags/weather_dag.py
[2026-08-13T05:14:48.644+0000] {processor.py:925} INFO - DAG(s) 'weather_ingestion' retrieved from /opt/airflow/dags/weather_dag.py
[2026-08-13T05:14:48.738+0000] {logging_mixin.py:190} INFO - [2026-08-13T05:14:48.737+0000] {dag.py:3239} INFO - Sync 1 DAGs
[2026-08-13T05:14:48.818+0000] {logging_mixin.py:190} INFO - [2026-08-13T05:14:48.818+0000] {dag.py:4180} INFO - Setting next_dagrun for weather_ingestion to 2026-08-13 05:00:00+00:00, run_after=2026-08-13 06:00:00+00:00
[2026-08-13T05:14:48.883+0000] {processor.py:208} INFO - Processing /opt/airflow/dags/weather_dag.py took 0.324 seconds
[2026-08-13T05:15:18.979+0000] {processor.py:186} INFO - Started process (PID=876) to work on /opt/airflow/dags/weather_dag.py
[2026-08-13T05:15:18.981+0000] {processor.py:914} INFO - Processing file /opt/airflow/dags/weather_dag.py for tasks to queue
[2026-08-13T05:15:18.987+0000] {logging_mixin.py:190} INFO - [2026-08-13T05:15:18.986+0000] {dagbag.py:588} INFO - Filling up the DagBag from /opt/airflow/dags/weather_dag.py
[2026-08-13T05:15:19.018+0000] {processor.py:925} INFO - DAG(s) 'weather_ingestion' retrieved from /opt/airflow/dags/weather_dag.py
[2026-08-13T05:15:19.077+0000] {logging_mixin.py:190} INFO - [2026-08-13T05:15:19.077+0000] {dag.py:3239} INFO - Sync 1 DAGs
[2026-08-13T05:15:19.105+0000] {logging_mixin.py:190} INFO - [2026-08-13T05:15:19.105+0000] {dag.py:4180} INFO - Setting next_dagrun for weather_ingestion to 2026-08-13 05:00:00+00:00, run_after=2026-08-13 06:00:00+00:00
[2026-08-13T05:15:19.123+0000] {processor.py:208} INFO - Processing /opt/airflow/dags/weather_dag.py took 0.166 seconds
[2026-08-13T05:15:49.290+0000] {processor.py:186} INFO - Started process (PID=881) to work on /opt/airflow/dags/weather_dag.py
[2026-08-13T05:15:49.292+0000] {processor.py:914} INFO - Processing file /opt/airflow/dags/weather_dag.py for tasks to queue
[2026-08-13T05:15:49.295+0000] {logging_mixin.py:190} INFO - [2026-08-13T05:15:49.295+0000] {dagbag.py:588} INFO - Filling up the DagBag from /opt/airflow/dags/weather_dag.py
[2026-08-13T05:15:49.309+0000] {processor.py:925} INFO - DAG(s) 'weather_ingestion' retrieved from /opt/airflow/dags/weather_dag.py
[2026-08-13T05:15:49.339+0000] {logging_mixin.py:190} INFO - [2026-08-13T05:15:49.339+0000] {dag.py:3239} INFO - Sync 1 DAGs
[2026-08-13T05:15:49.385+0000] {logging_mixin.py:190} INFO - [2026-08-13T05:15:49.385+0000] {dag.py:4180} INFO - Setting next_dagrun for weather_ingestion to 2026-08-13 05:00:00+00:00, run_after=2026-08-13 06:00:00+00:00
[2026-08-13T05:15:49.420+0000] {processor.py:208} INFO - Processing /opt/airflow/dags/weather_dag.py took 0.141 seconds
[2026-08-13T05:16:19.612+0000] {processor.py:186} INFO - Started process (PID=886) to work on /opt/airflow/dags/weather_dag.py
[2026-08-13T05:16:19.614+0000] {processor.py:914} INFO - Processing file /opt/airflow/dags/weather_dag.py for tasks to queue
[2026-08-13T05:16:19.617+0000] {logging_mixin.py:190} INFO - [2026-08-13T05:16:19.616+0000] {dagbag.py:588} INFO - Filling up the DagBag from /opt/airflow/dags/weather_dag.py
[2026-08-13T05:16:19.627+0000] {processor.py:925} INFO - DAG(s) 'weather_ingestion' retrieved from /opt/airflow/dags/weather_dag.py
[2026-08-13T05:16:19.647+0000] {logging_mixin.py:190} INFO - [2026-08-13T05:16:19.647+0000] {dag.py:3239} INFO - Sync 1 DAGs
[2026-08-13T05:16:19.657+0000] {logging_mixin.py:190} INFO - [2026-08-13T05:16:19.657+0000] {dag.py:4180} INFO - Setting next_dagrun for weather_ingestion to 2026-08-13 05:00:00+00:00, run_after=2026-08-13 06:00:00+00:00
[2026-08-13T05:16:19.664+0000] {processor.py:208} INFO - Processing /opt/airflow/dags/weather_dag.py took 0.059 seconds
[2026-08-13T05:21:31.435+0000] {processor.py:186} INFO - Started process (PID=891) to work on /opt/airflow/dags/weather_dag.py
[2026-08-13T05:21:31.436+0000] {processor.py:914} INFO - Processing file /opt/airflow/dags/weather_dag.py for tasks to queue
[2026-08-13T05:21:31.441+0000] {logging_mixin.py:190} INFO - [2026-08-13T05:21:31.440+0000] {dagbag.py:588} INFO - Filling up the DagBag from /opt/airflow/dags/weather_dag.py
[2026-08-13T05:21:31.541+0000] {processor.py:925} INFO - DAG(s) 'weather_ingestion' retrieved from /opt/airflow/dags/weather_dag.py
[2026-08-13T05:21:31.634+0000] {logging_mixin.py:190} INFO - [2026-08-13T05:21:31.633+0000] {dag.py:3239} INFO - Sync 1 DAGs
[2026-08-13T05:21:31.658+0000] {logging_mixin.py:190} INFO - [2026-08-13T05:21:31.658+0000] {dag.py:4180} INFO - Setting next_dagrun for weather_ingestion to 2026-08-13 05:00:00+00:00, run_after=2026-08-13 06:00:00+00:00
[2026-08-13T05:21:31.669+0000] {processor.py:208} INFO - Processing /opt/airflow/dags/weather_dag.py took 0.241 seconds
[2026-08-13T05:22:01.872+0000] {processor.py:186} INFO - Started process (PID=901) to work on /opt/airflow/dags/weather_dag.py
[2026-08-13T05:22:01.874+0000] {processor.py:914} INFO - Processing file /opt/airflow/dags/weather_dag.py for tasks to queue
[2026-08-13T05:22:01.877+0000] {logging_mixin.py:190} INFO - [2026-08-13T05:22:01.877+0000] {dagbag.py:588} INFO - Filling up the DagBag from /opt/airflow/dags/weather_dag.py
[2026-08-13T05:22:01.894+0000] {processor.py:925} INFO - DAG(s) 'weather_ingestion' retrieved from /opt/airflow/dags/weather_dag.py
[2026-08-13T05:22:01.923+0000] {logging_mixin.py:190} INFO - [2026-08-13T05:22:01.923+0000] {dag.py:3239} INFO - Sync 1 DAGs
[2026-08-13T05:22:01.938+0000] {logging_mixin.py:190} INFO - [2026-08-13T05:22:01.938+0000] {dag.py:4180} INFO - Setting next_dagrun for weather_ingestion to 2026-08-13 05:00:00+00:00, run_after=2026-08-13 06:00:00+00:00
[2026-08-13T05:22:01.949+0000] {processor.py:208} INFO - Processing /opt/airflow/dags/weather_dag.py took 0.089 seconds
[2026-08-13T05:22:32.330+0000] {processor.py:186} INFO - Started process (PID=906) to work on /opt/airflow/dags/weather_dag.py
[2026-08-13T05:22:32.333+0000] {processor.py:914} INFO - Processing file /opt/airflow/dags/weather_dag.py for tasks to queue
[2026-08-13T05:22:32.337+0000] {logging_mixin.py:190} INFO - [2026-08-13T05:22:32.336+0000] {dagbag.py:588} INFO - Filling up the DagBag from /opt/airflow/dags/weather_dag.py
[2026-08-13T05:22:32.355+0000] {processor.py:925} INFO - DAG(s) 'weather_ingestion' retrieved from /opt/airflow/dags/weather_dag.py
[2026-08-13T05:22:32.383+0000] {logging_mixin.py:190} INFO - [2026-08-13T05:22:32.383+0000] {dag.py:3239} INFO - Sync 1 DAGs
[2026-08-13T05:22:32.425+0000] {logging_mixin.py:190} INFO - [2026-08-13T05:22:32.425+0000] {dag.py:4180} INFO - Setting next_dagrun for weather_ingestion to 2026-08-13 05:00:00+00:00, run_after=2026-08-13 06:00:00+00:00
[2026-08-13T05:22:32.434+0000] {processor.py:208} INFO - Processing /opt/airflow/dags/weather_dag.py took 0.116 seconds
[2026-08-13T05:23:02.674+0000] {processor.py:186} INFO - Started process (PID=911) to work on /opt/airflow/dags/weather_dag.py
[2026-08-13T05:23:02.676+0000] {processor.py:914} INFO - Processing file /opt/airflow/dags/weather_dag.py for tasks to queue
[2026-08-13T05:23:02.678+0000] {logging_mixin.py:190} INFO - [2026-08-13T05:23:02.678+0000] {dagbag.py:588} INFO - Filling up the DagBag from /opt/airflow/dags/weather_dag.py
[2026-08-13T05:23:02.690+0000] {processor.py:925} INFO - DAG(s) 'weather_ingestion' retrieved from /opt/airflow/dags/weather_dag.py
[2026-08-13T05:23:02.710+0000] {logging_mixin.py:190} INFO - [2026-08-13T05:23:02.710+0000] {dag.py:3239} INFO - Sync 1 DAGs
[2026-08-13T05:23:02.722+0000] {logging_mixin.py:190} INFO - [2026-08-13T05:23:02.722+0000] {dag.py:4180} INFO - Setting next_dagrun for weather_ingestion to 2026-08-13 05:00:00+00:00, run_after=2026-08-13 06:00:00+00:00
[2026-08-13T05:23:02.729+0000] {processor.py:208} INFO - Processing /opt/airflow/dags/weather_dag.py took 0.062 seconds
[2026-08-13T05:23:33.085+0000] {processor.py:186} INFO - Started process (PID=916) to work on /opt/airflow/dags/weather_dag.py
[2026-08-13T05:23:33.087+0000] {processor.py:914} INFO - Processing file /opt/airflow/dags/weather_dag.py for tasks to queue
[2026-08-13T05:23:33.089+0000] {logging_mixin.py:190} INFO - [2026-08-13T05:23:33.089+0000] {dagbag.py:588} INFO - Filling up the DagBag from /opt/airflow/dags/weather_dag.py
[2026-08-13T05:23:33.103+0000] {processor.py:925} INFO - DAG(s) 'weather_ingestion' retrieved from /opt/airflow/dags/weather_dag.py
[2026-08-13T05:23:33.122+0000] {logging_mixin.py:190} INFO - [2026-08-13T05:23:33.122+0000] {dag.py:3239} INFO - Sync 1 DAGs
[2026-08-13T05:23:33.135+0000] {logging_mixin.py:190} INFO - [2026-08-13T05:23:33.135+0000] {dag.py:4180} INFO - Setting next_dagrun for weather_ingestion to 2026-08-13 05:00:00+00:00, run_after=2026-08-13 06:00:00+00:00
[2026-08-13T05:23:33.142+0000] {processor.py:208} INFO - Processing /opt/airflow/dags/weather_dag.py took 0.064 seconds
[2026-08-13T05:24:03.410+0000] {processor.py:186} INFO - Started process (PID=1318) to work on /opt/airflow/dags/weather_dag.py
[2026-08-13T05:24:03.412+0000] {processor.py:914} INFO - Processing file /opt/airflow/dags/weather_dag.py for tasks to queue
[2026-08-13T05:24:03.415+0000] {logging_mixin.py:190} INFO - [2026-08-13T05:24:03.415+0000] {dagbag.py:588} INFO - Filling up the DagBag from /opt/airflow/dags/weather_dag.py
[2026-08-13T05:24:03.430+0000] {processor.py:925} INFO - DAG(s) 'weather_ingestion' retrieved from /opt/airflow/dags/weather_dag.py
[2026-08-13T05:24:03.450+0000] {logging_mixin.py:190} INFO - [2026-08-13T05:24:03.450+0000] {dag.py:3239} INFO - Sync 1 DAGs
[2026-08-13T05:24:03.463+0000] {logging_mixin.py:190} INFO - [2026-08-13T05:24:03.463+0000] {dag.py:4180} INFO - Setting next_dagrun for weather_ingestion to 2026-08-13 05:00:00+00:00, run_after=2026-08-13 06:00:00+00:00
[2026-08-13T05:24:03.471+0000] {processor.py:208} INFO - Processing /opt/airflow/dags/weather_dag.py took 0.069 seconds
[2026-08-13T05:24:33.756+0000] {processor.py:186} INFO - Started process (PID=1323) to work on /opt/airflow/dags/weather_dag.py
[2026-08-13T05:24:33.758+0000] {processor.py:914} INFO - Processing file /opt/airflow/dags/weather_dag.py for tasks to queue
[2026-08-13T05:24:33.760+0000] {logging_mixin.py:190} INFO - [2026-08-13T05:24:33.759+0000] {dagbag.py:588} INFO - Filling up the DagBag from /opt/airflow/dags/weather_dag.py
[2026-08-13T05:24:33.770+0000] {processor.py:925} INFO - DAG(s) 'weather_ingestion' retrieved from /opt/airflow/dags/weather_dag.py
[2026-08-13T05:24:33.792+0000] {logging_mixin.py:190} INFO - [2026-08-13T05:24:33.791+0000] {dag.py:3239} INFO - Sync 1 DAGs
[2026-08-13T05:24:33.806+0000] {logging_mixin.py:190} INFO - [2026-08-13T05:24:33.806+0000] {dag.py:4180} INFO - Setting next_dagrun for weather_ingestion to 2026-08-13 05:00:00+00:00, run_after=2026-08-13 06:00:00+00:00
[2026-08-13T05:24:33.815+0000] {processor.py:208} INFO - Processing /opt/airflow/dags/weather_dag.py took 0.064 seconds
[2026-08-13T05:25:04.129+0000] {processor.py:186} INFO - Started process (PID=1328) to work on /opt/airflow/dags/weather_dag.py
[2026-08-13T05:25:04.131+0000] {processor.py:914} INFO - Processing file /opt/airflow/dags/weather_dag.py for tasks to queue
[2026-08-13T05:25:04.134+0000] {logging_mixin.py:190} INFO - [2026-08-13T05:25:04.133+0000] {dagbag.py:588} INFO - Filling up the DagBag from /opt/airflow/dags/weather_dag.py
[2026-08-13T05:25:04.146+0000] {processor.py:925} INFO - DAG(s) 'weather_ingestion' retrieved from /opt/airflow/dags/weather_dag.py
[2026-08-13T05:25:04.166+0000] {logging_mixin.py:190} INFO - [2026-08-13T05:25:04.166+0000] {dag.py:3239} INFO - Sync 1 DAGs
[2026-08-13T05:25:04.178+0000] {logging_mixin.py:190} INFO - [2026-08-13T05:25:04.178+0000] {dag.py:4180} INFO - Setting next_dagrun for weather_ingestion to 2026-08-13 05:00:00+00:00, run_after=2026-08-13 06:00:00+00:00
[2026-08-13T05:25:04.188+0000] {processor.py:208} INFO - Processing /opt/airflow/dags/weather_dag.py took 0.065 seconds
[2026-08-13T05:25:34.474+0000] {processor.py:186} INFO - Started process (PID=1333) to work on /opt/airflow/dags/weather_dag.py
[2026-08-13T05:25:34.476+0000] {processor.py:914} INFO - Processing file /opt/airflow/dags/weather_dag.py for tasks to queue
[2026-08-13T05:25:34.481+0000] {logging_mixin.py:190} INFO - [2026-08-13T05:25:34.480+0000] {dagbag.py:588} INFO - Filling up the DagBag from /opt/airflow/dags/weather_dag.py
[2026-08-13T05:25:34.497+0000] {processor.py:925} INFO - DAG(s) 'weather_ingestion' retrieved from /opt/airflow/dags/weather_dag.py
[2026-08-13T05:25:34.525+0000] {logging_mixin.py:190} INFO - [2026-08-13T05:25:34.525+0000] {dag.py:3239} INFO - Sync 1 DAGs
[2026-08-13T05:25:34.549+0000] {logging_mixin.py:190} INFO - [2026-08-13T05:25:34.547+0000] {dag.py:4180} INFO - Setting next_dagrun for weather_ingestion to 2026-08-13 05:00:00+00:00, run_after=2026-08-13 06:00:00+00:00
[2026-08-13T05:25:34.567+0000] {processor.py:208} INFO - Processing /opt/airflow/dags/weather_dag.py took 0.102 seconds
[2026-08-13T05:26:04.771+0000] {processor.py:186} INFO - Started process (PID=1338) to work on /opt/airflow/dags/weather_dag.py
[2026-08-13T05:26:04.773+0000] {processor.py:914} INFO - Processing file /opt/airflow/dags/weather_dag.py for tasks to queue
[2026-08-13T05:26:04.776+0000] {logging_mixin.py:190} INFO - [2026-08-13T05:26:04.775+0000] {dagbag.py:588} INFO - Filling up the DagBag from /opt/airflow/dags/weather_dag.py
[2026-08-13T05:26:04.787+0000] {processor.py:925} INFO - DAG(s) 'weather_ingestion' retrieved from /opt/airflow/dags/weather_dag.py
[2026-08-13T05:26:04.805+0000] {logging_mixin.py:190} INFO - [2026-08-13T05:26:04.805+0000] {dag.py:3239} INFO - Sync 1 DAGs
[2026-08-13T05:26:04.819+0000] {logging_mixin.py:190} INFO - [2026-08-13T05:26:04.819+0000] {dag.py:4180} INFO - Setting next_dagrun for weather_ingestion to 2026-08-13 05:00:00+00:00, run_after=2026-08-13 06:00:00+00:00
[2026-08-13T05:26:04.827+0000] {processor.py:208} INFO - Processing /opt/airflow/dags/weather_dag.py took 0.064 seconds
[2026-08-13T05:26:35.172+0000] {processor.py:186} INFO - Started process (PID=1343) to work on /opt/airflow/dags/weather_dag.py
[2026-08-13T05:26:35.174+0000] {processor.py:914} INFO - Processing file /opt/airflow/dags/weather_dag.py for tasks to queue
[2026-08-13T05:26:35.178+0000] {logging_mixin.py:190} INFO - [2026-08-13T05:26:35.177+0000] {dagbag.py:588} INFO - Filling up the DagBag from /opt/airflow/dags/weather_dag.py
[2026-08-13T05:26:35.195+0000] {processor.py:925} INFO - DAG(s) 'weather_ingestion' retrieved from /opt/airflow/dags/weather_dag.py
[2026-08-13T05:26:35.222+0000] {logging_mixin.py:190} INFO - [2026-08-13T05:26:35.222+0000] {dag.py:3239} INFO - Sync 1 DAGs
[2026-08-13T05:26:35.239+0000] {logging_mixin.py:190} INFO - [2026-08-13T05:26:35.239+0000] {dag.py:4180} INFO - Setting next_dagrun for weather_ingestion to 2026-08-13 05:00:00+00:00, run_after=2026-08-13 06:00:00+00:00
[2026-08-13T05:26:35.249+0000] {processor.py:208} INFO - Processing /opt/airflow/dags/weather_dag.py took 0.087 seconds
[2026-08-13T05:27:05.511+0000] {processor.py:186} INFO - Started process (PID=1348) to work on /opt/airflow/dags/weather_dag.py
[2026-08-13T05:27:05.512+0000] {processor.py:914} INFO - Processing file /opt/airflow/dags/weather_dag.py for tasks to queue
[2026-08-13T05:27:05.514+0000] {logging_mixin.py:190} INFO - [2026-08-13T05:27:05.514+0000] {dagbag.py:588} INFO - Filling up the DagBag from /opt/airflow/dags/weather_dag.py
[2026-08-13T05:27:05.524+0000] {processor.py:925} INFO - DAG(s) 'weather_ingestion' retrieved from /opt/airflow/dags/weather_dag.py
[2026-08-13T05:27:05.542+0000] {logging_mixin.py:190} INFO - [2026-08-13T05:27:05.542+0000] {dag.py:3239} INFO - Sync 1 DAGs
[2026-08-13T05:27:05.555+0000] {logging_mixin.py:190} INFO - [2026-08-13T05:27:05.554+0000] {dag.py:4180} INFO - Setting next_dagrun for weather_ingestion to 2026-08-13 05:00:00+00:00, run_after=2026-08-13 06:00:00+00:00
[2026-08-13T05:27:05.562+0000] {processor.py:208} INFO - Processing /opt/airflow/dags/weather_dag.py took 0.059 seconds
[2026-08-13T05:27:35.828+0000] {processor.py:186} INFO - Started process (PID=1353) to work on /opt/airflow/dags/weather_dag.py
[2026-08-13T05:27:35.829+0000] {processor.py:914} INFO - Processing file /opt/airflow/dags/weather_dag.py for tasks to queue
[2026-08-13T05:27:35.832+0000] {logging_mixin.py:190} INFO - [2026-08-13T05:27:35.832+0000] {dagbag.py:588} INFO - Filling up the DagBag from /opt/airflow/dags/weather_dag.py
[2026-08-13T05:27:35.844+0000] {processor.py:925} INFO - DAG(s) 'weather_ingestion' retrieved from /opt/airflow/dags/weather_dag.py
[2026-08-13T05:27:35.862+0000] {logging_mixin.py:190} INFO - [2026-08-13T05:27:35.861+0000] {dag.py:3239} INFO - Sync 1 DAGs
[2026-08-13T05:27:35.875+0000] {logging_mixin.py:190} INFO - [2026-08-13T05:27:35.875+0000] {dag.py:4180} INFO - Setting next_dagrun for weather_ingestion to 2026-08-13 05:00:00+00:00, run_after=2026-08-13 06:00:00+00:00
[2026-08-13T05:27:35.882+0000] {processor.py:208} INFO - Processing /opt/airflow/dags/weather_dag.py took 0.061 seconds
[2026-08-13T05:28:06.107+0000] {processor.py:186} INFO - Started process (PID=1358) to work on /opt/airflow/dags/weather_dag.py
[2026-08-13T05:28:06.109+0000] {processor.py:914} INFO - Processing file /opt/airflow/dags/weather_dag.py for tasks to queue
[2026-08-13T05:28:06.111+0000] {logging_mixin.py:190} INFO - [2026-08-13T05:28:06.111+0000] {dagbag.py:588} INFO - Filling up the DagBag from /opt/airflow/dags/weather_dag.py
[2026-08-13T05:28:06.121+0000] {processor.py:925} INFO - DAG(s) 'weather_ingestion' retrieved from /opt/airflow/dags/weather_dag.py
[2026-08-13T05:28:06.139+0000] {logging_mixin.py:190} INFO - [2026-08-13T05:28:06.139+0000] {dag.py:3239} INFO - Sync 1 DAGs
[2026-08-13T05:28:06.149+0000] {logging_mixin.py:190} INFO - [2026-08-13T05:28:06.149+0000] {dag.py:4180} INFO - Setting next_dagrun for weather_ingestion to 2026-08-13 05:00:00+00:00, run_after=2026-08-13 06:00:00+00:00
[2026-08-13T05:28:06.157+0000] {processor.py:208} INFO - Processing /opt/airflow/dags/weather_dag.py took 0.055 seconds
[2026-08-13T05:28:36.438+0000] {processor.py:186} INFO - Started process (PID=1363) to work on /opt/airflow/dags/weather_dag.py
[2026-08-13T05:28:36.440+0000] {processor.py:914} INFO - Processing file /opt/airflow/dags/weather_dag.py for tasks to queue
[2026-08-13T05:28:36.444+0000] {logging_mixin.py:190} INFO - [2026-08-13T05:28:36.443+0000] {dagbag.py:588} INFO - Filling up the DagBag from /opt/airflow/dags/weather_dag.py
[2026-08-13T05:28:36.460+0000] {processor.py:925} INFO - DAG(s) 'weather_ingestion' retrieved from /opt/airflow/dags/weather_dag.py
[2026-08-13T05:28:36.481+0000] {logging_mixin.py:190} INFO - [2026-08-13T05:28:36.481+0000] {dag.py:3239} INFO - Sync 1 DAGs
[2026-08-13T05:28:36.495+0000] {logging_mixin.py:190} INFO - [2026-08-13T05:28:36.495+0000] {dag.py:4180} INFO - Setting next_dagrun for weather_ingestion to 2026-08-13 05:00:00+00:00, run_after=2026-08-13 06:00:00+00:00
[2026-08-13T05:28:36.505+0000] {processor.py:208} INFO - Processing /opt/airflow/dags/weather_dag.py took 0.076 seconds
[2026-08-13T05:29:06.770+0000] {processor.py:186} INFO - Started process (PID=1368) to work on /opt/airflow/dags/weather_dag.py
[2026-08-13T05:29:06.772+0000] {processor.py:914} INFO - Processing file /opt/airflow/dags/weather_dag.py for tasks to queue
[2026-08-13T05:29:06.774+0000] {logging_mixin.py:190} INFO - [2026-08-13T05:29:06.774+0000] {dagbag.py:588} INFO - Filling up the DagBag from /opt/airflow/dags/weather_dag.py
[2026-08-13T05:29:06.786+0000] {processor.py:925} INFO - DAG(s) 'weather_ingestion' retrieved from /opt/airflow/dags/weather_dag.py
[2026-08-13T05:29:06.807+0000] {logging_mixin.py:190} INFO - [2026-08-13T05:29:06.807+0000] {dag.py:3239} INFO - Sync 1 DAGs
[2026-08-13T05:29:06.821+0000] {logging_mixin.py:190} INFO - [2026-08-13T05:29:06.821+0000] {dag.py:4180} INFO - Setting next_dagrun for weather_ingestion to 2026-08-13 05:00:00+00:00, run_after=2026-08-13 06:00:00+00:00
[2026-08-13T05:29:06.829+0000] {processor.py:208} INFO - Processing /opt/airflow/dags/weather_dag.py took 0.066 seconds
[2026-08-13T05:29:37.166+0000] {processor.py:186} INFO - Started process (PID=1373) to work on /opt/airflow/dags/weather_dag.py
[2026-08-13T05:29:37.168+0000] {processor.py:914} INFO - Processing file /opt/airflow/dags/weather_dag.py for tasks to queue
[2026-08-13T05:29:37.171+0000] {logging_mixin.py:190} INFO - [2026-08-13T05:29:37.171+0000] {dagbag.py:588} INFO - Filling up the DagBag from /opt/airflow/dags/weather_dag.py
[2026-08-13T05:29:37.184+0000] {processor.py:925} INFO - DAG(s) 'weather_ingestion' retrieved from /opt/airflow/dags/weather_dag.py
[2026-08-13T05:29:37.204+0000] {logging_mixin.py:190} INFO - [2026-08-13T05:29:37.204+0000] {dag.py:3239} INFO - Sync 1 DAGs
[2026-08-13T05:29:37.217+0000] {logging_mixin.py:190} INFO - [2026-08-13T05:29:37.217+0000] {dag.py:4180} INFO - Setting next_dagrun for weather_ingestion to 2026-08-13 05:00:00+00:00, run_after=2026-08-13 06:00:00+00:00
[2026-08-13T05:29:37.224+0000] {processor.py:208} INFO - Processing /opt/airflow/dags/weather_dag.py took 0.064 seconds
[2026-08-13T05:30:07.576+0000] {processor.py:186} INFO - Started process (PID=1378) to work on /opt/airflow/dags/weather_dag.py
[2026-08-13T05:30:07.580+0000] {processor.py:914} INFO - Processing file /opt/airflow/dags/weather_dag.py for tasks to queue
[2026-08-13T05:30:07.587+0000] {logging_mixin.py:190} INFO - [2026-08-13T05:30:07.586+0000] {dagbag.py:588} INFO - Filling up the DagBag from /opt/airflow/dags/weather_dag.py
[2026-08-13T05:30:07.613+0000] {processor.py:925} INFO - DAG(s) 'weather_ingestion' retrieved from /opt/airflow/dags/weather_dag.py
[2026-08-13T05:30:07.672+0000] {logging_mixin.py:190} INFO - [2026-08-13T05:30:07.672+0000] {dag.py:3239} INFO - Sync 1 DAGs
[2026-08-13T05:30:07.693+0000] {logging_mixin.py:190} INFO - [2026-08-13T05:30:07.693+0000] {dag.py:4180} INFO - Setting next_dagrun for weather_ingestion to 2026-08-13 05:00:00+00:00, run_after=2026-08-13 06:00:00+00:00
[2026-08-13T05:30:07.704+0000] {processor.py:208} INFO - Processing /opt/airflow/dags/weather_dag.py took 0.153 seconds
[2026-08-13T05:30:37.920+0000] {processor.py:186} INFO - Started process (PID=1383) to work on /opt/airflow/dags/weather_dag.py
[2026-08-13T05:30:37.923+0000] {processor.py:914} INFO - Processing file /opt/airflow/dags/weather_dag.py for tasks to queue
[2026-08-13T05:30:37.928+0000] {logging_mixin.py:190} INFO - [2026-08-13T05:30:37.927+0000] {dagbag.py:588} INFO - Filling up the DagBag from /opt/airflow/dags/weather_dag.py
[2026-08-13T05:30:37.945+0000] {processor.py:925} INFO - DAG(s) 'weather_ingestion' retrieved from /opt/airflow/dags/weather_dag.py
[2026-08-13T05:30:37.972+0000] {logging_mixin.py:190} INFO - [2026-08-13T05:30:37.972+0000] {dag.py:3239} INFO - Sync 1 DAGs
[2026-08-13T05:30:37.986+0000] {logging_mixin.py:190} INFO - [2026-08-13T05:30:37.986+0000] {dag.py:4180} INFO - Setting next_dagrun for weather_ingestion to 2026-08-13 05:00:00+00:00, run_after=2026-08-13 06:00:00+00:00
[2026-08-13T05:30:37.995+0000] {processor.py:208} INFO - Processing /opt/airflow/dags/weather_dag.py took 0.091 seconds
[2026-08-13T05:31:08.232+0000] {processor.py:186} INFO - Started process (PID=1388) to work on /opt/airflow/dags/weather_dag.py
[2026-08-13T05:31:08.234+0000] {processor.py:914} INFO - Processing file /opt/airflow/dags/weather_dag.py for tasks to queue
[2026-08-13T05:31:08.236+0000] {logging_mixin.py:190} INFO - [2026-08-13T05:31:08.236+0000] {dagbag.py:588} INFO - Filling up the DagBag from /opt/airflow/dags/weather_dag.py
[2026-08-13T05:31:08.246+0000] {processor.py:925} INFO - DAG(s) 'weather_ingestion' retrieved from /opt/airflow/dags/weather_dag.py
[2026-08-13T05:31:08.268+0000] {logging_mixin.py:190} INFO - [2026-08-13T05:31:08.268+0000] {dag.py:3239} INFO - Sync 1 DAGs
[2026-08-13T05:31:08.280+0000] {logging_mixin.py:190} INFO - [2026-08-13T05:31:08.280+0000] {dag.py:4180} INFO - Setting next_dagrun for weather_ingestion to 2026-08-13 05:00:00+00:00, run_after=2026-08-13 06:00:00+00:00
[2026-08-13T05:31:08.287+0000] {processor.py:208} INFO - Processing /opt/airflow/dags/weather_dag.py took 0.062 seconds
[2026-08-13T05:31:38.685+0000] {processor.py:186} INFO - Started process (PID=1393) to work on /opt/airflow/dags/weather_dag.py
[2026-08-13T05:31:38.688+0000] {processor.py:914} INFO - Processing file /opt/airflow/dags/weather_dag.py for tasks to queue
[2026-08-13T05:31:38.693+0000] {logging_mixin.py:190} INFO - [2026-08-13T05:31:38.692+0000] {dagbag.py:588} INFO - Filling up the DagBag from /opt/airflow/dags/weather_dag.py
[2026-08-13T05:31:38.714+0000] {processor.py:925} INFO - DAG(s) 'weather_ingestion' retrieved from /opt/airflow/dags/weather_dag.py
[2026-08-13T05:31:38.740+0000] {logging_mixin.py:190} INFO - [2026-08-13T05:31:38.740+0000] {dag.py:3239} INFO - Sync 1 DAGs
[2026-08-13T05:31:38.756+0000] {logging_mixin.py:190} INFO - [2026-08-13T05:31:38.756+0000] {dag.py:4180} INFO - Setting next_dagrun for weather_ingestion to 2026-08-13 05:00:00+00:00, run_after=2026-08-13 06:00:00+00:00
[2026-08-13T05:31:38.764+0000] {processor.py:208} INFO - Processing /opt/airflow/dags/weather_dag.py took 0.091 seconds
[2026-08-13T05:32:09.048+0000] {processor.py:186} INFO - Started process (PID=1398) to work on /opt/airflow/dags/weather_dag.py
[2026-08-13T05:32:09.050+0000] {processor.py:914} INFO - Processing file /opt/airflow/dags/weather_dag.py for tasks to queue
[2026-08-13T05:32:09.053+0000] {logging_mixin.py:190} INFO - [2026-08-13T05:32:09.053+0000] {dagbag.py:588} INFO - Filling up the DagBag from /opt/airflow/dags/weather_dag.py
[2026-08-13T05:32:09.064+0000] {processor.py:925} INFO - DAG(s) 'weather_ingestion' retrieved from /opt/airflow/dags/weather_dag.py
[2026-08-13T05:32:09.082+0000] {logging_mixin.py:190} INFO - [2026-08-13T05:32:09.082+0000] {dag.py:3239} INFO - Sync 1 DAGs
[2026-08-13T05:32:09.092+0000] {logging_mixin.py:190} INFO - [2026-08-13T05:32:09.092+0000] {dag.py:4180} INFO - Setting next_dagrun for weather_ingestion to 2026-08-13 05:00:00+00:00, run_after=2026-08-13 06:00:00+00:00
[2026-08-13T05:32:09.099+0000] {processor.py:208} INFO - Processing /opt/airflow/dags/weather_dag.py took 0.061 seconds
[2026-08-13T05:32:39.384+0000] {processor.py:186} INFO - Started process (PID=1403) to work on /opt/airflow/dags/weather_dag.py
[2026-08-13T05:32:39.385+0000] {processor.py:914} INFO - Processing file /opt/airflow/dags/weather_dag.py for tasks to queue
[2026-08-13T05:32:39.391+0000] {logging_mixin.py:190} INFO - [2026-08-13T05:32:39.390+0000] {dagbag.py:588} INFO - Filling up the DagBag from /opt/airflow/dags/weather_dag.py
[2026-08-13T05:32:39.423+0000] {processor.py:925} INFO - DAG(s) 'weather_ingestion' retrieved from /opt/airflow/dags/weather_dag.py
[2026-08-13T05:32:39.457+0000] {logging_mixin.py:190} INFO - [2026-08-13T05:32:39.456+0000] {dag.py:3239} INFO - Sync 1 DAGs
[2026-08-13T05:32:39.475+0000] {logging_mixin.py:190} INFO - [2026-08-13T05:32:39.475+0000] {dag.py:4180} INFO - Setting next_dagrun for weather_ingestion to 2026-08-13 05:00:00+00:00, run_after=2026-08-13 06:00:00+00:00
[2026-08-13T05:32:39.485+0000] {processor.py:208} INFO - Processing /opt/airflow/dags/weather_dag.py took 0.112 seconds
[2026-08-13T05:33:09.756+0000] {processor.py:186} INFO - Started process (PID=1408) to work on /opt/airflow/dags/weather_dag.py
[2026-08-13T05:33:09.757+0000] {processor.py:914} INFO - Processing file /opt/airflow/dags/weather_dag.py for tasks to queue
[2026-08-13T05:33:09.761+0000] {logging_mixin.py:190} INFO - [2026-08-13T05:33:09.761+0000] {dagbag.py:588} INFO - Filling up the DagBag from /opt/airflow/dags/weather_dag.py
[2026-08-13T05:33:09.771+0000] {processor.py:925} INFO - DAG(s) 'weather_ingestion' retrieved from /opt/airflow/dags/weather_dag.py
[2026-08-13T05:33:09.801+0000] {logging_mixin.py:190} INFO - [2026-08-13T05:33:09.801+0000] {dag.py:3239} INFO - Sync 1 DAGs
[2026-08-13T05:33:09.824+0000] {logging_mixin.py:190} INFO - [2026-08-13T05:33:09.824+0000] {dag.py:4180} INFO - Setting next_dagrun for weather_ingestion to 2026-08-13 05:00:00+00:00, run_after=2026-08-13 06:00:00+00:00
[2026-08-13T05:33:09.838+0000] {processor.py:208} INFO - Processing /opt/airflow/dags/weather_dag.py took 0.092 seconds
[2026-08-13T05:33:40.190+0000] {processor.py:186} INFO - Started process (PID=1413) to work on /opt/airflow/dags/weather_dag.py
[2026-08-13T05:33:40.191+0000] {processor.py:914} INFO - Processing file /opt/airflow/dags/weather_dag.py for tasks to queue
[2026-08-13T05:33:40.194+0000] {logging_mixin.py:190} INFO - [2026-08-13T05:33:40.193+0000] {dagbag.py:588} INFO - Filling up the DagBag from /opt/airflow/dags/weather_dag.py
[2026-08-13T05:33:40.204+0000] {processor.py:925} INFO - DAG(s) 'weather_ingestion' retrieved from /opt/airflow/dags/weather_dag.py
[2026-08-13T05:33:40.222+0000] {logging_mixin.py:190} INFO - [2026-08-13T05:33:40.222+0000] {dag.py:3239} INFO - Sync 1 DAGs
[2026-08-13T05:33:40.233+0000] {logging_mixin.py:190} INFO - [2026-08-13T05:33:40.233+0000] {dag.py:4180} INFO - Setting next_dagrun for weather_ingestion to 2026-08-13 05:00:00+00:00, run_after=2026-08-13 06:00:00+00:00
[2026-08-13T05:33:40.241+0000] {processor.py:208} INFO - Processing /opt/airflow/dags/weather_dag.py took 0.057 seconds
[2026-08-13T05:34:10.573+0000] {processor.py:186} INFO - Started process (PID=1418) to work on /opt/airflow/dags/weather_dag.py
[2026-08-13T05:34:10.576+0000] {processor.py:914} INFO - Processing file /opt/airflow/dags/weather_dag.py for tasks to queue
[2026-08-13T05:34:10.580+0000] {logging_mixin.py:190} INFO - [2026-08-13T05:34:10.580+0000] {dagbag.py:588} INFO - Filling up the DagBag from /opt/airflow/dags/weather_dag.py
[2026-08-13T05:34:10.592+0000] {processor.py:925} INFO - DAG(s) 'weather_ingestion' retrieved from /opt/airflow/dags/weather_dag.py
[2026-08-13T05:34:10.612+0000] {logging_mixin.py:190} INFO - [2026-08-13T05:34:10.612+0000] {dag.py:3239} INFO - Sync 1 DAGs
[2026-08-13T05:34:10.625+0000] {logging_mixin.py:190} INFO - [2026-08-13T05:34:10.625+0000] {dag.py:4180} INFO - Setting next_dagrun for weather_ingestion to 2026-08-13 05:00:00+00:00, run_after=2026-08-13 06:00:00+00:00
[2026-08-13T05:34:10.632+0000] {processor.py:208} INFO - Processing /opt/airflow/dags/weather_dag.py took 0.069 seconds
[2026-08-13T05:34:40.911+0000] {processor.py:186} INFO - Started process (PID=1423) to work on /opt/airflow/dags/weather_dag.py
[2026-08-13T05:34:40.912+0000] {processor.py:914} INFO - Processing file /opt/airflow/dags/weather_dag.py for tasks to queue
[2026-08-13T05:34:40.914+0000] {logging_mixin.py:190} INFO - [2026-08-13T05:34:40.914+0000] {dagbag.py:588} INFO - Filling up the DagBag from /opt/airflow/dags/weather_dag.py
[2026-08-13T05:34:40.935+0000] {processor.py:925} INFO - DAG(s) 'weather_ingestion' retrieved from /opt/airflow/dags/weather_dag.py
[2026-08-13T05:34:40.967+0000] {logging_mixin.py:190} INFO - [2026-08-13T05:34:40.967+0000] {dag.py:3239} INFO - Sync 1 DAGs
[2026-08-13T05:34:40.984+0000] {logging_mixin.py:190} INFO - [2026-08-13T05:34:40.984+0000] {dag.py:4180} INFO - Setting next_dagrun for weather_ingestion to 2026-08-13 05:00:00+00:00, run_after=2026-08-13 06:00:00+00:00
[2026-08-13T05:34:40.992+0000] {processor.py:208} INFO - Processing /opt/airflow/dags/weather_dag.py took 0.090 seconds
[2026-08-13T05:35:11.282+0000] {processor.py:186} INFO - Started process (PID=1428) to work on /opt/airflow/dags/weather_dag.py
[2026-08-13T05:35:11.284+0000] {processor.py:914} INFO - Processing file /opt/airflow/dags/weather_dag.py for tasks to queue
[2026-08-13T05:35:11.286+0000] {logging_mixin.py:190} INFO - [2026-08-13T05:35:11.286+0000] {dagbag.py:588} INFO - Filling up the DagBag from /opt/airflow/dags/weather_dag.py
[2026-08-13T05:35:11.297+0000] {processor.py:925} INFO - DAG(s) 'weather_ingestion' retrieved from /opt/airflow/dags/weather_dag.py
[2026-08-13T05:35:11.316+0000] {logging_mixin.py:190} INFO - [2026-08-13T05:35:11.316+0000] {dag.py:3239} INFO - Sync 1 DAGs
[2026-08-13T05:35:11.327+0000] {logging_mixin.py:190} INFO - [2026-08-13T05:35:11.327+0000] {dag.py:4180} INFO - Setting next_dagrun for weather_ingestion to 2026-08-13 05:00:00+00:00, run_after=2026-08-13 06:00:00+00:00
[2026-08-13T05:35:11.333+0000] {processor.py:208} INFO - Processing /opt/airflow/dags/weather_dag.py took 0.057 seconds
[2026-08-13T05:35:41.647+0000] {processor.py:186} INFO - Started process (PID=1433) to work on /opt/airflow/dags/weather_dag.py
[2026-08-13T05:35:41.649+0000] {processor.py:914} INFO - Processing file /opt/airflow/dags/weather_dag.py for tasks to queue
[2026-08-13T05:35:41.651+0000] {logging_mixin.py:190} INFO - [2026-08-13T05:35:41.651+0000] {dagbag.py:588} INFO - Filling up the DagBag from /opt/airflow/dags/weather_dag.py
[2026-08-13T05:35:41.662+0000] {processor.py:925} INFO - DAG(s) 'weather_ingestion' retrieved from /opt/airflow/dags/weather_dag.py
[2026-08-13T05:35:41.680+0000] {logging_mixin.py:190} INFO - [2026-08-13T05:35:41.680+0000] {dag.py:3239} INFO - Sync 1 DAGs
[2026-08-13T05:35:41.691+0000] {logging_mixin.py:190} INFO - [2026-08-13T05:35:41.691+0000] {dag.py:4180} INFO - Setting next_dagrun for weather_ingestion to 2026-08-13 05:00:00+00:00, run_after=2026-08-13 06:00:00+00:00
[2026-08-13T05:35:41.700+0000] {processor.py:208} INFO - Processing /opt/airflow/dags/weather_dag.py took 0.060 seconds
[2026-08-13T05:36:12.037+0000] {processor.py:186} INFO - Started process (PID=1438) to work on /opt/airflow/dags/weather_dag.py
[2026-08-13T05:36:12.040+0000] {processor.py:914} INFO - Processing file /opt/airflow/dags/weather_dag.py for tasks to queue
[2026-08-13T05:36:12.044+0000] {logging_mixin.py:190} INFO - [2026-08-13T05:36:12.043+0000] {dagbag.py:588} INFO - Filling up the DagBag from /opt/airflow/dags/weather_dag.py
[2026-08-13T05:36:12.064+0000] {processor.py:925} INFO - DAG(s) 'weather_ingestion' retrieved from /opt/airflow/dags/weather_dag.py
[2026-08-13T05:36:12.095+0000] {logging_mixin.py:190} INFO - [2026-08-13T05:36:12.095+0000] {dag.py:3239} INFO - Sync 1 DAGs
[2026-08-13T05:36:12.112+0000] {logging_mixin.py:190} INFO - [2026-08-13T05:36:12.112+0000] {dag.py:4180} INFO - Setting next_dagrun for weather_ingestion to 2026-08-13 05:00:00+00:00, run_after=2026-08-13 06:00:00+00:00
[2026-08-13T05:36:12.121+0000] {processor.py:208} INFO - Processing /opt/airflow/dags/weather_dag.py took 0.095 seconds
[2026-08-13T05:36:42.335+0000] {processor.py:186} INFO - Started process (PID=1443) to work on /opt/airflow/dags/weather_dag.py
[2026-08-13T05:36:42.336+0000] {processor.py:914} INFO - Processing file /opt/airflow/dags/weather_dag.py for tasks to queue
[2026-08-13T05:36:42.338+0000] {logging_mixin.py:190} INFO - [2026-08-13T05:36:42.338+0000] {dagbag.py:588} INFO - Filling up the DagBag from /opt/airflow/dags/weather_dag.py
[2026-08-13T05:36:42.348+0000] {processor.py:925} INFO - DAG(s) 'weather_ingestion' retrieved from /opt/airflow/dags/weather_dag.py
[2026-08-13T05:36:42.365+0000] {logging_mixin.py:190} INFO - [2026-08-13T05:36:42.365+0000] {dag.py:3239} INFO - Sync 1 DAGs
[2026-08-13T05:36:42.377+0000] {logging_mixin.py:190} INFO - [2026-08-13T05:36:42.377+0000] {dag.py:4180} INFO - Setting next_dagrun for weather_ingestion to 2026-08-13 05:00:00+00:00, run_after=2026-08-13 06:00:00+00:00
[2026-08-13T05:36:42.384+0000] {processor.py:208} INFO - Processing /opt/airflow/dags/weather_dag.py took 0.058 seconds
[2026-08-13T05:37:12.717+0000] {processor.py:186} INFO - Started process (PID=1448) to work on /opt/airflow/dags/weather_dag.py
[2026-08-13T05:37:12.719+0000] {processor.py:914} INFO - Processing file /opt/airflow/dags/weather_dag.py for tasks to queue
[2026-08-13T05:37:12.721+0000] {logging_mixin.py:190} INFO - [2026-08-13T05:37:12.721+0000] {dagbag.py:588} INFO - Filling up the DagBag from /opt/airflow/dags/weather_dag.py
[2026-08-13T05:37:12.732+0000] {processor.py:925} INFO - DAG(s) 'weather_ingestion' retrieved from /opt/airflow/dags/weather_dag.py
[2026-08-13T05:37:12.751+0000] {logging_mixin.py:190} INFO - [2026-08-13T05:37:12.751+0000] {dag.py:3239} INFO - Sync 1 DAGs
[2026-08-13T05:37:12.762+0000] {logging_mixin.py:190} INFO - [2026-08-13T05:37:12.762+0000] {dag.py:4180} INFO - Setting next_dagrun for weather_ingestion to 2026-08-13 05:00:00+00:00, run_after=2026-08-13 06:00:00+00:00
[2026-08-13T05:37:12.770+0000] {processor.py:208} INFO - Processing /opt/airflow/dags/weather_dag.py took 0.059 seconds
[2026-08-13T05:37:43.151+0000] {processor.py:186} INFO - Started process (PID=1453) to work on /opt/airflow/dags/weather_dag.py
[2026-08-13T05:37:43.153+0000] {processor.py:914} INFO - Processing file /opt/airflow/dags/weather_dag.py for tasks to queue
[2026-08-13T05:37:43.156+0000] {logging_mixin.py:190} INFO - [2026-08-13T05:37:43.155+0000] {dagbag.py:588} INFO - Filling up the DagBag from /opt/airflow/dags/weather_dag.py
[2026-08-13T05:37:43.166+0000] {processor.py:925} INFO - DAG(s) 'weather_ingestion' retrieved from /opt/airflow/dags/weather_dag.py
[2026-08-13T05:37:43.186+0000] {logging_mixin.py:190} INFO - [2026-08-13T05:37:43.186+0000] {dag.py:3239} INFO - Sync 1 DAGs
[2026-08-13T05:37:43.197+0000] {logging_mixin.py:190} INFO - [2026-08-13T05:37:43.197+0000] {dag.py:4180} INFO - Setting next_dagrun for weather_ingestion to 2026-08-13 05:00:00+00:00, run_after=2026-08-13 06:00:00+00:00
[2026-08-13T05:37:43.203+0000] {processor.py:208} INFO - Processing /opt/airflow/dags/weather_dag.py took 0.058 seconds
[2026-08-13T05:38:13.537+0000] {processor.py:186} INFO - Started process (PID=1458) to work on /opt/airflow/dags/weather_dag.py
[2026-08-13T05:38:13.538+0000] {processor.py:914} INFO - Processing file /opt/airflow/dags/weather_dag.py for tasks to queue
[2026-08-13T05:38:13.542+0000] {logging_mixin.py:190} INFO - [2026-08-13T05:38:13.542+0000] {dagbag.py:588} INFO - Filling up the DagBag from /opt/airflow/dags/weather_dag.py
[2026-08-13T05:38:13.554+0000] {processor.py:925} INFO - DAG(s) 'weather_ingestion' retrieved from /opt/airflow/dags/weather_dag.py
[2026-08-13T05:38:13.573+0000] {logging_mixin.py:190} INFO - [2026-08-13T05:38:13.573+0000] {dag.py:3239} INFO - Sync 1 DAGs
[2026-08-13T05:38:13.587+0000] {logging_mixin.py:190} INFO - [2026-08-13T05:38:13.587+0000] {dag.py:4180} INFO - Setting next_dagrun for weather_ingestion to 2026-08-13 05:00:00+00:00, run_after=2026-08-13 06:00:00+00:00
[2026-08-13T05:38:13.595+0000] {processor.py:208} INFO - Processing /opt/airflow/dags/weather_dag.py took 0.068 seconds
[2026-08-13T05:38:43.944+0000] {processor.py:186} INFO - Started process (PID=1463) to work on /opt/airflow/dags/weather_dag.py
[2026-08-13T05:38:43.945+0000] {processor.py:914} INFO - Processing file /opt/airflow/dags/weather_dag.py for tasks to queue
[2026-08-13T05:38:43.947+0000] {logging_mixin.py:190} INFO - [2026-08-13T05:38:43.947+0000] {dagbag.py:588} INFO - Filling up the DagBag from /opt/airflow/dags/weather_dag.py
[2026-08-13T05:38:43.964+0000] {processor.py:925} INFO - DAG(s) 'weather_ingestion' retrieved from /opt/airflow/dags/weather_dag.py
[2026-08-13T05:38:43.986+0000] {logging_mixin.py:190} INFO - [2026-08-13T05:38:43.986+0000] {dag.py:3239} INFO - Sync 1 DAGs
[2026-08-13T05:38:44.000+0000] {logging_mixin.py:190} INFO - [2026-08-13T05:38:44.000+0000] {dag.py:4180} INFO - Setting next_dagrun for weather_ingestion to 2026-08-13 05:00:00+00:00, run_after=2026-08-13 06:00:00+00:00
[2026-08-13T05:38:44.035+0000] {processor.py:208} INFO - Processing /opt/airflow/dags/weather_dag.py took 0.098 seconds
[2026-08-13T05:39:14.331+0000] {processor.py:186} INFO - Started process (PID=1468) to work on /opt/airflow/dags/weather_dag.py
[2026-08-13T05:39:14.333+0000] {processor.py:914} INFO - Processing file /opt/airflow/dags/weather_dag.py for tasks to queue
[2026-08-13T05:39:14.335+0000] {logging_mixin.py:190} INFO - [2026-08-13T05:39:14.335+0000] {dagbag.py:588} INFO - Filling up the DagBag from /opt/airflow/dags/weather_dag.py
[2026-08-13T05:39:14.346+0000] {processor.py:925} INFO - DAG(s) 'weather_ingestion' retrieved from /opt/airflow/dags/weather_dag.py
[2026-08-13T05:39:14.365+0000] {logging_mixin.py:190} INFO - [2026-08-13T05:39:14.365+0000] {dag.py:3239} INFO - Sync 1 DAGs
[2026-08-13T05:39:14.376+0000] {logging_mixin.py:190} INFO - [2026-08-13T05:39:14.376+0000] {dag.py:4180} INFO - Setting next_dagrun for weather_ingestion to 2026-08-13 05:00:00+00:00, run_after=2026-08-13 06:00:00+00:00
[2026-08-13T05:39:14.383+0000] {processor.py:208} INFO - Processing /opt/airflow/dags/weather_dag.py took 0.062 seconds
[2026-08-13T05:39:44.723+0000] {processor.py:186} INFO - Started process (PID=1473) to work on /opt/airflow/dags/weather_dag.py
[2026-08-13T05:39:44.725+0000] {processor.py:914} INFO - Processing file /opt/airflow/dags/weather_dag.py for tasks to queue
[2026-08-13T05:39:44.728+0000] {logging_mixin.py:190} INFO - [2026-08-13T05:39:44.727+0000] {dagbag.py:588} INFO - Filling up the DagBag from /opt/airflow/dags/weather_dag.py
[2026-08-13T05:39:44.739+0000] {processor.py:925} INFO - DAG(s) 'weather_ingestion' retrieved from /opt/airflow/dags/weather_dag.py
[2026-08-13T05:39:44.759+0000] {logging_mixin.py:190} INFO - [2026-08-13T05:39:44.759+0000] {dag.py:3239} INFO - Sync 1 DAGs
[2026-08-13T05:39:44.771+0000] {logging_mixin.py:190} INFO - [2026-08-13T05:39:44.771+0000] {dag.py:4180} INFO - Setting next_dagrun for weather_ingestion to 2026-08-13 05:00:00+00:00, run_after=2026-08-13 06:00:00+00:00
[2026-08-13T05:39:44.779+0000] {processor.py:208} INFO - Processing /opt/airflow/dags/weather_dag.py took 0.062 seconds
[2026-08-13T05:40:15.107+0000] {processor.py:186} INFO - Started process (PID=1478) to work on /opt/airflow/dags/weather_dag.py
[2026-08-13T05:40:15.109+0000] {processor.py:914} INFO - Processing file /opt/airflow/dags/weather_dag.py for tasks to queue
[2026-08-13T05:40:15.111+0000] {logging_mixin.py:190} INFO - [2026-08-13T05:40:15.111+0000] {dagbag.py:588} INFO - Filling up the DagBag from /opt/airflow/dags/weather_dag.py
[2026-08-13T05:40:15.123+0000] {processor.py:925} INFO - DAG(s) 'weather_ingestion' retrieved from /opt/airflow/dags/weather_dag.py
[2026-08-13T05:40:15.143+0000] {logging_mixin.py:190} INFO - [2026-08-13T05:40:15.143+0000] {dag.py:3239} INFO - Sync 1 DAGs
[2026-08-13T05:40:15.155+0000] {logging_mixin.py:190} INFO - [2026-08-13T05:40:15.155+0000] {dag.py:4180} INFO - Setting next_dagrun for weather_ingestion to 2026-08-13 05:00:00+00:00, run_after=2026-08-13 06:00:00+00:00
[2026-08-13T05:40:15.164+0000] {processor.py:208} INFO - Processing /opt/airflow/dags/weather_dag.py took 0.066 seconds
[2026-08-13T05:40:45.527+0000] {processor.py:186} INFO - Started process (PID=1483) to work on /opt/airflow/dags/weather_dag.py
[2026-08-13T05:40:45.530+0000] {processor.py:914} INFO - Processing file /opt/airflow/dags/weather_dag.py for tasks to queue
[2026-08-13T05:40:45.532+0000] {logging_mixin.py:190} INFO - [2026-08-13T05:40:45.532+0000] {dagbag.py:588} INFO - Filling up the DagBag from /opt/airflow/dags/weather_dag.py
[2026-08-13T05:40:45.544+0000] {processor.py:925} INFO - DAG(s) 'weather_ingestion' retrieved from /opt/airflow/dags/weather_dag.py
[2026-08-13T05:40:45.565+0000] {logging_mixin.py:190} INFO - [2026-08-13T05:40:45.565+0000] {dag.py:3239} INFO - Sync 1 DAGs
[2026-08-13T05:40:45.576+0000] {logging_mixin.py:190} INFO - [2026-08-13T05:40:45.576+0000] {dag.py:4180} INFO - Setting next_dagrun for weather_ingestion to 2026-08-13 05:00:00+00:00, run_after=2026-08-13 06:00:00+00:00
[2026-08-13T05:40:45.584+0000] {processor.py:208} INFO - Processing /opt/airflow/dags/weather_dag.py took 0.062 seconds
[2026-08-13T05:41:15.930+0000] {processor.py:186} INFO - Started process (PID=1488) to work on /opt/airflow/dags/weather_dag.py
[2026-08-13T05:41:15.935+0000] {processor.py:914} INFO - Processing file /opt/airflow/dags/weather_dag.py for tasks to queue
[2026-08-13T05:41:15.942+0000] {logging_mixin.py:190} INFO - [2026-08-13T05:41:15.941+0000] {dagbag.py:588} INFO - Filling up the DagBag from /opt/airflow/dags/weather_dag.py
[2026-08-13T05:41:15.974+0000] {processor.py:925} INFO - DAG(s) 'weather_ingestion' retrieved from /opt/airflow/dags/weather_dag.py
[2026-08-13T05:41:16.003+0000] {logging_mixin.py:190} INFO - [2026-08-13T05:41:16.003+0000] {dag.py:3239} INFO - Sync 1 DAGs
[2026-08-13T05:41:16.021+0000] {logging_mixin.py:190} INFO - [2026-08-13T05:41:16.020+0000] {dag.py:4180} INFO - Setting next_dagrun for weather_ingestion to 2026-08-13 05:00:00+00:00, run_after=2026-08-13 06:00:00+00:00
[2026-08-13T05:41:16.065+0000] {processor.py:208} INFO - Processing /opt/airflow/dags/weather_dag.py took 0.151 seconds
[2026-08-13T05:41:46.313+0000] {processor.py:186} INFO - Started process (PID=1493) to work on /opt/airflow/dags/weather_dag.py
[2026-08-13T05:41:46.315+0000] {processor.py:914} INFO - Processing file /opt/airflow/dags/weather_dag.py for tasks to queue
[2026-08-13T05:41:46.317+0000] {logging_mixin.py:190} INFO - [2026-08-13T05:41:46.316+0000] {dagbag.py:588} INFO - Filling up the DagBag from /opt/airflow/dags/weather_dag.py
[2026-08-13T05:41:46.327+0000] {processor.py:925} INFO - DAG(s) 'weather_ingestion' retrieved from /opt/airflow/dags/weather_dag.py
[2026-08-13T05:41:46.345+0000] {logging_mixin.py:190} INFO - [2026-08-13T05:41:46.345+0000] {dag.py:3239} INFO - Sync 1 DAGs
[2026-08-13T05:41:46.357+0000] {logging_mixin.py:190} INFO - [2026-08-13T05:41:46.357+0000] {dag.py:4180} INFO - Setting next_dagrun for weather_ingestion to 2026-08-13 05:00:00+00:00, run_after=2026-08-13 06:00:00+00:00
[2026-08-13T05:41:46.364+0000] {processor.py:208} INFO - Processing /opt/airflow/dags/weather_dag.py took 0.062 seconds
[2026-08-13T05:42:16.752+0000] {processor.py:186} INFO - Started process (PID=1498) to work on /opt/airflow/dags/weather_dag.py
[2026-08-13T05:42:16.754+0000] {processor.py:914} INFO - Processing file /opt/airflow/dags/weather_dag.py for tasks to queue
[2026-08-13T05:42:16.757+0000] {logging_mixin.py:190} INFO - [2026-08-13T05:42:16.757+0000] {dagbag.py:588} INFO - Filling up the DagBag from /opt/airflow/dags/weather_dag.py
[2026-08-13T05:42:16.770+0000] {processor.py:925} INFO - DAG(s) 'weather_ingestion' retrieved from /opt/airflow/dags/weather_dag.py
[2026-08-13T05:42:16.793+0000] {logging_mixin.py:190} INFO - [2026-08-13T05:42:16.793+0000] {dag.py:3239} INFO - Sync 1 DAGs
[2026-08-13T05:42:16.808+0000] {logging_mixin.py:190} INFO - [2026-08-13T05:42:16.808+0000] {dag.py:4180} INFO - Setting next_dagrun for weather_ingestion to 2026-08-13 05:00:00+00:00, run_after=2026-08-13 06:00:00+00:00
[2026-08-13T05:42:16.816+0000] {processor.py:208} INFO - Processing /opt/airflow/dags/weather_dag.py took 0.073 seconds
[2026-08-13T05:42:47.172+0000] {processor.py:186} INFO - Started process (PID=1503) to work on /opt/airflow/dags/weather_dag.py
[2026-08-13T05:42:47.175+0000] {processor.py:914} INFO - Processing file /opt/airflow/dags/weather_dag.py for tasks to queue
[2026-08-13T05:42:47.177+0000] {logging_mixin.py:190} INFO - [2026-08-13T05:42:47.177+0000] {dagbag.py:588} INFO - Filling up the DagBag from /opt/airflow/dags/weather_dag.py
[2026-08-13T05:42:47.191+0000] {processor.py:925} INFO - DAG(s) 'weather_ingestion' retrieved from /opt/airflow/dags/weather_dag.py
[2026-08-13T05:42:47.208+0000] {logging_mixin.py:190} INFO - [2026-08-13T05:42:47.208+0000] {dag.py:3239} INFO - Sync 1 DAGs
[2026-08-13T05:42:47.219+0000] {logging_mixin.py:190} INFO - [2026-08-13T05:42:47.219+0000] {dag.py:4180} INFO - Setting next_dagrun for weather_ingestion to 2026-08-13 05:00:00+00:00, run_after=2026-08-13 06:00:00+00:00
[2026-08-13T05:42:47.226+0000] {processor.py:208} INFO - Processing /opt/airflow/dags/weather_dag.py took 0.062 seconds
[2026-08-13T05:43:17.622+0000] {processor.py:186} INFO - Started process (PID=1508) to work on /opt/airflow/dags/weather_dag.py
[2026-08-13T05:43:17.626+0000] {processor.py:914} INFO - Processing file /opt/airflow/dags/weather_dag.py for tasks to queue
[2026-08-13T05:43:17.629+0000] {logging_mixin.py:190} INFO - [2026-08-13T05:43:17.629+0000] {dagbag.py:588} INFO - Filling up the DagBag from /opt/airflow/dags/weather_dag.py
[2026-08-13T05:43:17.647+0000] {processor.py:925} INFO - DAG(s) 'weather_ingestion' retrieved from /opt/airflow/dags/weather_dag.py
[2026-08-13T05:43:17.674+0000] {logging_mixin.py:190} INFO - [2026-08-13T05:43:17.674+0000] {dag.py:3239} INFO - Sync 1 DAGs
[2026-08-13T05:43:17.689+0000] {logging_mixin.py:190} INFO - [2026-08-13T05:43:17.689+0000] {dag.py:4180} INFO - Setting next_dagrun for weather_ingestion to 2026-08-13 05:00:00+00:00, run_after=2026-08-13 06:00:00+00:00
[2026-08-13T05:43:17.698+0000] {processor.py:208} INFO - Processing /opt/airflow/dags/weather_dag.py took 0.085 seconds
[2026-08-13T05:43:48.143+0000] {processor.py:186} INFO - Started process (PID=1513) to work on /opt/airflow/dags/weather_dag.py
[2026-08-13T05:43:48.148+0000] {processor.py:914} INFO - Processing file /opt/airflow/dags/weather_dag.py for tasks to queue
[2026-08-13T05:43:48.153+0000] {logging_mixin.py:190} INFO - [2026-08-13T05:43:48.153+0000] {dagbag.py:588} INFO - Filling up the DagBag from /opt/airflow/dags/weather_dag.py
[2026-08-13T05:43:48.170+0000] {processor.py:925} INFO - DAG(s) 'weather_ingestion' retrieved from /opt/airflow/dags/weather_dag.py
[2026-08-13T05:43:48.193+0000] {logging_mixin.py:190} INFO - [2026-08-13T05:43:48.193+0000] {dag.py:3239} INFO - Sync 1 DAGs
[2026-08-13T05:43:48.207+0000] {logging_mixin.py:190} INFO - [2026-08-13T05:43:48.206+0000] {dag.py:4180} INFO - Setting next_dagrun for weather_ingestion to 2026-08-13 05:00:00+00:00, run_after=2026-08-13 06:00:00+00:00
[2026-08-13T05:43:48.215+0000] {processor.py:208} INFO - Processing /opt/airflow/dags/weather_dag.py took 0.091 seconds
[2026-08-13T05:44:18.576+0000] {processor.py:186} INFO - Started process (PID=1518) to work on /opt/airflow/dags/weather_dag.py
[2026-08-13T05:44:18.580+0000] {processor.py:914} INFO - Processing file /opt/airflow/dags/weather_dag.py for tasks to queue
[2026-08-13T05:44:18.587+0000] {logging_mixin.py:190} INFO - [2026-08-13T05:44:18.585+0000] {dagbag.py:588} INFO - Filling up the DagBag from /opt/airflow/dags/weather_dag.py
[2026-08-13T05:44:18.612+0000] {processor.py:925} INFO - DAG(s) 'weather_ingestion' retrieved from /opt/airflow/dags/weather_dag.py
[2026-08-13T05:44:18.670+0000] {logging_mixin.py:190} INFO - [2026-08-13T05:44:18.670+0000] {dag.py:3239} INFO - Sync 1 DAGs
[2026-08-13T05:44:18.727+0000] {logging_mixin.py:190} INFO - [2026-08-13T05:44:18.726+0000] {dag.py:4180} INFO - Setting next_dagrun for weather_ingestion to 2026-08-13 05:00:00+00:00, run_after=2026-08-13 06:00:00+00:00
[2026-08-13T05:44:18.782+0000] {processor.py:208} INFO - Processing /opt/airflow/dags/weather_dag.py took 0.220 seconds
[2026-08-13T05:44:49.589+0000] {processor.py:186} INFO - Started process (PID=1523) to work on /opt/airflow/dags/weather_dag.py
[2026-08-13T05:44:49.614+0000] {processor.py:914} INFO - Processing file /opt/airflow/dags/weather_dag.py for tasks to queue
[2026-08-13T05:44:49.645+0000] {logging_mixin.py:190} INFO - [2026-08-13T05:44:49.643+0000] {dagbag.py:588} INFO - Filling up the DagBag from /opt/airflow/dags/weather_dag.py
[2026-08-13T05:44:49.779+0000] {processor.py:925} INFO - DAG(s) 'weather_ingestion' retrieved from /opt/airflow/dags/weather_dag.py
[2026-08-13T05:44:49.987+0000] {logging_mixin.py:190} INFO - [2026-08-13T05:44:49.986+0000] {dag.py:3239} INFO - Sync 1 DAGs
[2026-08-13T05:44:50.166+0000] {logging_mixin.py:190} INFO - [2026-08-13T05:44:50.166+0000] {dag.py:4180} INFO - Setting next_dagrun for weather_ingestion to 2026-08-13 05:00:00+00:00, run_after=2026-08-13 06:00:00+00:00
[2026-08-13T05:44:50.543+0000] {processor.py:208} INFO - Processing /opt/airflow/dags/weather_dag.py took 0.986 seconds
[2026-08-13T05:45:34.800+0000] {processor.py:186} INFO - Started process (PID=1528) to work on /opt/airflow/dags/weather_dag.py
[2026-08-13T05:45:34.803+0000] {processor.py:914} INFO - Processing file /opt/airflow/dags/weather_dag.py for tasks to queue
[2026-08-13T05:45:34.810+0000] {logging_mixin.py:190} INFO - [2026-08-13T05:45:34.809+0000] {dagbag.py:588} INFO - Filling up the DagBag from /opt/airflow/dags/weather_dag.py
[2026-08-13T05:45:34.866+0000] {processor.py:925} INFO - DAG(s) 'weather_ingestion' retrieved from /opt/airflow/dags/weather_dag.py
[2026-08-13T05:45:34.894+0000] {logging_mixin.py:190} INFO - [2026-08-13T05:45:34.894+0000] {dag.py:3239} INFO - Sync 1 DAGs
[2026-08-13T05:45:34.912+0000] {logging_mixin.py:190} INFO - [2026-08-13T05:45:34.912+0000] {dag.py:4180} INFO - Setting next_dagrun for weather_ingestion to 2026-08-13 05:00:00+00:00, run_after=2026-08-13 06:00:00+00:00
[2026-08-13T05:45:34.930+0000] {processor.py:208} INFO - Processing /opt/airflow/dags/weather_dag.py took 0.151 seconds
[2026-08-13T05:46:05.269+0000] {processor.py:186} INFO - Started process (PID=1533) to work on /opt/airflow/dags/weather_dag.py
[2026-08-13T05:46:05.271+0000] {processor.py:914} INFO - Processing file /opt/airflow/dags/weather_dag.py for tasks to queue
[2026-08-13T05:46:05.276+0000] {logging_mixin.py:190} INFO - [2026-08-13T05:46:05.276+0000] {dagbag.py:588} INFO - Filling up the DagBag from /opt/airflow/dags/weather_dag.py
[2026-08-13T05:46:05.296+0000] {processor.py:925} INFO - DAG(s) 'weather_ingestion' retrieved from /opt/airflow/dags/weather_dag.py
[2026-08-13T05:46:05.351+0000] {logging_mixin.py:190} INFO - [2026-08-13T05:46:05.351+0000] {dag.py:3239} INFO - Sync 1 DAGs
[2026-08-13T05:46:05.370+0000] {logging_mixin.py:190} INFO - [2026-08-13T05:46:05.370+0000] {dag.py:4180} INFO - Setting next_dagrun for weather_ingestion to 2026-08-13 05:00:00+00:00, run_after=2026-08-13 06:00:00+00:00
[2026-08-13T05:46:05.380+0000] {processor.py:208} INFO - Processing /opt/airflow/dags/weather_dag.py took 0.122 seconds
[2026-08-13T05:46:35.629+0000] {processor.py:186} INFO - Started process (PID=1538) to work on /opt/airflow/dags/weather_dag.py
[2026-08-13T05:46:35.631+0000] {processor.py:914} INFO - Processing file /opt/airflow/dags/weather_dag.py for tasks to queue
[2026-08-13T05:46:35.635+0000] {logging_mixin.py:190} INFO - [2026-08-13T05:46:35.635+0000] {dagbag.py:588} INFO - Filling up the DagBag from /opt/airflow/dags/weather_dag.py
[2026-08-13T05:46:35.649+0000] {processor.py:925} INFO - DAG(s) 'weather_ingestion' retrieved from /opt/airflow/dags/weather_dag.py
[2026-08-13T05:46:35.668+0000] {logging_mixin.py:190} INFO - [2026-08-13T05:46:35.668+0000] {dag.py:3239} INFO - Sync 1 DAGs
[2026-08-13T05:46:35.681+0000] {logging_mixin.py:190} INFO - [2026-08-13T05:46:35.681+0000] {dag.py:4180} INFO - Setting next_dagrun for weather_ingestion to 2026-08-13 05:00:00+00:00, run_after=2026-08-13 06:00:00+00:00
[2026-08-13T05:46:35.689+0000] {processor.py:208} INFO - Processing /opt/airflow/dags/weather_dag.py took 0.067 seconds
[2026-08-13T05:47:06.056+0000] {processor.py:186} INFO - Started process (PID=1543) to work on /opt/airflow/dags/weather_dag.py
[2026-08-13T05:47:06.059+0000] {processor.py:914} INFO - Processing file /opt/airflow/dags/weather_dag.py for tasks to queue
[2026-08-13T05:47:06.061+0000] {logging_mixin.py:190} INFO - [2026-08-13T05:47:06.061+0000] {dagbag.py:588} INFO - Filling up the DagBag from /opt/airflow/dags/weather_dag.py
[2026-08-13T05:47:06.072+0000] {processor.py:925} INFO - DAG(s) 'weather_ingestion' retrieved from /opt/airflow/dags/weather_dag.py
[2026-08-13T05:47:06.092+0000] {logging_mixin.py:190} INFO - [2026-08-13T05:47:06.092+0000] {dag.py:3239} INFO - Sync 1 DAGs
[2026-08-13T05:47:06.105+0000] {logging_mixin.py:190} INFO - [2026-08-13T05:47:06.104+0000] {dag.py:4180} INFO - Setting next_dagrun for weather_ingestion to 2026-08-13 05:00:00+00:00, run_after=2026-08-13 06:00:00+00:00
[2026-08-13T05:47:06.112+0000] {processor.py:208} INFO - Processing /opt/airflow/dags/weather_dag.py took 0.066 seconds
[2026-08-13T05:47:36.446+0000] {processor.py:186} INFO - Started process (PID=1548) to work on /opt/airflow/dags/weather_dag.py
[2026-08-13T05:47:36.448+0000] {processor.py:914} INFO - Processing file /opt/airflow/dags/weather_dag.py for tasks to queue
[2026-08-13T05:47:36.452+0000] {logging_mixin.py:190} INFO - [2026-08-13T05:47:36.451+0000] {dagbag.py:588} INFO - Filling up the DagBag from /opt/airflow/dags/weather_dag.py
[2026-08-13T05:47:36.472+0000] {processor.py:925} INFO - DAG(s) 'weather_ingestion' retrieved from /opt/airflow/dags/weather_dag.py
[2026-08-13T05:47:36.504+0000] {logging_mixin.py:190} INFO - [2026-08-13T05:47:36.504+0000] {dag.py:3239} INFO - Sync 1 DAGs
[2026-08-13T05:47:36.522+0000] {logging_mixin.py:190} INFO - [2026-08-13T05:47:36.522+0000] {dag.py:4180} INFO - Setting next_dagrun for weather_ingestion to 2026-08-13 05:00:00+00:00, run_after=2026-08-13 06:00:00+00:00
[2026-08-13T05:47:36.532+0000] {processor.py:208} INFO - Processing /opt/airflow/dags/weather_dag.py took 0.097 seconds
[2026-08-13T05:48:06.805+0000] {processor.py:186} INFO - Started process (PID=1553) to work on /opt/airflow/dags/weather_dag.py
[2026-08-13T05:48:06.806+0000] {processor.py:914} INFO - Processing file /opt/airflow/dags/weather_dag.py for tasks to queue
[2026-08-13T05:48:06.808+0000] {logging_mixin.py:190} INFO - [2026-08-13T05:48:06.808+0000] {dagbag.py:588} INFO - Filling up the DagBag from /opt/airflow/dags/weather_dag.py
[2026-08-13T05:48:06.819+0000] {processor.py:925} INFO - DAG(s) 'weather_ingestion' retrieved from /opt/airflow/dags/weather_dag.py
[2026-08-13T05:48:06.839+0000] {logging_mixin.py:190} INFO - [2026-08-13T05:48:06.839+0000] {dag.py:3239} INFO - Sync 1 DAGs
[2026-08-13T05:48:06.850+0000] {logging_mixin.py:190} INFO - [2026-08-13T05:48:06.850+0000] {dag.py:4180} INFO - Setting next_dagrun for weather_ingestion to 2026-08-13 05:00:00+00:00, run_after=2026-08-13 06:00:00+00:00
[2026-08-13T05:48:06.858+0000] {processor.py:208} INFO - Processing /opt/airflow/dags/weather_dag.py took 0.059 seconds
[2026-08-13T05:48:37.137+0000] {processor.py:186} INFO - Started process (PID=1558) to work on /opt/airflow/dags/weather_dag.py
[2026-08-13T05:48:37.138+0000] {processor.py:914} INFO - Processing file /opt/airflow/dags/weather_dag.py for tasks to queue
[2026-08-13T05:48:37.140+0000] {logging_mixin.py:190} INFO - [2026-08-13T05:48:37.139+0000] {dagbag.py:588} INFO - Filling up the DagBag from /opt/airflow/dags/weather_dag.py
[2026-08-13T05:48:37.148+0000] {processor.py:925} INFO - DAG(s) 'weather_ingestion' retrieved from /opt/airflow/dags/weather_dag.py
[2026-08-13T05:48:37.165+0000] {logging_mixin.py:190} INFO - [2026-08-13T05:48:37.165+0000] {dag.py:3239} INFO - Sync 1 DAGs
[2026-08-13T05:48:37.177+0000] {logging_mixin.py:190} INFO - [2026-08-13T05:48:37.177+0000] {dag.py:4180} INFO - Setting next_dagrun for weather_ingestion to 2026-08-13 05:00:00+00:00, run_after=2026-08-13 06:00:00+00:00
[2026-08-13T05:48:37.185+0000] {processor.py:208} INFO - Processing /opt/airflow/dags/weather_dag.py took 0.053 seconds
[2026-08-13T05:49:07.508+0000] {processor.py:186} INFO - Started process (PID=1563) to work on /opt/airflow/dags/weather_dag.py
[2026-08-13T05:49:07.509+0000] {processor.py:914} INFO - Processing file /opt/airflow/dags/weather_dag.py for tasks to queue
[2026-08-13T05:49:07.512+0000] {logging_mixin.py:190} INFO - [2026-08-13T05:49:07.512+0000] {dagbag.py:588} INFO - Filling up the DagBag from /opt/airflow/dags/weather_dag.py
[2026-08-13T05:49:07.526+0000] {processor.py:925} INFO - DAG(s) 'weather_ingestion' retrieved from /opt/airflow/dags/weather_dag.py
[2026-08-13T05:49:07.548+0000] {logging_mixin.py:190} INFO - [2026-08-13T05:49:07.547+0000] {dag.py:3239} INFO - Sync 1 DAGs
[2026-08-13T05:49:07.563+0000] {logging_mixin.py:190} INFO - [2026-08-13T05:49:07.562+0000] {dag.py:4180} INFO - Setting next_dagrun for weather_ingestion to 2026-08-13 05:00:00+00:00, run_after=2026-08-13 06:00:00+00:00
[2026-08-13T05:49:07.571+0000] {processor.py:208} INFO - Processing /opt/airflow/dags/weather_dag.py took 0.073 seconds
[2026-08-13T05:49:37.850+0000] {processor.py:186} INFO - Started process (PID=1568) to work on /opt/airflow/dags/weather_dag.py
[2026-08-13T05:49:37.851+0000] {processor.py:914} INFO - Processing file /opt/airflow/dags/weather_dag.py for tasks to queue
[2026-08-13T05:49:37.854+0000] {logging_mixin.py:190} INFO - [2026-08-13T05:49:37.854+0000] {dagbag.py:588} INFO - Filling up the DagBag from /opt/airflow/dags/weather_dag.py
[2026-08-13T05:49:37.866+0000] {processor.py:925} INFO - DAG(s) 'weather_ingestion' retrieved from /opt/airflow/dags/weather_dag.py
[2026-08-13T05:49:37.886+0000] {logging_mixin.py:190} INFO - [2026-08-13T05:49:37.886+0000] {dag.py:3239} INFO - Sync 1 DAGs
[2026-08-13T05:49:37.897+0000] {logging_mixin.py:190} INFO - [2026-08-13T05:49:37.897+0000] {dag.py:4180} INFO - Setting next_dagrun for weather_ingestion to 2026-08-13 05:00:00+00:00, run_after=2026-08-13 06:00:00+00:00
[2026-08-13T05:49:37.905+0000] {processor.py:208} INFO - Processing /opt/airflow/dags/weather_dag.py took 0.062 seconds
[2026-08-13T05:50:08.218+0000] {processor.py:186} INFO - Started process (PID=1573) to work on /opt/airflow/dags/weather_dag.py
[2026-08-13T05:50:08.219+0000] {processor.py:914} INFO - Processing file /opt/airflow/dags/weather_dag.py for tasks to queue
[2026-08-13T05:50:08.222+0000] {logging_mixin.py:190} INFO - [2026-08-13T05:50:08.222+0000] {dagbag.py:588} INFO - Filling up the DagBag from /opt/airflow/dags/weather_dag.py
[2026-08-13T05:50:08.233+0000] {processor.py:925} INFO - DAG(s) 'weather_ingestion' retrieved from /opt/airflow/dags/weather_dag.py
[2026-08-13T05:50:08.252+0000] {logging_mixin.py:190} INFO - [2026-08-13T05:50:08.251+0000] {dag.py:3239} INFO - Sync 1 DAGs
[2026-08-13T05:50:08.263+0000] {logging_mixin.py:190} INFO - [2026-08-13T05:50:08.263+0000] {dag.py:4180} INFO - Setting next_dagrun for weather_ingestion to 2026-08-13 05:00:00+00:00, run_after=2026-08-13 06:00:00+00:00
[2026-08-13T05:50:08.270+0000] {processor.py:208} INFO - Processing /opt/airflow/dags/weather_dag.py took 0.059 seconds
[2026-08-13T05:50:38.585+0000] {processor.py:186} INFO - Started process (PID=1578) to work on /opt/airflow/dags/weather_dag.py
[2026-08-13T05:50:38.586+0000] {processor.py:914} INFO - Processing file /opt/airflow/dags/weather_dag.py for tasks to queue
[2026-08-13T05:50:38.589+0000] {logging_mixin.py:190} INFO - [2026-08-13T05:50:38.589+0000] {dagbag.py:588} INFO - Filling up the DagBag from /opt/airflow/dags/weather_dag.py
[2026-08-13T05:50:38.599+0000] {processor.py:925} INFO - DAG(s) 'weather_ingestion' retrieved from /opt/airflow/dags/weather_dag.py
[2026-08-13T05:50:38.617+0000] {logging_mixin.py:190} INFO - [2026-08-13T05:50:38.617+0000] {dag.py:3239} INFO - Sync 1 DAGs
[2026-08-13T05:50:38.629+0000] {logging_mixin.py:190} INFO - [2026-08-13T05:50:38.628+0000] {dag.py:4180} INFO - Setting next_dagrun for weather_ingestion to 2026-08-13 05:00:00+00:00, run_after=2026-08-13 06:00:00+00:00
[2026-08-13T05:50:38.636+0000] {processor.py:208} INFO - Processing /opt/airflow/dags/weather_dag.py took 0.058 seconds
[2026-08-13T05:51:08.910+0000] {processor.py:186} INFO - Started process (PID=1583) to work on /opt/airflow/dags/weather_dag.py
[2026-08-13T05:51:08.911+0000] {processor.py:914} INFO - Processing file /opt/airflow/dags/weather_dag.py for tasks to queue
[2026-08-13T05:51:08.915+0000] {logging_mixin.py:190} INFO - [2026-08-13T05:51:08.915+0000] {dagbag.py:588} INFO - Filling up the DagBag from /opt/airflow/dags/weather_dag.py
[2026-08-13T05:51:08.932+0000] {processor.py:925} INFO - DAG(s) 'weather_ingestion' retrieved from /opt/airflow/dags/weather_dag.py
[2026-08-13T05:51:08.954+0000] {logging_mixin.py:190} INFO - [2026-08-13T05:51:08.954+0000] {dag.py:3239} INFO - Sync 1 DAGs
[2026-08-13T05:51:08.968+0000] {logging_mixin.py:190} INFO - [2026-08-13T05:51:08.968+0000] {dag.py:4180} INFO - Setting next_dagrun for weather_ingestion to 2026-08-13 05:00:00+00:00, run_after=2026-08-13 06:00:00+00:00
[2026-08-13T05:51:08.976+0000] {processor.py:208} INFO - Processing /opt/airflow/dags/weather_dag.py took 0.074 seconds
[2026-08-13T05:51:39.230+0000] {processor.py:186} INFO - Started process (PID=1588) to work on /opt/airflow/dags/weather_dag.py
[2026-08-13T05:51:39.232+0000] {processor.py:914} INFO - Processing file /opt/airflow/dags/weather_dag.py for tasks to queue
[2026-08-13T05:51:39.234+0000] {logging_mixin.py:190} INFO - [2026-08-13T05:51:39.234+0000] {dagbag.py:588} INFO - Filling up the DagBag from /opt/airflow/dags/weather_dag.py
[2026-08-13T05:51:39.245+0000] {processor.py:925} INFO - DAG(s) 'weather_ingestion' retrieved from /opt/airflow/dags/weather_dag.py
[2026-08-13T05:51:39.264+0000] {logging_mixin.py:190} INFO - [2026-08-13T05:51:39.264+0000] {dag.py:3239} INFO - Sync 1 DAGs
[2026-08-13T05:51:39.276+0000] {logging_mixin.py:190} INFO - [2026-08-13T05:51:39.276+0000] {dag.py:4180} INFO - Setting next_dagrun for weather_ingestion to 2026-08-13 05:00:00+00:00, run_after=2026-08-13 06:00:00+00:00
[2026-08-13T05:51:39.283+0000] {processor.py:208} INFO - Processing /opt/airflow/dags/weather_dag.py took 0.059 seconds
[2026-08-13T05:52:09.591+0000] {processor.py:186} INFO - Started process (PID=1593) to work on /opt/airflow/dags/weather_dag.py
[2026-08-13T05:52:09.593+0000] {processor.py:914} INFO - Processing file /opt/airflow/dags/weather_dag.py for tasks to queue
[2026-08-13T05:52:09.595+0000] {logging_mixin.py:190} INFO - [2026-08-13T05:52:09.595+0000] {dagbag.py:588} INFO - Filling up the DagBag from /opt/airflow/dags/weather_dag.py
[2026-08-13T05:52:09.607+0000] {processor.py:925} INFO - DAG(s) 'weather_ingestion' retrieved from /opt/airflow/dags/weather_dag.py
[2026-08-13T05:52:09.627+0000] {logging_mixin.py:190} INFO - [2026-08-13T05:52:09.627+0000] {dag.py:3239} INFO - Sync 1 DAGs
[2026-08-13T05:52:09.650+0000] {logging_mixin.py:190} INFO - [2026-08-13T05:52:09.650+0000] {dag.py:4180} INFO - Setting next_dagrun for weather_ingestion to 2026-08-13 05:00:00+00:00, run_after=2026-08-13 06:00:00+00:00
[2026-08-13T05:52:09.664+0000] {processor.py:208} INFO - Processing /opt/airflow/dags/weather_dag.py took 0.080 seconds
[2026-08-13T05:52:39.987+0000] {processor.py:186} INFO - Started process (PID=1598) to work on /opt/airflow/dags/weather_dag.py
[2026-08-13T05:52:39.989+0000] {processor.py:914} INFO - Processing file /opt/airflow/dags/weather_dag.py for tasks to queue
[2026-08-13T05:52:39.992+0000] {logging_mixin.py:190} INFO - [2026-08-13T05:52:39.991+0000] {dagbag.py:588} INFO - Filling up the DagBag from /opt/airflow/dags/weather_dag.py
[2026-08-13T05:52:40.003+0000] {processor.py:925} INFO - DAG(s) 'weather_ingestion' retrieved from /opt/airflow/dags/weather_dag.py
[2026-08-13T05:52:40.022+0000] {logging_mixin.py:190} INFO - [2026-08-13T05:52:40.022+0000] {dag.py:3239} INFO - Sync 1 DAGs
[2026-08-13T05:52:40.033+0000] {logging_mixin.py:190} INFO - [2026-08-13T05:52:40.033+0000] {dag.py:4180} INFO - Setting next_dagrun for weather_ingestion to 2026-08-13 05:00:00+00:00, run_after=2026-08-13 06:00:00+00:00
[2026-08-13T05:52:40.040+0000] {processor.py:208} INFO - Processing /opt/airflow/dags/weather_dag.py took 0.060 seconds
[2026-08-13T05:53:10.409+0000] {processor.py:186} INFO - Started process (PID=1603) to work on /opt/airflow/dags/weather_dag.py
[2026-08-13T05:53:10.412+0000] {processor.py:914} INFO - Processing file /opt/airflow/dags/weather_dag.py for tasks to queue
[2026-08-13T05:53:10.415+0000] {logging_mixin.py:190} INFO - [2026-08-13T05:53:10.414+0000] {dagbag.py:588} INFO - Filling up the DagBag from /opt/airflow/dags/weather_dag.py
[2026-08-13T05:53:10.431+0000] {processor.py:925} INFO - DAG(s) 'weather_ingestion' retrieved from /opt/airflow/dags/weather_dag.py
[2026-08-13T05:53:10.457+0000] {logging_mixin.py:190} INFO - [2026-08-13T05:53:10.456+0000] {dag.py:3239} INFO - Sync 1 DAGs
[2026-08-13T05:53:10.470+0000] {logging_mixin.py:190} INFO - [2026-08-13T05:53:10.470+0000] {dag.py:4180} INFO - Setting next_dagrun for weather_ingestion to 2026-08-13 05:00:00+00:00, run_after=2026-08-13 06:00:00+00:00
[2026-08-13T05:53:10.478+0000] {processor.py:208} INFO - Processing /opt/airflow/dags/weather_dag.py took 0.078 seconds
[2026-08-13T05:53:40.808+0000] {processor.py:186} INFO - Started process (PID=1608) to work on /opt/airflow/dags/weather_dag.py
[2026-08-13T05:53:40.809+0000] {processor.py:914} INFO - Processing file /opt/airflow/dags/weather_dag.py for tasks to queue
[2026-08-13T05:53:40.811+0000] {logging_mixin.py:190} INFO - [2026-08-13T05:53:40.811+0000] {dagbag.py:588} INFO - Filling up the DagBag from /opt/airflow/dags/weather_dag.py
[2026-08-13T05:53:40.821+0000] {processor.py:925} INFO - DAG(s) 'weather_ingestion' retrieved from /opt/airflow/dags/weather_dag.py
[2026-08-13T05:53:40.838+0000] {logging_mixin.py:190} INFO - [2026-08-13T05:53:40.838+0000] {dag.py:3239} INFO - Sync 1 DAGs
[2026-08-13T05:53:40.849+0000] {logging_mixin.py:190} INFO - [2026-08-13T05:53:40.849+0000] {dag.py:4180} INFO - Setting next_dagrun for weather_ingestion to 2026-08-13 05:00:00+00:00, run_after=2026-08-13 06:00:00+00:00
[2026-08-13T05:53:40.856+0000] {processor.py:208} INFO - Processing /opt/airflow/dags/weather_dag.py took 0.053 seconds
[2026-08-13T05:54:11.122+0000] {processor.py:186} INFO - Started process (PID=1613) to work on /opt/airflow/dags/weather_dag.py
[2026-08-13T05:54:11.124+0000] {processor.py:914} INFO - Processing file /opt/airflow/dags/weather_dag.py for tasks to queue
[2026-08-13T05:54:11.127+0000] {logging_mixin.py:190} INFO - [2026-08-13T05:54:11.127+0000] {dagbag.py:588} INFO - Filling up the DagBag from /opt/airflow/dags/weather_dag.py
[2026-08-13T05:54:11.138+0000] {processor.py:925} INFO - DAG(s) 'weather_ingestion' retrieved from /opt/airflow/dags/weather_dag.py
[2026-08-13T05:54:11.157+0000] {logging_mixin.py:190} INFO - [2026-08-13T05:54:11.157+0000] {dag.py:3239} INFO - Sync 1 DAGs
[2026-08-13T05:54:11.169+0000] {logging_mixin.py:190} INFO - [2026-08-13T05:54:11.169+0000] {dag.py:4180} INFO - Setting next_dagrun for weather_ingestion to 2026-08-13 05:00:00+00:00, run_after=2026-08-13 06:00:00+00:00
[2026-08-13T05:54:11.179+0000] {processor.py:208} INFO - Processing /opt/airflow/dags/weather_dag.py took 0.063 seconds
[2026-08-13T05:54:41.437+0000] {processor.py:186} INFO - Started process (PID=1618) to work on /opt/airflow/dags/weather_dag.py
[2026-08-13T05:54:41.439+0000] {processor.py:914} INFO - Processing file /opt/airflow/dags/weather_dag.py for tasks to queue
[2026-08-13T05:54:41.441+0000] {logging_mixin.py:190} INFO - [2026-08-13T05:54:41.441+0000] {dagbag.py:588} INFO - Filling up the DagBag from /opt/airflow/dags/weather_dag.py
[2026-08-13T05:54:41.449+0000] {processor.py:925} INFO - DAG(s) 'weather_ingestion' retrieved from /opt/airflow/dags/weather_dag.py
[2026-08-13T05:54:41.470+0000] {logging_mixin.py:190} INFO - [2026-08-13T05:54:41.470+0000] {dag.py:3239} INFO - Sync 1 DAGs
[2026-08-13T05:54:41.484+0000] {logging_mixin.py:190} INFO - [2026-08-13T05:54:41.484+0000] {dag.py:4180} INFO - Setting next_dagrun for weather_ingestion to 2026-08-13 05:00:00+00:00, run_after=2026-08-13 06:00:00+00:00
[2026-08-13T05:54:41.492+0000] {processor.py:208} INFO - Processing /opt/airflow/dags/weather_dag.py took 0.060 seconds
[2026-08-13T05:55:11.832+0000] {processor.py:186} INFO - Started process (PID=1623) to work on /opt/airflow/dags/weather_dag.py
[2026-08-13T05:55:11.833+0000] {processor.py:914} INFO - Processing file /opt/airflow/dags/weather_dag.py for tasks to queue
[2026-08-13T05:55:11.835+0000] {logging_mixin.py:190} INFO - [2026-08-13T05:55:11.835+0000] {dagbag.py:588} INFO - Filling up the DagBag from /opt/airflow/dags/weather_dag.py
[2026-08-13T05:55:11.846+0000] {processor.py:925} INFO - DAG(s) 'weather_ingestion' retrieved from /opt/airflow/dags/weather_dag.py
[2026-08-13T05:55:11.866+0000] {logging_mixin.py:190} INFO - [2026-08-13T05:55:11.866+0000] {dag.py:3239} INFO - Sync 1 DAGs
[2026-08-13T05:55:11.878+0000] {logging_mixin.py:190} INFO - [2026-08-13T05:55:11.878+0000] {dag.py:4180} INFO - Setting next_dagrun for weather_ingestion to 2026-08-13 05:00:00+00:00, run_after=2026-08-13 06:00:00+00:00
[2026-08-13T05:55:11.885+0000] {processor.py:208} INFO - Processing /opt/airflow/dags/weather_dag.py took 0.059 seconds
[2026-08-13T05:55:42.150+0000] {processor.py:186} INFO - Started process (PID=1628) to work on /opt/airflow/dags/weather_dag.py
[2026-08-13T05:55:42.152+0000] {processor.py:914} INFO - Processing file /opt/airflow/dags/weather_dag.py for tasks to queue
[2026-08-13T05:55:42.154+0000] {logging_mixin.py:190} INFO - [2026-08-13T05:55:42.154+0000] {dagbag.py:588} INFO - Filling up the DagBag from /opt/airflow/dags/weather_dag.py
[2026-08-13T05:55:42.166+0000] {processor.py:925} INFO - DAG(s) 'weather_ingestion' retrieved from /opt/airflow/dags/weather_dag.py
[2026-08-13T05:55:42.184+0000] {logging_mixin.py:190} INFO - [2026-08-13T05:55:42.184+0000] {dag.py:3239} INFO - Sync 1 DAGs
[2026-08-13T05:55:42.197+0000] {logging_mixin.py:190} INFO - [2026-08-13T05:55:42.197+0000] {dag.py:4180} INFO - Setting next_dagrun for weather_ingestion to 2026-08-13 05:00:00+00:00, run_after=2026-08-13 06:00:00+00:00
[2026-08-13T05:55:42.203+0000] {processor.py:208} INFO - Processing /opt/airflow/dags/weather_dag.py took 0.060 seconds
[2026-08-13T05:56:12.586+0000] {processor.py:186} INFO - Started process (PID=1633) to work on /opt/airflow/dags/weather_dag.py
[2026-08-13T05:56:12.589+0000] {processor.py:914} INFO - Processing file /opt/airflow/dags/weather_dag.py for tasks to queue
[2026-08-13T05:56:12.592+0000] {logging_mixin.py:190} INFO - [2026-08-13T05:56:12.592+0000] {dagbag.py:588} INFO - Filling up the DagBag from /opt/airflow/dags/weather_dag.py
[2026-08-13T05:56:12.609+0000] {processor.py:925} INFO - DAG(s) 'weather_ingestion' retrieved from /opt/airflow/dags/weather_dag.py
[2026-08-13T05:56:12.631+0000] {logging_mixin.py:190} INFO - [2026-08-13T05:56:12.631+0000] {dag.py:3239} INFO - Sync 1 DAGs
[2026-08-13T05:56:12.645+0000] {logging_mixin.py:190} INFO - [2026-08-13T05:56:12.645+0000] {dag.py:4180} INFO - Setting next_dagrun for weather_ingestion to 2026-08-13 05:00:00+00:00, run_after=2026-08-13 06:00:00+00:00
[2026-08-13T05:56:12.653+0000] {processor.py:208} INFO - Processing /opt/airflow/dags/weather_dag.py took 0.077 seconds
[2026-08-13T05:56:42.942+0000] {processor.py:186} INFO - Started process (PID=1638) to work on /opt/airflow/dags/weather_dag.py
[2026-08-13T05:56:42.944+0000] {processor.py:914} INFO - Processing file /opt/airflow/dags/weather_dag.py for tasks to queue
[2026-08-13T05:56:42.946+0000] {logging_mixin.py:190} INFO - [2026-08-13T05:56:42.945+0000] {dagbag.py:588} INFO - Filling up the DagBag from /opt/airflow/dags/weather_dag.py
[2026-08-13T05:56:42.954+0000] {processor.py:925} INFO - DAG(s) 'weather_ingestion' retrieved from /opt/airflow/dags/weather_dag.py
[2026-08-13T05:56:42.974+0000] {logging_mixin.py:190} INFO - [2026-08-13T05:56:42.974+0000] {dag.py:3239} INFO - Sync 1 DAGs
[2026-08-13T05:56:42.988+0000] {logging_mixin.py:190} INFO - [2026-08-13T05:56:42.988+0000] {dag.py:4180} INFO - Setting next_dagrun for weather_ingestion to 2026-08-13 05:00:00+00:00, run_after=2026-08-13 06:00:00+00:00
[2026-08-13T05:56:42.997+0000] {processor.py:208} INFO - Processing /opt/airflow/dags/weather_dag.py took 0.059 seconds
[2026-08-13T05:57:13.262+0000] {processor.py:186} INFO - Started process (PID=1643) to work on /opt/airflow/dags/weather_dag.py
[2026-08-13T05:57:13.263+0000] {processor.py:914} INFO - Processing file /opt/airflow/dags/weather_dag.py for tasks to queue
[2026-08-13T05:57:13.265+0000] {logging_mixin.py:190} INFO - [2026-08-13T05:57:13.265+0000] {dagbag.py:588} INFO - Filling up the DagBag from /opt/airflow/dags/weather_dag.py
[2026-08-13T05:57:13.275+0000] {processor.py:925} INFO - DAG(s) 'weather_ingestion' retrieved from /opt/airflow/dags/weather_dag.py
[2026-08-13T05:57:13.320+0000] {logging_mixin.py:190} INFO - [2026-08-13T05:57:13.320+0000] {dag.py:3239} INFO - Sync 1 DAGs
[2026-08-13T05:57:13.334+0000] {logging_mixin.py:190} INFO - [2026-08-13T05:57:13.333+0000] {dag.py:4180} INFO - Setting next_dagrun for weather_ingestion to 2026-08-13 05:00:00+00:00, run_after=2026-08-13 06:00:00+00:00
[2026-08-13T05:57:13.342+0000] {processor.py:208} INFO - Processing /opt/airflow/dags/weather_dag.py took 0.086 seconds
[2026-08-13T05:57:43.628+0000] {processor.py:186} INFO - Started process (PID=1648) to work on /opt/airflow/dags/weather_dag.py
[2026-08-13T05:57:43.631+0000] {processor.py:914} INFO - Processing file /opt/airflow/dags/weather_dag.py for tasks to queue
[2026-08-13T05:57:43.633+0000] {logging_mixin.py:190} INFO - [2026-08-13T05:57:43.633+0000] {dagbag.py:588} INFO - Filling up the DagBag from /opt/airflow/dags/weather_dag.py
[2026-08-13T05:57:43.645+0000] {processor.py:925} INFO - DAG(s) 'weather_ingestion' retrieved from /opt/airflow/dags/weather_dag.py
[2026-08-13T05:57:43.664+0000] {logging_mixin.py:190} INFO - [2026-08-13T05:57:43.664+0000] {dag.py:3239} INFO - Sync 1 DAGs
[2026-08-13T05:57:43.680+0000] {logging_mixin.py:190} INFO - [2026-08-13T05:57:43.679+0000] {dag.py:4180} INFO - Setting next_dagrun for weather_ingestion to 2026-08-13 05:00:00+00:00, run_after=2026-08-13 06:00:00+00:00
[2026-08-13T05:57:43.689+0000] {processor.py:208} INFO - Processing /opt/airflow/dags/weather_dag.py took 0.068 seconds
[2026-08-13T05:58:13.998+0000] {processor.py:186} INFO - Started process (PID=1653) to work on /opt/airflow/dags/weather_dag.py
[2026-08-13T05:58:14.000+0000] {processor.py:914} INFO - Processing file /opt/airflow/dags/weather_dag.py for tasks to queue
[2026-08-13T05:58:14.004+0000] {logging_mixin.py:190} INFO - [2026-08-13T05:58:14.004+0000] {dagbag.py:588} INFO - Filling up the DagBag from /opt/airflow/dags/weather_dag.py
[2026-08-13T05:58:14.019+0000] {processor.py:925} INFO - DAG(s) 'weather_ingestion' retrieved from /opt/airflow/dags/weather_dag.py
[2026-08-13T05:58:14.040+0000] {logging_mixin.py:190} INFO - [2026-08-13T05:58:14.040+0000] {dag.py:3239} INFO - Sync 1 DAGs
[2026-08-13T05:58:14.055+0000] {logging_mixin.py:190} INFO - [2026-08-13T05:58:14.055+0000] {dag.py:4180} INFO - Setting next_dagrun for weather_ingestion to 2026-08-13 05:00:00+00:00, run_after=2026-08-13 06:00:00+00:00
[2026-08-13T05:58:14.063+0000] {processor.py:208} INFO - Processing /opt/airflow/dags/weather_dag.py took 0.073 seconds
[2026-08-13T05:58:44.360+0000] {processor.py:186} INFO - Started process (PID=1658) to work on /opt/airflow/dags/weather_dag.py
[2026-08-13T05:58:44.361+0000] {processor.py:914} INFO - Processing file /opt/airflow/dags/weather_dag.py for tasks to queue
[2026-08-13T05:58:44.363+0000] {logging_mixin.py:190} INFO - [2026-08-13T05:58:44.363+0000] {dagbag.py:588} INFO - Filling up the DagBag from /opt/airflow/dags/weather_dag.py
[2026-08-13T05:58:44.374+0000] {processor.py:925} INFO - DAG(s) 'weather_ingestion' retrieved from /opt/airflow/dags/weather_dag.py
[2026-08-13T05:58:44.414+0000] {logging_mixin.py:190} INFO - [2026-08-13T05:58:44.414+0000] {dag.py:3239} INFO - Sync 1 DAGs
[2026-08-13T05:58:44.426+0000] {logging_mixin.py:190} INFO - [2026-08-13T05:58:44.426+0000] {dag.py:4180} INFO - Setting next_dagrun for weather_ingestion to 2026-08-13 05:00:00+00:00, run_after=2026-08-13 06:00:00+00:00
[2026-08-13T05:58:44.432+0000] {processor.py:208} INFO - Processing /opt/airflow/dags/weather_dag.py took 0.078 seconds
[2026-08-13T05:59:14.769+0000] {processor.py:186} INFO - Started process (PID=1663) to work on /opt/airflow/dags/weather_dag.py
[2026-08-13T05:59:14.771+0000] {processor.py:914} INFO - Processing file /opt/airflow/dags/weather_dag.py for tasks to queue
[2026-08-13T05:59:14.773+0000] {logging_mixin.py:190} INFO - [2026-08-13T05:59:14.772+0000] {dagbag.py:588} INFO - Filling up the DagBag from /opt/airflow/dags/weather_dag.py
[2026-08-13T05:59:14.783+0000] {processor.py:925} INFO - DAG(s) 'weather_ingestion' retrieved from /opt/airflow/dags/weather_dag.py
[2026-08-13T05:59:14.808+0000] {logging_mixin.py:190} INFO - [2026-08-13T05:59:14.808+0000] {dag.py:3239} INFO - Sync 1 DAGs
[2026-08-13T05:59:14.820+0000] {logging_mixin.py:190} INFO - [2026-08-13T05:59:14.820+0000] {dag.py:4180} INFO - Setting next_dagrun for weather_ingestion to 2026-08-13 05:00:00+00:00, run_after=2026-08-13 06:00:00+00:00
[2026-08-13T05:59:14.827+0000] {processor.py:208} INFO - Processing /opt/airflow/dags/weather_dag.py took 0.065 seconds
[2026-08-13T05:59:45.278+0000] {processor.py:186} INFO - Started process (PID=1668) to work on /opt/airflow/dags/weather_dag.py
[2026-08-13T05:59:45.284+0000] {processor.py:914} INFO - Processing file /opt/airflow/dags/weather_dag.py for tasks to queue
[2026-08-13T05:59:45.307+0000] {logging_mixin.py:190} INFO - [2026-08-13T05:59:45.300+0000] {dagbag.py:588} INFO - Filling up the DagBag from /opt/airflow/dags/weather_dag.py
[2026-08-13T05:59:45.351+0000] {processor.py:925} INFO - DAG(s) 'weather_ingestion' retrieved from /opt/airflow/dags/weather_dag.py
[2026-08-13T05:59:45.494+0000] {logging_mixin.py:190} INFO - [2026-08-13T05:59:45.493+0000] {dag.py:3239} INFO - Sync 1 DAGs
[2026-08-13T05:59:45.548+0000] {logging_mixin.py:190} INFO - [2026-08-13T05:59:45.548+0000] {dag.py:4180} INFO - Setting next_dagrun for weather_ingestion to 2026-08-13 05:00:00+00:00, run_after=2026-08-13 06:00:00+00:00
[2026-08-13T05:59:45.591+0000] {processor.py:208} INFO - Processing /opt/airflow/dags/weather_dag.py took 0.349 seconds
[2026-08-13T06:00:15.981+0000] {processor.py:186} INFO - Started process (PID=1678) to work on /opt/airflow/dags/weather_dag.py
[2026-08-13T06:00:15.983+0000] {processor.py:914} INFO - Processing file /opt/airflow/dags/weather_dag.py for tasks to queue
[2026-08-13T06:00:15.986+0000] {logging_mixin.py:190} INFO - [2026-08-13T06:00:15.985+0000] {dagbag.py:588} INFO - Filling up the DagBag from /opt/airflow/dags/weather_dag.py
[2026-08-13T06:00:16.006+0000] {processor.py:925} INFO - DAG(s) 'weather_ingestion' retrieved from /opt/airflow/dags/weather_dag.py
[2026-08-13T06:00:16.040+0000] {logging_mixin.py:190} INFO - [2026-08-13T06:00:16.040+0000] {dag.py:3239} INFO - Sync 1 DAGs
[2026-08-13T06:00:16.059+0000] {logging_mixin.py:190} INFO - [2026-08-13T06:00:16.059+0000] {dag.py:4180} INFO - Setting next_dagrun for weather_ingestion to 2026-08-13 06:00:00+00:00, run_after=2026-08-13 07:00:00+00:00
[2026-08-13T06:00:16.069+0000] {processor.py:208} INFO - Processing /opt/airflow/dags/weather_dag.py took 0.099 seconds
[2026-08-13T06:00:46.303+0000] {processor.py:186} INFO - Started process (PID=2072) to work on /opt/airflow/dags/weather_dag.py
[2026-08-13T06:00:46.306+0000] {processor.py:914} INFO - Processing file /opt/airflow/dags/weather_dag.py for tasks to queue
[2026-08-13T06:00:46.309+0000] {logging_mixin.py:190} INFO - [2026-08-13T06:00:46.308+0000] {dagbag.py:588} INFO - Filling up the DagBag from /opt/airflow/dags/weather_dag.py
[2026-08-13T06:00:46.328+0000] {processor.py:925} INFO - DAG(s) 'weather_ingestion' retrieved from /opt/airflow/dags/weather_dag.py
[2026-08-13T06:00:46.362+0000] {logging_mixin.py:190} INFO - [2026-08-13T06:00:46.362+0000] {dag.py:3239} INFO - Sync 1 DAGs
[2026-08-13T06:00:46.377+0000] {logging_mixin.py:190} INFO - [2026-08-13T06:00:46.377+0000] {dag.py:4180} INFO - Setting next_dagrun for weather_ingestion to 2026-08-13 06:00:00+00:00, run_after=2026-08-13 07:00:00+00:00
[2026-08-13T06:00:46.384+0000] {processor.py:208} INFO - Processing /opt/airflow/dags/weather_dag.py took 0.090 seconds
[2026-08-13T06:01:16.696+0000] {processor.py:186} INFO - Started process (PID=2077) to work on /opt/airflow/dags/weather_dag.py
[2026-08-13T06:01:16.698+0000] {processor.py:914} INFO - Processing file /opt/airflow/dags/weather_dag.py for tasks to queue
[2026-08-13T06:01:16.701+0000] {logging_mixin.py:190} INFO - [2026-08-13T06:01:16.700+0000] {dagbag.py:588} INFO - Filling up the DagBag from /opt/airflow/dags/weather_dag.py
[2026-08-13T06:01:16.712+0000] {processor.py:925} INFO - DAG(s) 'weather_ingestion' retrieved from /opt/airflow/dags/weather_dag.py
[2026-08-13T06:01:16.734+0000] {logging_mixin.py:190} INFO - [2026-08-13T06:01:16.734+0000] {dag.py:3239} INFO - Sync 1 DAGs
[2026-08-13T06:01:16.745+0000] {logging_mixin.py:190} INFO - [2026-08-13T06:01:16.745+0000] {dag.py:4180} INFO - Setting next_dagrun for weather_ingestion to 2026-08-13 06:00:00+00:00, run_after=2026-08-13 07:00:00+00:00
[2026-08-13T06:01:16.751+0000] {processor.py:208} INFO - Processing /opt/airflow/dags/weather_dag.py took 0.062 seconds
[2026-08-13T06:01:47.095+0000] {processor.py:186} INFO - Started process (PID=2082) to work on /opt/airflow/dags/weather_dag.py
[2026-08-13T06:01:47.097+0000] {processor.py:914} INFO - Processing file /opt/airflow/dags/weather_dag.py for tasks to queue
[2026-08-13T06:01:47.102+0000] {logging_mixin.py:190} INFO - [2026-08-13T06:01:47.101+0000] {dagbag.py:588} INFO - Filling up the DagBag from /opt/airflow/dags/weather_dag.py
[2026-08-13T06:01:47.119+0000] {processor.py:925} INFO - DAG(s) 'weather_ingestion' retrieved from /opt/airflow/dags/weather_dag.py
[2026-08-13T06:01:47.157+0000] {logging_mixin.py:190} INFO - [2026-08-13T06:01:47.157+0000] {dag.py:3239} INFO - Sync 1 DAGs
[2026-08-13T06:01:47.173+0000] {logging_mixin.py:190} INFO - [2026-08-13T06:01:47.173+0000] {dag.py:4180} INFO - Setting next_dagrun for weather_ingestion to 2026-08-13 06:00:00+00:00, run_after=2026-08-13 07:00:00+00:00
[2026-08-13T06:01:47.181+0000] {processor.py:208} INFO - Processing /opt/airflow/dags/weather_dag.py took 0.096 seconds
[2026-08-13T06:02:17.456+0000] {processor.py:186} INFO - Started process (PID=2087) to work on /opt/airflow/dags/weather_dag.py
[2026-08-13T06:02:17.457+0000] {processor.py:914} INFO - Processing file /opt/airflow/dags/weather_dag.py for tasks to queue
[2026-08-13T06:02:17.459+0000] {logging_mixin.py:190} INFO - [2026-08-13T06:02:17.458+0000] {dagbag.py:588} INFO - Filling up the DagBag from /opt/airflow/dags/weather_dag.py
[2026-08-13T06:02:17.467+0000] {processor.py:925} INFO - DAG(s) 'weather_ingestion' retrieved from /opt/airflow/dags/weather_dag.py
[2026-08-13T06:02:17.490+0000] {logging_mixin.py:190} INFO - [2026-08-13T06:02:17.490+0000] {dag.py:3239} INFO - Sync 1 DAGs
[2026-08-13T06:02:17.503+0000] {logging_mixin.py:190} INFO - [2026-08-13T06:02:17.503+0000] {dag.py:4180} INFO - Setting next_dagrun for weather_ingestion to 2026-08-13 06:00:00+00:00, run_after=2026-08-13 07:00:00+00:00
[2026-08-13T06:02:17.510+0000] {processor.py:208} INFO - Processing /opt/airflow/dags/weather_dag.py took 0.061 seconds
[2026-08-13T06:02:47.861+0000] {processor.py:186} INFO - Started process (PID=2092) to work on /opt/airflow/dags/weather_dag.py
[2026-08-13T06:02:47.864+0000] {processor.py:914} INFO - Processing file /opt/airflow/dags/weather_dag.py for tasks to queue
[2026-08-13T06:02:47.866+0000] {logging_mixin.py:190} INFO - [2026-08-13T06:02:47.866+0000] {dagbag.py:588} INFO - Filling up the DagBag from /opt/airflow/dags/weather_dag.py
[2026-08-13T06:02:47.877+0000] {processor.py:925} INFO - DAG(s) 'weather_ingestion' retrieved from /opt/airflow/dags/weather_dag.py
[2026-08-13T06:02:47.902+0000] {logging_mixin.py:190} INFO - [2026-08-13T06:02:47.902+0000] {dag.py:3239} INFO - Sync 1 DAGs
[2026-08-13T06:02:47.913+0000] {logging_mixin.py:190} INFO - [2026-08-13T06:02:47.913+0000] {dag.py:4180} INFO - Setting next_dagrun for weather_ingestion to 2026-08-13 06:00:00+00:00, run_after=2026-08-13 07:00:00+00:00
[2026-08-13T06:02:47.920+0000] {processor.py:208} INFO - Processing /opt/airflow/dags/weather_dag.py took 0.066 seconds
[2026-08-13T06:03:18.248+0000] {processor.py:186} INFO - Started process (PID=2097) to work on /opt/airflow/dags/weather_dag.py
[2026-08-13T06:03:18.250+0000] {processor.py:914} INFO - Processing file /opt/airflow/dags/weather_dag.py for tasks to queue
[2026-08-13T06:03:18.252+0000] {logging_mixin.py:190} INFO - [2026-08-13T06:03:18.252+0000] {dagbag.py:588} INFO - Filling up the DagBag from /opt/airflow/dags/weather_dag.py
[2026-08-13T06:03:18.262+0000] {processor.py:925} INFO - DAG(s) 'weather_ingestion' retrieved from /opt/airflow/dags/weather_dag.py
[2026-08-13T06:03:18.287+0000] {logging_mixin.py:190} INFO - [2026-08-13T06:03:18.287+0000] {dag.py:3239} INFO - Sync 1 DAGs
[2026-08-13T06:03:18.298+0000] {logging_mixin.py:190} INFO - [2026-08-13T06:03:18.298+0000] {dag.py:4180} INFO - Setting next_dagrun for weather_ingestion to 2026-08-13 06:00:00+00:00, run_after=2026-08-13 07:00:00+00:00
[2026-08-13T06:03:18.305+0000] {processor.py:208} INFO - Processing /opt/airflow/dags/weather_dag.py took 0.063 seconds
[2026-08-13T06:03:48.781+0000] {processor.py:186} INFO - Started process (PID=2102) to work on /opt/airflow/dags/weather_dag.py
[2026-08-13T06:03:48.784+0000] {processor.py:914} INFO - Processing file /opt/airflow/dags/weather_dag.py for tasks to queue
[2026-08-13T06:03:48.791+0000] {logging_mixin.py:190} INFO - [2026-08-13T06:03:48.790+0000] {dagbag.py:588} INFO - Filling up the DagBag from /opt/airflow/dags/weather_dag.py
[2026-08-13T06:03:48.815+0000] {processor.py:925} INFO - DAG(s) 'weather_ingestion' retrieved from /opt/airflow/dags/weather_dag.py
[2026-08-13T06:03:48.868+0000] {logging_mixin.py:190} INFO - [2026-08-13T06:03:48.868+0000] {dag.py:3239} INFO - Sync 1 DAGs
[2026-08-13T06:03:48.894+0000] {logging_mixin.py:190} INFO - [2026-08-13T06:03:48.894+0000] {dag.py:4180} INFO - Setting next_dagrun for weather_ingestion to 2026-08-13 06:00:00+00:00, run_after=2026-08-13 07:00:00+00:00
[2026-08-13T06:03:48.904+0000] {processor.py:208} INFO - Processing /opt/airflow/dags/weather_dag.py took 0.141 seconds
[2026-08-13T06:04:19.232+0000] {processor.py:186} INFO - Started process (PID=2107) to work on /opt/airflow/dags/weather_dag.py
[2026-08-13T06:04:19.234+0000] {processor.py:914} INFO - Processing file /opt/airflow/dags/weather_dag.py for tasks to queue
[2026-08-13T06:04:19.236+0000] {logging_mixin.py:190} INFO - [2026-08-13T06:04:19.236+0000] {dagbag.py:588} INFO - Filling up the DagBag from /opt/airflow/dags/weather_dag.py
[2026-08-13T06:04:19.252+0000] {processor.py:925} INFO - DAG(s) 'weather_ingestion' retrieved from /opt/airflow/dags/weather_dag.py
[2026-08-13T06:04:19.268+0000] {logging_mixin.py:190} INFO - [2026-08-13T06:04:19.268+0000] {dag.py:3239} INFO - Sync 1 DAGs
[2026-08-13T06:04:19.279+0000] {logging_mixin.py:190} INFO - [2026-08-13T06:04:19.279+0000] {dag.py:4180} INFO - Setting next_dagrun for weather_ingestion to 2026-08-13 06:00:00+00:00, run_after=2026-08-13 07:00:00+00:00
[2026-08-13T06:04:19.286+0000] {processor.py:208} INFO - Processing /opt/airflow/dags/weather_dag.py took 0.061 seconds
[2026-08-13T06:04:49.555+0000] {processor.py:186} INFO - Started process (PID=2112) to work on /opt/airflow/dags/weather_dag.py
[2026-08-13T06:04:49.557+0000] {processor.py:914} INFO - Processing file /opt/airflow/dags/weather_dag.py for tasks to queue
[2026-08-13T06:04:49.559+0000] {logging_mixin.py:190} INFO - [2026-08-13T06:04:49.558+0000] {dagbag.py:588} INFO - Filling up the DagBag from /opt/airflow/dags/weather_dag.py
[2026-08-13T06:04:49.571+0000] {processor.py:925} INFO - DAG(s) 'weather_ingestion' retrieved from /opt/airflow/dags/weather_dag.py
[2026-08-13T06:04:49.588+0000] {logging_mixin.py:190} INFO - [2026-08-13T06:04:49.588+0000] {dag.py:3239} INFO - Sync 1 DAGs
[2026-08-13T06:04:49.600+0000] {logging_mixin.py:190} INFO - [2026-08-13T06:04:49.600+0000] {dag.py:4180} INFO - Setting next_dagrun for weather_ingestion to 2026-08-13 06:00:00+00:00, run_after=2026-08-13 07:00:00+00:00
[2026-08-13T06:04:49.608+0000] {processor.py:208} INFO - Processing /opt/airflow/dags/weather_dag.py took 0.056 seconds
[2026-08-13T06:05:19.902+0000] {processor.py:186} INFO - Started process (PID=2117) to work on /opt/airflow/dags/weather_dag.py
[2026-08-13T06:05:19.904+0000] {processor.py:914} INFO - Processing file /opt/airflow/dags/weather_dag.py for tasks to queue
[2026-08-13T06:05:19.907+0000] {logging_mixin.py:190} INFO - [2026-08-13T06:05:19.906+0000] {dagbag.py:588} INFO - Filling up the DagBag from /opt/airflow/dags/weather_dag.py
[2026-08-13T06:05:19.922+0000] {processor.py:925} INFO - DAG(s) 'weather_ingestion' retrieved from /opt/airflow/dags/weather_dag.py
[2026-08-13T06:05:19.939+0000] {logging_mixin.py:190} INFO - [2026-08-13T06:05:19.939+0000] {dag.py:3239} INFO - Sync 1 DAGs
[2026-08-13T06:05:19.950+0000] {logging_mixin.py:190} INFO - [2026-08-13T06:05:19.949+0000] {dag.py:4180} INFO - Setting next_dagrun for weather_ingestion to 2026-08-13 06:00:00+00:00, run_after=2026-08-13 07:00:00+00:00
[2026-08-13T06:05:19.956+0000] {processor.py:208} INFO - Processing /opt/airflow/dags/weather_dag.py took 0.061 seconds
[2026-08-13T06:05:50.167+0000] {processor.py:186} INFO - Started process (PID=2122) to work on /opt/airflow/dags/weather_dag.py
[2026-08-13T06:05:50.169+0000] {processor.py:914} INFO - Processing file /opt/airflow/dags/weather_dag.py for tasks to queue
[2026-08-13T06:05:50.171+0000] {logging_mixin.py:190} INFO - [2026-08-13T06:05:50.171+0000] {dagbag.py:588} INFO - Filling up the DagBag from /opt/airflow/dags/weather_dag.py
[2026-08-13T06:05:50.187+0000] {processor.py:925} INFO - DAG(s) 'weather_ingestion' retrieved from /opt/airflow/dags/weather_dag.py
[2026-08-13T06:05:50.204+0000] {logging_mixin.py:190} INFO - [2026-08-13T06:05:50.204+0000] {dag.py:3239} INFO - Sync 1 DAGs
[2026-08-13T06:05:50.214+0000] {logging_mixin.py:190} INFO - [2026-08-13T06:05:50.214+0000] {dag.py:4180} INFO - Setting next_dagrun for weather_ingestion to 2026-08-13 06:00:00+00:00, run_after=2026-08-13 07:00:00+00:00
[2026-08-13T06:05:50.221+0000] {processor.py:208} INFO - Processing /opt/airflow/dags/weather_dag.py took 0.061 seconds
[2026-08-13T06:06:20.474+0000] {processor.py:186} INFO - Started process (PID=2127) to work on /opt/airflow/dags/weather_dag.py
[2026-08-13T06:06:20.476+0000] {processor.py:914} INFO - Processing file /opt/airflow/dags/weather_dag.py for tasks to queue
[2026-08-13T06:06:20.479+0000] {logging_mixin.py:190} INFO - [2026-08-13T06:06:20.479+0000] {dagbag.py:588} INFO - Filling up the DagBag from /opt/airflow/dags/weather_dag.py
[2026-08-13T06:06:20.495+0000] {processor.py:925} INFO - DAG(s) 'weather_ingestion' retrieved from /opt/airflow/dags/weather_dag.py
[2026-08-13T06:06:20.511+0000] {logging_mixin.py:190} INFO - [2026-08-13T06:06:20.511+0000] {dag.py:3239} INFO - Sync 1 DAGs
[2026-08-13T06:06:20.524+0000] {logging_mixin.py:190} INFO - [2026-08-13T06:06:20.524+0000] {dag.py:4180} INFO - Setting next_dagrun for weather_ingestion to 2026-08-13 06:00:00+00:00, run_after=2026-08-13 07:00:00+00:00
[2026-08-13T06:06:20.531+0000] {processor.py:208} INFO - Processing /opt/airflow/dags/weather_dag.py took 0.063 seconds
[2026-08-13T06:06:50.865+0000] {processor.py:186} INFO - Started process (PID=2132) to work on /opt/airflow/dags/weather_dag.py
[2026-08-13T06:06:50.867+0000] {processor.py:914} INFO - Processing file /opt/airflow/dags/weather_dag.py for tasks to queue
[2026-08-13T06:06:50.873+0000] {logging_mixin.py:190} INFO - [2026-08-13T06:06:50.872+0000] {dagbag.py:588} INFO - Filling up the DagBag from /opt/airflow/dags/weather_dag.py
[2026-08-13T06:06:50.928+0000] {processor.py:925} INFO - DAG(s) 'weather_ingestion' retrieved from /opt/airflow/dags/weather_dag.py
[2026-08-13T06:06:50.953+0000] {logging_mixin.py:190} INFO - [2026-08-13T06:06:50.953+0000] {dag.py:3239} INFO - Sync 1 DAGs
[2026-08-13T06:06:50.971+0000] {logging_mixin.py:190} INFO - [2026-08-13T06:06:50.971+0000] {dag.py:4180} INFO - Setting next_dagrun for weather_ingestion to 2026-08-13 06:00:00+00:00, run_after=2026-08-13 07:00:00+00:00
[2026-08-13T06:06:50.980+0000] {processor.py:208} INFO - Processing /opt/airflow/dags/weather_dag.py took 0.129 seconds
[2026-08-13T06:07:21.186+0000] {processor.py:186} INFO - Started process (PID=2137) to work on /opt/airflow/dags/weather_dag.py
[2026-08-13T06:07:21.188+0000] {processor.py:914} INFO - Processing file /opt/airflow/dags/weather_dag.py for tasks to queue
[2026-08-13T06:07:21.190+0000] {logging_mixin.py:190} INFO - [2026-08-13T06:07:21.189+0000] {dagbag.py:588} INFO - Filling up the DagBag from /opt/airflow/dags/weather_dag.py
[2026-08-13T06:07:21.206+0000] {processor.py:925} INFO - DAG(s) 'weather_ingestion' retrieved from /opt/airflow/dags/weather_dag.py
[2026-08-13T06:07:21.223+0000] {logging_mixin.py:190} INFO - [2026-08-13T06:07:21.223+0000] {dag.py:3239} INFO - Sync 1 DAGs
[2026-08-13T06:07:21.235+0000] {logging_mixin.py:190} INFO - [2026-08-13T06:07:21.235+0000] {dag.py:4180} INFO - Setting next_dagrun for weather_ingestion to 2026-08-13 06:00:00+00:00, run_after=2026-08-13 07:00:00+00:00
[2026-08-13T06:07:21.242+0000] {processor.py:208} INFO - Processing /opt/airflow/dags/weather_dag.py took 0.067 seconds
[2026-08-13T06:07:51.640+0000] {processor.py:186} INFO - Started process (PID=2142) to work on /opt/airflow/dags/weather_dag.py
[2026-08-13T06:07:51.643+0000] {processor.py:914} INFO - Processing file /opt/airflow/dags/weather_dag.py for tasks to queue
[2026-08-13T06:07:51.646+0000] {logging_mixin.py:190} INFO - [2026-08-13T06:07:51.646+0000] {dagbag.py:588} INFO - Filling up the DagBag from /opt/airflow/dags/weather_dag.py
[2026-08-13T06:07:51.678+0000] {processor.py:925} INFO - DAG(s) 'weather_ingestion' retrieved from /opt/airflow/dags/weather_dag.py
[2026-08-13T06:07:51.698+0000] {logging_mixin.py:190} INFO - [2026-08-13T06:07:51.698+0000] {dag.py:3239} INFO - Sync 1 DAGs
[2026-08-13T06:07:51.711+0000] {logging_mixin.py:190} INFO - [2026-08-13T06:07:51.711+0000] {dag.py:4180} INFO - Setting next_dagrun for weather_ingestion to 2026-08-13 06:00:00+00:00, run_after=2026-08-13 07:00:00+00:00
[2026-08-13T06:07:51.719+0000] {processor.py:208} INFO - Processing /opt/airflow/dags/weather_dag.py took 0.088 seconds
[2026-08-13T06:08:21.987+0000] {processor.py:186} INFO - Started process (PID=2147) to work on /opt/airflow/dags/weather_dag.py
[2026-08-13T06:08:21.990+0000] {processor.py:914} INFO - Processing file /opt/airflow/dags/weather_dag.py for tasks to queue
[2026-08-13T06:08:21.992+0000] {logging_mixin.py:190} INFO - [2026-08-13T06:08:21.991+0000] {dagbag.py:588} INFO - Filling up the DagBag from /opt/airflow/dags/weather_dag.py
[2026-08-13T06:08:22.001+0000] {processor.py:925} INFO - DAG(s) 'weather_ingestion' retrieved from /opt/airflow/dags/weather_dag.py
[2026-08-13T06:08:22.017+0000] {logging_mixin.py:190} INFO - [2026-08-13T06:08:22.017+0000] {dag.py:3239} INFO - Sync 1 DAGs
[2026-08-13T06:08:22.030+0000] {logging_mixin.py:190} INFO - [2026-08-13T06:08:22.030+0000] {dag.py:4180} INFO - Setting next_dagrun for weather_ingestion to 2026-08-13 06:00:00+00:00, run_after=2026-08-13 07:00:00+00:00
[2026-08-13T06:08:22.038+0000] {processor.py:208} INFO - Processing /opt/airflow/dags/weather_dag.py took 0.056 seconds
[2026-08-13T06:08:52.368+0000] {processor.py:186} INFO - Started process (PID=2152) to work on /opt/airflow/dags/weather_dag.py
[2026-08-13T06:08:52.370+0000] {processor.py:914} INFO - Processing file /opt/airflow/dags/weather_dag.py for tasks to queue
[2026-08-13T06:08:52.373+0000] {logging_mixin.py:190} INFO - [2026-08-13T06:08:52.372+0000] {dagbag.py:588} INFO - Filling up the DagBag from /opt/airflow/dags/weather_dag.py
[2026-08-13T06:08:52.388+0000] {processor.py:925} INFO - DAG(s) 'weather_ingestion' retrieved from /opt/airflow/dags/weather_dag.py
[2026-08-13T06:08:52.420+0000] {logging_mixin.py:190} INFO - [2026-08-13T06:08:52.420+0000] {dag.py:3239} INFO - Sync 1 DAGs
[2026-08-13T06:08:52.432+0000] {logging_mixin.py:190} INFO - [2026-08-13T06:08:52.432+0000] {dag.py:4180} INFO - Setting next_dagrun for weather_ingestion to 2026-08-13 06:00:00+00:00, run_after=2026-08-13 07:00:00+00:00
[2026-08-13T06:08:52.439+0000] {processor.py:208} INFO - Processing /opt/airflow/dags/weather_dag.py took 0.079 seconds
[2026-08-13T06:09:22.733+0000] {processor.py:186} INFO - Started process (PID=2157) to work on /opt/airflow/dags/weather_dag.py
[2026-08-13T06:09:22.735+0000] {processor.py:914} INFO - Processing file /opt/airflow/dags/weather_dag.py for tasks to queue
[2026-08-13T06:09:22.737+0000] {logging_mixin.py:190} INFO - [2026-08-13T06:09:22.737+0000] {dagbag.py:588} INFO - Filling up the DagBag from /opt/airflow/dags/weather_dag.py
[2026-08-13T06:09:22.748+0000] {processor.py:925} INFO - DAG(s) 'weather_ingestion' retrieved from /opt/airflow/dags/weather_dag.py
[2026-08-13T06:09:22.768+0000] {logging_mixin.py:190} INFO - [2026-08-13T06:09:22.767+0000] {dag.py:3239} INFO - Sync 1 DAGs
[2026-08-13T06:09:22.780+0000] {logging_mixin.py:190} INFO - [2026-08-13T06:09:22.780+0000] {dag.py:4180} INFO - Setting next_dagrun for weather_ingestion to 2026-08-13 06:00:00+00:00, run_after=2026-08-13 07:00:00+00:00
[2026-08-13T06:09:22.788+0000] {processor.py:208} INFO - Processing /opt/airflow/dags/weather_dag.py took 0.061 seconds
[2026-08-13T06:09:53.154+0000] {processor.py:186} INFO - Started process (PID=2162) to work on /opt/airflow/dags/weather_dag.py
[2026-08-13T06:09:53.157+0000] {processor.py:914} INFO - Processing file /opt/airflow/dags/weather_dag.py for tasks to queue
[2026-08-13T06:09:53.162+0000] {logging_mixin.py:190} INFO - [2026-08-13T06:09:53.161+0000] {dagbag.py:588} INFO - Filling up the DagBag from /opt/airflow/dags/weather_dag.py
[2026-08-13T06:09:53.178+0000] {processor.py:925} INFO - DAG(s) 'weather_ingestion' retrieved from /opt/airflow/dags/weather_dag.py
[2026-08-13T06:09:53.199+0000] {logging_mixin.py:190} INFO - [2026-08-13T06:09:53.199+0000] {dag.py:3239} INFO - Sync 1 DAGs
[2026-08-13T06:09:53.213+0000] {logging_mixin.py:190} INFO - [2026-08-13T06:09:53.213+0000] {dag.py:4180} INFO - Setting next_dagrun for weather_ingestion to 2026-08-13 06:00:00+00:00, run_after=2026-08-13 07:00:00+00:00
[2026-08-13T06:09:53.220+0000] {processor.py:208} INFO - Processing /opt/airflow/dags/weather_dag.py took 0.076 seconds
[2026-08-13T06:10:23.491+0000] {processor.py:186} INFO - Started process (PID=2167) to work on /opt/airflow/dags/weather_dag.py
[2026-08-13T06:10:23.492+0000] {processor.py:914} INFO - Processing file /opt/airflow/dags/weather_dag.py for tasks to queue
[2026-08-13T06:10:23.495+0000] {logging_mixin.py:190} INFO - [2026-08-13T06:10:23.495+0000] {dagbag.py:588} INFO - Filling up the DagBag from /opt/airflow/dags/weather_dag.py
[2026-08-13T06:10:23.505+0000] {processor.py:925} INFO - DAG(s) 'weather_ingestion' retrieved from /opt/airflow/dags/weather_dag.py
[2026-08-13T06:10:23.525+0000] {logging_mixin.py:190} INFO - [2026-08-13T06:10:23.525+0000] {dag.py:3239} INFO - Sync 1 DAGs
[2026-08-13T06:10:23.536+0000] {logging_mixin.py:190} INFO - [2026-08-13T06:10:23.536+0000] {dag.py:4180} INFO - Setting next_dagrun for weather_ingestion to 2026-08-13 06:00:00+00:00, run_after=2026-08-13 07:00:00+00:00
[2026-08-13T06:10:23.543+0000] {processor.py:208} INFO - Processing /opt/airflow/dags/weather_dag.py took 0.060 seconds
[2026-08-13T06:10:53.832+0000] {processor.py:186} INFO - Started process (PID=2172) to work on /opt/airflow/dags/weather_dag.py
[2026-08-13T06:10:53.835+0000] {processor.py:914} INFO - Processing file /opt/airflow/dags/weather_dag.py for tasks to queue
[2026-08-13T06:10:53.837+0000] {logging_mixin.py:190} INFO - [2026-08-13T06:10:53.837+0000] {dagbag.py:588} INFO - Filling up the DagBag from /opt/airflow/dags/weather_dag.py
[2026-08-13T06:10:53.849+0000] {processor.py:925} INFO - DAG(s) 'weather_ingestion' retrieved from /opt/airflow/dags/weather_dag.py
[2026-08-13T06:10:53.871+0000] {logging_mixin.py:190} INFO - [2026-08-13T06:10:53.870+0000] {dag.py:3239} INFO - Sync 1 DAGs
[2026-08-13T06:10:53.883+0000] {logging_mixin.py:190} INFO - [2026-08-13T06:10:53.883+0000] {dag.py:4180} INFO - Setting next_dagrun for weather_ingestion to 2026-08-13 06:00:00+00:00, run_after=2026-08-13 07:00:00+00:00
[2026-08-13T06:10:53.890+0000] {processor.py:208} INFO - Processing /opt/airflow/dags/weather_dag.py took 0.067 seconds
[2026-08-13T06:11:24.181+0000] {processor.py:186} INFO - Started process (PID=2177) to work on /opt/airflow/dags/weather_dag.py
[2026-08-13T06:11:24.182+0000] {processor.py:914} INFO - Processing file /opt/airflow/dags/weather_dag.py for tasks to queue
[2026-08-13T06:11:24.184+0000] {logging_mixin.py:190} INFO - [2026-08-13T06:11:24.184+0000] {dagbag.py:588} INFO - Filling up the DagBag from /opt/airflow/dags/weather_dag.py
[2026-08-13T06:11:24.194+0000] {processor.py:925} INFO - DAG(s) 'weather_ingestion' retrieved from /opt/airflow/dags/weather_dag.py
[2026-08-13T06:11:24.214+0000] {logging_mixin.py:190} INFO - [2026-08-13T06:11:24.214+0000] {dag.py:3239} INFO - Sync 1 DAGs
[2026-08-13T06:11:24.225+0000] {logging_mixin.py:190} INFO - [2026-08-13T06:11:24.225+0000] {dag.py:4180} INFO - Setting next_dagrun for weather_ingestion to 2026-08-13 06:00:00+00:00, run_after=2026-08-13 07:00:00+00:00
[2026-08-13T06:11:24.233+0000] {processor.py:208} INFO - Processing /opt/airflow/dags/weather_dag.py took 0.059 seconds
[2026-08-13T06:11:54.633+0000] {processor.py:186} INFO - Started process (PID=2182) to work on /opt/airflow/dags/weather_dag.py
[2026-08-13T06:11:54.635+0000] {processor.py:914} INFO - Processing file /opt/airflow/dags/weather_dag.py for tasks to queue
[2026-08-13T06:11:54.637+0000] {logging_mixin.py:190} INFO - [2026-08-13T06:11:54.637+0000] {dagbag.py:588} INFO - Filling up the DagBag from /opt/airflow/dags/weather_dag.py
[2026-08-13T06:11:54.646+0000] {processor.py:925} INFO - DAG(s) 'weather_ingestion' retrieved from /opt/airflow/dags/weather_dag.py
[2026-08-13T06:11:54.666+0000] {logging_mixin.py:190} INFO - [2026-08-13T06:11:54.666+0000] {dag.py:3239} INFO - Sync 1 DAGs
[2026-08-13T06:11:54.679+0000] {logging_mixin.py:190} INFO - [2026-08-13T06:11:54.679+0000] {dag.py:4180} INFO - Setting next_dagrun for weather_ingestion to 2026-08-13 06:00:00+00:00, run_after=2026-08-13 07:00:00+00:00
[2026-08-13T06:11:54.686+0000] {processor.py:208} INFO - Processing /opt/airflow/dags/weather_dag.py took 0.070 seconds
[2026-08-13T06:12:25.021+0000] {processor.py:186} INFO - Started process (PID=2187) to work on /opt/airflow/dags/weather_dag.py
[2026-08-13T06:12:25.023+0000] {processor.py:914} INFO - Processing file /opt/airflow/dags/weather_dag.py for tasks to queue
[2026-08-13T06:12:25.025+0000] {logging_mixin.py:190} INFO - [2026-08-13T06:12:25.024+0000] {dagbag.py:588} INFO - Filling up the DagBag from /opt/airflow/dags/weather_dag.py
[2026-08-13T06:12:25.035+0000] {processor.py:925} INFO - DAG(s) 'weather_ingestion' retrieved from /opt/airflow/dags/weather_dag.py
[2026-08-13T06:12:25.052+0000] {logging_mixin.py:190} INFO - [2026-08-13T06:12:25.052+0000] {dag.py:3239} INFO - Sync 1 DAGs
[2026-08-13T06:12:25.063+0000] {logging_mixin.py:190} INFO - [2026-08-13T06:12:25.063+0000] {dag.py:4180} INFO - Setting next_dagrun for weather_ingestion to 2026-08-13 06:00:00+00:00, run_after=2026-08-13 07:00:00+00:00
[2026-08-13T06:12:25.071+0000] {processor.py:208} INFO - Processing /opt/airflow/dags/weather_dag.py took 0.056 seconds
[2026-08-13T06:12:55.479+0000] {processor.py:186} INFO - Started process (PID=2192) to work on /opt/airflow/dags/weather_dag.py
[2026-08-13T06:12:55.482+0000] {processor.py:914} INFO - Processing file /opt/airflow/dags/weather_dag.py for tasks to queue
[2026-08-13T06:12:55.488+0000] {logging_mixin.py:190} INFO - [2026-08-13T06:12:55.487+0000] {dagbag.py:588} INFO - Filling up the DagBag from /opt/airflow/dags/weather_dag.py
[2026-08-13T06:12:55.512+0000] {processor.py:925} INFO - DAG(s) 'weather_ingestion' retrieved from /opt/airflow/dags/weather_dag.py
[2026-08-13T06:12:55.534+0000] {logging_mixin.py:190} INFO - [2026-08-13T06:12:55.534+0000] {dag.py:3239} INFO - Sync 1 DAGs
[2026-08-13T06:12:55.575+0000] {logging_mixin.py:190} INFO - [2026-08-13T06:12:55.575+0000] {dag.py:4180} INFO - Setting next_dagrun for weather_ingestion to 2026-08-13 06:00:00+00:00, run_after=2026-08-13 07:00:00+00:00
[2026-08-13T06:12:55.585+0000] {processor.py:208} INFO - Processing /opt/airflow/dags/weather_dag.py took 0.120 seconds
[2026-08-13T06:13:25.897+0000] {processor.py:186} INFO - Started process (PID=2197) to work on /opt/airflow/dags/weather_dag.py
[2026-08-13T06:13:25.899+0000] {processor.py:914} INFO - Processing file /opt/airflow/dags/weather_dag.py for tasks to queue
[2026-08-13T06:13:25.901+0000] {logging_mixin.py:190} INFO - [2026-08-13T06:13:25.901+0000] {dagbag.py:588} INFO - Filling up the DagBag from /opt/airflow/dags/weather_dag.py
[2026-08-13T06:13:25.910+0000] {processor.py:925} INFO - DAG(s) 'weather_ingestion' retrieved from /opt/airflow/dags/weather_dag.py
[2026-08-13T06:13:25.930+0000] {logging_mixin.py:190} INFO - [2026-08-13T06:13:25.930+0000] {dag.py:3239} INFO - Sync 1 DAGs
[2026-08-13T06:13:25.944+0000] {logging_mixin.py:190} INFO - [2026-08-13T06:13:25.944+0000] {dag.py:4180} INFO - Setting next_dagrun for weather_ingestion to 2026-08-13 06:00:00+00:00, run_after=2026-08-13 07:00:00+00:00
[2026-08-13T06:13:25.953+0000] {processor.py:208} INFO - Processing /opt/airflow/dags/weather_dag.py took 0.062 seconds
[2026-08-13T06:13:56.299+0000] {processor.py:186} INFO - Started process (PID=2202) to work on /opt/airflow/dags/weather_dag.py
[2026-08-13T06:13:56.302+0000] {processor.py:914} INFO - Processing file /opt/airflow/dags/weather_dag.py for tasks to queue
[2026-08-13T06:13:56.307+0000] {logging_mixin.py:190} INFO - [2026-08-13T06:13:56.306+0000] {dagbag.py:588} INFO - Filling up the DagBag from /opt/airflow/dags/weather_dag.py
[2026-08-13T06:13:56.325+0000] {processor.py:925} INFO - DAG(s) 'weather_ingestion' retrieved from /opt/airflow/dags/weather_dag.py
[2026-08-13T06:13:56.349+0000] {logging_mixin.py:190} INFO - [2026-08-13T06:13:56.349+0000] {dag.py:3239} INFO - Sync 1 DAGs
[2026-08-13T06:13:56.364+0000] {logging_mixin.py:190} INFO - [2026-08-13T06:13:56.364+0000] {dag.py:4180} INFO - Setting next_dagrun for weather_ingestion to 2026-08-13 06:00:00+00:00, run_after=2026-08-13 07:00:00+00:00
[2026-08-13T06:13:56.372+0000] {processor.py:208} INFO - Processing /opt/airflow/dags/weather_dag.py took 0.085 seconds
[2026-08-13T06:14:44.023+0000] {processor.py:186} INFO - Started process (PID=2207) to work on /opt/airflow/dags/weather_dag.py
[2026-08-13T06:14:44.028+0000] {processor.py:914} INFO - Processing file /opt/airflow/dags/weather_dag.py for tasks to queue
[2026-08-13T06:14:44.035+0000] {logging_mixin.py:190} INFO - [2026-08-13T06:14:44.033+0000] {dagbag.py:588} INFO - Filling up the DagBag from /opt/airflow/dags/weather_dag.py
[2026-08-13T06:14:44.084+0000] {processor.py:925} INFO - DAG(s) 'weather_ingestion' retrieved from /opt/airflow/dags/weather_dag.py
[2026-08-13T06:14:44.152+0000] {logging_mixin.py:190} INFO - [2026-08-13T06:14:44.152+0000] {dag.py:3239} INFO - Sync 1 DAGs
[2026-08-13T06:14:44.212+0000] {logging_mixin.py:190} INFO - [2026-08-13T06:14:44.211+0000] {dag.py:4180} INFO - Setting next_dagrun for weather_ingestion to 2026-08-13 06:00:00+00:00, run_after=2026-08-13 07:00:00+00:00
[2026-08-13T06:14:44.246+0000] {processor.py:208} INFO - Processing /opt/airflow/dags/weather_dag.py took 0.246 seconds
[2026-08-13T06:15:14.447+0000] {processor.py:186} INFO - Started process (PID=2212) to work on /opt/airflow/dags/weather_dag.py
[2026-08-13T06:15:14.448+0000] {processor.py:914} INFO - Processing file /opt/airflow/dags/weather_dag.py for tasks to queue
[2026-08-13T06:15:14.451+0000] {logging_mixin.py:190} INFO - [2026-08-13T06:15:14.450+0000] {dagbag.py:588} INFO - Filling up the DagBag from /opt/airflow/dags/weather_dag.py
[2026-08-13T06:15:14.490+0000] {processor.py:925} INFO - DAG(s) 'weather_ingestion' retrieved from /opt/airflow/dags/weather_dag.py
[2026-08-13T06:15:14.522+0000] {logging_mixin.py:190} INFO - [2026-08-13T06:15:14.522+0000] {dag.py:3239} INFO - Sync 1 DAGs
[2026-08-13T06:15:14.543+0000] {logging_mixin.py:190} INFO - [2026-08-13T06:15:14.543+0000] {dag.py:4180} INFO - Setting next_dagrun for weather_ingestion to 2026-08-13 06:00:00+00:00, run_after=2026-08-13 07:00:00+00:00
[2026-08-13T06:15:14.553+0000] {processor.py:208} INFO - Processing /opt/airflow/dags/weather_dag.py took 0.114 seconds
[2026-08-13T06:15:44.790+0000] {processor.py:186} INFO - Started process (PID=2217) to work on /opt/airflow/dags/weather_dag.py
[2026-08-13T06:15:44.792+0000] {processor.py:914} INFO - Processing file /opt/airflow/dags/weather_dag.py for tasks to queue
[2026-08-13T06:15:44.795+0000] {logging_mixin.py:190} INFO - [2026-08-13T06:15:44.795+0000] {dagbag.py:588} INFO - Filling up the DagBag from /opt/airflow/dags/weather_dag.py
[2026-08-13T06:15:44.807+0000] {processor.py:925} INFO - DAG(s) 'weather_ingestion' retrieved from /opt/airflow/dags/weather_dag.py
[2026-08-13T06:15:44.825+0000] {logging_mixin.py:190} INFO - [2026-08-13T06:15:44.825+0000] {dag.py:3239} INFO - Sync 1 DAGs
[2026-08-13T06:15:44.841+0000] {logging_mixin.py:190} INFO - [2026-08-13T06:15:44.841+0000] {dag.py:4180} INFO - Setting next_dagrun for weather_ingestion to 2026-08-13 06:00:00+00:00, run_after=2026-08-13 07:00:00+00:00
[2026-08-13T06:15:44.849+0000] {processor.py:208} INFO - Processing /opt/airflow/dags/weather_dag.py took 0.066 seconds
[2026-08-13T06:16:15.153+0000] {processor.py:186} INFO - Started process (PID=2222) to work on /opt/airflow/dags/weather_dag.py
[2026-08-13T06:16:15.155+0000] {processor.py:914} INFO - Processing file /opt/airflow/dags/weather_dag.py for tasks to queue
[2026-08-13T06:16:15.158+0000] {logging_mixin.py:190} INFO - [2026-08-13T06:16:15.158+0000] {dagbag.py:588} INFO - Filling up the DagBag from /opt/airflow/dags/weather_dag.py
[2026-08-13T06:16:15.173+0000] {processor.py:925} INFO - DAG(s) 'weather_ingestion' retrieved from /opt/airflow/dags/weather_dag.py
[2026-08-13T06:16:15.195+0000] {logging_mixin.py:190} INFO - [2026-08-13T06:16:15.195+0000] {dag.py:3239} INFO - Sync 1 DAGs
[2026-08-13T06:16:15.209+0000] {logging_mixin.py:190} INFO - [2026-08-13T06:16:15.209+0000] {dag.py:4180} INFO - Setting next_dagrun for weather_ingestion to 2026-08-13 06:00:00+00:00, run_after=2026-08-13 07:00:00+00:00
[2026-08-13T06:16:15.217+0000] {processor.py:208} INFO - Processing /opt/airflow/dags/weather_dag.py took 0.072 seconds
[2026-08-13T06:16:45.514+0000] {processor.py:186} INFO - Started process (PID=2227) to work on /opt/airflow/dags/weather_dag.py
[2026-08-13T06:16:45.516+0000] {processor.py:914} INFO - Processing file /opt/airflow/dags/weather_dag.py for tasks to queue
[2026-08-13T06:16:45.519+0000] {logging_mixin.py:190} INFO - [2026-08-13T06:16:45.519+0000] {dagbag.py:588} INFO - Filling up the DagBag from /opt/airflow/dags/weather_dag.py
[2026-08-13T06:16:45.532+0000] {processor.py:925} INFO - DAG(s) 'weather_ingestion' retrieved from /opt/airflow/dags/weather_dag.py
[2026-08-13T06:16:45.549+0000] {logging_mixin.py:190} INFO - [2026-08-13T06:16:45.549+0000] {dag.py:3239} INFO - Sync 1 DAGs
[2026-08-13T06:16:45.561+0000] {logging_mixin.py:190} INFO - [2026-08-13T06:16:45.561+0000] {dag.py:4180} INFO - Setting next_dagrun for weather_ingestion to 2026-08-13 06:00:00+00:00, run_after=2026-08-13 07:00:00+00:00
[2026-08-13T06:16:45.568+0000] {processor.py:208} INFO - Processing /opt/airflow/dags/weather_dag.py took 0.061 seconds
[2026-08-13T06:17:15.819+0000] {processor.py:186} INFO - Started process (PID=2232) to work on /opt/airflow/dags/weather_dag.py
[2026-08-13T06:17:15.820+0000] {processor.py:914} INFO - Processing file /opt/airflow/dags/weather_dag.py for tasks to queue
[2026-08-13T06:17:15.823+0000] {logging_mixin.py:190} INFO - [2026-08-13T06:17:15.822+0000] {dagbag.py:588} INFO - Filling up the DagBag from /opt/airflow/dags/weather_dag.py
[2026-08-13T06:17:15.832+0000] {processor.py:925} INFO - DAG(s) 'weather_ingestion' retrieved from /opt/airflow/dags/weather_dag.py
[2026-08-13T06:17:15.851+0000] {logging_mixin.py:190} INFO - [2026-08-13T06:17:15.851+0000] {dag.py:3239} INFO - Sync 1 DAGs
[2026-08-13T06:17:15.864+0000] {logging_mixin.py:190} INFO - [2026-08-13T06:17:15.864+0000] {dag.py:4180} INFO - Setting next_dagrun for weather_ingestion to 2026-08-13 06:00:00+00:00, run_after=2026-08-13 07:00:00+00:00
[2026-08-13T06:17:15.871+0000] {processor.py:208} INFO - Processing /opt/airflow/dags/weather_dag.py took 0.058 seconds
[2026-08-13T06:17:46.191+0000] {processor.py:186} INFO - Started process (PID=2237) to work on /opt/airflow/dags/weather_dag.py
[2026-08-13T06:17:46.192+0000] {processor.py:914} INFO - Processing file /opt/airflow/dags/weather_dag.py for tasks to queue
[2026-08-13T06:17:46.195+0000] {logging_mixin.py:190} INFO - [2026-08-13T06:17:46.195+0000] {dagbag.py:588} INFO - Filling up the DagBag from /opt/airflow/dags/weather_dag.py
[2026-08-13T06:17:46.208+0000] {processor.py:925} INFO - DAG(s) 'weather_ingestion' retrieved from /opt/airflow/dags/weather_dag.py
[2026-08-13T06:17:46.228+0000] {logging_mixin.py:190} INFO - [2026-08-13T06:17:46.228+0000] {dag.py:3239} INFO - Sync 1 DAGs
[2026-08-13T06:17:46.240+0000] {logging_mixin.py:190} INFO - [2026-08-13T06:17:46.240+0000] {dag.py:4180} INFO - Setting next_dagrun for weather_ingestion to 2026-08-13 06:00:00+00:00, run_after=2026-08-13 07:00:00+00:00
[2026-08-13T06:17:46.248+0000] {processor.py:208} INFO - Processing /opt/airflow/dags/weather_dag.py took 0.063 seconds
[2026-08-13T06:18:16.571+0000] {processor.py:186} INFO - Started process (PID=2242) to work on /opt/airflow/dags/weather_dag.py
[2026-08-13T06:18:16.574+0000] {processor.py:914} INFO - Processing file /opt/airflow/dags/weather_dag.py for tasks to queue
[2026-08-13T06:18:16.576+0000] {logging_mixin.py:190} INFO - [2026-08-13T06:18:16.576+0000] {dagbag.py:588} INFO - Filling up the DagBag from /opt/airflow/dags/weather_dag.py
[2026-08-13T06:18:16.586+0000] {processor.py:925} INFO - DAG(s) 'weather_ingestion' retrieved from /opt/airflow/dags/weather_dag.py
[2026-08-13T06:18:16.605+0000] {logging_mixin.py:190} INFO - [2026-08-13T06:18:16.605+0000] {dag.py:3239} INFO - Sync 1 DAGs
[2026-08-13T06:18:16.617+0000] {logging_mixin.py:190} INFO - [2026-08-13T06:18:16.617+0000] {dag.py:4180} INFO - Setting next_dagrun for weather_ingestion to 2026-08-13 06:00:00+00:00, run_after=2026-08-13 07:00:00+00:00
[2026-08-13T06:18:16.624+0000] {processor.py:208} INFO - Processing /opt/airflow/dags/weather_dag.py took 0.059 seconds
[2026-08-13T06:18:46.954+0000] {processor.py:186} INFO - Started process (PID=2247) to work on /opt/airflow/dags/weather_dag.py
[2026-08-13T06:18:46.957+0000] {processor.py:914} INFO - Processing file /opt/airflow/dags/weather_dag.py for tasks to queue
[2026-08-13T06:18:46.962+0000] {logging_mixin.py:190} INFO - [2026-08-13T06:18:46.961+0000] {dagbag.py:588} INFO - Filling up the DagBag from /opt/airflow/dags/weather_dag.py
[2026-08-13T06:18:46.986+0000] {processor.py:925} INFO - DAG(s) 'weather_ingestion' retrieved from /opt/airflow/dags/weather_dag.py
[2026-08-13T06:18:47.010+0000] {logging_mixin.py:190} INFO - [2026-08-13T06:18:47.010+0000] {dag.py:3239} INFO - Sync 1 DAGs
[2026-08-13T06:18:47.027+0000] {logging_mixin.py:190} INFO - [2026-08-13T06:18:47.027+0000] {dag.py:4180} INFO - Setting next_dagrun for weather_ingestion to 2026-08-13 06:00:00+00:00, run_after=2026-08-13 07:00:00+00:00
[2026-08-13T06:18:47.042+0000] {processor.py:208} INFO - Processing /opt/airflow/dags/weather_dag.py took 0.101 seconds
[2026-08-13T06:19:17.287+0000] {processor.py:186} INFO - Started process (PID=2252) to work on /opt/airflow/dags/weather_dag.py
[2026-08-13T06:19:17.289+0000] {processor.py:914} INFO - Processing file /opt/airflow/dags/weather_dag.py for tasks to queue
[2026-08-13T06:19:17.293+0000] {logging_mixin.py:190} INFO - [2026-08-13T06:19:17.292+0000] {dagbag.py:588} INFO - Filling up the DagBag from /opt/airflow/dags/weather_dag.py
[2026-08-13T06:19:17.303+0000] {processor.py:925} INFO - DAG(s) 'weather_ingestion' retrieved from /opt/airflow/dags/weather_dag.py
[2026-08-13T06:19:17.319+0000] {logging_mixin.py:190} INFO - [2026-08-13T06:19:17.319+0000] {dag.py:3239} INFO - Sync 1 DAGs
[2026-08-13T06:19:17.330+0000] {logging_mixin.py:190} INFO - [2026-08-13T06:19:17.330+0000] {dag.py:4180} INFO - Setting next_dagrun for weather_ingestion to 2026-08-13 06:00:00+00:00, run_after=2026-08-13 07:00:00+00:00
[2026-08-13T06:19:17.337+0000] {processor.py:208} INFO - Processing /opt/airflow/dags/weather_dag.py took 0.058 seconds
[2026-08-13T06:19:47.668+0000] {processor.py:186} INFO - Started process (PID=2257) to work on /opt/airflow/dags/weather_dag.py
[2026-08-13T06:19:47.670+0000] {processor.py:914} INFO - Processing file /opt/airflow/dags/weather_dag.py for tasks to queue
[2026-08-13T06:19:47.672+0000] {logging_mixin.py:190} INFO - [2026-08-13T06:19:47.672+0000] {dagbag.py:588} INFO - Filling up the DagBag from /opt/airflow/dags/weather_dag.py
[2026-08-13T06:19:47.682+0000] {processor.py:925} INFO - DAG(s) 'weather_ingestion' retrieved from /opt/airflow/dags/weather_dag.py
[2026-08-13T06:19:47.702+0000] {logging_mixin.py:190} INFO - [2026-08-13T06:19:47.701+0000] {dag.py:3239} INFO - Sync 1 DAGs
[2026-08-13T06:19:47.716+0000] {logging_mixin.py:190} INFO - [2026-08-13T06:19:47.716+0000] {dag.py:4180} INFO - Setting next_dagrun for weather_ingestion to 2026-08-13 06:00:00+00:00, run_after=2026-08-13 07:00:00+00:00
[2026-08-13T06:19:47.724+0000] {processor.py:208} INFO - Processing /opt/airflow/dags/weather_dag.py took 0.069 seconds
[2026-08-13T06:20:18.040+0000] {processor.py:186} INFO - Started process (PID=2262) to work on /opt/airflow/dags/weather_dag.py
[2026-08-13T06:20:18.042+0000] {processor.py:914} INFO - Processing file /opt/airflow/dags/weather_dag.py for tasks to queue
[2026-08-13T06:20:18.045+0000] {logging_mixin.py:190} INFO - [2026-08-13T06:20:18.044+0000] {dagbag.py:588} INFO - Filling up the DagBag from /opt/airflow/dags/weather_dag.py
[2026-08-13T06:20:18.055+0000] {processor.py:925} INFO - DAG(s) 'weather_ingestion' retrieved from /opt/airflow/dags/weather_dag.py
[2026-08-13T06:20:18.074+0000] {logging_mixin.py:190} INFO - [2026-08-13T06:20:18.074+0000] {dag.py:3239} INFO - Sync 1 DAGs
[2026-08-13T06:20:18.085+0000] {logging_mixin.py:190} INFO - [2026-08-13T06:20:18.085+0000] {dag.py:4180} INFO - Setting next_dagrun for weather_ingestion to 2026-08-13 06:00:00+00:00, run_after=2026-08-13 07:00:00+00:00
[2026-08-13T06:20:18.092+0000] {processor.py:208} INFO - Processing /opt/airflow/dags/weather_dag.py took 0.058 seconds
[2026-08-13T06:20:48.438+0000] {processor.py:186} INFO - Started process (PID=2267) to work on /opt/airflow/dags/weather_dag.py
[2026-08-13T06:20:48.440+0000] {processor.py:914} INFO - Processing file /opt/airflow/dags/weather_dag.py for tasks to queue
[2026-08-13T06:20:48.443+0000] {logging_mixin.py:190} INFO - [2026-08-13T06:20:48.442+0000] {dagbag.py:588} INFO - Filling up the DagBag from /opt/airflow/dags/weather_dag.py
[2026-08-13T06:20:48.453+0000] {processor.py:925} INFO - DAG(s) 'weather_ingestion' retrieved from /opt/airflow/dags/weather_dag.py
[2026-08-13T06:20:48.472+0000] {logging_mixin.py:190} INFO - [2026-08-13T06:20:48.472+0000] {dag.py:3239} INFO - Sync 1 DAGs
[2026-08-13T06:20:48.483+0000] {logging_mixin.py:190} INFO - [2026-08-13T06:20:48.483+0000] {dag.py:4180} INFO - Setting next_dagrun for weather_ingestion to 2026-08-13 06:00:00+00:00, run_after=2026-08-13 07:00:00+00:00
[2026-08-13T06:20:48.491+0000] {processor.py:208} INFO - Processing /opt/airflow/dags/weather_dag.py took 0.058 seconds
[2026-08-13T06:21:18.829+0000] {processor.py:186} INFO - Started process (PID=2272) to work on /opt/airflow/dags/weather_dag.py
[2026-08-13T06:21:18.830+0000] {processor.py:914} INFO - Processing file /opt/airflow/dags/weather_dag.py for tasks to queue
[2026-08-13T06:21:18.833+0000] {logging_mixin.py:190} INFO - [2026-08-13T06:21:18.833+0000] {dagbag.py:588} INFO - Filling up the DagBag from /opt/airflow/dags/weather_dag.py
[2026-08-13T06:21:18.844+0000] {processor.py:925} INFO - DAG(s) 'weather_ingestion' retrieved from /opt/airflow/dags/weather_dag.py
[2026-08-13T06:21:18.862+0000] {logging_mixin.py:190} INFO - [2026-08-13T06:21:18.862+0000] {dag.py:3239} INFO - Sync 1 DAGs
[2026-08-13T06:21:18.873+0000] {logging_mixin.py:190} INFO - [2026-08-13T06:21:18.873+0000] {dag.py:4180} INFO - Setting next_dagrun for weather_ingestion to 2026-08-13 06:00:00+00:00, run_after=2026-08-13 07:00:00+00:00
[2026-08-13T06:21:18.880+0000] {processor.py:208} INFO - Processing /opt/airflow/dags/weather_dag.py took 0.057 seconds
[2026-08-13T06:21:49.280+0000] {processor.py:186} INFO - Started process (PID=2277) to work on /opt/airflow/dags/weather_dag.py
[2026-08-13T06:21:49.282+0000] {processor.py:914} INFO - Processing file /opt/airflow/dags/weather_dag.py for tasks to queue
[2026-08-13T06:21:49.285+0000] {logging_mixin.py:190} INFO - [2026-08-13T06:21:49.285+0000] {dagbag.py:588} INFO - Filling up the DagBag from /opt/airflow/dags/weather_dag.py
[2026-08-13T06:21:49.300+0000] {processor.py:925} INFO - DAG(s) 'weather_ingestion' retrieved from /opt/airflow/dags/weather_dag.py
[2026-08-13T06:21:49.322+0000] {logging_mixin.py:190} INFO - [2026-08-13T06:21:49.322+0000] {dag.py:3239} INFO - Sync 1 DAGs
[2026-08-13T06:21:49.337+0000] {logging_mixin.py:190} INFO - [2026-08-13T06:21:49.337+0000] {dag.py:4180} INFO - Setting next_dagrun for weather_ingestion to 2026-08-13 06:00:00+00:00, run_after=2026-08-13 07:00:00+00:00
[2026-08-13T06:21:49.344+0000] {processor.py:208} INFO - Processing /opt/airflow/dags/weather_dag.py took 0.077 seconds
[2026-08-13T06:22:19.637+0000] {processor.py:186} INFO - Started process (PID=2282) to work on /opt/airflow/dags/weather_dag.py
[2026-08-13T06:22:19.640+0000] {processor.py:914} INFO - Processing file /opt/airflow/dags/weather_dag.py for tasks to queue
[2026-08-13T06:22:19.642+0000] {logging_mixin.py:190} INFO - [2026-08-13T06:22:19.641+0000] {dagbag.py:588} INFO - Filling up the DagBag from /opt/airflow/dags/weather_dag.py
[2026-08-13T06:22:19.651+0000] {processor.py:925} INFO - DAG(s) 'weather_ingestion' retrieved from /opt/airflow/dags/weather_dag.py
[2026-08-13T06:22:19.668+0000] {logging_mixin.py:190} INFO - [2026-08-13T06:22:19.668+0000] {dag.py:3239} INFO - Sync 1 DAGs
[2026-08-13T06:22:19.681+0000] {logging_mixin.py:190} INFO - [2026-08-13T06:22:19.681+0000] {dag.py:4180} INFO - Setting next_dagrun for weather_ingestion to 2026-08-13 06:00:00+00:00, run_after=2026-08-13 07:00:00+00:00
[2026-08-13T06:22:19.689+0000] {processor.py:208} INFO - Processing /opt/airflow/dags/weather_dag.py took 0.058 seconds
[2026-08-13T06:22:49.995+0000] {processor.py:186} INFO - Started process (PID=2287) to work on /opt/airflow/dags/weather_dag.py
[2026-08-13T06:22:49.996+0000] {processor.py:914} INFO - Processing file /opt/airflow/dags/weather_dag.py for tasks to queue
[2026-08-13T06:22:49.998+0000] {logging_mixin.py:190} INFO - [2026-08-13T06:22:49.997+0000] {dagbag.py:588} INFO - Filling up the DagBag from /opt/airflow/dags/weather_dag.py
[2026-08-13T06:22:50.009+0000] {processor.py:925} INFO - DAG(s) 'weather_ingestion' retrieved from /opt/airflow/dags/weather_dag.py
[2026-08-13T06:22:50.026+0000] {logging_mixin.py:190} INFO - [2026-08-13T06:22:50.026+0000] {dag.py:3239} INFO - Sync 1 DAGs
[2026-08-13T06:22:50.038+0000] {logging_mixin.py:190} INFO - [2026-08-13T06:22:50.038+0000] {dag.py:4180} INFO - Setting next_dagrun for weather_ingestion to 2026-08-13 06:00:00+00:00, run_after=2026-08-13 07:00:00+00:00
[2026-08-13T06:22:50.045+0000] {processor.py:208} INFO - Processing /opt/airflow/dags/weather_dag.py took 0.056 seconds
[2026-08-13T06:23:20.427+0000] {processor.py:186} INFO - Started process (PID=2292) to work on /opt/airflow/dags/weather_dag.py
[2026-08-13T06:23:20.430+0000] {processor.py:914} INFO - Processing file /opt/airflow/dags/weather_dag.py for tasks to queue
[2026-08-13T06:23:20.432+0000] {logging_mixin.py:190} INFO - [2026-08-13T06:23:20.432+0000] {dagbag.py:588} INFO - Filling up the DagBag from /opt/airflow/dags/weather_dag.py
[2026-08-13T06:23:20.442+0000] {processor.py:925} INFO - DAG(s) 'weather_ingestion' retrieved from /opt/airflow/dags/weather_dag.py
[2026-08-13T06:23:20.460+0000] {logging_mixin.py:190} INFO - [2026-08-13T06:23:20.460+0000] {dag.py:3239} INFO - Sync 1 DAGs
[2026-08-13T06:23:20.471+0000] {logging_mixin.py:190} INFO - [2026-08-13T06:23:20.471+0000] {dag.py:4180} INFO - Setting next_dagrun for weather_ingestion to 2026-08-13 06:00:00+00:00, run_after=2026-08-13 07:00:00+00:00
[2026-08-13T06:23:20.479+0000] {processor.py:208} INFO - Processing /opt/airflow/dags/weather_dag.py took 0.058 seconds
[2026-08-13T06:23:50.800+0000] {processor.py:186} INFO - Started process (PID=2297) to work on /opt/airflow/dags/weather_dag.py
[2026-08-13T06:23:50.801+0000] {processor.py:914} INFO - Processing file /opt/airflow/dags/weather_dag.py for tasks to queue
[2026-08-13T06:23:50.804+0000] {logging_mixin.py:190} INFO - [2026-08-13T06:23:50.804+0000] {dagbag.py:588} INFO - Filling up the DagBag from /opt/airflow/dags/weather_dag.py
[2026-08-13T06:23:50.814+0000] {processor.py:925} INFO - DAG(s) 'weather_ingestion' retrieved from /opt/airflow/dags/weather_dag.py
[2026-08-13T06:23:50.831+0000] {logging_mixin.py:190} INFO - [2026-08-13T06:23:50.831+0000] {dag.py:3239} INFO - Sync 1 DAGs
[2026-08-13T06:23:50.844+0000] {logging_mixin.py:190} INFO - [2026-08-13T06:23:50.844+0000] {dag.py:4180} INFO - Setting next_dagrun for weather_ingestion to 2026-08-13 06:00:00+00:00, run_after=2026-08-13 07:00:00+00:00
[2026-08-13T06:23:50.852+0000] {processor.py:208} INFO - Processing /opt/airflow/dags/weather_dag.py took 0.059 seconds
[2026-08-13T06:24:21.089+0000] {processor.py:186} INFO - Started process (PID=2302) to work on /opt/airflow/dags/weather_dag.py
[2026-08-13T06:24:21.090+0000] {processor.py:914} INFO - Processing file /opt/airflow/dags/weather_dag.py for tasks to queue
[2026-08-13T06:24:21.093+0000] {logging_mixin.py:190} INFO - [2026-08-13T06:24:21.092+0000] {dagbag.py:588} INFO - Filling up the DagBag from /opt/airflow/dags/weather_dag.py
[2026-08-13T06:24:21.104+0000] {processor.py:925} INFO - DAG(s) 'weather_ingestion' retrieved from /opt/airflow/dags/weather_dag.py
[2026-08-13T06:24:21.126+0000] {logging_mixin.py:190} INFO - [2026-08-13T06:24:21.125+0000] {dag.py:3239} INFO - Sync 1 DAGs
[2026-08-13T06:24:21.139+0000] {logging_mixin.py:190} INFO - [2026-08-13T06:24:21.139+0000] {dag.py:4180} INFO - Setting next_dagrun for weather_ingestion to 2026-08-13 06:00:00+00:00, run_after=2026-08-13 07:00:00+00:00
[2026-08-13T06:24:21.147+0000] {processor.py:208} INFO - Processing /opt/airflow/dags/weather_dag.py took 0.065 seconds
[2026-08-13T06:24:51.412+0000] {processor.py:186} INFO - Started process (PID=2307) to work on /opt/airflow/dags/weather_dag.py
[2026-08-13T06:24:51.415+0000] {processor.py:914} INFO - Processing file /opt/airflow/dags/weather_dag.py for tasks to queue
[2026-08-13T06:24:51.419+0000] {logging_mixin.py:190} INFO - [2026-08-13T06:24:51.418+0000] {dagbag.py:588} INFO - Filling up the DagBag from /opt/airflow/dags/weather_dag.py
[2026-08-13T06:24:51.435+0000] {processor.py:925} INFO - DAG(s) 'weather_ingestion' retrieved from /opt/airflow/dags/weather_dag.py
[2026-08-13T06:24:51.463+0000] {logging_mixin.py:190} INFO - [2026-08-13T06:24:51.462+0000] {dag.py:3239} INFO - Sync 1 DAGs
[2026-08-13T06:24:51.479+0000] {logging_mixin.py:190} INFO - [2026-08-13T06:24:51.479+0000] {dag.py:4180} INFO - Setting next_dagrun for weather_ingestion to 2026-08-13 06:00:00+00:00, run_after=2026-08-13 07:00:00+00:00
[2026-08-13T06:24:51.489+0000] {processor.py:208} INFO - Processing /opt/airflow/dags/weather_dag.py took 0.086 seconds
[2026-08-13T06:25:21.737+0000] {processor.py:186} INFO - Started process (PID=2312) to work on /opt/airflow/dags/weather_dag.py
[2026-08-13T06:25:21.740+0000] {processor.py:914} INFO - Processing file /opt/airflow/dags/weather_dag.py for tasks to queue
[2026-08-13T06:25:21.743+0000] {logging_mixin.py:190} INFO - [2026-08-13T06:25:21.742+0000] {dagbag.py:588} INFO - Filling up the DagBag from /opt/airflow/dags/weather_dag.py
[2026-08-13T06:25:21.754+0000] {processor.py:925} INFO - DAG(s) 'weather_ingestion' retrieved from /opt/airflow/dags/weather_dag.py
[2026-08-13T06:25:21.775+0000] {logging_mixin.py:190} INFO - [2026-08-13T06:25:21.775+0000] {dag.py:3239} INFO - Sync 1 DAGs
[2026-08-13T06:25:21.786+0000] {logging_mixin.py:190} INFO - [2026-08-13T06:25:21.786+0000] {dag.py:4180} INFO - Setting next_dagrun for weather_ingestion to 2026-08-13 06:00:00+00:00, run_after=2026-08-13 07:00:00+00:00
[2026-08-13T06:25:21.794+0000] {processor.py:208} INFO - Processing /opt/airflow/dags/weather_dag.py took 0.064 seconds
[2026-08-13T06:25:52.084+0000] {processor.py:186} INFO - Started process (PID=2317) to work on /opt/airflow/dags/weather_dag.py
[2026-08-13T06:25:52.086+0000] {processor.py:914} INFO - Processing file /opt/airflow/dags/weather_dag.py for tasks to queue
[2026-08-13T06:25:52.088+0000] {logging_mixin.py:190} INFO - [2026-08-13T06:25:52.087+0000] {dagbag.py:588} INFO - Filling up the DagBag from /opt/airflow/dags/weather_dag.py
[2026-08-13T06:25:52.096+0000] {processor.py:925} INFO - DAG(s) 'weather_ingestion' retrieved from /opt/airflow/dags/weather_dag.py
[2026-08-13T06:25:52.114+0000] {logging_mixin.py:190} INFO - [2026-08-13T06:25:52.114+0000] {dag.py:3239} INFO - Sync 1 DAGs
[2026-08-13T06:25:52.127+0000] {logging_mixin.py:190} INFO - [2026-08-13T06:25:52.127+0000] {dag.py:4180} INFO - Setting next_dagrun for weather_ingestion to 2026-08-13 06:00:00+00:00, run_after=2026-08-13 07:00:00+00:00
[2026-08-13T06:25:52.135+0000] {processor.py:208} INFO - Processing /opt/airflow/dags/weather_dag.py took 0.056 seconds
[2026-08-13T06:26:22.499+0000] {processor.py:186} INFO - Started process (PID=2322) to work on /opt/airflow/dags/weather_dag.py
[2026-08-13T06:26:22.500+0000] {processor.py:914} INFO - Processing file /opt/airflow/dags/weather_dag.py for tasks to queue
[2026-08-13T06:26:22.501+0000] {logging_mixin.py:190} INFO - [2026-08-13T06:26:22.501+0000] {dagbag.py:588} INFO - Filling up the DagBag from /opt/airflow/dags/weather_dag.py
[2026-08-13T06:26:22.509+0000] {processor.py:925} INFO - DAG(s) 'weather_ingestion' retrieved from /opt/airflow/dags/weather_dag.py
[2026-08-13T06:26:22.526+0000] {logging_mixin.py:190} INFO - [2026-08-13T06:26:22.525+0000] {dag.py:3239} INFO - Sync 1 DAGs
[2026-08-13T06:26:22.539+0000] {logging_mixin.py:190} INFO - [2026-08-13T06:26:22.539+0000] {dag.py:4180} INFO - Setting next_dagrun for weather_ingestion to 2026-08-13 06:00:00+00:00, run_after=2026-08-13 07:00:00+00:00
[2026-08-13T06:26:22.549+0000] {processor.py:208} INFO - Processing /opt/airflow/dags/weather_dag.py took 0.053 seconds
[2026-08-13T06:26:52.877+0000] {processor.py:186} INFO - Started process (PID=2327) to work on /opt/airflow/dags/weather_dag.py
[2026-08-13T06:26:52.879+0000] {processor.py:914} INFO - Processing file /opt/airflow/dags/weather_dag.py for tasks to queue
[2026-08-13T06:26:52.882+0000] {logging_mixin.py:190} INFO - [2026-08-13T06:26:52.881+0000] {dagbag.py:588} INFO - Filling up the DagBag from /opt/airflow/dags/weather_dag.py
[2026-08-13T06:26:52.892+0000] {processor.py:925} INFO - DAG(s) 'weather_ingestion' retrieved from /opt/airflow/dags/weather_dag.py
[2026-08-13T06:26:52.909+0000] {logging_mixin.py:190} INFO - [2026-08-13T06:26:52.909+0000] {dag.py:3239} INFO - Sync 1 DAGs
[2026-08-13T06:26:52.920+0000] {logging_mixin.py:190} INFO - [2026-08-13T06:26:52.920+0000] {dag.py:4180} INFO - Setting next_dagrun for weather_ingestion to 2026-08-13 06:00:00+00:00, run_after=2026-08-13 07:00:00+00:00
[2026-08-13T06:26:52.927+0000] {processor.py:208} INFO - Processing /opt/airflow/dags/weather_dag.py took 0.056 seconds
[2026-08-13T06:27:23.274+0000] {processor.py:186} INFO - Started process (PID=2332) to work on /opt/airflow/dags/weather_dag.py
[2026-08-13T06:27:23.275+0000] {processor.py:914} INFO - Processing file /opt/airflow/dags/weather_dag.py for tasks to queue
[2026-08-13T06:27:23.277+0000] {logging_mixin.py:190} INFO - [2026-08-13T06:27:23.276+0000] {dagbag.py:588} INFO - Filling up the DagBag from /opt/airflow/dags/weather_dag.py
[2026-08-13T06:27:23.285+0000] {processor.py:925} INFO - DAG(s) 'weather_ingestion' retrieved from /opt/airflow/dags/weather_dag.py
[2026-08-13T06:27:23.302+0000] {logging_mixin.py:190} INFO - [2026-08-13T06:27:23.302+0000] {dag.py:3239} INFO - Sync 1 DAGs
[2026-08-13T06:27:23.315+0000] {logging_mixin.py:190} INFO - [2026-08-13T06:27:23.315+0000] {dag.py:4180} INFO - Setting next_dagrun for weather_ingestion to 2026-08-13 06:00:00+00:00, run_after=2026-08-13 07:00:00+00:00
[2026-08-13T06:27:23.323+0000] {processor.py:208} INFO - Processing /opt/airflow/dags/weather_dag.py took 0.053 seconds
[2026-08-13T06:27:53.621+0000] {processor.py:186} INFO - Started process (PID=2337) to work on /opt/airflow/dags/weather_dag.py
[2026-08-13T06:27:53.622+0000] {processor.py:914} INFO - Processing file /opt/airflow/dags/weather_dag.py for tasks to queue
[2026-08-13T06:27:53.625+0000] {logging_mixin.py:190} INFO - [2026-08-13T06:27:53.625+0000] {dagbag.py:588} INFO - Filling up the DagBag from /opt/airflow/dags/weather_dag.py
[2026-08-13T06:27:53.636+0000] {processor.py:925} INFO - DAG(s) 'weather_ingestion' retrieved from /opt/airflow/dags/weather_dag.py
[2026-08-13T06:27:53.656+0000] {logging_mixin.py:190} INFO - [2026-08-13T06:27:53.656+0000] {dag.py:3239} INFO - Sync 1 DAGs
[2026-08-13T06:27:53.667+0000] {logging_mixin.py:190} INFO - [2026-08-13T06:27:53.667+0000] {dag.py:4180} INFO - Setting next_dagrun for weather_ingestion to 2026-08-13 06:00:00+00:00, run_after=2026-08-13 07:00:00+00:00
[2026-08-13T06:27:53.674+0000] {processor.py:208} INFO - Processing /opt/airflow/dags/weather_dag.py took 0.060 seconds
[2026-08-13T06:28:23.953+0000] {processor.py:186} INFO - Started process (PID=2342) to work on /opt/airflow/dags/weather_dag.py
[2026-08-13T06:28:23.956+0000] {processor.py:914} INFO - Processing file /opt/airflow/dags/weather_dag.py for tasks to queue
[2026-08-13T06:28:23.958+0000] {logging_mixin.py:190} INFO - [2026-08-13T06:28:23.958+0000] {dagbag.py:588} INFO - Filling up the DagBag from /opt/airflow/dags/weather_dag.py
[2026-08-13T06:28:23.969+0000] {processor.py:925} INFO - DAG(s) 'weather_ingestion' retrieved from /opt/airflow/dags/weather_dag.py
[2026-08-13T06:28:23.989+0000] {logging_mixin.py:190} INFO - [2026-08-13T06:28:23.989+0000] {dag.py:3239} INFO - Sync 1 DAGs
[2026-08-13T06:28:24.000+0000] {logging_mixin.py:190} INFO - [2026-08-13T06:28:24.000+0000] {dag.py:4180} INFO - Setting next_dagrun for weather_ingestion to 2026-08-13 06:00:00+00:00, run_after=2026-08-13 07:00:00+00:00
[2026-08-13T06:28:24.007+0000] {processor.py:208} INFO - Processing /opt/airflow/dags/weather_dag.py took 0.060 seconds
[2026-08-13T06:28:54.305+0000] {processor.py:186} INFO - Started process (PID=2347) to work on /opt/airflow/dags/weather_dag.py
[2026-08-13T06:28:54.306+0000] {processor.py:914} INFO - Processing file /opt/airflow/dags/weather_dag.py for tasks to queue
[2026-08-13T06:28:54.310+0000] {logging_mixin.py:190} INFO - [2026-08-13T06:28:54.309+0000] {dagbag.py:588} INFO - Filling up the DagBag from /opt/airflow/dags/weather_dag.py
[2026-08-13T06:28:54.324+0000] {processor.py:925} INFO - DAG(s) 'weather_ingestion' retrieved from /opt/airflow/dags/weather_dag.py
[2026-08-13T06:28:54.346+0000] {logging_mixin.py:190} INFO - [2026-08-13T06:28:54.346+0000] {dag.py:3239} INFO - Sync 1 DAGs
[2026-08-13T06:28:54.359+0000] {logging_mixin.py:190} INFO - [2026-08-13T06:28:54.359+0000] {dag.py:4180} INFO - Setting next_dagrun for weather_ingestion to 2026-08-13 06:00:00+00:00, run_after=2026-08-13 07:00:00+00:00
[2026-08-13T06:28:54.366+0000] {processor.py:208} INFO - Processing /opt/airflow/dags/weather_dag.py took 0.069 seconds
[2026-08-13T06:29:24.663+0000] {processor.py:186} INFO - Started process (PID=2352) to work on /opt/airflow/dags/weather_dag.py
[2026-08-13T06:29:24.665+0000] {processor.py:914} INFO - Processing file /opt/airflow/dags/weather_dag.py for tasks to queue
[2026-08-13T06:29:24.668+0000] {logging_mixin.py:190} INFO - [2026-08-13T06:29:24.667+0000] {dagbag.py:588} INFO - Filling up the DagBag from /opt/airflow/dags/weather_dag.py
[2026-08-13T06:29:24.679+0000] {processor.py:925} INFO - DAG(s) 'weather_ingestion' retrieved from /opt/airflow/dags/weather_dag.py
[2026-08-13T06:29:24.697+0000] {logging_mixin.py:190} INFO - [2026-08-13T06:29:24.697+0000] {dag.py:3239} INFO - Sync 1 DAGs
[2026-08-13T06:29:24.709+0000] {logging_mixin.py:190} INFO - [2026-08-13T06:29:24.709+0000] {dag.py:4180} INFO - Setting next_dagrun for weather_ingestion to 2026-08-13 06:00:00+00:00, run_after=2026-08-13 07:00:00+00:00
[2026-08-13T06:29:24.716+0000] {processor.py:208} INFO - Processing /opt/airflow/dags/weather_dag.py took 0.060 seconds
[2026-08-13T06:29:55.021+0000] {processor.py:186} INFO - Started process (PID=2357) to work on /opt/airflow/dags/weather_dag.py
[2026-08-13T06:29:55.026+0000] {processor.py:914} INFO - Processing file /opt/airflow/dags/weather_dag.py for tasks to queue
[2026-08-13T06:29:55.037+0000] {logging_mixin.py:190} INFO - [2026-08-13T06:29:55.036+0000] {dagbag.py:588} INFO - Filling up the DagBag from /opt/airflow/dags/weather_dag.py
[2026-08-13T06:29:55.061+0000] {processor.py:925} INFO - DAG(s) 'weather_ingestion' retrieved from /opt/airflow/dags/weather_dag.py
[2026-08-13T06:29:55.116+0000] {logging_mixin.py:190} INFO - [2026-08-13T06:29:55.116+0000] {dag.py:3239} INFO - Sync 1 DAGs
[2026-08-13T06:29:55.144+0000] {logging_mixin.py:190} INFO - [2026-08-13T06:29:55.144+0000] {dag.py:4180} INFO - Setting next_dagrun for weather_ingestion to 2026-08-13 06:00:00+00:00, run_after=2026-08-13 07:00:00+00:00
[2026-08-13T06:29:55.159+0000] {processor.py:208} INFO - Processing /opt/airflow/dags/weather_dag.py took 0.151 seconds
[2026-08-13T06:30:25.390+0000] {processor.py:186} INFO - Started process (PID=2362) to work on /opt/airflow/dags/weather_dag.py
[2026-08-13T06:30:25.392+0000] {processor.py:914} INFO - Processing file /opt/airflow/dags/weather_dag.py for tasks to queue
[2026-08-13T06:30:25.395+0000] {logging_mixin.py:190} INFO - [2026-08-13T06:30:25.395+0000] {dagbag.py:588} INFO - Filling up the DagBag from /opt/airflow/dags/weather_dag.py
[2026-08-13T06:30:25.416+0000] {processor.py:925} INFO - DAG(s) 'weather_ingestion' retrieved from /opt/airflow/dags/weather_dag.py
[2026-08-13T06:30:25.445+0000] {logging_mixin.py:190} INFO - [2026-08-13T06:30:25.445+0000] {dag.py:3239} INFO - Sync 1 DAGs
[2026-08-13T06:30:25.466+0000] {logging_mixin.py:190} INFO - [2026-08-13T06:30:25.466+0000] {dag.py:4180} INFO - Setting next_dagrun for weather_ingestion to 2026-08-13 06:00:00+00:00, run_after=2026-08-13 07:00:00+00:00
[2026-08-13T06:30:25.477+0000] {processor.py:208} INFO - Processing /opt/airflow/dags/weather_dag.py took 0.099 seconds
[2026-08-13T06:30:55.787+0000] {processor.py:186} INFO - Started process (PID=2367) to work on /opt/airflow/dags/weather_dag.py
[2026-08-13T06:30:55.789+0000] {processor.py:914} INFO - Processing file /opt/airflow/dags/weather_dag.py for tasks to queue
[2026-08-13T06:30:55.791+0000] {logging_mixin.py:190} INFO - [2026-08-13T06:30:55.791+0000] {dagbag.py:588} INFO - Filling up the DagBag from /opt/airflow/dags/weather_dag.py
[2026-08-13T06:30:55.802+0000] {processor.py:925} INFO - DAG(s) 'weather_ingestion' retrieved from /opt/airflow/dags/weather_dag.py
[2026-08-13T06:30:55.819+0000] {logging_mixin.py:190} INFO - [2026-08-13T06:30:55.819+0000] {dag.py:3239} INFO - Sync 1 DAGs
[2026-08-13T06:30:55.832+0000] {logging_mixin.py:190} INFO - [2026-08-13T06:30:55.832+0000] {dag.py:4180} INFO - Setting next_dagrun for weather_ingestion to 2026-08-13 06:00:00+00:00, run_after=2026-08-13 07:00:00+00:00
[2026-08-13T06:30:55.839+0000] {processor.py:208} INFO - Processing /opt/airflow/dags/weather_dag.py took 0.058 seconds
[2026-08-13T06:31:26.143+0000] {processor.py:186} INFO - Started process (PID=2372) to work on /opt/airflow/dags/weather_dag.py
[2026-08-13T06:31:26.145+0000] {processor.py:914} INFO - Processing file /opt/airflow/dags/weather_dag.py for tasks to queue
[2026-08-13T06:31:26.147+0000] {logging_mixin.py:190} INFO - [2026-08-13T06:31:26.147+0000] {dagbag.py:588} INFO - Filling up the DagBag from /opt/airflow/dags/weather_dag.py
[2026-08-13T06:31:26.158+0000] {processor.py:925} INFO - DAG(s) 'weather_ingestion' retrieved from /opt/airflow/dags/weather_dag.py
[2026-08-13T06:31:26.176+0000] {logging_mixin.py:190} INFO - [2026-08-13T06:31:26.175+0000] {dag.py:3239} INFO - Sync 1 DAGs
[2026-08-13T06:31:26.189+0000] {logging_mixin.py:190} INFO - [2026-08-13T06:31:26.188+0000] {dag.py:4180} INFO - Setting next_dagrun for weather_ingestion to 2026-08-13 06:00:00+00:00, run_after=2026-08-13 07:00:00+00:00
[2026-08-13T06:31:26.197+0000] {processor.py:208} INFO - Processing /opt/airflow/dags/weather_dag.py took 0.061 seconds
[2026-08-13T06:31:56.502+0000] {processor.py:186} INFO - Started process (PID=2377) to work on /opt/airflow/dags/weather_dag.py
[2026-08-13T06:31:56.504+0000] {processor.py:914} INFO - Processing file /opt/airflow/dags/weather_dag.py for tasks to queue
[2026-08-13T06:31:56.508+0000] {logging_mixin.py:190} INFO - [2026-08-13T06:31:56.508+0000] {dagbag.py:588} INFO - Filling up the DagBag from /opt/airflow/dags/weather_dag.py
[2026-08-13T06:31:56.524+0000] {processor.py:925} INFO - DAG(s) 'weather_ingestion' retrieved from /opt/airflow/dags/weather_dag.py
[2026-08-13T06:31:56.544+0000] {logging_mixin.py:190} INFO - [2026-08-13T06:31:56.544+0000] {dag.py:3239} INFO - Sync 1 DAGs
[2026-08-13T06:31:56.556+0000] {logging_mixin.py:190} INFO - [2026-08-13T06:31:56.556+0000] {dag.py:4180} INFO - Setting next_dagrun for weather_ingestion to 2026-08-13 06:00:00+00:00, run_after=2026-08-13 07:00:00+00:00
[2026-08-13T06:31:56.564+0000] {processor.py:208} INFO - Processing /opt/airflow/dags/weather_dag.py took 0.071 seconds
[2026-08-13T06:32:26.863+0000] {processor.py:186} INFO - Started process (PID=2382) to work on /opt/airflow/dags/weather_dag.py
[2026-08-13T06:32:26.864+0000] {processor.py:914} INFO - Processing file /opt/airflow/dags/weather_dag.py for tasks to queue
[2026-08-13T06:32:26.867+0000] {logging_mixin.py:190} INFO - [2026-08-13T06:32:26.867+0000] {dagbag.py:588} INFO - Filling up the DagBag from /opt/airflow/dags/weather_dag.py
[2026-08-13T06:32:26.879+0000] {processor.py:925} INFO - DAG(s) 'weather_ingestion' retrieved from /opt/airflow/dags/weather_dag.py
[2026-08-13T06:32:26.925+0000] {logging_mixin.py:190} INFO - [2026-08-13T06:32:26.925+0000] {dag.py:3239} INFO - Sync 1 DAGs
[2026-08-13T06:32:26.954+0000] {logging_mixin.py:190} INFO - [2026-08-13T06:32:26.954+0000] {dag.py:4180} INFO - Setting next_dagrun for weather_ingestion to 2026-08-13 06:00:00+00:00, run_after=2026-08-13 07:00:00+00:00
[2026-08-13T06:32:26.973+0000] {processor.py:208} INFO - Processing /opt/airflow/dags/weather_dag.py took 0.116 seconds
[2026-08-13T06:32:57.269+0000] {processor.py:186} INFO - Started process (PID=2387) to work on /opt/airflow/dags/weather_dag.py
[2026-08-13T06:32:57.271+0000] {processor.py:914} INFO - Processing file /opt/airflow/dags/weather_dag.py for tasks to queue
[2026-08-13T06:32:57.276+0000] {logging_mixin.py:190} INFO - [2026-08-13T06:32:57.275+0000] {dagbag.py:588} INFO - Filling up the DagBag from /opt/airflow/dags/weather_dag.py
[2026-08-13T06:32:57.294+0000] {processor.py:925} INFO - DAG(s) 'weather_ingestion' retrieved from /opt/airflow/dags/weather_dag.py
[2026-08-13T06:32:57.318+0000] {logging_mixin.py:190} INFO - [2026-08-13T06:32:57.318+0000] {dag.py:3239} INFO - Sync 1 DAGs
[2026-08-13T06:32:57.331+0000] {logging_mixin.py:190} INFO - [2026-08-13T06:32:57.331+0000] {dag.py:4180} INFO - Setting next_dagrun for weather_ingestion to 2026-08-13 06:00:00+00:00, run_after=2026-08-13 07:00:00+00:00
[2026-08-13T06:32:57.338+0000] {processor.py:208} INFO - Processing /opt/airflow/dags/weather_dag.py took 0.096 seconds
[2026-08-13T06:33:27.676+0000] {processor.py:186} INFO - Started process (PID=2392) to work on /opt/airflow/dags/weather_dag.py
[2026-08-13T06:33:27.680+0000] {processor.py:914} INFO - Processing file /opt/airflow/dags/weather_dag.py for tasks to queue
[2026-08-13T06:33:27.685+0000] {logging_mixin.py:190} INFO - [2026-08-13T06:33:27.684+0000] {dagbag.py:588} INFO - Filling up the DagBag from /opt/airflow/dags/weather_dag.py
[2026-08-13T06:33:27.704+0000] {processor.py:925} INFO - DAG(s) 'weather_ingestion' retrieved from /opt/airflow/dags/weather_dag.py
[2026-08-13T06:33:27.748+0000] {logging_mixin.py:190} INFO - [2026-08-13T06:33:27.748+0000] {dag.py:3239} INFO - Sync 1 DAGs
[2026-08-13T06:33:27.766+0000] {logging_mixin.py:190} INFO - [2026-08-13T06:33:27.766+0000] {dag.py:4180} INFO - Setting next_dagrun for weather_ingestion to 2026-08-13 06:00:00+00:00, run_after=2026-08-13 07:00:00+00:00
[2026-08-13T06:33:27.778+0000] {processor.py:208} INFO - Processing /opt/airflow/dags/weather_dag.py took 0.114 seconds
[2026-08-13T06:33:58.068+0000] {processor.py:186} INFO - Started process (PID=2397) to work on /opt/airflow/dags/weather_dag.py
[2026-08-13T06:33:58.070+0000] {processor.py:914} INFO - Processing file /opt/airflow/dags/weather_dag.py for tasks to queue
[2026-08-13T06:33:58.076+0000] {logging_mixin.py:190} INFO - [2026-08-13T06:33:58.075+0000] {dagbag.py:588} INFO - Filling up the DagBag from /opt/airflow/dags/weather_dag.py
[2026-08-13T06:33:58.125+0000] {processor.py:925} INFO - DAG(s) 'weather_ingestion' retrieved from /opt/airflow/dags/weather_dag.py
[2026-08-13T06:33:58.144+0000] {logging_mixin.py:190} INFO - [2026-08-13T06:33:58.144+0000] {dag.py:3239} INFO - Sync 1 DAGs
[2026-08-13T06:33:58.159+0000] {logging_mixin.py:190} INFO - [2026-08-13T06:33:58.159+0000] {dag.py:4180} INFO - Setting next_dagrun for weather_ingestion to 2026-08-13 06:00:00+00:00, run_after=2026-08-13 07:00:00+00:00
[2026-08-13T06:33:58.168+0000] {processor.py:208} INFO - Processing /opt/airflow/dags/weather_dag.py took 0.114 seconds
[2026-08-13T06:34:28.402+0000] {processor.py:186} INFO - Started process (PID=2402) to work on /opt/airflow/dags/weather_dag.py
[2026-08-13T06:34:28.407+0000] {processor.py:914} INFO - Processing file /opt/airflow/dags/weather_dag.py for tasks to queue
[2026-08-13T06:34:28.410+0000] {logging_mixin.py:190} INFO - [2026-08-13T06:34:28.409+0000] {dagbag.py:588} INFO - Filling up the DagBag from /opt/airflow/dags/weather_dag.py
[2026-08-13T06:34:28.421+0000] {processor.py:925} INFO - DAG(s) 'weather_ingestion' retrieved from /opt/airflow/dags/weather_dag.py
[2026-08-13T06:34:28.443+0000] {logging_mixin.py:190} INFO - [2026-08-13T06:34:28.443+0000] {dag.py:3239} INFO - Sync 1 DAGs
[2026-08-13T06:34:28.459+0000] {logging_mixin.py:190} INFO - [2026-08-13T06:34:28.459+0000] {dag.py:4180} INFO - Setting next_dagrun for weather_ingestion to 2026-08-13 06:00:00+00:00, run_after=2026-08-13 07:00:00+00:00
[2026-08-13T06:34:28.467+0000] {processor.py:208} INFO - Processing /opt/airflow/dags/weather_dag.py took 0.074 seconds
[2026-08-13T06:34:58.747+0000] {processor.py:186} INFO - Started process (PID=2407) to work on /opt/airflow/dags/weather_dag.py
[2026-08-13T06:34:58.749+0000] {processor.py:914} INFO - Processing file /opt/airflow/dags/weather_dag.py for tasks to queue
[2026-08-13T06:34:58.752+0000] {logging_mixin.py:190} INFO - [2026-08-13T06:34:58.751+0000] {dagbag.py:588} INFO - Filling up the DagBag from /opt/airflow/dags/weather_dag.py
[2026-08-13T06:34:58.770+0000] {processor.py:925} INFO - DAG(s) 'weather_ingestion' retrieved from /opt/airflow/dags/weather_dag.py
[2026-08-13T06:34:58.792+0000] {logging_mixin.py:190} INFO - [2026-08-13T06:34:58.792+0000] {dag.py:3239} INFO - Sync 1 DAGs
[2026-08-13T06:34:58.806+0000] {logging_mixin.py:190} INFO - [2026-08-13T06:34:58.806+0000] {dag.py:4180} INFO - Setting next_dagrun for weather_ingestion to 2026-08-13 06:00:00+00:00, run_after=2026-08-13 07:00:00+00:00
[2026-08-13T06:34:58.815+0000] {processor.py:208} INFO - Processing /opt/airflow/dags/weather_dag.py took 0.081 seconds
[2026-08-13T06:35:29.101+0000] {processor.py:186} INFO - Started process (PID=2412) to work on /opt/airflow/dags/weather_dag.py
[2026-08-13T06:35:29.102+0000] {processor.py:914} INFO - Processing file /opt/airflow/dags/weather_dag.py for tasks to queue
[2026-08-13T06:35:29.105+0000] {logging_mixin.py:190} INFO - [2026-08-13T06:35:29.105+0000] {dagbag.py:588} INFO - Filling up the DagBag from /opt/airflow/dags/weather_dag.py
[2026-08-13T06:35:29.114+0000] {processor.py:925} INFO - DAG(s) 'weather_ingestion' retrieved from /opt/airflow/dags/weather_dag.py
[2026-08-13T06:35:29.132+0000] {logging_mixin.py:190} INFO - [2026-08-13T06:35:29.132+0000] {dag.py:3239} INFO - Sync 1 DAGs
[2026-08-13T06:35:29.147+0000] {logging_mixin.py:190} INFO - [2026-08-13T06:35:29.147+0000] {dag.py:4180} INFO - Setting next_dagrun for weather_ingestion to 2026-08-13 06:00:00+00:00, run_after=2026-08-13 07:00:00+00:00
[2026-08-13T06:35:29.155+0000] {processor.py:208} INFO - Processing /opt/airflow/dags/weather_dag.py took 0.060 seconds
[2026-08-13T06:35:59.446+0000] {processor.py:186} INFO - Started process (PID=2417) to work on /opt/airflow/dags/weather_dag.py
[2026-08-13T06:35:59.447+0000] {processor.py:914} INFO - Processing file /opt/airflow/dags/weather_dag.py for tasks to queue
[2026-08-13T06:35:59.450+0000] {logging_mixin.py:190} INFO - [2026-08-13T06:35:59.450+0000] {dagbag.py:588} INFO - Filling up the DagBag from /opt/airflow/dags/weather_dag.py
[2026-08-13T06:35:59.462+0000] {processor.py:925} INFO - DAG(s) 'weather_ingestion' retrieved from /opt/airflow/dags/weather_dag.py
[2026-08-13T06:35:59.487+0000] {logging_mixin.py:190} INFO - [2026-08-13T06:35:59.487+0000] {dag.py:3239} INFO - Sync 1 DAGs
[2026-08-13T06:35:59.503+0000] {logging_mixin.py:190} INFO - [2026-08-13T06:35:59.503+0000] {dag.py:4180} INFO - Setting next_dagrun for weather_ingestion to 2026-08-13 06:00:00+00:00, run_after=2026-08-13 07:00:00+00:00
[2026-08-13T06:35:59.512+0000] {processor.py:208} INFO - Processing /opt/airflow/dags/weather_dag.py took 0.073 seconds
[2026-08-13T06:36:29.828+0000] {processor.py:186} INFO - Started process (PID=2422) to work on /opt/airflow/dags/weather_dag.py
[2026-08-13T06:36:29.830+0000] {processor.py:914} INFO - Processing file /opt/airflow/dags/weather_dag.py for tasks to queue
[2026-08-13T06:36:29.836+0000] {logging_mixin.py:190} INFO - [2026-08-13T06:36:29.835+0000] {dagbag.py:588} INFO - Filling up the DagBag from /opt/airflow/dags/weather_dag.py
[2026-08-13T06:36:29.862+0000] {processor.py:925} INFO - DAG(s) 'weather_ingestion' retrieved from /opt/airflow/dags/weather_dag.py
[2026-08-13T06:36:29.887+0000] {logging_mixin.py:190} INFO - [2026-08-13T06:36:29.887+0000] {dag.py:3239} INFO - Sync 1 DAGs
[2026-08-13T06:36:29.900+0000] {logging_mixin.py:190} INFO - [2026-08-13T06:36:29.900+0000] {dag.py:4180} INFO - Setting next_dagrun for weather_ingestion to 2026-08-13 06:00:00+00:00, run_after=2026-08-13 07:00:00+00:00
[2026-08-13T06:36:29.909+0000] {processor.py:208} INFO - Processing /opt/airflow/dags/weather_dag.py took 0.089 seconds
[2026-08-13T06:37:00.206+0000] {processor.py:186} INFO - Started process (PID=2427) to work on /opt/airflow/dags/weather_dag.py
[2026-08-13T06:37:00.208+0000] {processor.py:914} INFO - Processing file /opt/airflow/dags/weather_dag.py for tasks to queue
[2026-08-13T06:37:00.211+0000] {logging_mixin.py:190} INFO - [2026-08-13T06:37:00.210+0000] {dagbag.py:588} INFO - Filling up the DagBag from /opt/airflow/dags/weather_dag.py
[2026-08-13T06:37:00.224+0000] {processor.py:925} INFO - DAG(s) 'weather_ingestion' retrieved from /opt/airflow/dags/weather_dag.py
[2026-08-13T06:37:00.258+0000] {logging_mixin.py:190} INFO - [2026-08-13T06:37:00.258+0000] {dag.py:3239} INFO - Sync 1 DAGs
[2026-08-13T06:37:00.277+0000] {logging_mixin.py:190} INFO - [2026-08-13T06:37:00.277+0000] {dag.py:4180} INFO - Setting next_dagrun for weather_ingestion to 2026-08-13 06:00:00+00:00, run_after=2026-08-13 07:00:00+00:00
[2026-08-13T06:37:00.287+0000] {processor.py:208} INFO - Processing /opt/airflow/dags/weather_dag.py took 0.089 seconds
[2026-08-13T06:37:30.583+0000] {processor.py:186} INFO - Started process (PID=2432) to work on /opt/airflow/dags/weather_dag.py
[2026-08-13T06:37:30.586+0000] {processor.py:914} INFO - Processing file /opt/airflow/dags/weather_dag.py for tasks to queue
[2026-08-13T06:37:30.612+0000] {logging_mixin.py:190} INFO - [2026-08-13T06:37:30.610+0000] {dagbag.py:588} INFO - Filling up the DagBag from /opt/airflow/dags/weather_dag.py
[2026-08-13T06:37:30.641+0000] {processor.py:925} INFO - DAG(s) 'weather_ingestion' retrieved from /opt/airflow/dags/weather_dag.py
[2026-08-13T06:37:30.662+0000] {logging_mixin.py:190} INFO - [2026-08-13T06:37:30.662+0000] {dag.py:3239} INFO - Sync 1 DAGs
[2026-08-13T06:37:30.676+0000] {logging_mixin.py:190} INFO - [2026-08-13T06:37:30.676+0000] {dag.py:4180} INFO - Setting next_dagrun for weather_ingestion to 2026-08-13 06:00:00+00:00, run_after=2026-08-13 07:00:00+00:00
[2026-08-13T06:37:30.685+0000] {processor.py:208} INFO - Processing /opt/airflow/dags/weather_dag.py took 0.124 seconds
[2026-08-13T06:38:00.928+0000] {processor.py:186} INFO - Started process (PID=2437) to work on /opt/airflow/dags/weather_dag.py
[2026-08-13T06:38:00.929+0000] {processor.py:914} INFO - Processing file /opt/airflow/dags/weather_dag.py for tasks to queue
[2026-08-13T06:38:00.931+0000] {logging_mixin.py:190} INFO - [2026-08-13T06:38:00.931+0000] {dagbag.py:588} INFO - Filling up the DagBag from /opt/airflow/dags/weather_dag.py
[2026-08-13T06:38:00.940+0000] {processor.py:925} INFO - DAG(s) 'weather_ingestion' retrieved from /opt/airflow/dags/weather_dag.py
[2026-08-13T06:38:00.963+0000] {logging_mixin.py:190} INFO - [2026-08-13T06:38:00.963+0000] {dag.py:3239} INFO - Sync 1 DAGs
[2026-08-13T06:38:00.981+0000] {logging_mixin.py:190} INFO - [2026-08-13T06:38:00.981+0000] {dag.py:4180} INFO - Setting next_dagrun for weather_ingestion to 2026-08-13 06:00:00+00:00, run_after=2026-08-13 07:00:00+00:00
[2026-08-13T06:38:00.991+0000] {processor.py:208} INFO - Processing /opt/airflow/dags/weather_dag.py took 0.069 seconds
[2026-08-13T06:38:31.339+0000] {processor.py:186} INFO - Started process (PID=2442) to work on /opt/airflow/dags/weather_dag.py
[2026-08-13T06:38:31.341+0000] {processor.py:914} INFO - Processing file /opt/airflow/dags/weather_dag.py for tasks to queue
[2026-08-13T06:38:31.343+0000] {logging_mixin.py:190} INFO - [2026-08-13T06:38:31.343+0000] {dagbag.py:588} INFO - Filling up the DagBag from /opt/airflow/dags/weather_dag.py
[2026-08-13T06:38:31.363+0000] {processor.py:925} INFO - DAG(s) 'weather_ingestion' retrieved from /opt/airflow/dags/weather_dag.py
[2026-08-13T06:38:31.383+0000] {logging_mixin.py:190} INFO - [2026-08-13T06:38:31.383+0000] {dag.py:3239} INFO - Sync 1 DAGs
[2026-08-13T06:38:31.396+0000] {logging_mixin.py:190} INFO - [2026-08-13T06:38:31.396+0000] {dag.py:4180} INFO - Setting next_dagrun for weather_ingestion to 2026-08-13 06:00:00+00:00, run_after=2026-08-13 07:00:00+00:00
[2026-08-13T06:38:31.405+0000] {processor.py:208} INFO - Processing /opt/airflow/dags/weather_dag.py took 0.076 seconds
[2026-08-13T06:39:01.722+0000] {processor.py:186} INFO - Started process (PID=2447) to work on /opt/airflow/dags/weather_dag.py
[2026-08-13T06:39:01.724+0000] {processor.py:914} INFO - Processing file /opt/airflow/dags/weather_dag.py for tasks to queue
[2026-08-13T06:39:01.727+0000] {logging_mixin.py:190} INFO - [2026-08-13T06:39:01.727+0000] {dagbag.py:588} INFO - Filling up the DagBag from /opt/airflow/dags/weather_dag.py
[2026-08-13T06:39:01.739+0000] {processor.py:925} INFO - DAG(s) 'weather_ingestion' retrieved from /opt/airflow/dags/weather_dag.py
[2026-08-13T06:39:01.758+0000] {logging_mixin.py:190} INFO - [2026-08-13T06:39:01.758+0000] {dag.py:3239} INFO - Sync 1 DAGs
[2026-08-13T06:39:01.773+0000] {logging_mixin.py:190} INFO - [2026-08-13T06:39:01.773+0000] {dag.py:4180} INFO - Setting next_dagrun for weather_ingestion to 2026-08-13 06:00:00+00:00, run_after=2026-08-13 07:00:00+00:00
[2026-08-13T06:39:01.783+0000] {processor.py:208} INFO - Processing /opt/airflow/dags/weather_dag.py took 0.071 seconds
[2026-08-13T06:39:32.067+0000] {processor.py:186} INFO - Started process (PID=2452) to work on /opt/airflow/dags/weather_dag.py
[2026-08-13T06:39:32.069+0000] {processor.py:914} INFO - Processing file /opt/airflow/dags/weather_dag.py for tasks to queue
[2026-08-13T06:39:32.072+0000] {logging_mixin.py:190} INFO - [2026-08-13T06:39:32.072+0000] {dagbag.py:588} INFO - Filling up the DagBag from /opt/airflow/dags/weather_dag.py
[2026-08-13T06:39:32.084+0000] {processor.py:925} INFO - DAG(s) 'weather_ingestion' retrieved from /opt/airflow/dags/weather_dag.py
[2026-08-13T06:39:32.108+0000] {logging_mixin.py:190} INFO - [2026-08-13T06:39:32.107+0000] {dag.py:3239} INFO - Sync 1 DAGs
[2026-08-13T06:39:32.124+0000] {logging_mixin.py:190} INFO - [2026-08-13T06:39:32.124+0000] {dag.py:4180} INFO - Setting next_dagrun for weather_ingestion to 2026-08-13 06:00:00+00:00, run_after=2026-08-13 07:00:00+00:00
[2026-08-13T06:39:32.133+0000] {processor.py:208} INFO - Processing /opt/airflow/dags/weather_dag.py took 0.073 seconds
[2026-08-13T06:40:02.366+0000] {processor.py:186} INFO - Started process (PID=2457) to work on /opt/airflow/dags/weather_dag.py
[2026-08-13T06:40:02.369+0000] {processor.py:914} INFO - Processing file /opt/airflow/dags/weather_dag.py for tasks to queue
[2026-08-13T06:40:02.377+0000] {logging_mixin.py:190} INFO - [2026-08-13T06:40:02.376+0000] {dagbag.py:588} INFO - Filling up the DagBag from /opt/airflow/dags/weather_dag.py
[2026-08-13T06:40:02.395+0000] {processor.py:925} INFO - DAG(s) 'weather_ingestion' retrieved from /opt/airflow/dags/weather_dag.py
[2026-08-13T06:40:02.418+0000] {logging_mixin.py:190} INFO - [2026-08-13T06:40:02.418+0000] {dag.py:3239} INFO - Sync 1 DAGs
[2026-08-13T06:40:02.449+0000] {logging_mixin.py:190} INFO - [2026-08-13T06:40:02.449+0000] {dag.py:4180} INFO - Setting next_dagrun for weather_ingestion to 2026-08-13 06:00:00+00:00, run_after=2026-08-13 07:00:00+00:00
[2026-08-13T06:40:02.457+0000] {processor.py:208} INFO - Processing /opt/airflow/dags/weather_dag.py took 0.100 seconds
[2026-08-13T06:40:32.742+0000] {processor.py:186} INFO - Started process (PID=2462) to work on /opt/airflow/dags/weather_dag.py
[2026-08-13T06:40:32.745+0000] {processor.py:914} INFO - Processing file /opt/airflow/dags/weather_dag.py for tasks to queue
[2026-08-13T06:40:32.748+0000] {logging_mixin.py:190} INFO - [2026-08-13T06:40:32.748+0000] {dagbag.py:588} INFO - Filling up the DagBag from /opt/airflow/dags/weather_dag.py
[2026-08-13T06:40:32.762+0000] {processor.py:925} INFO - DAG(s) 'weather_ingestion' retrieved from /opt/airflow/dags/weather_dag.py
[2026-08-13T06:40:32.796+0000] {logging_mixin.py:190} INFO - [2026-08-13T06:40:32.796+0000] {dag.py:3239} INFO - Sync 1 DAGs
[2026-08-13T06:40:32.819+0000] {logging_mixin.py:190} INFO - [2026-08-13T06:40:32.819+0000] {dag.py:4180} INFO - Setting next_dagrun for weather_ingestion to 2026-08-13 06:00:00+00:00, run_after=2026-08-13 07:00:00+00:00
[2026-08-13T06:40:32.829+0000] {processor.py:208} INFO - Processing /opt/airflow/dags/weather_dag.py took 0.099 seconds
[2026-08-13T06:41:03.114+0000] {processor.py:186} INFO - Started process (PID=2467) to work on /opt/airflow/dags/weather_dag.py
[2026-08-13T06:41:03.116+0000] {processor.py:914} INFO - Processing file /opt/airflow/dags/weather_dag.py for tasks to queue
[2026-08-13T06:41:03.118+0000] {logging_mixin.py:190} INFO - [2026-08-13T06:41:03.118+0000] {dagbag.py:588} INFO - Filling up the DagBag from /opt/airflow/dags/weather_dag.py
[2026-08-13T06:41:03.129+0000] {processor.py:925} INFO - DAG(s) 'weather_ingestion' retrieved from /opt/airflow/dags/weather_dag.py
[2026-08-13T06:41:03.148+0000] {logging_mixin.py:190} INFO - [2026-08-13T06:41:03.148+0000] {dag.py:3239} INFO - Sync 1 DAGs
[2026-08-13T06:41:03.161+0000] {logging_mixin.py:190} INFO - [2026-08-13T06:41:03.161+0000] {dag.py:4180} INFO - Setting next_dagrun for weather_ingestion to 2026-08-13 06:00:00+00:00, run_after=2026-08-13 07:00:00+00:00
[2026-08-13T06:41:03.169+0000] {processor.py:208} INFO - Processing /opt/airflow/dags/weather_dag.py took 0.062 seconds
[2026-08-13T06:41:33.518+0000] {processor.py:186} INFO - Started process (PID=2472) to work on /opt/airflow/dags/weather_dag.py
[2026-08-13T06:41:33.519+0000] {processor.py:914} INFO - Processing file /opt/airflow/dags/weather_dag.py for tasks to queue
[2026-08-13T06:41:33.522+0000] {logging_mixin.py:190} INFO - [2026-08-13T06:41:33.522+0000] {dagbag.py:588} INFO - Filling up the DagBag from /opt/airflow/dags/weather_dag.py
[2026-08-13T06:41:33.536+0000] {processor.py:925} INFO - DAG(s) 'weather_ingestion' retrieved from /opt/airflow/dags/weather_dag.py
[2026-08-13T06:41:33.556+0000] {logging_mixin.py:190} INFO - [2026-08-13T06:41:33.556+0000] {dag.py:3239} INFO - Sync 1 DAGs
[2026-08-13T06:41:33.568+0000] {logging_mixin.py:190} INFO - [2026-08-13T06:41:33.568+0000] {dag.py:4180} INFO - Setting next_dagrun for weather_ingestion to 2026-08-13 06:00:00+00:00, run_after=2026-08-13 07:00:00+00:00
[2026-08-13T06:41:33.575+0000] {processor.py:208} INFO - Processing /opt/airflow/dags/weather_dag.py took 0.065 seconds
[2026-08-13T06:42:03.873+0000] {processor.py:186} INFO - Started process (PID=2477) to work on /opt/airflow/dags/weather_dag.py
[2026-08-13T06:42:03.874+0000] {processor.py:914} INFO - Processing file /opt/airflow/dags/weather_dag.py for tasks to queue
[2026-08-13T06:42:03.876+0000] {logging_mixin.py:190} INFO - [2026-08-13T06:42:03.876+0000] {dagbag.py:588} INFO - Filling up the DagBag from /opt/airflow/dags/weather_dag.py
[2026-08-13T06:42:03.884+0000] {processor.py:925} INFO - DAG(s) 'weather_ingestion' retrieved from /opt/airflow/dags/weather_dag.py
[2026-08-13T06:42:03.898+0000] {logging_mixin.py:190} INFO - [2026-08-13T06:42:03.897+0000] {dag.py:3239} INFO - Sync 1 DAGs
[2026-08-13T06:42:03.908+0000] {logging_mixin.py:190} INFO - [2026-08-13T06:42:03.908+0000] {dag.py:4180} INFO - Setting next_dagrun for weather_ingestion to 2026-08-13 06:00:00+00:00, run_after=2026-08-13 07:00:00+00:00
[2026-08-13T06:42:03.915+0000] {processor.py:208} INFO - Processing /opt/airflow/dags/weather_dag.py took 0.046 seconds
[2026-08-13T06:42:34.304+0000] {processor.py:186} INFO - Started process (PID=2482) to work on /opt/airflow/dags/weather_dag.py
[2026-08-13T06:42:34.306+0000] {processor.py:914} INFO - Processing file /opt/airflow/dags/weather_dag.py for tasks to queue
[2026-08-13T06:42:34.310+0000] {logging_mixin.py:190} INFO - [2026-08-13T06:42:34.309+0000] {dagbag.py:588} INFO - Filling up the DagBag from /opt/airflow/dags/weather_dag.py
[2026-08-13T06:42:34.328+0000] {processor.py:925} INFO - DAG(s) 'weather_ingestion' retrieved from /opt/airflow/dags/weather_dag.py
[2026-08-13T06:42:34.369+0000] {logging_mixin.py:190} INFO - [2026-08-13T06:42:34.369+0000] {dag.py:3239} INFO - Sync 1 DAGs
[2026-08-13T06:42:34.390+0000] {logging_mixin.py:190} INFO - [2026-08-13T06:42:34.390+0000] {dag.py:4180} INFO - Setting next_dagrun for weather_ingestion to 2026-08-13 06:00:00+00:00, run_after=2026-08-13 07:00:00+00:00
[2026-08-13T06:42:34.400+0000] {processor.py:208} INFO - Processing /opt/airflow/dags/weather_dag.py took 0.107 seconds
[2026-08-13T06:43:04.661+0000] {processor.py:186} INFO - Started process (PID=2487) to work on /opt/airflow/dags/weather_dag.py
[2026-08-13T06:43:04.662+0000] {processor.py:914} INFO - Processing file /opt/airflow/dags/weather_dag.py for tasks to queue
[2026-08-13T06:43:04.665+0000] {logging_mixin.py:190} INFO - [2026-08-13T06:43:04.665+0000] {dagbag.py:588} INFO - Filling up the DagBag from /opt/airflow/dags/weather_dag.py
[2026-08-13T06:43:04.680+0000] {processor.py:925} INFO - DAG(s) 'weather_ingestion' retrieved from /opt/airflow/dags/weather_dag.py
[2026-08-13T06:43:04.703+0000] {logging_mixin.py:190} INFO - [2026-08-13T06:43:04.703+0000] {dag.py:3239} INFO - Sync 1 DAGs
[2026-08-13T06:43:04.720+0000] {logging_mixin.py:190} INFO - [2026-08-13T06:43:04.720+0000] {dag.py:4180} INFO - Setting next_dagrun for weather_ingestion to 2026-08-13 06:00:00+00:00, run_after=2026-08-13 07:00:00+00:00
[2026-08-13T06:43:04.732+0000] {processor.py:208} INFO - Processing /opt/airflow/dags/weather_dag.py took 0.084 seconds
[2026-08-13T06:43:35.013+0000] {processor.py:186} INFO - Started process (PID=2492) to work on /opt/airflow/dags/weather_dag.py
[2026-08-13T06:43:35.015+0000] {processor.py:914} INFO - Processing file /opt/airflow/dags/weather_dag.py for tasks to queue
[2026-08-13T06:43:35.019+0000] {logging_mixin.py:190} INFO - [2026-08-13T06:43:35.019+0000] {dagbag.py:588} INFO - Filling up the DagBag from /opt/airflow/dags/weather_dag.py
[2026-08-13T06:43:35.032+0000] {processor.py:925} INFO - DAG(s) 'weather_ingestion' retrieved from /opt/airflow/dags/weather_dag.py
[2026-08-13T06:43:35.059+0000] {logging_mixin.py:190} INFO - [2026-08-13T06:43:35.059+0000] {dag.py:3239} INFO - Sync 1 DAGs
[2026-08-13T06:43:35.083+0000] {logging_mixin.py:190} INFO - [2026-08-13T06:43:35.083+0000] {dag.py:4180} INFO - Setting next_dagrun for weather_ingestion to 2026-08-13 06:00:00+00:00, run_after=2026-08-13 07:00:00+00:00
[2026-08-13T06:43:35.110+0000] {processor.py:208} INFO - Processing /opt/airflow/dags/weather_dag.py took 0.102 seconds
[2026-08-13T06:44:05.315+0000] {processor.py:186} INFO - Started process (PID=2497) to work on /opt/airflow/dags/weather_dag.py
[2026-08-13T06:44:05.318+0000] {processor.py:914} INFO - Processing file /opt/airflow/dags/weather_dag.py for tasks to queue
[2026-08-13T06:44:05.320+0000] {logging_mixin.py:190} INFO - [2026-08-13T06:44:05.320+0000] {dagbag.py:588} INFO - Filling up the DagBag from /opt/airflow/dags/weather_dag.py
[2026-08-13T06:44:05.333+0000] {processor.py:925} INFO - DAG(s) 'weather_ingestion' retrieved from /opt/airflow/dags/weather_dag.py
[2026-08-13T06:44:05.356+0000] {logging_mixin.py:190} INFO - [2026-08-13T06:44:05.356+0000] {dag.py:3239} INFO - Sync 1 DAGs
[2026-08-13T06:44:05.370+0000] {logging_mixin.py:190} INFO - [2026-08-13T06:44:05.369+0000] {dag.py:4180} INFO - Setting next_dagrun for weather_ingestion to 2026-08-13 06:00:00+00:00, run_after=2026-08-13 07:00:00+00:00
[2026-08-13T06:44:05.377+0000] {processor.py:208} INFO - Processing /opt/airflow/dags/weather_dag.py took 0.074 seconds
[2026-08-13T06:44:35.762+0000] {processor.py:186} INFO - Started process (PID=2502) to work on /opt/airflow/dags/weather_dag.py
[2026-08-13T06:44:35.764+0000] {processor.py:914} INFO - Processing file /opt/airflow/dags/weather_dag.py for tasks to queue
[2026-08-13T06:44:35.768+0000] {logging_mixin.py:190} INFO - [2026-08-13T06:44:35.768+0000] {dagbag.py:588} INFO - Filling up the DagBag from /opt/airflow/dags/weather_dag.py
[2026-08-13T06:44:35.786+0000] {processor.py:925} INFO - DAG(s) 'weather_ingestion' retrieved from /opt/airflow/dags/weather_dag.py
[2026-08-13T06:44:35.811+0000] {logging_mixin.py:190} INFO - [2026-08-13T06:44:35.811+0000] {dag.py:3239} INFO - Sync 1 DAGs
[2026-08-13T06:44:35.826+0000] {logging_mixin.py:190} INFO - [2026-08-13T06:44:35.826+0000] {dag.py:4180} INFO - Setting next_dagrun for weather_ingestion to 2026-08-13 06:00:00+00:00, run_after=2026-08-13 07:00:00+00:00
[2026-08-13T06:44:35.835+0000] {processor.py:208} INFO - Processing /opt/airflow/dags/weather_dag.py took 0.084 seconds
[2026-08-13T06:45:06.501+0000] {processor.py:186} INFO - Started process (PID=2507) to work on /opt/airflow/dags/weather_dag.py
[2026-08-13T06:45:06.505+0000] {processor.py:914} INFO - Processing file /opt/airflow/dags/weather_dag.py for tasks to queue
[2026-08-13T06:45:06.513+0000] {logging_mixin.py:190} INFO - [2026-08-13T06:45:06.512+0000] {dagbag.py:588} INFO - Filling up the DagBag from /opt/airflow/dags/weather_dag.py
[2026-08-13T06:45:06.538+0000] {processor.py:925} INFO - DAG(s) 'weather_ingestion' retrieved from /opt/airflow/dags/weather_dag.py
[2026-08-13T06:45:06.598+0000] {logging_mixin.py:190} INFO - [2026-08-13T06:45:06.598+0000] {dag.py:3239} INFO - Sync 1 DAGs
[2026-08-13T06:45:06.620+0000] {logging_mixin.py:190} INFO - [2026-08-13T06:45:06.620+0000] {dag.py:4180} INFO - Setting next_dagrun for weather_ingestion to 2026-08-13 06:00:00+00:00, run_after=2026-08-13 07:00:00+00:00
[2026-08-13T06:45:06.632+0000] {processor.py:208} INFO - Processing /opt/airflow/dags/weather_dag.py took 0.146 seconds
[2026-08-13T06:45:36.776+0000] {processor.py:186} INFO - Started process (PID=2512) to work on /opt/airflow/dags/weather_dag.py
[2026-08-13T06:45:36.778+0000] {processor.py:914} INFO - Processing file /opt/airflow/dags/weather_dag.py for tasks to queue
[2026-08-13T06:45:36.780+0000] {logging_mixin.py:190} INFO - [2026-08-13T06:45:36.780+0000] {dagbag.py:588} INFO - Filling up the DagBag from /opt/airflow/dags/weather_dag.py
[2026-08-13T06:45:36.793+0000] {processor.py:925} INFO - DAG(s) 'weather_ingestion' retrieved from /opt/airflow/dags/weather_dag.py
[2026-08-13T06:45:36.820+0000] {logging_mixin.py:190} INFO - [2026-08-13T06:45:36.820+0000] {dag.py:3239} INFO - Sync 1 DAGs
[2026-08-13T06:45:36.840+0000] {logging_mixin.py:190} INFO - [2026-08-13T06:45:36.840+0000] {dag.py:4180} INFO - Setting next_dagrun for weather_ingestion to 2026-08-13 06:00:00+00:00, run_after=2026-08-13 07:00:00+00:00
[2026-08-13T06:45:36.852+0000] {processor.py:208} INFO - Processing /opt/airflow/dags/weather_dag.py took 0.085 seconds
[2026-08-13T06:46:07.216+0000] {processor.py:186} INFO - Started process (PID=2517) to work on /opt/airflow/dags/weather_dag.py
[2026-08-13T06:46:07.219+0000] {processor.py:914} INFO - Processing file /opt/airflow/dags/weather_dag.py for tasks to queue
[2026-08-13T06:46:07.226+0000] {logging_mixin.py:190} INFO - [2026-08-13T06:46:07.225+0000] {dagbag.py:588} INFO - Filling up the DagBag from /opt/airflow/dags/weather_dag.py
[2026-08-13T06:46:07.281+0000] {processor.py:925} INFO - DAG(s) 'weather_ingestion' retrieved from /opt/airflow/dags/weather_dag.py
[2026-08-13T06:46:07.311+0000] {logging_mixin.py:190} INFO - [2026-08-13T06:46:07.311+0000] {dag.py:3239} INFO - Sync 1 DAGs
[2026-08-13T06:46:07.328+0000] {logging_mixin.py:190} INFO - [2026-08-13T06:46:07.328+0000] {dag.py:4180} INFO - Setting next_dagrun for weather_ingestion to 2026-08-13 06:00:00+00:00, run_after=2026-08-13 07:00:00+00:00
[2026-08-13T06:46:07.338+0000] {processor.py:208} INFO - Processing /opt/airflow/dags/weather_dag.py took 0.136 seconds
[2026-08-13T06:46:37.554+0000] {processor.py:186} INFO - Started process (PID=2522) to work on /opt/airflow/dags/weather_dag.py
[2026-08-13T06:46:37.556+0000] {processor.py:914} INFO - Processing file /opt/airflow/dags/weather_dag.py for tasks to queue
[2026-08-13T06:46:37.558+0000] {logging_mixin.py:190} INFO - [2026-08-13T06:46:37.558+0000] {dagbag.py:588} INFO - Filling up the DagBag from /opt/airflow/dags/weather_dag.py
[2026-08-13T06:46:37.571+0000] {processor.py:925} INFO - DAG(s) 'weather_ingestion' retrieved from /opt/airflow/dags/weather_dag.py
[2026-08-13T06:46:37.595+0000] {logging_mixin.py:190} INFO - [2026-08-13T06:46:37.595+0000] {dag.py:3239} INFO - Sync 1 DAGs
[2026-08-13T06:46:37.609+0000] {logging_mixin.py:190} INFO - [2026-08-13T06:46:37.609+0000] {dag.py:4180} INFO - Setting next_dagrun for weather_ingestion to 2026-08-13 06:00:00+00:00, run_after=2026-08-13 07:00:00+00:00
[2026-08-13T06:46:37.620+0000] {processor.py:208} INFO - Processing /opt/airflow/dags/weather_dag.py took 0.074 seconds
[2026-08-13T06:47:07.919+0000] {processor.py:186} INFO - Started process (PID=2527) to work on /opt/airflow/dags/weather_dag.py
[2026-08-13T06:47:07.921+0000] {processor.py:914} INFO - Processing file /opt/airflow/dags/weather_dag.py for tasks to queue
[2026-08-13T06:47:07.924+0000] {logging_mixin.py:190} INFO - [2026-08-13T06:47:07.924+0000] {dagbag.py:588} INFO - Filling up the DagBag from /opt/airflow/dags/weather_dag.py
[2026-08-13T06:47:07.934+0000] {processor.py:925} INFO - DAG(s) 'weather_ingestion' retrieved from /opt/airflow/dags/weather_dag.py
[2026-08-13T06:47:07.955+0000] {logging_mixin.py:190} INFO - [2026-08-13T06:47:07.955+0000] {dag.py:3239} INFO - Sync 1 DAGs
[2026-08-13T06:47:07.968+0000] {logging_mixin.py:190} INFO - [2026-08-13T06:47:07.968+0000] {dag.py:4180} INFO - Setting next_dagrun for weather_ingestion to 2026-08-13 06:00:00+00:00, run_after=2026-08-13 07:00:00+00:00
[2026-08-13T06:47:07.977+0000] {processor.py:208} INFO - Processing /opt/airflow/dags/weather_dag.py took 0.065 seconds
[2026-08-13T06:47:38.280+0000] {processor.py:186} INFO - Started process (PID=2532) to work on /opt/airflow/dags/weather_dag.py
[2026-08-13T06:47:38.283+0000] {processor.py:914} INFO - Processing file /opt/airflow/dags/weather_dag.py for tasks to queue
[2026-08-13T06:47:38.287+0000] {logging_mixin.py:190} INFO - [2026-08-13T06:47:38.286+0000] {dagbag.py:588} INFO - Filling up the DagBag from /opt/airflow/dags/weather_dag.py
[2026-08-13T06:47:38.303+0000] {processor.py:925} INFO - DAG(s) 'weather_ingestion' retrieved from /opt/airflow/dags/weather_dag.py
[2026-08-13T06:47:38.324+0000] {logging_mixin.py:190} INFO - [2026-08-13T06:47:38.324+0000] {dag.py:3239} INFO - Sync 1 DAGs
[2026-08-13T06:47:38.338+0000] {logging_mixin.py:190} INFO - [2026-08-13T06:47:38.338+0000] {dag.py:4180} INFO - Setting next_dagrun for weather_ingestion to 2026-08-13 06:00:00+00:00, run_after=2026-08-13 07:00:00+00:00
[2026-08-13T06:47:38.348+0000] {processor.py:208} INFO - Processing /opt/airflow/dags/weather_dag.py took 0.079 seconds
[2026-08-13T06:48:08.704+0000] {processor.py:186} INFO - Started process (PID=2537) to work on /opt/airflow/dags/weather_dag.py
[2026-08-13T06:48:08.706+0000] {processor.py:914} INFO - Processing file /opt/airflow/dags/weather_dag.py for tasks to queue
[2026-08-13T06:48:08.709+0000] {logging_mixin.py:190} INFO - [2026-08-13T06:48:08.708+0000] {dagbag.py:588} INFO - Filling up the DagBag from /opt/airflow/dags/weather_dag.py
[2026-08-13T06:48:08.720+0000] {processor.py:925} INFO - DAG(s) 'weather_ingestion' retrieved from /opt/airflow/dags/weather_dag.py
[2026-08-13T06:48:08.749+0000] {logging_mixin.py:190} INFO - [2026-08-13T06:48:08.749+0000] {dag.py:3239} INFO - Sync 1 DAGs
[2026-08-13T06:48:08.762+0000] {logging_mixin.py:190} INFO - [2026-08-13T06:48:08.762+0000] {dag.py:4180} INFO - Setting next_dagrun for weather_ingestion to 2026-08-13 06:00:00+00:00, run_after=2026-08-13 07:00:00+00:00
[2026-08-13T06:48:08.770+0000] {processor.py:208} INFO - Processing /opt/airflow/dags/weather_dag.py took 0.073 seconds
[2026-08-13T06:48:39.198+0000] {processor.py:186} INFO - Started process (PID=2542) to work on /opt/airflow/dags/weather_dag.py
[2026-08-13T06:48:39.200+0000] {processor.py:914} INFO - Processing file /opt/airflow/dags/weather_dag.py for tasks to queue
[2026-08-13T06:48:39.203+0000] {logging_mixin.py:190} INFO - [2026-08-13T06:48:39.203+0000] {dagbag.py:588} INFO - Filling up the DagBag from /opt/airflow/dags/weather_dag.py
[2026-08-13T06:48:39.216+0000] {processor.py:925} INFO - DAG(s) 'weather_ingestion' retrieved from /opt/airflow/dags/weather_dag.py
[2026-08-13T06:48:39.236+0000] {logging_mixin.py:190} INFO - [2026-08-13T06:48:39.236+0000] {dag.py:3239} INFO - Sync 1 DAGs
[2026-08-13T06:48:39.249+0000] {logging_mixin.py:190} INFO - [2026-08-13T06:48:39.249+0000] {dag.py:4180} INFO - Setting next_dagrun for weather_ingestion to 2026-08-13 06:00:00+00:00, run_after=2026-08-13 07:00:00+00:00
[2026-08-13T06:48:39.257+0000] {processor.py:208} INFO - Processing /opt/airflow/dags/weather_dag.py took 0.068 seconds
[2026-08-13T06:49:09.558+0000] {processor.py:186} INFO - Started process (PID=2547) to work on /opt/airflow/dags/weather_dag.py
[2026-08-13T06:49:09.561+0000] {processor.py:914} INFO - Processing file /opt/airflow/dags/weather_dag.py for tasks to queue
[2026-08-13T06:49:09.564+0000] {logging_mixin.py:190} INFO - [2026-08-13T06:49:09.564+0000] {dagbag.py:588} INFO - Filling up the DagBag from /opt/airflow/dags/weather_dag.py
[2026-08-13T06:49:09.580+0000] {processor.py:925} INFO - DAG(s) 'weather_ingestion' retrieved from /opt/airflow/dags/weather_dag.py
[2026-08-13T06:49:09.604+0000] {logging_mixin.py:190} INFO - [2026-08-13T06:49:09.604+0000] {dag.py:3239} INFO - Sync 1 DAGs
[2026-08-13T06:49:09.618+0000] {logging_mixin.py:190} INFO - [2026-08-13T06:49:09.618+0000] {dag.py:4180} INFO - Setting next_dagrun for weather_ingestion to 2026-08-13 06:00:00+00:00, run_after=2026-08-13 07:00:00+00:00
[2026-08-13T06:49:09.627+0000] {processor.py:208} INFO - Processing /opt/airflow/dags/weather_dag.py took 0.078 seconds
[2026-08-13T06:49:39.900+0000] {processor.py:186} INFO - Started process (PID=2552) to work on /opt/airflow/dags/weather_dag.py
[2026-08-13T06:49:39.901+0000] {processor.py:914} INFO - Processing file /opt/airflow/dags/weather_dag.py for tasks to queue
[2026-08-13T06:49:39.903+0000] {logging_mixin.py:190} INFO - [2026-08-13T06:49:39.903+0000] {dagbag.py:588} INFO - Filling up the DagBag from /opt/airflow/dags/weather_dag.py
[2026-08-13T06:49:39.913+0000] {processor.py:925} INFO - DAG(s) 'weather_ingestion' retrieved from /opt/airflow/dags/weather_dag.py
[2026-08-13T06:49:39.929+0000] {logging_mixin.py:190} INFO - [2026-08-13T06:49:39.929+0000] {dag.py:3239} INFO - Sync 1 DAGs
[2026-08-13T06:49:39.940+0000] {logging_mixin.py:190} INFO - [2026-08-13T06:49:39.940+0000] {dag.py:4180} INFO - Setting next_dagrun for weather_ingestion to 2026-08-13 06:00:00+00:00, run_after=2026-08-13 07:00:00+00:00
[2026-08-13T06:49:39.947+0000] {processor.py:208} INFO - Processing /opt/airflow/dags/weather_dag.py took 0.057 seconds
[2026-08-13T06:50:10.205+0000] {processor.py:186} INFO - Started process (PID=2557) to work on /opt/airflow/dags/weather_dag.py
[2026-08-13T06:50:10.206+0000] {processor.py:914} INFO - Processing file /opt/airflow/dags/weather_dag.py for tasks to queue
[2026-08-13T06:50:10.208+0000] {logging_mixin.py:190} INFO - [2026-08-13T06:50:10.208+0000] {dagbag.py:588} INFO - Filling up the DagBag from /opt/airflow/dags/weather_dag.py
[2026-08-13T06:50:10.218+0000] {processor.py:925} INFO - DAG(s) 'weather_ingestion' retrieved from /opt/airflow/dags/weather_dag.py
[2026-08-13T06:50:10.237+0000] {logging_mixin.py:190} INFO - [2026-08-13T06:50:10.237+0000] {dag.py:3239} INFO - Sync 1 DAGs
[2026-08-13T06:50:10.251+0000] {logging_mixin.py:190} INFO - [2026-08-13T06:50:10.251+0000] {dag.py:4180} INFO - Setting next_dagrun for weather_ingestion to 2026-08-13 06:00:00+00:00, run_after=2026-08-13 07:00:00+00:00
[2026-08-13T06:50:10.258+0000] {processor.py:208} INFO - Processing /opt/airflow/dags/weather_dag.py took 0.059 seconds
[2026-08-13T06:50:40.582+0000] {processor.py:186} INFO - Started process (PID=2562) to work on /opt/airflow/dags/weather_dag.py
[2026-08-13T06:50:40.585+0000] {processor.py:914} INFO - Processing file /opt/airflow/dags/weather_dag.py for tasks to queue
[2026-08-13T06:50:40.588+0000] {logging_mixin.py:190} INFO - [2026-08-13T06:50:40.587+0000] {dagbag.py:588} INFO - Filling up the DagBag from /opt/airflow/dags/weather_dag.py
[2026-08-13T06:50:40.599+0000] {processor.py:925} INFO - DAG(s) 'weather_ingestion' retrieved from /opt/airflow/dags/weather_dag.py
[2026-08-13T06:50:40.619+0000] {logging_mixin.py:190} INFO - [2026-08-13T06:50:40.619+0000] {dag.py:3239} INFO - Sync 1 DAGs
[2026-08-13T06:50:40.633+0000] {logging_mixin.py:190} INFO - [2026-08-13T06:50:40.633+0000] {dag.py:4180} INFO - Setting next_dagrun for weather_ingestion to 2026-08-13 06:00:00+00:00, run_after=2026-08-13 07:00:00+00:00
[2026-08-13T06:50:40.642+0000] {processor.py:208} INFO - Processing /opt/airflow/dags/weather_dag.py took 0.070 seconds
[2026-08-13T06:51:10.936+0000] {processor.py:186} INFO - Started process (PID=2567) to work on /opt/airflow/dags/weather_dag.py
[2026-08-13T06:51:10.938+0000] {processor.py:914} INFO - Processing file /opt/airflow/dags/weather_dag.py for tasks to queue
[2026-08-13T06:51:10.942+0000] {logging_mixin.py:190} INFO - [2026-08-13T06:51:10.941+0000] {dagbag.py:588} INFO - Filling up the DagBag from /opt/airflow/dags/weather_dag.py
[2026-08-13T06:51:10.953+0000] {processor.py:925} INFO - DAG(s) 'weather_ingestion' retrieved from /opt/airflow/dags/weather_dag.py
[2026-08-13T06:51:10.972+0000] {logging_mixin.py:190} INFO - [2026-08-13T06:51:10.972+0000] {dag.py:3239} INFO - Sync 1 DAGs
[2026-08-13T06:51:10.983+0000] {logging_mixin.py:190} INFO - [2026-08-13T06:51:10.983+0000] {dag.py:4180} INFO - Setting next_dagrun for weather_ingestion to 2026-08-13 06:00:00+00:00, run_after=2026-08-13 07:00:00+00:00
[2026-08-13T06:51:10.990+0000] {processor.py:208} INFO - Processing /opt/airflow/dags/weather_dag.py took 0.062 seconds
[2026-08-13T06:51:41.309+0000] {processor.py:186} INFO - Started process (PID=2572) to work on /opt/airflow/dags/weather_dag.py
[2026-08-13T06:51:41.312+0000] {processor.py:914} INFO - Processing file /opt/airflow/dags/weather_dag.py for tasks to queue
[2026-08-13T06:51:41.314+0000] {logging_mixin.py:190} INFO - [2026-08-13T06:51:41.313+0000] {dagbag.py:588} INFO - Filling up the DagBag from /opt/airflow/dags/weather_dag.py
[2026-08-13T06:51:41.329+0000] {processor.py:925} INFO - DAG(s) 'weather_ingestion' retrieved from /opt/airflow/dags/weather_dag.py
[2026-08-13T06:51:41.352+0000] {logging_mixin.py:190} INFO - [2026-08-13T06:51:41.352+0000] {dag.py:3239} INFO - Sync 1 DAGs
[2026-08-13T06:51:41.365+0000] {logging_mixin.py:190} INFO - [2026-08-13T06:51:41.365+0000] {dag.py:4180} INFO - Setting next_dagrun for weather_ingestion to 2026-08-13 06:00:00+00:00, run_after=2026-08-13 07:00:00+00:00
[2026-08-13T06:51:41.373+0000] {processor.py:208} INFO - Processing /opt/airflow/dags/weather_dag.py took 0.074 seconds
[2026-08-13T06:52:11.721+0000] {processor.py:186} INFO - Started process (PID=2577) to work on /opt/airflow/dags/weather_dag.py
[2026-08-13T06:52:11.723+0000] {processor.py:914} INFO - Processing file /opt/airflow/dags/weather_dag.py for tasks to queue
[2026-08-13T06:52:11.725+0000] {logging_mixin.py:190} INFO - [2026-08-13T06:52:11.725+0000] {dagbag.py:588} INFO - Filling up the DagBag from /opt/airflow/dags/weather_dag.py
[2026-08-13T06:52:11.736+0000] {processor.py:925} INFO - DAG(s) 'weather_ingestion' retrieved from /opt/airflow/dags/weather_dag.py
[2026-08-13T06:52:11.766+0000] {logging_mixin.py:190} INFO - [2026-08-13T06:52:11.766+0000] {dag.py:3239} INFO - Sync 1 DAGs
[2026-08-13T06:52:11.781+0000] {logging_mixin.py:190} INFO - [2026-08-13T06:52:11.781+0000] {dag.py:4180} INFO - Setting next_dagrun for weather_ingestion to 2026-08-13 06:00:00+00:00, run_after=2026-08-13 07:00:00+00:00
[2026-08-13T06:52:11.789+0000] {processor.py:208} INFO - Processing /opt/airflow/dags/weather_dag.py took 0.075 seconds
[2026-08-13T06:52:42.105+0000] {processor.py:186} INFO - Started process (PID=2582) to work on /opt/airflow/dags/weather_dag.py
[2026-08-13T06:52:42.107+0000] {processor.py:914} INFO - Processing file /opt/airflow/dags/weather_dag.py for tasks to queue
[2026-08-13T06:52:42.109+0000] {logging_mixin.py:190} INFO - [2026-08-13T06:52:42.109+0000] {dagbag.py:588} INFO - Filling up the DagBag from /opt/airflow/dags/weather_dag.py
[2026-08-13T06:52:42.121+0000] {processor.py:925} INFO - DAG(s) 'weather_ingestion' retrieved from /opt/airflow/dags/weather_dag.py
[2026-08-13T06:52:42.141+0000] {logging_mixin.py:190} INFO - [2026-08-13T06:52:42.141+0000] {dag.py:3239} INFO - Sync 1 DAGs
[2026-08-13T06:52:42.154+0000] {logging_mixin.py:190} INFO - [2026-08-13T06:52:42.154+0000] {dag.py:4180} INFO - Setting next_dagrun for weather_ingestion to 2026-08-13 06:00:00+00:00, run_after=2026-08-13 07:00:00+00:00
[2026-08-13T06:52:42.161+0000] {processor.py:208} INFO - Processing /opt/airflow/dags/weather_dag.py took 0.064 seconds
[2026-08-13T06:53:12.458+0000] {processor.py:186} INFO - Started process (PID=2587) to work on /opt/airflow/dags/weather_dag.py
[2026-08-13T06:53:12.459+0000] {processor.py:914} INFO - Processing file /opt/airflow/dags/weather_dag.py for tasks to queue
[2026-08-13T06:53:12.462+0000] {logging_mixin.py:190} INFO - [2026-08-13T06:53:12.461+0000] {dagbag.py:588} INFO - Filling up the DagBag from /opt/airflow/dags/weather_dag.py
[2026-08-13T06:53:12.473+0000] {processor.py:925} INFO - DAG(s) 'weather_ingestion' retrieved from /opt/airflow/dags/weather_dag.py
[2026-08-13T06:53:12.493+0000] {logging_mixin.py:190} INFO - [2026-08-13T06:53:12.493+0000] {dag.py:3239} INFO - Sync 1 DAGs
[2026-08-13T06:53:12.505+0000] {logging_mixin.py:190} INFO - [2026-08-13T06:53:12.505+0000] {dag.py:4180} INFO - Setting next_dagrun for weather_ingestion to 2026-08-13 06:00:00+00:00, run_after=2026-08-13 07:00:00+00:00
[2026-08-13T06:53:12.512+0000] {processor.py:208} INFO - Processing /opt/airflow/dags/weather_dag.py took 0.062 seconds
[2026-08-13T06:53:42.841+0000] {processor.py:186} INFO - Started process (PID=2592) to work on /opt/airflow/dags/weather_dag.py
[2026-08-13T06:53:42.843+0000] {processor.py:914} INFO - Processing file /opt/airflow/dags/weather_dag.py for tasks to queue
[2026-08-13T06:53:42.847+0000] {logging_mixin.py:190} INFO - [2026-08-13T06:53:42.846+0000] {dagbag.py:588} INFO - Filling up the DagBag from /opt/airflow/dags/weather_dag.py
[2026-08-13T06:53:42.863+0000] {processor.py:925} INFO - DAG(s) 'weather_ingestion' retrieved from /opt/airflow/dags/weather_dag.py
[2026-08-13T06:53:42.891+0000] {logging_mixin.py:190} INFO - [2026-08-13T06:53:42.891+0000] {dag.py:3239} INFO - Sync 1 DAGs
[2026-08-13T06:53:42.909+0000] {logging_mixin.py:190} INFO - [2026-08-13T06:53:42.909+0000] {dag.py:4180} INFO - Setting next_dagrun for weather_ingestion to 2026-08-13 06:00:00+00:00, run_after=2026-08-13 07:00:00+00:00
[2026-08-13T06:53:42.919+0000] {processor.py:208} INFO - Processing /opt/airflow/dags/weather_dag.py took 0.088 seconds
[2026-08-13T06:54:13.261+0000] {processor.py:186} INFO - Started process (PID=2597) to work on /opt/airflow/dags/weather_dag.py
[2026-08-13T06:54:13.263+0000] {processor.py:914} INFO - Processing file /opt/airflow/dags/weather_dag.py for tasks to queue
[2026-08-13T06:54:13.265+0000] {logging_mixin.py:190} INFO - [2026-08-13T06:54:13.264+0000] {dagbag.py:588} INFO - Filling up the DagBag from /opt/airflow/dags/weather_dag.py
[2026-08-13T06:54:13.273+0000] {processor.py:925} INFO - DAG(s) 'weather_ingestion' retrieved from /opt/airflow/dags/weather_dag.py
[2026-08-13T06:54:13.290+0000] {logging_mixin.py:190} INFO - [2026-08-13T06:54:13.289+0000] {dag.py:3239} INFO - Sync 1 DAGs
[2026-08-13T06:54:13.302+0000] {logging_mixin.py:190} INFO - [2026-08-13T06:54:13.302+0000] {dag.py:4180} INFO - Setting next_dagrun for weather_ingestion to 2026-08-13 06:00:00+00:00, run_after=2026-08-13 07:00:00+00:00
[2026-08-13T06:54:13.310+0000] {processor.py:208} INFO - Processing /opt/airflow/dags/weather_dag.py took 0.055 seconds
[2026-08-13T06:54:43.596+0000] {processor.py:186} INFO - Started process (PID=2602) to work on /opt/airflow/dags/weather_dag.py
[2026-08-13T06:54:43.597+0000] {processor.py:914} INFO - Processing file /opt/airflow/dags/weather_dag.py for tasks to queue
[2026-08-13T06:54:43.599+0000] {logging_mixin.py:190} INFO - [2026-08-13T06:54:43.599+0000] {dagbag.py:588} INFO - Filling up the DagBag from /opt/airflow/dags/weather_dag.py
[2026-08-13T06:54:43.608+0000] {processor.py:925} INFO - DAG(s) 'weather_ingestion' retrieved from /opt/airflow/dags/weather_dag.py
[2026-08-13T06:54:43.627+0000] {logging_mixin.py:190} INFO - [2026-08-13T06:54:43.626+0000] {dag.py:3239} INFO - Sync 1 DAGs
[2026-08-13T06:54:43.640+0000] {logging_mixin.py:190} INFO - [2026-08-13T06:54:43.639+0000] {dag.py:4180} INFO - Setting next_dagrun for weather_ingestion to 2026-08-13 06:00:00+00:00, run_after=2026-08-13 07:00:00+00:00
[2026-08-13T06:54:43.648+0000] {processor.py:208} INFO - Processing /opt/airflow/dags/weather_dag.py took 0.059 seconds
[2026-08-13T06:55:13.923+0000] {processor.py:186} INFO - Started process (PID=2607) to work on /opt/airflow/dags/weather_dag.py
[2026-08-13T06:55:13.925+0000] {processor.py:914} INFO - Processing file /opt/airflow/dags/weather_dag.py for tasks to queue
[2026-08-13T06:55:13.929+0000] {logging_mixin.py:190} INFO - [2026-08-13T06:55:13.929+0000] {dagbag.py:588} INFO - Filling up the DagBag from /opt/airflow/dags/weather_dag.py
[2026-08-13T06:55:13.945+0000] {processor.py:925} INFO - DAG(s) 'weather_ingestion' retrieved from /opt/airflow/dags/weather_dag.py
[2026-08-13T06:55:13.963+0000] {logging_mixin.py:190} INFO - [2026-08-13T06:55:13.963+0000] {dag.py:3239} INFO - Sync 1 DAGs
[2026-08-13T06:55:13.977+0000] {logging_mixin.py:190} INFO - [2026-08-13T06:55:13.977+0000] {dag.py:4180} INFO - Setting next_dagrun for weather_ingestion to 2026-08-13 06:00:00+00:00, run_after=2026-08-13 07:00:00+00:00
[2026-08-13T06:55:13.985+0000] {processor.py:208} INFO - Processing /opt/airflow/dags/weather_dag.py took 0.085 seconds
[2026-08-13T06:55:44.216+0000] {processor.py:186} INFO - Started process (PID=2612) to work on /opt/airflow/dags/weather_dag.py
[2026-08-13T06:55:44.218+0000] {processor.py:914} INFO - Processing file /opt/airflow/dags/weather_dag.py for tasks to queue
[2026-08-13T06:55:44.222+0000] {logging_mixin.py:190} INFO - [2026-08-13T06:55:44.222+0000] {dagbag.py:588} INFO - Filling up the DagBag from /opt/airflow/dags/weather_dag.py
[2026-08-13T06:55:44.240+0000] {processor.py:925} INFO - DAG(s) 'weather_ingestion' retrieved from /opt/airflow/dags/weather_dag.py
[2026-08-13T06:55:44.264+0000] {logging_mixin.py:190} INFO - [2026-08-13T06:55:44.264+0000] {dag.py:3239} INFO - Sync 1 DAGs
[2026-08-13T06:55:44.280+0000] {logging_mixin.py:190} INFO - [2026-08-13T06:55:44.280+0000] {dag.py:4180} INFO - Setting next_dagrun for weather_ingestion to 2026-08-13 06:00:00+00:00, run_after=2026-08-13 07:00:00+00:00
[2026-08-13T06:55:44.289+0000] {processor.py:208} INFO - Processing /opt/airflow/dags/weather_dag.py took 0.084 seconds
[2026-08-13T06:56:14.595+0000] {processor.py:186} INFO - Started process (PID=2617) to work on /opt/airflow/dags/weather_dag.py
[2026-08-13T06:56:14.598+0000] {processor.py:914} INFO - Processing file /opt/airflow/dags/weather_dag.py for tasks to queue
[2026-08-13T06:56:14.602+0000] {logging_mixin.py:190} INFO - [2026-08-13T06:56:14.602+0000] {dagbag.py:588} INFO - Filling up the DagBag from /opt/airflow/dags/weather_dag.py
[2026-08-13T06:56:14.616+0000] {processor.py:925} INFO - DAG(s) 'weather_ingestion' retrieved from /opt/airflow/dags/weather_dag.py
[2026-08-13T06:56:14.638+0000] {logging_mixin.py:190} INFO - [2026-08-13T06:56:14.638+0000] {dag.py:3239} INFO - Sync 1 DAGs
[2026-08-13T06:56:14.652+0000] {logging_mixin.py:190} INFO - [2026-08-13T06:56:14.652+0000] {dag.py:4180} INFO - Setting next_dagrun for weather_ingestion to 2026-08-13 06:00:00+00:00, run_after=2026-08-13 07:00:00+00:00
[2026-08-13T06:56:14.659+0000] {processor.py:208} INFO - Processing /opt/airflow/dags/weather_dag.py took 0.071 seconds
[2026-08-13T06:56:44.981+0000] {processor.py:186} INFO - Started process (PID=2622) to work on /opt/airflow/dags/weather_dag.py
[2026-08-13T06:56:44.984+0000] {processor.py:914} INFO - Processing file /opt/airflow/dags/weather_dag.py for tasks to queue
[2026-08-13T06:56:44.988+0000] {logging_mixin.py:190} INFO - [2026-08-13T06:56:44.987+0000] {dagbag.py:588} INFO - Filling up the DagBag from /opt/airflow/dags/weather_dag.py
[2026-08-13T06:56:45.005+0000] {processor.py:925} INFO - DAG(s) 'weather_ingestion' retrieved from /opt/airflow/dags/weather_dag.py
[2026-08-13T06:56:45.028+0000] {logging_mixin.py:190} INFO - [2026-08-13T06:56:45.028+0000] {dag.py:3239} INFO - Sync 1 DAGs
[2026-08-13T06:56:45.042+0000] {logging_mixin.py:190} INFO - [2026-08-13T06:56:45.042+0000] {dag.py:4180} INFO - Setting next_dagrun for weather_ingestion to 2026-08-13 06:00:00+00:00, run_after=2026-08-13 07:00:00+00:00
[2026-08-13T06:56:45.051+0000] {processor.py:208} INFO - Processing /opt/airflow/dags/weather_dag.py took 0.083 seconds
[2026-08-13T06:57:15.338+0000] {processor.py:186} INFO - Started process (PID=2627) to work on /opt/airflow/dags/weather_dag.py
[2026-08-13T06:57:15.340+0000] {processor.py:914} INFO - Processing file /opt/airflow/dags/weather_dag.py for tasks to queue
[2026-08-13T06:57:15.342+0000] {logging_mixin.py:190} INFO - [2026-08-13T06:57:15.342+0000] {dagbag.py:588} INFO - Filling up the DagBag from /opt/airflow/dags/weather_dag.py
[2026-08-13T06:57:15.353+0000] {processor.py:925} INFO - DAG(s) 'weather_ingestion' retrieved from /opt/airflow/dags/weather_dag.py
[2026-08-13T06:57:15.373+0000] {logging_mixin.py:190} INFO - [2026-08-13T06:57:15.373+0000] {dag.py:3239} INFO - Sync 1 DAGs
[2026-08-13T06:57:15.387+0000] {logging_mixin.py:190} INFO - [2026-08-13T06:57:15.387+0000] {dag.py:4180} INFO - Setting next_dagrun for weather_ingestion to 2026-08-13 06:00:00+00:00, run_after=2026-08-13 07:00:00+00:00
[2026-08-13T06:57:15.394+0000] {processor.py:208} INFO - Processing /opt/airflow/dags/weather_dag.py took 0.062 seconds
[2026-08-13T06:57:45.778+0000] {processor.py:186} INFO - Started process (PID=2632) to work on /opt/airflow/dags/weather_dag.py
[2026-08-13T06:57:45.779+0000] {processor.py:914} INFO - Processing file /opt/airflow/dags/weather_dag.py for tasks to queue
[2026-08-13T06:57:45.783+0000] {logging_mixin.py:190} INFO - [2026-08-13T06:57:45.783+0000] {dagbag.py:588} INFO - Filling up the DagBag from /opt/airflow/dags/weather_dag.py
[2026-08-13T06:57:45.813+0000] {processor.py:925} INFO - DAG(s) 'weather_ingestion' retrieved from /opt/airflow/dags/weather_dag.py
[2026-08-13T06:57:45.870+0000] {logging_mixin.py:190} INFO - [2026-08-13T06:57:45.870+0000] {dag.py:3239} INFO - Sync 1 DAGs
[2026-08-13T06:57:45.895+0000] {logging_mixin.py:190} INFO - [2026-08-13T06:57:45.895+0000] {dag.py:4180} INFO - Setting next_dagrun for weather_ingestion to 2026-08-13 06:00:00+00:00, run_after=2026-08-13 07:00:00+00:00
[2026-08-13T06:57:45.910+0000] {processor.py:208} INFO - Processing /opt/airflow/dags/weather_dag.py took 0.143 seconds
[2026-08-13T06:58:16.089+0000] {processor.py:186} INFO - Started process (PID=2637) to work on /opt/airflow/dags/weather_dag.py
[2026-08-13T06:58:16.092+0000] {processor.py:914} INFO - Processing file /opt/airflow/dags/weather_dag.py for tasks to queue
[2026-08-13T06:58:16.100+0000] {logging_mixin.py:190} INFO - [2026-08-13T06:58:16.100+0000] {dagbag.py:588} INFO - Filling up the DagBag from /opt/airflow/dags/weather_dag.py
[2026-08-13T06:58:16.120+0000] {processor.py:925} INFO - DAG(s) 'weather_ingestion' retrieved from /opt/airflow/dags/weather_dag.py
[2026-08-13T06:58:16.174+0000] {logging_mixin.py:190} INFO - [2026-08-13T06:58:16.174+0000] {dag.py:3239} INFO - Sync 1 DAGs
[2026-08-13T06:58:16.199+0000] {logging_mixin.py:190} INFO - [2026-08-13T06:58:16.199+0000] {dag.py:4180} INFO - Setting next_dagrun for weather_ingestion to 2026-08-13 06:00:00+00:00, run_after=2026-08-13 07:00:00+00:00
[2026-08-13T06:58:16.212+0000] {processor.py:208} INFO - Processing /opt/airflow/dags/weather_dag.py took 0.132 seconds
[2026-08-13T06:58:46.478+0000] {processor.py:186} INFO - Started process (PID=2642) to work on /opt/airflow/dags/weather_dag.py
[2026-08-13T06:58:46.479+0000] {processor.py:914} INFO - Processing file /opt/airflow/dags/weather_dag.py for tasks to queue
[2026-08-13T06:58:46.483+0000] {logging_mixin.py:190} INFO - [2026-08-13T06:58:46.483+0000] {dagbag.py:588} INFO - Filling up the DagBag from /opt/airflow/dags/weather_dag.py
[2026-08-13T06:58:46.511+0000] {processor.py:925} INFO - DAG(s) 'weather_ingestion' retrieved from /opt/airflow/dags/weather_dag.py
[2026-08-13T06:58:46.542+0000] {logging_mixin.py:190} INFO - [2026-08-13T06:58:46.542+0000] {dag.py:3239} INFO - Sync 1 DAGs
[2026-08-13T06:58:46.591+0000] {logging_mixin.py:190} INFO - [2026-08-13T06:58:46.590+0000] {dag.py:4180} INFO - Setting next_dagrun for weather_ingestion to 2026-08-13 06:00:00+00:00, run_after=2026-08-13 07:00:00+00:00
[2026-08-13T06:58:46.602+0000] {processor.py:208} INFO - Processing /opt/airflow/dags/weather_dag.py took 0.129 seconds
[2026-08-13T06:59:16.859+0000] {processor.py:186} INFO - Started process (PID=2647) to work on /opt/airflow/dags/weather_dag.py
[2026-08-13T06:59:16.859+0000] {processor.py:914} INFO - Processing file /opt/airflow/dags/weather_dag.py for tasks to queue
[2026-08-13T06:59:16.865+0000] {logging_mixin.py:190} INFO - [2026-08-13T06:59:16.864+0000] {dagbag.py:588} INFO - Filling up the DagBag from /opt/airflow/dags/weather_dag.py
[2026-08-13T06:59:16.884+0000] {processor.py:925} INFO - DAG(s) 'weather_ingestion' retrieved from /opt/airflow/dags/weather_dag.py
[2026-08-13T06:59:16.920+0000] {logging_mixin.py:190} INFO - [2026-08-13T06:59:16.919+0000] {dag.py:3239} INFO - Sync 1 DAGs
[2026-08-13T06:59:16.961+0000] {logging_mixin.py:190} INFO - [2026-08-13T06:59:16.961+0000] {dag.py:4180} INFO - Setting next_dagrun for weather_ingestion to 2026-08-13 06:00:00+00:00, run_after=2026-08-13 07:00:00+00:00
[2026-08-13T06:59:16.972+0000] {processor.py:208} INFO - Processing /opt/airflow/dags/weather_dag.py took 0.121 seconds
[2026-08-13T06:59:47.455+0000] {processor.py:186} INFO - Started process (PID=2652) to work on /opt/airflow/dags/weather_dag.py
[2026-08-13T06:59:47.462+0000] {processor.py:914} INFO - Processing file /opt/airflow/dags/weather_dag.py for tasks to queue
[2026-08-13T06:59:47.494+0000] {logging_mixin.py:190} INFO - [2026-08-13T06:59:47.491+0000] {dagbag.py:588} INFO - Filling up the DagBag from /opt/airflow/dags/weather_dag.py
[2026-08-13T06:59:47.580+0000] {processor.py:925} INFO - DAG(s) 'weather_ingestion' retrieved from /opt/airflow/dags/weather_dag.py
[2026-08-13T06:59:47.676+0000] {logging_mixin.py:190} INFO - [2026-08-13T06:59:47.676+0000] {dag.py:3239} INFO - Sync 1 DAGs
[2026-08-13T06:59:47.747+0000] {logging_mixin.py:190} INFO - [2026-08-13T06:59:47.746+0000] {dag.py:4180} INFO - Setting next_dagrun for weather_ingestion to 2026-08-13 06:00:00+00:00, run_after=2026-08-13 07:00:00+00:00
[2026-08-13T06:59:47.810+0000] {processor.py:208} INFO - Processing /opt/airflow/dags/weather_dag.py took 0.379 seconds
[2026-08-13T07:00:18.198+0000] {processor.py:186} INFO - Started process (PID=2662) to work on /opt/airflow/dags/weather_dag.py
[2026-08-13T07:00:18.199+0000] {processor.py:914} INFO - Processing file /opt/airflow/dags/weather_dag.py for tasks to queue
[2026-08-13T07:00:18.201+0000] {logging_mixin.py:190} INFO - [2026-08-13T07:00:18.201+0000] {dagbag.py:588} INFO - Filling up the DagBag from /opt/airflow/dags/weather_dag.py
[2026-08-13T07:00:18.211+0000] {processor.py:925} INFO - DAG(s) 'weather_ingestion' retrieved from /opt/airflow/dags/weather_dag.py
[2026-08-13T07:00:18.232+0000] {logging_mixin.py:190} INFO - [2026-08-13T07:00:18.231+0000] {dag.py:3239} INFO - Sync 1 DAGs
[2026-08-13T07:00:18.245+0000] {logging_mixin.py:190} INFO - [2026-08-13T07:00:18.245+0000] {dag.py:4180} INFO - Setting next_dagrun for weather_ingestion to 2026-08-13 07:00:00+00:00, run_after=2026-08-13 08:00:00+00:00
[2026-08-13T07:00:18.253+0000] {processor.py:208} INFO - Processing /opt/airflow/dags/weather_dag.py took 0.061 seconds
[2026-08-13T07:00:48.594+0000] {processor.py:186} INFO - Started process (PID=2667) to work on /opt/airflow/dags/weather_dag.py
[2026-08-13T07:00:48.595+0000] {processor.py:914} INFO - Processing file /opt/airflow/dags/weather_dag.py for tasks to queue
[2026-08-13T07:00:48.599+0000] {logging_mixin.py:190} INFO - [2026-08-13T07:00:48.598+0000] {dagbag.py:588} INFO - Filling up the DagBag from /opt/airflow/dags/weather_dag.py
[2026-08-13T07:00:48.616+0000] {processor.py:925} INFO - DAG(s) 'weather_ingestion' retrieved from /opt/airflow/dags/weather_dag.py
[2026-08-13T07:00:48.655+0000] {logging_mixin.py:190} INFO - [2026-08-13T07:00:48.655+0000] {dag.py:3239} INFO - Sync 1 DAGs
[2026-08-13T07:00:48.675+0000] {logging_mixin.py:190} INFO - [2026-08-13T07:00:48.675+0000] {dag.py:4180} INFO - Setting next_dagrun for weather_ingestion to 2026-08-13 07:00:00+00:00, run_after=2026-08-13 08:00:00+00:00
[2026-08-13T07:00:48.686+0000] {processor.py:208} INFO - Processing /opt/airflow/dags/weather_dag.py took 0.099 seconds
[2026-08-13T07:01:18.876+0000] {processor.py:186} INFO - Started process (PID=2672) to work on /opt/airflow/dags/weather_dag.py
[2026-08-13T07:01:18.878+0000] {processor.py:914} INFO - Processing file /opt/airflow/dags/weather_dag.py for tasks to queue
[2026-08-13T07:01:18.880+0000] {logging_mixin.py:190} INFO - [2026-08-13T07:01:18.880+0000] {dagbag.py:588} INFO - Filling up the DagBag from /opt/airflow/dags/weather_dag.py
[2026-08-13T07:01:18.891+0000] {processor.py:925} INFO - DAG(s) 'weather_ingestion' retrieved from /opt/airflow/dags/weather_dag.py
[2026-08-13T07:01:18.911+0000] {logging_mixin.py:190} INFO - [2026-08-13T07:01:18.910+0000] {dag.py:3239} INFO - Sync 1 DAGs
[2026-08-13T07:01:18.924+0000] {logging_mixin.py:190} INFO - [2026-08-13T07:01:18.924+0000] {dag.py:4180} INFO - Setting next_dagrun for weather_ingestion to 2026-08-13 07:00:00+00:00, run_after=2026-08-13 08:00:00+00:00
[2026-08-13T07:01:18.932+0000] {processor.py:208} INFO - Processing /opt/airflow/dags/weather_dag.py took 0.062 seconds
[2026-08-13T07:01:49.259+0000] {processor.py:186} INFO - Started process (PID=2677) to work on /opt/airflow/dags/weather_dag.py
[2026-08-13T07:01:49.261+0000] {processor.py:914} INFO - Processing file /opt/airflow/dags/weather_dag.py for tasks to queue
[2026-08-13T07:01:49.266+0000] {logging_mixin.py:190} INFO - [2026-08-13T07:01:49.266+0000] {dagbag.py:588} INFO - Filling up the DagBag from /opt/airflow/dags/weather_dag.py
[2026-08-13T07:01:49.289+0000] {processor.py:925} INFO - DAG(s) 'weather_ingestion' retrieved from /opt/airflow/dags/weather_dag.py
[2026-08-13T07:01:49.371+0000] {logging_mixin.py:190} INFO - [2026-08-13T07:01:49.370+0000] {dag.py:3239} INFO - Sync 1 DAGs
[2026-08-13T07:01:49.390+0000] {logging_mixin.py:190} INFO - [2026-08-13T07:01:49.390+0000] {dag.py:4180} INFO - Setting next_dagrun for weather_ingestion to 2026-08-13 07:00:00+00:00, run_after=2026-08-13 08:00:00+00:00
[2026-08-13T07:01:49.400+0000] {processor.py:208} INFO - Processing /opt/airflow/dags/weather_dag.py took 0.154 seconds
[2026-08-13T07:02:19.512+0000] {processor.py:186} INFO - Started process (PID=2779) to work on /opt/airflow/dags/weather_dag.py
[2026-08-13T07:02:19.514+0000] {processor.py:914} INFO - Processing file /opt/airflow/dags/weather_dag.py for tasks to queue
[2026-08-13T07:02:19.516+0000] {logging_mixin.py:190} INFO - [2026-08-13T07:02:19.516+0000] {dagbag.py:588} INFO - Filling up the DagBag from /opt/airflow/dags/weather_dag.py
[2026-08-13T07:02:19.526+0000] {processor.py:925} INFO - DAG(s) 'weather_ingestion' retrieved from /opt/airflow/dags/weather_dag.py
[2026-08-13T07:02:19.546+0000] {logging_mixin.py:190} INFO - [2026-08-13T07:02:19.546+0000] {dag.py:3239} INFO - Sync 1 DAGs
[2026-08-13T07:02:19.562+0000] {logging_mixin.py:190} INFO - [2026-08-13T07:02:19.562+0000] {dag.py:4180} INFO - Setting next_dagrun for weather_ingestion to 2026-08-13 07:00:00+00:00, run_after=2026-08-13 08:00:00+00:00
[2026-08-13T07:02:19.572+0000] {processor.py:208} INFO - Processing /opt/airflow/dags/weather_dag.py took 0.067 seconds
[2026-08-13T07:02:49.833+0000] {processor.py:186} INFO - Started process (PID=3076) to work on /opt/airflow/dags/weather_dag.py
[2026-08-13T07:02:49.836+0000] {processor.py:914} INFO - Processing file /opt/airflow/dags/weather_dag.py for tasks to queue
[2026-08-13T07:02:49.842+0000] {logging_mixin.py:190} INFO - [2026-08-13T07:02:49.841+0000] {dagbag.py:588} INFO - Filling up the DagBag from /opt/airflow/dags/weather_dag.py
[2026-08-13T07:02:49.873+0000] {processor.py:925} INFO - DAG(s) 'weather_ingestion' retrieved from /opt/airflow/dags/weather_dag.py
[2026-08-13T07:02:49.899+0000] {logging_mixin.py:190} INFO - [2026-08-13T07:02:49.899+0000] {dag.py:3239} INFO - Sync 1 DAGs
[2026-08-13T07:02:49.915+0000] {logging_mixin.py:190} INFO - [2026-08-13T07:02:49.915+0000] {dag.py:4180} INFO - Setting next_dagrun for weather_ingestion to 2026-08-13 07:00:00+00:00, run_after=2026-08-13 08:00:00+00:00
[2026-08-13T07:02:49.923+0000] {processor.py:208} INFO - Processing /opt/airflow/dags/weather_dag.py took 0.106 seconds
[2026-08-13T07:03:20.202+0000] {processor.py:186} INFO - Started process (PID=3081) to work on /opt/airflow/dags/weather_dag.py
[2026-08-13T07:03:20.205+0000] {processor.py:914} INFO - Processing file /opt/airflow/dags/weather_dag.py for tasks to queue
[2026-08-13T07:03:20.209+0000] {logging_mixin.py:190} INFO - [2026-08-13T07:03:20.208+0000] {dagbag.py:588} INFO - Filling up the DagBag from /opt/airflow/dags/weather_dag.py
[2026-08-13T07:03:20.225+0000] {processor.py:925} INFO - DAG(s) 'weather_ingestion' retrieved from /opt/airflow/dags/weather_dag.py
[2026-08-13T07:03:20.248+0000] {logging_mixin.py:190} INFO - [2026-08-13T07:03:20.248+0000] {dag.py:3239} INFO - Sync 1 DAGs
[2026-08-13T07:03:20.262+0000] {logging_mixin.py:190} INFO - [2026-08-13T07:03:20.262+0000] {dag.py:4180} INFO - Setting next_dagrun for weather_ingestion to 2026-08-13 07:00:00+00:00, run_after=2026-08-13 08:00:00+00:00
[2026-08-13T07:03:20.270+0000] {processor.py:208} INFO - Processing /opt/airflow/dags/weather_dag.py took 0.080 seconds
[2026-08-13T07:03:50.631+0000] {processor.py:186} INFO - Started process (PID=3086) to work on /opt/airflow/dags/weather_dag.py
[2026-08-13T07:03:50.634+0000] {processor.py:914} INFO - Processing file /opt/airflow/dags/weather_dag.py for tasks to queue
[2026-08-13T07:03:50.641+0000] {logging_mixin.py:190} INFO - [2026-08-13T07:03:50.640+0000] {dagbag.py:588} INFO - Filling up the DagBag from /opt/airflow/dags/weather_dag.py
[2026-08-13T07:03:50.667+0000] {processor.py:925} INFO - DAG(s) 'weather_ingestion' retrieved from /opt/airflow/dags/weather_dag.py
[2026-08-13T07:03:50.694+0000] {logging_mixin.py:190} INFO - [2026-08-13T07:03:50.694+0000] {dag.py:3239} INFO - Sync 1 DAGs
[2026-08-13T07:03:50.712+0000] {logging_mixin.py:190} INFO - [2026-08-13T07:03:50.712+0000] {dag.py:4180} INFO - Setting next_dagrun for weather_ingestion to 2026-08-13 07:00:00+00:00, run_after=2026-08-13 08:00:00+00:00
[2026-08-13T07:03:50.721+0000] {processor.py:208} INFO - Processing /opt/airflow/dags/weather_dag.py took 0.105 seconds
[2026-08-13T07:04:20.972+0000] {processor.py:186} INFO - Started process (PID=3091) to work on /opt/airflow/dags/weather_dag.py
[2026-08-13T07:04:20.975+0000] {processor.py:914} INFO - Processing file /opt/airflow/dags/weather_dag.py for tasks to queue
[2026-08-13T07:04:20.979+0000] {logging_mixin.py:190} INFO - [2026-08-13T07:04:20.979+0000] {dagbag.py:588} INFO - Filling up the DagBag from /opt/airflow/dags/weather_dag.py
[2026-08-13T07:04:20.990+0000] {processor.py:925} INFO - DAG(s) 'weather_ingestion' retrieved from /opt/airflow/dags/weather_dag.py
[2026-08-13T07:04:21.008+0000] {logging_mixin.py:190} INFO - [2026-08-13T07:04:21.008+0000] {dag.py:3239} INFO - Sync 1 DAGs
[2026-08-13T07:04:21.019+0000] {logging_mixin.py:190} INFO - [2026-08-13T07:04:21.019+0000] {dag.py:4180} INFO - Setting next_dagrun for weather_ingestion to 2026-08-13 07:00:00+00:00, run_after=2026-08-13 08:00:00+00:00
[2026-08-13T07:04:21.026+0000] {processor.py:208} INFO - Processing /opt/airflow/dags/weather_dag.py took 0.061 seconds
[2026-08-13T07:04:51.298+0000] {processor.py:186} INFO - Started process (PID=3096) to work on /opt/airflow/dags/weather_dag.py
[2026-08-13T07:04:51.301+0000] {processor.py:914} INFO - Processing file /opt/airflow/dags/weather_dag.py for tasks to queue
[2026-08-13T07:04:51.304+0000] {logging_mixin.py:190} INFO - [2026-08-13T07:04:51.303+0000] {dagbag.py:588} INFO - Filling up the DagBag from /opt/airflow/dags/weather_dag.py
[2026-08-13T07:04:51.316+0000] {processor.py:925} INFO - DAG(s) 'weather_ingestion' retrieved from /opt/airflow/dags/weather_dag.py
[2026-08-13T07:04:51.334+0000] {logging_mixin.py:190} INFO - [2026-08-13T07:04:51.334+0000] {dag.py:3239} INFO - Sync 1 DAGs
[2026-08-13T07:04:51.347+0000] {logging_mixin.py:190} INFO - [2026-08-13T07:04:51.347+0000] {dag.py:4180} INFO - Setting next_dagrun for weather_ingestion to 2026-08-13 07:00:00+00:00, run_after=2026-08-13 08:00:00+00:00
[2026-08-13T07:04:51.354+0000] {processor.py:208} INFO - Processing /opt/airflow/dags/weather_dag.py took 0.063 seconds
[2026-08-13T07:05:21.677+0000] {processor.py:186} INFO - Started process (PID=3101) to work on /opt/airflow/dags/weather_dag.py
[2026-08-13T07:05:21.678+0000] {processor.py:914} INFO - Processing file /opt/airflow/dags/weather_dag.py for tasks to queue
[2026-08-13T07:05:21.681+0000] {logging_mixin.py:190} INFO - [2026-08-13T07:05:21.681+0000] {dagbag.py:588} INFO - Filling up the DagBag from /opt/airflow/dags/weather_dag.py
[2026-08-13T07:05:21.694+0000] {processor.py:925} INFO - DAG(s) 'weather_ingestion' retrieved from /opt/airflow/dags/weather_dag.py
[2026-08-13T07:05:21.717+0000] {logging_mixin.py:190} INFO - [2026-08-13T07:05:21.717+0000] {dag.py:3239} INFO - Sync 1 DAGs
[2026-08-13T07:05:21.732+0000] {logging_mixin.py:190} INFO - [2026-08-13T07:05:21.731+0000] {dag.py:4180} INFO - Setting next_dagrun for weather_ingestion to 2026-08-13 07:00:00+00:00, run_after=2026-08-13 08:00:00+00:00
[2026-08-13T07:05:21.740+0000] {processor.py:208} INFO - Processing /opt/airflow/dags/weather_dag.py took 0.070 seconds
[2026-08-13T07:05:52.070+0000] {processor.py:186} INFO - Started process (PID=3106) to work on /opt/airflow/dags/weather_dag.py
[2026-08-13T07:05:52.073+0000] {processor.py:914} INFO - Processing file /opt/airflow/dags/weather_dag.py for tasks to queue
[2026-08-13T07:05:52.075+0000] {logging_mixin.py:190} INFO - [2026-08-13T07:05:52.075+0000] {dagbag.py:588} INFO - Filling up the DagBag from /opt/airflow/dags/weather_dag.py
[2026-08-13T07:05:52.088+0000] {processor.py:925} INFO - DAG(s) 'weather_ingestion' retrieved from /opt/airflow/dags/weather_dag.py
[2026-08-13T07:05:52.107+0000] {logging_mixin.py:190} INFO - [2026-08-13T07:05:52.107+0000] {dag.py:3239} INFO - Sync 1 DAGs
[2026-08-13T07:05:52.125+0000] {logging_mixin.py:190} INFO - [2026-08-13T07:05:52.125+0000] {dag.py:4180} INFO - Setting next_dagrun for weather_ingestion to 2026-08-13 07:00:00+00:00, run_after=2026-08-13 08:00:00+00:00
[2026-08-13T07:05:52.134+0000] {processor.py:208} INFO - Processing /opt/airflow/dags/weather_dag.py took 0.072 seconds
[2026-08-13T07:06:22.388+0000] {processor.py:186} INFO - Started process (PID=3111) to work on /opt/airflow/dags/weather_dag.py
[2026-08-13T07:06:22.389+0000] {processor.py:914} INFO - Processing file /opt/airflow/dags/weather_dag.py for tasks to queue
[2026-08-13T07:06:22.391+0000] {logging_mixin.py:190} INFO - [2026-08-13T07:06:22.391+0000] {dagbag.py:588} INFO - Filling up the DagBag from /opt/airflow/dags/weather_dag.py
[2026-08-13T07:06:22.407+0000] {processor.py:925} INFO - DAG(s) 'weather_ingestion' retrieved from /opt/airflow/dags/weather_dag.py
[2026-08-13T07:06:22.444+0000] {logging_mixin.py:190} INFO - [2026-08-13T07:06:22.444+0000] {dag.py:3239} INFO - Sync 1 DAGs
[2026-08-13T07:06:22.462+0000] {logging_mixin.py:190} INFO - [2026-08-13T07:06:22.462+0000] {dag.py:4180} INFO - Setting next_dagrun for weather_ingestion to 2026-08-13 07:00:00+00:00, run_after=2026-08-13 08:00:00+00:00
[2026-08-13T07:06:22.475+0000] {processor.py:208} INFO - Processing /opt/airflow/dags/weather_dag.py took 0.091 seconds
[2026-08-13T07:06:52.682+0000] {processor.py:186} INFO - Started process (PID=3116) to work on /opt/airflow/dags/weather_dag.py
[2026-08-13T07:06:52.684+0000] {processor.py:914} INFO - Processing file /opt/airflow/dags/weather_dag.py for tasks to queue
[2026-08-13T07:06:52.687+0000] {logging_mixin.py:190} INFO - [2026-08-13T07:06:52.686+0000] {dagbag.py:588} INFO - Filling up the DagBag from /opt/airflow/dags/weather_dag.py
[2026-08-13T07:06:52.698+0000] {processor.py:925} INFO - DAG(s) 'weather_ingestion' retrieved from /opt/airflow/dags/weather_dag.py
[2026-08-13T07:06:52.717+0000] {logging_mixin.py:190} INFO - [2026-08-13T07:06:52.717+0000] {dag.py:3239} INFO - Sync 1 DAGs
[2026-08-13T07:06:52.729+0000] {logging_mixin.py:190} INFO - [2026-08-13T07:06:52.729+0000] {dag.py:4180} INFO - Setting next_dagrun for weather_ingestion to 2026-08-13 07:00:00+00:00, run_after=2026-08-13 08:00:00+00:00
[2026-08-13T07:06:52.737+0000] {processor.py:208} INFO - Processing /opt/airflow/dags/weather_dag.py took 0.063 seconds
[2026-08-13T07:07:23.023+0000] {processor.py:186} INFO - Started process (PID=3121) to work on /opt/airflow/dags/weather_dag.py
[2026-08-13T07:07:23.025+0000] {processor.py:914} INFO - Processing file /opt/airflow/dags/weather_dag.py for tasks to queue
[2026-08-13T07:07:23.030+0000] {logging_mixin.py:190} INFO - [2026-08-13T07:07:23.029+0000] {dagbag.py:588} INFO - Filling up the DagBag from /opt/airflow/dags/weather_dag.py
[2026-08-13T07:07:23.045+0000] {processor.py:925} INFO - DAG(s) 'weather_ingestion' retrieved from /opt/airflow/dags/weather_dag.py
[2026-08-13T07:07:23.072+0000] {logging_mixin.py:190} INFO - [2026-08-13T07:07:23.072+0000] {dag.py:3239} INFO - Sync 1 DAGs
[2026-08-13T07:07:23.089+0000] {logging_mixin.py:190} INFO - [2026-08-13T07:07:23.089+0000] {dag.py:4180} INFO - Setting next_dagrun for weather_ingestion to 2026-08-13 07:00:00+00:00, run_after=2026-08-13 08:00:00+00:00
[2026-08-13T07:07:23.098+0000] {processor.py:208} INFO - Processing /opt/airflow/dags/weather_dag.py took 0.085 seconds
[2026-08-13T07:07:53.383+0000] {processor.py:186} INFO - Started process (PID=3126) to work on /opt/airflow/dags/weather_dag.py
[2026-08-13T07:07:53.385+0000] {processor.py:914} INFO - Processing file /opt/airflow/dags/weather_dag.py for tasks to queue
[2026-08-13T07:07:53.387+0000] {logging_mixin.py:190} INFO - [2026-08-13T07:07:53.387+0000] {dagbag.py:588} INFO - Filling up the DagBag from /opt/airflow/dags/weather_dag.py
[2026-08-13T07:07:53.400+0000] {processor.py:925} INFO - DAG(s) 'weather_ingestion' retrieved from /opt/airflow/dags/weather_dag.py
[2026-08-13T07:07:53.419+0000] {logging_mixin.py:190} INFO - [2026-08-13T07:07:53.419+0000] {dag.py:3239} INFO - Sync 1 DAGs
[2026-08-13T07:07:53.432+0000] {logging_mixin.py:190} INFO - [2026-08-13T07:07:53.432+0000] {dag.py:4180} INFO - Setting next_dagrun for weather_ingestion to 2026-08-13 07:00:00+00:00, run_after=2026-08-13 08:00:00+00:00
[2026-08-13T07:07:53.439+0000] {processor.py:208} INFO - Processing /opt/airflow/dags/weather_dag.py took 0.063 seconds
[2026-08-13T07:08:23.756+0000] {processor.py:186} INFO - Started process (PID=3131) to work on /opt/airflow/dags/weather_dag.py
[2026-08-13T07:08:23.758+0000] {processor.py:914} INFO - Processing file /opt/airflow/dags/weather_dag.py for tasks to queue
[2026-08-13T07:08:23.761+0000] {logging_mixin.py:190} INFO - [2026-08-13T07:08:23.761+0000] {dagbag.py:588} INFO - Filling up the DagBag from /opt/airflow/dags/weather_dag.py
[2026-08-13T07:08:23.774+0000] {processor.py:925} INFO - DAG(s) 'weather_ingestion' retrieved from /opt/airflow/dags/weather_dag.py
[2026-08-13T07:08:23.799+0000] {logging_mixin.py:190} INFO - [2026-08-13T07:08:23.799+0000] {dag.py:3239} INFO - Sync 1 DAGs
[2026-08-13T07:08:23.813+0000] {logging_mixin.py:190} INFO - [2026-08-13T07:08:23.813+0000] {dag.py:4180} INFO - Setting next_dagrun for weather_ingestion to 2026-08-13 07:00:00+00:00, run_after=2026-08-13 08:00:00+00:00
[2026-08-13T07:08:23.821+0000] {processor.py:208} INFO - Processing /opt/airflow/dags/weather_dag.py took 0.073 seconds
[2026-08-13T07:08:54.134+0000] {processor.py:186} INFO - Started process (PID=3136) to work on /opt/airflow/dags/weather_dag.py
[2026-08-13T07:08:54.136+0000] {processor.py:914} INFO - Processing file /opt/airflow/dags/weather_dag.py for tasks to queue
[2026-08-13T07:08:54.139+0000] {logging_mixin.py:190} INFO - [2026-08-13T07:08:54.139+0000] {dagbag.py:588} INFO - Filling up the DagBag from /opt/airflow/dags/weather_dag.py
[2026-08-13T07:08:54.151+0000] {processor.py:925} INFO - DAG(s) 'weather_ingestion' retrieved from /opt/airflow/dags/weather_dag.py
[2026-08-13T07:08:54.170+0000] {logging_mixin.py:190} INFO - [2026-08-13T07:08:54.170+0000] {dag.py:3239} INFO - Sync 1 DAGs
[2026-08-13T07:08:54.182+0000] {logging_mixin.py:190} INFO - [2026-08-13T07:08:54.182+0000] {dag.py:4180} INFO - Setting next_dagrun for weather_ingestion to 2026-08-13 07:00:00+00:00, run_after=2026-08-13 08:00:00+00:00
[2026-08-13T07:08:54.189+0000] {processor.py:208} INFO - Processing /opt/airflow/dags/weather_dag.py took 0.066 seconds
[2026-08-13T07:09:24.484+0000] {processor.py:186} INFO - Started process (PID=3141) to work on /opt/airflow/dags/weather_dag.py
[2026-08-13T07:09:24.487+0000] {processor.py:914} INFO - Processing file /opt/airflow/dags/weather_dag.py for tasks to queue
[2026-08-13T07:09:24.490+0000] {logging_mixin.py:190} INFO - [2026-08-13T07:09:24.490+0000] {dagbag.py:588} INFO - Filling up the DagBag from /opt/airflow/dags/weather_dag.py
[2026-08-13T07:09:24.509+0000] {processor.py:925} INFO - DAG(s) 'weather_ingestion' retrieved from /opt/airflow/dags/weather_dag.py
[2026-08-13T07:09:24.534+0000] {logging_mixin.py:190} INFO - [2026-08-13T07:09:24.533+0000] {dag.py:3239} INFO - Sync 1 DAGs
[2026-08-13T07:09:24.549+0000] {logging_mixin.py:190} INFO - [2026-08-13T07:09:24.548+0000] {dag.py:4180} INFO - Setting next_dagrun for weather_ingestion to 2026-08-13 07:00:00+00:00, run_after=2026-08-13 08:00:00+00:00
[2026-08-13T07:09:24.557+0000] {processor.py:208} INFO - Processing /opt/airflow/dags/weather_dag.py took 0.083 seconds
[2026-08-13T07:09:54.880+0000] {processor.py:186} INFO - Started process (PID=3146) to work on /opt/airflow/dags/weather_dag.py
[2026-08-13T07:09:54.882+0000] {processor.py:914} INFO - Processing file /opt/airflow/dags/weather_dag.py for tasks to queue
[2026-08-13T07:09:54.884+0000] {logging_mixin.py:190} INFO - [2026-08-13T07:09:54.884+0000] {dagbag.py:588} INFO - Filling up the DagBag from /opt/airflow/dags/weather_dag.py
[2026-08-13T07:09:54.896+0000] {processor.py:925} INFO - DAG(s) 'weather_ingestion' retrieved from /opt/airflow/dags/weather_dag.py
[2026-08-13T07:09:54.916+0000] {logging_mixin.py:190} INFO - [2026-08-13T07:09:54.916+0000] {dag.py:3239} INFO - Sync 1 DAGs
[2026-08-13T07:09:54.933+0000] {logging_mixin.py:190} INFO - [2026-08-13T07:09:54.933+0000] {dag.py:4180} INFO - Setting next_dagrun for weather_ingestion to 2026-08-13 07:00:00+00:00, run_after=2026-08-13 08:00:00+00:00
[2026-08-13T07:09:54.940+0000] {processor.py:208} INFO - Processing /opt/airflow/dags/weather_dag.py took 0.069 seconds
[2026-08-13T07:10:25.284+0000] {processor.py:186} INFO - Started process (PID=3151) to work on /opt/airflow/dags/weather_dag.py
[2026-08-13T07:10:25.286+0000] {processor.py:914} INFO - Processing file /opt/airflow/dags/weather_dag.py for tasks to queue
[2026-08-13T07:10:25.290+0000] {logging_mixin.py:190} INFO - [2026-08-13T07:10:25.289+0000] {dagbag.py:588} INFO - Filling up the DagBag from /opt/airflow/dags/weather_dag.py
[2026-08-13T07:10:25.304+0000] {processor.py:925} INFO - DAG(s) 'weather_ingestion' retrieved from /opt/airflow/dags/weather_dag.py
[2026-08-13T07:10:25.327+0000] {logging_mixin.py:190} INFO - [2026-08-13T07:10:25.327+0000] {dag.py:3239} INFO - Sync 1 DAGs
[2026-08-13T07:10:25.343+0000] {logging_mixin.py:190} INFO - [2026-08-13T07:10:25.343+0000] {dag.py:4180} INFO - Setting next_dagrun for weather_ingestion to 2026-08-13 07:00:00+00:00, run_after=2026-08-13 08:00:00+00:00
[2026-08-13T07:10:25.351+0000] {processor.py:208} INFO - Processing /opt/airflow/dags/weather_dag.py took 0.078 seconds
[2026-08-13T07:10:55.580+0000] {processor.py:186} INFO - Started process (PID=3156) to work on /opt/airflow/dags/weather_dag.py
[2026-08-13T07:10:55.581+0000] {processor.py:914} INFO - Processing file /opt/airflow/dags/weather_dag.py for tasks to queue
[2026-08-13T07:10:55.584+0000] {logging_mixin.py:190} INFO - [2026-08-13T07:10:55.583+0000] {dagbag.py:588} INFO - Filling up the DagBag from /opt/airflow/dags/weather_dag.py
[2026-08-13T07:10:55.594+0000] {processor.py:925} INFO - DAG(s) 'weather_ingestion' retrieved from /opt/airflow/dags/weather_dag.py
[2026-08-13T07:10:55.613+0000] {logging_mixin.py:190} INFO - [2026-08-13T07:10:55.613+0000] {dag.py:3239} INFO - Sync 1 DAGs
[2026-08-13T07:10:55.624+0000] {logging_mixin.py:190} INFO - [2026-08-13T07:10:55.624+0000] {dag.py:4180} INFO - Setting next_dagrun for weather_ingestion to 2026-08-13 07:00:00+00:00, run_after=2026-08-13 08:00:00+00:00
[2026-08-13T07:10:55.633+0000] {processor.py:208} INFO - Processing /opt/airflow/dags/weather_dag.py took 0.060 seconds
[2026-08-13T07:11:25.858+0000] {processor.py:186} INFO - Started process (PID=3161) to work on /opt/airflow/dags/weather_dag.py
[2026-08-13T07:11:25.860+0000] {processor.py:914} INFO - Processing file /opt/airflow/dags/weather_dag.py for tasks to queue
[2026-08-13T07:11:25.863+0000] {logging_mixin.py:190} INFO - [2026-08-13T07:11:25.862+0000] {dagbag.py:588} INFO - Filling up the DagBag from /opt/airflow/dags/weather_dag.py
[2026-08-13T07:11:25.874+0000] {processor.py:925} INFO - DAG(s) 'weather_ingestion' retrieved from /opt/airflow/dags/weather_dag.py
[2026-08-13T07:11:25.896+0000] {logging_mixin.py:190} INFO - [2026-08-13T07:11:25.896+0000] {dag.py:3239} INFO - Sync 1 DAGs
[2026-08-13T07:11:25.908+0000] {logging_mixin.py:190} INFO - [2026-08-13T07:11:25.908+0000] {dag.py:4180} INFO - Setting next_dagrun for weather_ingestion to 2026-08-13 07:00:00+00:00, run_after=2026-08-13 08:00:00+00:00
[2026-08-13T07:11:25.915+0000] {processor.py:208} INFO - Processing /opt/airflow/dags/weather_dag.py took 0.065 seconds
[2026-08-13T07:11:56.163+0000] {processor.py:186} INFO - Started process (PID=3166) to work on /opt/airflow/dags/weather_dag.py
[2026-08-13T07:11:56.165+0000] {processor.py:914} INFO - Processing file /opt/airflow/dags/weather_dag.py for tasks to queue
[2026-08-13T07:11:56.167+0000] {logging_mixin.py:190} INFO - [2026-08-13T07:11:56.167+0000] {dagbag.py:588} INFO - Filling up the DagBag from /opt/airflow/dags/weather_dag.py
[2026-08-13T07:11:56.178+0000] {processor.py:925} INFO - DAG(s) 'weather_ingestion' retrieved from /opt/airflow/dags/weather_dag.py
[2026-08-13T07:11:56.196+0000] {logging_mixin.py:190} INFO - [2026-08-13T07:11:56.196+0000] {dag.py:3239} INFO - Sync 1 DAGs
[2026-08-13T07:11:56.207+0000] {logging_mixin.py:190} INFO - [2026-08-13T07:11:56.206+0000] {dag.py:4180} INFO - Setting next_dagrun for weather_ingestion to 2026-08-13 07:00:00+00:00, run_after=2026-08-13 08:00:00+00:00
[2026-08-13T07:11:56.214+0000] {processor.py:208} INFO - Processing /opt/airflow/dags/weather_dag.py took 0.057 seconds
[2026-08-13T07:12:26.541+0000] {processor.py:186} INFO - Started process (PID=3171) to work on /opt/airflow/dags/weather_dag.py
[2026-08-13T07:12:26.544+0000] {processor.py:914} INFO - Processing file /opt/airflow/dags/weather_dag.py for tasks to queue
[2026-08-13T07:12:26.548+0000] {logging_mixin.py:190} INFO - [2026-08-13T07:12:26.548+0000] {dagbag.py:588} INFO - Filling up the DagBag from /opt/airflow/dags/weather_dag.py
[2026-08-13T07:12:26.567+0000] {processor.py:925} INFO - DAG(s) 'weather_ingestion' retrieved from /opt/airflow/dags/weather_dag.py
[2026-08-13T07:12:26.593+0000] {logging_mixin.py:190} INFO - [2026-08-13T07:12:26.593+0000] {dag.py:3239} INFO - Sync 1 DAGs
[2026-08-13T07:12:26.610+0000] {logging_mixin.py:190} INFO - [2026-08-13T07:12:26.610+0000] {dag.py:4180} INFO - Setting next_dagrun for weather_ingestion to 2026-08-13 07:00:00+00:00, run_after=2026-08-13 08:00:00+00:00
[2026-08-13T07:12:26.619+0000] {processor.py:208} INFO - Processing /opt/airflow/dags/weather_dag.py took 0.090 seconds
[2026-08-13T07:12:56.898+0000] {processor.py:186} INFO - Started process (PID=3176) to work on /opt/airflow/dags/weather_dag.py
[2026-08-13T07:12:56.900+0000] {processor.py:914} INFO - Processing file /opt/airflow/dags/weather_dag.py for tasks to queue
[2026-08-13T07:12:56.903+0000] {logging_mixin.py:190} INFO - [2026-08-13T07:12:56.903+0000] {dagbag.py:588} INFO - Filling up the DagBag from /opt/airflow/dags/weather_dag.py
[2026-08-13T07:12:56.918+0000] {processor.py:925} INFO - DAG(s) 'weather_ingestion' retrieved from /opt/airflow/dags/weather_dag.py
[2026-08-13T07:12:56.944+0000] {logging_mixin.py:190} INFO - [2026-08-13T07:12:56.944+0000] {dag.py:3239} INFO - Sync 1 DAGs
[2026-08-13T07:12:56.960+0000] {logging_mixin.py:190} INFO - [2026-08-13T07:12:56.960+0000] {dag.py:4180} INFO - Setting next_dagrun for weather_ingestion to 2026-08-13 07:00:00+00:00, run_after=2026-08-13 08:00:00+00:00
[2026-08-13T07:12:56.969+0000] {processor.py:208} INFO - Processing /opt/airflow/dags/weather_dag.py took 0.081 seconds
[2026-08-13T07:13:27.293+0000] {processor.py:186} INFO - Started process (PID=3181) to work on /opt/airflow/dags/weather_dag.py
[2026-08-13T07:13:27.294+0000] {processor.py:914} INFO - Processing file /opt/airflow/dags/weather_dag.py for tasks to queue
[2026-08-13T07:13:27.298+0000] {logging_mixin.py:190} INFO - [2026-08-13T07:13:27.297+0000] {dagbag.py:588} INFO - Filling up the DagBag from /opt/airflow/dags/weather_dag.py
[2026-08-13T07:13:27.325+0000] {processor.py:925} INFO - DAG(s) 'weather_ingestion' retrieved from /opt/airflow/dags/weather_dag.py
[2026-08-13T07:13:27.371+0000] {logging_mixin.py:190} INFO - [2026-08-13T07:13:27.371+0000] {dag.py:3239} INFO - Sync 1 DAGs
[2026-08-13T07:13:27.391+0000] {logging_mixin.py:190} INFO - [2026-08-13T07:13:27.390+0000] {dag.py:4180} INFO - Setting next_dagrun for weather_ingestion to 2026-08-13 07:00:00+00:00, run_after=2026-08-13 08:00:00+00:00
[2026-08-13T07:13:27.401+0000] {processor.py:208} INFO - Processing /opt/airflow/dags/weather_dag.py took 0.124 seconds
[2026-08-13T07:13:57.766+0000] {processor.py:186} INFO - Started process (PID=3186) to work on /opt/airflow/dags/weather_dag.py
[2026-08-13T07:13:57.768+0000] {processor.py:914} INFO - Processing file /opt/airflow/dags/weather_dag.py for tasks to queue
[2026-08-13T07:13:57.773+0000] {logging_mixin.py:190} INFO - [2026-08-13T07:13:57.772+0000] {dagbag.py:588} INFO - Filling up the DagBag from /opt/airflow/dags/weather_dag.py
[2026-08-13T07:13:57.795+0000] {processor.py:925} INFO - DAG(s) 'weather_ingestion' retrieved from /opt/airflow/dags/weather_dag.py
[2026-08-13T07:13:57.849+0000] {logging_mixin.py:190} INFO - [2026-08-13T07:13:57.849+0000] {dag.py:3239} INFO - Sync 1 DAGs
[2026-08-13T07:13:57.866+0000] {logging_mixin.py:190} INFO - [2026-08-13T07:13:57.866+0000] {dag.py:4180} INFO - Setting next_dagrun for weather_ingestion to 2026-08-13 07:00:00+00:00, run_after=2026-08-13 08:00:00+00:00
[2026-08-13T07:13:57.876+0000] {processor.py:208} INFO - Processing /opt/airflow/dags/weather_dag.py took 0.121 seconds
[2026-08-13T07:14:28.112+0000] {processor.py:186} INFO - Started process (PID=3191) to work on /opt/airflow/dags/weather_dag.py
[2026-08-13T07:14:28.114+0000] {processor.py:914} INFO - Processing file /opt/airflow/dags/weather_dag.py for tasks to queue
[2026-08-13T07:14:28.118+0000] {logging_mixin.py:190} INFO - [2026-08-13T07:14:28.118+0000] {dagbag.py:588} INFO - Filling up the DagBag from /opt/airflow/dags/weather_dag.py
[2026-08-13T07:14:28.130+0000] {processor.py:925} INFO - DAG(s) 'weather_ingestion' retrieved from /opt/airflow/dags/weather_dag.py
[2026-08-13T07:14:28.153+0000] {logging_mixin.py:190} INFO - [2026-08-13T07:14:28.153+0000] {dag.py:3239} INFO - Sync 1 DAGs
[2026-08-13T07:14:28.165+0000] {logging_mixin.py:190} INFO - [2026-08-13T07:14:28.165+0000] {dag.py:4180} INFO - Setting next_dagrun for weather_ingestion to 2026-08-13 07:00:00+00:00, run_after=2026-08-13 08:00:00+00:00
[2026-08-13T07:14:28.175+0000] {processor.py:208} INFO - Processing /opt/airflow/dags/weather_dag.py took 0.072 seconds
[2026-08-13T07:14:58.685+0000] {processor.py:186} INFO - Started process (PID=3196) to work on /opt/airflow/dags/weather_dag.py
[2026-08-13T07:14:58.688+0000] {processor.py:914} INFO - Processing file /opt/airflow/dags/weather_dag.py for tasks to queue
[2026-08-13T07:14:58.693+0000] {logging_mixin.py:190} INFO - [2026-08-13T07:14:58.693+0000] {dagbag.py:588} INFO - Filling up the DagBag from /opt/airflow/dags/weather_dag.py
[2026-08-13T07:14:58.721+0000] {processor.py:925} INFO - DAG(s) 'weather_ingestion' retrieved from /opt/airflow/dags/weather_dag.py
[2026-08-13T07:14:58.765+0000] {logging_mixin.py:190} INFO - [2026-08-13T07:14:58.765+0000] {dag.py:3239} INFO - Sync 1 DAGs
[2026-08-13T07:14:58.786+0000] {logging_mixin.py:190} INFO - [2026-08-13T07:14:58.786+0000] {dag.py:4180} INFO - Setting next_dagrun for weather_ingestion to 2026-08-13 07:00:00+00:00, run_after=2026-08-13 08:00:00+00:00
[2026-08-13T07:14:58.799+0000] {processor.py:208} INFO - Processing /opt/airflow/dags/weather_dag.py took 0.125 seconds
[2026-08-13T07:15:29.001+0000] {processor.py:186} INFO - Started process (PID=3201) to work on /opt/airflow/dags/weather_dag.py
[2026-08-13T07:15:29.003+0000] {processor.py:914} INFO - Processing file /opt/airflow/dags/weather_dag.py for tasks to queue
[2026-08-13T07:15:29.007+0000] {logging_mixin.py:190} INFO - [2026-08-13T07:15:29.006+0000] {dagbag.py:588} INFO - Filling up the DagBag from /opt/airflow/dags/weather_dag.py
[2026-08-13T07:15:29.022+0000] {processor.py:925} INFO - DAG(s) 'weather_ingestion' retrieved from /opt/airflow/dags/weather_dag.py
[2026-08-13T07:15:29.044+0000] {logging_mixin.py:190} INFO - [2026-08-13T07:15:29.044+0000] {dag.py:3239} INFO - Sync 1 DAGs
[2026-08-13T07:15:29.058+0000] {logging_mixin.py:190} INFO - [2026-08-13T07:15:29.058+0000] {dag.py:4180} INFO - Setting next_dagrun for weather_ingestion to 2026-08-13 07:00:00+00:00, run_after=2026-08-13 08:00:00+00:00
[2026-08-13T07:15:29.065+0000] {processor.py:208} INFO - Processing /opt/airflow/dags/weather_dag.py took 0.074 seconds
[2026-08-13T07:15:59.325+0000] {processor.py:186} INFO - Started process (PID=3206) to work on /opt/airflow/dags/weather_dag.py
[2026-08-13T07:15:59.328+0000] {processor.py:914} INFO - Processing file /opt/airflow/dags/weather_dag.py for tasks to queue
[2026-08-13T07:15:59.332+0000] {logging_mixin.py:190} INFO - [2026-08-13T07:15:59.332+0000] {dagbag.py:588} INFO - Filling up the DagBag from /opt/airflow/dags/weather_dag.py
[2026-08-13T07:15:59.359+0000] {processor.py:925} INFO - DAG(s) 'weather_ingestion' retrieved from /opt/airflow/dags/weather_dag.py
[2026-08-13T07:15:59.385+0000] {logging_mixin.py:190} INFO - [2026-08-13T07:15:59.385+0000] {dag.py:3239} INFO - Sync 1 DAGs
[2026-08-13T07:15:59.401+0000] {logging_mixin.py:190} INFO - [2026-08-13T07:15:59.401+0000] {dag.py:4180} INFO - Setting next_dagrun for weather_ingestion to 2026-08-13 07:00:00+00:00, run_after=2026-08-13 08:00:00+00:00
[2026-08-13T07:15:59.409+0000] {processor.py:208} INFO - Processing /opt/airflow/dags/weather_dag.py took 0.093 seconds
[2026-08-13T07:16:29.685+0000] {processor.py:186} INFO - Started process (PID=3211) to work on /opt/airflow/dags/weather_dag.py
[2026-08-13T07:16:29.688+0000] {processor.py:914} INFO - Processing file /opt/airflow/dags/weather_dag.py for tasks to queue
[2026-08-13T07:16:29.690+0000] {logging_mixin.py:190} INFO - [2026-08-13T07:16:29.689+0000] {dagbag.py:588} INFO - Filling up the DagBag from /opt/airflow/dags/weather_dag.py
[2026-08-13T07:16:29.700+0000] {processor.py:925} INFO - DAG(s) 'weather_ingestion' retrieved from /opt/airflow/dags/weather_dag.py
[2026-08-13T07:16:29.719+0000] {logging_mixin.py:190} INFO - [2026-08-13T07:16:29.719+0000] {dag.py:3239} INFO - Sync 1 DAGs
[2026-08-13T07:16:29.732+0000] {logging_mixin.py:190} INFO - [2026-08-13T07:16:29.732+0000] {dag.py:4180} INFO - Setting next_dagrun for weather_ingestion to 2026-08-13 07:00:00+00:00, run_after=2026-08-13 08:00:00+00:00
[2026-08-13T07:16:29.739+0000] {processor.py:208} INFO - Processing /opt/airflow/dags/weather_dag.py took 0.065 seconds
[2026-08-13T07:17:00.098+0000] {processor.py:186} INFO - Started process (PID=3216) to work on /opt/airflow/dags/weather_dag.py
[2026-08-13T07:17:00.100+0000] {processor.py:914} INFO - Processing file /opt/airflow/dags/weather_dag.py for tasks to queue
[2026-08-13T07:17:00.104+0000] {logging_mixin.py:190} INFO - [2026-08-13T07:17:00.103+0000] {dagbag.py:588} INFO - Filling up the DagBag from /opt/airflow/dags/weather_dag.py
[2026-08-13T07:17:00.121+0000] {processor.py:925} INFO - DAG(s) 'weather_ingestion' retrieved from /opt/airflow/dags/weather_dag.py
[2026-08-13T07:17:00.146+0000] {logging_mixin.py:190} INFO - [2026-08-13T07:17:00.146+0000] {dag.py:3239} INFO - Sync 1 DAGs
[2026-08-13T07:17:00.162+0000] {logging_mixin.py:190} INFO - [2026-08-13T07:17:00.162+0000] {dag.py:4180} INFO - Setting next_dagrun for weather_ingestion to 2026-08-13 07:00:00+00:00, run_after=2026-08-13 08:00:00+00:00
[2026-08-13T07:17:00.170+0000] {processor.py:208} INFO - Processing /opt/airflow/dags/weather_dag.py took 0.083 seconds
[2026-08-13T07:17:30.468+0000] {processor.py:186} INFO - Started process (PID=3221) to work on /opt/airflow/dags/weather_dag.py
[2026-08-13T07:17:30.470+0000] {processor.py:914} INFO - Processing file /opt/airflow/dags/weather_dag.py for tasks to queue
[2026-08-13T07:17:30.473+0000] {logging_mixin.py:190} INFO - [2026-08-13T07:17:30.472+0000] {dagbag.py:588} INFO - Filling up the DagBag from /opt/airflow/dags/weather_dag.py
[2026-08-13T07:17:30.486+0000] {processor.py:925} INFO - DAG(s) 'weather_ingestion' retrieved from /opt/airflow/dags/weather_dag.py
[2026-08-13T07:17:30.507+0000] {logging_mixin.py:190} INFO - [2026-08-13T07:17:30.507+0000] {dag.py:3239} INFO - Sync 1 DAGs
[2026-08-13T07:17:30.521+0000] {logging_mixin.py:190} INFO - [2026-08-13T07:17:30.521+0000] {dag.py:4180} INFO - Setting next_dagrun for weather_ingestion to 2026-08-13 07:00:00+00:00, run_after=2026-08-13 08:00:00+00:00
[2026-08-13T07:17:30.529+0000] {processor.py:208} INFO - Processing /opt/airflow/dags/weather_dag.py took 0.069 seconds
[2026-08-13T07:18:00.834+0000] {processor.py:186} INFO - Started process (PID=3226) to work on /opt/airflow/dags/weather_dag.py
[2026-08-13T07:18:00.836+0000] {processor.py:914} INFO - Processing file /opt/airflow/dags/weather_dag.py for tasks to queue
[2026-08-13T07:18:00.839+0000] {logging_mixin.py:190} INFO - [2026-08-13T07:18:00.838+0000] {dagbag.py:588} INFO - Filling up the DagBag from /opt/airflow/dags/weather_dag.py
[2026-08-13T07:18:00.855+0000] {processor.py:925} INFO - DAG(s) 'weather_ingestion' retrieved from /opt/airflow/dags/weather_dag.py
[2026-08-13T07:18:00.874+0000] {logging_mixin.py:190} INFO - [2026-08-13T07:18:00.874+0000] {dag.py:3239} INFO - Sync 1 DAGs
[2026-08-13T07:18:00.887+0000] {logging_mixin.py:190} INFO - [2026-08-13T07:18:00.887+0000] {dag.py:4180} INFO - Setting next_dagrun for weather_ingestion to 2026-08-13 07:00:00+00:00, run_after=2026-08-13 08:00:00+00:00
[2026-08-13T07:18:00.894+0000] {processor.py:208} INFO - Processing /opt/airflow/dags/weather_dag.py took 0.068 seconds
[2026-08-13T07:18:31.265+0000] {processor.py:186} INFO - Started process (PID=3231) to work on /opt/airflow/dags/weather_dag.py
[2026-08-13T07:18:31.266+0000] {processor.py:914} INFO - Processing file /opt/airflow/dags/weather_dag.py for tasks to queue
[2026-08-13T07:18:31.271+0000] {logging_mixin.py:190} INFO - [2026-08-13T07:18:31.270+0000] {dagbag.py:588} INFO - Filling up the DagBag from /opt/airflow/dags/weather_dag.py
[2026-08-13T07:18:31.292+0000] {processor.py:925} INFO - DAG(s) 'weather_ingestion' retrieved from /opt/airflow/dags/weather_dag.py
[2026-08-13T07:18:31.320+0000] {logging_mixin.py:190} INFO - [2026-08-13T07:18:31.319+0000] {dag.py:3239} INFO - Sync 1 DAGs
[2026-08-13T07:18:31.339+0000] {logging_mixin.py:190} INFO - [2026-08-13T07:18:31.339+0000] {dag.py:4180} INFO - Setting next_dagrun for weather_ingestion to 2026-08-13 07:00:00+00:00, run_after=2026-08-13 08:00:00+00:00
[2026-08-13T07:18:31.348+0000] {processor.py:208} INFO - Processing /opt/airflow/dags/weather_dag.py took 0.093 seconds
[2026-08-13T07:19:01.590+0000] {processor.py:186} INFO - Started process (PID=3236) to work on /opt/airflow/dags/weather_dag.py
[2026-08-13T07:19:01.593+0000] {processor.py:914} INFO - Processing file /opt/airflow/dags/weather_dag.py for tasks to queue
[2026-08-13T07:19:01.596+0000] {logging_mixin.py:190} INFO - [2026-08-13T07:19:01.596+0000] {dagbag.py:588} INFO - Filling up the DagBag from /opt/airflow/dags/weather_dag.py
[2026-08-13T07:19:01.607+0000] {processor.py:925} INFO - DAG(s) 'weather_ingestion' retrieved from /opt/airflow/dags/weather_dag.py
[2026-08-13T07:19:01.632+0000] {logging_mixin.py:190} INFO - [2026-08-13T07:19:01.631+0000] {dag.py:3239} INFO - Sync 1 DAGs
[2026-08-13T07:19:01.645+0000] {logging_mixin.py:190} INFO - [2026-08-13T07:19:01.645+0000] {dag.py:4180} INFO - Setting next_dagrun for weather_ingestion to 2026-08-13 07:00:00+00:00, run_after=2026-08-13 08:00:00+00:00
[2026-08-13T07:19:01.655+0000] {processor.py:208} INFO - Processing /opt/airflow/dags/weather_dag.py took 0.073 seconds
[2026-08-13T07:19:31.929+0000] {processor.py:186} INFO - Started process (PID=3241) to work on /opt/airflow/dags/weather_dag.py
[2026-08-13T07:19:31.931+0000] {processor.py:914} INFO - Processing file /opt/airflow/dags/weather_dag.py for tasks to queue
[2026-08-13T07:19:31.933+0000] {logging_mixin.py:190} INFO - [2026-08-13T07:19:31.933+0000] {dagbag.py:588} INFO - Filling up the DagBag from /opt/airflow/dags/weather_dag.py
[2026-08-13T07:19:31.941+0000] {processor.py:925} INFO - DAG(s) 'weather_ingestion' retrieved from /opt/airflow/dags/weather_dag.py
[2026-08-13T07:19:31.959+0000] {logging_mixin.py:190} INFO - [2026-08-13T07:19:31.959+0000] {dag.py:3239} INFO - Sync 1 DAGs
[2026-08-13T07:19:31.972+0000] {logging_mixin.py:190} INFO - [2026-08-13T07:19:31.972+0000] {dag.py:4180} INFO - Setting next_dagrun for weather_ingestion to 2026-08-13 07:00:00+00:00, run_after=2026-08-13 08:00:00+00:00
[2026-08-13T07:19:31.981+0000] {processor.py:208} INFO - Processing /opt/airflow/dags/weather_dag.py took 0.056 seconds
[2026-08-13T07:20:02.271+0000] {processor.py:186} INFO - Started process (PID=3246) to work on /opt/airflow/dags/weather_dag.py
[2026-08-13T07:20:02.272+0000] {processor.py:914} INFO - Processing file /opt/airflow/dags/weather_dag.py for tasks to queue
[2026-08-13T07:20:02.274+0000] {logging_mixin.py:190} INFO - [2026-08-13T07:20:02.274+0000] {dagbag.py:588} INFO - Filling up the DagBag from /opt/airflow/dags/weather_dag.py
[2026-08-13T07:20:02.283+0000] {processor.py:925} INFO - DAG(s) 'weather_ingestion' retrieved from /opt/airflow/dags/weather_dag.py
[2026-08-13T07:20:02.302+0000] {logging_mixin.py:190} INFO - [2026-08-13T07:20:02.302+0000] {dag.py:3239} INFO - Sync 1 DAGs
[2026-08-13T07:20:02.315+0000] {logging_mixin.py:190} INFO - [2026-08-13T07:20:02.315+0000] {dag.py:4180} INFO - Setting next_dagrun for weather_ingestion to 2026-08-13 07:00:00+00:00, run_after=2026-08-13 08:00:00+00:00
[2026-08-13T07:20:02.323+0000] {processor.py:208} INFO - Processing /opt/airflow/dags/weather_dag.py took 0.059 seconds
[2026-08-13T07:20:32.619+0000] {processor.py:186} INFO - Started process (PID=3251) to work on /opt/airflow/dags/weather_dag.py
[2026-08-13T07:20:32.620+0000] {processor.py:914} INFO - Processing file /opt/airflow/dags/weather_dag.py for tasks to queue
[2026-08-13T07:20:32.623+0000] {logging_mixin.py:190} INFO - [2026-08-13T07:20:32.622+0000] {dagbag.py:588} INFO - Filling up the DagBag from /opt/airflow/dags/weather_dag.py
[2026-08-13T07:20:32.637+0000] {processor.py:925} INFO - DAG(s) 'weather_ingestion' retrieved from /opt/airflow/dags/weather_dag.py
[2026-08-13T07:20:32.660+0000] {logging_mixin.py:190} INFO - [2026-08-13T07:20:32.660+0000] {dag.py:3239} INFO - Sync 1 DAGs
[2026-08-13T07:20:32.675+0000] {logging_mixin.py:190} INFO - [2026-08-13T07:20:32.675+0000] {dag.py:4180} INFO - Setting next_dagrun for weather_ingestion to 2026-08-13 07:00:00+00:00, run_after=2026-08-13 08:00:00+00:00
[2026-08-13T07:20:32.684+0000] {processor.py:208} INFO - Processing /opt/airflow/dags/weather_dag.py took 0.073 seconds
[2026-08-13T07:21:02.907+0000] {processor.py:186} INFO - Started process (PID=3256) to work on /opt/airflow/dags/weather_dag.py
[2026-08-13T07:21:02.909+0000] {processor.py:914} INFO - Processing file /opt/airflow/dags/weather_dag.py for tasks to queue
[2026-08-13T07:21:02.911+0000] {logging_mixin.py:190} INFO - [2026-08-13T07:21:02.911+0000] {dagbag.py:588} INFO - Filling up the DagBag from /opt/airflow/dags/weather_dag.py
[2026-08-13T07:21:02.922+0000] {processor.py:925} INFO - DAG(s) 'weather_ingestion' retrieved from /opt/airflow/dags/weather_dag.py
[2026-08-13T07:21:02.942+0000] {logging_mixin.py:190} INFO - [2026-08-13T07:21:02.942+0000] {dag.py:3239} INFO - Sync 1 DAGs
[2026-08-13T07:21:02.954+0000] {logging_mixin.py:190} INFO - [2026-08-13T07:21:02.954+0000] {dag.py:4180} INFO - Setting next_dagrun for weather_ingestion to 2026-08-13 07:00:00+00:00, run_after=2026-08-13 08:00:00+00:00
[2026-08-13T07:21:02.961+0000] {processor.py:208} INFO - Processing /opt/airflow/dags/weather_dag.py took 0.060 seconds
[2026-08-13T07:21:33.240+0000] {processor.py:186} INFO - Started process (PID=3261) to work on /opt/airflow/dags/weather_dag.py
[2026-08-13T07:21:33.242+0000] {processor.py:914} INFO - Processing file /opt/airflow/dags/weather_dag.py for tasks to queue
[2026-08-13T07:21:33.245+0000] {logging_mixin.py:190} INFO - [2026-08-13T07:21:33.245+0000] {dagbag.py:588} INFO - Filling up the DagBag from /opt/airflow/dags/weather_dag.py
[2026-08-13T07:21:33.257+0000] {processor.py:925} INFO - DAG(s) 'weather_ingestion' retrieved from /opt/airflow/dags/weather_dag.py
[2026-08-13T07:21:33.279+0000] {logging_mixin.py:190} INFO - [2026-08-13T07:21:33.279+0000] {dag.py:3239} INFO - Sync 1 DAGs
[2026-08-13T07:21:33.292+0000] {logging_mixin.py:190} INFO - [2026-08-13T07:21:33.292+0000] {dag.py:4180} INFO - Setting next_dagrun for weather_ingestion to 2026-08-13 07:00:00+00:00, run_after=2026-08-13 08:00:00+00:00
[2026-08-13T07:21:33.299+0000] {processor.py:208} INFO - Processing /opt/airflow/dags/weather_dag.py took 0.066 seconds
[2026-08-13T07:22:03.634+0000] {processor.py:186} INFO - Started process (PID=3266) to work on /opt/airflow/dags/weather_dag.py
[2026-08-13T07:22:03.637+0000] {processor.py:914} INFO - Processing file /opt/airflow/dags/weather_dag.py for tasks to queue
[2026-08-13T07:22:03.639+0000] {logging_mixin.py:190} INFO - [2026-08-13T07:22:03.639+0000] {dagbag.py:588} INFO - Filling up the DagBag from /opt/airflow/dags/weather_dag.py
[2026-08-13T07:22:03.652+0000] {processor.py:925} INFO - DAG(s) 'weather_ingestion' retrieved from /opt/airflow/dags/weather_dag.py
[2026-08-13T07:22:03.673+0000] {logging_mixin.py:190} INFO - [2026-08-13T07:22:03.673+0000] {dag.py:3239} INFO - Sync 1 DAGs
[2026-08-13T07:22:03.685+0000] {logging_mixin.py:190} INFO - [2026-08-13T07:22:03.685+0000] {dag.py:4180} INFO - Setting next_dagrun for weather_ingestion to 2026-08-13 07:00:00+00:00, run_after=2026-08-13 08:00:00+00:00
[2026-08-13T07:22:03.691+0000] {processor.py:208} INFO - Processing /opt/airflow/dags/weather_dag.py took 0.064 seconds
[2026-08-13T07:22:34.038+0000] {processor.py:186} INFO - Started process (PID=3271) to work on /opt/airflow/dags/weather_dag.py
[2026-08-13T07:22:34.042+0000] {processor.py:914} INFO - Processing file /opt/airflow/dags/weather_dag.py for tasks to queue
[2026-08-13T07:22:34.050+0000] {logging_mixin.py:190} INFO - [2026-08-13T07:22:34.049+0000] {dagbag.py:588} INFO - Filling up the DagBag from /opt/airflow/dags/weather_dag.py
[2026-08-13T07:22:34.074+0000] {processor.py:925} INFO - DAG(s) 'weather_ingestion' retrieved from /opt/airflow/dags/weather_dag.py
[2026-08-13T07:22:34.130+0000] {logging_mixin.py:190} INFO - [2026-08-13T07:22:34.129+0000] {dag.py:3239} INFO - Sync 1 DAGs
[2026-08-13T07:22:34.148+0000] {logging_mixin.py:190} INFO - [2026-08-13T07:22:34.148+0000] {dag.py:4180} INFO - Setting next_dagrun for weather_ingestion to 2026-08-13 07:00:00+00:00, run_after=2026-08-13 08:00:00+00:00
[2026-08-13T07:22:34.158+0000] {processor.py:208} INFO - Processing /opt/airflow/dags/weather_dag.py took 0.138 seconds
[2026-08-13T07:23:04.357+0000] {processor.py:186} INFO - Started process (PID=3276) to work on /opt/airflow/dags/weather_dag.py
[2026-08-13T07:23:04.359+0000] {processor.py:914} INFO - Processing file /opt/airflow/dags/weather_dag.py for tasks to queue
[2026-08-13T07:23:04.361+0000] {logging_mixin.py:190} INFO - [2026-08-13T07:23:04.361+0000] {dagbag.py:588} INFO - Filling up the DagBag from /opt/airflow/dags/weather_dag.py
[2026-08-13T07:23:04.370+0000] {processor.py:925} INFO - DAG(s) 'weather_ingestion' retrieved from /opt/airflow/dags/weather_dag.py
[2026-08-13T07:23:04.394+0000] {logging_mixin.py:190} INFO - [2026-08-13T07:23:04.394+0000] {dag.py:3239} INFO - Sync 1 DAGs
[2026-08-13T07:23:04.411+0000] {logging_mixin.py:190} INFO - [2026-08-13T07:23:04.411+0000] {dag.py:4180} INFO - Setting next_dagrun for weather_ingestion to 2026-08-13 07:00:00+00:00, run_after=2026-08-13 08:00:00+00:00
[2026-08-13T07:23:04.419+0000] {processor.py:208} INFO - Processing /opt/airflow/dags/weather_dag.py took 0.069 seconds
[2026-08-13T07:23:34.725+0000] {processor.py:186} INFO - Started process (PID=3281) to work on /opt/airflow/dags/weather_dag.py
[2026-08-13T07:23:34.727+0000] {processor.py:914} INFO - Processing file /opt/airflow/dags/weather_dag.py for tasks to queue
[2026-08-13T07:23:34.730+0000] {logging_mixin.py:190} INFO - [2026-08-13T07:23:34.730+0000] {dagbag.py:588} INFO - Filling up the DagBag from /opt/airflow/dags/weather_dag.py
[2026-08-13T07:23:34.741+0000] {processor.py:925} INFO - DAG(s) 'weather_ingestion' retrieved from /opt/airflow/dags/weather_dag.py
[2026-08-13T07:23:34.765+0000] {logging_mixin.py:190} INFO - [2026-08-13T07:23:34.765+0000] {dag.py:3239} INFO - Sync 1 DAGs
[2026-08-13T07:23:34.781+0000] {logging_mixin.py:190} INFO - [2026-08-13T07:23:34.781+0000] {dag.py:4180} INFO - Setting next_dagrun for weather_ingestion to 2026-08-13 07:00:00+00:00, run_after=2026-08-13 08:00:00+00:00
[2026-08-13T07:23:34.791+0000] {processor.py:208} INFO - Processing /opt/airflow/dags/weather_dag.py took 0.072 seconds
[2026-08-13T07:24:05.089+0000] {processor.py:186} INFO - Started process (PID=3286) to work on /opt/airflow/dags/weather_dag.py
[2026-08-13T07:24:05.093+0000] {processor.py:914} INFO - Processing file /opt/airflow/dags/weather_dag.py for tasks to queue
[2026-08-13T07:24:05.096+0000] {logging_mixin.py:190} INFO - [2026-08-13T07:24:05.095+0000] {dagbag.py:588} INFO - Filling up the DagBag from /opt/airflow/dags/weather_dag.py
[2026-08-13T07:24:05.107+0000] {processor.py:925} INFO - DAG(s) 'weather_ingestion' retrieved from /opt/airflow/dags/weather_dag.py
[2026-08-13T07:24:05.127+0000] {logging_mixin.py:190} INFO - [2026-08-13T07:24:05.127+0000] {dag.py:3239} INFO - Sync 1 DAGs
[2026-08-13T07:24:05.139+0000] {logging_mixin.py:190} INFO - [2026-08-13T07:24:05.139+0000] {dag.py:4180} INFO - Setting next_dagrun for weather_ingestion to 2026-08-13 07:00:00+00:00, run_after=2026-08-13 08:00:00+00:00
[2026-08-13T07:24:05.147+0000] {processor.py:208} INFO - Processing /opt/airflow/dags/weather_dag.py took 0.069 seconds
[2026-08-13T07:24:35.482+0000] {processor.py:186} INFO - Started process (PID=3291) to work on /opt/airflow/dags/weather_dag.py
[2026-08-13T07:24:35.484+0000] {processor.py:914} INFO - Processing file /opt/airflow/dags/weather_dag.py for tasks to queue
[2026-08-13T07:24:35.488+0000] {logging_mixin.py:190} INFO - [2026-08-13T07:24:35.488+0000] {dagbag.py:588} INFO - Filling up the DagBag from /opt/airflow/dags/weather_dag.py
[2026-08-13T07:24:35.508+0000] {processor.py:925} INFO - DAG(s) 'weather_ingestion' retrieved from /opt/airflow/dags/weather_dag.py
[2026-08-13T07:24:35.536+0000] {logging_mixin.py:190} INFO - [2026-08-13T07:24:35.536+0000] {dag.py:3239} INFO - Sync 1 DAGs
[2026-08-13T07:24:35.552+0000] {logging_mixin.py:190} INFO - [2026-08-13T07:24:35.552+0000] {dag.py:4180} INFO - Setting next_dagrun for weather_ingestion to 2026-08-13 07:00:00+00:00, run_after=2026-08-13 08:00:00+00:00
[2026-08-13T07:24:35.561+0000] {processor.py:208} INFO - Processing /opt/airflow/dags/weather_dag.py took 0.090 seconds
[2026-08-13T07:25:05.830+0000] {processor.py:186} INFO - Started process (PID=3296) to work on /opt/airflow/dags/weather_dag.py
[2026-08-13T07:25:05.831+0000] {processor.py:914} INFO - Processing file /opt/airflow/dags/weather_dag.py for tasks to queue
[2026-08-13T07:25:05.833+0000] {logging_mixin.py:190} INFO - [2026-08-13T07:25:05.833+0000] {dagbag.py:588} INFO - Filling up the DagBag from /opt/airflow/dags/weather_dag.py
[2026-08-13T07:25:05.842+0000] {processor.py:925} INFO - DAG(s) 'weather_ingestion' retrieved from /opt/airflow/dags/weather_dag.py
[2026-08-13T07:25:05.864+0000] {logging_mixin.py:190} INFO - [2026-08-13T07:25:05.864+0000] {dag.py:3239} INFO - Sync 1 DAGs
[2026-08-13T07:25:05.879+0000] {logging_mixin.py:190} INFO - [2026-08-13T07:25:05.879+0000] {dag.py:4180} INFO - Setting next_dagrun for weather_ingestion to 2026-08-13 07:00:00+00:00, run_after=2026-08-13 08:00:00+00:00
[2026-08-13T07:25:05.888+0000] {processor.py:208} INFO - Processing /opt/airflow/dags/weather_dag.py took 0.063 seconds
[2026-08-13T07:25:36.120+0000] {processor.py:186} INFO - Started process (PID=3301) to work on /opt/airflow/dags/weather_dag.py
[2026-08-13T07:25:36.121+0000] {processor.py:914} INFO - Processing file /opt/airflow/dags/weather_dag.py for tasks to queue
[2026-08-13T07:25:36.123+0000] {logging_mixin.py:190} INFO - [2026-08-13T07:25:36.123+0000] {dagbag.py:588} INFO - Filling up the DagBag from /opt/airflow/dags/weather_dag.py
[2026-08-13T07:25:36.134+0000] {processor.py:925} INFO - DAG(s) 'weather_ingestion' retrieved from /opt/airflow/dags/weather_dag.py
[2026-08-13T07:25:36.155+0000] {logging_mixin.py:190} INFO - [2026-08-13T07:25:36.154+0000] {dag.py:3239} INFO - Sync 1 DAGs
[2026-08-13T07:25:36.167+0000] {logging_mixin.py:190} INFO - [2026-08-13T07:25:36.167+0000] {dag.py:4180} INFO - Setting next_dagrun for weather_ingestion to 2026-08-13 07:00:00+00:00, run_after=2026-08-13 08:00:00+00:00
[2026-08-13T07:25:36.175+0000] {processor.py:208} INFO - Processing /opt/airflow/dags/weather_dag.py took 0.060 seconds
[2026-08-13T07:26:06.427+0000] {processor.py:186} INFO - Started process (PID=3306) to work on /opt/airflow/dags/weather_dag.py
[2026-08-13T07:26:06.429+0000] {processor.py:914} INFO - Processing file /opt/airflow/dags/weather_dag.py for tasks to queue
[2026-08-13T07:26:06.432+0000] {logging_mixin.py:190} INFO - [2026-08-13T07:26:06.432+0000] {dagbag.py:588} INFO - Filling up the DagBag from /opt/airflow/dags/weather_dag.py
[2026-08-13T07:26:06.442+0000] {processor.py:925} INFO - DAG(s) 'weather_ingestion' retrieved from /opt/airflow/dags/weather_dag.py
[2026-08-13T07:26:06.460+0000] {logging_mixin.py:190} INFO - [2026-08-13T07:26:06.460+0000] {dag.py:3239} INFO - Sync 1 DAGs
[2026-08-13T07:26:06.475+0000] {logging_mixin.py:190} INFO - [2026-08-13T07:26:06.474+0000] {dag.py:4180} INFO - Setting next_dagrun for weather_ingestion to 2026-08-13 07:00:00+00:00, run_after=2026-08-13 08:00:00+00:00
[2026-08-13T07:26:06.482+0000] {processor.py:208} INFO - Processing /opt/airflow/dags/weather_dag.py took 0.065 seconds
[2026-08-13T07:26:37.405+0000] {processor.py:186} INFO - Started process (PID=3311) to work on /opt/airflow/dags/weather_dag.py
[2026-08-13T07:26:37.407+0000] {processor.py:914} INFO - Processing file /opt/airflow/dags/weather_dag.py for tasks to queue
[2026-08-13T07:26:37.413+0000] {logging_mixin.py:190} INFO - [2026-08-13T07:26:37.412+0000] {dagbag.py:588} INFO - Filling up the DagBag from /opt/airflow/dags/weather_dag.py
[2026-08-13T07:26:37.449+0000] {processor.py:925} INFO - DAG(s) 'weather_ingestion' retrieved from /opt/airflow/dags/weather_dag.py
[2026-08-13T07:26:37.492+0000] {logging_mixin.py:190} INFO - [2026-08-13T07:26:37.492+0000] {dag.py:3239} INFO - Sync 1 DAGs
[2026-08-13T07:26:37.525+0000] {logging_mixin.py:190} INFO - [2026-08-13T07:26:37.525+0000] {dag.py:4180} INFO - Setting next_dagrun for weather_ingestion to 2026-08-13 07:00:00+00:00, run_after=2026-08-13 08:00:00+00:00
[2026-08-13T07:26:37.536+0000] {processor.py:208} INFO - Processing /opt/airflow/dags/weather_dag.py took 0.148 seconds
[2026-08-13T07:27:07.864+0000] {processor.py:186} INFO - Started process (PID=3316) to work on /opt/airflow/dags/weather_dag.py
[2026-08-13T07:27:07.866+0000] {processor.py:914} INFO - Processing file /opt/airflow/dags/weather_dag.py for tasks to queue
[2026-08-13T07:27:07.868+0000] {logging_mixin.py:190} INFO - [2026-08-13T07:27:07.868+0000] {dagbag.py:588} INFO - Filling up the DagBag from /opt/airflow/dags/weather_dag.py
[2026-08-13T07:27:07.880+0000] {processor.py:925} INFO - DAG(s) 'weather_ingestion' retrieved from /opt/airflow/dags/weather_dag.py
[2026-08-13T07:27:07.903+0000] {logging_mixin.py:190} INFO - [2026-08-13T07:27:07.903+0000] {dag.py:3239} INFO - Sync 1 DAGs
[2026-08-13T07:27:07.921+0000] {logging_mixin.py:190} INFO - [2026-08-13T07:27:07.921+0000] {dag.py:4180} INFO - Setting next_dagrun for weather_ingestion to 2026-08-13 07:00:00+00:00, run_after=2026-08-13 08:00:00+00:00
[2026-08-13T07:27:07.929+0000] {processor.py:208} INFO - Processing /opt/airflow/dags/weather_dag.py took 0.080 seconds
[2026-08-13T07:27:38.364+0000] {processor.py:186} INFO - Started process (PID=3321) to work on /opt/airflow/dags/weather_dag.py
[2026-08-13T07:27:38.366+0000] {processor.py:914} INFO - Processing file /opt/airflow/dags/weather_dag.py for tasks to queue
[2026-08-13T07:27:38.373+0000] {logging_mixin.py:190} INFO - [2026-08-13T07:27:38.372+0000] {dagbag.py:588} INFO - Filling up the DagBag from /opt/airflow/dags/weather_dag.py
[2026-08-13T07:27:38.398+0000] {processor.py:925} INFO - DAG(s) 'weather_ingestion' retrieved from /opt/airflow/dags/weather_dag.py
[2026-08-13T07:27:38.444+0000] {logging_mixin.py:190} INFO - [2026-08-13T07:27:38.444+0000] {dag.py:3239} INFO - Sync 1 DAGs
[2026-08-13T07:27:38.463+0000] {logging_mixin.py:190} INFO - [2026-08-13T07:27:38.463+0000] {dag.py:4180} INFO - Setting next_dagrun for weather_ingestion to 2026-08-13 07:00:00+00:00, run_after=2026-08-13 08:00:00+00:00
[2026-08-13T07:27:38.474+0000] {processor.py:208} INFO - Processing /opt/airflow/dags/weather_dag.py took 0.127 seconds
[2026-08-13T07:28:08.812+0000] {processor.py:186} INFO - Started process (PID=3326) to work on /opt/airflow/dags/weather_dag.py
[2026-08-13T07:28:08.814+0000] {processor.py:914} INFO - Processing file /opt/airflow/dags/weather_dag.py for tasks to queue
[2026-08-13T07:28:08.817+0000] {logging_mixin.py:190} INFO - [2026-08-13T07:28:08.816+0000] {dagbag.py:588} INFO - Filling up the DagBag from /opt/airflow/dags/weather_dag.py
[2026-08-13T07:28:08.828+0000] {processor.py:925} INFO - DAG(s) 'weather_ingestion' retrieved from /opt/airflow/dags/weather_dag.py
[2026-08-13T07:28:08.849+0000] {logging_mixin.py:190} INFO - [2026-08-13T07:28:08.849+0000] {dag.py:3239} INFO - Sync 1 DAGs
[2026-08-13T07:28:08.861+0000] {logging_mixin.py:190} INFO - [2026-08-13T07:28:08.861+0000] {dag.py:4180} INFO - Setting next_dagrun for weather_ingestion to 2026-08-13 07:00:00+00:00, run_after=2026-08-13 08:00:00+00:00
[2026-08-13T07:28:08.869+0000] {processor.py:208} INFO - Processing /opt/airflow/dags/weather_dag.py took 0.063 seconds
[2026-08-13T07:28:39.090+0000] {processor.py:186} INFO - Started process (PID=3331) to work on /opt/airflow/dags/weather_dag.py
[2026-08-13T07:28:39.091+0000] {processor.py:914} INFO - Processing file /opt/airflow/dags/weather_dag.py for tasks to queue
[2026-08-13T07:28:39.094+0000] {logging_mixin.py:190} INFO - [2026-08-13T07:28:39.093+0000] {dagbag.py:588} INFO - Filling up the DagBag from /opt/airflow/dags/weather_dag.py
[2026-08-13T07:28:39.107+0000] {processor.py:925} INFO - DAG(s) 'weather_ingestion' retrieved from /opt/airflow/dags/weather_dag.py
[2026-08-13T07:28:39.129+0000] {logging_mixin.py:190} INFO - [2026-08-13T07:28:39.128+0000] {dag.py:3239} INFO - Sync 1 DAGs
[2026-08-13T07:28:39.143+0000] {logging_mixin.py:190} INFO - [2026-08-13T07:28:39.142+0000] {dag.py:4180} INFO - Setting next_dagrun for weather_ingestion to 2026-08-13 07:00:00+00:00, run_after=2026-08-13 08:00:00+00:00
[2026-08-13T07:28:39.151+0000] {processor.py:208} INFO - Processing /opt/airflow/dags/weather_dag.py took 0.070 seconds
[2026-08-13T07:29:09.381+0000] {processor.py:186} INFO - Started process (PID=3336) to work on /opt/airflow/dags/weather_dag.py
[2026-08-13T07:29:09.383+0000] {processor.py:914} INFO - Processing file /opt/airflow/dags/weather_dag.py for tasks to queue
[2026-08-13T07:29:09.386+0000] {logging_mixin.py:190} INFO - [2026-08-13T07:29:09.386+0000] {dagbag.py:588} INFO - Filling up the DagBag from /opt/airflow/dags/weather_dag.py
[2026-08-13T07:29:09.397+0000] {processor.py:925} INFO - DAG(s) 'weather_ingestion' retrieved from /opt/airflow/dags/weather_dag.py
[2026-08-13T07:29:09.416+0000] {logging_mixin.py:190} INFO - [2026-08-13T07:29:09.416+0000] {dag.py:3239} INFO - Sync 1 DAGs
[2026-08-13T07:29:09.428+0000] {logging_mixin.py:190} INFO - [2026-08-13T07:29:09.428+0000] {dag.py:4180} INFO - Setting next_dagrun for weather_ingestion to 2026-08-13 07:00:00+00:00, run_after=2026-08-13 08:00:00+00:00
[2026-08-13T07:29:09.436+0000] {processor.py:208} INFO - Processing /opt/airflow/dags/weather_dag.py took 0.062 seconds
[2026-08-13T07:29:39.732+0000] {processor.py:186} INFO - Started process (PID=3341) to work on /opt/airflow/dags/weather_dag.py
[2026-08-13T07:29:39.733+0000] {processor.py:914} INFO - Processing file /opt/airflow/dags/weather_dag.py for tasks to queue
[2026-08-13T07:29:39.736+0000] {logging_mixin.py:190} INFO - [2026-08-13T07:29:39.735+0000] {dagbag.py:588} INFO - Filling up the DagBag from /opt/airflow/dags/weather_dag.py
[2026-08-13T07:29:39.746+0000] {processor.py:925} INFO - DAG(s) 'weather_ingestion' retrieved from /opt/airflow/dags/weather_dag.py
[2026-08-13T07:29:39.763+0000] {logging_mixin.py:190} INFO - [2026-08-13T07:29:39.763+0000] {dag.py:3239} INFO - Sync 1 DAGs
[2026-08-13T07:29:39.775+0000] {logging_mixin.py:190} INFO - [2026-08-13T07:29:39.775+0000] {dag.py:4180} INFO - Setting next_dagrun for weather_ingestion to 2026-08-13 07:00:00+00:00, run_after=2026-08-13 08:00:00+00:00
[2026-08-13T07:29:39.782+0000] {processor.py:208} INFO - Processing /opt/airflow/dags/weather_dag.py took 0.057 seconds
[2026-08-13T07:30:10.403+0000] {processor.py:186} INFO - Started process (PID=3346) to work on /opt/airflow/dags/weather_dag.py
[2026-08-13T07:30:10.404+0000] {processor.py:914} INFO - Processing file /opt/airflow/dags/weather_dag.py for tasks to queue
[2026-08-13T07:30:10.411+0000] {logging_mixin.py:190} INFO - [2026-08-13T07:30:10.410+0000] {dagbag.py:588} INFO - Filling up the DagBag from /opt/airflow/dags/weather_dag.py
[2026-08-13T07:30:10.433+0000] {processor.py:925} INFO - DAG(s) 'weather_ingestion' retrieved from /opt/airflow/dags/weather_dag.py
[2026-08-13T07:30:10.462+0000] {logging_mixin.py:190} INFO - [2026-08-13T07:30:10.462+0000] {dag.py:3239} INFO - Sync 1 DAGs
[2026-08-13T07:30:10.481+0000] {logging_mixin.py:190} INFO - [2026-08-13T07:30:10.481+0000] {dag.py:4180} INFO - Setting next_dagrun for weather_ingestion to 2026-08-13 07:00:00+00:00, run_after=2026-08-13 08:00:00+00:00
[2026-08-13T07:30:10.491+0000] {processor.py:208} INFO - Processing /opt/airflow/dags/weather_dag.py took 0.131 seconds
[2026-08-13T07:30:40.731+0000] {processor.py:186} INFO - Started process (PID=3351) to work on /opt/airflow/dags/weather_dag.py
[2026-08-13T07:30:40.734+0000] {processor.py:914} INFO - Processing file /opt/airflow/dags/weather_dag.py for tasks to queue
[2026-08-13T07:30:40.739+0000] {logging_mixin.py:190} INFO - [2026-08-13T07:30:40.738+0000] {dagbag.py:588} INFO - Filling up the DagBag from /opt/airflow/dags/weather_dag.py
[2026-08-13T07:30:40.759+0000] {processor.py:925} INFO - DAG(s) 'weather_ingestion' retrieved from /opt/airflow/dags/weather_dag.py
[2026-08-13T07:30:40.784+0000] {logging_mixin.py:190} INFO - [2026-08-13T07:30:40.784+0000] {dag.py:3239} INFO - Sync 1 DAGs
[2026-08-13T07:30:40.801+0000] {logging_mixin.py:190} INFO - [2026-08-13T07:30:40.801+0000] {dag.py:4180} INFO - Setting next_dagrun for weather_ingestion to 2026-08-13 07:00:00+00:00, run_after=2026-08-13 08:00:00+00:00
[2026-08-13T07:30:40.811+0000] {processor.py:208} INFO - Processing /opt/airflow/dags/weather_dag.py took 0.091 seconds
[2026-08-13T07:31:11.069+0000] {processor.py:186} INFO - Started process (PID=3356) to work on /opt/airflow/dags/weather_dag.py
[2026-08-13T07:31:11.072+0000] {processor.py:914} INFO - Processing file /opt/airflow/dags/weather_dag.py for tasks to queue
[2026-08-13T07:31:11.074+0000] {logging_mixin.py:190} INFO - [2026-08-13T07:31:11.073+0000] {dagbag.py:588} INFO - Filling up the DagBag from /opt/airflow/dags/weather_dag.py
[2026-08-13T07:31:11.084+0000] {processor.py:925} INFO - DAG(s) 'weather_ingestion' retrieved from /opt/airflow/dags/weather_dag.py
[2026-08-13T07:31:11.102+0000] {logging_mixin.py:190} INFO - [2026-08-13T07:31:11.101+0000] {dag.py:3239} INFO - Sync 1 DAGs
[2026-08-13T07:31:11.115+0000] {logging_mixin.py:190} INFO - [2026-08-13T07:31:11.115+0000] {dag.py:4180} INFO - Setting next_dagrun for weather_ingestion to 2026-08-13 07:00:00+00:00, run_after=2026-08-13 08:00:00+00:00
[2026-08-13T07:31:11.125+0000] {processor.py:208} INFO - Processing /opt/airflow/dags/weather_dag.py took 0.065 seconds
[2026-08-13T07:31:41.448+0000] {processor.py:186} INFO - Started process (PID=3361) to work on /opt/airflow/dags/weather_dag.py
[2026-08-13T07:31:41.449+0000] {processor.py:914} INFO - Processing file /opt/airflow/dags/weather_dag.py for tasks to queue
[2026-08-13T07:31:41.451+0000] {logging_mixin.py:190} INFO - [2026-08-13T07:31:41.451+0000] {dagbag.py:588} INFO - Filling up the DagBag from /opt/airflow/dags/weather_dag.py
[2026-08-13T07:31:41.462+0000] {processor.py:925} INFO - DAG(s) 'weather_ingestion' retrieved from /opt/airflow/dags/weather_dag.py
[2026-08-13T07:31:41.480+0000] {logging_mixin.py:190} INFO - [2026-08-13T07:31:41.480+0000] {dag.py:3239} INFO - Sync 1 DAGs
[2026-08-13T07:31:41.493+0000] {logging_mixin.py:190} INFO - [2026-08-13T07:31:41.493+0000] {dag.py:4180} INFO - Setting next_dagrun for weather_ingestion to 2026-08-13 07:00:00+00:00, run_after=2026-08-13 08:00:00+00:00
[2026-08-13T07:31:41.500+0000] {processor.py:208} INFO - Processing /opt/airflow/dags/weather_dag.py took 0.061 seconds
[2026-08-13T07:32:11.811+0000] {processor.py:186} INFO - Started process (PID=3366) to work on /opt/airflow/dags/weather_dag.py
[2026-08-13T07:32:11.812+0000] {processor.py:914} INFO - Processing file /opt/airflow/dags/weather_dag.py for tasks to queue
[2026-08-13T07:32:11.815+0000] {logging_mixin.py:190} INFO - [2026-08-13T07:32:11.815+0000] {dagbag.py:588} INFO - Filling up the DagBag from /opt/airflow/dags/weather_dag.py
[2026-08-13T07:32:11.826+0000] {processor.py:925} INFO - DAG(s) 'weather_ingestion' retrieved from /opt/airflow/dags/weather_dag.py
[2026-08-13T07:32:11.844+0000] {logging_mixin.py:190} INFO - [2026-08-13T07:32:11.844+0000] {dag.py:3239} INFO - Sync 1 DAGs
[2026-08-13T07:32:11.856+0000] {logging_mixin.py:190} INFO - [2026-08-13T07:32:11.856+0000] {dag.py:4180} INFO - Setting next_dagrun for weather_ingestion to 2026-08-13 07:00:00+00:00, run_after=2026-08-13 08:00:00+00:00
[2026-08-13T07:32:11.863+0000] {processor.py:208} INFO - Processing /opt/airflow/dags/weather_dag.py took 0.058 seconds
[2026-08-13T07:32:42.185+0000] {processor.py:186} INFO - Started process (PID=3371) to work on /opt/airflow/dags/weather_dag.py
[2026-08-13T07:32:42.187+0000] {processor.py:914} INFO - Processing file /opt/airflow/dags/weather_dag.py for tasks to queue
[2026-08-13T07:32:42.191+0000] {logging_mixin.py:190} INFO - [2026-08-13T07:32:42.191+0000] {dagbag.py:588} INFO - Filling up the DagBag from /opt/airflow/dags/weather_dag.py
[2026-08-13T07:32:42.209+0000] {processor.py:925} INFO - DAG(s) 'weather_ingestion' retrieved from /opt/airflow/dags/weather_dag.py
[2026-08-13T07:32:42.239+0000] {logging_mixin.py:190} INFO - [2026-08-13T07:32:42.239+0000] {dag.py:3239} INFO - Sync 1 DAGs
[2026-08-13T07:32:42.256+0000] {logging_mixin.py:190} INFO - [2026-08-13T07:32:42.256+0000] {dag.py:4180} INFO - Setting next_dagrun for weather_ingestion to 2026-08-13 07:00:00+00:00, run_after=2026-08-13 08:00:00+00:00
[2026-08-13T07:32:42.266+0000] {processor.py:208} INFO - Processing /opt/airflow/dags/weather_dag.py took 0.090 seconds
[2026-08-13T07:33:12.512+0000] {processor.py:186} INFO - Started process (PID=3376) to work on /opt/airflow/dags/weather_dag.py
[2026-08-13T07:33:12.514+0000] {processor.py:914} INFO - Processing file /opt/airflow/dags/weather_dag.py for tasks to queue
[2026-08-13T07:33:12.518+0000] {logging_mixin.py:190} INFO - [2026-08-13T07:33:12.517+0000] {dagbag.py:588} INFO - Filling up the DagBag from /opt/airflow/dags/weather_dag.py
[2026-08-13T07:33:12.529+0000] {processor.py:925} INFO - DAG(s) 'weather_ingestion' retrieved from /opt/airflow/dags/weather_dag.py
[2026-08-13T07:33:12.549+0000] {logging_mixin.py:190} INFO - [2026-08-13T07:33:12.549+0000] {dag.py:3239} INFO - Sync 1 DAGs
[2026-08-13T07:33:12.561+0000] {logging_mixin.py:190} INFO - [2026-08-13T07:33:12.561+0000] {dag.py:4180} INFO - Setting next_dagrun for weather_ingestion to 2026-08-13 07:00:00+00:00, run_after=2026-08-13 08:00:00+00:00
[2026-08-13T07:33:12.568+0000] {processor.py:208} INFO - Processing /opt/airflow/dags/weather_dag.py took 0.063 seconds
[2026-08-13T07:33:42.876+0000] {processor.py:186} INFO - Started process (PID=3381) to work on /opt/airflow/dags/weather_dag.py
[2026-08-13T07:33:42.878+0000] {processor.py:914} INFO - Processing file /opt/airflow/dags/weather_dag.py for tasks to queue
[2026-08-13T07:33:42.882+0000] {logging_mixin.py:190} INFO - [2026-08-13T07:33:42.882+0000] {dagbag.py:588} INFO - Filling up the DagBag from /opt/airflow/dags/weather_dag.py
[2026-08-13T07:33:42.895+0000] {processor.py:925} INFO - DAG(s) 'weather_ingestion' retrieved from /opt/airflow/dags/weather_dag.py
[2026-08-13T07:33:42.915+0000] {logging_mixin.py:190} INFO - [2026-08-13T07:33:42.915+0000] {dag.py:3239} INFO - Sync 1 DAGs
[2026-08-13T07:33:42.928+0000] {logging_mixin.py:190} INFO - [2026-08-13T07:33:42.928+0000] {dag.py:4180} INFO - Setting next_dagrun for weather_ingestion to 2026-08-13 07:00:00+00:00, run_after=2026-08-13 08:00:00+00:00
[2026-08-13T07:33:42.936+0000] {processor.py:208} INFO - Processing /opt/airflow/dags/weather_dag.py took 0.067 seconds
[2026-08-13T07:34:13.229+0000] {processor.py:186} INFO - Started process (PID=3386) to work on /opt/airflow/dags/weather_dag.py
[2026-08-13T07:34:13.231+0000] {processor.py:914} INFO - Processing file /opt/airflow/dags/weather_dag.py for tasks to queue
[2026-08-13T07:34:13.233+0000] {logging_mixin.py:190} INFO - [2026-08-13T07:34:13.233+0000] {dagbag.py:588} INFO - Filling up the DagBag from /opt/airflow/dags/weather_dag.py
[2026-08-13T07:34:13.243+0000] {processor.py:925} INFO - DAG(s) 'weather_ingestion' retrieved from /opt/airflow/dags/weather_dag.py
[2026-08-13T07:34:13.262+0000] {logging_mixin.py:190} INFO - [2026-08-13T07:34:13.262+0000] {dag.py:3239} INFO - Sync 1 DAGs
[2026-08-13T07:34:13.273+0000] {logging_mixin.py:190} INFO - [2026-08-13T07:34:13.273+0000] {dag.py:4180} INFO - Setting next_dagrun for weather_ingestion to 2026-08-13 07:00:00+00:00, run_after=2026-08-13 08:00:00+00:00
[2026-08-13T07:34:13.280+0000] {processor.py:208} INFO - Processing /opt/airflow/dags/weather_dag.py took 0.057 seconds
[2026-08-13T07:34:43.607+0000] {processor.py:186} INFO - Started process (PID=3391) to work on /opt/airflow/dags/weather_dag.py
[2026-08-13T07:34:43.609+0000] {processor.py:914} INFO - Processing file /opt/airflow/dags/weather_dag.py for tasks to queue
[2026-08-13T07:34:43.611+0000] {logging_mixin.py:190} INFO - [2026-08-13T07:34:43.610+0000] {dagbag.py:588} INFO - Filling up the DagBag from /opt/airflow/dags/weather_dag.py
[2026-08-13T07:34:43.620+0000] {processor.py:925} INFO - DAG(s) 'weather_ingestion' retrieved from /opt/airflow/dags/weather_dag.py
[2026-08-13T07:34:43.638+0000] {logging_mixin.py:190} INFO - [2026-08-13T07:34:43.638+0000] {dag.py:3239} INFO - Sync 1 DAGs
[2026-08-13T07:34:43.651+0000] {logging_mixin.py:190} INFO - [2026-08-13T07:34:43.651+0000] {dag.py:4180} INFO - Setting next_dagrun for weather_ingestion to 2026-08-13 07:00:00+00:00, run_after=2026-08-13 08:00:00+00:00
[2026-08-13T07:34:43.659+0000] {processor.py:208} INFO - Processing /opt/airflow/dags/weather_dag.py took 0.059 seconds
[2026-08-13T07:35:13.921+0000] {processor.py:186} INFO - Started process (PID=3396) to work on /opt/airflow/dags/weather_dag.py
[2026-08-13T07:35:13.924+0000] {processor.py:914} INFO - Processing file /opt/airflow/dags/weather_dag.py for tasks to queue
[2026-08-13T07:35:13.930+0000] {logging_mixin.py:190} INFO - [2026-08-13T07:35:13.929+0000] {dagbag.py:588} INFO - Filling up the DagBag from /opt/airflow/dags/weather_dag.py
[2026-08-13T07:35:13.959+0000] {processor.py:925} INFO - DAG(s) 'weather_ingestion' retrieved from /opt/airflow/dags/weather_dag.py
[2026-08-13T07:35:13.997+0000] {logging_mixin.py:190} INFO - [2026-08-13T07:35:13.997+0000] {dag.py:3239} INFO - Sync 1 DAGs
[2026-08-13T07:35:14.013+0000] {logging_mixin.py:190} INFO - [2026-08-13T07:35:14.013+0000] {dag.py:4180} INFO - Setting next_dagrun for weather_ingestion to 2026-08-13 07:00:00+00:00, run_after=2026-08-13 08:00:00+00:00
[2026-08-13T07:35:14.022+0000] {processor.py:208} INFO - Processing /opt/airflow/dags/weather_dag.py took 0.112 seconds
[2026-08-13T07:35:44.283+0000] {processor.py:186} INFO - Started process (PID=3401) to work on /opt/airflow/dags/weather_dag.py
[2026-08-13T07:35:44.286+0000] {processor.py:914} INFO - Processing file /opt/airflow/dags/weather_dag.py for tasks to queue
[2026-08-13T07:35:44.289+0000] {logging_mixin.py:190} INFO - [2026-08-13T07:35:44.288+0000] {dagbag.py:588} INFO - Filling up the DagBag from /opt/airflow/dags/weather_dag.py
[2026-08-13T07:35:44.303+0000] {processor.py:925} INFO - DAG(s) 'weather_ingestion' retrieved from /opt/airflow/dags/weather_dag.py
[2026-08-13T07:35:44.330+0000] {logging_mixin.py:190} INFO - [2026-08-13T07:35:44.330+0000] {dag.py:3239} INFO - Sync 1 DAGs
[2026-08-13T07:35:44.343+0000] {logging_mixin.py:190} INFO - [2026-08-13T07:35:44.343+0000] {dag.py:4180} INFO - Setting next_dagrun for weather_ingestion to 2026-08-13 07:00:00+00:00, run_after=2026-08-13 08:00:00+00:00
[2026-08-13T07:35:44.350+0000] {processor.py:208} INFO - Processing /opt/airflow/dags/weather_dag.py took 0.074 seconds
[2026-08-13T07:36:14.719+0000] {processor.py:186} INFO - Started process (PID=3406) to work on /opt/airflow/dags/weather_dag.py
[2026-08-13T07:36:14.720+0000] {processor.py:914} INFO - Processing file /opt/airflow/dags/weather_dag.py for tasks to queue
[2026-08-13T07:36:14.722+0000] {logging_mixin.py:190} INFO - [2026-08-13T07:36:14.721+0000] {dagbag.py:588} INFO - Filling up the DagBag from /opt/airflow/dags/weather_dag.py
[2026-08-13T07:36:14.732+0000] {processor.py:925} INFO - DAG(s) 'weather_ingestion' retrieved from /opt/airflow/dags/weather_dag.py
[2026-08-13T07:36:14.751+0000] {logging_mixin.py:190} INFO - [2026-08-13T07:36:14.750+0000] {dag.py:3239} INFO - Sync 1 DAGs
[2026-08-13T07:36:14.764+0000] {logging_mixin.py:190} INFO - [2026-08-13T07:36:14.764+0000] {dag.py:4180} INFO - Setting next_dagrun for weather_ingestion to 2026-08-13 07:00:00+00:00, run_after=2026-08-13 08:00:00+00:00
[2026-08-13T07:36:14.772+0000] {processor.py:208} INFO - Processing /opt/airflow/dags/weather_dag.py took 0.061 seconds
[2026-08-13T07:36:45.133+0000] {processor.py:186} INFO - Started process (PID=3411) to work on /opt/airflow/dags/weather_dag.py
[2026-08-13T07:36:45.135+0000] {processor.py:914} INFO - Processing file /opt/airflow/dags/weather_dag.py for tasks to queue
[2026-08-13T07:36:45.139+0000] {logging_mixin.py:190} INFO - [2026-08-13T07:36:45.139+0000] {dagbag.py:588} INFO - Filling up the DagBag from /opt/airflow/dags/weather_dag.py
[2026-08-13T07:36:45.155+0000] {processor.py:925} INFO - DAG(s) 'weather_ingestion' retrieved from /opt/airflow/dags/weather_dag.py
[2026-08-13T07:36:45.182+0000] {logging_mixin.py:190} INFO - [2026-08-13T07:36:45.182+0000] {dag.py:3239} INFO - Sync 1 DAGs
[2026-08-13T07:36:45.199+0000] {logging_mixin.py:190} INFO - [2026-08-13T07:36:45.199+0000] {dag.py:4180} INFO - Setting next_dagrun for weather_ingestion to 2026-08-13 07:00:00+00:00, run_after=2026-08-13 08:00:00+00:00
[2026-08-13T07:36:45.214+0000] {processor.py:208} INFO - Processing /opt/airflow/dags/weather_dag.py took 0.092 seconds
[2026-08-13T07:37:15.478+0000] {processor.py:186} INFO - Started process (PID=3416) to work on /opt/airflow/dags/weather_dag.py
[2026-08-13T07:37:15.481+0000] {processor.py:914} INFO - Processing file /opt/airflow/dags/weather_dag.py for tasks to queue
[2026-08-13T07:37:15.485+0000] {logging_mixin.py:190} INFO - [2026-08-13T07:37:15.484+0000] {dagbag.py:588} INFO - Filling up the DagBag from /opt/airflow/dags/weather_dag.py
[2026-08-13T07:37:15.502+0000] {processor.py:925} INFO - DAG(s) 'weather_ingestion' retrieved from /opt/airflow/dags/weather_dag.py
[2026-08-13T07:37:15.527+0000] {logging_mixin.py:190} INFO - [2026-08-13T07:37:15.527+0000] {dag.py:3239} INFO - Sync 1 DAGs
[2026-08-13T07:37:15.543+0000] {logging_mixin.py:190} INFO - [2026-08-13T07:37:15.543+0000] {dag.py:4180} INFO - Setting next_dagrun for weather_ingestion to 2026-08-13 07:00:00+00:00, run_after=2026-08-13 08:00:00+00:00
[2026-08-13T07:37:15.552+0000] {processor.py:208} INFO - Processing /opt/airflow/dags/weather_dag.py took 0.089 seconds
[2026-08-13T07:37:45.793+0000] {processor.py:186} INFO - Started process (PID=3421) to work on /opt/airflow/dags/weather_dag.py
[2026-08-13T07:37:45.795+0000] {processor.py:914} INFO - Processing file /opt/airflow/dags/weather_dag.py for tasks to queue
[2026-08-13T07:37:45.800+0000] {logging_mixin.py:190} INFO - [2026-08-13T07:37:45.800+0000] {dagbag.py:588} INFO - Filling up the DagBag from /opt/airflow/dags/weather_dag.py
[2026-08-13T07:37:45.825+0000] {processor.py:925} INFO - DAG(s) 'weather_ingestion' retrieved from /opt/airflow/dags/weather_dag.py
[2026-08-13T07:37:45.856+0000] {logging_mixin.py:190} INFO - [2026-08-13T07:37:45.856+0000] {dag.py:3239} INFO - Sync 1 DAGs
[2026-08-13T07:37:45.874+0000] {logging_mixin.py:190} INFO - [2026-08-13T07:37:45.874+0000] {dag.py:4180} INFO - Setting next_dagrun for weather_ingestion to 2026-08-13 07:00:00+00:00, run_after=2026-08-13 08:00:00+00:00
[2026-08-13T07:37:45.884+0000] {processor.py:208} INFO - Processing /opt/airflow/dags/weather_dag.py took 0.105 seconds
[2026-08-13T07:38:16.226+0000] {processor.py:186} INFO - Started process (PID=3426) to work on /opt/airflow/dags/weather_dag.py
[2026-08-13T07:38:16.227+0000] {processor.py:914} INFO - Processing file /opt/airflow/dags/weather_dag.py for tasks to queue
[2026-08-13T07:38:16.230+0000] {logging_mixin.py:190} INFO - [2026-08-13T07:38:16.229+0000] {dagbag.py:588} INFO - Filling up the DagBag from /opt/airflow/dags/weather_dag.py
[2026-08-13T07:38:16.241+0000] {processor.py:925} INFO - DAG(s) 'weather_ingestion' retrieved from /opt/airflow/dags/weather_dag.py
[2026-08-13T07:38:16.264+0000] {logging_mixin.py:190} INFO - [2026-08-13T07:38:16.263+0000] {dag.py:3239} INFO - Sync 1 DAGs
[2026-08-13T07:38:16.278+0000] {logging_mixin.py:190} INFO - [2026-08-13T07:38:16.278+0000] {dag.py:4180} INFO - Setting next_dagrun for weather_ingestion to 2026-08-13 07:00:00+00:00, run_after=2026-08-13 08:00:00+00:00
[2026-08-13T07:38:16.286+0000] {processor.py:208} INFO - Processing /opt/airflow/dags/weather_dag.py took 0.065 seconds
[2026-08-13T07:38:46.585+0000] {processor.py:186} INFO - Started process (PID=3431) to work on /opt/airflow/dags/weather_dag.py
[2026-08-13T07:38:46.587+0000] {processor.py:914} INFO - Processing file /opt/airflow/dags/weather_dag.py for tasks to queue
[2026-08-13T07:38:46.592+0000] {logging_mixin.py:190} INFO - [2026-08-13T07:38:46.591+0000] {dagbag.py:588} INFO - Filling up the DagBag from /opt/airflow/dags/weather_dag.py
[2026-08-13T07:38:46.608+0000] {processor.py:925} INFO - DAG(s) 'weather_ingestion' retrieved from /opt/airflow/dags/weather_dag.py
[2026-08-13T07:38:46.628+0000] {logging_mixin.py:190} INFO - [2026-08-13T07:38:46.628+0000] {dag.py:3239} INFO - Sync 1 DAGs
[2026-08-13T07:38:46.642+0000] {logging_mixin.py:190} INFO - [2026-08-13T07:38:46.642+0000] {dag.py:4180} INFO - Setting next_dagrun for weather_ingestion to 2026-08-13 07:00:00+00:00, run_after=2026-08-13 08:00:00+00:00
[2026-08-13T07:38:46.650+0000] {processor.py:208} INFO - Processing /opt/airflow/dags/weather_dag.py took 0.080 seconds
[2026-08-13T07:39:16.942+0000] {processor.py:186} INFO - Started process (PID=3436) to work on /opt/airflow/dags/weather_dag.py
[2026-08-13T07:39:16.943+0000] {processor.py:914} INFO - Processing file /opt/airflow/dags/weather_dag.py for tasks to queue
[2026-08-13T07:39:16.945+0000] {logging_mixin.py:190} INFO - [2026-08-13T07:39:16.945+0000] {dagbag.py:588} INFO - Filling up the DagBag from /opt/airflow/dags/weather_dag.py
[2026-08-13T07:39:16.954+0000] {processor.py:925} INFO - DAG(s) 'weather_ingestion' retrieved from /opt/airflow/dags/weather_dag.py
[2026-08-13T07:39:16.971+0000] {logging_mixin.py:190} INFO - [2026-08-13T07:39:16.971+0000] {dag.py:3239} INFO - Sync 1 DAGs
[2026-08-13T07:39:16.983+0000] {logging_mixin.py:190} INFO - [2026-08-13T07:39:16.983+0000] {dag.py:4180} INFO - Setting next_dagrun for weather_ingestion to 2026-08-13 07:00:00+00:00, run_after=2026-08-13 08:00:00+00:00
[2026-08-13T07:39:16.990+0000] {processor.py:208} INFO - Processing /opt/airflow/dags/weather_dag.py took 0.053 seconds
[2026-08-13T07:39:47.270+0000] {processor.py:186} INFO - Started process (PID=3441) to work on /opt/airflow/dags/weather_dag.py
[2026-08-13T07:39:47.272+0000] {processor.py:914} INFO - Processing file /opt/airflow/dags/weather_dag.py for tasks to queue
[2026-08-13T07:39:47.274+0000] {logging_mixin.py:190} INFO - [2026-08-13T07:39:47.274+0000] {dagbag.py:588} INFO - Filling up the DagBag from /opt/airflow/dags/weather_dag.py
[2026-08-13T07:39:47.286+0000] {processor.py:925} INFO - DAG(s) 'weather_ingestion' retrieved from /opt/airflow/dags/weather_dag.py
[2026-08-13T07:39:47.306+0000] {logging_mixin.py:190} INFO - [2026-08-13T07:39:47.305+0000] {dag.py:3239} INFO - Sync 1 DAGs
[2026-08-13T07:39:47.317+0000] {logging_mixin.py:190} INFO - [2026-08-13T07:39:47.317+0000] {dag.py:4180} INFO - Setting next_dagrun for weather_ingestion to 2026-08-13 07:00:00+00:00, run_after=2026-08-13 08:00:00+00:00
[2026-08-13T07:39:47.324+0000] {processor.py:208} INFO - Processing /opt/airflow/dags/weather_dag.py took 0.060 seconds
[2026-08-13T07:40:17.653+0000] {processor.py:186} INFO - Started process (PID=3446) to work on /opt/airflow/dags/weather_dag.py
[2026-08-13T07:40:17.655+0000] {processor.py:914} INFO - Processing file /opt/airflow/dags/weather_dag.py for tasks to queue
[2026-08-13T07:40:17.657+0000] {logging_mixin.py:190} INFO - [2026-08-13T07:40:17.656+0000] {dagbag.py:588} INFO - Filling up the DagBag from /opt/airflow/dags/weather_dag.py
[2026-08-13T07:40:17.668+0000] {processor.py:925} INFO - DAG(s) 'weather_ingestion' retrieved from /opt/airflow/dags/weather_dag.py
[2026-08-13T07:40:17.687+0000] {logging_mixin.py:190} INFO - [2026-08-13T07:40:17.687+0000] {dag.py:3239} INFO - Sync 1 DAGs
[2026-08-13T07:40:17.699+0000] {logging_mixin.py:190} INFO - [2026-08-13T07:40:17.699+0000] {dag.py:4180} INFO - Setting next_dagrun for weather_ingestion to 2026-08-13 07:00:00+00:00, run_after=2026-08-13 08:00:00+00:00
[2026-08-13T07:40:17.708+0000] {processor.py:208} INFO - Processing /opt/airflow/dags/weather_dag.py took 0.061 seconds
[2026-08-13T07:40:48.026+0000] {processor.py:186} INFO - Started process (PID=3451) to work on /opt/airflow/dags/weather_dag.py
[2026-08-13T07:40:48.029+0000] {processor.py:914} INFO - Processing file /opt/airflow/dags/weather_dag.py for tasks to queue
[2026-08-13T07:40:48.032+0000] {logging_mixin.py:190} INFO - [2026-08-13T07:40:48.032+0000] {dagbag.py:588} INFO - Filling up the DagBag from /opt/airflow/dags/weather_dag.py
[2026-08-13T07:40:48.045+0000] {processor.py:925} INFO - DAG(s) 'weather_ingestion' retrieved from /opt/airflow/dags/weather_dag.py
[2026-08-13T07:40:48.066+0000] {logging_mixin.py:190} INFO - [2026-08-13T07:40:48.066+0000] {dag.py:3239} INFO - Sync 1 DAGs
[2026-08-13T07:40:48.079+0000] {logging_mixin.py:190} INFO - [2026-08-13T07:40:48.079+0000] {dag.py:4180} INFO - Setting next_dagrun for weather_ingestion to 2026-08-13 07:00:00+00:00, run_after=2026-08-13 08:00:00+00:00
[2026-08-13T07:40:48.089+0000] {processor.py:208} INFO - Processing /opt/airflow/dags/weather_dag.py took 0.070 seconds
[2026-08-13T07:41:18.428+0000] {processor.py:186} INFO - Started process (PID=3456) to work on /opt/airflow/dags/weather_dag.py
[2026-08-13T07:41:18.429+0000] {processor.py:914} INFO - Processing file /opt/airflow/dags/weather_dag.py for tasks to queue
[2026-08-13T07:41:18.433+0000] {logging_mixin.py:190} INFO - [2026-08-13T07:41:18.433+0000] {dagbag.py:588} INFO - Filling up the DagBag from /opt/airflow/dags/weather_dag.py
[2026-08-13T07:41:18.449+0000] {processor.py:925} INFO - DAG(s) 'weather_ingestion' retrieved from /opt/airflow/dags/weather_dag.py
[2026-08-13T07:41:18.474+0000] {logging_mixin.py:190} INFO - [2026-08-13T07:41:18.474+0000] {dag.py:3239} INFO - Sync 1 DAGs
[2026-08-13T07:41:18.490+0000] {logging_mixin.py:190} INFO - [2026-08-13T07:41:18.490+0000] {dag.py:4180} INFO - Setting next_dagrun for weather_ingestion to 2026-08-13 07:00:00+00:00, run_after=2026-08-13 08:00:00+00:00
[2026-08-13T07:41:18.498+0000] {processor.py:208} INFO - Processing /opt/airflow/dags/weather_dag.py took 0.082 seconds
[2026-08-13T07:41:48.799+0000] {processor.py:186} INFO - Started process (PID=3461) to work on /opt/airflow/dags/weather_dag.py
[2026-08-13T07:41:48.802+0000] {processor.py:914} INFO - Processing file /opt/airflow/dags/weather_dag.py for tasks to queue
[2026-08-13T07:41:48.806+0000] {logging_mixin.py:190} INFO - [2026-08-13T07:41:48.805+0000] {dagbag.py:588} INFO - Filling up the DagBag from /opt/airflow/dags/weather_dag.py
[2026-08-13T07:41:48.824+0000] {processor.py:925} INFO - DAG(s) 'weather_ingestion' retrieved from /opt/airflow/dags/weather_dag.py
[2026-08-13T07:41:48.845+0000] {logging_mixin.py:190} INFO - [2026-08-13T07:41:48.845+0000] {dag.py:3239} INFO - Sync 1 DAGs
[2026-08-13T07:41:48.863+0000] {logging_mixin.py:190} INFO - [2026-08-13T07:41:48.863+0000] {dag.py:4180} INFO - Setting next_dagrun for weather_ingestion to 2026-08-13 07:00:00+00:00, run_after=2026-08-13 08:00:00+00:00
[2026-08-13T07:41:48.871+0000] {processor.py:208} INFO - Processing /opt/airflow/dags/weather_dag.py took 0.080 seconds
[2026-08-13T07:42:19.127+0000] {processor.py:186} INFO - Started process (PID=3466) to work on /opt/airflow/dags/weather_dag.py
[2026-08-13T07:42:19.129+0000] {processor.py:914} INFO - Processing file /opt/airflow/dags/weather_dag.py for tasks to queue
[2026-08-13T07:42:19.131+0000] {logging_mixin.py:190} INFO - [2026-08-13T07:42:19.131+0000] {dagbag.py:588} INFO - Filling up the DagBag from /opt/airflow/dags/weather_dag.py
[2026-08-13T07:42:19.142+0000] {processor.py:925} INFO - DAG(s) 'weather_ingestion' retrieved from /opt/airflow/dags/weather_dag.py
[2026-08-13T07:42:19.160+0000] {logging_mixin.py:190} INFO - [2026-08-13T07:42:19.160+0000] {dag.py:3239} INFO - Sync 1 DAGs
[2026-08-13T07:42:19.171+0000] {logging_mixin.py:190} INFO - [2026-08-13T07:42:19.171+0000] {dag.py:4180} INFO - Setting next_dagrun for weather_ingestion to 2026-08-13 07:00:00+00:00, run_after=2026-08-13 08:00:00+00:00
[2026-08-13T07:42:19.177+0000] {processor.py:208} INFO - Processing /opt/airflow/dags/weather_dag.py took 0.056 seconds
[2026-08-13T07:42:49.509+0000] {processor.py:186} INFO - Started process (PID=3471) to work on /opt/airflow/dags/weather_dag.py
[2026-08-13T07:42:49.510+0000] {processor.py:914} INFO - Processing file /opt/airflow/dags/weather_dag.py for tasks to queue
[2026-08-13T07:42:49.513+0000] {logging_mixin.py:190} INFO - [2026-08-13T07:42:49.513+0000] {dagbag.py:588} INFO - Filling up the DagBag from /opt/airflow/dags/weather_dag.py
[2026-08-13T07:42:49.526+0000] {processor.py:925} INFO - DAG(s) 'weather_ingestion' retrieved from /opt/airflow/dags/weather_dag.py
[2026-08-13T07:42:49.553+0000] {logging_mixin.py:190} INFO - [2026-08-13T07:42:49.553+0000] {dag.py:3239} INFO - Sync 1 DAGs
[2026-08-13T07:42:49.572+0000] {logging_mixin.py:190} INFO - [2026-08-13T07:42:49.571+0000] {dag.py:4180} INFO - Setting next_dagrun for weather_ingestion to 2026-08-13 07:00:00+00:00, run_after=2026-08-13 08:00:00+00:00
[2026-08-13T07:42:49.581+0000] {processor.py:208} INFO - Processing /opt/airflow/dags/weather_dag.py took 0.080 seconds
[2026-08-13T07:43:19.862+0000] {processor.py:186} INFO - Started process (PID=3476) to work on /opt/airflow/dags/weather_dag.py
[2026-08-13T07:43:19.865+0000] {processor.py:914} INFO - Processing file /opt/airflow/dags/weather_dag.py for tasks to queue
[2026-08-13T07:43:19.869+0000] {logging_mixin.py:190} INFO - [2026-08-13T07:43:19.869+0000] {dagbag.py:588} INFO - Filling up the DagBag from /opt/airflow/dags/weather_dag.py
[2026-08-13T07:43:19.881+0000] {processor.py:925} INFO - DAG(s) 'weather_ingestion' retrieved from /opt/airflow/dags/weather_dag.py
[2026-08-13T07:43:19.898+0000] {logging_mixin.py:190} INFO - [2026-08-13T07:43:19.898+0000] {dag.py:3239} INFO - Sync 1 DAGs
[2026-08-13T07:43:19.911+0000] {logging_mixin.py:190} INFO - [2026-08-13T07:43:19.911+0000] {dag.py:4180} INFO - Setting next_dagrun for weather_ingestion to 2026-08-13 07:00:00+00:00, run_after=2026-08-13 08:00:00+00:00
[2026-08-13T07:43:19.919+0000] {processor.py:208} INFO - Processing /opt/airflow/dags/weather_dag.py took 0.065 seconds
[2026-08-13T07:43:50.246+0000] {processor.py:186} INFO - Started process (PID=3481) to work on /opt/airflow/dags/weather_dag.py
[2026-08-13T07:43:50.248+0000] {processor.py:914} INFO - Processing file /opt/airflow/dags/weather_dag.py for tasks to queue
[2026-08-13T07:43:50.251+0000] {logging_mixin.py:190} INFO - [2026-08-13T07:43:50.250+0000] {dagbag.py:588} INFO - Filling up the DagBag from /opt/airflow/dags/weather_dag.py
[2026-08-13T07:43:50.263+0000] {processor.py:925} INFO - DAG(s) 'weather_ingestion' retrieved from /opt/airflow/dags/weather_dag.py
[2026-08-13T07:43:50.281+0000] {logging_mixin.py:190} INFO - [2026-08-13T07:43:50.281+0000] {dag.py:3239} INFO - Sync 1 DAGs
[2026-08-13T07:43:50.294+0000] {logging_mixin.py:190} INFO - [2026-08-13T07:43:50.294+0000] {dag.py:4180} INFO - Setting next_dagrun for weather_ingestion to 2026-08-13 07:00:00+00:00, run_after=2026-08-13 08:00:00+00:00
[2026-08-13T07:43:50.301+0000] {processor.py:208} INFO - Processing /opt/airflow/dags/weather_dag.py took 0.063 seconds
[2026-08-13T07:44:20.644+0000] {processor.py:186} INFO - Started process (PID=3486) to work on /opt/airflow/dags/weather_dag.py
[2026-08-13T07:44:20.645+0000] {processor.py:914} INFO - Processing file /opt/airflow/dags/weather_dag.py for tasks to queue
[2026-08-13T07:44:20.647+0000] {logging_mixin.py:190} INFO - [2026-08-13T07:44:20.647+0000] {dagbag.py:588} INFO - Filling up the DagBag from /opt/airflow/dags/weather_dag.py
[2026-08-13T07:44:20.656+0000] {processor.py:925} INFO - DAG(s) 'weather_ingestion' retrieved from /opt/airflow/dags/weather_dag.py
[2026-08-13T07:44:20.674+0000] {logging_mixin.py:190} INFO - [2026-08-13T07:44:20.674+0000] {dag.py:3239} INFO - Sync 1 DAGs
[2026-08-13T07:44:20.687+0000] {logging_mixin.py:190} INFO - [2026-08-13T07:44:20.687+0000] {dag.py:4180} INFO - Setting next_dagrun for weather_ingestion to 2026-08-13 07:00:00+00:00, run_after=2026-08-13 08:00:00+00:00
[2026-08-13T07:44:20.695+0000] {processor.py:208} INFO - Processing /opt/airflow/dags/weather_dag.py took 0.057 seconds
[2026-08-13T07:44:51.099+0000] {processor.py:186} INFO - Started process (PID=3491) to work on /opt/airflow/dags/weather_dag.py
[2026-08-13T07:44:51.102+0000] {processor.py:914} INFO - Processing file /opt/airflow/dags/weather_dag.py for tasks to queue
[2026-08-13T07:44:51.106+0000] {logging_mixin.py:190} INFO - [2026-08-13T07:44:51.106+0000] {dagbag.py:588} INFO - Filling up the DagBag from /opt/airflow/dags/weather_dag.py
[2026-08-13T07:44:51.148+0000] {processor.py:925} INFO - DAG(s) 'weather_ingestion' retrieved from /opt/airflow/dags/weather_dag.py
[2026-08-13T07:44:51.193+0000] {logging_mixin.py:190} INFO - [2026-08-13T07:44:51.193+0000] {dag.py:3239} INFO - Sync 1 DAGs
[2026-08-13T07:44:51.220+0000] {logging_mixin.py:190} INFO - [2026-08-13T07:44:51.220+0000] {dag.py:4180} INFO - Setting next_dagrun for weather_ingestion to 2026-08-13 07:00:00+00:00, run_after=2026-08-13 08:00:00+00:00
[2026-08-13T07:44:51.235+0000] {processor.py:208} INFO - Processing /opt/airflow/dags/weather_dag.py took 0.145 seconds
[2026-08-13T07:45:21.447+0000] {processor.py:186} INFO - Started process (PID=3496) to work on /opt/airflow/dags/weather_dag.py
[2026-08-13T07:45:21.450+0000] {processor.py:914} INFO - Processing file /opt/airflow/dags/weather_dag.py for tasks to queue
[2026-08-13T07:45:21.453+0000] {logging_mixin.py:190} INFO - [2026-08-13T07:45:21.452+0000] {dagbag.py:588} INFO - Filling up the DagBag from /opt/airflow/dags/weather_dag.py
[2026-08-13T07:45:21.463+0000] {processor.py:925} INFO - DAG(s) 'weather_ingestion' retrieved from /opt/airflow/dags/weather_dag.py
[2026-08-13T07:45:21.481+0000] {logging_mixin.py:190} INFO - [2026-08-13T07:45:21.481+0000] {dag.py:3239} INFO - Sync 1 DAGs
[2026-08-13T07:45:21.493+0000] {logging_mixin.py:190} INFO - [2026-08-13T07:45:21.493+0000] {dag.py:4180} INFO - Setting next_dagrun for weather_ingestion to 2026-08-13 07:00:00+00:00, run_after=2026-08-13 08:00:00+00:00
[2026-08-13T07:45:21.501+0000] {processor.py:208} INFO - Processing /opt/airflow/dags/weather_dag.py took 0.064 seconds
[2026-08-13T07:45:51.880+0000] {processor.py:186} INFO - Started process (PID=3501) to work on /opt/airflow/dags/weather_dag.py
[2026-08-13T07:45:51.882+0000] {processor.py:914} INFO - Processing file /opt/airflow/dags/weather_dag.py for tasks to queue
[2026-08-13T07:45:51.887+0000] {logging_mixin.py:190} INFO - [2026-08-13T07:45:51.887+0000] {dagbag.py:588} INFO - Filling up the DagBag from /opt/airflow/dags/weather_dag.py
[2026-08-13T07:45:51.905+0000] {processor.py:925} INFO - DAG(s) 'weather_ingestion' retrieved from /opt/airflow/dags/weather_dag.py
[2026-08-13T07:45:51.928+0000] {logging_mixin.py:190} INFO - [2026-08-13T07:45:51.928+0000] {dag.py:3239} INFO - Sync 1 DAGs
[2026-08-13T07:45:51.943+0000] {logging_mixin.py:190} INFO - [2026-08-13T07:45:51.943+0000] {dag.py:4180} INFO - Setting next_dagrun for weather_ingestion to 2026-08-13 07:00:00+00:00, run_after=2026-08-13 08:00:00+00:00
[2026-08-13T07:45:51.951+0000] {processor.py:208} INFO - Processing /opt/airflow/dags/weather_dag.py took 0.080 seconds
[2026-08-13T07:46:22.235+0000] {processor.py:186} INFO - Started process (PID=3506) to work on /opt/airflow/dags/weather_dag.py
[2026-08-13T07:46:22.238+0000] {processor.py:914} INFO - Processing file /opt/airflow/dags/weather_dag.py for tasks to queue
[2026-08-13T07:46:22.240+0000] {logging_mixin.py:190} INFO - [2026-08-13T07:46:22.240+0000] {dagbag.py:588} INFO - Filling up the DagBag from /opt/airflow/dags/weather_dag.py
[2026-08-13T07:46:22.253+0000] {processor.py:925} INFO - DAG(s) 'weather_ingestion' retrieved from /opt/airflow/dags/weather_dag.py
[2026-08-13T07:46:22.273+0000] {logging_mixin.py:190} INFO - [2026-08-13T07:46:22.273+0000] {dag.py:3239} INFO - Sync 1 DAGs
[2026-08-13T07:46:22.289+0000] {logging_mixin.py:190} INFO - [2026-08-13T07:46:22.289+0000] {dag.py:4180} INFO - Setting next_dagrun for weather_ingestion to 2026-08-13 07:00:00+00:00, run_after=2026-08-13 08:00:00+00:00
[2026-08-13T07:46:22.297+0000] {processor.py:208} INFO - Processing /opt/airflow/dags/weather_dag.py took 0.069 seconds
[2026-08-13T07:46:52.631+0000] {processor.py:186} INFO - Started process (PID=3511) to work on /opt/airflow/dags/weather_dag.py
[2026-08-13T07:46:52.633+0000] {processor.py:914} INFO - Processing file /opt/airflow/dags/weather_dag.py for tasks to queue
[2026-08-13T07:46:52.638+0000] {logging_mixin.py:190} INFO - [2026-08-13T07:46:52.637+0000] {dagbag.py:588} INFO - Filling up the DagBag from /opt/airflow/dags/weather_dag.py
[2026-08-13T07:46:52.660+0000] {processor.py:925} INFO - DAG(s) 'weather_ingestion' retrieved from /opt/airflow/dags/weather_dag.py
[2026-08-13T07:46:52.723+0000] {logging_mixin.py:190} INFO - [2026-08-13T07:46:52.723+0000] {dag.py:3239} INFO - Sync 1 DAGs
[2026-08-13T07:46:52.743+0000] {logging_mixin.py:190} INFO - [2026-08-13T07:46:52.742+0000] {dag.py:4180} INFO - Setting next_dagrun for weather_ingestion to 2026-08-13 07:00:00+00:00, run_after=2026-08-13 08:00:00+00:00
[2026-08-13T07:46:52.753+0000] {processor.py:208} INFO - Processing /opt/airflow/dags/weather_dag.py took 0.130 seconds
[2026-08-13T07:47:23.078+0000] {processor.py:186} INFO - Started process (PID=3516) to work on /opt/airflow/dags/weather_dag.py
[2026-08-13T07:47:23.080+0000] {processor.py:914} INFO - Processing file /opt/airflow/dags/weather_dag.py for tasks to queue
[2026-08-13T07:47:23.083+0000] {logging_mixin.py:190} INFO - [2026-08-13T07:47:23.082+0000] {dagbag.py:588} INFO - Filling up the DagBag from /opt/airflow/dags/weather_dag.py
[2026-08-13T07:47:23.094+0000] {processor.py:925} INFO - DAG(s) 'weather_ingestion' retrieved from /opt/airflow/dags/weather_dag.py
[2026-08-13T07:47:23.112+0000] {logging_mixin.py:190} INFO - [2026-08-13T07:47:23.112+0000] {dag.py:3239} INFO - Sync 1 DAGs
[2026-08-13T07:47:23.125+0000] {logging_mixin.py:190} INFO - [2026-08-13T07:47:23.125+0000] {dag.py:4180} INFO - Setting next_dagrun for weather_ingestion to 2026-08-13 07:00:00+00:00, run_after=2026-08-13 08:00:00+00:00
[2026-08-13T07:47:23.134+0000] {processor.py:208} INFO - Processing /opt/airflow/dags/weather_dag.py took 0.066 seconds
[2026-08-13T07:47:53.424+0000] {processor.py:186} INFO - Started process (PID=3521) to work on /opt/airflow/dags/weather_dag.py
[2026-08-13T07:47:53.426+0000] {processor.py:914} INFO - Processing file /opt/airflow/dags/weather_dag.py for tasks to queue
[2026-08-13T07:47:53.430+0000] {logging_mixin.py:190} INFO - [2026-08-13T07:47:53.429+0000] {dagbag.py:588} INFO - Filling up the DagBag from /opt/airflow/dags/weather_dag.py
[2026-08-13T07:47:53.451+0000] {processor.py:925} INFO - DAG(s) 'weather_ingestion' retrieved from /opt/airflow/dags/weather_dag.py
[2026-08-13T07:47:53.476+0000] {logging_mixin.py:190} INFO - [2026-08-13T07:47:53.476+0000] {dag.py:3239} INFO - Sync 1 DAGs
[2026-08-13T07:47:53.491+0000] {logging_mixin.py:190} INFO - [2026-08-13T07:47:53.491+0000] {dag.py:4180} INFO - Setting next_dagrun for weather_ingestion to 2026-08-13 07:00:00+00:00, run_after=2026-08-13 08:00:00+00:00
[2026-08-13T07:47:53.499+0000] {processor.py:208} INFO - Processing /opt/airflow/dags/weather_dag.py took 0.084 seconds
[2026-08-13T07:48:23.853+0000] {processor.py:186} INFO - Started process (PID=3526) to work on /opt/airflow/dags/weather_dag.py
[2026-08-13T07:48:23.856+0000] {processor.py:914} INFO - Processing file /opt/airflow/dags/weather_dag.py for tasks to queue
[2026-08-13T07:48:23.861+0000] {logging_mixin.py:190} INFO - [2026-08-13T07:48:23.860+0000] {dagbag.py:588} INFO - Filling up the DagBag from /opt/airflow/dags/weather_dag.py
[2026-08-13T07:48:23.882+0000] {processor.py:925} INFO - DAG(s) 'weather_ingestion' retrieved from /opt/airflow/dags/weather_dag.py
[2026-08-13T07:48:23.906+0000] {logging_mixin.py:190} INFO - [2026-08-13T07:48:23.906+0000] {dag.py:3239} INFO - Sync 1 DAGs
[2026-08-13T07:48:23.922+0000] {logging_mixin.py:190} INFO - [2026-08-13T07:48:23.922+0000] {dag.py:4180} INFO - Setting next_dagrun for weather_ingestion to 2026-08-13 07:00:00+00:00, run_after=2026-08-13 08:00:00+00:00
[2026-08-13T07:48:23.930+0000] {processor.py:208} INFO - Processing /opt/airflow/dags/weather_dag.py took 0.091 seconds
[2026-08-13T07:48:54.221+0000] {processor.py:186} INFO - Started process (PID=3531) to work on /opt/airflow/dags/weather_dag.py
[2026-08-13T07:48:54.224+0000] {processor.py:914} INFO - Processing file /opt/airflow/dags/weather_dag.py for tasks to queue
[2026-08-13T07:48:54.228+0000] {logging_mixin.py:190} INFO - [2026-08-13T07:48:54.228+0000] {dagbag.py:588} INFO - Filling up the DagBag from /opt/airflow/dags/weather_dag.py
[2026-08-13T07:48:54.243+0000] {processor.py:925} INFO - DAG(s) 'weather_ingestion' retrieved from /opt/airflow/dags/weather_dag.py
[2026-08-13T07:48:54.270+0000] {logging_mixin.py:190} INFO - [2026-08-13T07:48:54.270+0000] {dag.py:3239} INFO - Sync 1 DAGs
[2026-08-13T07:48:54.287+0000] {logging_mixin.py:190} INFO - [2026-08-13T07:48:54.287+0000] {dag.py:4180} INFO - Setting next_dagrun for weather_ingestion to 2026-08-13 07:00:00+00:00, run_after=2026-08-13 08:00:00+00:00
[2026-08-13T07:48:54.296+0000] {processor.py:208} INFO - Processing /opt/airflow/dags/weather_dag.py took 0.086 seconds
[2026-08-13T07:49:24.546+0000] {processor.py:186} INFO - Started process (PID=3536) to work on /opt/airflow/dags/weather_dag.py
[2026-08-13T07:49:24.548+0000] {processor.py:914} INFO - Processing file /opt/airflow/dags/weather_dag.py for tasks to queue
[2026-08-13T07:49:24.553+0000] {logging_mixin.py:190} INFO - [2026-08-13T07:49:24.551+0000] {dagbag.py:588} INFO - Filling up the DagBag from /opt/airflow/dags/weather_dag.py
[2026-08-13T07:49:24.570+0000] {processor.py:925} INFO - DAG(s) 'weather_ingestion' retrieved from /opt/airflow/dags/weather_dag.py
[2026-08-13T07:49:24.596+0000] {logging_mixin.py:190} INFO - [2026-08-13T07:49:24.596+0000] {dag.py:3239} INFO - Sync 1 DAGs
[2026-08-13T07:49:24.610+0000] {logging_mixin.py:190} INFO - [2026-08-13T07:49:24.610+0000] {dag.py:4180} INFO - Setting next_dagrun for weather_ingestion to 2026-08-13 07:00:00+00:00, run_after=2026-08-13 08:00:00+00:00
[2026-08-13T07:49:24.618+0000] {processor.py:208} INFO - Processing /opt/airflow/dags/weather_dag.py took 0.082 seconds
[2026-08-13T07:49:54.794+0000] {processor.py:186} INFO - Started process (PID=3541) to work on /opt/airflow/dags/weather_dag.py
[2026-08-13T07:49:54.795+0000] {processor.py:914} INFO - Processing file /opt/airflow/dags/weather_dag.py for tasks to queue
[2026-08-13T07:49:54.796+0000] {logging_mixin.py:190} INFO - [2026-08-13T07:49:54.796+0000] {dagbag.py:588} INFO - Filling up the DagBag from /opt/airflow/dags/weather_dag.py
[2026-08-13T07:49:54.804+0000] {processor.py:925} INFO - DAG(s) 'weather_ingestion' retrieved from /opt/airflow/dags/weather_dag.py
[2026-08-13T07:49:54.822+0000] {logging_mixin.py:190} INFO - [2026-08-13T07:49:54.821+0000] {dag.py:3239} INFO - Sync 1 DAGs
[2026-08-13T07:49:54.839+0000] {logging_mixin.py:190} INFO - [2026-08-13T07:49:54.839+0000] {dag.py:4180} INFO - Setting next_dagrun for weather_ingestion to 2026-08-13 07:00:00+00:00, run_after=2026-08-13 08:00:00+00:00
[2026-08-13T07:49:54.849+0000] {processor.py:208} INFO - Processing /opt/airflow/dags/weather_dag.py took 0.059 seconds
[2026-08-13T07:50:25.108+0000] {processor.py:186} INFO - Started process (PID=3546) to work on /opt/airflow/dags/weather_dag.py
[2026-08-13T07:50:25.109+0000] {processor.py:914} INFO - Processing file /opt/airflow/dags/weather_dag.py for tasks to queue
[2026-08-13T07:50:25.111+0000] {logging_mixin.py:190} INFO - [2026-08-13T07:50:25.111+0000] {dagbag.py:588} INFO - Filling up the DagBag from /opt/airflow/dags/weather_dag.py
[2026-08-13T07:50:25.120+0000] {processor.py:925} INFO - DAG(s) 'weather_ingestion' retrieved from /opt/airflow/dags/weather_dag.py
[2026-08-13T07:50:25.138+0000] {logging_mixin.py:190} INFO - [2026-08-13T07:50:25.138+0000] {dag.py:3239} INFO - Sync 1 DAGs
[2026-08-13T07:50:25.153+0000] {logging_mixin.py:190} INFO - [2026-08-13T07:50:25.153+0000] {dag.py:4180} INFO - Setting next_dagrun for weather_ingestion to 2026-08-13 07:00:00+00:00, run_after=2026-08-13 08:00:00+00:00
[2026-08-13T07:50:25.160+0000] {processor.py:208} INFO - Processing /opt/airflow/dags/weather_dag.py took 0.061 seconds
[2026-08-13T07:50:55.396+0000] {processor.py:186} INFO - Started process (PID=3551) to work on /opt/airflow/dags/weather_dag.py
[2026-08-13T07:50:55.399+0000] {processor.py:914} INFO - Processing file /opt/airflow/dags/weather_dag.py for tasks to queue
[2026-08-13T07:50:55.401+0000] {logging_mixin.py:190} INFO - [2026-08-13T07:50:55.401+0000] {dagbag.py:588} INFO - Filling up the DagBag from /opt/airflow/dags/weather_dag.py
[2026-08-13T07:50:55.414+0000] {processor.py:925} INFO - DAG(s) 'weather_ingestion' retrieved from /opt/airflow/dags/weather_dag.py
[2026-08-13T07:50:55.438+0000] {logging_mixin.py:190} INFO - [2026-08-13T07:50:55.438+0000] {dag.py:3239} INFO - Sync 1 DAGs
[2026-08-13T07:50:55.455+0000] {logging_mixin.py:190} INFO - [2026-08-13T07:50:55.455+0000] {dag.py:4180} INFO - Setting next_dagrun for weather_ingestion to 2026-08-13 07:00:00+00:00, run_after=2026-08-13 08:00:00+00:00
[2026-08-13T07:50:55.464+0000] {processor.py:208} INFO - Processing /opt/airflow/dags/weather_dag.py took 0.079 seconds
[2026-08-13T07:51:25.725+0000] {processor.py:186} INFO - Started process (PID=3556) to work on /opt/airflow/dags/weather_dag.py
[2026-08-13T07:51:25.726+0000] {processor.py:914} INFO - Processing file /opt/airflow/dags/weather_dag.py for tasks to queue
[2026-08-13T07:51:25.731+0000] {logging_mixin.py:190} INFO - [2026-08-13T07:51:25.730+0000] {dagbag.py:588} INFO - Filling up the DagBag from /opt/airflow/dags/weather_dag.py
[2026-08-13T07:51:25.753+0000] {processor.py:925} INFO - DAG(s) 'weather_ingestion' retrieved from /opt/airflow/dags/weather_dag.py
[2026-08-13T07:51:25.780+0000] {logging_mixin.py:190} INFO - [2026-08-13T07:51:25.780+0000] {dag.py:3239} INFO - Sync 1 DAGs
[2026-08-13T07:51:25.796+0000] {logging_mixin.py:190} INFO - [2026-08-13T07:51:25.795+0000] {dag.py:4180} INFO - Setting next_dagrun for weather_ingestion to 2026-08-13 07:00:00+00:00, run_after=2026-08-13 08:00:00+00:00
[2026-08-13T07:51:25.804+0000] {processor.py:208} INFO - Processing /opt/airflow/dags/weather_dag.py took 0.090 seconds
[2026-08-13T07:51:56.102+0000] {processor.py:186} INFO - Started process (PID=3561) to work on /opt/airflow/dags/weather_dag.py
[2026-08-13T07:51:56.105+0000] {processor.py:914} INFO - Processing file /opt/airflow/dags/weather_dag.py for tasks to queue
[2026-08-13T07:51:56.107+0000] {logging_mixin.py:190} INFO - [2026-08-13T07:51:56.107+0000] {dagbag.py:588} INFO - Filling up the DagBag from /opt/airflow/dags/weather_dag.py
[2026-08-13T07:51:56.118+0000] {processor.py:925} INFO - DAG(s) 'weather_ingestion' retrieved from /opt/airflow/dags/weather_dag.py
[2026-08-13T07:51:56.136+0000] {logging_mixin.py:190} INFO - [2026-08-13T07:51:56.136+0000] {dag.py:3239} INFO - Sync 1 DAGs
[2026-08-13T07:51:56.148+0000] {logging_mixin.py:190} INFO - [2026-08-13T07:51:56.148+0000] {dag.py:4180} INFO - Setting next_dagrun for weather_ingestion to 2026-08-13 07:00:00+00:00, run_after=2026-08-13 08:00:00+00:00
[2026-08-13T07:51:56.156+0000] {processor.py:208} INFO - Processing /opt/airflow/dags/weather_dag.py took 0.060 seconds
[2026-08-13T07:52:26.529+0000] {processor.py:186} INFO - Started process (PID=3566) to work on /opt/airflow/dags/weather_dag.py
[2026-08-13T07:52:26.530+0000] {processor.py:914} INFO - Processing file /opt/airflow/dags/weather_dag.py for tasks to queue
[2026-08-13T07:52:26.533+0000] {logging_mixin.py:190} INFO - [2026-08-13T07:52:26.533+0000] {dagbag.py:588} INFO - Filling up the DagBag from /opt/airflow/dags/weather_dag.py
[2026-08-13T07:52:26.548+0000] {processor.py:925} INFO - DAG(s) 'weather_ingestion' retrieved from /opt/airflow/dags/weather_dag.py
[2026-08-13T07:52:26.571+0000] {logging_mixin.py:190} INFO - [2026-08-13T07:52:26.571+0000] {dag.py:3239} INFO - Sync 1 DAGs
[2026-08-13T07:52:26.587+0000] {logging_mixin.py:190} INFO - [2026-08-13T07:52:26.587+0000] {dag.py:4180} INFO - Setting next_dagrun for weather_ingestion to 2026-08-13 07:00:00+00:00, run_after=2026-08-13 08:00:00+00:00
[2026-08-13T07:52:26.596+0000] {processor.py:208} INFO - Processing /opt/airflow/dags/weather_dag.py took 0.078 seconds
[2026-08-13T07:52:56.895+0000] {processor.py:186} INFO - Started process (PID=3571) to work on /opt/airflow/dags/weather_dag.py
[2026-08-13T07:52:56.897+0000] {processor.py:914} INFO - Processing file /opt/airflow/dags/weather_dag.py for tasks to queue
[2026-08-13T07:52:56.901+0000] {logging_mixin.py:190} INFO - [2026-08-13T07:52:56.901+0000] {dagbag.py:588} INFO - Filling up the DagBag from /opt/airflow/dags/weather_dag.py
[2026-08-13T07:52:56.917+0000] {processor.py:925} INFO - DAG(s) 'weather_ingestion' retrieved from /opt/airflow/dags/weather_dag.py
[2026-08-13T07:52:56.939+0000] {logging_mixin.py:190} INFO - [2026-08-13T07:52:56.939+0000] {dag.py:3239} INFO - Sync 1 DAGs
[2026-08-13T07:52:56.951+0000] {logging_mixin.py:190} INFO - [2026-08-13T07:52:56.951+0000] {dag.py:4180} INFO - Setting next_dagrun for weather_ingestion to 2026-08-13 07:00:00+00:00, run_after=2026-08-13 08:00:00+00:00
[2026-08-13T07:52:56.958+0000] {processor.py:208} INFO - Processing /opt/airflow/dags/weather_dag.py took 0.072 seconds
[2026-08-13T07:53:27.254+0000] {processor.py:186} INFO - Started process (PID=3576) to work on /opt/airflow/dags/weather_dag.py
[2026-08-13T07:53:27.255+0000] {processor.py:914} INFO - Processing file /opt/airflow/dags/weather_dag.py for tasks to queue
[2026-08-13T07:53:27.258+0000] {logging_mixin.py:190} INFO - [2026-08-13T07:53:27.258+0000] {dagbag.py:588} INFO - Filling up the DagBag from /opt/airflow/dags/weather_dag.py
[2026-08-13T07:53:27.271+0000] {processor.py:925} INFO - DAG(s) 'weather_ingestion' retrieved from /opt/airflow/dags/weather_dag.py
[2026-08-13T07:53:27.292+0000] {logging_mixin.py:190} INFO - [2026-08-13T07:53:27.291+0000] {dag.py:3239} INFO - Sync 1 DAGs
[2026-08-13T07:53:27.308+0000] {logging_mixin.py:190} INFO - [2026-08-13T07:53:27.308+0000] {dag.py:4180} INFO - Setting next_dagrun for weather_ingestion to 2026-08-13 07:00:00+00:00, run_after=2026-08-13 08:00:00+00:00
[2026-08-13T07:53:27.317+0000] {processor.py:208} INFO - Processing /opt/airflow/dags/weather_dag.py took 0.072 seconds
