[2026-08-11T00:00:13.290+0000] {processor.py:186} INFO - Started process (PID=31833) to work on /opt/airflow/dags/weather_dag.py
[2026-08-11T00:00:13.292+0000] {processor.py:914} INFO - Processing file /opt/airflow/dags/weather_dag.py for tasks to queue
[2026-08-11T00:00:13.296+0000] {logging_mixin.py:190} INFO - [2026-08-11T00:00:13.295+0000] {dagbag.py:588} INFO - Filling up the DagBag from /opt/airflow/dags/weather_dag.py
[2026-08-11T00:00:13.536+0000] {processor.py:925} INFO - DAG(s) 'weather_ingestion' retrieved from /opt/airflow/dags/weather_dag.py
[2026-08-11T00:00:13.552+0000] {logging_mixin.py:190} INFO - [2026-08-11T00:00:13.552+0000] {dag.py:3239} INFO - Sync 1 DAGs
[2026-08-11T00:00:13.563+0000] {logging_mixin.py:190} INFO - [2026-08-11T00:00:13.563+0000] {dag.py:4180} INFO - Setting next_dagrun for weather_ingestion to 2026-08-11 00:00:00+00:00, run_after=2026-08-11 01:00:00+00:00
[2026-08-11T00:00:13.570+0000] {processor.py:208} INFO - Processing /opt/airflow/dags/weather_dag.py took 0.290 seconds
[2026-08-11T00:00:44.004+0000] {processor.py:186} INFO - Started process (PID=31840) to work on /opt/airflow/dags/weather_dag.py
[2026-08-11T00:00:44.006+0000] {processor.py:914} INFO - Processing file /opt/airflow/dags/weather_dag.py for tasks to queue
[2026-08-11T00:00:44.011+0000] {logging_mixin.py:190} INFO - [2026-08-11T00:00:44.010+0000] {dagbag.py:588} INFO - Filling up the DagBag from /opt/airflow/dags/weather_dag.py
[2026-08-11T00:00:44.332+0000] {processor.py:925} INFO - DAG(s) 'weather_ingestion' retrieved from /opt/airflow/dags/weather_dag.py
[2026-08-11T00:00:44.349+0000] {logging_mixin.py:190} INFO - [2026-08-11T00:00:44.349+0000] {dag.py:3239} INFO - Sync 1 DAGs
[2026-08-11T00:00:44.363+0000] {logging_mixin.py:190} INFO - [2026-08-11T00:00:44.363+0000] {dag.py:4180} INFO - Setting next_dagrun for weather_ingestion to 2026-08-11 00:00:00+00:00, run_after=2026-08-11 01:00:00+00:00
[2026-08-11T00:00:44.372+0000] {processor.py:208} INFO - Processing /opt/airflow/dags/weather_dag.py took 0.383 seconds
[2026-08-11T00:01:14.834+0000] {processor.py:186} INFO - Started process (PID=31847) to work on /opt/airflow/dags/weather_dag.py
[2026-08-11T00:01:14.837+0000] {processor.py:914} INFO - Processing file /opt/airflow/dags/weather_dag.py for tasks to queue
[2026-08-11T00:01:14.842+0000] {logging_mixin.py:190} INFO - [2026-08-11T00:01:14.841+0000] {dagbag.py:588} INFO - Filling up the DagBag from /opt/airflow/dags/weather_dag.py
[2026-08-11T00:01:15.132+0000] {processor.py:925} INFO - DAG(s) 'weather_ingestion' retrieved from /opt/airflow/dags/weather_dag.py
[2026-08-11T00:01:15.152+0000] {logging_mixin.py:190} INFO - [2026-08-11T00:01:15.152+0000] {dag.py:3239} INFO - Sync 1 DAGs
[2026-08-11T00:01:15.166+0000] {logging_mixin.py:190} INFO - [2026-08-11T00:01:15.166+0000] {dag.py:4180} INFO - Setting next_dagrun for weather_ingestion to 2026-08-11 00:00:00+00:00, run_after=2026-08-11 01:00:00+00:00
[2026-08-11T00:01:15.174+0000] {processor.py:208} INFO - Processing /opt/airflow/dags/weather_dag.py took 0.355 seconds
[2026-08-11T00:01:45.548+0000] {processor.py:186} INFO - Started process (PID=31854) to work on /opt/airflow/dags/weather_dag.py
[2026-08-11T00:01:45.550+0000] {processor.py:914} INFO - Processing file /opt/airflow/dags/weather_dag.py for tasks to queue
[2026-08-11T00:01:45.553+0000] {logging_mixin.py:190} INFO - [2026-08-11T00:01:45.553+0000] {dagbag.py:588} INFO - Filling up the DagBag from /opt/airflow/dags/weather_dag.py
[2026-08-11T00:01:45.767+0000] {processor.py:925} INFO - DAG(s) 'weather_ingestion' retrieved from /opt/airflow/dags/weather_dag.py
[2026-08-11T00:01:45.779+0000] {logging_mixin.py:190} INFO - [2026-08-11T00:01:45.779+0000] {dag.py:3239} INFO - Sync 1 DAGs
[2026-08-11T00:01:45.789+0000] {logging_mixin.py:190} INFO - [2026-08-11T00:01:45.789+0000] {dag.py:4180} INFO - Setting next_dagrun for weather_ingestion to 2026-08-11 00:00:00+00:00, run_after=2026-08-11 01:00:00+00:00
[2026-08-11T00:01:45.796+0000] {processor.py:208} INFO - Processing /opt/airflow/dags/weather_dag.py took 0.255 seconds
[2026-08-11T00:17:25.274+0000] {processor.py:186} INFO - Started process (PID=31861) to work on /opt/airflow/dags/weather_dag.py
[2026-08-11T00:17:25.277+0000] {processor.py:914} INFO - Processing file /opt/airflow/dags/weather_dag.py for tasks to queue
[2026-08-11T00:17:25.283+0000] {logging_mixin.py:190} INFO - [2026-08-11T00:17:25.282+0000] {dagbag.py:588} INFO - Filling up the DagBag from /opt/airflow/dags/weather_dag.py
[2026-08-11T00:17:25.662+0000] {processor.py:925} INFO - DAG(s) 'weather_ingestion' retrieved from /opt/airflow/dags/weather_dag.py
[2026-08-11T00:17:25.678+0000] {logging_mixin.py:190} INFO - [2026-08-11T00:17:25.678+0000] {dag.py:3239} INFO - Sync 1 DAGs
[2026-08-11T00:17:25.691+0000] {logging_mixin.py:190} INFO - [2026-08-11T00:17:25.691+0000] {dag.py:4180} INFO - Setting next_dagrun for weather_ingestion to 2026-08-11 00:00:00+00:00, run_after=2026-08-11 01:00:00+00:00
[2026-08-11T00:17:25.699+0000] {processor.py:208} INFO - Processing /opt/airflow/dags/weather_dag.py took 0.435 seconds
[2026-08-11T00:17:56.199+0000] {processor.py:186} INFO - Started process (PID=31868) to work on /opt/airflow/dags/weather_dag.py
[2026-08-11T00:17:56.201+0000] {processor.py:914} INFO - Processing file /opt/airflow/dags/weather_dag.py for tasks to queue
[2026-08-11T00:17:56.207+0000] {logging_mixin.py:190} INFO - [2026-08-11T00:17:56.207+0000] {dagbag.py:588} INFO - Filling up the DagBag from /opt/airflow/dags/weather_dag.py
[2026-08-11T00:17:56.586+0000] {processor.py:925} INFO - DAG(s) 'weather_ingestion' retrieved from /opt/airflow/dags/weather_dag.py
[2026-08-11T00:17:56.606+0000] {logging_mixin.py:190} INFO - [2026-08-11T00:17:56.606+0000] {dag.py:3239} INFO - Sync 1 DAGs
[2026-08-11T00:17:56.621+0000] {logging_mixin.py:190} INFO - [2026-08-11T00:17:56.621+0000] {dag.py:4180} INFO - Setting next_dagrun for weather_ingestion to 2026-08-11 00:00:00+00:00, run_after=2026-08-11 01:00:00+00:00
[2026-08-11T00:17:56.628+0000] {processor.py:208} INFO - Processing /opt/airflow/dags/weather_dag.py took 0.464 seconds
[2026-08-11T00:18:26.994+0000] {processor.py:186} INFO - Started process (PID=31875) to work on /opt/airflow/dags/weather_dag.py
[2026-08-11T00:18:26.996+0000] {processor.py:914} INFO - Processing file /opt/airflow/dags/weather_dag.py for tasks to queue
[2026-08-11T00:18:26.998+0000] {logging_mixin.py:190} INFO - [2026-08-11T00:18:26.998+0000] {dagbag.py:588} INFO - Filling up the DagBag from /opt/airflow/dags/weather_dag.py
[2026-08-11T00:18:27.223+0000] {processor.py:925} INFO - DAG(s) 'weather_ingestion' retrieved from /opt/airflow/dags/weather_dag.py
[2026-08-11T00:18:27.235+0000] {logging_mixin.py:190} INFO - [2026-08-11T00:18:27.235+0000] {dag.py:3239} INFO - Sync 1 DAGs
[2026-08-11T00:18:27.246+0000] {logging_mixin.py:190} INFO - [2026-08-11T00:18:27.246+0000] {dag.py:4180} INFO - Setting next_dagrun for weather_ingestion to 2026-08-11 00:00:00+00:00, run_after=2026-08-11 01:00:00+00:00
[2026-08-11T00:18:27.253+0000] {processor.py:208} INFO - Processing /opt/airflow/dags/weather_dag.py took 0.269 seconds
[2026-08-11T00:18:57.435+0000] {processor.py:186} INFO - Started process (PID=31882) to work on /opt/airflow/dags/weather_dag.py
[2026-08-11T00:18:57.437+0000] {processor.py:914} INFO - Processing file /opt/airflow/dags/weather_dag.py for tasks to queue
[2026-08-11T00:18:57.441+0000] {logging_mixin.py:190} INFO - [2026-08-11T00:18:57.440+0000] {dagbag.py:588} INFO - Filling up the DagBag from /opt/airflow/dags/weather_dag.py
[2026-08-11T00:18:57.708+0000] {processor.py:925} INFO - DAG(s) 'weather_ingestion' retrieved from /opt/airflow/dags/weather_dag.py
[2026-08-11T00:18:57.725+0000] {logging_mixin.py:190} INFO - [2026-08-11T00:18:57.725+0000] {dag.py:3239} INFO - Sync 1 DAGs
[2026-08-11T00:18:57.738+0000] {logging_mixin.py:190} INFO - [2026-08-11T00:18:57.738+0000] {dag.py:4180} INFO - Setting next_dagrun for weather_ingestion to 2026-08-11 00:00:00+00:00, run_after=2026-08-11 01:00:00+00:00
[2026-08-11T00:18:57.746+0000] {processor.py:208} INFO - Processing /opt/airflow/dags/weather_dag.py took 0.323 seconds
[2026-08-11T00:19:28.048+0000] {processor.py:186} INFO - Started process (PID=31889) to work on /opt/airflow/dags/weather_dag.py
[2026-08-11T00:19:28.050+0000] {processor.py:914} INFO - Processing file /opt/airflow/dags/weather_dag.py for tasks to queue
[2026-08-11T00:19:28.053+0000] {logging_mixin.py:190} INFO - [2026-08-11T00:19:28.052+0000] {dagbag.py:588} INFO - Filling up the DagBag from /opt/airflow/dags/weather_dag.py
[2026-08-11T00:19:28.264+0000] {processor.py:925} INFO - DAG(s) 'weather_ingestion' retrieved from /opt/airflow/dags/weather_dag.py
[2026-08-11T00:19:28.275+0000] {logging_mixin.py:190} INFO - [2026-08-11T00:19:28.275+0000] {dag.py:3239} INFO - Sync 1 DAGs
[2026-08-11T00:19:28.284+0000] {logging_mixin.py:190} INFO - [2026-08-11T00:19:28.284+0000] {dag.py:4180} INFO - Setting next_dagrun for weather_ingestion to 2026-08-11 00:00:00+00:00, run_after=2026-08-11 01:00:00+00:00
[2026-08-11T00:19:28.290+0000] {processor.py:208} INFO - Processing /opt/airflow/dags/weather_dag.py took 0.249 seconds
[2026-08-11T00:19:58.471+0000] {processor.py:186} INFO - Started process (PID=31896) to work on /opt/airflow/dags/weather_dag.py
[2026-08-11T00:19:58.473+0000] {processor.py:914} INFO - Processing file /opt/airflow/dags/weather_dag.py for tasks to queue
[2026-08-11T00:19:58.475+0000] {logging_mixin.py:190} INFO - [2026-08-11T00:19:58.475+0000] {dagbag.py:588} INFO - Filling up the DagBag from /opt/airflow/dags/weather_dag.py
[2026-08-11T00:19:58.701+0000] {processor.py:925} INFO - DAG(s) 'weather_ingestion' retrieved from /opt/airflow/dags/weather_dag.py
[2026-08-11T00:19:58.713+0000] {logging_mixin.py:190} INFO - [2026-08-11T00:19:58.713+0000] {dag.py:3239} INFO - Sync 1 DAGs
[2026-08-11T00:19:58.723+0000] {logging_mixin.py:190} INFO - [2026-08-11T00:19:58.723+0000] {dag.py:4180} INFO - Setting next_dagrun for weather_ingestion to 2026-08-11 00:00:00+00:00, run_after=2026-08-11 01:00:00+00:00
[2026-08-11T00:19:58.730+0000] {processor.py:208} INFO - Processing /opt/airflow/dags/weather_dag.py took 0.264 seconds
[2026-08-11T00:20:29.031+0000] {processor.py:186} INFO - Started process (PID=31903) to work on /opt/airflow/dags/weather_dag.py
[2026-08-11T00:20:29.034+0000] {processor.py:914} INFO - Processing file /opt/airflow/dags/weather_dag.py for tasks to queue
[2026-08-11T00:20:29.038+0000] {logging_mixin.py:190} INFO - [2026-08-11T00:20:29.037+0000] {dagbag.py:588} INFO - Filling up the DagBag from /opt/airflow/dags/weather_dag.py
[2026-08-11T00:20:29.299+0000] {processor.py:925} INFO - DAG(s) 'weather_ingestion' retrieved from /opt/airflow/dags/weather_dag.py
[2026-08-11T00:20:29.313+0000] {logging_mixin.py:190} INFO - [2026-08-11T00:20:29.313+0000] {dag.py:3239} INFO - Sync 1 DAGs
[2026-08-11T00:20:29.326+0000] {logging_mixin.py:190} INFO - [2026-08-11T00:20:29.326+0000] {dag.py:4180} INFO - Setting next_dagrun for weather_ingestion to 2026-08-11 00:00:00+00:00, run_after=2026-08-11 01:00:00+00:00
[2026-08-11T00:20:29.333+0000] {processor.py:208} INFO - Processing /opt/airflow/dags/weather_dag.py took 0.313 seconds
[2026-08-11T00:20:59.425+0000] {processor.py:186} INFO - Started process (PID=31910) to work on /opt/airflow/dags/weather_dag.py
[2026-08-11T00:20:59.426+0000] {processor.py:914} INFO - Processing file /opt/airflow/dags/weather_dag.py for tasks to queue
[2026-08-11T00:20:59.429+0000] {logging_mixin.py:190} INFO - [2026-08-11T00:20:59.428+0000] {dagbag.py:588} INFO - Filling up the DagBag from /opt/airflow/dags/weather_dag.py
[2026-08-11T00:20:59.638+0000] {processor.py:925} INFO - DAG(s) 'weather_ingestion' retrieved from /opt/airflow/dags/weather_dag.py
[2026-08-11T00:20:59.650+0000] {logging_mixin.py:190} INFO - [2026-08-11T00:20:59.650+0000] {dag.py:3239} INFO - Sync 1 DAGs
[2026-08-11T00:20:59.660+0000] {logging_mixin.py:190} INFO - [2026-08-11T00:20:59.660+0000] {dag.py:4180} INFO - Setting next_dagrun for weather_ingestion to 2026-08-11 00:00:00+00:00, run_after=2026-08-11 01:00:00+00:00
[2026-08-11T00:20:59.667+0000] {processor.py:208} INFO - Processing /opt/airflow/dags/weather_dag.py took 0.248 seconds
[2026-08-11T00:36:54.246+0000] {processor.py:186} INFO - Started process (PID=31917) to work on /opt/airflow/dags/weather_dag.py
[2026-08-11T00:36:54.248+0000] {processor.py:914} INFO - Processing file /opt/airflow/dags/weather_dag.py for tasks to queue
[2026-08-11T00:36:54.252+0000] {logging_mixin.py:190} INFO - [2026-08-11T00:36:54.251+0000] {dagbag.py:588} INFO - Filling up the DagBag from /opt/airflow/dags/weather_dag.py
[2026-08-11T00:36:54.618+0000] {processor.py:925} INFO - DAG(s) 'weather_ingestion' retrieved from /opt/airflow/dags/weather_dag.py
[2026-08-11T00:36:54.639+0000] {logging_mixin.py:190} INFO - [2026-08-11T00:36:54.639+0000] {dag.py:3239} INFO - Sync 1 DAGs
[2026-08-11T00:36:54.656+0000] {logging_mixin.py:190} INFO - [2026-08-11T00:36:54.656+0000] {dag.py:4180} INFO - Setting next_dagrun for weather_ingestion to 2026-08-11 00:00:00+00:00, run_after=2026-08-11 01:00:00+00:00
[2026-08-11T00:36:54.666+0000] {processor.py:208} INFO - Processing /opt/airflow/dags/weather_dag.py took 0.429 seconds
[2026-08-11T00:37:25.071+0000] {processor.py:186} INFO - Started process (PID=31924) to work on /opt/airflow/dags/weather_dag.py
[2026-08-11T00:37:25.073+0000] {processor.py:914} INFO - Processing file /opt/airflow/dags/weather_dag.py for tasks to queue
[2026-08-11T00:37:25.078+0000] {logging_mixin.py:190} INFO - [2026-08-11T00:37:25.078+0000] {dagbag.py:588} INFO - Filling up the DagBag from /opt/airflow/dags/weather_dag.py
[2026-08-11T00:37:25.379+0000] {processor.py:925} INFO - DAG(s) 'weather_ingestion' retrieved from /opt/airflow/dags/weather_dag.py
[2026-08-11T00:37:25.397+0000] {logging_mixin.py:190} INFO - [2026-08-11T00:37:25.396+0000] {dag.py:3239} INFO - Sync 1 DAGs
[2026-08-11T00:37:25.410+0000] {logging_mixin.py:190} INFO - [2026-08-11T00:37:25.410+0000] {dag.py:4180} INFO - Setting next_dagrun for weather_ingestion to 2026-08-11 00:00:00+00:00, run_after=2026-08-11 01:00:00+00:00
[2026-08-11T00:37:25.417+0000] {processor.py:208} INFO - Processing /opt/airflow/dags/weather_dag.py took 0.361 seconds
[2026-08-11T00:37:55.465+0000] {processor.py:186} INFO - Started process (PID=31931) to work on /opt/airflow/dags/weather_dag.py
[2026-08-11T00:37:55.467+0000] {processor.py:914} INFO - Processing file /opt/airflow/dags/weather_dag.py for tasks to queue
[2026-08-11T00:37:55.470+0000] {logging_mixin.py:190} INFO - [2026-08-11T00:37:55.469+0000] {dagbag.py:588} INFO - Filling up the DagBag from /opt/airflow/dags/weather_dag.py
[2026-08-11T00:37:55.746+0000] {processor.py:925} INFO - DAG(s) 'weather_ingestion' retrieved from /opt/airflow/dags/weather_dag.py
[2026-08-11T00:37:55.760+0000] {logging_mixin.py:190} INFO - [2026-08-11T00:37:55.760+0000] {dag.py:3239} INFO - Sync 1 DAGs
[2026-08-11T00:37:55.773+0000] {logging_mixin.py:190} INFO - [2026-08-11T00:37:55.772+0000] {dag.py:4180} INFO - Setting next_dagrun for weather_ingestion to 2026-08-11 00:00:00+00:00, run_after=2026-08-11 01:00:00+00:00
[2026-08-11T00:37:55.780+0000] {processor.py:208} INFO - Processing /opt/airflow/dags/weather_dag.py took 0.330 seconds
[2026-08-11T00:38:26.155+0000] {processor.py:186} INFO - Started process (PID=31938) to work on /opt/airflow/dags/weather_dag.py
[2026-08-11T00:38:26.158+0000] {processor.py:914} INFO - Processing file /opt/airflow/dags/weather_dag.py for tasks to queue
[2026-08-11T00:38:26.160+0000] {logging_mixin.py:190} INFO - [2026-08-11T00:38:26.160+0000] {dagbag.py:588} INFO - Filling up the DagBag from /opt/airflow/dags/weather_dag.py
[2026-08-11T00:38:26.366+0000] {processor.py:925} INFO - DAG(s) 'weather_ingestion' retrieved from /opt/airflow/dags/weather_dag.py
[2026-08-11T00:38:26.377+0000] {logging_mixin.py:190} INFO - [2026-08-11T00:38:26.377+0000] {dag.py:3239} INFO - Sync 1 DAGs
[2026-08-11T00:38:26.388+0000] {logging_mixin.py:190} INFO - [2026-08-11T00:38:26.387+0000] {dag.py:4180} INFO - Setting next_dagrun for weather_ingestion to 2026-08-11 00:00:00+00:00, run_after=2026-08-11 01:00:00+00:00
[2026-08-11T00:38:26.394+0000] {processor.py:208} INFO - Processing /opt/airflow/dags/weather_dag.py took 0.246 seconds
[2026-08-11T00:38:56.614+0000] {processor.py:186} INFO - Started process (PID=31945) to work on /opt/airflow/dags/weather_dag.py
[2026-08-11T00:38:56.615+0000] {processor.py:914} INFO - Processing file /opt/airflow/dags/weather_dag.py for tasks to queue
[2026-08-11T00:38:56.620+0000] {logging_mixin.py:190} INFO - [2026-08-11T00:38:56.620+0000] {dagbag.py:588} INFO - Filling up the DagBag from /opt/airflow/dags/weather_dag.py
[2026-08-11T00:38:56.898+0000] {processor.py:925} INFO - DAG(s) 'weather_ingestion' retrieved from /opt/airflow/dags/weather_dag.py
[2026-08-11T00:38:56.912+0000] {logging_mixin.py:190} INFO - [2026-08-11T00:38:56.912+0000] {dag.py:3239} INFO - Sync 1 DAGs
[2026-08-11T00:38:56.924+0000] {logging_mixin.py:190} INFO - [2026-08-11T00:38:56.924+0000] {dag.py:4180} INFO - Setting next_dagrun for weather_ingestion to 2026-08-11 00:00:00+00:00, run_after=2026-08-11 01:00:00+00:00
[2026-08-11T00:38:56.932+0000] {processor.py:208} INFO - Processing /opt/airflow/dags/weather_dag.py took 0.330 seconds
[2026-08-11T00:54:23.300+0000] {processor.py:186} INFO - Started process (PID=31952) to work on /opt/airflow/dags/weather_dag.py
[2026-08-11T00:54:23.302+0000] {processor.py:914} INFO - Processing file /opt/airflow/dags/weather_dag.py for tasks to queue
[2026-08-11T00:54:23.308+0000] {logging_mixin.py:190} INFO - [2026-08-11T00:54:23.308+0000] {dagbag.py:588} INFO - Filling up the DagBag from /opt/airflow/dags/weather_dag.py
[2026-08-11T00:54:23.682+0000] {processor.py:925} INFO - DAG(s) 'weather_ingestion' retrieved from /opt/airflow/dags/weather_dag.py
[2026-08-11T00:54:23.700+0000] {logging_mixin.py:190} INFO - [2026-08-11T00:54:23.700+0000] {dag.py:3239} INFO - Sync 1 DAGs
[2026-08-11T00:54:23.714+0000] {logging_mixin.py:190} INFO - [2026-08-11T00:54:23.714+0000] {dag.py:4180} INFO - Setting next_dagrun for weather_ingestion to 2026-08-11 00:00:00+00:00, run_after=2026-08-11 01:00:00+00:00
[2026-08-11T00:54:23.721+0000] {processor.py:208} INFO - Processing /opt/airflow/dags/weather_dag.py took 0.431 seconds
[2026-08-11T00:54:54.129+0000] {processor.py:186} INFO - Started process (PID=31959) to work on /opt/airflow/dags/weather_dag.py
[2026-08-11T00:54:54.132+0000] {processor.py:914} INFO - Processing file /opt/airflow/dags/weather_dag.py for tasks to queue
[2026-08-11T00:54:54.141+0000] {logging_mixin.py:190} INFO - [2026-08-11T00:54:54.140+0000] {dagbag.py:588} INFO - Filling up the DagBag from /opt/airflow/dags/weather_dag.py
[2026-08-11T00:54:54.514+0000] {processor.py:925} INFO - DAG(s) 'weather_ingestion' retrieved from /opt/airflow/dags/weather_dag.py
[2026-08-11T00:54:54.545+0000] {logging_mixin.py:190} INFO - [2026-08-11T00:54:54.545+0000] {dag.py:3239} INFO - Sync 1 DAGs
[2026-08-11T00:54:54.560+0000] {logging_mixin.py:190} INFO - [2026-08-11T00:54:54.560+0000] {dag.py:4180} INFO - Setting next_dagrun for weather_ingestion to 2026-08-11 00:00:00+00:00, run_after=2026-08-11 01:00:00+00:00
[2026-08-11T00:54:54.569+0000] {processor.py:208} INFO - Processing /opt/airflow/dags/weather_dag.py took 0.460 seconds
[2026-08-11T00:55:24.938+0000] {processor.py:186} INFO - Started process (PID=31966) to work on /opt/airflow/dags/weather_dag.py
[2026-08-11T00:55:24.939+0000] {processor.py:914} INFO - Processing file /opt/airflow/dags/weather_dag.py for tasks to queue
[2026-08-11T00:55:24.941+0000] {logging_mixin.py:190} INFO - [2026-08-11T00:55:24.941+0000] {dagbag.py:588} INFO - Filling up the DagBag from /opt/airflow/dags/weather_dag.py
[2026-08-11T00:55:25.153+0000] {processor.py:925} INFO - DAG(s) 'weather_ingestion' retrieved from /opt/airflow/dags/weather_dag.py
[2026-08-11T00:55:25.167+0000] {logging_mixin.py:190} INFO - [2026-08-11T00:55:25.167+0000] {dag.py:3239} INFO - Sync 1 DAGs
[2026-08-11T00:55:25.177+0000] {logging_mixin.py:190} INFO - [2026-08-11T00:55:25.177+0000] {dag.py:4180} INFO - Setting next_dagrun for weather_ingestion to 2026-08-11 00:00:00+00:00, run_after=2026-08-11 01:00:00+00:00
[2026-08-11T00:55:25.183+0000] {processor.py:208} INFO - Processing /opt/airflow/dags/weather_dag.py took 0.254 seconds
[2026-08-11T00:55:55.338+0000] {processor.py:186} INFO - Started process (PID=31973) to work on /opt/airflow/dags/weather_dag.py
[2026-08-11T00:55:55.340+0000] {processor.py:914} INFO - Processing file /opt/airflow/dags/weather_dag.py for tasks to queue
[2026-08-11T00:55:55.342+0000] {logging_mixin.py:190} INFO - [2026-08-11T00:55:55.342+0000] {dagbag.py:588} INFO - Filling up the DagBag from /opt/airflow/dags/weather_dag.py
[2026-08-11T00:55:55.567+0000] {processor.py:925} INFO - DAG(s) 'weather_ingestion' retrieved from /opt/airflow/dags/weather_dag.py
[2026-08-11T00:55:55.579+0000] {logging_mixin.py:190} INFO - [2026-08-11T00:55:55.579+0000] {dag.py:3239} INFO - Sync 1 DAGs
[2026-08-11T00:55:55.590+0000] {logging_mixin.py:190} INFO - [2026-08-11T00:55:55.590+0000] {dag.py:4180} INFO - Setting next_dagrun for weather_ingestion to 2026-08-11 00:00:00+00:00, run_after=2026-08-11 01:00:00+00:00
[2026-08-11T00:55:55.597+0000] {processor.py:208} INFO - Processing /opt/airflow/dags/weather_dag.py took 0.267 seconds
[2026-08-11T00:56:26.014+0000] {processor.py:186} INFO - Started process (PID=31980) to work on /opt/airflow/dags/weather_dag.py
[2026-08-11T00:56:26.017+0000] {processor.py:914} INFO - Processing file /opt/airflow/dags/weather_dag.py for tasks to queue
[2026-08-11T00:56:26.032+0000] {logging_mixin.py:190} INFO - [2026-08-11T00:56:26.030+0000] {dagbag.py:588} INFO - Filling up the DagBag from /opt/airflow/dags/weather_dag.py
[2026-08-11T00:56:26.550+0000] {processor.py:925} INFO - DAG(s) 'weather_ingestion' retrieved from /opt/airflow/dags/weather_dag.py
[2026-08-11T00:56:26.568+0000] {logging_mixin.py:190} INFO - [2026-08-11T00:56:26.568+0000] {dag.py:3239} INFO - Sync 1 DAGs
[2026-08-11T00:56:26.584+0000] {logging_mixin.py:190} INFO - [2026-08-11T00:56:26.584+0000] {dag.py:4180} INFO - Setting next_dagrun for weather_ingestion to 2026-08-11 00:00:00+00:00, run_after=2026-08-11 01:00:00+00:00
[2026-08-11T00:56:26.601+0000] {processor.py:208} INFO - Processing /opt/airflow/dags/weather_dag.py took 0.629 seconds
[2026-08-11T00:56:56.965+0000] {processor.py:186} INFO - Started process (PID=31987) to work on /opt/airflow/dags/weather_dag.py
[2026-08-11T00:56:56.966+0000] {processor.py:914} INFO - Processing file /opt/airflow/dags/weather_dag.py for tasks to queue
[2026-08-11T00:56:56.969+0000] {logging_mixin.py:190} INFO - [2026-08-11T00:56:56.968+0000] {dagbag.py:588} INFO - Filling up the DagBag from /opt/airflow/dags/weather_dag.py
[2026-08-11T00:56:57.189+0000] {processor.py:925} INFO - DAG(s) 'weather_ingestion' retrieved from /opt/airflow/dags/weather_dag.py
[2026-08-11T00:56:57.201+0000] {logging_mixin.py:190} INFO - [2026-08-11T00:56:57.200+0000] {dag.py:3239} INFO - Sync 1 DAGs
[2026-08-11T00:56:57.211+0000] {logging_mixin.py:190} INFO - [2026-08-11T00:56:57.211+0000] {dag.py:4180} INFO - Setting next_dagrun for weather_ingestion to 2026-08-11 00:00:00+00:00, run_after=2026-08-11 01:00:00+00:00
[2026-08-11T00:56:57.218+0000] {processor.py:208} INFO - Processing /opt/airflow/dags/weather_dag.py took 0.263 seconds
[2026-08-11T01:01:04.251+0000] {processor.py:186} INFO - Started process (PID=31994) to work on /opt/airflow/dags/weather_dag.py
[2026-08-11T01:01:04.252+0000] {processor.py:914} INFO - Processing file /opt/airflow/dags/weather_dag.py for tasks to queue
[2026-08-11T01:01:04.256+0000] {logging_mixin.py:190} INFO - [2026-08-11T01:01:04.255+0000] {dagbag.py:588} INFO - Filling up the DagBag from /opt/airflow/dags/weather_dag.py
[2026-08-11T01:01:04.535+0000] {processor.py:925} INFO - DAG(s) 'weather_ingestion' retrieved from /opt/airflow/dags/weather_dag.py
[2026-08-11T01:01:04.550+0000] {logging_mixin.py:190} INFO - [2026-08-11T01:01:04.550+0000] {dag.py:3239} INFO - Sync 1 DAGs
[2026-08-11T01:01:04.563+0000] {logging_mixin.py:190} INFO - [2026-08-11T01:01:04.563+0000] {dag.py:4180} INFO - Setting next_dagrun for weather_ingestion to 2026-08-11 01:00:00+00:00, run_after=2026-08-11 02:00:00+00:00
[2026-08-11T01:01:04.570+0000] {processor.py:208} INFO - Processing /opt/airflow/dags/weather_dag.py took 0.327 seconds
[2026-08-11T01:01:34.793+0000] {processor.py:186} INFO - Started process (PID=32006) to work on /opt/airflow/dags/weather_dag.py
[2026-08-11T01:01:34.795+0000] {processor.py:914} INFO - Processing file /opt/airflow/dags/weather_dag.py for tasks to queue
[2026-08-11T01:01:34.801+0000] {logging_mixin.py:190} INFO - [2026-08-11T01:01:34.800+0000] {dagbag.py:588} INFO - Filling up the DagBag from /opt/airflow/dags/weather_dag.py
[2026-08-11T01:01:35.135+0000] {processor.py:925} INFO - DAG(s) 'weather_ingestion' retrieved from /opt/airflow/dags/weather_dag.py
[2026-08-11T01:01:35.152+0000] {logging_mixin.py:190} INFO - [2026-08-11T01:01:35.152+0000] {dag.py:3239} INFO - Sync 1 DAGs
[2026-08-11T01:01:35.165+0000] {logging_mixin.py:190} INFO - [2026-08-11T01:01:35.165+0000] {dag.py:4180} INFO - Setting next_dagrun for weather_ingestion to 2026-08-11 01:00:00+00:00, run_after=2026-08-11 02:00:00+00:00
[2026-08-11T01:01:35.173+0000] {processor.py:208} INFO - Processing /opt/airflow/dags/weather_dag.py took 0.390 seconds
[2026-08-11T01:02:05.485+0000] {processor.py:186} INFO - Started process (PID=32013) to work on /opt/airflow/dags/weather_dag.py
[2026-08-11T01:02:05.490+0000] {processor.py:914} INFO - Processing file /opt/airflow/dags/weather_dag.py for tasks to queue
[2026-08-11T01:02:05.498+0000] {logging_mixin.py:190} INFO - [2026-08-11T01:02:05.497+0000] {dagbag.py:588} INFO - Filling up the DagBag from /opt/airflow/dags/weather_dag.py
[2026-08-11T01:02:05.887+0000] {processor.py:925} INFO - DAG(s) 'weather_ingestion' retrieved from /opt/airflow/dags/weather_dag.py
[2026-08-11T01:02:05.909+0000] {logging_mixin.py:190} INFO - [2026-08-11T01:02:05.908+0000] {dag.py:3239} INFO - Sync 1 DAGs
[2026-08-11T01:02:05.922+0000] {logging_mixin.py:190} INFO - [2026-08-11T01:02:05.922+0000] {dag.py:4180} INFO - Setting next_dagrun for weather_ingestion to 2026-08-11 01:00:00+00:00, run_after=2026-08-11 02:00:00+00:00
[2026-08-11T01:02:05.930+0000] {processor.py:208} INFO - Processing /opt/airflow/dags/weather_dag.py took 0.466 seconds
[2026-08-11T01:02:36.360+0000] {processor.py:186} INFO - Started process (PID=32020) to work on /opt/airflow/dags/weather_dag.py
[2026-08-11T01:02:36.364+0000] {processor.py:914} INFO - Processing file /opt/airflow/dags/weather_dag.py for tasks to queue
[2026-08-11T01:02:36.369+0000] {logging_mixin.py:190} INFO - [2026-08-11T01:02:36.368+0000] {dagbag.py:588} INFO - Filling up the DagBag from /opt/airflow/dags/weather_dag.py
[2026-08-11T01:02:36.741+0000] {processor.py:925} INFO - DAG(s) 'weather_ingestion' retrieved from /opt/airflow/dags/weather_dag.py
[2026-08-11T01:02:36.764+0000] {logging_mixin.py:190} INFO - [2026-08-11T01:02:36.764+0000] {dag.py:3239} INFO - Sync 1 DAGs
[2026-08-11T01:02:36.779+0000] {logging_mixin.py:190} INFO - [2026-08-11T01:02:36.779+0000] {dag.py:4180} INFO - Setting next_dagrun for weather_ingestion to 2026-08-11 01:00:00+00:00, run_after=2026-08-11 02:00:00+00:00
[2026-08-11T01:02:36.786+0000] {processor.py:208} INFO - Processing /opt/airflow/dags/weather_dag.py took 0.448 seconds
[2026-08-11T01:04:32.751+0000] {processor.py:186} INFO - Started process (PID=32027) to work on /opt/airflow/dags/weather_dag.py
[2026-08-11T01:04:32.753+0000] {processor.py:914} INFO - Processing file /opt/airflow/dags/weather_dag.py for tasks to queue
[2026-08-11T01:04:32.755+0000] {logging_mixin.py:190} INFO - [2026-08-11T01:04:32.755+0000] {dagbag.py:588} INFO - Filling up the DagBag from /opt/airflow/dags/weather_dag.py
[2026-08-11T01:04:32.982+0000] {processor.py:925} INFO - DAG(s) 'weather_ingestion' retrieved from /opt/airflow/dags/weather_dag.py
[2026-08-11T01:04:32.993+0000] {logging_mixin.py:190} INFO - [2026-08-11T01:04:32.993+0000] {dag.py:3239} INFO - Sync 1 DAGs
[2026-08-11T01:04:33.004+0000] {logging_mixin.py:190} INFO - [2026-08-11T01:04:33.004+0000] {dag.py:4180} INFO - Setting next_dagrun for weather_ingestion to 2026-08-11 01:00:00+00:00, run_after=2026-08-11 02:00:00+00:00
[2026-08-11T01:04:33.012+0000] {processor.py:208} INFO - Processing /opt/airflow/dags/weather_dag.py took 0.267 seconds
[2026-08-11T01:05:03.202+0000] {processor.py:186} INFO - Started process (PID=32034) to work on /opt/airflow/dags/weather_dag.py
[2026-08-11T01:05:03.205+0000] {processor.py:914} INFO - Processing file /opt/airflow/dags/weather_dag.py for tasks to queue
[2026-08-11T01:05:03.210+0000] {logging_mixin.py:190} INFO - [2026-08-11T01:05:03.210+0000] {dagbag.py:588} INFO - Filling up the DagBag from /opt/airflow/dags/weather_dag.py
[2026-08-11T01:05:03.581+0000] {processor.py:925} INFO - DAG(s) 'weather_ingestion' retrieved from /opt/airflow/dags/weather_dag.py
[2026-08-11T01:05:03.600+0000] {logging_mixin.py:190} INFO - [2026-08-11T01:05:03.600+0000] {dag.py:3239} INFO - Sync 1 DAGs
[2026-08-11T01:05:03.614+0000] {logging_mixin.py:190} INFO - [2026-08-11T01:05:03.614+0000] {dag.py:4180} INFO - Setting next_dagrun for weather_ingestion to 2026-08-11 01:00:00+00:00, run_after=2026-08-11 02:00:00+00:00
[2026-08-11T01:05:03.623+0000] {processor.py:208} INFO - Processing /opt/airflow/dags/weather_dag.py took 0.450 seconds
[2026-08-11T01:05:33.752+0000] {processor.py:186} INFO - Started process (PID=32041) to work on /opt/airflow/dags/weather_dag.py
[2026-08-11T01:05:33.753+0000] {processor.py:914} INFO - Processing file /opt/airflow/dags/weather_dag.py for tasks to queue
[2026-08-11T01:05:33.755+0000] {logging_mixin.py:190} INFO - [2026-08-11T01:05:33.755+0000] {dagbag.py:588} INFO - Filling up the DagBag from /opt/airflow/dags/weather_dag.py
[2026-08-11T01:05:33.966+0000] {processor.py:925} INFO - DAG(s) 'weather_ingestion' retrieved from /opt/airflow/dags/weather_dag.py
[2026-08-11T01:05:33.977+0000] {logging_mixin.py:190} INFO - [2026-08-11T01:05:33.977+0000] {dag.py:3239} INFO - Sync 1 DAGs
[2026-08-11T01:05:33.986+0000] {logging_mixin.py:190} INFO - [2026-08-11T01:05:33.986+0000] {dag.py:4180} INFO - Setting next_dagrun for weather_ingestion to 2026-08-11 01:00:00+00:00, run_after=2026-08-11 02:00:00+00:00
[2026-08-11T01:05:33.993+0000] {processor.py:208} INFO - Processing /opt/airflow/dags/weather_dag.py took 0.250 seconds
[2026-08-11T01:06:04.334+0000] {processor.py:186} INFO - Started process (PID=32048) to work on /opt/airflow/dags/weather_dag.py
[2026-08-11T01:06:04.336+0000] {processor.py:914} INFO - Processing file /opt/airflow/dags/weather_dag.py for tasks to queue
[2026-08-11T01:06:04.345+0000] {logging_mixin.py:190} INFO - [2026-08-11T01:06:04.344+0000] {dagbag.py:588} INFO - Filling up the DagBag from /opt/airflow/dags/weather_dag.py
[2026-08-11T01:06:04.711+0000] {processor.py:925} INFO - DAG(s) 'weather_ingestion' retrieved from /opt/airflow/dags/weather_dag.py
[2026-08-11T01:06:04.729+0000] {logging_mixin.py:190} INFO - [2026-08-11T01:06:04.729+0000] {dag.py:3239} INFO - Sync 1 DAGs
[2026-08-11T01:06:04.742+0000] {logging_mixin.py:190} INFO - [2026-08-11T01:06:04.742+0000] {dag.py:4180} INFO - Setting next_dagrun for weather_ingestion to 2026-08-11 01:00:00+00:00, run_after=2026-08-11 02:00:00+00:00
[2026-08-11T01:06:04.750+0000] {processor.py:208} INFO - Processing /opt/airflow/dags/weather_dag.py took 0.437 seconds
[2026-08-11T01:06:35.080+0000] {processor.py:186} INFO - Started process (PID=32055) to work on /opt/airflow/dags/weather_dag.py
[2026-08-11T01:06:35.083+0000] {processor.py:914} INFO - Processing file /opt/airflow/dags/weather_dag.py for tasks to queue
[2026-08-11T01:06:35.087+0000] {logging_mixin.py:190} INFO - [2026-08-11T01:06:35.086+0000] {dagbag.py:588} INFO - Filling up the DagBag from /opt/airflow/dags/weather_dag.py
[2026-08-11T01:06:35.361+0000] {processor.py:925} INFO - DAG(s) 'weather_ingestion' retrieved from /opt/airflow/dags/weather_dag.py
[2026-08-11T01:06:35.376+0000] {logging_mixin.py:190} INFO - [2026-08-11T01:06:35.376+0000] {dag.py:3239} INFO - Sync 1 DAGs
[2026-08-11T01:06:35.389+0000] {logging_mixin.py:190} INFO - [2026-08-11T01:06:35.388+0000] {dag.py:4180} INFO - Setting next_dagrun for weather_ingestion to 2026-08-11 01:00:00+00:00, run_after=2026-08-11 02:00:00+00:00
[2026-08-11T01:06:35.396+0000] {processor.py:208} INFO - Processing /opt/airflow/dags/weather_dag.py took 0.330 seconds
[2026-08-11T01:07:05.488+0000] {processor.py:186} INFO - Started process (PID=32062) to work on /opt/airflow/dags/weather_dag.py
[2026-08-11T01:07:05.490+0000] {processor.py:914} INFO - Processing file /opt/airflow/dags/weather_dag.py for tasks to queue
[2026-08-11T01:07:05.494+0000] {logging_mixin.py:190} INFO - [2026-08-11T01:07:05.493+0000] {dagbag.py:588} INFO - Filling up the DagBag from /opt/airflow/dags/weather_dag.py
[2026-08-11T01:07:05.763+0000] {processor.py:925} INFO - DAG(s) 'weather_ingestion' retrieved from /opt/airflow/dags/weather_dag.py
[2026-08-11T01:07:05.778+0000] {logging_mixin.py:190} INFO - [2026-08-11T01:07:05.778+0000] {dag.py:3239} INFO - Sync 1 DAGs
[2026-08-11T01:07:05.790+0000] {logging_mixin.py:190} INFO - [2026-08-11T01:07:05.790+0000] {dag.py:4180} INFO - Setting next_dagrun for weather_ingestion to 2026-08-11 01:00:00+00:00, run_after=2026-08-11 02:00:00+00:00
[2026-08-11T01:07:05.798+0000] {processor.py:208} INFO - Processing /opt/airflow/dags/weather_dag.py took 0.325 seconds
[2026-08-11T01:07:38.703+0000] {processor.py:186} INFO - Started process (PID=32069) to work on /opt/airflow/dags/weather_dag.py
[2026-08-11T01:07:38.736+0000] {processor.py:914} INFO - Processing file /opt/airflow/dags/weather_dag.py for tasks to queue
[2026-08-11T01:07:38.769+0000] {logging_mixin.py:190} INFO - [2026-08-11T01:07:38.767+0000] {dagbag.py:588} INFO - Filling up the DagBag from /opt/airflow/dags/weather_dag.py
[2026-08-11T01:07:41.740+0000] {processor.py:925} INFO - DAG(s) 'weather_ingestion' retrieved from /opt/airflow/dags/weather_dag.py
[2026-08-11T01:07:42.043+0000] {logging_mixin.py:190} INFO - [2026-08-11T01:07:42.042+0000] {dag.py:3239} INFO - Sync 1 DAGs
[2026-08-11T01:07:42.952+0000] {logging_mixin.py:190} INFO - [2026-08-11T01:07:42.875+0000] {dag.py:4180} INFO - Setting next_dagrun for weather_ingestion to 2026-08-11 01:00:00+00:00, run_after=2026-08-11 02:00:00+00:00
[2026-08-11T01:07:43.253+0000] {processor.py:208} INFO - Processing /opt/airflow/dags/weather_dag.py took 4.711 seconds
[2026-08-11T01:14:50.241+0000] {processor.py:186} INFO - Started process (PID=32076) to work on /opt/airflow/dags/weather_dag.py
[2026-08-11T01:14:50.244+0000] {processor.py:914} INFO - Processing file /opt/airflow/dags/weather_dag.py for tasks to queue
[2026-08-11T01:14:50.250+0000] {logging_mixin.py:190} INFO - [2026-08-11T01:14:50.250+0000] {dagbag.py:588} INFO - Filling up the DagBag from /opt/airflow/dags/weather_dag.py
[2026-08-11T01:14:50.587+0000] {processor.py:925} INFO - DAG(s) 'weather_ingestion' retrieved from /opt/airflow/dags/weather_dag.py
[2026-08-11T01:14:50.603+0000] {logging_mixin.py:190} INFO - [2026-08-11T01:14:50.603+0000] {dag.py:3239} INFO - Sync 1 DAGs
[2026-08-11T01:14:50.617+0000] {logging_mixin.py:190} INFO - [2026-08-11T01:14:50.617+0000] {dag.py:4180} INFO - Setting next_dagrun for weather_ingestion to 2026-08-11 01:00:00+00:00, run_after=2026-08-11 02:00:00+00:00
[2026-08-11T01:14:50.625+0000] {processor.py:208} INFO - Processing /opt/airflow/dags/weather_dag.py took 0.405 seconds
[2026-08-11T01:15:20.952+0000] {processor.py:186} INFO - Started process (PID=32083) to work on /opt/airflow/dags/weather_dag.py
[2026-08-11T01:15:20.957+0000] {processor.py:914} INFO - Processing file /opt/airflow/dags/weather_dag.py for tasks to queue
[2026-08-11T01:15:20.974+0000] {logging_mixin.py:190} INFO - [2026-08-11T01:15:20.969+0000] {dagbag.py:588} INFO - Filling up the DagBag from /opt/airflow/dags/weather_dag.py
[2026-08-11T01:15:21.354+0000] {processor.py:925} INFO - DAG(s) 'weather_ingestion' retrieved from /opt/airflow/dags/weather_dag.py
[2026-08-11T01:15:21.387+0000] {logging_mixin.py:190} INFO - [2026-08-11T01:15:21.387+0000] {dag.py:3239} INFO - Sync 1 DAGs
[2026-08-11T01:15:21.402+0000] {logging_mixin.py:190} INFO - [2026-08-11T01:15:21.402+0000] {dag.py:4180} INFO - Setting next_dagrun for weather_ingestion to 2026-08-11 01:00:00+00:00, run_after=2026-08-11 02:00:00+00:00
[2026-08-11T01:15:21.412+0000] {processor.py:208} INFO - Processing /opt/airflow/dags/weather_dag.py took 0.482 seconds
[2026-08-11T01:15:51.793+0000] {processor.py:186} INFO - Started process (PID=32090) to work on /opt/airflow/dags/weather_dag.py
[2026-08-11T01:15:51.795+0000] {processor.py:914} INFO - Processing file /opt/airflow/dags/weather_dag.py for tasks to queue
[2026-08-11T01:15:51.797+0000] {logging_mixin.py:190} INFO - [2026-08-11T01:15:51.797+0000] {dagbag.py:588} INFO - Filling up the DagBag from /opt/airflow/dags/weather_dag.py
[2026-08-11T01:15:52.010+0000] {processor.py:925} INFO - DAG(s) 'weather_ingestion' retrieved from /opt/airflow/dags/weather_dag.py
[2026-08-11T01:15:52.023+0000] {logging_mixin.py:190} INFO - [2026-08-11T01:15:52.023+0000] {dag.py:3239} INFO - Sync 1 DAGs
[2026-08-11T01:15:52.033+0000] {logging_mixin.py:190} INFO - [2026-08-11T01:15:52.033+0000] {dag.py:4180} INFO - Setting next_dagrun for weather_ingestion to 2026-08-11 01:00:00+00:00, run_after=2026-08-11 02:00:00+00:00
[2026-08-11T01:15:52.040+0000] {processor.py:208} INFO - Processing /opt/airflow/dags/weather_dag.py took 0.255 seconds
[2026-08-11T01:16:22.087+0000] {processor.py:186} INFO - Started process (PID=32097) to work on /opt/airflow/dags/weather_dag.py
[2026-08-11T01:16:22.089+0000] {processor.py:914} INFO - Processing file /opt/airflow/dags/weather_dag.py for tasks to queue
[2026-08-11T01:16:22.093+0000] {logging_mixin.py:190} INFO - [2026-08-11T01:16:22.092+0000] {dagbag.py:588} INFO - Filling up the DagBag from /opt/airflow/dags/weather_dag.py
[2026-08-11T01:16:22.356+0000] {processor.py:925} INFO - DAG(s) 'weather_ingestion' retrieved from /opt/airflow/dags/weather_dag.py
[2026-08-11T01:16:22.368+0000] {logging_mixin.py:190} INFO - [2026-08-11T01:16:22.368+0000] {dag.py:3239} INFO - Sync 1 DAGs
[2026-08-11T01:16:22.378+0000] {logging_mixin.py:190} INFO - [2026-08-11T01:16:22.378+0000] {dag.py:4180} INFO - Setting next_dagrun for weather_ingestion to 2026-08-11 01:00:00+00:00, run_after=2026-08-11 02:00:00+00:00
[2026-08-11T01:16:22.385+0000] {processor.py:208} INFO - Processing /opt/airflow/dags/weather_dag.py took 0.308 seconds
[2026-08-11T01:16:52.660+0000] {processor.py:186} INFO - Started process (PID=32104) to work on /opt/airflow/dags/weather_dag.py
[2026-08-11T01:16:52.664+0000] {processor.py:914} INFO - Processing file /opt/airflow/dags/weather_dag.py for tasks to queue
[2026-08-11T01:16:52.669+0000] {logging_mixin.py:190} INFO - [2026-08-11T01:16:52.669+0000] {dagbag.py:588} INFO - Filling up the DagBag from /opt/airflow/dags/weather_dag.py
[2026-08-11T01:16:53.022+0000] {processor.py:925} INFO - DAG(s) 'weather_ingestion' retrieved from /opt/airflow/dags/weather_dag.py
[2026-08-11T01:16:53.044+0000] {logging_mixin.py:190} INFO - [2026-08-11T01:16:53.044+0000] {dag.py:3239} INFO - Sync 1 DAGs
[2026-08-11T01:16:53.064+0000] {logging_mixin.py:190} INFO - [2026-08-11T01:16:53.064+0000] {dag.py:4180} INFO - Setting next_dagrun for weather_ingestion to 2026-08-11 01:00:00+00:00, run_after=2026-08-11 02:00:00+00:00
[2026-08-11T01:16:53.095+0000] {processor.py:208} INFO - Processing /opt/airflow/dags/weather_dag.py took 0.448 seconds
[2026-08-11T01:17:23.530+0000] {processor.py:186} INFO - Started process (PID=32111) to work on /opt/airflow/dags/weather_dag.py
[2026-08-11T01:17:23.532+0000] {processor.py:914} INFO - Processing file /opt/airflow/dags/weather_dag.py for tasks to queue
[2026-08-11T01:17:23.538+0000] {logging_mixin.py:190} INFO - [2026-08-11T01:17:23.537+0000] {dagbag.py:588} INFO - Filling up the DagBag from /opt/airflow/dags/weather_dag.py
[2026-08-11T01:17:23.940+0000] {processor.py:925} INFO - DAG(s) 'weather_ingestion' retrieved from /opt/airflow/dags/weather_dag.py
[2026-08-11T01:17:23.961+0000] {logging_mixin.py:190} INFO - [2026-08-11T01:17:23.961+0000] {dag.py:3239} INFO - Sync 1 DAGs
[2026-08-11T01:17:23.975+0000] {logging_mixin.py:190} INFO - [2026-08-11T01:17:23.975+0000] {dag.py:4180} INFO - Setting next_dagrun for weather_ingestion to 2026-08-11 01:00:00+00:00, run_after=2026-08-11 02:00:00+00:00
[2026-08-11T01:17:23.984+0000] {processor.py:208} INFO - Processing /opt/airflow/dags/weather_dag.py took 0.464 seconds
[2026-08-11T01:17:54.375+0000] {processor.py:186} INFO - Started process (PID=32118) to work on /opt/airflow/dags/weather_dag.py
[2026-08-11T01:17:54.376+0000] {processor.py:914} INFO - Processing file /opt/airflow/dags/weather_dag.py for tasks to queue
[2026-08-11T01:17:54.378+0000] {logging_mixin.py:190} INFO - [2026-08-11T01:17:54.378+0000] {dagbag.py:588} INFO - Filling up the DagBag from /opt/airflow/dags/weather_dag.py
[2026-08-11T01:17:54.604+0000] {processor.py:925} INFO - DAG(s) 'weather_ingestion' retrieved from /opt/airflow/dags/weather_dag.py
[2026-08-11T01:17:54.616+0000] {logging_mixin.py:190} INFO - [2026-08-11T01:17:54.616+0000] {dag.py:3239} INFO - Sync 1 DAGs
[2026-08-11T01:17:54.626+0000] {logging_mixin.py:190} INFO - [2026-08-11T01:17:54.625+0000] {dag.py:4180} INFO - Setting next_dagrun for weather_ingestion to 2026-08-11 01:00:00+00:00, run_after=2026-08-11 02:00:00+00:00
[2026-08-11T01:17:54.632+0000] {processor.py:208} INFO - Processing /opt/airflow/dags/weather_dag.py took 0.264 seconds
[2026-08-11T01:18:24.713+0000] {processor.py:186} INFO - Started process (PID=32125) to work on /opt/airflow/dags/weather_dag.py
[2026-08-11T01:18:24.716+0000] {processor.py:914} INFO - Processing file /opt/airflow/dags/weather_dag.py for tasks to queue
[2026-08-11T01:18:24.720+0000] {logging_mixin.py:190} INFO - [2026-08-11T01:18:24.720+0000] {dagbag.py:588} INFO - Filling up the DagBag from /opt/airflow/dags/weather_dag.py
[2026-08-11T01:18:24.975+0000] {processor.py:925} INFO - DAG(s) 'weather_ingestion' retrieved from /opt/airflow/dags/weather_dag.py
[2026-08-11T01:18:24.990+0000] {logging_mixin.py:190} INFO - [2026-08-11T01:18:24.990+0000] {dag.py:3239} INFO - Sync 1 DAGs
[2026-08-11T01:18:25.003+0000] {logging_mixin.py:190} INFO - [2026-08-11T01:18:25.003+0000] {dag.py:4180} INFO - Setting next_dagrun for weather_ingestion to 2026-08-11 01:00:00+00:00, run_after=2026-08-11 02:00:00+00:00
[2026-08-11T01:18:25.011+0000] {processor.py:208} INFO - Processing /opt/airflow/dags/weather_dag.py took 0.308 seconds
[2026-08-11T01:18:55.314+0000] {processor.py:186} INFO - Started process (PID=32132) to work on /opt/airflow/dags/weather_dag.py
[2026-08-11T01:18:55.317+0000] {processor.py:914} INFO - Processing file /opt/airflow/dags/weather_dag.py for tasks to queue
[2026-08-11T01:18:55.321+0000] {logging_mixin.py:190} INFO - [2026-08-11T01:18:55.320+0000] {dagbag.py:588} INFO - Filling up the DagBag from /opt/airflow/dags/weather_dag.py
[2026-08-11T01:18:55.590+0000] {processor.py:925} INFO - DAG(s) 'weather_ingestion' retrieved from /opt/airflow/dags/weather_dag.py
[2026-08-11T01:18:55.605+0000] {logging_mixin.py:190} INFO - [2026-08-11T01:18:55.605+0000] {dag.py:3239} INFO - Sync 1 DAGs
[2026-08-11T01:18:55.617+0000] {logging_mixin.py:190} INFO - [2026-08-11T01:18:55.617+0000] {dag.py:4180} INFO - Setting next_dagrun for weather_ingestion to 2026-08-11 01:00:00+00:00, run_after=2026-08-11 02:00:00+00:00
[2026-08-11T01:18:55.624+0000] {processor.py:208} INFO - Processing /opt/airflow/dags/weather_dag.py took 0.320 seconds
[2026-08-11T01:19:25.669+0000] {processor.py:186} INFO - Started process (PID=32139) to work on /opt/airflow/dags/weather_dag.py
[2026-08-11T01:19:25.671+0000] {processor.py:914} INFO - Processing file /opt/airflow/dags/weather_dag.py for tasks to queue
[2026-08-11T01:19:25.674+0000] {logging_mixin.py:190} INFO - [2026-08-11T01:19:25.674+0000] {dagbag.py:588} INFO - Filling up the DagBag from /opt/airflow/dags/weather_dag.py
[2026-08-11T01:19:25.907+0000] {processor.py:925} INFO - DAG(s) 'weather_ingestion' retrieved from /opt/airflow/dags/weather_dag.py
[2026-08-11T01:19:25.923+0000] {logging_mixin.py:190} INFO - [2026-08-11T01:19:25.922+0000] {dag.py:3239} INFO - Sync 1 DAGs
[2026-08-11T01:19:25.934+0000] {logging_mixin.py:190} INFO - [2026-08-11T01:19:25.934+0000] {dag.py:4180} INFO - Setting next_dagrun for weather_ingestion to 2026-08-11 01:00:00+00:00, run_after=2026-08-11 02:00:00+00:00
[2026-08-11T01:19:25.942+0000] {processor.py:208} INFO - Processing /opt/airflow/dags/weather_dag.py took 0.283 seconds
[2026-08-11T01:19:56.238+0000] {processor.py:186} INFO - Started process (PID=32146) to work on /opt/airflow/dags/weather_dag.py
[2026-08-11T01:19:56.240+0000] {processor.py:914} INFO - Processing file /opt/airflow/dags/weather_dag.py for tasks to queue
[2026-08-11T01:19:56.244+0000] {logging_mixin.py:190} INFO - [2026-08-11T01:19:56.244+0000] {dagbag.py:588} INFO - Filling up the DagBag from /opt/airflow/dags/weather_dag.py
[2026-08-11T01:19:56.520+0000] {processor.py:925} INFO - DAG(s) 'weather_ingestion' retrieved from /opt/airflow/dags/weather_dag.py
[2026-08-11T01:19:56.534+0000] {logging_mixin.py:190} INFO - [2026-08-11T01:19:56.534+0000] {dag.py:3239} INFO - Sync 1 DAGs
[2026-08-11T01:19:56.545+0000] {logging_mixin.py:190} INFO - [2026-08-11T01:19:56.545+0000] {dag.py:4180} INFO - Setting next_dagrun for weather_ingestion to 2026-08-11 01:00:00+00:00, run_after=2026-08-11 02:00:00+00:00
[2026-08-11T01:19:56.552+0000] {processor.py:208} INFO - Processing /opt/airflow/dags/weather_dag.py took 0.324 seconds
[2026-08-11T01:20:26.824+0000] {processor.py:186} INFO - Started process (PID=32153) to work on /opt/airflow/dags/weather_dag.py
[2026-08-11T01:20:26.825+0000] {processor.py:914} INFO - Processing file /opt/airflow/dags/weather_dag.py for tasks to queue
[2026-08-11T01:20:26.828+0000] {logging_mixin.py:190} INFO - [2026-08-11T01:20:26.827+0000] {dagbag.py:588} INFO - Filling up the DagBag from /opt/airflow/dags/weather_dag.py
[2026-08-11T01:20:27.050+0000] {processor.py:925} INFO - DAG(s) 'weather_ingestion' retrieved from /opt/airflow/dags/weather_dag.py
[2026-08-11T01:20:27.062+0000] {logging_mixin.py:190} INFO - [2026-08-11T01:20:27.062+0000] {dag.py:3239} INFO - Sync 1 DAGs
[2026-08-11T01:20:27.073+0000] {logging_mixin.py:190} INFO - [2026-08-11T01:20:27.073+0000] {dag.py:4180} INFO - Setting next_dagrun for weather_ingestion to 2026-08-11 01:00:00+00:00, run_after=2026-08-11 02:00:00+00:00
[2026-08-11T01:20:27.080+0000] {processor.py:208} INFO - Processing /opt/airflow/dags/weather_dag.py took 0.262 seconds
[2026-08-11T01:20:57.172+0000] {processor.py:186} INFO - Started process (PID=32160) to work on /opt/airflow/dags/weather_dag.py
[2026-08-11T01:20:57.174+0000] {processor.py:914} INFO - Processing file /opt/airflow/dags/weather_dag.py for tasks to queue
[2026-08-11T01:20:57.177+0000] {logging_mixin.py:190} INFO - [2026-08-11T01:20:57.177+0000] {dagbag.py:588} INFO - Filling up the DagBag from /opt/airflow/dags/weather_dag.py
[2026-08-11T01:20:57.426+0000] {processor.py:925} INFO - DAG(s) 'weather_ingestion' retrieved from /opt/airflow/dags/weather_dag.py
[2026-08-11T01:20:57.441+0000] {logging_mixin.py:190} INFO - [2026-08-11T01:20:57.441+0000] {dag.py:3239} INFO - Sync 1 DAGs
[2026-08-11T01:20:57.454+0000] {logging_mixin.py:190} INFO - [2026-08-11T01:20:57.454+0000] {dag.py:4180} INFO - Setting next_dagrun for weather_ingestion to 2026-08-11 01:00:00+00:00, run_after=2026-08-11 02:00:00+00:00
[2026-08-11T01:20:57.460+0000] {processor.py:208} INFO - Processing /opt/airflow/dags/weather_dag.py took 0.298 seconds
[2026-08-11T01:21:27.695+0000] {processor.py:186} INFO - Started process (PID=32167) to work on /opt/airflow/dags/weather_dag.py
[2026-08-11T01:21:27.697+0000] {processor.py:914} INFO - Processing file /opt/airflow/dags/weather_dag.py for tasks to queue
[2026-08-11T01:21:27.701+0000] {logging_mixin.py:190} INFO - [2026-08-11T01:21:27.700+0000] {dagbag.py:588} INFO - Filling up the DagBag from /opt/airflow/dags/weather_dag.py
[2026-08-11T01:21:28.072+0000] {processor.py:925} INFO - DAG(s) 'weather_ingestion' retrieved from /opt/airflow/dags/weather_dag.py
[2026-08-11T01:21:28.088+0000] {logging_mixin.py:190} INFO - [2026-08-11T01:21:28.088+0000] {dag.py:3239} INFO - Sync 1 DAGs
[2026-08-11T01:21:28.102+0000] {logging_mixin.py:190} INFO - [2026-08-11T01:21:28.101+0000] {dag.py:4180} INFO - Setting next_dagrun for weather_ingestion to 2026-08-11 01:00:00+00:00, run_after=2026-08-11 02:00:00+00:00
[2026-08-11T01:21:28.109+0000] {processor.py:208} INFO - Processing /opt/airflow/dags/weather_dag.py took 0.423 seconds
[2026-08-11T01:21:58.500+0000] {processor.py:186} INFO - Started process (PID=32174) to work on /opt/airflow/dags/weather_dag.py
[2026-08-11T01:21:58.502+0000] {processor.py:914} INFO - Processing file /opt/airflow/dags/weather_dag.py for tasks to queue
[2026-08-11T01:21:58.505+0000] {logging_mixin.py:190} INFO - [2026-08-11T01:21:58.505+0000] {dagbag.py:588} INFO - Filling up the DagBag from /opt/airflow/dags/weather_dag.py
[2026-08-11T01:21:58.725+0000] {processor.py:925} INFO - DAG(s) 'weather_ingestion' retrieved from /opt/airflow/dags/weather_dag.py
[2026-08-11T01:21:58.738+0000] {logging_mixin.py:190} INFO - [2026-08-11T01:21:58.738+0000] {dag.py:3239} INFO - Sync 1 DAGs
[2026-08-11T01:21:58.747+0000] {logging_mixin.py:190} INFO - [2026-08-11T01:21:58.747+0000] {dag.py:4180} INFO - Setting next_dagrun for weather_ingestion to 2026-08-11 01:00:00+00:00, run_after=2026-08-11 02:00:00+00:00
[2026-08-11T01:21:58.754+0000] {processor.py:208} INFO - Processing /opt/airflow/dags/weather_dag.py took 0.265 seconds
[2026-08-11T01:22:28.864+0000] {processor.py:186} INFO - Started process (PID=32181) to work on /opt/airflow/dags/weather_dag.py
[2026-08-11T01:22:28.866+0000] {processor.py:914} INFO - Processing file /opt/airflow/dags/weather_dag.py for tasks to queue
[2026-08-11T01:22:28.870+0000] {logging_mixin.py:190} INFO - [2026-08-11T01:22:28.869+0000] {dagbag.py:588} INFO - Filling up the DagBag from /opt/airflow/dags/weather_dag.py
[2026-08-11T01:22:29.156+0000] {processor.py:925} INFO - DAG(s) 'weather_ingestion' retrieved from /opt/airflow/dags/weather_dag.py
[2026-08-11T01:22:29.177+0000] {logging_mixin.py:190} INFO - [2026-08-11T01:22:29.177+0000] {dag.py:3239} INFO - Sync 1 DAGs
[2026-08-11T01:22:29.201+0000] {logging_mixin.py:190} INFO - [2026-08-11T01:22:29.201+0000] {dag.py:4180} INFO - Setting next_dagrun for weather_ingestion to 2026-08-11 01:00:00+00:00, run_after=2026-08-11 02:00:00+00:00
[2026-08-11T01:22:29.210+0000] {processor.py:208} INFO - Processing /opt/airflow/dags/weather_dag.py took 0.356 seconds
[2026-08-11T01:22:59.386+0000] {processor.py:186} INFO - Started process (PID=32188) to work on /opt/airflow/dags/weather_dag.py
[2026-08-11T01:22:59.389+0000] {processor.py:914} INFO - Processing file /opt/airflow/dags/weather_dag.py for tasks to queue
[2026-08-11T01:22:59.393+0000] {logging_mixin.py:190} INFO - [2026-08-11T01:22:59.393+0000] {dagbag.py:588} INFO - Filling up the DagBag from /opt/airflow/dags/weather_dag.py
[2026-08-11T01:22:59.659+0000] {processor.py:925} INFO - DAG(s) 'weather_ingestion' retrieved from /opt/airflow/dags/weather_dag.py
[2026-08-11T01:22:59.678+0000] {logging_mixin.py:190} INFO - [2026-08-11T01:22:59.678+0000] {dag.py:3239} INFO - Sync 1 DAGs
[2026-08-11T01:22:59.691+0000] {logging_mixin.py:190} INFO - [2026-08-11T01:22:59.691+0000] {dag.py:4180} INFO - Setting next_dagrun for weather_ingestion to 2026-08-11 01:00:00+00:00, run_after=2026-08-11 02:00:00+00:00
[2026-08-11T01:22:59.699+0000] {processor.py:208} INFO - Processing /opt/airflow/dags/weather_dag.py took 0.324 seconds
[2026-08-11T01:23:29.838+0000] {processor.py:186} INFO - Started process (PID=32195) to work on /opt/airflow/dags/weather_dag.py
[2026-08-11T01:23:29.840+0000] {processor.py:914} INFO - Processing file /opt/airflow/dags/weather_dag.py for tasks to queue
[2026-08-11T01:23:29.842+0000] {logging_mixin.py:190} INFO - [2026-08-11T01:23:29.842+0000] {dagbag.py:588} INFO - Filling up the DagBag from /opt/airflow/dags/weather_dag.py
[2026-08-11T01:23:30.063+0000] {processor.py:925} INFO - DAG(s) 'weather_ingestion' retrieved from /opt/airflow/dags/weather_dag.py
[2026-08-11T01:23:30.074+0000] {logging_mixin.py:190} INFO - [2026-08-11T01:23:30.074+0000] {dag.py:3239} INFO - Sync 1 DAGs
[2026-08-11T01:23:30.085+0000] {logging_mixin.py:190} INFO - [2026-08-11T01:23:30.085+0000] {dag.py:4180} INFO - Setting next_dagrun for weather_ingestion to 2026-08-11 01:00:00+00:00, run_after=2026-08-11 02:00:00+00:00
[2026-08-11T01:23:30.091+0000] {processor.py:208} INFO - Processing /opt/airflow/dags/weather_dag.py took 0.261 seconds
[2026-08-11T01:24:00.321+0000] {processor.py:186} INFO - Started process (PID=32202) to work on /opt/airflow/dags/weather_dag.py
[2026-08-11T01:24:00.323+0000] {processor.py:914} INFO - Processing file /opt/airflow/dags/weather_dag.py for tasks to queue
[2026-08-11T01:24:00.327+0000] {logging_mixin.py:190} INFO - [2026-08-11T01:24:00.326+0000] {dagbag.py:588} INFO - Filling up the DagBag from /opt/airflow/dags/weather_dag.py
[2026-08-11T01:24:00.656+0000] {processor.py:925} INFO - DAG(s) 'weather_ingestion' retrieved from /opt/airflow/dags/weather_dag.py
[2026-08-11T01:24:00.672+0000] {logging_mixin.py:190} INFO - [2026-08-11T01:24:00.672+0000] {dag.py:3239} INFO - Sync 1 DAGs
[2026-08-11T01:24:00.686+0000] {logging_mixin.py:190} INFO - [2026-08-11T01:24:00.686+0000] {dag.py:4180} INFO - Setting next_dagrun for weather_ingestion to 2026-08-11 01:00:00+00:00, run_after=2026-08-11 02:00:00+00:00
[2026-08-11T01:24:00.693+0000] {processor.py:208} INFO - Processing /opt/airflow/dags/weather_dag.py took 0.382 seconds
[2026-08-11T01:24:30.774+0000] {processor.py:186} INFO - Started process (PID=32209) to work on /opt/airflow/dags/weather_dag.py
[2026-08-11T01:24:30.777+0000] {processor.py:914} INFO - Processing file /opt/airflow/dags/weather_dag.py for tasks to queue
[2026-08-11T01:24:30.781+0000] {logging_mixin.py:190} INFO - [2026-08-11T01:24:30.781+0000] {dagbag.py:588} INFO - Filling up the DagBag from /opt/airflow/dags/weather_dag.py
[2026-08-11T01:24:31.151+0000] {processor.py:925} INFO - DAG(s) 'weather_ingestion' retrieved from /opt/airflow/dags/weather_dag.py
[2026-08-11T01:24:31.171+0000] {logging_mixin.py:190} INFO - [2026-08-11T01:24:31.170+0000] {dag.py:3239} INFO - Sync 1 DAGs
[2026-08-11T01:24:31.185+0000] {logging_mixin.py:190} INFO - [2026-08-11T01:24:31.185+0000] {dag.py:4180} INFO - Setting next_dagrun for weather_ingestion to 2026-08-11 01:00:00+00:00, run_after=2026-08-11 02:00:00+00:00
[2026-08-11T01:24:31.193+0000] {processor.py:208} INFO - Processing /opt/airflow/dags/weather_dag.py took 0.447 seconds
[2026-08-11T01:25:01.391+0000] {processor.py:186} INFO - Started process (PID=32216) to work on /opt/airflow/dags/weather_dag.py
[2026-08-11T01:25:01.392+0000] {processor.py:914} INFO - Processing file /opt/airflow/dags/weather_dag.py for tasks to queue
[2026-08-11T01:25:01.394+0000] {logging_mixin.py:190} INFO - [2026-08-11T01:25:01.394+0000] {dagbag.py:588} INFO - Filling up the DagBag from /opt/airflow/dags/weather_dag.py
[2026-08-11T01:25:01.622+0000] {processor.py:925} INFO - DAG(s) 'weather_ingestion' retrieved from /opt/airflow/dags/weather_dag.py
[2026-08-11T01:25:01.635+0000] {logging_mixin.py:190} INFO - [2026-08-11T01:25:01.635+0000] {dag.py:3239} INFO - Sync 1 DAGs
[2026-08-11T01:25:01.646+0000] {logging_mixin.py:190} INFO - [2026-08-11T01:25:01.646+0000] {dag.py:4180} INFO - Setting next_dagrun for weather_ingestion to 2026-08-11 01:00:00+00:00, run_after=2026-08-11 02:00:00+00:00
[2026-08-11T01:25:01.654+0000] {processor.py:208} INFO - Processing /opt/airflow/dags/weather_dag.py took 0.267 seconds
[2026-08-11T01:25:31.867+0000] {processor.py:186} INFO - Started process (PID=32223) to work on /opt/airflow/dags/weather_dag.py
[2026-08-11T01:25:31.870+0000] {processor.py:914} INFO - Processing file /opt/airflow/dags/weather_dag.py for tasks to queue
[2026-08-11T01:25:31.877+0000] {logging_mixin.py:190} INFO - [2026-08-11T01:25:31.876+0000] {dagbag.py:588} INFO - Filling up the DagBag from /opt/airflow/dags/weather_dag.py
[2026-08-11T01:25:32.230+0000] {processor.py:925} INFO - DAG(s) 'weather_ingestion' retrieved from /opt/airflow/dags/weather_dag.py
[2026-08-11T01:25:32.267+0000] {logging_mixin.py:190} INFO - [2026-08-11T01:25:32.266+0000] {dag.py:3239} INFO - Sync 1 DAGs
[2026-08-11T01:25:32.281+0000] {logging_mixin.py:190} INFO - [2026-08-11T01:25:32.281+0000] {dag.py:4180} INFO - Setting next_dagrun for weather_ingestion to 2026-08-11 01:00:00+00:00, run_after=2026-08-11 02:00:00+00:00
[2026-08-11T01:25:32.289+0000] {processor.py:208} INFO - Processing /opt/airflow/dags/weather_dag.py took 0.442 seconds
[2026-08-11T01:26:02.619+0000] {processor.py:186} INFO - Started process (PID=32230) to work on /opt/airflow/dags/weather_dag.py
[2026-08-11T01:26:02.622+0000] {processor.py:914} INFO - Processing file /opt/airflow/dags/weather_dag.py for tasks to queue
[2026-08-11T01:26:02.624+0000] {logging_mixin.py:190} INFO - [2026-08-11T01:26:02.624+0000] {dagbag.py:588} INFO - Filling up the DagBag from /opt/airflow/dags/weather_dag.py
[2026-08-11T01:26:02.849+0000] {processor.py:925} INFO - DAG(s) 'weather_ingestion' retrieved from /opt/airflow/dags/weather_dag.py
[2026-08-11T01:26:02.862+0000] {logging_mixin.py:190} INFO - [2026-08-11T01:26:02.861+0000] {dag.py:3239} INFO - Sync 1 DAGs
[2026-08-11T01:26:02.873+0000] {logging_mixin.py:190} INFO - [2026-08-11T01:26:02.873+0000] {dag.py:4180} INFO - Setting next_dagrun for weather_ingestion to 2026-08-11 01:00:00+00:00, run_after=2026-08-11 02:00:00+00:00
[2026-08-11T01:26:02.880+0000] {processor.py:208} INFO - Processing /opt/airflow/dags/weather_dag.py took 0.269 seconds
[2026-08-11T01:26:32.972+0000] {processor.py:186} INFO - Started process (PID=32237) to work on /opt/airflow/dags/weather_dag.py
[2026-08-11T01:26:32.974+0000] {processor.py:914} INFO - Processing file /opt/airflow/dags/weather_dag.py for tasks to queue
[2026-08-11T01:26:32.979+0000] {logging_mixin.py:190} INFO - [2026-08-11T01:26:32.978+0000] {dagbag.py:588} INFO - Filling up the DagBag from /opt/airflow/dags/weather_dag.py
[2026-08-11T01:26:33.401+0000] {processor.py:925} INFO - DAG(s) 'weather_ingestion' retrieved from /opt/airflow/dags/weather_dag.py
[2026-08-11T01:26:33.419+0000] {logging_mixin.py:190} INFO - [2026-08-11T01:26:33.418+0000] {dag.py:3239} INFO - Sync 1 DAGs
[2026-08-11T01:26:33.433+0000] {logging_mixin.py:190} INFO - [2026-08-11T01:26:33.433+0000] {dag.py:4180} INFO - Setting next_dagrun for weather_ingestion to 2026-08-11 01:00:00+00:00, run_after=2026-08-11 02:00:00+00:00
[2026-08-11T01:26:33.441+0000] {processor.py:208} INFO - Processing /opt/airflow/dags/weather_dag.py took 0.493 seconds
[2026-08-11T01:27:03.551+0000] {processor.py:186} INFO - Started process (PID=32244) to work on /opt/airflow/dags/weather_dag.py
[2026-08-11T01:27:03.554+0000] {processor.py:914} INFO - Processing file /opt/airflow/dags/weather_dag.py for tasks to queue
[2026-08-11T01:27:03.557+0000] {logging_mixin.py:190} INFO - [2026-08-11T01:27:03.557+0000] {dagbag.py:588} INFO - Filling up the DagBag from /opt/airflow/dags/weather_dag.py
[2026-08-11T01:27:03.781+0000] {processor.py:925} INFO - DAG(s) 'weather_ingestion' retrieved from /opt/airflow/dags/weather_dag.py
[2026-08-11T01:27:03.792+0000] {logging_mixin.py:190} INFO - [2026-08-11T01:27:03.792+0000] {dag.py:3239} INFO - Sync 1 DAGs
[2026-08-11T01:27:03.803+0000] {logging_mixin.py:190} INFO - [2026-08-11T01:27:03.802+0000] {dag.py:4180} INFO - Setting next_dagrun for weather_ingestion to 2026-08-11 01:00:00+00:00, run_after=2026-08-11 02:00:00+00:00
[2026-08-11T01:27:03.809+0000] {processor.py:208} INFO - Processing /opt/airflow/dags/weather_dag.py took 0.268 seconds
[2026-08-11T01:27:34.070+0000] {processor.py:186} INFO - Started process (PID=32251) to work on /opt/airflow/dags/weather_dag.py
[2026-08-11T01:27:34.073+0000] {processor.py:914} INFO - Processing file /opt/airflow/dags/weather_dag.py for tasks to queue
[2026-08-11T01:27:34.077+0000] {logging_mixin.py:190} INFO - [2026-08-11T01:27:34.077+0000] {dagbag.py:588} INFO - Filling up the DagBag from /opt/airflow/dags/weather_dag.py
[2026-08-11T01:27:34.313+0000] {processor.py:925} INFO - DAG(s) 'weather_ingestion' retrieved from /opt/airflow/dags/weather_dag.py
[2026-08-11T01:27:34.325+0000] {logging_mixin.py:190} INFO - [2026-08-11T01:27:34.325+0000] {dag.py:3239} INFO - Sync 1 DAGs
[2026-08-11T01:27:34.335+0000] {logging_mixin.py:190} INFO - [2026-08-11T01:27:34.334+0000] {dag.py:4180} INFO - Setting next_dagrun for weather_ingestion to 2026-08-11 01:00:00+00:00, run_after=2026-08-11 02:00:00+00:00
[2026-08-11T01:27:34.341+0000] {processor.py:208} INFO - Processing /opt/airflow/dags/weather_dag.py took 0.283 seconds
[2026-08-11T01:28:04.457+0000] {processor.py:186} INFO - Started process (PID=32258) to work on /opt/airflow/dags/weather_dag.py
[2026-08-11T01:28:04.460+0000] {processor.py:914} INFO - Processing file /opt/airflow/dags/weather_dag.py for tasks to queue
[2026-08-11T01:28:04.462+0000] {logging_mixin.py:190} INFO - [2026-08-11T01:28:04.462+0000] {dagbag.py:588} INFO - Filling up the DagBag from /opt/airflow/dags/weather_dag.py
[2026-08-11T01:28:04.743+0000] {processor.py:925} INFO - DAG(s) 'weather_ingestion' retrieved from /opt/airflow/dags/weather_dag.py
[2026-08-11T01:28:04.760+0000] {logging_mixin.py:190} INFO - [2026-08-11T01:28:04.760+0000] {dag.py:3239} INFO - Sync 1 DAGs
[2026-08-11T01:28:04.783+0000] {logging_mixin.py:190} INFO - [2026-08-11T01:28:04.783+0000] {dag.py:4180} INFO - Setting next_dagrun for weather_ingestion to 2026-08-11 01:00:00+00:00, run_after=2026-08-11 02:00:00+00:00
[2026-08-11T01:28:04.791+0000] {processor.py:208} INFO - Processing /opt/airflow/dags/weather_dag.py took 0.342 seconds
[2026-08-11T01:28:34.914+0000] {processor.py:186} INFO - Started process (PID=32265) to work on /opt/airflow/dags/weather_dag.py
[2026-08-11T01:28:34.917+0000] {processor.py:914} INFO - Processing file /opt/airflow/dags/weather_dag.py for tasks to queue
[2026-08-11T01:28:34.920+0000] {logging_mixin.py:190} INFO - [2026-08-11T01:28:34.919+0000] {dagbag.py:588} INFO - Filling up the DagBag from /opt/airflow/dags/weather_dag.py
[2026-08-11T01:28:35.142+0000] {processor.py:925} INFO - DAG(s) 'weather_ingestion' retrieved from /opt/airflow/dags/weather_dag.py
[2026-08-11T01:28:35.154+0000] {logging_mixin.py:190} INFO - [2026-08-11T01:28:35.154+0000] {dag.py:3239} INFO - Sync 1 DAGs
[2026-08-11T01:28:35.165+0000] {logging_mixin.py:190} INFO - [2026-08-11T01:28:35.165+0000] {dag.py:4180} INFO - Setting next_dagrun for weather_ingestion to 2026-08-11 01:00:00+00:00, run_after=2026-08-11 02:00:00+00:00
[2026-08-11T01:28:35.172+0000] {processor.py:208} INFO - Processing /opt/airflow/dags/weather_dag.py took 0.266 seconds
[2026-08-11T01:29:05.465+0000] {processor.py:186} INFO - Started process (PID=32272) to work on /opt/airflow/dags/weather_dag.py
[2026-08-11T01:29:05.467+0000] {processor.py:914} INFO - Processing file /opt/airflow/dags/weather_dag.py for tasks to queue
[2026-08-11T01:29:05.470+0000] {logging_mixin.py:190} INFO - [2026-08-11T01:29:05.470+0000] {dagbag.py:588} INFO - Filling up the DagBag from /opt/airflow/dags/weather_dag.py
[2026-08-11T01:29:05.716+0000] {processor.py:925} INFO - DAG(s) 'weather_ingestion' retrieved from /opt/airflow/dags/weather_dag.py
[2026-08-11T01:29:05.728+0000] {logging_mixin.py:190} INFO - [2026-08-11T01:29:05.727+0000] {dag.py:3239} INFO - Sync 1 DAGs
[2026-08-11T01:29:05.739+0000] {logging_mixin.py:190} INFO - [2026-08-11T01:29:05.739+0000] {dag.py:4180} INFO - Setting next_dagrun for weather_ingestion to 2026-08-11 01:00:00+00:00, run_after=2026-08-11 02:00:00+00:00
[2026-08-11T01:29:05.746+0000] {processor.py:208} INFO - Processing /opt/airflow/dags/weather_dag.py took 0.293 seconds
[2026-08-11T01:29:35.924+0000] {processor.py:186} INFO - Started process (PID=32279) to work on /opt/airflow/dags/weather_dag.py
[2026-08-11T01:29:35.926+0000] {processor.py:914} INFO - Processing file /opt/airflow/dags/weather_dag.py for tasks to queue
[2026-08-11T01:29:35.930+0000] {logging_mixin.py:190} INFO - [2026-08-11T01:29:35.929+0000] {dagbag.py:588} INFO - Filling up the DagBag from /opt/airflow/dags/weather_dag.py
[2026-08-11T01:29:36.431+0000] {processor.py:925} INFO - DAG(s) 'weather_ingestion' retrieved from /opt/airflow/dags/weather_dag.py
[2026-08-11T01:29:36.477+0000] {logging_mixin.py:190} INFO - [2026-08-11T01:29:36.477+0000] {dag.py:3239} INFO - Sync 1 DAGs
[2026-08-11T01:29:36.495+0000] {logging_mixin.py:190} INFO - [2026-08-11T01:29:36.495+0000] {dag.py:4180} INFO - Setting next_dagrun for weather_ingestion to 2026-08-11 01:00:00+00:00, run_after=2026-08-11 02:00:00+00:00
[2026-08-11T01:29:36.507+0000] {processor.py:208} INFO - Processing /opt/airflow/dags/weather_dag.py took 0.595 seconds
[2026-08-11T01:30:06.879+0000] {processor.py:186} INFO - Started process (PID=32286) to work on /opt/airflow/dags/weather_dag.py
[2026-08-11T01:30:06.882+0000] {processor.py:914} INFO - Processing file /opt/airflow/dags/weather_dag.py for tasks to queue
[2026-08-11T01:30:06.889+0000] {logging_mixin.py:190} INFO - [2026-08-11T01:30:06.888+0000] {dagbag.py:588} INFO - Filling up the DagBag from /opt/airflow/dags/weather_dag.py
[2026-08-11T01:30:07.241+0000] {processor.py:925} INFO - DAG(s) 'weather_ingestion' retrieved from /opt/airflow/dags/weather_dag.py
[2026-08-11T01:30:07.266+0000] {logging_mixin.py:190} INFO - [2026-08-11T01:30:07.265+0000] {dag.py:3239} INFO - Sync 1 DAGs
[2026-08-11T01:30:07.280+0000] {logging_mixin.py:190} INFO - [2026-08-11T01:30:07.280+0000] {dag.py:4180} INFO - Setting next_dagrun for weather_ingestion to 2026-08-11 01:00:00+00:00, run_after=2026-08-11 02:00:00+00:00
[2026-08-11T01:30:07.288+0000] {processor.py:208} INFO - Processing /opt/airflow/dags/weather_dag.py took 0.430 seconds
[2026-08-11T01:30:37.546+0000] {processor.py:186} INFO - Started process (PID=32293) to work on /opt/airflow/dags/weather_dag.py
[2026-08-11T01:30:37.551+0000] {processor.py:914} INFO - Processing file /opt/airflow/dags/weather_dag.py for tasks to queue
[2026-08-11T01:30:37.558+0000] {logging_mixin.py:190} INFO - [2026-08-11T01:30:37.557+0000] {dagbag.py:588} INFO - Filling up the DagBag from /opt/airflow/dags/weather_dag.py
[2026-08-11T01:30:37.901+0000] {processor.py:925} INFO - DAG(s) 'weather_ingestion' retrieved from /opt/airflow/dags/weather_dag.py
[2026-08-11T01:30:37.918+0000] {logging_mixin.py:190} INFO - [2026-08-11T01:30:37.918+0000] {dag.py:3239} INFO - Sync 1 DAGs
[2026-08-11T01:30:37.932+0000] {logging_mixin.py:190} INFO - [2026-08-11T01:30:37.932+0000] {dag.py:4180} INFO - Setting next_dagrun for weather_ingestion to 2026-08-11 01:00:00+00:00, run_after=2026-08-11 02:00:00+00:00
[2026-08-11T01:30:37.941+0000] {processor.py:208} INFO - Processing /opt/airflow/dags/weather_dag.py took 0.414 seconds
[2026-08-11T01:31:08.247+0000] {processor.py:186} INFO - Started process (PID=32300) to work on /opt/airflow/dags/weather_dag.py
[2026-08-11T01:31:08.248+0000] {processor.py:914} INFO - Processing file /opt/airflow/dags/weather_dag.py for tasks to queue
[2026-08-11T01:31:08.251+0000] {logging_mixin.py:190} INFO - [2026-08-11T01:31:08.251+0000] {dagbag.py:588} INFO - Filling up the DagBag from /opt/airflow/dags/weather_dag.py
[2026-08-11T01:31:08.624+0000] {processor.py:925} INFO - DAG(s) 'weather_ingestion' retrieved from /opt/airflow/dags/weather_dag.py
[2026-08-11T01:31:08.641+0000] {logging_mixin.py:190} INFO - [2026-08-11T01:31:08.641+0000] {dag.py:3239} INFO - Sync 1 DAGs
[2026-08-11T01:31:08.654+0000] {logging_mixin.py:190} INFO - [2026-08-11T01:31:08.654+0000] {dag.py:4180} INFO - Setting next_dagrun for weather_ingestion to 2026-08-11 01:00:00+00:00, run_after=2026-08-11 02:00:00+00:00
[2026-08-11T01:31:08.661+0000] {processor.py:208} INFO - Processing /opt/airflow/dags/weather_dag.py took 0.425 seconds
[2026-08-11T01:31:39.013+0000] {processor.py:186} INFO - Started process (PID=32307) to work on /opt/airflow/dags/weather_dag.py
[2026-08-11T01:31:39.014+0000] {processor.py:914} INFO - Processing file /opt/airflow/dags/weather_dag.py for tasks to queue
[2026-08-11T01:31:39.017+0000] {logging_mixin.py:190} INFO - [2026-08-11T01:31:39.017+0000] {dagbag.py:588} INFO - Filling up the DagBag from /opt/airflow/dags/weather_dag.py
[2026-08-11T01:31:39.324+0000] {processor.py:925} INFO - DAG(s) 'weather_ingestion' retrieved from /opt/airflow/dags/weather_dag.py
[2026-08-11T01:31:39.341+0000] {logging_mixin.py:190} INFO - [2026-08-11T01:31:39.341+0000] {dag.py:3239} INFO - Sync 1 DAGs
[2026-08-11T01:31:39.355+0000] {logging_mixin.py:190} INFO - [2026-08-11T01:31:39.355+0000] {dag.py:4180} INFO - Setting next_dagrun for weather_ingestion to 2026-08-11 01:00:00+00:00, run_after=2026-08-11 02:00:00+00:00
[2026-08-11T01:31:39.364+0000] {processor.py:208} INFO - Processing /opt/airflow/dags/weather_dag.py took 0.361 seconds
[2026-08-11T01:32:09.680+0000] {processor.py:186} INFO - Started process (PID=32314) to work on /opt/airflow/dags/weather_dag.py
[2026-08-11T01:32:09.682+0000] {processor.py:914} INFO - Processing file /opt/airflow/dags/weather_dag.py for tasks to queue
[2026-08-11T01:32:09.684+0000] {logging_mixin.py:190} INFO - [2026-08-11T01:32:09.684+0000] {dagbag.py:588} INFO - Filling up the DagBag from /opt/airflow/dags/weather_dag.py
[2026-08-11T01:32:09.928+0000] {processor.py:925} INFO - DAG(s) 'weather_ingestion' retrieved from /opt/airflow/dags/weather_dag.py
[2026-08-11T01:32:09.941+0000] {logging_mixin.py:190} INFO - [2026-08-11T01:32:09.940+0000] {dag.py:3239} INFO - Sync 1 DAGs
[2026-08-11T01:32:09.951+0000] {logging_mixin.py:190} INFO - [2026-08-11T01:32:09.951+0000] {dag.py:4180} INFO - Setting next_dagrun for weather_ingestion to 2026-08-11 01:00:00+00:00, run_after=2026-08-11 02:00:00+00:00
[2026-08-11T01:32:09.957+0000] {processor.py:208} INFO - Processing /opt/airflow/dags/weather_dag.py took 0.288 seconds
[2026-08-11T01:32:39.997+0000] {processor.py:186} INFO - Started process (PID=32321) to work on /opt/airflow/dags/weather_dag.py
[2026-08-11T01:32:39.998+0000] {processor.py:914} INFO - Processing file /opt/airflow/dags/weather_dag.py for tasks to queue
[2026-08-11T01:32:40.002+0000] {logging_mixin.py:190} INFO - [2026-08-11T01:32:40.001+0000] {dagbag.py:588} INFO - Filling up the DagBag from /opt/airflow/dags/weather_dag.py
[2026-08-11T01:32:40.269+0000] {processor.py:925} INFO - DAG(s) 'weather_ingestion' retrieved from /opt/airflow/dags/weather_dag.py
[2026-08-11T01:32:40.287+0000] {logging_mixin.py:190} INFO - [2026-08-11T01:32:40.287+0000] {dag.py:3239} INFO - Sync 1 DAGs
[2026-08-11T01:32:40.300+0000] {logging_mixin.py:190} INFO - [2026-08-11T01:32:40.300+0000] {dag.py:4180} INFO - Setting next_dagrun for weather_ingestion to 2026-08-11 01:00:00+00:00, run_after=2026-08-11 02:00:00+00:00
[2026-08-11T01:32:40.307+0000] {processor.py:208} INFO - Processing /opt/airflow/dags/weather_dag.py took 0.319 seconds
[2026-08-11T01:33:10.637+0000] {processor.py:186} INFO - Started process (PID=32328) to work on /opt/airflow/dags/weather_dag.py
[2026-08-11T01:33:10.639+0000] {processor.py:914} INFO - Processing file /opt/airflow/dags/weather_dag.py for tasks to queue
[2026-08-11T01:33:10.641+0000] {logging_mixin.py:190} INFO - [2026-08-11T01:33:10.640+0000] {dagbag.py:588} INFO - Filling up the DagBag from /opt/airflow/dags/weather_dag.py
[2026-08-11T01:33:10.854+0000] {processor.py:925} INFO - DAG(s) 'weather_ingestion' retrieved from /opt/airflow/dags/weather_dag.py
[2026-08-11T01:33:10.866+0000] {logging_mixin.py:190} INFO - [2026-08-11T01:33:10.866+0000] {dag.py:3239} INFO - Sync 1 DAGs
[2026-08-11T01:33:10.875+0000] {logging_mixin.py:190} INFO - [2026-08-11T01:33:10.875+0000] {dag.py:4180} INFO - Setting next_dagrun for weather_ingestion to 2026-08-11 01:00:00+00:00, run_after=2026-08-11 02:00:00+00:00
[2026-08-11T01:33:10.881+0000] {processor.py:208} INFO - Processing /opt/airflow/dags/weather_dag.py took 0.251 seconds
[2026-08-11T01:33:40.934+0000] {processor.py:186} INFO - Started process (PID=32335) to work on /opt/airflow/dags/weather_dag.py
[2026-08-11T01:33:40.936+0000] {processor.py:914} INFO - Processing file /opt/airflow/dags/weather_dag.py for tasks to queue
[2026-08-11T01:33:40.938+0000] {logging_mixin.py:190} INFO - [2026-08-11T01:33:40.938+0000] {dagbag.py:588} INFO - Filling up the DagBag from /opt/airflow/dags/weather_dag.py
[2026-08-11T01:33:41.166+0000] {processor.py:925} INFO - DAG(s) 'weather_ingestion' retrieved from /opt/airflow/dags/weather_dag.py
[2026-08-11T01:33:41.179+0000] {logging_mixin.py:190} INFO - [2026-08-11T01:33:41.178+0000] {dag.py:3239} INFO - Sync 1 DAGs
[2026-08-11T01:33:41.189+0000] {logging_mixin.py:190} INFO - [2026-08-11T01:33:41.189+0000] {dag.py:4180} INFO - Setting next_dagrun for weather_ingestion to 2026-08-11 01:00:00+00:00, run_after=2026-08-11 02:00:00+00:00
[2026-08-11T01:33:41.196+0000] {processor.py:208} INFO - Processing /opt/airflow/dags/weather_dag.py took 0.268 seconds
[2026-08-11T01:34:11.534+0000] {processor.py:186} INFO - Started process (PID=32342) to work on /opt/airflow/dags/weather_dag.py
[2026-08-11T01:34:11.537+0000] {processor.py:914} INFO - Processing file /opt/airflow/dags/weather_dag.py for tasks to queue
[2026-08-11T01:34:11.541+0000] {logging_mixin.py:190} INFO - [2026-08-11T01:34:11.540+0000] {dagbag.py:588} INFO - Filling up the DagBag from /opt/airflow/dags/weather_dag.py
[2026-08-11T01:34:11.795+0000] {processor.py:925} INFO - DAG(s) 'weather_ingestion' retrieved from /opt/airflow/dags/weather_dag.py
[2026-08-11T01:34:11.809+0000] {logging_mixin.py:190} INFO - [2026-08-11T01:34:11.808+0000] {dag.py:3239} INFO - Sync 1 DAGs
[2026-08-11T01:34:11.820+0000] {logging_mixin.py:190} INFO - [2026-08-11T01:34:11.820+0000] {dag.py:4180} INFO - Setting next_dagrun for weather_ingestion to 2026-08-11 01:00:00+00:00, run_after=2026-08-11 02:00:00+00:00
[2026-08-11T01:34:11.827+0000] {processor.py:208} INFO - Processing /opt/airflow/dags/weather_dag.py took 0.302 seconds
[2026-08-11T01:34:41.854+0000] {processor.py:186} INFO - Started process (PID=32349) to work on /opt/airflow/dags/weather_dag.py
[2026-08-11T01:34:41.855+0000] {processor.py:914} INFO - Processing file /opt/airflow/dags/weather_dag.py for tasks to queue
[2026-08-11T01:34:41.857+0000] {logging_mixin.py:190} INFO - [2026-08-11T01:34:41.857+0000] {dagbag.py:588} INFO - Filling up the DagBag from /opt/airflow/dags/weather_dag.py
[2026-08-11T01:34:42.150+0000] {processor.py:925} INFO - DAG(s) 'weather_ingestion' retrieved from /opt/airflow/dags/weather_dag.py
[2026-08-11T01:34:42.163+0000] {logging_mixin.py:190} INFO - [2026-08-11T01:34:42.163+0000] {dag.py:3239} INFO - Sync 1 DAGs
[2026-08-11T01:34:42.173+0000] {logging_mixin.py:190} INFO - [2026-08-11T01:34:42.173+0000] {dag.py:4180} INFO - Setting next_dagrun for weather_ingestion to 2026-08-11 01:00:00+00:00, run_after=2026-08-11 02:00:00+00:00
[2026-08-11T01:34:42.180+0000] {processor.py:208} INFO - Processing /opt/airflow/dags/weather_dag.py took 0.332 seconds
[2026-08-11T01:35:12.541+0000] {processor.py:186} INFO - Started process (PID=32356) to work on /opt/airflow/dags/weather_dag.py
[2026-08-11T01:35:12.543+0000] {processor.py:914} INFO - Processing file /opt/airflow/dags/weather_dag.py for tasks to queue
[2026-08-11T01:35:12.549+0000] {logging_mixin.py:190} INFO - [2026-08-11T01:35:12.548+0000] {dagbag.py:588} INFO - Filling up the DagBag from /opt/airflow/dags/weather_dag.py
[2026-08-11T01:35:12.848+0000] {processor.py:925} INFO - DAG(s) 'weather_ingestion' retrieved from /opt/airflow/dags/weather_dag.py
[2026-08-11T01:35:12.866+0000] {logging_mixin.py:190} INFO - [2026-08-11T01:35:12.866+0000] {dag.py:3239} INFO - Sync 1 DAGs
[2026-08-11T01:35:12.880+0000] {logging_mixin.py:190} INFO - [2026-08-11T01:35:12.880+0000] {dag.py:4180} INFO - Setting next_dagrun for weather_ingestion to 2026-08-11 01:00:00+00:00, run_after=2026-08-11 02:00:00+00:00
[2026-08-11T01:35:12.887+0000] {processor.py:208} INFO - Processing /opt/airflow/dags/weather_dag.py took 0.369 seconds
[2026-08-11T01:35:43.232+0000] {processor.py:186} INFO - Started process (PID=32363) to work on /opt/airflow/dags/weather_dag.py
[2026-08-11T01:35:43.233+0000] {processor.py:914} INFO - Processing file /opt/airflow/dags/weather_dag.py for tasks to queue
[2026-08-11T01:35:43.236+0000] {logging_mixin.py:190} INFO - [2026-08-11T01:35:43.236+0000] {dagbag.py:588} INFO - Filling up the DagBag from /opt/airflow/dags/weather_dag.py
[2026-08-11T01:35:43.477+0000] {processor.py:925} INFO - DAG(s) 'weather_ingestion' retrieved from /opt/airflow/dags/weather_dag.py
[2026-08-11T01:35:43.491+0000] {logging_mixin.py:190} INFO - [2026-08-11T01:35:43.490+0000] {dag.py:3239} INFO - Sync 1 DAGs
[2026-08-11T01:35:43.501+0000] {logging_mixin.py:190} INFO - [2026-08-11T01:35:43.501+0000] {dag.py:4180} INFO - Setting next_dagrun for weather_ingestion to 2026-08-11 01:00:00+00:00, run_after=2026-08-11 02:00:00+00:00
[2026-08-11T01:35:43.508+0000] {processor.py:208} INFO - Processing /opt/airflow/dags/weather_dag.py took 0.284 seconds
[2026-08-11T01:36:13.618+0000] {processor.py:186} INFO - Started process (PID=32370) to work on /opt/airflow/dags/weather_dag.py
[2026-08-11T01:36:13.620+0000] {processor.py:914} INFO - Processing file /opt/airflow/dags/weather_dag.py for tasks to queue
[2026-08-11T01:36:13.624+0000] {logging_mixin.py:190} INFO - [2026-08-11T01:36:13.623+0000] {dagbag.py:588} INFO - Filling up the DagBag from /opt/airflow/dags/weather_dag.py
[2026-08-11T01:36:13.892+0000] {processor.py:925} INFO - DAG(s) 'weather_ingestion' retrieved from /opt/airflow/dags/weather_dag.py
[2026-08-11T01:36:13.907+0000] {logging_mixin.py:190} INFO - [2026-08-11T01:36:13.906+0000] {dag.py:3239} INFO - Sync 1 DAGs
[2026-08-11T01:36:13.918+0000] {logging_mixin.py:190} INFO - [2026-08-11T01:36:13.918+0000] {dag.py:4180} INFO - Setting next_dagrun for weather_ingestion to 2026-08-11 01:00:00+00:00, run_after=2026-08-11 02:00:00+00:00
[2026-08-11T01:36:13.925+0000] {processor.py:208} INFO - Processing /opt/airflow/dags/weather_dag.py took 0.315 seconds
[2026-08-11T01:36:44.048+0000] {processor.py:186} INFO - Started process (PID=32377) to work on /opt/airflow/dags/weather_dag.py
[2026-08-11T01:36:44.050+0000] {processor.py:914} INFO - Processing file /opt/airflow/dags/weather_dag.py for tasks to queue
[2026-08-11T01:36:44.053+0000] {logging_mixin.py:190} INFO - [2026-08-11T01:36:44.052+0000] {dagbag.py:588} INFO - Filling up the DagBag from /opt/airflow/dags/weather_dag.py
[2026-08-11T01:36:44.316+0000] {processor.py:925} INFO - DAG(s) 'weather_ingestion' retrieved from /opt/airflow/dags/weather_dag.py
[2026-08-11T01:36:44.328+0000] {logging_mixin.py:190} INFO - [2026-08-11T01:36:44.328+0000] {dag.py:3239} INFO - Sync 1 DAGs
[2026-08-11T01:36:44.339+0000] {logging_mixin.py:190} INFO - [2026-08-11T01:36:44.339+0000] {dag.py:4180} INFO - Setting next_dagrun for weather_ingestion to 2026-08-11 01:00:00+00:00, run_after=2026-08-11 02:00:00+00:00
[2026-08-11T01:36:44.345+0000] {processor.py:208} INFO - Processing /opt/airflow/dags/weather_dag.py took 0.311 seconds
[2026-08-11T01:37:14.619+0000] {processor.py:186} INFO - Started process (PID=32384) to work on /opt/airflow/dags/weather_dag.py
[2026-08-11T01:37:14.623+0000] {processor.py:914} INFO - Processing file /opt/airflow/dags/weather_dag.py for tasks to queue
[2026-08-11T01:37:14.633+0000] {logging_mixin.py:190} INFO - [2026-08-11T01:37:14.630+0000] {dagbag.py:588} INFO - Filling up the DagBag from /opt/airflow/dags/weather_dag.py
[2026-08-11T01:37:14.956+0000] {processor.py:925} INFO - DAG(s) 'weather_ingestion' retrieved from /opt/airflow/dags/weather_dag.py
[2026-08-11T01:37:14.975+0000] {logging_mixin.py:190} INFO - [2026-08-11T01:37:14.975+0000] {dag.py:3239} INFO - Sync 1 DAGs
[2026-08-11T01:37:14.989+0000] {logging_mixin.py:190} INFO - [2026-08-11T01:37:14.989+0000] {dag.py:4180} INFO - Setting next_dagrun for weather_ingestion to 2026-08-11 01:00:00+00:00, run_after=2026-08-11 02:00:00+00:00
[2026-08-11T01:37:14.996+0000] {processor.py:208} INFO - Processing /opt/airflow/dags/weather_dag.py took 0.397 seconds
[2026-08-11T01:37:45.062+0000] {processor.py:186} INFO - Started process (PID=32391) to work on /opt/airflow/dags/weather_dag.py
[2026-08-11T01:37:45.064+0000] {processor.py:914} INFO - Processing file /opt/airflow/dags/weather_dag.py for tasks to queue
[2026-08-11T01:37:45.068+0000] {logging_mixin.py:190} INFO - [2026-08-11T01:37:45.067+0000] {dagbag.py:588} INFO - Filling up the DagBag from /opt/airflow/dags/weather_dag.py
[2026-08-11T01:37:45.332+0000] {processor.py:925} INFO - DAG(s) 'weather_ingestion' retrieved from /opt/airflow/dags/weather_dag.py
[2026-08-11T01:37:45.345+0000] {logging_mixin.py:190} INFO - [2026-08-11T01:37:45.345+0000] {dag.py:3239} INFO - Sync 1 DAGs
[2026-08-11T01:37:45.356+0000] {logging_mixin.py:190} INFO - [2026-08-11T01:37:45.356+0000] {dag.py:4180} INFO - Setting next_dagrun for weather_ingestion to 2026-08-11 01:00:00+00:00, run_after=2026-08-11 02:00:00+00:00
[2026-08-11T01:37:45.364+0000] {processor.py:208} INFO - Processing /opt/airflow/dags/weather_dag.py took 0.314 seconds
[2026-08-11T01:38:15.687+0000] {processor.py:186} INFO - Started process (PID=32398) to work on /opt/airflow/dags/weather_dag.py
[2026-08-11T01:38:15.689+0000] {processor.py:914} INFO - Processing file /opt/airflow/dags/weather_dag.py for tasks to queue
[2026-08-11T01:38:15.694+0000] {logging_mixin.py:190} INFO - [2026-08-11T01:38:15.693+0000] {dagbag.py:588} INFO - Filling up the DagBag from /opt/airflow/dags/weather_dag.py
[2026-08-11T01:38:15.949+0000] {processor.py:925} INFO - DAG(s) 'weather_ingestion' retrieved from /opt/airflow/dags/weather_dag.py
[2026-08-11T01:38:15.964+0000] {logging_mixin.py:190} INFO - [2026-08-11T01:38:15.964+0000] {dag.py:3239} INFO - Sync 1 DAGs
[2026-08-11T01:38:15.977+0000] {logging_mixin.py:190} INFO - [2026-08-11T01:38:15.976+0000] {dag.py:4180} INFO - Setting next_dagrun for weather_ingestion to 2026-08-11 01:00:00+00:00, run_after=2026-08-11 02:00:00+00:00
[2026-08-11T01:38:15.984+0000] {processor.py:208} INFO - Processing /opt/airflow/dags/weather_dag.py took 0.306 seconds
[2026-08-11T01:38:46.026+0000] {processor.py:186} INFO - Started process (PID=32405) to work on /opt/airflow/dags/weather_dag.py
[2026-08-11T01:38:46.029+0000] {processor.py:914} INFO - Processing file /opt/airflow/dags/weather_dag.py for tasks to queue
[2026-08-11T01:38:46.032+0000] {logging_mixin.py:190} INFO - [2026-08-11T01:38:46.031+0000] {dagbag.py:588} INFO - Filling up the DagBag from /opt/airflow/dags/weather_dag.py
[2026-08-11T01:38:46.248+0000] {processor.py:925} INFO - DAG(s) 'weather_ingestion' retrieved from /opt/airflow/dags/weather_dag.py
[2026-08-11T01:38:46.260+0000] {logging_mixin.py:190} INFO - [2026-08-11T01:38:46.260+0000] {dag.py:3239} INFO - Sync 1 DAGs
[2026-08-11T01:38:46.269+0000] {logging_mixin.py:190} INFO - [2026-08-11T01:38:46.269+0000] {dag.py:4180} INFO - Setting next_dagrun for weather_ingestion to 2026-08-11 01:00:00+00:00, run_after=2026-08-11 02:00:00+00:00
[2026-08-11T01:38:46.276+0000] {processor.py:208} INFO - Processing /opt/airflow/dags/weather_dag.py took 0.257 seconds
[2026-08-11T01:39:16.369+0000] {processor.py:186} INFO - Started process (PID=32412) to work on /opt/airflow/dags/weather_dag.py
[2026-08-11T01:39:16.371+0000] {processor.py:914} INFO - Processing file /opt/airflow/dags/weather_dag.py for tasks to queue
[2026-08-11T01:39:16.374+0000] {logging_mixin.py:190} INFO - [2026-08-11T01:39:16.374+0000] {dagbag.py:588} INFO - Filling up the DagBag from /opt/airflow/dags/weather_dag.py
[2026-08-11T01:39:16.616+0000] {processor.py:925} INFO - DAG(s) 'weather_ingestion' retrieved from /opt/airflow/dags/weather_dag.py
[2026-08-11T01:39:16.628+0000] {logging_mixin.py:190} INFO - [2026-08-11T01:39:16.628+0000] {dag.py:3239} INFO - Sync 1 DAGs
[2026-08-11T01:39:16.639+0000] {logging_mixin.py:190} INFO - [2026-08-11T01:39:16.639+0000] {dag.py:4180} INFO - Setting next_dagrun for weather_ingestion to 2026-08-11 01:00:00+00:00, run_after=2026-08-11 02:00:00+00:00
[2026-08-11T01:39:16.668+0000] {processor.py:208} INFO - Processing /opt/airflow/dags/weather_dag.py took 0.308 seconds
[2026-08-11T01:39:46.983+0000] {processor.py:186} INFO - Started process (PID=32419) to work on /opt/airflow/dags/weather_dag.py
[2026-08-11T01:39:46.986+0000] {processor.py:914} INFO - Processing file /opt/airflow/dags/weather_dag.py for tasks to queue
[2026-08-11T01:39:46.991+0000] {logging_mixin.py:190} INFO - [2026-08-11T01:39:46.990+0000] {dagbag.py:588} INFO - Filling up the DagBag from /opt/airflow/dags/weather_dag.py
[2026-08-11T01:39:47.246+0000] {processor.py:925} INFO - DAG(s) 'weather_ingestion' retrieved from /opt/airflow/dags/weather_dag.py
[2026-08-11T01:39:47.261+0000] {logging_mixin.py:190} INFO - [2026-08-11T01:39:47.260+0000] {dag.py:3239} INFO - Sync 1 DAGs
[2026-08-11T01:39:47.272+0000] {logging_mixin.py:190} INFO - [2026-08-11T01:39:47.272+0000] {dag.py:4180} INFO - Setting next_dagrun for weather_ingestion to 2026-08-11 01:00:00+00:00, run_after=2026-08-11 02:00:00+00:00
[2026-08-11T01:39:47.280+0000] {processor.py:208} INFO - Processing /opt/airflow/dags/weather_dag.py took 0.309 seconds
[2026-08-11T01:40:17.389+0000] {processor.py:186} INFO - Started process (PID=32426) to work on /opt/airflow/dags/weather_dag.py
[2026-08-11T01:40:17.390+0000] {processor.py:914} INFO - Processing file /opt/airflow/dags/weather_dag.py for tasks to queue
[2026-08-11T01:40:17.392+0000] {logging_mixin.py:190} INFO - [2026-08-11T01:40:17.392+0000] {dagbag.py:588} INFO - Filling up the DagBag from /opt/airflow/dags/weather_dag.py
[2026-08-11T01:40:17.619+0000] {processor.py:925} INFO - DAG(s) 'weather_ingestion' retrieved from /opt/airflow/dags/weather_dag.py
[2026-08-11T01:40:17.632+0000] {logging_mixin.py:190} INFO - [2026-08-11T01:40:17.632+0000] {dag.py:3239} INFO - Sync 1 DAGs
[2026-08-11T01:40:17.643+0000] {logging_mixin.py:190} INFO - [2026-08-11T01:40:17.643+0000] {dag.py:4180} INFO - Setting next_dagrun for weather_ingestion to 2026-08-11 01:00:00+00:00, run_after=2026-08-11 02:00:00+00:00
[2026-08-11T01:40:17.651+0000] {processor.py:208} INFO - Processing /opt/airflow/dags/weather_dag.py took 0.270 seconds
[2026-08-11T01:40:48.139+0000] {processor.py:186} INFO - Started process (PID=32433) to work on /opt/airflow/dags/weather_dag.py
[2026-08-11T01:40:48.141+0000] {processor.py:914} INFO - Processing file /opt/airflow/dags/weather_dag.py for tasks to queue
[2026-08-11T01:40:48.143+0000] {logging_mixin.py:190} INFO - [2026-08-11T01:40:48.142+0000] {dagbag.py:588} INFO - Filling up the DagBag from /opt/airflow/dags/weather_dag.py
[2026-08-11T01:40:48.404+0000] {processor.py:925} INFO - DAG(s) 'weather_ingestion' retrieved from /opt/airflow/dags/weather_dag.py
[2026-08-11T01:40:48.419+0000] {logging_mixin.py:190} INFO - [2026-08-11T01:40:48.418+0000] {dag.py:3239} INFO - Sync 1 DAGs
[2026-08-11T01:40:48.431+0000] {logging_mixin.py:190} INFO - [2026-08-11T01:40:48.430+0000] {dag.py:4180} INFO - Setting next_dagrun for weather_ingestion to 2026-08-11 01:00:00+00:00, run_after=2026-08-11 02:00:00+00:00
[2026-08-11T01:40:48.438+0000] {processor.py:208} INFO - Processing /opt/airflow/dags/weather_dag.py took 0.308 seconds
[2026-08-11T01:41:18.881+0000] {processor.py:186} INFO - Started process (PID=32440) to work on /opt/airflow/dags/weather_dag.py
[2026-08-11T01:41:18.884+0000] {processor.py:914} INFO - Processing file /opt/airflow/dags/weather_dag.py for tasks to queue
[2026-08-11T01:41:18.888+0000] {logging_mixin.py:190} INFO - [2026-08-11T01:41:18.888+0000] {dagbag.py:588} INFO - Filling up the DagBag from /opt/airflow/dags/weather_dag.py
[2026-08-11T01:41:19.131+0000] {processor.py:925} INFO - DAG(s) 'weather_ingestion' retrieved from /opt/airflow/dags/weather_dag.py
[2026-08-11T01:41:19.146+0000] {logging_mixin.py:190} INFO - [2026-08-11T01:41:19.146+0000] {dag.py:3239} INFO - Sync 1 DAGs
[2026-08-11T01:41:19.158+0000] {logging_mixin.py:190} INFO - [2026-08-11T01:41:19.158+0000] {dag.py:4180} INFO - Setting next_dagrun for weather_ingestion to 2026-08-11 01:00:00+00:00, run_after=2026-08-11 02:00:00+00:00
[2026-08-11T01:41:19.165+0000] {processor.py:208} INFO - Processing /opt/airflow/dags/weather_dag.py took 0.294 seconds
[2026-08-11T01:41:49.226+0000] {processor.py:186} INFO - Started process (PID=32447) to work on /opt/airflow/dags/weather_dag.py
[2026-08-11T01:41:49.227+0000] {processor.py:914} INFO - Processing file /opt/airflow/dags/weather_dag.py for tasks to queue
[2026-08-11T01:41:49.231+0000] {logging_mixin.py:190} INFO - [2026-08-11T01:41:49.230+0000] {dagbag.py:588} INFO - Filling up the DagBag from /opt/airflow/dags/weather_dag.py
[2026-08-11T01:41:49.485+0000] {processor.py:925} INFO - DAG(s) 'weather_ingestion' retrieved from /opt/airflow/dags/weather_dag.py
[2026-08-11T01:41:49.499+0000] {logging_mixin.py:190} INFO - [2026-08-11T01:41:49.499+0000] {dag.py:3239} INFO - Sync 1 DAGs
[2026-08-11T01:41:49.511+0000] {logging_mixin.py:190} INFO - [2026-08-11T01:41:49.511+0000] {dag.py:4180} INFO - Setting next_dagrun for weather_ingestion to 2026-08-11 01:00:00+00:00, run_after=2026-08-11 02:00:00+00:00
[2026-08-11T01:41:49.518+0000] {processor.py:208} INFO - Processing /opt/airflow/dags/weather_dag.py took 0.302 seconds
[2026-08-11T01:42:19.554+0000] {processor.py:186} INFO - Started process (PID=32454) to work on /opt/airflow/dags/weather_dag.py
[2026-08-11T01:42:19.554+0000] {processor.py:914} INFO - Processing file /opt/airflow/dags/weather_dag.py for tasks to queue
[2026-08-11T01:42:19.557+0000] {logging_mixin.py:190} INFO - [2026-08-11T01:42:19.557+0000] {dagbag.py:588} INFO - Filling up the DagBag from /opt/airflow/dags/weather_dag.py
[2026-08-11T01:42:19.786+0000] {processor.py:925} INFO - DAG(s) 'weather_ingestion' retrieved from /opt/airflow/dags/weather_dag.py
[2026-08-11T01:42:19.834+0000] {logging_mixin.py:190} INFO - [2026-08-11T01:42:19.834+0000] {dag.py:3239} INFO - Sync 1 DAGs
[2026-08-11T01:42:19.847+0000] {logging_mixin.py:190} INFO - [2026-08-11T01:42:19.847+0000] {dag.py:4180} INFO - Setting next_dagrun for weather_ingestion to 2026-08-11 01:00:00+00:00, run_after=2026-08-11 02:00:00+00:00
[2026-08-11T01:42:19.853+0000] {processor.py:208} INFO - Processing /opt/airflow/dags/weather_dag.py took 0.304 seconds
[2026-08-11T01:42:50.209+0000] {processor.py:186} INFO - Started process (PID=32461) to work on /opt/airflow/dags/weather_dag.py
[2026-08-11T01:42:50.211+0000] {processor.py:914} INFO - Processing file /opt/airflow/dags/weather_dag.py for tasks to queue
[2026-08-11T01:42:50.215+0000] {logging_mixin.py:190} INFO - [2026-08-11T01:42:50.215+0000] {dagbag.py:588} INFO - Filling up the DagBag from /opt/airflow/dags/weather_dag.py
[2026-08-11T01:42:50.456+0000] {processor.py:925} INFO - DAG(s) 'weather_ingestion' retrieved from /opt/airflow/dags/weather_dag.py
[2026-08-11T01:42:50.470+0000] {logging_mixin.py:190} INFO - [2026-08-11T01:42:50.470+0000] {dag.py:3239} INFO - Sync 1 DAGs
[2026-08-11T01:42:50.483+0000] {logging_mixin.py:190} INFO - [2026-08-11T01:42:50.483+0000] {dag.py:4180} INFO - Setting next_dagrun for weather_ingestion to 2026-08-11 01:00:00+00:00, run_after=2026-08-11 02:00:00+00:00
[2026-08-11T01:42:50.491+0000] {processor.py:208} INFO - Processing /opt/airflow/dags/weather_dag.py took 0.292 seconds
[2026-08-11T01:43:20.821+0000] {processor.py:186} INFO - Started process (PID=32468) to work on /opt/airflow/dags/weather_dag.py
[2026-08-11T01:43:20.823+0000] {processor.py:914} INFO - Processing file /opt/airflow/dags/weather_dag.py for tasks to queue
[2026-08-11T01:43:20.825+0000] {logging_mixin.py:190} INFO - [2026-08-11T01:43:20.824+0000] {dagbag.py:588} INFO - Filling up the DagBag from /opt/airflow/dags/weather_dag.py
[2026-08-11T01:43:21.036+0000] {processor.py:925} INFO - DAG(s) 'weather_ingestion' retrieved from /opt/airflow/dags/weather_dag.py
[2026-08-11T01:43:21.047+0000] {logging_mixin.py:190} INFO - [2026-08-11T01:43:21.047+0000] {dag.py:3239} INFO - Sync 1 DAGs
[2026-08-11T01:43:21.056+0000] {logging_mixin.py:190} INFO - [2026-08-11T01:43:21.056+0000] {dag.py:4180} INFO - Setting next_dagrun for weather_ingestion to 2026-08-11 01:00:00+00:00, run_after=2026-08-11 02:00:00+00:00
[2026-08-11T01:43:21.062+0000] {processor.py:208} INFO - Processing /opt/airflow/dags/weather_dag.py took 0.249 seconds
[2026-08-11T01:43:51.131+0000] {processor.py:186} INFO - Started process (PID=32475) to work on /opt/airflow/dags/weather_dag.py
[2026-08-11T01:43:51.132+0000] {processor.py:914} INFO - Processing file /opt/airflow/dags/weather_dag.py for tasks to queue
[2026-08-11T01:43:51.135+0000] {logging_mixin.py:190} INFO - [2026-08-11T01:43:51.134+0000] {dagbag.py:588} INFO - Filling up the DagBag from /opt/airflow/dags/weather_dag.py
[2026-08-11T01:43:51.354+0000] {processor.py:925} INFO - DAG(s) 'weather_ingestion' retrieved from /opt/airflow/dags/weather_dag.py
[2026-08-11T01:43:51.365+0000] {logging_mixin.py:190} INFO - [2026-08-11T01:43:51.365+0000] {dag.py:3239} INFO - Sync 1 DAGs
[2026-08-11T01:43:51.375+0000] {logging_mixin.py:190} INFO - [2026-08-11T01:43:51.375+0000] {dag.py:4180} INFO - Setting next_dagrun for weather_ingestion to 2026-08-11 01:00:00+00:00, run_after=2026-08-11 02:00:00+00:00
[2026-08-11T01:43:51.382+0000] {processor.py:208} INFO - Processing /opt/airflow/dags/weather_dag.py took 0.259 seconds
[2026-08-11T01:44:21.717+0000] {processor.py:186} INFO - Started process (PID=32482) to work on /opt/airflow/dags/weather_dag.py
[2026-08-11T01:44:21.718+0000] {processor.py:914} INFO - Processing file /opt/airflow/dags/weather_dag.py for tasks to queue
[2026-08-11T01:44:21.720+0000] {logging_mixin.py:190} INFO - [2026-08-11T01:44:21.719+0000] {dagbag.py:588} INFO - Filling up the DagBag from /opt/airflow/dags/weather_dag.py
[2026-08-11T01:44:21.948+0000] {processor.py:925} INFO - DAG(s) 'weather_ingestion' retrieved from /opt/airflow/dags/weather_dag.py
[2026-08-11T01:44:21.960+0000] {logging_mixin.py:190} INFO - [2026-08-11T01:44:21.960+0000] {dag.py:3239} INFO - Sync 1 DAGs
[2026-08-11T01:44:21.972+0000] {logging_mixin.py:190} INFO - [2026-08-11T01:44:21.972+0000] {dag.py:4180} INFO - Setting next_dagrun for weather_ingestion to 2026-08-11 01:00:00+00:00, run_after=2026-08-11 02:00:00+00:00
[2026-08-11T01:44:21.980+0000] {processor.py:208} INFO - Processing /opt/airflow/dags/weather_dag.py took 0.266 seconds
[2026-08-11T01:44:52.222+0000] {processor.py:186} INFO - Started process (PID=32489) to work on /opt/airflow/dags/weather_dag.py
[2026-08-11T01:44:52.225+0000] {processor.py:914} INFO - Processing file /opt/airflow/dags/weather_dag.py for tasks to queue
[2026-08-11T01:44:52.231+0000] {logging_mixin.py:190} INFO - [2026-08-11T01:44:52.230+0000] {dagbag.py:588} INFO - Filling up the DagBag from /opt/airflow/dags/weather_dag.py
[2026-08-11T01:44:52.678+0000] {processor.py:925} INFO - DAG(s) 'weather_ingestion' retrieved from /opt/airflow/dags/weather_dag.py
[2026-08-11T01:44:52.698+0000] {logging_mixin.py:190} INFO - [2026-08-11T01:44:52.698+0000] {dag.py:3239} INFO - Sync 1 DAGs
[2026-08-11T01:44:52.723+0000] {logging_mixin.py:190} INFO - [2026-08-11T01:44:52.723+0000] {dag.py:4180} INFO - Setting next_dagrun for weather_ingestion to 2026-08-11 01:00:00+00:00, run_after=2026-08-11 02:00:00+00:00
[2026-08-11T01:44:52.741+0000] {processor.py:208} INFO - Processing /opt/airflow/dags/weather_dag.py took 0.532 seconds
[2026-08-11T01:45:23.152+0000] {processor.py:186} INFO - Started process (PID=32496) to work on /opt/airflow/dags/weather_dag.py
[2026-08-11T01:45:23.153+0000] {processor.py:914} INFO - Processing file /opt/airflow/dags/weather_dag.py for tasks to queue
[2026-08-11T01:45:23.155+0000] {logging_mixin.py:190} INFO - [2026-08-11T01:45:23.155+0000] {dagbag.py:588} INFO - Filling up the DagBag from /opt/airflow/dags/weather_dag.py
[2026-08-11T01:45:23.531+0000] {processor.py:925} INFO - DAG(s) 'weather_ingestion' retrieved from /opt/airflow/dags/weather_dag.py
[2026-08-11T01:45:23.547+0000] {logging_mixin.py:190} INFO - [2026-08-11T01:45:23.547+0000] {dag.py:3239} INFO - Sync 1 DAGs
[2026-08-11T01:45:23.559+0000] {logging_mixin.py:190} INFO - [2026-08-11T01:45:23.559+0000] {dag.py:4180} INFO - Setting next_dagrun for weather_ingestion to 2026-08-11 01:00:00+00:00, run_after=2026-08-11 02:00:00+00:00
[2026-08-11T01:45:23.566+0000] {processor.py:208} INFO - Processing /opt/airflow/dags/weather_dag.py took 0.418 seconds
[2026-08-11T01:45:53.908+0000] {processor.py:186} INFO - Started process (PID=32503) to work on /opt/airflow/dags/weather_dag.py
[2026-08-11T01:45:53.910+0000] {processor.py:914} INFO - Processing file /opt/airflow/dags/weather_dag.py for tasks to queue
[2026-08-11T01:45:53.915+0000] {logging_mixin.py:190} INFO - [2026-08-11T01:45:53.914+0000] {dagbag.py:588} INFO - Filling up the DagBag from /opt/airflow/dags/weather_dag.py
[2026-08-11T01:45:54.192+0000] {processor.py:925} INFO - DAG(s) 'weather_ingestion' retrieved from /opt/airflow/dags/weather_dag.py
[2026-08-11T01:45:54.208+0000] {logging_mixin.py:190} INFO - [2026-08-11T01:45:54.208+0000] {dag.py:3239} INFO - Sync 1 DAGs
[2026-08-11T01:45:54.222+0000] {logging_mixin.py:190} INFO - [2026-08-11T01:45:54.221+0000] {dag.py:4180} INFO - Setting next_dagrun for weather_ingestion to 2026-08-11 01:00:00+00:00, run_after=2026-08-11 02:00:00+00:00
[2026-08-11T01:45:54.230+0000] {processor.py:208} INFO - Processing /opt/airflow/dags/weather_dag.py took 0.332 seconds
[2026-08-11T01:46:24.560+0000] {processor.py:186} INFO - Started process (PID=32510) to work on /opt/airflow/dags/weather_dag.py
[2026-08-11T01:46:24.562+0000] {processor.py:914} INFO - Processing file /opt/airflow/dags/weather_dag.py for tasks to queue
[2026-08-11T01:46:24.565+0000] {logging_mixin.py:190} INFO - [2026-08-11T01:46:24.564+0000] {dagbag.py:588} INFO - Filling up the DagBag from /opt/airflow/dags/weather_dag.py
[2026-08-11T01:46:24.780+0000] {processor.py:925} INFO - DAG(s) 'weather_ingestion' retrieved from /opt/airflow/dags/weather_dag.py
[2026-08-11T01:46:24.792+0000] {logging_mixin.py:190} INFO - [2026-08-11T01:46:24.792+0000] {dag.py:3239} INFO - Sync 1 DAGs
[2026-08-11T01:46:24.802+0000] {logging_mixin.py:190} INFO - [2026-08-11T01:46:24.802+0000] {dag.py:4180} INFO - Setting next_dagrun for weather_ingestion to 2026-08-11 01:00:00+00:00, run_after=2026-08-11 02:00:00+00:00
[2026-08-11T01:46:24.809+0000] {processor.py:208} INFO - Processing /opt/airflow/dags/weather_dag.py took 0.255 seconds
[2026-08-11T01:46:54.891+0000] {processor.py:186} INFO - Started process (PID=32517) to work on /opt/airflow/dags/weather_dag.py
[2026-08-11T01:46:54.893+0000] {processor.py:914} INFO - Processing file /opt/airflow/dags/weather_dag.py for tasks to queue
[2026-08-11T01:46:54.898+0000] {logging_mixin.py:190} INFO - [2026-08-11T01:46:54.897+0000] {dagbag.py:588} INFO - Filling up the DagBag from /opt/airflow/dags/weather_dag.py
[2026-08-11T01:46:55.176+0000] {processor.py:925} INFO - DAG(s) 'weather_ingestion' retrieved from /opt/airflow/dags/weather_dag.py
[2026-08-11T01:46:55.190+0000] {logging_mixin.py:190} INFO - [2026-08-11T01:46:55.190+0000] {dag.py:3239} INFO - Sync 1 DAGs
[2026-08-11T01:46:55.203+0000] {logging_mixin.py:190} INFO - [2026-08-11T01:46:55.203+0000] {dag.py:4180} INFO - Setting next_dagrun for weather_ingestion to 2026-08-11 01:00:00+00:00, run_after=2026-08-11 02:00:00+00:00
[2026-08-11T01:46:55.211+0000] {processor.py:208} INFO - Processing /opt/airflow/dags/weather_dag.py took 0.333 seconds
[2026-08-11T01:47:25.528+0000] {processor.py:186} INFO - Started process (PID=32524) to work on /opt/airflow/dags/weather_dag.py
[2026-08-11T01:47:25.530+0000] {processor.py:914} INFO - Processing file /opt/airflow/dags/weather_dag.py for tasks to queue
[2026-08-11T01:47:25.533+0000] {logging_mixin.py:190} INFO - [2026-08-11T01:47:25.533+0000] {dagbag.py:588} INFO - Filling up the DagBag from /opt/airflow/dags/weather_dag.py
[2026-08-11T01:47:25.765+0000] {processor.py:925} INFO - DAG(s) 'weather_ingestion' retrieved from /opt/airflow/dags/weather_dag.py
[2026-08-11T01:47:25.780+0000] {logging_mixin.py:190} INFO - [2026-08-11T01:47:25.779+0000] {dag.py:3239} INFO - Sync 1 DAGs
[2026-08-11T01:47:25.789+0000] {logging_mixin.py:190} INFO - [2026-08-11T01:47:25.789+0000] {dag.py:4180} INFO - Setting next_dagrun for weather_ingestion to 2026-08-11 01:00:00+00:00, run_after=2026-08-11 02:00:00+00:00
[2026-08-11T01:47:25.796+0000] {processor.py:208} INFO - Processing /opt/airflow/dags/weather_dag.py took 0.278 seconds
[2026-08-11T01:47:55.895+0000] {processor.py:186} INFO - Started process (PID=32531) to work on /opt/airflow/dags/weather_dag.py
[2026-08-11T01:47:55.897+0000] {processor.py:914} INFO - Processing file /opt/airflow/dags/weather_dag.py for tasks to queue
[2026-08-11T01:47:55.901+0000] {logging_mixin.py:190} INFO - [2026-08-11T01:47:55.900+0000] {dagbag.py:588} INFO - Filling up the DagBag from /opt/airflow/dags/weather_dag.py
[2026-08-11T01:47:56.172+0000] {processor.py:925} INFO - DAG(s) 'weather_ingestion' retrieved from /opt/airflow/dags/weather_dag.py
[2026-08-11T01:47:56.190+0000] {logging_mixin.py:190} INFO - [2026-08-11T01:47:56.190+0000] {dag.py:3239} INFO - Sync 1 DAGs
[2026-08-11T01:47:56.203+0000] {logging_mixin.py:190} INFO - [2026-08-11T01:47:56.203+0000] {dag.py:4180} INFO - Setting next_dagrun for weather_ingestion to 2026-08-11 01:00:00+00:00, run_after=2026-08-11 02:00:00+00:00
[2026-08-11T01:47:56.211+0000] {processor.py:208} INFO - Processing /opt/airflow/dags/weather_dag.py took 0.329 seconds
[2026-08-11T01:48:26.472+0000] {processor.py:186} INFO - Started process (PID=32538) to work on /opt/airflow/dags/weather_dag.py
[2026-08-11T01:48:26.473+0000] {processor.py:914} INFO - Processing file /opt/airflow/dags/weather_dag.py for tasks to queue
[2026-08-11T01:48:26.476+0000] {logging_mixin.py:190} INFO - [2026-08-11T01:48:26.475+0000] {dagbag.py:588} INFO - Filling up the DagBag from /opt/airflow/dags/weather_dag.py
[2026-08-11T01:48:26.695+0000] {processor.py:925} INFO - DAG(s) 'weather_ingestion' retrieved from /opt/airflow/dags/weather_dag.py
[2026-08-11T01:48:26.706+0000] {logging_mixin.py:190} INFO - [2026-08-11T01:48:26.706+0000] {dag.py:3239} INFO - Sync 1 DAGs
[2026-08-11T01:48:26.716+0000] {logging_mixin.py:190} INFO - [2026-08-11T01:48:26.716+0000] {dag.py:4180} INFO - Setting next_dagrun for weather_ingestion to 2026-08-11 01:00:00+00:00, run_after=2026-08-11 02:00:00+00:00
[2026-08-11T01:48:26.723+0000] {processor.py:208} INFO - Processing /opt/airflow/dags/weather_dag.py took 0.258 seconds
[2026-08-11T01:48:56.914+0000] {processor.py:186} INFO - Started process (PID=32545) to work on /opt/airflow/dags/weather_dag.py
[2026-08-11T01:48:56.916+0000] {processor.py:914} INFO - Processing file /opt/airflow/dags/weather_dag.py for tasks to queue
[2026-08-11T01:48:56.918+0000] {logging_mixin.py:190} INFO - [2026-08-11T01:48:56.918+0000] {dagbag.py:588} INFO - Filling up the DagBag from /opt/airflow/dags/weather_dag.py
[2026-08-11T01:48:57.145+0000] {processor.py:925} INFO - DAG(s) 'weather_ingestion' retrieved from /opt/airflow/dags/weather_dag.py
[2026-08-11T01:48:57.157+0000] {logging_mixin.py:190} INFO - [2026-08-11T01:48:57.156+0000] {dag.py:3239} INFO - Sync 1 DAGs
[2026-08-11T01:48:57.166+0000] {logging_mixin.py:190} INFO - [2026-08-11T01:48:57.166+0000] {dag.py:4180} INFO - Setting next_dagrun for weather_ingestion to 2026-08-11 01:00:00+00:00, run_after=2026-08-11 02:00:00+00:00
[2026-08-11T01:48:57.173+0000] {processor.py:208} INFO - Processing /opt/airflow/dags/weather_dag.py took 0.279 seconds
[2026-08-11T01:49:27.497+0000] {processor.py:186} INFO - Started process (PID=32552) to work on /opt/airflow/dags/weather_dag.py
[2026-08-11T01:49:27.498+0000] {processor.py:914} INFO - Processing file /opt/airflow/dags/weather_dag.py for tasks to queue
[2026-08-11T01:49:27.503+0000] {logging_mixin.py:190} INFO - [2026-08-11T01:49:27.503+0000] {dagbag.py:588} INFO - Filling up the DagBag from /opt/airflow/dags/weather_dag.py
[2026-08-11T01:49:27.888+0000] {processor.py:925} INFO - DAG(s) 'weather_ingestion' retrieved from /opt/airflow/dags/weather_dag.py
[2026-08-11T01:49:27.920+0000] {logging_mixin.py:190} INFO - [2026-08-11T01:49:27.919+0000] {dag.py:3239} INFO - Sync 1 DAGs
[2026-08-11T01:49:27.935+0000] {logging_mixin.py:190} INFO - [2026-08-11T01:49:27.935+0000] {dag.py:4180} INFO - Setting next_dagrun for weather_ingestion to 2026-08-11 01:00:00+00:00, run_after=2026-08-11 02:00:00+00:00
[2026-08-11T01:49:27.943+0000] {processor.py:208} INFO - Processing /opt/airflow/dags/weather_dag.py took 0.469 seconds
[2026-08-11T01:49:58.284+0000] {processor.py:186} INFO - Started process (PID=32559) to work on /opt/airflow/dags/weather_dag.py
[2026-08-11T01:49:58.286+0000] {processor.py:914} INFO - Processing file /opt/airflow/dags/weather_dag.py for tasks to queue
[2026-08-11T01:49:58.289+0000] {logging_mixin.py:190} INFO - [2026-08-11T01:49:58.289+0000] {dagbag.py:588} INFO - Filling up the DagBag from /opt/airflow/dags/weather_dag.py
[2026-08-11T01:49:58.535+0000] {processor.py:925} INFO - DAG(s) 'weather_ingestion' retrieved from /opt/airflow/dags/weather_dag.py
[2026-08-11T01:49:58.546+0000] {logging_mixin.py:190} INFO - [2026-08-11T01:49:58.546+0000] {dag.py:3239} INFO - Sync 1 DAGs
[2026-08-11T01:49:58.557+0000] {logging_mixin.py:190} INFO - [2026-08-11T01:49:58.557+0000] {dag.py:4180} INFO - Setting next_dagrun for weather_ingestion to 2026-08-11 01:00:00+00:00, run_after=2026-08-11 02:00:00+00:00
[2026-08-11T01:49:58.564+0000] {processor.py:208} INFO - Processing /opt/airflow/dags/weather_dag.py took 0.286 seconds
[2026-08-11T01:50:28.619+0000] {processor.py:186} INFO - Started process (PID=32566) to work on /opt/airflow/dags/weather_dag.py
[2026-08-11T01:50:28.621+0000] {processor.py:914} INFO - Processing file /opt/airflow/dags/weather_dag.py for tasks to queue
[2026-08-11T01:50:28.625+0000] {logging_mixin.py:190} INFO - [2026-08-11T01:50:28.625+0000] {dagbag.py:588} INFO - Filling up the DagBag from /opt/airflow/dags/weather_dag.py
[2026-08-11T01:50:28.890+0000] {processor.py:925} INFO - DAG(s) 'weather_ingestion' retrieved from /opt/airflow/dags/weather_dag.py
[2026-08-11T01:50:28.906+0000] {logging_mixin.py:190} INFO - [2026-08-11T01:50:28.905+0000] {dag.py:3239} INFO - Sync 1 DAGs
[2026-08-11T01:50:28.918+0000] {logging_mixin.py:190} INFO - [2026-08-11T01:50:28.918+0000] {dag.py:4180} INFO - Setting next_dagrun for weather_ingestion to 2026-08-11 01:00:00+00:00, run_after=2026-08-11 02:00:00+00:00
[2026-08-11T01:50:28.926+0000] {processor.py:208} INFO - Processing /opt/airflow/dags/weather_dag.py took 0.319 seconds
[2026-08-11T01:50:59.229+0000] {processor.py:186} INFO - Started process (PID=32573) to work on /opt/airflow/dags/weather_dag.py
[2026-08-11T01:50:59.231+0000] {processor.py:914} INFO - Processing file /opt/airflow/dags/weather_dag.py for tasks to queue
[2026-08-11T01:50:59.233+0000] {logging_mixin.py:190} INFO - [2026-08-11T01:50:59.232+0000] {dagbag.py:588} INFO - Filling up the DagBag from /opt/airflow/dags/weather_dag.py
[2026-08-11T01:50:59.447+0000] {processor.py:925} INFO - DAG(s) 'weather_ingestion' retrieved from /opt/airflow/dags/weather_dag.py
[2026-08-11T01:50:59.459+0000] {logging_mixin.py:190} INFO - [2026-08-11T01:50:59.459+0000] {dag.py:3239} INFO - Sync 1 DAGs
[2026-08-11T01:50:59.468+0000] {logging_mixin.py:190} INFO - [2026-08-11T01:50:59.468+0000] {dag.py:4180} INFO - Setting next_dagrun for weather_ingestion to 2026-08-11 01:00:00+00:00, run_after=2026-08-11 02:00:00+00:00
[2026-08-11T01:50:59.474+0000] {processor.py:208} INFO - Processing /opt/airflow/dags/weather_dag.py took 0.252 seconds
[2026-08-11T01:51:29.578+0000] {processor.py:186} INFO - Started process (PID=32580) to work on /opt/airflow/dags/weather_dag.py
[2026-08-11T01:51:29.581+0000] {processor.py:914} INFO - Processing file /opt/airflow/dags/weather_dag.py for tasks to queue
[2026-08-11T01:51:29.583+0000] {logging_mixin.py:190} INFO - [2026-08-11T01:51:29.583+0000] {dagbag.py:588} INFO - Filling up the DagBag from /opt/airflow/dags/weather_dag.py
[2026-08-11T01:51:29.797+0000] {processor.py:925} INFO - DAG(s) 'weather_ingestion' retrieved from /opt/airflow/dags/weather_dag.py
[2026-08-11T01:51:29.807+0000] {logging_mixin.py:190} INFO - [2026-08-11T01:51:29.807+0000] {dag.py:3239} INFO - Sync 1 DAGs
[2026-08-11T01:51:29.816+0000] {logging_mixin.py:190} INFO - [2026-08-11T01:51:29.816+0000] {dag.py:4180} INFO - Setting next_dagrun for weather_ingestion to 2026-08-11 01:00:00+00:00, run_after=2026-08-11 02:00:00+00:00
[2026-08-11T01:51:29.823+0000] {processor.py:208} INFO - Processing /opt/airflow/dags/weather_dag.py took 0.253 seconds
[2026-08-11T01:52:00.068+0000] {processor.py:186} INFO - Started process (PID=32587) to work on /opt/airflow/dags/weather_dag.py
[2026-08-11T01:52:00.069+0000] {processor.py:914} INFO - Processing file /opt/airflow/dags/weather_dag.py for tasks to queue
[2026-08-11T01:52:00.072+0000] {logging_mixin.py:190} INFO - [2026-08-11T01:52:00.071+0000] {dagbag.py:588} INFO - Filling up the DagBag from /opt/airflow/dags/weather_dag.py
[2026-08-11T01:52:00.282+0000] {processor.py:925} INFO - DAG(s) 'weather_ingestion' retrieved from /opt/airflow/dags/weather_dag.py
[2026-08-11T01:52:00.294+0000] {logging_mixin.py:190} INFO - [2026-08-11T01:52:00.294+0000] {dag.py:3239} INFO - Sync 1 DAGs
[2026-08-11T01:52:00.304+0000] {logging_mixin.py:190} INFO - [2026-08-11T01:52:00.304+0000] {dag.py:4180} INFO - Setting next_dagrun for weather_ingestion to 2026-08-11 01:00:00+00:00, run_after=2026-08-11 02:00:00+00:00
[2026-08-11T01:52:00.311+0000] {processor.py:208} INFO - Processing /opt/airflow/dags/weather_dag.py took 0.249 seconds
[2026-08-11T01:52:30.356+0000] {processor.py:186} INFO - Started process (PID=32594) to work on /opt/airflow/dags/weather_dag.py
[2026-08-11T01:52:30.358+0000] {processor.py:914} INFO - Processing file /opt/airflow/dags/weather_dag.py for tasks to queue
[2026-08-11T01:52:30.363+0000] {logging_mixin.py:190} INFO - [2026-08-11T01:52:30.362+0000] {dagbag.py:588} INFO - Filling up the DagBag from /opt/airflow/dags/weather_dag.py
[2026-08-11T01:52:30.672+0000] {processor.py:925} INFO - DAG(s) 'weather_ingestion' retrieved from /opt/airflow/dags/weather_dag.py
[2026-08-11T01:52:30.687+0000] {logging_mixin.py:190} INFO - [2026-08-11T01:52:30.687+0000] {dag.py:3239} INFO - Sync 1 DAGs
[2026-08-11T01:52:30.700+0000] {logging_mixin.py:190} INFO - [2026-08-11T01:52:30.700+0000] {dag.py:4180} INFO - Setting next_dagrun for weather_ingestion to 2026-08-11 01:00:00+00:00, run_after=2026-08-11 02:00:00+00:00
[2026-08-11T01:52:30.707+0000] {processor.py:208} INFO - Processing /opt/airflow/dags/weather_dag.py took 0.362 seconds
[2026-08-11T01:53:00.947+0000] {processor.py:186} INFO - Started process (PID=32601) to work on /opt/airflow/dags/weather_dag.py
[2026-08-11T01:53:00.949+0000] {processor.py:914} INFO - Processing file /opt/airflow/dags/weather_dag.py for tasks to queue
[2026-08-11T01:53:00.951+0000] {logging_mixin.py:190} INFO - [2026-08-11T01:53:00.951+0000] {dagbag.py:588} INFO - Filling up the DagBag from /opt/airflow/dags/weather_dag.py
[2026-08-11T01:53:01.167+0000] {processor.py:925} INFO - DAG(s) 'weather_ingestion' retrieved from /opt/airflow/dags/weather_dag.py
[2026-08-11T01:53:01.178+0000] {logging_mixin.py:190} INFO - [2026-08-11T01:53:01.178+0000] {dag.py:3239} INFO - Sync 1 DAGs
[2026-08-11T01:53:01.189+0000] {logging_mixin.py:190} INFO - [2026-08-11T01:53:01.189+0000] {dag.py:4180} INFO - Setting next_dagrun for weather_ingestion to 2026-08-11 01:00:00+00:00, run_after=2026-08-11 02:00:00+00:00
[2026-08-11T01:53:01.195+0000] {processor.py:208} INFO - Processing /opt/airflow/dags/weather_dag.py took 0.256 seconds
[2026-08-11T01:53:31.303+0000] {processor.py:186} INFO - Started process (PID=32608) to work on /opt/airflow/dags/weather_dag.py
[2026-08-11T01:53:31.305+0000] {processor.py:914} INFO - Processing file /opt/airflow/dags/weather_dag.py for tasks to queue
[2026-08-11T01:53:31.309+0000] {logging_mixin.py:190} INFO - [2026-08-11T01:53:31.308+0000] {dagbag.py:588} INFO - Filling up the DagBag from /opt/airflow/dags/weather_dag.py
[2026-08-11T01:53:31.609+0000] {processor.py:925} INFO - DAG(s) 'weather_ingestion' retrieved from /opt/airflow/dags/weather_dag.py
[2026-08-11T01:53:31.626+0000] {logging_mixin.py:190} INFO - [2026-08-11T01:53:31.626+0000] {dag.py:3239} INFO - Sync 1 DAGs
[2026-08-11T01:53:31.639+0000] {logging_mixin.py:190} INFO - [2026-08-11T01:53:31.639+0000] {dag.py:4180} INFO - Setting next_dagrun for weather_ingestion to 2026-08-11 01:00:00+00:00, run_after=2026-08-11 02:00:00+00:00
[2026-08-11T01:53:31.647+0000] {processor.py:208} INFO - Processing /opt/airflow/dags/weather_dag.py took 0.356 seconds
[2026-08-11T01:54:01.879+0000] {processor.py:186} INFO - Started process (PID=32615) to work on /opt/airflow/dags/weather_dag.py
[2026-08-11T01:54:01.880+0000] {processor.py:914} INFO - Processing file /opt/airflow/dags/weather_dag.py for tasks to queue
[2026-08-11T01:54:01.883+0000] {logging_mixin.py:190} INFO - [2026-08-11T01:54:01.883+0000] {dagbag.py:588} INFO - Filling up the DagBag from /opt/airflow/dags/weather_dag.py
[2026-08-11T01:54:02.101+0000] {processor.py:925} INFO - DAG(s) 'weather_ingestion' retrieved from /opt/airflow/dags/weather_dag.py
[2026-08-11T01:54:02.113+0000] {logging_mixin.py:190} INFO - [2026-08-11T01:54:02.113+0000] {dag.py:3239} INFO - Sync 1 DAGs
[2026-08-11T01:54:02.124+0000] {logging_mixin.py:190} INFO - [2026-08-11T01:54:02.124+0000] {dag.py:4180} INFO - Setting next_dagrun for weather_ingestion to 2026-08-11 01:00:00+00:00, run_after=2026-08-11 02:00:00+00:00
[2026-08-11T01:54:02.131+0000] {processor.py:208} INFO - Processing /opt/airflow/dags/weather_dag.py took 0.260 seconds
[2026-08-11T01:54:32.330+0000] {processor.py:186} INFO - Started process (PID=32622) to work on /opt/airflow/dags/weather_dag.py
[2026-08-11T01:54:32.332+0000] {processor.py:914} INFO - Processing file /opt/airflow/dags/weather_dag.py for tasks to queue
[2026-08-11T01:54:32.339+0000] {logging_mixin.py:190} INFO - [2026-08-11T01:54:32.338+0000] {dagbag.py:588} INFO - Filling up the DagBag from /opt/airflow/dags/weather_dag.py
[2026-08-11T01:54:32.715+0000] {processor.py:925} INFO - DAG(s) 'weather_ingestion' retrieved from /opt/airflow/dags/weather_dag.py
[2026-08-11T01:54:32.739+0000] {logging_mixin.py:190} INFO - [2026-08-11T01:54:32.738+0000] {dag.py:3239} INFO - Sync 1 DAGs
[2026-08-11T01:54:32.760+0000] {logging_mixin.py:190} INFO - [2026-08-11T01:54:32.760+0000] {dag.py:4180} INFO - Setting next_dagrun for weather_ingestion to 2026-08-11 01:00:00+00:00, run_after=2026-08-11 02:00:00+00:00
[2026-08-11T01:54:32.769+0000] {processor.py:208} INFO - Processing /opt/airflow/dags/weather_dag.py took 0.457 seconds
[2026-08-11T01:55:03.136+0000] {processor.py:186} INFO - Started process (PID=32629) to work on /opt/airflow/dags/weather_dag.py
[2026-08-11T01:55:03.138+0000] {processor.py:914} INFO - Processing file /opt/airflow/dags/weather_dag.py for tasks to queue
[2026-08-11T01:55:03.141+0000] {logging_mixin.py:190} INFO - [2026-08-11T01:55:03.141+0000] {dagbag.py:588} INFO - Filling up the DagBag from /opt/airflow/dags/weather_dag.py
[2026-08-11T01:55:03.361+0000] {processor.py:925} INFO - DAG(s) 'weather_ingestion' retrieved from /opt/airflow/dags/weather_dag.py
[2026-08-11T01:55:03.373+0000] {logging_mixin.py:190} INFO - [2026-08-11T01:55:03.373+0000] {dag.py:3239} INFO - Sync 1 DAGs
[2026-08-11T01:55:03.384+0000] {logging_mixin.py:190} INFO - [2026-08-11T01:55:03.384+0000] {dag.py:4180} INFO - Setting next_dagrun for weather_ingestion to 2026-08-11 01:00:00+00:00, run_after=2026-08-11 02:00:00+00:00
[2026-08-11T01:55:03.392+0000] {processor.py:208} INFO - Processing /opt/airflow/dags/weather_dag.py took 0.266 seconds
[2026-08-11T01:55:33.498+0000] {processor.py:186} INFO - Started process (PID=32636) to work on /opt/airflow/dags/weather_dag.py
[2026-08-11T01:55:33.500+0000] {processor.py:914} INFO - Processing file /opt/airflow/dags/weather_dag.py for tasks to queue
[2026-08-11T01:55:33.504+0000] {logging_mixin.py:190} INFO - [2026-08-11T01:55:33.503+0000] {dagbag.py:588} INFO - Filling up the DagBag from /opt/airflow/dags/weather_dag.py
[2026-08-11T01:55:33.761+0000] {processor.py:925} INFO - DAG(s) 'weather_ingestion' retrieved from /opt/airflow/dags/weather_dag.py
[2026-08-11T01:55:33.775+0000] {logging_mixin.py:190} INFO - [2026-08-11T01:55:33.775+0000] {dag.py:3239} INFO - Sync 1 DAGs
[2026-08-11T01:55:33.786+0000] {logging_mixin.py:190} INFO - [2026-08-11T01:55:33.786+0000] {dag.py:4180} INFO - Setting next_dagrun for weather_ingestion to 2026-08-11 01:00:00+00:00, run_after=2026-08-11 02:00:00+00:00
[2026-08-11T01:55:33.792+0000] {processor.py:208} INFO - Processing /opt/airflow/dags/weather_dag.py took 0.306 seconds
[2026-08-11T01:56:04.027+0000] {processor.py:186} INFO - Started process (PID=32643) to work on /opt/airflow/dags/weather_dag.py
[2026-08-11T01:56:04.029+0000] {processor.py:914} INFO - Processing file /opt/airflow/dags/weather_dag.py for tasks to queue
[2026-08-11T01:56:04.031+0000] {logging_mixin.py:190} INFO - [2026-08-11T01:56:04.031+0000] {dagbag.py:588} INFO - Filling up the DagBag from /opt/airflow/dags/weather_dag.py
[2026-08-11T01:56:04.247+0000] {processor.py:925} INFO - DAG(s) 'weather_ingestion' retrieved from /opt/airflow/dags/weather_dag.py
[2026-08-11T01:56:04.260+0000] {logging_mixin.py:190} INFO - [2026-08-11T01:56:04.260+0000] {dag.py:3239} INFO - Sync 1 DAGs
[2026-08-11T01:56:04.272+0000] {logging_mixin.py:190} INFO - [2026-08-11T01:56:04.272+0000] {dag.py:4180} INFO - Setting next_dagrun for weather_ingestion to 2026-08-11 01:00:00+00:00, run_after=2026-08-11 02:00:00+00:00
[2026-08-11T01:56:04.279+0000] {processor.py:208} INFO - Processing /opt/airflow/dags/weather_dag.py took 0.261 seconds
[2026-08-11T01:56:34.608+0000] {processor.py:186} INFO - Started process (PID=32650) to work on /opt/airflow/dags/weather_dag.py
[2026-08-11T01:56:34.610+0000] {processor.py:914} INFO - Processing file /opt/airflow/dags/weather_dag.py for tasks to queue
[2026-08-11T01:56:34.612+0000] {logging_mixin.py:190} INFO - [2026-08-11T01:56:34.612+0000] {dagbag.py:588} INFO - Filling up the DagBag from /opt/airflow/dags/weather_dag.py
[2026-08-11T01:56:34.835+0000] {processor.py:925} INFO - DAG(s) 'weather_ingestion' retrieved from /opt/airflow/dags/weather_dag.py
[2026-08-11T01:56:34.848+0000] {logging_mixin.py:190} INFO - [2026-08-11T01:56:34.848+0000] {dag.py:3239} INFO - Sync 1 DAGs
[2026-08-11T01:56:34.859+0000] {logging_mixin.py:190} INFO - [2026-08-11T01:56:34.859+0000] {dag.py:4180} INFO - Setting next_dagrun for weather_ingestion to 2026-08-11 01:00:00+00:00, run_after=2026-08-11 02:00:00+00:00
[2026-08-11T01:56:34.866+0000] {processor.py:208} INFO - Processing /opt/airflow/dags/weather_dag.py took 0.264 seconds
[2026-08-11T01:57:04.954+0000] {processor.py:186} INFO - Started process (PID=32657) to work on /opt/airflow/dags/weather_dag.py
[2026-08-11T01:57:04.956+0000] {processor.py:914} INFO - Processing file /opt/airflow/dags/weather_dag.py for tasks to queue
[2026-08-11T01:57:04.959+0000] {logging_mixin.py:190} INFO - [2026-08-11T01:57:04.959+0000] {dagbag.py:588} INFO - Filling up the DagBag from /opt/airflow/dags/weather_dag.py
[2026-08-11T01:57:05.181+0000] {processor.py:925} INFO - DAG(s) 'weather_ingestion' retrieved from /opt/airflow/dags/weather_dag.py
[2026-08-11T01:57:05.193+0000] {logging_mixin.py:190} INFO - [2026-08-11T01:57:05.193+0000] {dag.py:3239} INFO - Sync 1 DAGs
[2026-08-11T01:57:05.204+0000] {logging_mixin.py:190} INFO - [2026-08-11T01:57:05.204+0000] {dag.py:4180} INFO - Setting next_dagrun for weather_ingestion to 2026-08-11 01:00:00+00:00, run_after=2026-08-11 02:00:00+00:00
[2026-08-11T01:57:05.211+0000] {processor.py:208} INFO - Processing /opt/airflow/dags/weather_dag.py took 0.265 seconds
[2026-08-11T01:57:35.586+0000] {processor.py:186} INFO - Started process (PID=32664) to work on /opt/airflow/dags/weather_dag.py
[2026-08-11T01:57:35.588+0000] {processor.py:914} INFO - Processing file /opt/airflow/dags/weather_dag.py for tasks to queue
[2026-08-11T01:57:35.592+0000] {logging_mixin.py:190} INFO - [2026-08-11T01:57:35.592+0000] {dagbag.py:588} INFO - Filling up the DagBag from /opt/airflow/dags/weather_dag.py
[2026-08-11T01:57:35.938+0000] {processor.py:925} INFO - DAG(s) 'weather_ingestion' retrieved from /opt/airflow/dags/weather_dag.py
[2026-08-11T01:57:35.954+0000] {logging_mixin.py:190} INFO - [2026-08-11T01:57:35.953+0000] {dag.py:3239} INFO - Sync 1 DAGs
[2026-08-11T01:57:35.966+0000] {logging_mixin.py:190} INFO - [2026-08-11T01:57:35.966+0000] {dag.py:4180} INFO - Setting next_dagrun for weather_ingestion to 2026-08-11 01:00:00+00:00, run_after=2026-08-11 02:00:00+00:00
[2026-08-11T01:57:35.975+0000] {processor.py:208} INFO - Processing /opt/airflow/dags/weather_dag.py took 0.404 seconds
[2026-08-11T01:58:06.327+0000] {processor.py:186} INFO - Started process (PID=32671) to work on /opt/airflow/dags/weather_dag.py
[2026-08-11T01:58:06.329+0000] {processor.py:914} INFO - Processing file /opt/airflow/dags/weather_dag.py for tasks to queue
[2026-08-11T01:58:06.332+0000] {logging_mixin.py:190} INFO - [2026-08-11T01:58:06.332+0000] {dagbag.py:588} INFO - Filling up the DagBag from /opt/airflow/dags/weather_dag.py
[2026-08-11T01:58:06.561+0000] {processor.py:925} INFO - DAG(s) 'weather_ingestion' retrieved from /opt/airflow/dags/weather_dag.py
[2026-08-11T01:58:06.573+0000] {logging_mixin.py:190} INFO - [2026-08-11T01:58:06.573+0000] {dag.py:3239} INFO - Sync 1 DAGs
[2026-08-11T01:58:06.584+0000] {logging_mixin.py:190} INFO - [2026-08-11T01:58:06.584+0000] {dag.py:4180} INFO - Setting next_dagrun for weather_ingestion to 2026-08-11 01:00:00+00:00, run_after=2026-08-11 02:00:00+00:00
[2026-08-11T01:58:06.591+0000] {processor.py:208} INFO - Processing /opt/airflow/dags/weather_dag.py took 0.275 seconds
[2026-08-11T01:58:36.927+0000] {processor.py:186} INFO - Started process (PID=32678) to work on /opt/airflow/dags/weather_dag.py
[2026-08-11T01:58:36.929+0000] {processor.py:914} INFO - Processing file /opt/airflow/dags/weather_dag.py for tasks to queue
[2026-08-11T01:58:36.933+0000] {logging_mixin.py:190} INFO - [2026-08-11T01:58:36.932+0000] {dagbag.py:588} INFO - Filling up the DagBag from /opt/airflow/dags/weather_dag.py
[2026-08-11T01:58:37.149+0000] {processor.py:925} INFO - DAG(s) 'weather_ingestion' retrieved from /opt/airflow/dags/weather_dag.py
[2026-08-11T01:58:37.162+0000] {logging_mixin.py:190} INFO - [2026-08-11T01:58:37.162+0000] {dag.py:3239} INFO - Sync 1 DAGs
[2026-08-11T01:58:37.173+0000] {logging_mixin.py:190} INFO - [2026-08-11T01:58:37.173+0000] {dag.py:4180} INFO - Setting next_dagrun for weather_ingestion to 2026-08-11 01:00:00+00:00, run_after=2026-08-11 02:00:00+00:00
[2026-08-11T01:58:37.180+0000] {processor.py:208} INFO - Processing /opt/airflow/dags/weather_dag.py took 0.260 seconds
[2026-08-11T01:59:07.284+0000] {processor.py:186} INFO - Started process (PID=32685) to work on /opt/airflow/dags/weather_dag.py
[2026-08-11T01:59:07.286+0000] {processor.py:914} INFO - Processing file /opt/airflow/dags/weather_dag.py for tasks to queue
[2026-08-11T01:59:07.290+0000] {logging_mixin.py:190} INFO - [2026-08-11T01:59:07.289+0000] {dagbag.py:588} INFO - Filling up the DagBag from /opt/airflow/dags/weather_dag.py
[2026-08-11T01:59:07.506+0000] {processor.py:925} INFO - DAG(s) 'weather_ingestion' retrieved from /opt/airflow/dags/weather_dag.py
[2026-08-11T01:59:07.518+0000] {logging_mixin.py:190} INFO - [2026-08-11T01:59:07.518+0000] {dag.py:3239} INFO - Sync 1 DAGs
[2026-08-11T01:59:07.527+0000] {logging_mixin.py:190} INFO - [2026-08-11T01:59:07.527+0000] {dag.py:4180} INFO - Setting next_dagrun for weather_ingestion to 2026-08-11 01:00:00+00:00, run_after=2026-08-11 02:00:00+00:00
[2026-08-11T01:59:07.533+0000] {processor.py:208} INFO - Processing /opt/airflow/dags/weather_dag.py took 0.259 seconds
[2026-08-11T01:59:38.012+0000] {processor.py:186} INFO - Started process (PID=32692) to work on /opt/airflow/dags/weather_dag.py
[2026-08-11T01:59:38.015+0000] {processor.py:914} INFO - Processing file /opt/airflow/dags/weather_dag.py for tasks to queue
[2026-08-11T01:59:38.020+0000] {logging_mixin.py:190} INFO - [2026-08-11T01:59:38.020+0000] {dagbag.py:588} INFO - Filling up the DagBag from /opt/airflow/dags/weather_dag.py
[2026-08-11T01:59:38.451+0000] {processor.py:925} INFO - DAG(s) 'weather_ingestion' retrieved from /opt/airflow/dags/weather_dag.py
[2026-08-11T01:59:38.475+0000] {logging_mixin.py:190} INFO - [2026-08-11T01:59:38.474+0000] {dag.py:3239} INFO - Sync 1 DAGs
[2026-08-11T01:59:38.491+0000] {logging_mixin.py:190} INFO - [2026-08-11T01:59:38.491+0000] {dag.py:4180} INFO - Setting next_dagrun for weather_ingestion to 2026-08-11 01:00:00+00:00, run_after=2026-08-11 02:00:00+00:00
[2026-08-11T01:59:38.501+0000] {processor.py:208} INFO - Processing /opt/airflow/dags/weather_dag.py took 0.533 seconds
[2026-08-11T02:00:08.795+0000] {processor.py:186} INFO - Started process (PID=32704) to work on /opt/airflow/dags/weather_dag.py
[2026-08-11T02:00:08.796+0000] {processor.py:914} INFO - Processing file /opt/airflow/dags/weather_dag.py for tasks to queue
[2026-08-11T02:00:08.798+0000] {logging_mixin.py:190} INFO - [2026-08-11T02:00:08.798+0000] {dagbag.py:588} INFO - Filling up the DagBag from /opt/airflow/dags/weather_dag.py
[2026-08-11T02:00:09.035+0000] {processor.py:925} INFO - DAG(s) 'weather_ingestion' retrieved from /opt/airflow/dags/weather_dag.py
[2026-08-11T02:00:09.048+0000] {logging_mixin.py:190} INFO - [2026-08-11T02:00:09.048+0000] {dag.py:3239} INFO - Sync 1 DAGs
[2026-08-11T02:00:09.058+0000] {logging_mixin.py:190} INFO - [2026-08-11T02:00:09.058+0000] {dag.py:4180} INFO - Setting next_dagrun for weather_ingestion to 2026-08-11 02:00:00+00:00, run_after=2026-08-11 03:00:00+00:00
[2026-08-11T02:00:09.064+0000] {processor.py:208} INFO - Processing /opt/airflow/dags/weather_dag.py took 0.275 seconds
[2026-08-11T02:00:39.451+0000] {processor.py:186} INFO - Started process (PID=32711) to work on /opt/airflow/dags/weather_dag.py
[2026-08-11T02:00:39.454+0000] {processor.py:914} INFO - Processing file /opt/airflow/dags/weather_dag.py for tasks to queue
[2026-08-11T02:00:39.462+0000] {logging_mixin.py:190} INFO - [2026-08-11T02:00:39.461+0000] {dagbag.py:588} INFO - Filling up the DagBag from /opt/airflow/dags/weather_dag.py
[2026-08-11T02:00:39.843+0000] {processor.py:925} INFO - DAG(s) 'weather_ingestion' retrieved from /opt/airflow/dags/weather_dag.py
[2026-08-11T02:00:39.862+0000] {logging_mixin.py:190} INFO - [2026-08-11T02:00:39.862+0000] {dag.py:3239} INFO - Sync 1 DAGs
[2026-08-11T02:00:39.876+0000] {logging_mixin.py:190} INFO - [2026-08-11T02:00:39.876+0000] {dag.py:4180} INFO - Setting next_dagrun for weather_ingestion to 2026-08-11 02:00:00+00:00, run_after=2026-08-11 03:00:00+00:00
[2026-08-11T02:00:39.884+0000] {processor.py:208} INFO - Processing /opt/airflow/dags/weather_dag.py took 0.454 seconds
[2026-08-11T02:01:10.219+0000] {processor.py:186} INFO - Started process (PID=32718) to work on /opt/airflow/dags/weather_dag.py
[2026-08-11T02:01:10.221+0000] {processor.py:914} INFO - Processing file /opt/airflow/dags/weather_dag.py for tasks to queue
[2026-08-11T02:01:10.223+0000] {logging_mixin.py:190} INFO - [2026-08-11T02:01:10.223+0000] {dagbag.py:588} INFO - Filling up the DagBag from /opt/airflow/dags/weather_dag.py
[2026-08-11T02:01:10.455+0000] {processor.py:925} INFO - DAG(s) 'weather_ingestion' retrieved from /opt/airflow/dags/weather_dag.py
[2026-08-11T02:01:10.470+0000] {logging_mixin.py:190} INFO - [2026-08-11T02:01:10.470+0000] {dag.py:3239} INFO - Sync 1 DAGs
[2026-08-11T02:01:10.480+0000] {logging_mixin.py:190} INFO - [2026-08-11T02:01:10.480+0000] {dag.py:4180} INFO - Setting next_dagrun for weather_ingestion to 2026-08-11 02:00:00+00:00, run_after=2026-08-11 03:00:00+00:00
[2026-08-11T02:01:10.487+0000] {processor.py:208} INFO - Processing /opt/airflow/dags/weather_dag.py took 0.275 seconds
[2026-08-11T02:01:40.603+0000] {processor.py:186} INFO - Started process (PID=32725) to work on /opt/airflow/dags/weather_dag.py
[2026-08-11T02:01:40.607+0000] {processor.py:914} INFO - Processing file /opt/airflow/dags/weather_dag.py for tasks to queue
[2026-08-11T02:01:40.615+0000] {logging_mixin.py:190} INFO - [2026-08-11T02:01:40.613+0000] {dagbag.py:588} INFO - Filling up the DagBag from /opt/airflow/dags/weather_dag.py
[2026-08-11T02:01:40.976+0000] {processor.py:925} INFO - DAG(s) 'weather_ingestion' retrieved from /opt/airflow/dags/weather_dag.py
[2026-08-11T02:01:40.997+0000] {logging_mixin.py:190} INFO - [2026-08-11T02:01:40.996+0000] {dag.py:3239} INFO - Sync 1 DAGs
[2026-08-11T02:01:41.012+0000] {logging_mixin.py:190} INFO - [2026-08-11T02:01:41.012+0000] {dag.py:4180} INFO - Setting next_dagrun for weather_ingestion to 2026-08-11 02:00:00+00:00, run_after=2026-08-11 03:00:00+00:00
[2026-08-11T02:01:41.021+0000] {processor.py:208} INFO - Processing /opt/airflow/dags/weather_dag.py took 0.437 seconds
[2026-08-11T02:02:11.134+0000] {processor.py:186} INFO - Started process (PID=32737) to work on /opt/airflow/dags/weather_dag.py
[2026-08-11T02:02:11.136+0000] {processor.py:914} INFO - Processing file /opt/airflow/dags/weather_dag.py for tasks to queue
[2026-08-11T02:02:11.138+0000] {logging_mixin.py:190} INFO - [2026-08-11T02:02:11.138+0000] {dagbag.py:588} INFO - Filling up the DagBag from /opt/airflow/dags/weather_dag.py
[2026-08-11T02:02:11.348+0000] {processor.py:925} INFO - DAG(s) 'weather_ingestion' retrieved from /opt/airflow/dags/weather_dag.py
[2026-08-11T02:02:11.359+0000] {logging_mixin.py:190} INFO - [2026-08-11T02:02:11.359+0000] {dag.py:3239} INFO - Sync 1 DAGs
[2026-08-11T02:02:11.368+0000] {logging_mixin.py:190} INFO - [2026-08-11T02:02:11.367+0000] {dag.py:4180} INFO - Setting next_dagrun for weather_ingestion to 2026-08-11 02:00:00+00:00, run_after=2026-08-11 03:00:00+00:00
[2026-08-11T02:02:11.374+0000] {processor.py:208} INFO - Processing /opt/airflow/dags/weather_dag.py took 0.245 seconds
[2026-08-11T02:02:41.626+0000] {processor.py:186} INFO - Started process (PID=32744) to work on /opt/airflow/dags/weather_dag.py
[2026-08-11T02:02:41.628+0000] {processor.py:914} INFO - Processing file /opt/airflow/dags/weather_dag.py for tasks to queue
[2026-08-11T02:02:41.634+0000] {logging_mixin.py:190} INFO - [2026-08-11T02:02:41.633+0000] {dagbag.py:588} INFO - Filling up the DagBag from /opt/airflow/dags/weather_dag.py
[2026-08-11T02:02:41.933+0000] {processor.py:925} INFO - DAG(s) 'weather_ingestion' retrieved from /opt/airflow/dags/weather_dag.py
[2026-08-11T02:02:41.948+0000] {logging_mixin.py:190} INFO - [2026-08-11T02:02:41.947+0000] {dag.py:3239} INFO - Sync 1 DAGs
[2026-08-11T02:02:41.961+0000] {logging_mixin.py:190} INFO - [2026-08-11T02:02:41.961+0000] {dag.py:4180} INFO - Setting next_dagrun for weather_ingestion to 2026-08-11 02:00:00+00:00, run_after=2026-08-11 03:00:00+00:00
[2026-08-11T02:02:41.969+0000] {processor.py:208} INFO - Processing /opt/airflow/dags/weather_dag.py took 0.355 seconds
[2026-08-11T02:03:12.410+0000] {processor.py:186} INFO - Started process (PID=32751) to work on /opt/airflow/dags/weather_dag.py
[2026-08-11T02:03:12.412+0000] {processor.py:914} INFO - Processing file /opt/airflow/dags/weather_dag.py for tasks to queue
[2026-08-11T02:03:12.418+0000] {logging_mixin.py:190} INFO - [2026-08-11T02:03:12.417+0000] {dagbag.py:588} INFO - Filling up the DagBag from /opt/airflow/dags/weather_dag.py
[2026-08-11T02:03:12.824+0000] {processor.py:925} INFO - DAG(s) 'weather_ingestion' retrieved from /opt/airflow/dags/weather_dag.py
[2026-08-11T02:03:12.846+0000] {logging_mixin.py:190} INFO - [2026-08-11T02:03:12.845+0000] {dag.py:3239} INFO - Sync 1 DAGs
[2026-08-11T02:03:12.861+0000] {logging_mixin.py:190} INFO - [2026-08-11T02:03:12.861+0000] {dag.py:4180} INFO - Setting next_dagrun for weather_ingestion to 2026-08-11 02:00:00+00:00, run_after=2026-08-11 03:00:00+00:00
[2026-08-11T02:03:12.871+0000] {processor.py:208} INFO - Processing /opt/airflow/dags/weather_dag.py took 0.475 seconds
[2026-08-11T02:03:43.209+0000] {processor.py:186} INFO - Started process (PID=32758) to work on /opt/airflow/dags/weather_dag.py
[2026-08-11T02:03:43.210+0000] {processor.py:914} INFO - Processing file /opt/airflow/dags/weather_dag.py for tasks to queue
[2026-08-11T02:03:43.211+0000] {logging_mixin.py:190} INFO - [2026-08-11T02:03:43.211+0000] {dagbag.py:588} INFO - Filling up the DagBag from /opt/airflow/dags/weather_dag.py
[2026-08-11T02:03:43.425+0000] {processor.py:925} INFO - DAG(s) 'weather_ingestion' retrieved from /opt/airflow/dags/weather_dag.py
[2026-08-11T02:03:43.438+0000] {logging_mixin.py:190} INFO - [2026-08-11T02:03:43.438+0000] {dag.py:3239} INFO - Sync 1 DAGs
[2026-08-11T02:03:43.451+0000] {logging_mixin.py:190} INFO - [2026-08-11T02:03:43.451+0000] {dag.py:4180} INFO - Setting next_dagrun for weather_ingestion to 2026-08-11 02:00:00+00:00, run_after=2026-08-11 03:00:00+00:00
[2026-08-11T02:03:43.459+0000] {processor.py:208} INFO - Processing /opt/airflow/dags/weather_dag.py took 0.255 seconds
[2026-08-11T02:04:13.742+0000] {processor.py:186} INFO - Started process (PID=32765) to work on /opt/airflow/dags/weather_dag.py
[2026-08-11T02:04:13.743+0000] {processor.py:914} INFO - Processing file /opt/airflow/dags/weather_dag.py for tasks to queue
[2026-08-11T02:04:13.746+0000] {logging_mixin.py:190} INFO - [2026-08-11T02:04:13.745+0000] {dagbag.py:588} INFO - Filling up the DagBag from /opt/airflow/dags/weather_dag.py
[2026-08-11T02:04:13.972+0000] {processor.py:925} INFO - DAG(s) 'weather_ingestion' retrieved from /opt/airflow/dags/weather_dag.py
[2026-08-11T02:04:13.983+0000] {logging_mixin.py:190} INFO - [2026-08-11T02:04:13.983+0000] {dag.py:3239} INFO - Sync 1 DAGs
[2026-08-11T02:04:13.993+0000] {logging_mixin.py:190} INFO - [2026-08-11T02:04:13.993+0000] {dag.py:4180} INFO - Setting next_dagrun for weather_ingestion to 2026-08-11 02:00:00+00:00, run_after=2026-08-11 03:00:00+00:00
[2026-08-11T02:04:14.000+0000] {processor.py:208} INFO - Processing /opt/airflow/dags/weather_dag.py took 0.263 seconds
[2026-08-11T02:04:44.161+0000] {processor.py:186} INFO - Started process (PID=32772) to work on /opt/airflow/dags/weather_dag.py
[2026-08-11T02:04:44.163+0000] {processor.py:914} INFO - Processing file /opt/airflow/dags/weather_dag.py for tasks to queue
[2026-08-11T02:04:44.169+0000] {logging_mixin.py:190} INFO - [2026-08-11T02:04:44.168+0000] {dagbag.py:588} INFO - Filling up the DagBag from /opt/airflow/dags/weather_dag.py
[2026-08-11T02:04:44.569+0000] {processor.py:925} INFO - DAG(s) 'weather_ingestion' retrieved from /opt/airflow/dags/weather_dag.py
[2026-08-11T02:04:44.589+0000] {logging_mixin.py:190} INFO - [2026-08-11T02:04:44.589+0000] {dag.py:3239} INFO - Sync 1 DAGs
[2026-08-11T02:04:44.604+0000] {logging_mixin.py:190} INFO - [2026-08-11T02:04:44.604+0000] {dag.py:4180} INFO - Setting next_dagrun for weather_ingestion to 2026-08-11 02:00:00+00:00, run_after=2026-08-11 03:00:00+00:00
[2026-08-11T02:04:44.612+0000] {processor.py:208} INFO - Processing /opt/airflow/dags/weather_dag.py took 0.470 seconds
[2026-08-11T02:05:14.653+0000] {processor.py:186} INFO - Started process (PID=32779) to work on /opt/airflow/dags/weather_dag.py
[2026-08-11T02:05:14.654+0000] {processor.py:914} INFO - Processing file /opt/airflow/dags/weather_dag.py for tasks to queue
[2026-08-11T02:05:14.656+0000] {logging_mixin.py:190} INFO - [2026-08-11T02:05:14.656+0000] {dagbag.py:588} INFO - Filling up the DagBag from /opt/airflow/dags/weather_dag.py
[2026-08-11T02:05:14.872+0000] {processor.py:925} INFO - DAG(s) 'weather_ingestion' retrieved from /opt/airflow/dags/weather_dag.py
[2026-08-11T02:05:14.884+0000] {logging_mixin.py:190} INFO - [2026-08-11T02:05:14.883+0000] {dag.py:3239} INFO - Sync 1 DAGs
[2026-08-11T02:05:14.894+0000] {logging_mixin.py:190} INFO - [2026-08-11T02:05:14.894+0000] {dag.py:4180} INFO - Setting next_dagrun for weather_ingestion to 2026-08-11 02:00:00+00:00, run_after=2026-08-11 03:00:00+00:00
[2026-08-11T02:05:14.902+0000] {processor.py:208} INFO - Processing /opt/airflow/dags/weather_dag.py took 0.255 seconds
[2026-08-11T02:05:45.273+0000] {processor.py:186} INFO - Started process (PID=32786) to work on /opt/airflow/dags/weather_dag.py
[2026-08-11T02:05:45.274+0000] {processor.py:914} INFO - Processing file /opt/airflow/dags/weather_dag.py for tasks to queue
[2026-08-11T02:05:45.277+0000] {logging_mixin.py:190} INFO - [2026-08-11T02:05:45.277+0000] {dagbag.py:588} INFO - Filling up the DagBag from /opt/airflow/dags/weather_dag.py
[2026-08-11T02:05:45.497+0000] {processor.py:925} INFO - DAG(s) 'weather_ingestion' retrieved from /opt/airflow/dags/weather_dag.py
[2026-08-11T02:05:45.508+0000] {logging_mixin.py:190} INFO - [2026-08-11T02:05:45.508+0000] {dag.py:3239} INFO - Sync 1 DAGs
[2026-08-11T02:05:45.517+0000] {logging_mixin.py:190} INFO - [2026-08-11T02:05:45.517+0000] {dag.py:4180} INFO - Setting next_dagrun for weather_ingestion to 2026-08-11 02:00:00+00:00, run_after=2026-08-11 03:00:00+00:00
[2026-08-11T02:05:45.525+0000] {processor.py:208} INFO - Processing /opt/airflow/dags/weather_dag.py took 0.261 seconds
[2026-08-11T02:06:15.621+0000] {processor.py:186} INFO - Started process (PID=32793) to work on /opt/airflow/dags/weather_dag.py
[2026-08-11T02:06:15.623+0000] {processor.py:914} INFO - Processing file /opt/airflow/dags/weather_dag.py for tasks to queue
[2026-08-11T02:06:15.627+0000] {logging_mixin.py:190} INFO - [2026-08-11T02:06:15.627+0000] {dagbag.py:588} INFO - Filling up the DagBag from /opt/airflow/dags/weather_dag.py
[2026-08-11T02:06:15.891+0000] {processor.py:925} INFO - DAG(s) 'weather_ingestion' retrieved from /opt/airflow/dags/weather_dag.py
[2026-08-11T02:06:15.908+0000] {logging_mixin.py:190} INFO - [2026-08-11T02:06:15.907+0000] {dag.py:3239} INFO - Sync 1 DAGs
[2026-08-11T02:06:15.921+0000] {logging_mixin.py:190} INFO - [2026-08-11T02:06:15.921+0000] {dag.py:4180} INFO - Setting next_dagrun for weather_ingestion to 2026-08-11 02:00:00+00:00, run_after=2026-08-11 03:00:00+00:00
[2026-08-11T02:06:15.931+0000] {processor.py:208} INFO - Processing /opt/airflow/dags/weather_dag.py took 0.319 seconds
[2026-08-11T02:06:46.188+0000] {processor.py:186} INFO - Started process (PID=32800) to work on /opt/airflow/dags/weather_dag.py
[2026-08-11T02:06:46.190+0000] {processor.py:914} INFO - Processing file /opt/airflow/dags/weather_dag.py for tasks to queue
[2026-08-11T02:06:46.193+0000] {logging_mixin.py:190} INFO - [2026-08-11T02:06:46.193+0000] {dagbag.py:588} INFO - Filling up the DagBag from /opt/airflow/dags/weather_dag.py
[2026-08-11T02:06:46.407+0000] {processor.py:925} INFO - DAG(s) 'weather_ingestion' retrieved from /opt/airflow/dags/weather_dag.py
[2026-08-11T02:06:46.419+0000] {logging_mixin.py:190} INFO - [2026-08-11T02:06:46.419+0000] {dag.py:3239} INFO - Sync 1 DAGs
[2026-08-11T02:06:46.428+0000] {logging_mixin.py:190} INFO - [2026-08-11T02:06:46.428+0000] {dag.py:4180} INFO - Setting next_dagrun for weather_ingestion to 2026-08-11 02:00:00+00:00, run_after=2026-08-11 03:00:00+00:00
[2026-08-11T02:06:46.435+0000] {processor.py:208} INFO - Processing /opt/airflow/dags/weather_dag.py took 0.255 seconds
[2026-08-11T02:07:16.509+0000] {processor.py:186} INFO - Started process (PID=32807) to work on /opt/airflow/dags/weather_dag.py
[2026-08-11T02:07:16.510+0000] {processor.py:914} INFO - Processing file /opt/airflow/dags/weather_dag.py for tasks to queue
[2026-08-11T02:07:16.512+0000] {logging_mixin.py:190} INFO - [2026-08-11T02:07:16.512+0000] {dagbag.py:588} INFO - Filling up the DagBag from /opt/airflow/dags/weather_dag.py
[2026-08-11T02:07:16.718+0000] {processor.py:925} INFO - DAG(s) 'weather_ingestion' retrieved from /opt/airflow/dags/weather_dag.py
[2026-08-11T02:07:16.729+0000] {logging_mixin.py:190} INFO - [2026-08-11T02:07:16.729+0000] {dag.py:3239} INFO - Sync 1 DAGs
[2026-08-11T02:07:16.739+0000] {logging_mixin.py:190} INFO - [2026-08-11T02:07:16.739+0000] {dag.py:4180} INFO - Setting next_dagrun for weather_ingestion to 2026-08-11 02:00:00+00:00, run_after=2026-08-11 03:00:00+00:00
[2026-08-11T02:07:16.746+0000] {processor.py:208} INFO - Processing /opt/airflow/dags/weather_dag.py took 0.242 seconds
[2026-08-11T02:07:47.054+0000] {processor.py:186} INFO - Started process (PID=32814) to work on /opt/airflow/dags/weather_dag.py
[2026-08-11T02:07:47.057+0000] {processor.py:914} INFO - Processing file /opt/airflow/dags/weather_dag.py for tasks to queue
[2026-08-11T02:07:47.060+0000] {logging_mixin.py:190} INFO - [2026-08-11T02:07:47.059+0000] {dagbag.py:588} INFO - Filling up the DagBag from /opt/airflow/dags/weather_dag.py
[2026-08-11T02:07:47.276+0000] {processor.py:925} INFO - DAG(s) 'weather_ingestion' retrieved from /opt/airflow/dags/weather_dag.py
[2026-08-11T02:07:47.311+0000] {logging_mixin.py:190} INFO - [2026-08-11T02:07:47.311+0000] {dag.py:3239} INFO - Sync 1 DAGs
[2026-08-11T02:07:47.322+0000] {logging_mixin.py:190} INFO - [2026-08-11T02:07:47.322+0000] {dag.py:4180} INFO - Setting next_dagrun for weather_ingestion to 2026-08-11 02:00:00+00:00, run_after=2026-08-11 03:00:00+00:00
[2026-08-11T02:07:47.330+0000] {processor.py:208} INFO - Processing /opt/airflow/dags/weather_dag.py took 0.284 seconds
[2026-08-11T02:08:17.403+0000] {processor.py:186} INFO - Started process (PID=32821) to work on /opt/airflow/dags/weather_dag.py
[2026-08-11T02:08:17.405+0000] {processor.py:914} INFO - Processing file /opt/airflow/dags/weather_dag.py for tasks to queue
[2026-08-11T02:08:17.407+0000] {logging_mixin.py:190} INFO - [2026-08-11T02:08:17.407+0000] {dagbag.py:588} INFO - Filling up the DagBag from /opt/airflow/dags/weather_dag.py
[2026-08-11T02:08:17.618+0000] {processor.py:925} INFO - DAG(s) 'weather_ingestion' retrieved from /opt/airflow/dags/weather_dag.py
[2026-08-11T02:08:17.629+0000] {logging_mixin.py:190} INFO - [2026-08-11T02:08:17.629+0000] {dag.py:3239} INFO - Sync 1 DAGs
[2026-08-11T02:08:17.637+0000] {logging_mixin.py:190} INFO - [2026-08-11T02:08:17.637+0000] {dag.py:4180} INFO - Setting next_dagrun for weather_ingestion to 2026-08-11 02:00:00+00:00, run_after=2026-08-11 03:00:00+00:00
[2026-08-11T02:08:17.644+0000] {processor.py:208} INFO - Processing /opt/airflow/dags/weather_dag.py took 0.248 seconds
[2026-08-11T02:08:47.913+0000] {processor.py:186} INFO - Started process (PID=32828) to work on /opt/airflow/dags/weather_dag.py
[2026-08-11T02:08:47.915+0000] {processor.py:914} INFO - Processing file /opt/airflow/dags/weather_dag.py for tasks to queue
[2026-08-11T02:08:47.919+0000] {logging_mixin.py:190} INFO - [2026-08-11T02:08:47.918+0000] {dagbag.py:588} INFO - Filling up the DagBag from /opt/airflow/dags/weather_dag.py
[2026-08-11T02:08:48.184+0000] {processor.py:925} INFO - DAG(s) 'weather_ingestion' retrieved from /opt/airflow/dags/weather_dag.py
[2026-08-11T02:08:48.198+0000] {logging_mixin.py:190} INFO - [2026-08-11T02:08:48.198+0000] {dag.py:3239} INFO - Sync 1 DAGs
[2026-08-11T02:08:48.210+0000] {logging_mixin.py:190} INFO - [2026-08-11T02:08:48.209+0000] {dag.py:4180} INFO - Setting next_dagrun for weather_ingestion to 2026-08-11 02:00:00+00:00, run_after=2026-08-11 03:00:00+00:00
[2026-08-11T02:08:48.216+0000] {processor.py:208} INFO - Processing /opt/airflow/dags/weather_dag.py took 0.313 seconds
[2026-08-11T02:09:18.620+0000] {processor.py:186} INFO - Started process (PID=32835) to work on /opt/airflow/dags/weather_dag.py
[2026-08-11T02:09:18.622+0000] {processor.py:914} INFO - Processing file /opt/airflow/dags/weather_dag.py for tasks to queue
[2026-08-11T02:09:18.624+0000] {logging_mixin.py:190} INFO - [2026-08-11T02:09:18.624+0000] {dagbag.py:588} INFO - Filling up the DagBag from /opt/airflow/dags/weather_dag.py
[2026-08-11T02:09:18.837+0000] {processor.py:925} INFO - DAG(s) 'weather_ingestion' retrieved from /opt/airflow/dags/weather_dag.py
[2026-08-11T02:09:18.848+0000] {logging_mixin.py:190} INFO - [2026-08-11T02:09:18.848+0000] {dag.py:3239} INFO - Sync 1 DAGs
[2026-08-11T02:09:18.857+0000] {logging_mixin.py:190} INFO - [2026-08-11T02:09:18.857+0000] {dag.py:4180} INFO - Setting next_dagrun for weather_ingestion to 2026-08-11 02:00:00+00:00, run_after=2026-08-11 03:00:00+00:00
[2026-08-11T02:09:18.863+0000] {processor.py:208} INFO - Processing /opt/airflow/dags/weather_dag.py took 0.252 seconds
[2026-08-11T02:09:49.073+0000] {processor.py:186} INFO - Started process (PID=32842) to work on /opt/airflow/dags/weather_dag.py
[2026-08-11T02:09:49.075+0000] {processor.py:914} INFO - Processing file /opt/airflow/dags/weather_dag.py for tasks to queue
[2026-08-11T02:09:49.079+0000] {logging_mixin.py:190} INFO - [2026-08-11T02:09:49.079+0000] {dagbag.py:588} INFO - Filling up the DagBag from /opt/airflow/dags/weather_dag.py
[2026-08-11T02:09:49.354+0000] {processor.py:925} INFO - DAG(s) 'weather_ingestion' retrieved from /opt/airflow/dags/weather_dag.py
[2026-08-11T02:09:49.369+0000] {logging_mixin.py:190} INFO - [2026-08-11T02:09:49.369+0000] {dag.py:3239} INFO - Sync 1 DAGs
[2026-08-11T02:09:49.382+0000] {logging_mixin.py:190} INFO - [2026-08-11T02:09:49.382+0000] {dag.py:4180} INFO - Setting next_dagrun for weather_ingestion to 2026-08-11 02:00:00+00:00, run_after=2026-08-11 03:00:00+00:00
[2026-08-11T02:09:49.390+0000] {processor.py:208} INFO - Processing /opt/airflow/dags/weather_dag.py took 0.329 seconds
[2026-08-11T02:10:19.561+0000] {processor.py:186} INFO - Started process (PID=32849) to work on /opt/airflow/dags/weather_dag.py
[2026-08-11T02:10:19.562+0000] {processor.py:914} INFO - Processing file /opt/airflow/dags/weather_dag.py for tasks to queue
[2026-08-11T02:10:19.564+0000] {logging_mixin.py:190} INFO - [2026-08-11T02:10:19.563+0000] {dagbag.py:588} INFO - Filling up the DagBag from /opt/airflow/dags/weather_dag.py
[2026-08-11T02:10:19.778+0000] {processor.py:925} INFO - DAG(s) 'weather_ingestion' retrieved from /opt/airflow/dags/weather_dag.py
[2026-08-11T02:10:19.789+0000] {logging_mixin.py:190} INFO - [2026-08-11T02:10:19.789+0000] {dag.py:3239} INFO - Sync 1 DAGs
[2026-08-11T02:10:19.799+0000] {logging_mixin.py:190} INFO - [2026-08-11T02:10:19.799+0000] {dag.py:4180} INFO - Setting next_dagrun for weather_ingestion to 2026-08-11 02:00:00+00:00, run_after=2026-08-11 03:00:00+00:00
[2026-08-11T02:10:19.806+0000] {processor.py:208} INFO - Processing /opt/airflow/dags/weather_dag.py took 0.251 seconds
[2026-08-11T02:10:50.002+0000] {processor.py:186} INFO - Started process (PID=32856) to work on /opt/airflow/dags/weather_dag.py
[2026-08-11T02:10:50.003+0000] {processor.py:914} INFO - Processing file /opt/airflow/dags/weather_dag.py for tasks to queue
[2026-08-11T02:10:50.005+0000] {logging_mixin.py:190} INFO - [2026-08-11T02:10:50.005+0000] {dagbag.py:588} INFO - Filling up the DagBag from /opt/airflow/dags/weather_dag.py
[2026-08-11T02:10:50.220+0000] {processor.py:925} INFO - DAG(s) 'weather_ingestion' retrieved from /opt/airflow/dags/weather_dag.py
[2026-08-11T02:10:50.231+0000] {logging_mixin.py:190} INFO - [2026-08-11T02:10:50.231+0000] {dag.py:3239} INFO - Sync 1 DAGs
[2026-08-11T02:10:50.243+0000] {logging_mixin.py:190} INFO - [2026-08-11T02:10:50.243+0000] {dag.py:4180} INFO - Setting next_dagrun for weather_ingestion to 2026-08-11 02:00:00+00:00, run_after=2026-08-11 03:00:00+00:00
[2026-08-11T02:10:50.250+0000] {processor.py:208} INFO - Processing /opt/airflow/dags/weather_dag.py took 0.257 seconds
[2026-08-11T02:11:20.472+0000] {processor.py:186} INFO - Started process (PID=32863) to work on /opt/airflow/dags/weather_dag.py
[2026-08-11T02:11:20.474+0000] {processor.py:914} INFO - Processing file /opt/airflow/dags/weather_dag.py for tasks to queue
[2026-08-11T02:11:20.477+0000] {logging_mixin.py:190} INFO - [2026-08-11T02:11:20.476+0000] {dagbag.py:588} INFO - Filling up the DagBag from /opt/airflow/dags/weather_dag.py
[2026-08-11T02:11:20.694+0000] {processor.py:925} INFO - DAG(s) 'weather_ingestion' retrieved from /opt/airflow/dags/weather_dag.py
[2026-08-11T02:11:20.705+0000] {logging_mixin.py:190} INFO - [2026-08-11T02:11:20.705+0000] {dag.py:3239} INFO - Sync 1 DAGs
[2026-08-11T02:11:20.714+0000] {logging_mixin.py:190} INFO - [2026-08-11T02:11:20.714+0000] {dag.py:4180} INFO - Setting next_dagrun for weather_ingestion to 2026-08-11 02:00:00+00:00, run_after=2026-08-11 03:00:00+00:00
[2026-08-11T02:11:20.720+0000] {processor.py:208} INFO - Processing /opt/airflow/dags/weather_dag.py took 0.256 seconds
[2026-08-11T02:11:51.012+0000] {processor.py:186} INFO - Started process (PID=32870) to work on /opt/airflow/dags/weather_dag.py
[2026-08-11T02:11:51.013+0000] {processor.py:914} INFO - Processing file /opt/airflow/dags/weather_dag.py for tasks to queue
[2026-08-11T02:11:51.017+0000] {logging_mixin.py:190} INFO - [2026-08-11T02:11:51.017+0000] {dagbag.py:588} INFO - Filling up the DagBag from /opt/airflow/dags/weather_dag.py
[2026-08-11T02:11:51.284+0000] {processor.py:925} INFO - DAG(s) 'weather_ingestion' retrieved from /opt/airflow/dags/weather_dag.py
[2026-08-11T02:11:51.298+0000] {logging_mixin.py:190} INFO - [2026-08-11T02:11:51.298+0000] {dag.py:3239} INFO - Sync 1 DAGs
[2026-08-11T02:11:51.310+0000] {logging_mixin.py:190} INFO - [2026-08-11T02:11:51.310+0000] {dag.py:4180} INFO - Setting next_dagrun for weather_ingestion to 2026-08-11 02:00:00+00:00, run_after=2026-08-11 03:00:00+00:00
[2026-08-11T02:11:51.318+0000] {processor.py:208} INFO - Processing /opt/airflow/dags/weather_dag.py took 0.320 seconds
[2026-08-11T02:12:21.470+0000] {processor.py:186} INFO - Started process (PID=32877) to work on /opt/airflow/dags/weather_dag.py
[2026-08-11T02:12:21.472+0000] {processor.py:914} INFO - Processing file /opt/airflow/dags/weather_dag.py for tasks to queue
[2026-08-11T02:12:21.475+0000] {logging_mixin.py:190} INFO - [2026-08-11T02:12:21.474+0000] {dagbag.py:588} INFO - Filling up the DagBag from /opt/airflow/dags/weather_dag.py
[2026-08-11T02:12:21.684+0000] {processor.py:925} INFO - DAG(s) 'weather_ingestion' retrieved from /opt/airflow/dags/weather_dag.py
[2026-08-11T02:12:21.695+0000] {logging_mixin.py:190} INFO - [2026-08-11T02:12:21.695+0000] {dag.py:3239} INFO - Sync 1 DAGs
[2026-08-11T02:12:21.704+0000] {logging_mixin.py:190} INFO - [2026-08-11T02:12:21.704+0000] {dag.py:4180} INFO - Setting next_dagrun for weather_ingestion to 2026-08-11 02:00:00+00:00, run_after=2026-08-11 03:00:00+00:00
[2026-08-11T02:12:21.711+0000] {processor.py:208} INFO - Processing /opt/airflow/dags/weather_dag.py took 0.247 seconds
[2026-08-11T02:12:52.004+0000] {processor.py:186} INFO - Started process (PID=32884) to work on /opt/airflow/dags/weather_dag.py
[2026-08-11T02:12:52.005+0000] {processor.py:914} INFO - Processing file /opt/airflow/dags/weather_dag.py for tasks to queue
[2026-08-11T02:12:52.008+0000] {logging_mixin.py:190} INFO - [2026-08-11T02:12:52.008+0000] {dagbag.py:588} INFO - Filling up the DagBag from /opt/airflow/dags/weather_dag.py
[2026-08-11T02:12:52.226+0000] {processor.py:925} INFO - DAG(s) 'weather_ingestion' retrieved from /opt/airflow/dags/weather_dag.py
[2026-08-11T02:12:52.239+0000] {logging_mixin.py:190} INFO - [2026-08-11T02:12:52.239+0000] {dag.py:3239} INFO - Sync 1 DAGs
[2026-08-11T02:12:52.250+0000] {logging_mixin.py:190} INFO - [2026-08-11T02:12:52.250+0000] {dag.py:4180} INFO - Setting next_dagrun for weather_ingestion to 2026-08-11 02:00:00+00:00, run_after=2026-08-11 03:00:00+00:00
[2026-08-11T02:12:52.257+0000] {processor.py:208} INFO - Processing /opt/airflow/dags/weather_dag.py took 0.259 seconds
[2026-08-11T02:13:22.375+0000] {processor.py:186} INFO - Started process (PID=32891) to work on /opt/airflow/dags/weather_dag.py
[2026-08-11T02:13:22.376+0000] {processor.py:914} INFO - Processing file /opt/airflow/dags/weather_dag.py for tasks to queue
[2026-08-11T02:13:22.378+0000] {logging_mixin.py:190} INFO - [2026-08-11T02:13:22.377+0000] {dagbag.py:588} INFO - Filling up the DagBag from /opt/airflow/dags/weather_dag.py
[2026-08-11T02:13:22.584+0000] {processor.py:925} INFO - DAG(s) 'weather_ingestion' retrieved from /opt/airflow/dags/weather_dag.py
[2026-08-11T02:13:22.597+0000] {logging_mixin.py:190} INFO - [2026-08-11T02:13:22.596+0000] {dag.py:3239} INFO - Sync 1 DAGs
[2026-08-11T02:13:22.606+0000] {logging_mixin.py:190} INFO - [2026-08-11T02:13:22.605+0000] {dag.py:4180} INFO - Setting next_dagrun for weather_ingestion to 2026-08-11 02:00:00+00:00, run_after=2026-08-11 03:00:00+00:00
[2026-08-11T02:13:22.613+0000] {processor.py:208} INFO - Processing /opt/airflow/dags/weather_dag.py took 0.242 seconds
[2026-08-11T02:13:52.713+0000] {processor.py:186} INFO - Started process (PID=32898) to work on /opt/airflow/dags/weather_dag.py
[2026-08-11T02:13:52.715+0000] {processor.py:914} INFO - Processing file /opt/airflow/dags/weather_dag.py for tasks to queue
[2026-08-11T02:13:52.718+0000] {logging_mixin.py:190} INFO - [2026-08-11T02:13:52.718+0000] {dagbag.py:588} INFO - Filling up the DagBag from /opt/airflow/dags/weather_dag.py
[2026-08-11T02:13:52.940+0000] {processor.py:925} INFO - DAG(s) 'weather_ingestion' retrieved from /opt/airflow/dags/weather_dag.py
[2026-08-11T02:13:52.952+0000] {logging_mixin.py:190} INFO - [2026-08-11T02:13:52.952+0000] {dag.py:3239} INFO - Sync 1 DAGs
[2026-08-11T02:13:52.961+0000] {logging_mixin.py:190} INFO - [2026-08-11T02:13:52.961+0000] {dag.py:4180} INFO - Setting next_dagrun for weather_ingestion to 2026-08-11 02:00:00+00:00, run_after=2026-08-11 03:00:00+00:00
[2026-08-11T02:13:52.968+0000] {processor.py:208} INFO - Processing /opt/airflow/dags/weather_dag.py took 0.263 seconds
[2026-08-11T02:14:23.527+0000] {processor.py:186} INFO - Started process (PID=32905) to work on /opt/airflow/dags/weather_dag.py
[2026-08-11T02:14:23.531+0000] {processor.py:914} INFO - Processing file /opt/airflow/dags/weather_dag.py for tasks to queue
[2026-08-11T02:14:23.536+0000] {logging_mixin.py:190} INFO - [2026-08-11T02:14:23.535+0000] {dagbag.py:588} INFO - Filling up the DagBag from /opt/airflow/dags/weather_dag.py
[2026-08-11T02:14:24.201+0000] {processor.py:925} INFO - DAG(s) 'weather_ingestion' retrieved from /opt/airflow/dags/weather_dag.py
[2026-08-11T02:14:24.959+0000] {logging_mixin.py:190} INFO - [2026-08-11T02:14:24.957+0000] {dag.py:3239} INFO - Sync 1 DAGs
[2026-08-11T02:14:25.112+0000] {logging_mixin.py:190} INFO - [2026-08-11T02:14:25.112+0000] {dag.py:4180} INFO - Setting next_dagrun for weather_ingestion to 2026-08-11 02:00:00+00:00, run_after=2026-08-11 03:00:00+00:00
[2026-08-11T02:14:25.253+0000] {processor.py:208} INFO - Processing /opt/airflow/dags/weather_dag.py took 1.755 seconds
[2026-08-11T02:14:55.715+0000] {processor.py:186} INFO - Started process (PID=32912) to work on /opt/airflow/dags/weather_dag.py
[2026-08-11T02:14:55.719+0000] {processor.py:914} INFO - Processing file /opt/airflow/dags/weather_dag.py for tasks to queue
[2026-08-11T02:14:55.723+0000] {logging_mixin.py:190} INFO - [2026-08-11T02:14:55.723+0000] {dagbag.py:588} INFO - Filling up the DagBag from /opt/airflow/dags/weather_dag.py
[2026-08-11T02:14:56.083+0000] {processor.py:925} INFO - DAG(s) 'weather_ingestion' retrieved from /opt/airflow/dags/weather_dag.py
[2026-08-11T02:14:56.100+0000] {logging_mixin.py:190} INFO - [2026-08-11T02:14:56.100+0000] {dag.py:3239} INFO - Sync 1 DAGs
[2026-08-11T02:14:56.114+0000] {logging_mixin.py:190} INFO - [2026-08-11T02:14:56.114+0000] {dag.py:4180} INFO - Setting next_dagrun for weather_ingestion to 2026-08-11 02:00:00+00:00, run_after=2026-08-11 03:00:00+00:00
[2026-08-11T02:14:56.122+0000] {processor.py:208} INFO - Processing /opt/airflow/dags/weather_dag.py took 0.447 seconds
[2026-08-11T02:15:26.311+0000] {processor.py:186} INFO - Started process (PID=32919) to work on /opt/airflow/dags/weather_dag.py
[2026-08-11T02:15:26.313+0000] {processor.py:914} INFO - Processing file /opt/airflow/dags/weather_dag.py for tasks to queue
[2026-08-11T02:15:26.316+0000] {logging_mixin.py:190} INFO - [2026-08-11T02:15:26.315+0000] {dagbag.py:588} INFO - Filling up the DagBag from /opt/airflow/dags/weather_dag.py
[2026-08-11T02:15:26.538+0000] {processor.py:925} INFO - DAG(s) 'weather_ingestion' retrieved from /opt/airflow/dags/weather_dag.py
[2026-08-11T02:15:26.550+0000] {logging_mixin.py:190} INFO - [2026-08-11T02:15:26.550+0000] {dag.py:3239} INFO - Sync 1 DAGs
[2026-08-11T02:15:26.560+0000] {logging_mixin.py:190} INFO - [2026-08-11T02:15:26.560+0000] {dag.py:4180} INFO - Setting next_dagrun for weather_ingestion to 2026-08-11 02:00:00+00:00, run_after=2026-08-11 03:00:00+00:00
[2026-08-11T02:15:26.566+0000] {processor.py:208} INFO - Processing /opt/airflow/dags/weather_dag.py took 0.263 seconds
[2026-08-11T02:15:56.717+0000] {processor.py:186} INFO - Started process (PID=32926) to work on /opt/airflow/dags/weather_dag.py
[2026-08-11T02:15:56.718+0000] {processor.py:914} INFO - Processing file /opt/airflow/dags/weather_dag.py for tasks to queue
[2026-08-11T02:15:56.720+0000] {logging_mixin.py:190} INFO - [2026-08-11T02:15:56.720+0000] {dagbag.py:588} INFO - Filling up the DagBag from /opt/airflow/dags/weather_dag.py
[2026-08-11T02:15:56.933+0000] {processor.py:925} INFO - DAG(s) 'weather_ingestion' retrieved from /opt/airflow/dags/weather_dag.py
[2026-08-11T02:15:56.944+0000] {logging_mixin.py:190} INFO - [2026-08-11T02:15:56.943+0000] {dag.py:3239} INFO - Sync 1 DAGs
[2026-08-11T02:15:56.953+0000] {logging_mixin.py:190} INFO - [2026-08-11T02:15:56.953+0000] {dag.py:4180} INFO - Setting next_dagrun for weather_ingestion to 2026-08-11 02:00:00+00:00, run_after=2026-08-11 03:00:00+00:00
[2026-08-11T02:15:56.959+0000] {processor.py:208} INFO - Processing /opt/airflow/dags/weather_dag.py took 0.249 seconds
[2026-08-11T02:16:27.187+0000] {processor.py:186} INFO - Started process (PID=32933) to work on /opt/airflow/dags/weather_dag.py
[2026-08-11T02:16:27.189+0000] {processor.py:914} INFO - Processing file /opt/airflow/dags/weather_dag.py for tasks to queue
[2026-08-11T02:16:27.193+0000] {logging_mixin.py:190} INFO - [2026-08-11T02:16:27.193+0000] {dagbag.py:588} INFO - Filling up the DagBag from /opt/airflow/dags/weather_dag.py
[2026-08-11T02:16:27.466+0000] {processor.py:925} INFO - DAG(s) 'weather_ingestion' retrieved from /opt/airflow/dags/weather_dag.py
[2026-08-11T02:16:27.481+0000] {logging_mixin.py:190} INFO - [2026-08-11T02:16:27.481+0000] {dag.py:3239} INFO - Sync 1 DAGs
[2026-08-11T02:16:27.496+0000] {logging_mixin.py:190} INFO - [2026-08-11T02:16:27.496+0000] {dag.py:4180} INFO - Setting next_dagrun for weather_ingestion to 2026-08-11 02:00:00+00:00, run_after=2026-08-11 03:00:00+00:00
[2026-08-11T02:16:27.504+0000] {processor.py:208} INFO - Processing /opt/airflow/dags/weather_dag.py took 0.328 seconds
[2026-08-11T02:16:57.572+0000] {processor.py:186} INFO - Started process (PID=32940) to work on /opt/airflow/dags/weather_dag.py
[2026-08-11T02:16:57.574+0000] {processor.py:914} INFO - Processing file /opt/airflow/dags/weather_dag.py for tasks to queue
[2026-08-11T02:16:57.576+0000] {logging_mixin.py:190} INFO - [2026-08-11T02:16:57.576+0000] {dagbag.py:588} INFO - Filling up the DagBag from /opt/airflow/dags/weather_dag.py
[2026-08-11T02:16:57.794+0000] {processor.py:925} INFO - DAG(s) 'weather_ingestion' retrieved from /opt/airflow/dags/weather_dag.py
[2026-08-11T02:16:57.805+0000] {logging_mixin.py:190} INFO - [2026-08-11T02:16:57.805+0000] {dag.py:3239} INFO - Sync 1 DAGs
[2026-08-11T02:16:57.815+0000] {logging_mixin.py:190} INFO - [2026-08-11T02:16:57.815+0000] {dag.py:4180} INFO - Setting next_dagrun for weather_ingestion to 2026-08-11 02:00:00+00:00, run_after=2026-08-11 03:00:00+00:00
[2026-08-11T02:16:57.821+0000] {processor.py:208} INFO - Processing /opt/airflow/dags/weather_dag.py took 0.254 seconds
[2026-08-11T02:17:28.186+0000] {processor.py:186} INFO - Started process (PID=32947) to work on /opt/airflow/dags/weather_dag.py
[2026-08-11T02:17:28.187+0000] {processor.py:914} INFO - Processing file /opt/airflow/dags/weather_dag.py for tasks to queue
[2026-08-11T02:17:28.190+0000] {logging_mixin.py:190} INFO - [2026-08-11T02:17:28.189+0000] {dagbag.py:588} INFO - Filling up the DagBag from /opt/airflow/dags/weather_dag.py
[2026-08-11T02:17:28.411+0000] {processor.py:925} INFO - DAG(s) 'weather_ingestion' retrieved from /opt/airflow/dags/weather_dag.py
[2026-08-11T02:17:28.422+0000] {logging_mixin.py:190} INFO - [2026-08-11T02:17:28.422+0000] {dag.py:3239} INFO - Sync 1 DAGs
[2026-08-11T02:17:28.431+0000] {logging_mixin.py:190} INFO - [2026-08-11T02:17:28.431+0000] {dag.py:4180} INFO - Setting next_dagrun for weather_ingestion to 2026-08-11 02:00:00+00:00, run_after=2026-08-11 03:00:00+00:00
[2026-08-11T02:17:28.438+0000] {processor.py:208} INFO - Processing /opt/airflow/dags/weather_dag.py took 0.258 seconds
[2026-08-11T02:17:58.575+0000] {processor.py:186} INFO - Started process (PID=32954) to work on /opt/airflow/dags/weather_dag.py
[2026-08-11T02:17:58.577+0000] {processor.py:914} INFO - Processing file /opt/airflow/dags/weather_dag.py for tasks to queue
[2026-08-11T02:17:58.581+0000] {logging_mixin.py:190} INFO - [2026-08-11T02:17:58.580+0000] {dagbag.py:588} INFO - Filling up the DagBag from /opt/airflow/dags/weather_dag.py
[2026-08-11T02:17:58.801+0000] {processor.py:925} INFO - DAG(s) 'weather_ingestion' retrieved from /opt/airflow/dags/weather_dag.py
[2026-08-11T02:17:58.812+0000] {logging_mixin.py:190} INFO - [2026-08-11T02:17:58.812+0000] {dag.py:3239} INFO - Sync 1 DAGs
[2026-08-11T02:17:58.822+0000] {logging_mixin.py:190} INFO - [2026-08-11T02:17:58.822+0000] {dag.py:4180} INFO - Setting next_dagrun for weather_ingestion to 2026-08-11 02:00:00+00:00, run_after=2026-08-11 03:00:00+00:00
[2026-08-11T02:17:58.828+0000] {processor.py:208} INFO - Processing /opt/airflow/dags/weather_dag.py took 0.260 seconds
[2026-08-11T02:18:29.032+0000] {processor.py:186} INFO - Started process (PID=32961) to work on /opt/airflow/dags/weather_dag.py
[2026-08-11T02:18:29.035+0000] {processor.py:914} INFO - Processing file /opt/airflow/dags/weather_dag.py for tasks to queue
[2026-08-11T02:18:29.038+0000] {logging_mixin.py:190} INFO - [2026-08-11T02:18:29.038+0000] {dagbag.py:588} INFO - Filling up the DagBag from /opt/airflow/dags/weather_dag.py
[2026-08-11T02:18:29.258+0000] {processor.py:925} INFO - DAG(s) 'weather_ingestion' retrieved from /opt/airflow/dags/weather_dag.py
[2026-08-11T02:18:29.270+0000] {logging_mixin.py:190} INFO - [2026-08-11T02:18:29.270+0000] {dag.py:3239} INFO - Sync 1 DAGs
[2026-08-11T02:18:29.281+0000] {logging_mixin.py:190} INFO - [2026-08-11T02:18:29.281+0000] {dag.py:4180} INFO - Setting next_dagrun for weather_ingestion to 2026-08-11 02:00:00+00:00, run_after=2026-08-11 03:00:00+00:00
[2026-08-11T02:18:29.291+0000] {processor.py:208} INFO - Processing /opt/airflow/dags/weather_dag.py took 0.267 seconds
[2026-08-11T02:18:59.429+0000] {processor.py:186} INFO - Started process (PID=32968) to work on /opt/airflow/dags/weather_dag.py
[2026-08-11T02:18:59.431+0000] {processor.py:914} INFO - Processing file /opt/airflow/dags/weather_dag.py for tasks to queue
[2026-08-11T02:18:59.435+0000] {logging_mixin.py:190} INFO - [2026-08-11T02:18:59.434+0000] {dagbag.py:588} INFO - Filling up the DagBag from /opt/airflow/dags/weather_dag.py
[2026-08-11T02:18:59.678+0000] {processor.py:925} INFO - DAG(s) 'weather_ingestion' retrieved from /opt/airflow/dags/weather_dag.py
[2026-08-11T02:18:59.690+0000] {logging_mixin.py:190} INFO - [2026-08-11T02:18:59.690+0000] {dag.py:3239} INFO - Sync 1 DAGs
[2026-08-11T02:18:59.699+0000] {logging_mixin.py:190} INFO - [2026-08-11T02:18:59.699+0000] {dag.py:4180} INFO - Setting next_dagrun for weather_ingestion to 2026-08-11 02:00:00+00:00, run_after=2026-08-11 03:00:00+00:00
[2026-08-11T02:18:59.705+0000] {processor.py:208} INFO - Processing /opt/airflow/dags/weather_dag.py took 0.286 seconds
[2026-08-11T02:19:29.973+0000] {processor.py:186} INFO - Started process (PID=32975) to work on /opt/airflow/dags/weather_dag.py
[2026-08-11T02:19:29.975+0000] {processor.py:914} INFO - Processing file /opt/airflow/dags/weather_dag.py for tasks to queue
[2026-08-11T02:19:29.978+0000] {logging_mixin.py:190} INFO - [2026-08-11T02:19:29.977+0000] {dagbag.py:588} INFO - Filling up the DagBag from /opt/airflow/dags/weather_dag.py
[2026-08-11T02:19:30.280+0000] {processor.py:925} INFO - DAG(s) 'weather_ingestion' retrieved from /opt/airflow/dags/weather_dag.py
[2026-08-11T02:19:30.296+0000] {logging_mixin.py:190} INFO - [2026-08-11T02:19:30.296+0000] {dag.py:3239} INFO - Sync 1 DAGs
[2026-08-11T02:19:30.308+0000] {logging_mixin.py:190} INFO - [2026-08-11T02:19:30.308+0000] {dag.py:4180} INFO - Setting next_dagrun for weather_ingestion to 2026-08-11 02:00:00+00:00, run_after=2026-08-11 03:00:00+00:00
[2026-08-11T02:19:30.316+0000] {processor.py:208} INFO - Processing /opt/airflow/dags/weather_dag.py took 0.355 seconds
[2026-08-11T02:20:00.358+0000] {processor.py:186} INFO - Started process (PID=32982) to work on /opt/airflow/dags/weather_dag.py
[2026-08-11T02:20:00.360+0000] {processor.py:914} INFO - Processing file /opt/airflow/dags/weather_dag.py for tasks to queue
[2026-08-11T02:20:00.362+0000] {logging_mixin.py:190} INFO - [2026-08-11T02:20:00.362+0000] {dagbag.py:588} INFO - Filling up the DagBag from /opt/airflow/dags/weather_dag.py
[2026-08-11T02:20:00.594+0000] {processor.py:925} INFO - DAG(s) 'weather_ingestion' retrieved from /opt/airflow/dags/weather_dag.py
[2026-08-11T02:20:00.606+0000] {logging_mixin.py:190} INFO - [2026-08-11T02:20:00.606+0000] {dag.py:3239} INFO - Sync 1 DAGs
[2026-08-11T02:20:00.616+0000] {logging_mixin.py:190} INFO - [2026-08-11T02:20:00.616+0000] {dag.py:4180} INFO - Setting next_dagrun for weather_ingestion to 2026-08-11 02:00:00+00:00, run_after=2026-08-11 03:00:00+00:00
[2026-08-11T02:20:00.622+0000] {processor.py:208} INFO - Processing /opt/airflow/dags/weather_dag.py took 0.271 seconds
[2026-08-11T02:20:31.024+0000] {processor.py:186} INFO - Started process (PID=32989) to work on /opt/airflow/dags/weather_dag.py
[2026-08-11T02:20:31.026+0000] {processor.py:914} INFO - Processing file /opt/airflow/dags/weather_dag.py for tasks to queue
[2026-08-11T02:20:31.029+0000] {logging_mixin.py:190} INFO - [2026-08-11T02:20:31.029+0000] {dagbag.py:588} INFO - Filling up the DagBag from /opt/airflow/dags/weather_dag.py
[2026-08-11T02:20:31.264+0000] {processor.py:925} INFO - DAG(s) 'weather_ingestion' retrieved from /opt/airflow/dags/weather_dag.py
[2026-08-11T02:20:31.277+0000] {logging_mixin.py:190} INFO - [2026-08-11T02:20:31.277+0000] {dag.py:3239} INFO - Sync 1 DAGs
[2026-08-11T02:20:31.296+0000] {logging_mixin.py:190} INFO - [2026-08-11T02:20:31.296+0000] {dag.py:4180} INFO - Setting next_dagrun for weather_ingestion to 2026-08-11 02:00:00+00:00, run_after=2026-08-11 03:00:00+00:00
[2026-08-11T02:20:31.304+0000] {processor.py:208} INFO - Processing /opt/airflow/dags/weather_dag.py took 0.291 seconds
[2026-08-11T02:21:01.699+0000] {processor.py:186} INFO - Started process (PID=32996) to work on /opt/airflow/dags/weather_dag.py
[2026-08-11T02:21:01.701+0000] {processor.py:914} INFO - Processing file /opt/airflow/dags/weather_dag.py for tasks to queue
[2026-08-11T02:21:01.704+0000] {logging_mixin.py:190} INFO - [2026-08-11T02:21:01.703+0000] {dagbag.py:588} INFO - Filling up the DagBag from /opt/airflow/dags/weather_dag.py
[2026-08-11T02:21:01.929+0000] {processor.py:925} INFO - DAG(s) 'weather_ingestion' retrieved from /opt/airflow/dags/weather_dag.py
[2026-08-11T02:21:01.941+0000] {logging_mixin.py:190} INFO - [2026-08-11T02:21:01.941+0000] {dag.py:3239} INFO - Sync 1 DAGs
[2026-08-11T02:21:01.951+0000] {logging_mixin.py:190} INFO - [2026-08-11T02:21:01.951+0000] {dag.py:4180} INFO - Setting next_dagrun for weather_ingestion to 2026-08-11 02:00:00+00:00, run_after=2026-08-11 03:00:00+00:00
[2026-08-11T02:21:01.957+0000] {processor.py:208} INFO - Processing /opt/airflow/dags/weather_dag.py took 0.267 seconds
[2026-08-11T02:21:32.020+0000] {processor.py:186} INFO - Started process (PID=33003) to work on /opt/airflow/dags/weather_dag.py
[2026-08-11T02:21:32.021+0000] {processor.py:914} INFO - Processing file /opt/airflow/dags/weather_dag.py for tasks to queue
[2026-08-11T02:21:32.024+0000] {logging_mixin.py:190} INFO - [2026-08-11T02:21:32.023+0000] {dagbag.py:588} INFO - Filling up the DagBag from /opt/airflow/dags/weather_dag.py
[2026-08-11T02:21:32.266+0000] {processor.py:925} INFO - DAG(s) 'weather_ingestion' retrieved from /opt/airflow/dags/weather_dag.py
[2026-08-11T02:21:32.279+0000] {logging_mixin.py:190} INFO - [2026-08-11T02:21:32.279+0000] {dag.py:3239} INFO - Sync 1 DAGs
[2026-08-11T02:21:32.291+0000] {logging_mixin.py:190} INFO - [2026-08-11T02:21:32.291+0000] {dag.py:4180} INFO - Setting next_dagrun for weather_ingestion to 2026-08-11 02:00:00+00:00, run_after=2026-08-11 03:00:00+00:00
[2026-08-11T02:21:32.298+0000] {processor.py:208} INFO - Processing /opt/airflow/dags/weather_dag.py took 0.284 seconds
[2026-08-11T02:22:02.603+0000] {processor.py:186} INFO - Started process (PID=33010) to work on /opt/airflow/dags/weather_dag.py
[2026-08-11T02:22:02.605+0000] {processor.py:914} INFO - Processing file /opt/airflow/dags/weather_dag.py for tasks to queue
[2026-08-11T02:22:02.608+0000] {logging_mixin.py:190} INFO - [2026-08-11T02:22:02.608+0000] {dagbag.py:588} INFO - Filling up the DagBag from /opt/airflow/dags/weather_dag.py
[2026-08-11T02:22:02.815+0000] {processor.py:925} INFO - DAG(s) 'weather_ingestion' retrieved from /opt/airflow/dags/weather_dag.py
[2026-08-11T02:22:02.828+0000] {logging_mixin.py:190} INFO - [2026-08-11T02:22:02.828+0000] {dag.py:3239} INFO - Sync 1 DAGs
[2026-08-11T02:22:02.838+0000] {logging_mixin.py:190} INFO - [2026-08-11T02:22:02.838+0000] {dag.py:4180} INFO - Setting next_dagrun for weather_ingestion to 2026-08-11 02:00:00+00:00, run_after=2026-08-11 03:00:00+00:00
[2026-08-11T02:22:02.845+0000] {processor.py:208} INFO - Processing /opt/airflow/dags/weather_dag.py took 0.247 seconds
[2026-08-11T02:22:32.994+0000] {processor.py:186} INFO - Started process (PID=33017) to work on /opt/airflow/dags/weather_dag.py
[2026-08-11T02:22:32.996+0000] {processor.py:914} INFO - Processing file /opt/airflow/dags/weather_dag.py for tasks to queue
[2026-08-11T02:22:33.000+0000] {logging_mixin.py:190} INFO - [2026-08-11T02:22:32.999+0000] {dagbag.py:588} INFO - Filling up the DagBag from /opt/airflow/dags/weather_dag.py
[2026-08-11T02:22:33.222+0000] {processor.py:925} INFO - DAG(s) 'weather_ingestion' retrieved from /opt/airflow/dags/weather_dag.py
[2026-08-11T02:22:33.234+0000] {logging_mixin.py:190} INFO - [2026-08-11T02:22:33.234+0000] {dag.py:3239} INFO - Sync 1 DAGs
[2026-08-11T02:22:33.243+0000] {logging_mixin.py:190} INFO - [2026-08-11T02:22:33.243+0000] {dag.py:4180} INFO - Setting next_dagrun for weather_ingestion to 2026-08-11 02:00:00+00:00, run_after=2026-08-11 03:00:00+00:00
[2026-08-11T02:22:33.250+0000] {processor.py:208} INFO - Processing /opt/airflow/dags/weather_dag.py took 0.265 seconds
[2026-08-11T02:23:03.458+0000] {processor.py:186} INFO - Started process (PID=33024) to work on /opt/airflow/dags/weather_dag.py
[2026-08-11T02:23:03.460+0000] {processor.py:914} INFO - Processing file /opt/airflow/dags/weather_dag.py for tasks to queue
[2026-08-11T02:23:03.464+0000] {logging_mixin.py:190} INFO - [2026-08-11T02:23:03.463+0000] {dagbag.py:588} INFO - Filling up the DagBag from /opt/airflow/dags/weather_dag.py
[2026-08-11T02:23:03.690+0000] {processor.py:925} INFO - DAG(s) 'weather_ingestion' retrieved from /opt/airflow/dags/weather_dag.py
[2026-08-11T02:23:03.701+0000] {logging_mixin.py:190} INFO - [2026-08-11T02:23:03.701+0000] {dag.py:3239} INFO - Sync 1 DAGs
[2026-08-11T02:23:03.710+0000] {logging_mixin.py:190} INFO - [2026-08-11T02:23:03.710+0000] {dag.py:4180} INFO - Setting next_dagrun for weather_ingestion to 2026-08-11 02:00:00+00:00, run_after=2026-08-11 03:00:00+00:00
[2026-08-11T02:23:03.717+0000] {processor.py:208} INFO - Processing /opt/airflow/dags/weather_dag.py took 0.269 seconds
[2026-08-11T02:23:33.944+0000] {processor.py:186} INFO - Started process (PID=33031) to work on /opt/airflow/dags/weather_dag.py
[2026-08-11T02:23:33.948+0000] {processor.py:914} INFO - Processing file /opt/airflow/dags/weather_dag.py for tasks to queue
[2026-08-11T02:23:33.951+0000] {logging_mixin.py:190} INFO - [2026-08-11T02:23:33.951+0000] {dagbag.py:588} INFO - Filling up the DagBag from /opt/airflow/dags/weather_dag.py
[2026-08-11T02:23:34.266+0000] {processor.py:925} INFO - DAG(s) 'weather_ingestion' retrieved from /opt/airflow/dags/weather_dag.py
[2026-08-11T02:23:34.285+0000] {logging_mixin.py:190} INFO - [2026-08-11T02:23:34.285+0000] {dag.py:3239} INFO - Sync 1 DAGs
[2026-08-11T02:23:34.301+0000] {logging_mixin.py:190} INFO - [2026-08-11T02:23:34.301+0000] {dag.py:4180} INFO - Setting next_dagrun for weather_ingestion to 2026-08-11 02:00:00+00:00, run_after=2026-08-11 03:00:00+00:00
[2026-08-11T02:23:34.310+0000] {processor.py:208} INFO - Processing /opt/airflow/dags/weather_dag.py took 0.379 seconds
[2026-08-11T02:24:04.386+0000] {processor.py:186} INFO - Started process (PID=33038) to work on /opt/airflow/dags/weather_dag.py
[2026-08-11T02:24:04.389+0000] {processor.py:914} INFO - Processing file /opt/airflow/dags/weather_dag.py for tasks to queue
[2026-08-11T02:24:04.392+0000] {logging_mixin.py:190} INFO - [2026-08-11T02:24:04.392+0000] {dagbag.py:588} INFO - Filling up the DagBag from /opt/airflow/dags/weather_dag.py
[2026-08-11T02:24:04.624+0000] {processor.py:925} INFO - DAG(s) 'weather_ingestion' retrieved from /opt/airflow/dags/weather_dag.py
[2026-08-11T02:24:04.635+0000] {logging_mixin.py:190} INFO - [2026-08-11T02:24:04.635+0000] {dag.py:3239} INFO - Sync 1 DAGs
[2026-08-11T02:24:04.645+0000] {logging_mixin.py:190} INFO - [2026-08-11T02:24:04.645+0000] {dag.py:4180} INFO - Setting next_dagrun for weather_ingestion to 2026-08-11 02:00:00+00:00, run_after=2026-08-11 03:00:00+00:00
[2026-08-11T02:24:04.652+0000] {processor.py:208} INFO - Processing /opt/airflow/dags/weather_dag.py took 0.276 seconds
[2026-08-11T02:24:34.922+0000] {processor.py:186} INFO - Started process (PID=33045) to work on /opt/airflow/dags/weather_dag.py
[2026-08-11T02:24:34.925+0000] {processor.py:914} INFO - Processing file /opt/airflow/dags/weather_dag.py for tasks to queue
[2026-08-11T02:24:34.930+0000] {logging_mixin.py:190} INFO - [2026-08-11T02:24:34.929+0000] {dagbag.py:588} INFO - Filling up the DagBag from /opt/airflow/dags/weather_dag.py
[2026-08-11T02:24:35.259+0000] {processor.py:925} INFO - DAG(s) 'weather_ingestion' retrieved from /opt/airflow/dags/weather_dag.py
[2026-08-11T02:24:35.276+0000] {logging_mixin.py:190} INFO - [2026-08-11T02:24:35.276+0000] {dag.py:3239} INFO - Sync 1 DAGs
[2026-08-11T02:24:35.290+0000] {logging_mixin.py:190} INFO - [2026-08-11T02:24:35.290+0000] {dag.py:4180} INFO - Setting next_dagrun for weather_ingestion to 2026-08-11 02:00:00+00:00, run_after=2026-08-11 03:00:00+00:00
[2026-08-11T02:24:35.298+0000] {processor.py:208} INFO - Processing /opt/airflow/dags/weather_dag.py took 0.387 seconds
[2026-08-11T02:25:05.613+0000] {processor.py:186} INFO - Started process (PID=33052) to work on /opt/airflow/dags/weather_dag.py
[2026-08-11T02:25:05.616+0000] {processor.py:914} INFO - Processing file /opt/airflow/dags/weather_dag.py for tasks to queue
[2026-08-11T02:25:05.620+0000] {logging_mixin.py:190} INFO - [2026-08-11T02:25:05.620+0000] {dagbag.py:588} INFO - Filling up the DagBag from /opt/airflow/dags/weather_dag.py
[2026-08-11T02:25:05.829+0000] {processor.py:925} INFO - DAG(s) 'weather_ingestion' retrieved from /opt/airflow/dags/weather_dag.py
[2026-08-11T02:25:05.843+0000] {logging_mixin.py:190} INFO - [2026-08-11T02:25:05.843+0000] {dag.py:3239} INFO - Sync 1 DAGs
[2026-08-11T02:25:05.852+0000] {logging_mixin.py:190} INFO - [2026-08-11T02:25:05.852+0000] {dag.py:4180} INFO - Setting next_dagrun for weather_ingestion to 2026-08-11 02:00:00+00:00, run_after=2026-08-11 03:00:00+00:00
[2026-08-11T02:25:05.858+0000] {processor.py:208} INFO - Processing /opt/airflow/dags/weather_dag.py took 0.254 seconds
[2026-08-11T02:25:35.924+0000] {processor.py:186} INFO - Started process (PID=33059) to work on /opt/airflow/dags/weather_dag.py
[2026-08-11T02:25:35.925+0000] {processor.py:914} INFO - Processing file /opt/airflow/dags/weather_dag.py for tasks to queue
[2026-08-11T02:25:35.928+0000] {logging_mixin.py:190} INFO - [2026-08-11T02:25:35.928+0000] {dagbag.py:588} INFO - Filling up the DagBag from /opt/airflow/dags/weather_dag.py
[2026-08-11T02:25:36.175+0000] {processor.py:925} INFO - DAG(s) 'weather_ingestion' retrieved from /opt/airflow/dags/weather_dag.py
[2026-08-11T02:25:36.187+0000] {logging_mixin.py:190} INFO - [2026-08-11T02:25:36.187+0000] {dag.py:3239} INFO - Sync 1 DAGs
[2026-08-11T02:25:36.197+0000] {logging_mixin.py:190} INFO - [2026-08-11T02:25:36.197+0000] {dag.py:4180} INFO - Setting next_dagrun for weather_ingestion to 2026-08-11 02:00:00+00:00, run_after=2026-08-11 03:00:00+00:00
[2026-08-11T02:25:36.204+0000] {processor.py:208} INFO - Processing /opt/airflow/dags/weather_dag.py took 0.287 seconds
[2026-08-11T02:26:06.473+0000] {processor.py:186} INFO - Started process (PID=33066) to work on /opt/airflow/dags/weather_dag.py
[2026-08-11T02:26:06.475+0000] {processor.py:914} INFO - Processing file /opt/airflow/dags/weather_dag.py for tasks to queue
[2026-08-11T02:26:06.477+0000] {logging_mixin.py:190} INFO - [2026-08-11T02:26:06.477+0000] {dagbag.py:588} INFO - Filling up the DagBag from /opt/airflow/dags/weather_dag.py
[2026-08-11T02:26:06.705+0000] {processor.py:925} INFO - DAG(s) 'weather_ingestion' retrieved from /opt/airflow/dags/weather_dag.py
[2026-08-11T02:26:06.718+0000] {logging_mixin.py:190} INFO - [2026-08-11T02:26:06.718+0000] {dag.py:3239} INFO - Sync 1 DAGs
[2026-08-11T02:26:06.730+0000] {logging_mixin.py:190} INFO - [2026-08-11T02:26:06.730+0000] {dag.py:4180} INFO - Setting next_dagrun for weather_ingestion to 2026-08-11 02:00:00+00:00, run_after=2026-08-11 03:00:00+00:00
[2026-08-11T02:26:06.737+0000] {processor.py:208} INFO - Processing /opt/airflow/dags/weather_dag.py took 0.273 seconds
[2026-08-11T02:26:36.856+0000] {processor.py:186} INFO - Started process (PID=33073) to work on /opt/airflow/dags/weather_dag.py
[2026-08-11T02:26:36.858+0000] {processor.py:914} INFO - Processing file /opt/airflow/dags/weather_dag.py for tasks to queue
[2026-08-11T02:26:36.860+0000] {logging_mixin.py:190} INFO - [2026-08-11T02:26:36.860+0000] {dagbag.py:588} INFO - Filling up the DagBag from /opt/airflow/dags/weather_dag.py
[2026-08-11T02:26:37.085+0000] {processor.py:925} INFO - DAG(s) 'weather_ingestion' retrieved from /opt/airflow/dags/weather_dag.py
[2026-08-11T02:26:37.097+0000] {logging_mixin.py:190} INFO - [2026-08-11T02:26:37.097+0000] {dag.py:3239} INFO - Sync 1 DAGs
[2026-08-11T02:26:37.107+0000] {logging_mixin.py:190} INFO - [2026-08-11T02:26:37.107+0000] {dag.py:4180} INFO - Setting next_dagrun for weather_ingestion to 2026-08-11 02:00:00+00:00, run_after=2026-08-11 03:00:00+00:00
[2026-08-11T02:26:37.114+0000] {processor.py:208} INFO - Processing /opt/airflow/dags/weather_dag.py took 0.264 seconds
[2026-08-11T02:27:07.395+0000] {processor.py:186} INFO - Started process (PID=33080) to work on /opt/airflow/dags/weather_dag.py
[2026-08-11T02:27:07.397+0000] {processor.py:914} INFO - Processing file /opt/airflow/dags/weather_dag.py for tasks to queue
[2026-08-11T02:27:07.400+0000] {logging_mixin.py:190} INFO - [2026-08-11T02:27:07.400+0000] {dagbag.py:588} INFO - Filling up the DagBag from /opt/airflow/dags/weather_dag.py
[2026-08-11T02:27:07.647+0000] {processor.py:925} INFO - DAG(s) 'weather_ingestion' retrieved from /opt/airflow/dags/weather_dag.py
[2026-08-11T02:27:07.659+0000] {logging_mixin.py:190} INFO - [2026-08-11T02:27:07.659+0000] {dag.py:3239} INFO - Sync 1 DAGs
[2026-08-11T02:27:07.669+0000] {logging_mixin.py:190} INFO - [2026-08-11T02:27:07.669+0000] {dag.py:4180} INFO - Setting next_dagrun for weather_ingestion to 2026-08-11 02:00:00+00:00, run_after=2026-08-11 03:00:00+00:00
[2026-08-11T02:27:07.676+0000] {processor.py:208} INFO - Processing /opt/airflow/dags/weather_dag.py took 0.291 seconds
[2026-08-11T02:27:37.809+0000] {processor.py:186} INFO - Started process (PID=33087) to work on /opt/airflow/dags/weather_dag.py
[2026-08-11T02:27:37.812+0000] {processor.py:914} INFO - Processing file /opt/airflow/dags/weather_dag.py for tasks to queue
[2026-08-11T02:27:37.818+0000] {logging_mixin.py:190} INFO - [2026-08-11T02:27:37.817+0000] {dagbag.py:588} INFO - Filling up the DagBag from /opt/airflow/dags/weather_dag.py
[2026-08-11T02:27:38.188+0000] {processor.py:925} INFO - DAG(s) 'weather_ingestion' retrieved from /opt/airflow/dags/weather_dag.py
[2026-08-11T02:27:38.227+0000] {logging_mixin.py:190} INFO - [2026-08-11T02:27:38.226+0000] {dag.py:3239} INFO - Sync 1 DAGs
[2026-08-11T02:27:38.242+0000] {logging_mixin.py:190} INFO - [2026-08-11T02:27:38.242+0000] {dag.py:4180} INFO - Setting next_dagrun for weather_ingestion to 2026-08-11 02:00:00+00:00, run_after=2026-08-11 03:00:00+00:00
[2026-08-11T02:27:38.251+0000] {processor.py:208} INFO - Processing /opt/airflow/dags/weather_dag.py took 0.461 seconds
[2026-08-11T02:28:08.350+0000] {processor.py:186} INFO - Started process (PID=33094) to work on /opt/airflow/dags/weather_dag.py
[2026-08-11T02:28:08.351+0000] {processor.py:914} INFO - Processing file /opt/airflow/dags/weather_dag.py for tasks to queue
[2026-08-11T02:28:08.353+0000] {logging_mixin.py:190} INFO - [2026-08-11T02:28:08.353+0000] {dagbag.py:588} INFO - Filling up the DagBag from /opt/airflow/dags/weather_dag.py
[2026-08-11T02:28:08.559+0000] {processor.py:925} INFO - DAG(s) 'weather_ingestion' retrieved from /opt/airflow/dags/weather_dag.py
[2026-08-11T02:28:08.570+0000] {logging_mixin.py:190} INFO - [2026-08-11T02:28:08.570+0000] {dag.py:3239} INFO - Sync 1 DAGs
[2026-08-11T02:28:08.579+0000] {logging_mixin.py:190} INFO - [2026-08-11T02:28:08.579+0000] {dag.py:4180} INFO - Setting next_dagrun for weather_ingestion to 2026-08-11 02:00:00+00:00, run_after=2026-08-11 03:00:00+00:00
[2026-08-11T02:28:08.586+0000] {processor.py:208} INFO - Processing /opt/airflow/dags/weather_dag.py took 0.242 seconds
[2026-08-11T02:28:38.985+0000] {processor.py:186} INFO - Started process (PID=33101) to work on /opt/airflow/dags/weather_dag.py
[2026-08-11T02:28:38.987+0000] {processor.py:914} INFO - Processing file /opt/airflow/dags/weather_dag.py for tasks to queue
[2026-08-11T02:28:38.991+0000] {logging_mixin.py:190} INFO - [2026-08-11T02:28:38.991+0000] {dagbag.py:588} INFO - Filling up the DagBag from /opt/airflow/dags/weather_dag.py
[2026-08-11T02:28:39.247+0000] {processor.py:925} INFO - DAG(s) 'weather_ingestion' retrieved from /opt/airflow/dags/weather_dag.py
[2026-08-11T02:28:39.260+0000] {logging_mixin.py:190} INFO - [2026-08-11T02:28:39.260+0000] {dag.py:3239} INFO - Sync 1 DAGs
[2026-08-11T02:28:39.269+0000] {logging_mixin.py:190} INFO - [2026-08-11T02:28:39.269+0000] {dag.py:4180} INFO - Setting next_dagrun for weather_ingestion to 2026-08-11 02:00:00+00:00, run_after=2026-08-11 03:00:00+00:00
[2026-08-11T02:28:39.275+0000] {processor.py:208} INFO - Processing /opt/airflow/dags/weather_dag.py took 0.301 seconds
[2026-08-11T02:29:09.344+0000] {processor.py:186} INFO - Started process (PID=33108) to work on /opt/airflow/dags/weather_dag.py
[2026-08-11T02:29:09.346+0000] {processor.py:914} INFO - Processing file /opt/airflow/dags/weather_dag.py for tasks to queue
[2026-08-11T02:29:09.348+0000] {logging_mixin.py:190} INFO - [2026-08-11T02:29:09.348+0000] {dagbag.py:588} INFO - Filling up the DagBag from /opt/airflow/dags/weather_dag.py
[2026-08-11T02:29:09.574+0000] {processor.py:925} INFO - DAG(s) 'weather_ingestion' retrieved from /opt/airflow/dags/weather_dag.py
[2026-08-11T02:29:09.589+0000] {logging_mixin.py:190} INFO - [2026-08-11T02:29:09.589+0000] {dag.py:3239} INFO - Sync 1 DAGs
[2026-08-11T02:29:09.601+0000] {logging_mixin.py:190} INFO - [2026-08-11T02:29:09.601+0000] {dag.py:4180} INFO - Setting next_dagrun for weather_ingestion to 2026-08-11 02:00:00+00:00, run_after=2026-08-11 03:00:00+00:00
[2026-08-11T02:29:09.610+0000] {processor.py:208} INFO - Processing /opt/airflow/dags/weather_dag.py took 0.273 seconds
[2026-08-11T02:29:40.091+0000] {processor.py:186} INFO - Started process (PID=33115) to work on /opt/airflow/dags/weather_dag.py
[2026-08-11T02:29:40.093+0000] {processor.py:914} INFO - Processing file /opt/airflow/dags/weather_dag.py for tasks to queue
[2026-08-11T02:29:40.098+0000] {logging_mixin.py:190} INFO - [2026-08-11T02:29:40.098+0000] {dagbag.py:588} INFO - Filling up the DagBag from /opt/airflow/dags/weather_dag.py
[2026-08-11T02:29:40.476+0000] {processor.py:925} INFO - DAG(s) 'weather_ingestion' retrieved from /opt/airflow/dags/weather_dag.py
[2026-08-11T02:29:40.520+0000] {logging_mixin.py:190} INFO - [2026-08-11T02:29:40.520+0000] {dag.py:3239} INFO - Sync 1 DAGs
[2026-08-11T02:29:40.536+0000] {logging_mixin.py:190} INFO - [2026-08-11T02:29:40.536+0000] {dag.py:4180} INFO - Setting next_dagrun for weather_ingestion to 2026-08-11 02:00:00+00:00, run_after=2026-08-11 03:00:00+00:00
[2026-08-11T02:29:40.545+0000] {processor.py:208} INFO - Processing /opt/airflow/dags/weather_dag.py took 0.492 seconds
[2026-08-11T02:30:10.950+0000] {processor.py:186} INFO - Started process (PID=33122) to work on /opt/airflow/dags/weather_dag.py
[2026-08-11T02:30:10.952+0000] {processor.py:914} INFO - Processing file /opt/airflow/dags/weather_dag.py for tasks to queue
[2026-08-11T02:30:10.954+0000] {logging_mixin.py:190} INFO - [2026-08-11T02:30:10.954+0000] {dagbag.py:588} INFO - Filling up the DagBag from /opt/airflow/dags/weather_dag.py
[2026-08-11T02:30:11.255+0000] {processor.py:925} INFO - DAG(s) 'weather_ingestion' retrieved from /opt/airflow/dags/weather_dag.py
[2026-08-11T02:30:11.269+0000] {logging_mixin.py:190} INFO - [2026-08-11T02:30:11.269+0000] {dag.py:3239} INFO - Sync 1 DAGs
[2026-08-11T02:30:11.280+0000] {logging_mixin.py:190} INFO - [2026-08-11T02:30:11.279+0000] {dag.py:4180} INFO - Setting next_dagrun for weather_ingestion to 2026-08-11 02:00:00+00:00, run_after=2026-08-11 03:00:00+00:00
[2026-08-11T02:30:11.286+0000] {processor.py:208} INFO - Processing /opt/airflow/dags/weather_dag.py took 0.344 seconds
[2026-08-11T02:30:41.346+0000] {processor.py:186} INFO - Started process (PID=33129) to work on /opt/airflow/dags/weather_dag.py
[2026-08-11T02:30:41.348+0000] {processor.py:914} INFO - Processing file /opt/airflow/dags/weather_dag.py for tasks to queue
[2026-08-11T02:30:41.352+0000] {logging_mixin.py:190} INFO - [2026-08-11T02:30:41.351+0000] {dagbag.py:588} INFO - Filling up the DagBag from /opt/airflow/dags/weather_dag.py
[2026-08-11T02:30:41.624+0000] {processor.py:925} INFO - DAG(s) 'weather_ingestion' retrieved from /opt/airflow/dags/weather_dag.py
[2026-08-11T02:30:41.642+0000] {logging_mixin.py:190} INFO - [2026-08-11T02:30:41.642+0000] {dag.py:3239} INFO - Sync 1 DAGs
[2026-08-11T02:30:41.655+0000] {logging_mixin.py:190} INFO - [2026-08-11T02:30:41.654+0000] {dag.py:4180} INFO - Setting next_dagrun for weather_ingestion to 2026-08-11 02:00:00+00:00, run_after=2026-08-11 03:00:00+00:00
[2026-08-11T02:30:41.663+0000] {processor.py:208} INFO - Processing /opt/airflow/dags/weather_dag.py took 0.329 seconds
[2026-08-11T02:31:12.077+0000] {processor.py:186} INFO - Started process (PID=33136) to work on /opt/airflow/dags/weather_dag.py
[2026-08-11T02:31:12.079+0000] {processor.py:914} INFO - Processing file /opt/airflow/dags/weather_dag.py for tasks to queue
[2026-08-11T02:31:12.081+0000] {logging_mixin.py:190} INFO - [2026-08-11T02:31:12.081+0000] {dagbag.py:588} INFO - Filling up the DagBag from /opt/airflow/dags/weather_dag.py
[2026-08-11T02:31:12.307+0000] {processor.py:925} INFO - DAG(s) 'weather_ingestion' retrieved from /opt/airflow/dags/weather_dag.py
[2026-08-11T02:31:12.319+0000] {logging_mixin.py:190} INFO - [2026-08-11T02:31:12.319+0000] {dag.py:3239} INFO - Sync 1 DAGs
[2026-08-11T02:31:12.330+0000] {logging_mixin.py:190} INFO - [2026-08-11T02:31:12.330+0000] {dag.py:4180} INFO - Setting next_dagrun for weather_ingestion to 2026-08-11 02:00:00+00:00, run_after=2026-08-11 03:00:00+00:00
[2026-08-11T02:31:12.336+0000] {processor.py:208} INFO - Processing /opt/airflow/dags/weather_dag.py took 0.266 seconds
[2026-08-11T02:31:42.455+0000] {processor.py:186} INFO - Started process (PID=33143) to work on /opt/airflow/dags/weather_dag.py
[2026-08-11T02:31:42.457+0000] {processor.py:914} INFO - Processing file /opt/airflow/dags/weather_dag.py for tasks to queue
[2026-08-11T02:31:42.459+0000] {logging_mixin.py:190} INFO - [2026-08-11T02:31:42.458+0000] {dagbag.py:588} INFO - Filling up the DagBag from /opt/airflow/dags/weather_dag.py
[2026-08-11T02:31:42.673+0000] {processor.py:925} INFO - DAG(s) 'weather_ingestion' retrieved from /opt/airflow/dags/weather_dag.py
[2026-08-11T02:31:42.686+0000] {logging_mixin.py:190} INFO - [2026-08-11T02:31:42.686+0000] {dag.py:3239} INFO - Sync 1 DAGs
[2026-08-11T02:31:42.696+0000] {logging_mixin.py:190} INFO - [2026-08-11T02:31:42.696+0000] {dag.py:4180} INFO - Setting next_dagrun for weather_ingestion to 2026-08-11 02:00:00+00:00, run_after=2026-08-11 03:00:00+00:00
[2026-08-11T02:31:42.704+0000] {processor.py:208} INFO - Processing /opt/airflow/dags/weather_dag.py took 0.257 seconds
[2026-08-11T02:32:13.070+0000] {processor.py:186} INFO - Started process (PID=33150) to work on /opt/airflow/dags/weather_dag.py
[2026-08-11T02:32:13.072+0000] {processor.py:914} INFO - Processing file /opt/airflow/dags/weather_dag.py for tasks to queue
[2026-08-11T02:32:13.075+0000] {logging_mixin.py:190} INFO - [2026-08-11T02:32:13.074+0000] {dagbag.py:588} INFO - Filling up the DagBag from /opt/airflow/dags/weather_dag.py
[2026-08-11T02:32:13.288+0000] {processor.py:925} INFO - DAG(s) 'weather_ingestion' retrieved from /opt/airflow/dags/weather_dag.py
[2026-08-11T02:32:13.299+0000] {logging_mixin.py:190} INFO - [2026-08-11T02:32:13.299+0000] {dag.py:3239} INFO - Sync 1 DAGs
[2026-08-11T02:32:13.308+0000] {logging_mixin.py:190} INFO - [2026-08-11T02:32:13.308+0000] {dag.py:4180} INFO - Setting next_dagrun for weather_ingestion to 2026-08-11 02:00:00+00:00, run_after=2026-08-11 03:00:00+00:00
[2026-08-11T02:32:13.314+0000] {processor.py:208} INFO - Processing /opt/airflow/dags/weather_dag.py took 0.252 seconds
[2026-08-11T02:32:43.493+0000] {processor.py:186} INFO - Started process (PID=33157) to work on /opt/airflow/dags/weather_dag.py
[2026-08-11T02:32:43.495+0000] {processor.py:914} INFO - Processing file /opt/airflow/dags/weather_dag.py for tasks to queue
[2026-08-11T02:32:43.499+0000] {logging_mixin.py:190} INFO - [2026-08-11T02:32:43.498+0000] {dagbag.py:588} INFO - Filling up the DagBag from /opt/airflow/dags/weather_dag.py
[2026-08-11T02:32:43.773+0000] {processor.py:925} INFO - DAG(s) 'weather_ingestion' retrieved from /opt/airflow/dags/weather_dag.py
[2026-08-11T02:32:43.788+0000] {logging_mixin.py:190} INFO - [2026-08-11T02:32:43.788+0000] {dag.py:3239} INFO - Sync 1 DAGs
[2026-08-11T02:32:43.801+0000] {logging_mixin.py:190} INFO - [2026-08-11T02:32:43.801+0000] {dag.py:4180} INFO - Setting next_dagrun for weather_ingestion to 2026-08-11 02:00:00+00:00, run_after=2026-08-11 03:00:00+00:00
[2026-08-11T02:32:43.808+0000] {processor.py:208} INFO - Processing /opt/airflow/dags/weather_dag.py took 0.326 seconds
[2026-08-11T02:33:13.861+0000] {processor.py:186} INFO - Started process (PID=33164) to work on /opt/airflow/dags/weather_dag.py
[2026-08-11T02:33:13.863+0000] {processor.py:914} INFO - Processing file /opt/airflow/dags/weather_dag.py for tasks to queue
[2026-08-11T02:33:13.865+0000] {logging_mixin.py:190} INFO - [2026-08-11T02:33:13.865+0000] {dagbag.py:588} INFO - Filling up the DagBag from /opt/airflow/dags/weather_dag.py
[2026-08-11T02:33:14.084+0000] {processor.py:925} INFO - DAG(s) 'weather_ingestion' retrieved from /opt/airflow/dags/weather_dag.py
[2026-08-11T02:33:14.096+0000] {logging_mixin.py:190} INFO - [2026-08-11T02:33:14.096+0000] {dag.py:3239} INFO - Sync 1 DAGs
[2026-08-11T02:33:14.107+0000] {logging_mixin.py:190} INFO - [2026-08-11T02:33:14.107+0000] {dag.py:4180} INFO - Setting next_dagrun for weather_ingestion to 2026-08-11 02:00:00+00:00, run_after=2026-08-11 03:00:00+00:00
[2026-08-11T02:33:14.114+0000] {processor.py:208} INFO - Processing /opt/airflow/dags/weather_dag.py took 0.260 seconds
[2026-08-11T02:33:44.648+0000] {processor.py:186} INFO - Started process (PID=33171) to work on /opt/airflow/dags/weather_dag.py
[2026-08-11T02:33:44.650+0000] {processor.py:914} INFO - Processing file /opt/airflow/dags/weather_dag.py for tasks to queue
[2026-08-11T02:33:44.654+0000] {logging_mixin.py:190} INFO - [2026-08-11T02:33:44.653+0000] {dagbag.py:588} INFO - Filling up the DagBag from /opt/airflow/dags/weather_dag.py
[2026-08-11T02:33:44.879+0000] {processor.py:925} INFO - DAG(s) 'weather_ingestion' retrieved from /opt/airflow/dags/weather_dag.py
[2026-08-11T02:33:44.891+0000] {logging_mixin.py:190} INFO - [2026-08-11T02:33:44.891+0000] {dag.py:3239} INFO - Sync 1 DAGs
[2026-08-11T02:33:44.902+0000] {logging_mixin.py:190} INFO - [2026-08-11T02:33:44.901+0000] {dag.py:4180} INFO - Setting next_dagrun for weather_ingestion to 2026-08-11 02:00:00+00:00, run_after=2026-08-11 03:00:00+00:00
[2026-08-11T02:33:44.909+0000] {processor.py:208} INFO - Processing /opt/airflow/dags/weather_dag.py took 0.270 seconds
[2026-08-11T02:38:57.536+0000] {processor.py:186} INFO - Started process (PID=33178) to work on /opt/airflow/dags/weather_dag.py
[2026-08-11T02:38:57.537+0000] {processor.py:914} INFO - Processing file /opt/airflow/dags/weather_dag.py for tasks to queue
[2026-08-11T02:38:57.541+0000] {logging_mixin.py:190} INFO - [2026-08-11T02:38:57.540+0000] {dagbag.py:588} INFO - Filling up the DagBag from /opt/airflow/dags/weather_dag.py
[2026-08-11T02:38:57.778+0000] {processor.py:925} INFO - DAG(s) 'weather_ingestion' retrieved from /opt/airflow/dags/weather_dag.py
[2026-08-11T02:38:57.791+0000] {logging_mixin.py:190} INFO - [2026-08-11T02:38:57.791+0000] {dag.py:3239} INFO - Sync 1 DAGs
[2026-08-11T02:38:57.802+0000] {logging_mixin.py:190} INFO - [2026-08-11T02:38:57.802+0000] {dag.py:4180} INFO - Setting next_dagrun for weather_ingestion to 2026-08-11 02:00:00+00:00, run_after=2026-08-11 03:00:00+00:00
[2026-08-11T02:38:57.808+0000] {processor.py:208} INFO - Processing /opt/airflow/dags/weather_dag.py took 0.282 seconds
[2026-08-11T02:39:28.164+0000] {processor.py:186} INFO - Started process (PID=33185) to work on /opt/airflow/dags/weather_dag.py
[2026-08-11T02:39:28.168+0000] {processor.py:914} INFO - Processing file /opt/airflow/dags/weather_dag.py for tasks to queue
[2026-08-11T02:39:28.171+0000] {logging_mixin.py:190} INFO - [2026-08-11T02:39:28.171+0000] {dagbag.py:588} INFO - Filling up the DagBag from /opt/airflow/dags/weather_dag.py
[2026-08-11T02:39:28.434+0000] {processor.py:925} INFO - DAG(s) 'weather_ingestion' retrieved from /opt/airflow/dags/weather_dag.py
[2026-08-11T02:39:28.452+0000] {logging_mixin.py:190} INFO - [2026-08-11T02:39:28.452+0000] {dag.py:3239} INFO - Sync 1 DAGs
[2026-08-11T02:39:28.465+0000] {logging_mixin.py:190} INFO - [2026-08-11T02:39:28.465+0000] {dag.py:4180} INFO - Setting next_dagrun for weather_ingestion to 2026-08-11 02:00:00+00:00, run_after=2026-08-11 03:00:00+00:00
[2026-08-11T02:39:28.473+0000] {processor.py:208} INFO - Processing /opt/airflow/dags/weather_dag.py took 0.318 seconds
[2026-08-11T02:39:58.825+0000] {processor.py:186} INFO - Started process (PID=33192) to work on /opt/airflow/dags/weather_dag.py
[2026-08-11T02:39:58.828+0000] {processor.py:914} INFO - Processing file /opt/airflow/dags/weather_dag.py for tasks to queue
[2026-08-11T02:39:58.835+0000] {logging_mixin.py:190} INFO - [2026-08-11T02:39:58.834+0000] {dagbag.py:588} INFO - Filling up the DagBag from /opt/airflow/dags/weather_dag.py
[2026-08-11T02:39:59.156+0000] {processor.py:925} INFO - DAG(s) 'weather_ingestion' retrieved from /opt/airflow/dags/weather_dag.py
[2026-08-11T02:39:59.172+0000] {logging_mixin.py:190} INFO - [2026-08-11T02:39:59.171+0000] {dag.py:3239} INFO - Sync 1 DAGs
[2026-08-11T02:39:59.184+0000] {logging_mixin.py:190} INFO - [2026-08-11T02:39:59.184+0000] {dag.py:4180} INFO - Setting next_dagrun for weather_ingestion to 2026-08-11 02:00:00+00:00, run_after=2026-08-11 03:00:00+00:00
[2026-08-11T02:39:59.192+0000] {processor.py:208} INFO - Processing /opt/airflow/dags/weather_dag.py took 0.384 seconds
[2026-08-11T02:40:29.532+0000] {processor.py:186} INFO - Started process (PID=33199) to work on /opt/airflow/dags/weather_dag.py
[2026-08-11T02:40:29.534+0000] {processor.py:914} INFO - Processing file /opt/airflow/dags/weather_dag.py for tasks to queue
[2026-08-11T02:40:29.537+0000] {logging_mixin.py:190} INFO - [2026-08-11T02:40:29.537+0000] {dagbag.py:588} INFO - Filling up the DagBag from /opt/airflow/dags/weather_dag.py
[2026-08-11T02:40:29.753+0000] {processor.py:925} INFO - DAG(s) 'weather_ingestion' retrieved from /opt/airflow/dags/weather_dag.py
[2026-08-11T02:40:29.767+0000] {logging_mixin.py:190} INFO - [2026-08-11T02:40:29.766+0000] {dag.py:3239} INFO - Sync 1 DAGs
[2026-08-11T02:40:29.779+0000] {logging_mixin.py:190} INFO - [2026-08-11T02:40:29.779+0000] {dag.py:4180} INFO - Setting next_dagrun for weather_ingestion to 2026-08-11 02:00:00+00:00, run_after=2026-08-11 03:00:00+00:00
[2026-08-11T02:40:29.788+0000] {processor.py:208} INFO - Processing /opt/airflow/dags/weather_dag.py took 0.264 seconds
[2026-08-11T02:40:59.869+0000] {processor.py:186} INFO - Started process (PID=33206) to work on /opt/airflow/dags/weather_dag.py
[2026-08-11T02:40:59.872+0000] {processor.py:914} INFO - Processing file /opt/airflow/dags/weather_dag.py for tasks to queue
[2026-08-11T02:40:59.874+0000] {logging_mixin.py:190} INFO - [2026-08-11T02:40:59.874+0000] {dagbag.py:588} INFO - Filling up the DagBag from /opt/airflow/dags/weather_dag.py
[2026-08-11T02:41:00.086+0000] {processor.py:925} INFO - DAG(s) 'weather_ingestion' retrieved from /opt/airflow/dags/weather_dag.py
[2026-08-11T02:41:00.098+0000] {logging_mixin.py:190} INFO - [2026-08-11T02:41:00.098+0000] {dag.py:3239} INFO - Sync 1 DAGs
[2026-08-11T02:41:00.107+0000] {logging_mixin.py:190} INFO - [2026-08-11T02:41:00.107+0000] {dag.py:4180} INFO - Setting next_dagrun for weather_ingestion to 2026-08-11 02:00:00+00:00, run_after=2026-08-11 03:00:00+00:00
[2026-08-11T02:41:00.113+0000] {processor.py:208} INFO - Processing /opt/airflow/dags/weather_dag.py took 0.252 seconds
[2026-08-11T02:41:30.387+0000] {processor.py:186} INFO - Started process (PID=33213) to work on /opt/airflow/dags/weather_dag.py
[2026-08-11T02:41:30.391+0000] {processor.py:914} INFO - Processing file /opt/airflow/dags/weather_dag.py for tasks to queue
[2026-08-11T02:41:30.397+0000] {logging_mixin.py:190} INFO - [2026-08-11T02:41:30.396+0000] {dagbag.py:588} INFO - Filling up the DagBag from /opt/airflow/dags/weather_dag.py
[2026-08-11T02:41:30.666+0000] {processor.py:925} INFO - DAG(s) 'weather_ingestion' retrieved from /opt/airflow/dags/weather_dag.py
[2026-08-11T02:41:30.682+0000] {logging_mixin.py:190} INFO - [2026-08-11T02:41:30.681+0000] {dag.py:3239} INFO - Sync 1 DAGs
[2026-08-11T02:41:30.694+0000] {logging_mixin.py:190} INFO - [2026-08-11T02:41:30.694+0000] {dag.py:4180} INFO - Setting next_dagrun for weather_ingestion to 2026-08-11 02:00:00+00:00, run_after=2026-08-11 03:00:00+00:00
[2026-08-11T02:41:30.701+0000] {processor.py:208} INFO - Processing /opt/airflow/dags/weather_dag.py took 0.325 seconds
[2026-08-11T02:42:01.015+0000] {processor.py:186} INFO - Started process (PID=33220) to work on /opt/airflow/dags/weather_dag.py
[2026-08-11T02:42:01.017+0000] {processor.py:914} INFO - Processing file /opt/airflow/dags/weather_dag.py for tasks to queue
[2026-08-11T02:42:01.019+0000] {logging_mixin.py:190} INFO - [2026-08-11T02:42:01.018+0000] {dagbag.py:588} INFO - Filling up the DagBag from /opt/airflow/dags/weather_dag.py
[2026-08-11T02:42:01.229+0000] {processor.py:925} INFO - DAG(s) 'weather_ingestion' retrieved from /opt/airflow/dags/weather_dag.py
[2026-08-11T02:42:01.240+0000] {logging_mixin.py:190} INFO - [2026-08-11T02:42:01.240+0000] {dag.py:3239} INFO - Sync 1 DAGs
[2026-08-11T02:42:01.249+0000] {logging_mixin.py:190} INFO - [2026-08-11T02:42:01.249+0000] {dag.py:4180} INFO - Setting next_dagrun for weather_ingestion to 2026-08-11 02:00:00+00:00, run_after=2026-08-11 03:00:00+00:00
[2026-08-11T02:42:01.257+0000] {processor.py:208} INFO - Processing /opt/airflow/dags/weather_dag.py took 0.249 seconds
[2026-08-11T02:42:31.362+0000] {processor.py:186} INFO - Started process (PID=33227) to work on /opt/airflow/dags/weather_dag.py
[2026-08-11T02:42:31.364+0000] {processor.py:914} INFO - Processing file /opt/airflow/dags/weather_dag.py for tasks to queue
[2026-08-11T02:42:31.366+0000] {logging_mixin.py:190} INFO - [2026-08-11T02:42:31.366+0000] {dagbag.py:588} INFO - Filling up the DagBag from /opt/airflow/dags/weather_dag.py
[2026-08-11T02:42:31.619+0000] {processor.py:925} INFO - DAG(s) 'weather_ingestion' retrieved from /opt/airflow/dags/weather_dag.py
[2026-08-11T02:42:31.632+0000] {logging_mixin.py:190} INFO - [2026-08-11T02:42:31.632+0000] {dag.py:3239} INFO - Sync 1 DAGs
[2026-08-11T02:42:31.642+0000] {logging_mixin.py:190} INFO - [2026-08-11T02:42:31.642+0000] {dag.py:4180} INFO - Setting next_dagrun for weather_ingestion to 2026-08-11 02:00:00+00:00, run_after=2026-08-11 03:00:00+00:00
[2026-08-11T02:42:31.649+0000] {processor.py:208} INFO - Processing /opt/airflow/dags/weather_dag.py took 0.295 seconds
[2026-08-11T02:43:01.875+0000] {processor.py:186} INFO - Started process (PID=33234) to work on /opt/airflow/dags/weather_dag.py
[2026-08-11T02:43:01.877+0000] {processor.py:914} INFO - Processing file /opt/airflow/dags/weather_dag.py for tasks to queue
[2026-08-11T02:43:01.879+0000] {logging_mixin.py:190} INFO - [2026-08-11T02:43:01.879+0000] {dagbag.py:588} INFO - Filling up the DagBag from /opt/airflow/dags/weather_dag.py
[2026-08-11T02:43:02.094+0000] {processor.py:925} INFO - DAG(s) 'weather_ingestion' retrieved from /opt/airflow/dags/weather_dag.py
[2026-08-11T02:43:02.105+0000] {logging_mixin.py:190} INFO - [2026-08-11T02:43:02.105+0000] {dag.py:3239} INFO - Sync 1 DAGs
[2026-08-11T02:43:02.115+0000] {logging_mixin.py:190} INFO - [2026-08-11T02:43:02.115+0000] {dag.py:4180} INFO - Setting next_dagrun for weather_ingestion to 2026-08-11 02:00:00+00:00, run_after=2026-08-11 03:00:00+00:00
[2026-08-11T02:43:02.121+0000] {processor.py:208} INFO - Processing /opt/airflow/dags/weather_dag.py took 0.253 seconds
[2026-08-11T02:43:32.223+0000] {processor.py:186} INFO - Started process (PID=33241) to work on /opt/airflow/dags/weather_dag.py
[2026-08-11T02:43:32.225+0000] {processor.py:914} INFO - Processing file /opt/airflow/dags/weather_dag.py for tasks to queue
[2026-08-11T02:43:32.229+0000] {logging_mixin.py:190} INFO - [2026-08-11T02:43:32.228+0000] {dagbag.py:588} INFO - Filling up the DagBag from /opt/airflow/dags/weather_dag.py
[2026-08-11T02:43:32.499+0000] {processor.py:925} INFO - DAG(s) 'weather_ingestion' retrieved from /opt/airflow/dags/weather_dag.py
[2026-08-11T02:43:32.514+0000] {logging_mixin.py:190} INFO - [2026-08-11T02:43:32.514+0000] {dag.py:3239} INFO - Sync 1 DAGs
[2026-08-11T02:43:32.526+0000] {logging_mixin.py:190} INFO - [2026-08-11T02:43:32.526+0000] {dag.py:4180} INFO - Setting next_dagrun for weather_ingestion to 2026-08-11 02:00:00+00:00, run_after=2026-08-11 03:00:00+00:00
[2026-08-11T02:43:32.534+0000] {processor.py:208} INFO - Processing /opt/airflow/dags/weather_dag.py took 0.321 seconds
[2026-08-11T02:44:02.771+0000] {processor.py:186} INFO - Started process (PID=33248) to work on /opt/airflow/dags/weather_dag.py
[2026-08-11T02:44:02.773+0000] {processor.py:914} INFO - Processing file /opt/airflow/dags/weather_dag.py for tasks to queue
[2026-08-11T02:44:02.776+0000] {logging_mixin.py:190} INFO - [2026-08-11T02:44:02.775+0000] {dagbag.py:588} INFO - Filling up the DagBag from /opt/airflow/dags/weather_dag.py
[2026-08-11T02:44:02.989+0000] {processor.py:925} INFO - DAG(s) 'weather_ingestion' retrieved from /opt/airflow/dags/weather_dag.py
[2026-08-11T02:44:03.000+0000] {logging_mixin.py:190} INFO - [2026-08-11T02:44:03.000+0000] {dag.py:3239} INFO - Sync 1 DAGs
[2026-08-11T02:44:03.010+0000] {logging_mixin.py:190} INFO - [2026-08-11T02:44:03.009+0000] {dag.py:4180} INFO - Setting next_dagrun for weather_ingestion to 2026-08-11 02:00:00+00:00, run_after=2026-08-11 03:00:00+00:00
[2026-08-11T02:44:03.016+0000] {processor.py:208} INFO - Processing /opt/airflow/dags/weather_dag.py took 0.252 seconds
[2026-08-11T02:44:33.263+0000] {processor.py:186} INFO - Started process (PID=33255) to work on /opt/airflow/dags/weather_dag.py
[2026-08-11T02:44:33.268+0000] {processor.py:914} INFO - Processing file /opt/airflow/dags/weather_dag.py for tasks to queue
[2026-08-11T02:44:33.285+0000] {logging_mixin.py:190} INFO - [2026-08-11T02:44:33.281+0000] {dagbag.py:588} INFO - Filling up the DagBag from /opt/airflow/dags/weather_dag.py
[2026-08-11T02:44:33.776+0000] {processor.py:925} INFO - DAG(s) 'weather_ingestion' retrieved from /opt/airflow/dags/weather_dag.py
[2026-08-11T02:44:33.826+0000] {logging_mixin.py:190} INFO - [2026-08-11T02:44:33.826+0000] {dag.py:3239} INFO - Sync 1 DAGs
[2026-08-11T02:44:33.848+0000] {logging_mixin.py:190} INFO - [2026-08-11T02:44:33.848+0000] {dag.py:4180} INFO - Setting next_dagrun for weather_ingestion to 2026-08-11 02:00:00+00:00, run_after=2026-08-11 03:00:00+00:00
[2026-08-11T02:44:33.859+0000] {processor.py:208} INFO - Processing /opt/airflow/dags/weather_dag.py took 0.625 seconds
[2026-08-11T02:45:04.115+0000] {processor.py:186} INFO - Started process (PID=33262) to work on /opt/airflow/dags/weather_dag.py
[2026-08-11T02:45:04.116+0000] {processor.py:914} INFO - Processing file /opt/airflow/dags/weather_dag.py for tasks to queue
[2026-08-11T02:45:04.119+0000] {logging_mixin.py:190} INFO - [2026-08-11T02:45:04.118+0000] {dagbag.py:588} INFO - Filling up the DagBag from /opt/airflow/dags/weather_dag.py
[2026-08-11T02:45:04.325+0000] {processor.py:925} INFO - DAG(s) 'weather_ingestion' retrieved from /opt/airflow/dags/weather_dag.py
[2026-08-11T02:45:04.336+0000] {logging_mixin.py:190} INFO - [2026-08-11T02:45:04.336+0000] {dag.py:3239} INFO - Sync 1 DAGs
[2026-08-11T02:45:04.345+0000] {logging_mixin.py:190} INFO - [2026-08-11T02:45:04.345+0000] {dag.py:4180} INFO - Setting next_dagrun for weather_ingestion to 2026-08-11 02:00:00+00:00, run_after=2026-08-11 03:00:00+00:00
[2026-08-11T02:45:04.351+0000] {processor.py:208} INFO - Processing /opt/airflow/dags/weather_dag.py took 0.242 seconds
[2026-08-11T02:45:34.431+0000] {processor.py:186} INFO - Started process (PID=33269) to work on /opt/airflow/dags/weather_dag.py
[2026-08-11T02:45:34.434+0000] {processor.py:914} INFO - Processing file /opt/airflow/dags/weather_dag.py for tasks to queue
[2026-08-11T02:45:34.439+0000] {logging_mixin.py:190} INFO - [2026-08-11T02:45:34.439+0000] {dagbag.py:588} INFO - Filling up the DagBag from /opt/airflow/dags/weather_dag.py
[2026-08-11T02:45:34.704+0000] {processor.py:925} INFO - DAG(s) 'weather_ingestion' retrieved from /opt/airflow/dags/weather_dag.py
[2026-08-11T02:45:34.719+0000] {logging_mixin.py:190} INFO - [2026-08-11T02:45:34.719+0000] {dag.py:3239} INFO - Sync 1 DAGs
[2026-08-11T02:45:34.732+0000] {logging_mixin.py:190} INFO - [2026-08-11T02:45:34.731+0000] {dag.py:4180} INFO - Setting next_dagrun for weather_ingestion to 2026-08-11 02:00:00+00:00, run_after=2026-08-11 03:00:00+00:00
[2026-08-11T02:45:34.740+0000] {processor.py:208} INFO - Processing /opt/airflow/dags/weather_dag.py took 0.321 seconds
[2026-08-11T02:46:04.970+0000] {processor.py:186} INFO - Started process (PID=33276) to work on /opt/airflow/dags/weather_dag.py
[2026-08-11T02:46:04.973+0000] {processor.py:914} INFO - Processing file /opt/airflow/dags/weather_dag.py for tasks to queue
[2026-08-11T02:46:04.975+0000] {logging_mixin.py:190} INFO - [2026-08-11T02:46:04.975+0000] {dagbag.py:588} INFO - Filling up the DagBag from /opt/airflow/dags/weather_dag.py
[2026-08-11T02:46:05.188+0000] {processor.py:925} INFO - DAG(s) 'weather_ingestion' retrieved from /opt/airflow/dags/weather_dag.py
[2026-08-11T02:46:05.199+0000] {logging_mixin.py:190} INFO - [2026-08-11T02:46:05.199+0000] {dag.py:3239} INFO - Sync 1 DAGs
[2026-08-11T02:46:05.209+0000] {logging_mixin.py:190} INFO - [2026-08-11T02:46:05.209+0000] {dag.py:4180} INFO - Setting next_dagrun for weather_ingestion to 2026-08-11 02:00:00+00:00, run_after=2026-08-11 03:00:00+00:00
[2026-08-11T02:46:05.216+0000] {processor.py:208} INFO - Processing /opt/airflow/dags/weather_dag.py took 0.254 seconds
[2026-08-11T02:46:35.340+0000] {processor.py:186} INFO - Started process (PID=33283) to work on /opt/airflow/dags/weather_dag.py
[2026-08-11T02:46:35.342+0000] {processor.py:914} INFO - Processing file /opt/airflow/dags/weather_dag.py for tasks to queue
[2026-08-11T02:46:35.344+0000] {logging_mixin.py:190} INFO - [2026-08-11T02:46:35.344+0000] {dagbag.py:588} INFO - Filling up the DagBag from /opt/airflow/dags/weather_dag.py
[2026-08-11T02:46:35.576+0000] {processor.py:925} INFO - DAG(s) 'weather_ingestion' retrieved from /opt/airflow/dags/weather_dag.py
[2026-08-11T02:46:35.588+0000] {logging_mixin.py:190} INFO - [2026-08-11T02:46:35.588+0000] {dag.py:3239} INFO - Sync 1 DAGs
[2026-08-11T02:46:35.598+0000] {logging_mixin.py:190} INFO - [2026-08-11T02:46:35.598+0000] {dag.py:4180} INFO - Setting next_dagrun for weather_ingestion to 2026-08-11 02:00:00+00:00, run_after=2026-08-11 03:00:00+00:00
[2026-08-11T02:46:35.604+0000] {processor.py:208} INFO - Processing /opt/airflow/dags/weather_dag.py took 0.273 seconds
[2026-08-11T02:47:05.865+0000] {processor.py:186} INFO - Started process (PID=33290) to work on /opt/airflow/dags/weather_dag.py
[2026-08-11T02:47:05.866+0000] {processor.py:914} INFO - Processing file /opt/airflow/dags/weather_dag.py for tasks to queue
[2026-08-11T02:47:05.869+0000] {logging_mixin.py:190} INFO - [2026-08-11T02:47:05.868+0000] {dagbag.py:588} INFO - Filling up the DagBag from /opt/airflow/dags/weather_dag.py
[2026-08-11T02:47:06.091+0000] {processor.py:925} INFO - DAG(s) 'weather_ingestion' retrieved from /opt/airflow/dags/weather_dag.py
[2026-08-11T02:47:06.103+0000] {logging_mixin.py:190} INFO - [2026-08-11T02:47:06.103+0000] {dag.py:3239} INFO - Sync 1 DAGs
[2026-08-11T02:47:06.114+0000] {logging_mixin.py:190} INFO - [2026-08-11T02:47:06.114+0000] {dag.py:4180} INFO - Setting next_dagrun for weather_ingestion to 2026-08-11 02:00:00+00:00, run_after=2026-08-11 03:00:00+00:00
[2026-08-11T02:47:06.121+0000] {processor.py:208} INFO - Processing /opt/airflow/dags/weather_dag.py took 0.264 seconds
[2026-08-11T02:47:36.305+0000] {processor.py:186} INFO - Started process (PID=33297) to work on /opt/airflow/dags/weather_dag.py
[2026-08-11T02:47:36.307+0000] {processor.py:914} INFO - Processing file /opt/airflow/dags/weather_dag.py for tasks to queue
[2026-08-11T02:47:36.310+0000] {logging_mixin.py:190} INFO - [2026-08-11T02:47:36.310+0000] {dagbag.py:588} INFO - Filling up the DagBag from /opt/airflow/dags/weather_dag.py
[2026-08-11T02:47:36.526+0000] {processor.py:925} INFO - DAG(s) 'weather_ingestion' retrieved from /opt/airflow/dags/weather_dag.py
[2026-08-11T02:47:36.537+0000] {logging_mixin.py:190} INFO - [2026-08-11T02:47:36.537+0000] {dag.py:3239} INFO - Sync 1 DAGs
[2026-08-11T02:47:36.546+0000] {logging_mixin.py:190} INFO - [2026-08-11T02:47:36.546+0000] {dag.py:4180} INFO - Setting next_dagrun for weather_ingestion to 2026-08-11 02:00:00+00:00, run_after=2026-08-11 03:00:00+00:00
[2026-08-11T02:47:36.553+0000] {processor.py:208} INFO - Processing /opt/airflow/dags/weather_dag.py took 0.255 seconds
[2026-08-11T02:48:06.862+0000] {processor.py:186} INFO - Started process (PID=33304) to work on /opt/airflow/dags/weather_dag.py
[2026-08-11T02:48:06.864+0000] {processor.py:914} INFO - Processing file /opt/airflow/dags/weather_dag.py for tasks to queue
[2026-08-11T02:48:06.867+0000] {logging_mixin.py:190} INFO - [2026-08-11T02:48:06.866+0000] {dagbag.py:588} INFO - Filling up the DagBag from /opt/airflow/dags/weather_dag.py
[2026-08-11T02:48:07.090+0000] {processor.py:925} INFO - DAG(s) 'weather_ingestion' retrieved from /opt/airflow/dags/weather_dag.py
[2026-08-11T02:48:07.101+0000] {logging_mixin.py:190} INFO - [2026-08-11T02:48:07.101+0000] {dag.py:3239} INFO - Sync 1 DAGs
[2026-08-11T02:48:07.111+0000] {logging_mixin.py:190} INFO - [2026-08-11T02:48:07.111+0000] {dag.py:4180} INFO - Setting next_dagrun for weather_ingestion to 2026-08-11 02:00:00+00:00, run_after=2026-08-11 03:00:00+00:00
[2026-08-11T02:48:07.117+0000] {processor.py:208} INFO - Processing /opt/airflow/dags/weather_dag.py took 0.261 seconds
[2026-08-11T02:48:37.282+0000] {processor.py:186} INFO - Started process (PID=33311) to work on /opt/airflow/dags/weather_dag.py
[2026-08-11T02:48:37.284+0000] {processor.py:914} INFO - Processing file /opt/airflow/dags/weather_dag.py for tasks to queue
[2026-08-11T02:48:37.286+0000] {logging_mixin.py:190} INFO - [2026-08-11T02:48:37.286+0000] {dagbag.py:588} INFO - Filling up the DagBag from /opt/airflow/dags/weather_dag.py
[2026-08-11T02:48:37.541+0000] {processor.py:925} INFO - DAG(s) 'weather_ingestion' retrieved from /opt/airflow/dags/weather_dag.py
[2026-08-11T02:48:37.556+0000] {logging_mixin.py:190} INFO - [2026-08-11T02:48:37.556+0000] {dag.py:3239} INFO - Sync 1 DAGs
[2026-08-11T02:48:37.568+0000] {logging_mixin.py:190} INFO - [2026-08-11T02:48:37.568+0000] {dag.py:4180} INFO - Setting next_dagrun for weather_ingestion to 2026-08-11 02:00:00+00:00, run_after=2026-08-11 03:00:00+00:00
[2026-08-11T02:48:37.576+0000] {processor.py:208} INFO - Processing /opt/airflow/dags/weather_dag.py took 0.303 seconds
[2026-08-11T02:49:07.861+0000] {processor.py:186} INFO - Started process (PID=33318) to work on /opt/airflow/dags/weather_dag.py
[2026-08-11T02:49:07.863+0000] {processor.py:914} INFO - Processing file /opt/airflow/dags/weather_dag.py for tasks to queue
[2026-08-11T02:49:07.866+0000] {logging_mixin.py:190} INFO - [2026-08-11T02:49:07.866+0000] {dagbag.py:588} INFO - Filling up the DagBag from /opt/airflow/dags/weather_dag.py
[2026-08-11T02:49:08.076+0000] {processor.py:925} INFO - DAG(s) 'weather_ingestion' retrieved from /opt/airflow/dags/weather_dag.py
[2026-08-11T02:49:08.088+0000] {logging_mixin.py:190} INFO - [2026-08-11T02:49:08.088+0000] {dag.py:3239} INFO - Sync 1 DAGs
[2026-08-11T02:49:08.100+0000] {logging_mixin.py:190} INFO - [2026-08-11T02:49:08.099+0000] {dag.py:4180} INFO - Setting next_dagrun for weather_ingestion to 2026-08-11 02:00:00+00:00, run_after=2026-08-11 03:00:00+00:00
[2026-08-11T02:49:08.106+0000] {processor.py:208} INFO - Processing /opt/airflow/dags/weather_dag.py took 0.252 seconds
[2026-08-11T02:49:38.255+0000] {processor.py:186} INFO - Started process (PID=33325) to work on /opt/airflow/dags/weather_dag.py
[2026-08-11T02:49:38.257+0000] {processor.py:914} INFO - Processing file /opt/airflow/dags/weather_dag.py for tasks to queue
[2026-08-11T02:49:38.261+0000] {logging_mixin.py:190} INFO - [2026-08-11T02:49:38.261+0000] {dagbag.py:588} INFO - Filling up the DagBag from /opt/airflow/dags/weather_dag.py
[2026-08-11T02:49:38.498+0000] {processor.py:925} INFO - DAG(s) 'weather_ingestion' retrieved from /opt/airflow/dags/weather_dag.py
[2026-08-11T02:49:38.511+0000] {logging_mixin.py:190} INFO - [2026-08-11T02:49:38.510+0000] {dag.py:3239} INFO - Sync 1 DAGs
[2026-08-11T02:49:38.521+0000] {logging_mixin.py:190} INFO - [2026-08-11T02:49:38.521+0000] {dag.py:4180} INFO - Setting next_dagrun for weather_ingestion to 2026-08-11 02:00:00+00:00, run_after=2026-08-11 03:00:00+00:00
[2026-08-11T02:49:38.527+0000] {processor.py:208} INFO - Processing /opt/airflow/dags/weather_dag.py took 0.283 seconds
[2026-08-11T02:50:08.732+0000] {processor.py:186} INFO - Started process (PID=33332) to work on /opt/airflow/dags/weather_dag.py
[2026-08-11T02:50:08.733+0000] {processor.py:914} INFO - Processing file /opt/airflow/dags/weather_dag.py for tasks to queue
[2026-08-11T02:50:08.736+0000] {logging_mixin.py:190} INFO - [2026-08-11T02:50:08.735+0000] {dagbag.py:588} INFO - Filling up the DagBag from /opt/airflow/dags/weather_dag.py
[2026-08-11T02:50:09.001+0000] {processor.py:925} INFO - DAG(s) 'weather_ingestion' retrieved from /opt/airflow/dags/weather_dag.py
[2026-08-11T02:50:09.018+0000] {logging_mixin.py:190} INFO - [2026-08-11T02:50:09.018+0000] {dag.py:3239} INFO - Sync 1 DAGs
[2026-08-11T02:50:09.032+0000] {logging_mixin.py:190} INFO - [2026-08-11T02:50:09.032+0000] {dag.py:4180} INFO - Setting next_dagrun for weather_ingestion to 2026-08-11 02:00:00+00:00, run_after=2026-08-11 03:00:00+00:00
[2026-08-11T02:50:09.040+0000] {processor.py:208} INFO - Processing /opt/airflow/dags/weather_dag.py took 0.318 seconds
[2026-08-11T02:50:39.158+0000] {processor.py:186} INFO - Started process (PID=33339) to work on /opt/airflow/dags/weather_dag.py
[2026-08-11T02:50:39.159+0000] {processor.py:914} INFO - Processing file /opt/airflow/dags/weather_dag.py for tasks to queue
[2026-08-11T02:50:39.161+0000] {logging_mixin.py:190} INFO - [2026-08-11T02:50:39.161+0000] {dagbag.py:588} INFO - Filling up the DagBag from /opt/airflow/dags/weather_dag.py
[2026-08-11T02:50:39.387+0000] {processor.py:925} INFO - DAG(s) 'weather_ingestion' retrieved from /opt/airflow/dags/weather_dag.py
[2026-08-11T02:50:39.399+0000] {logging_mixin.py:190} INFO - [2026-08-11T02:50:39.398+0000] {dag.py:3239} INFO - Sync 1 DAGs
[2026-08-11T02:50:39.408+0000] {logging_mixin.py:190} INFO - [2026-08-11T02:50:39.408+0000] {dag.py:4180} INFO - Setting next_dagrun for weather_ingestion to 2026-08-11 02:00:00+00:00, run_after=2026-08-11 03:00:00+00:00
[2026-08-11T02:50:39.415+0000] {processor.py:208} INFO - Processing /opt/airflow/dags/weather_dag.py took 0.265 seconds
[2026-08-11T02:51:09.768+0000] {processor.py:186} INFO - Started process (PID=33346) to work on /opt/airflow/dags/weather_dag.py
[2026-08-11T02:51:09.769+0000] {processor.py:914} INFO - Processing file /opt/airflow/dags/weather_dag.py for tasks to queue
[2026-08-11T02:51:09.775+0000] {logging_mixin.py:190} INFO - [2026-08-11T02:51:09.772+0000] {dagbag.py:588} INFO - Filling up the DagBag from /opt/airflow/dags/weather_dag.py
[2026-08-11T02:51:10.012+0000] {processor.py:925} INFO - DAG(s) 'weather_ingestion' retrieved from /opt/airflow/dags/weather_dag.py
[2026-08-11T02:51:10.023+0000] {logging_mixin.py:190} INFO - [2026-08-11T02:51:10.023+0000] {dag.py:3239} INFO - Sync 1 DAGs
[2026-08-11T02:51:10.032+0000] {logging_mixin.py:190} INFO - [2026-08-11T02:51:10.032+0000] {dag.py:4180} INFO - Setting next_dagrun for weather_ingestion to 2026-08-11 02:00:00+00:00, run_after=2026-08-11 03:00:00+00:00
[2026-08-11T02:51:10.038+0000] {processor.py:208} INFO - Processing /opt/airflow/dags/weather_dag.py took 0.279 seconds
[2026-08-11T02:51:40.168+0000] {processor.py:186} INFO - Started process (PID=33353) to work on /opt/airflow/dags/weather_dag.py
[2026-08-11T02:51:40.170+0000] {processor.py:914} INFO - Processing file /opt/airflow/dags/weather_dag.py for tasks to queue
[2026-08-11T02:51:40.172+0000] {logging_mixin.py:190} INFO - [2026-08-11T02:51:40.172+0000] {dagbag.py:588} INFO - Filling up the DagBag from /opt/airflow/dags/weather_dag.py
[2026-08-11T02:51:40.384+0000] {processor.py:925} INFO - DAG(s) 'weather_ingestion' retrieved from /opt/airflow/dags/weather_dag.py
[2026-08-11T02:51:40.396+0000] {logging_mixin.py:190} INFO - [2026-08-11T02:51:40.396+0000] {dag.py:3239} INFO - Sync 1 DAGs
[2026-08-11T02:51:40.406+0000] {logging_mixin.py:190} INFO - [2026-08-11T02:51:40.406+0000] {dag.py:4180} INFO - Setting next_dagrun for weather_ingestion to 2026-08-11 02:00:00+00:00, run_after=2026-08-11 03:00:00+00:00
[2026-08-11T02:51:40.413+0000] {processor.py:208} INFO - Processing /opt/airflow/dags/weather_dag.py took 0.252 seconds
[2026-08-11T02:52:10.871+0000] {processor.py:186} INFO - Started process (PID=33360) to work on /opt/airflow/dags/weather_dag.py
[2026-08-11T02:52:10.874+0000] {processor.py:914} INFO - Processing file /opt/airflow/dags/weather_dag.py for tasks to queue
[2026-08-11T02:52:10.878+0000] {logging_mixin.py:190} INFO - [2026-08-11T02:52:10.877+0000] {dagbag.py:588} INFO - Filling up the DagBag from /opt/airflow/dags/weather_dag.py
[2026-08-11T02:52:11.223+0000] {processor.py:925} INFO - DAG(s) 'weather_ingestion' retrieved from /opt/airflow/dags/weather_dag.py
[2026-08-11T02:52:11.242+0000] {logging_mixin.py:190} INFO - [2026-08-11T02:52:11.241+0000] {dag.py:3239} INFO - Sync 1 DAGs
[2026-08-11T02:52:11.257+0000] {logging_mixin.py:190} INFO - [2026-08-11T02:52:11.257+0000] {dag.py:4180} INFO - Setting next_dagrun for weather_ingestion to 2026-08-11 02:00:00+00:00, run_after=2026-08-11 03:00:00+00:00
[2026-08-11T02:52:11.265+0000] {processor.py:208} INFO - Processing /opt/airflow/dags/weather_dag.py took 0.422 seconds
[2026-08-11T03:10:04.997+0000] {processor.py:186} INFO - Started process (PID=33367) to work on /opt/airflow/dags/weather_dag.py
[2026-08-11T03:10:04.998+0000] {processor.py:914} INFO - Processing file /opt/airflow/dags/weather_dag.py for tasks to queue
[2026-08-11T03:10:05.001+0000] {logging_mixin.py:190} INFO - [2026-08-11T03:10:05.001+0000] {dagbag.py:588} INFO - Filling up the DagBag from /opt/airflow/dags/weather_dag.py
[2026-08-11T03:10:05.209+0000] {processor.py:925} INFO - DAG(s) 'weather_ingestion' retrieved from /opt/airflow/dags/weather_dag.py
[2026-08-11T03:10:05.220+0000] {logging_mixin.py:190} INFO - [2026-08-11T03:10:05.220+0000] {dag.py:3239} INFO - Sync 1 DAGs
[2026-08-11T03:10:05.230+0000] {logging_mixin.py:190} INFO - [2026-08-11T03:10:05.230+0000] {dag.py:4180} INFO - Setting next_dagrun for weather_ingestion to 2026-08-11 02:00:00+00:00, run_after=2026-08-11 03:00:00+00:00
[2026-08-11T03:10:05.237+0000] {processor.py:208} INFO - Processing /opt/airflow/dags/weather_dag.py took 0.246 seconds
[2026-08-11T03:10:35.392+0000] {processor.py:186} INFO - Started process (PID=33379) to work on /opt/airflow/dags/weather_dag.py
[2026-08-11T03:10:35.395+0000] {processor.py:914} INFO - Processing file /opt/airflow/dags/weather_dag.py for tasks to queue
[2026-08-11T03:10:35.401+0000] {logging_mixin.py:190} INFO - [2026-08-11T03:10:35.400+0000] {dagbag.py:588} INFO - Filling up the DagBag from /opt/airflow/dags/weather_dag.py
[2026-08-11T03:10:35.764+0000] {processor.py:925} INFO - DAG(s) 'weather_ingestion' retrieved from /opt/airflow/dags/weather_dag.py
[2026-08-11T03:10:35.783+0000] {logging_mixin.py:190} INFO - [2026-08-11T03:10:35.783+0000] {dag.py:3239} INFO - Sync 1 DAGs
[2026-08-11T03:10:35.796+0000] {logging_mixin.py:190} INFO - [2026-08-11T03:10:35.796+0000] {dag.py:4180} INFO - Setting next_dagrun for weather_ingestion to 2026-08-11 03:00:00+00:00, run_after=2026-08-11 04:00:00+00:00
[2026-08-11T03:10:35.804+0000] {processor.py:208} INFO - Processing /opt/airflow/dags/weather_dag.py took 0.425 seconds
[2026-08-11T03:11:05.925+0000] {processor.py:186} INFO - Started process (PID=33386) to work on /opt/airflow/dags/weather_dag.py
[2026-08-11T03:11:05.927+0000] {processor.py:914} INFO - Processing file /opt/airflow/dags/weather_dag.py for tasks to queue
[2026-08-11T03:11:05.929+0000] {logging_mixin.py:190} INFO - [2026-08-11T03:11:05.928+0000] {dagbag.py:588} INFO - Filling up the DagBag from /opt/airflow/dags/weather_dag.py
[2026-08-11T03:11:06.159+0000] {processor.py:925} INFO - DAG(s) 'weather_ingestion' retrieved from /opt/airflow/dags/weather_dag.py
[2026-08-11T03:11:06.171+0000] {logging_mixin.py:190} INFO - [2026-08-11T03:11:06.170+0000] {dag.py:3239} INFO - Sync 1 DAGs
[2026-08-11T03:11:06.181+0000] {logging_mixin.py:190} INFO - [2026-08-11T03:11:06.181+0000] {dag.py:4180} INFO - Setting next_dagrun for weather_ingestion to 2026-08-11 03:00:00+00:00, run_after=2026-08-11 04:00:00+00:00
[2026-08-11T03:11:06.188+0000] {processor.py:208} INFO - Processing /opt/airflow/dags/weather_dag.py took 0.271 seconds
[2026-08-11T03:11:36.571+0000] {processor.py:186} INFO - Started process (PID=33393) to work on /opt/airflow/dags/weather_dag.py
[2026-08-11T03:11:36.573+0000] {processor.py:914} INFO - Processing file /opt/airflow/dags/weather_dag.py for tasks to queue
[2026-08-11T03:11:36.577+0000] {logging_mixin.py:190} INFO - [2026-08-11T03:11:36.576+0000] {dagbag.py:588} INFO - Filling up the DagBag from /opt/airflow/dags/weather_dag.py
[2026-08-11T03:11:36.844+0000] {processor.py:925} INFO - DAG(s) 'weather_ingestion' retrieved from /opt/airflow/dags/weather_dag.py
[2026-08-11T03:11:36.859+0000] {logging_mixin.py:190} INFO - [2026-08-11T03:11:36.859+0000] {dag.py:3239} INFO - Sync 1 DAGs
[2026-08-11T03:11:36.873+0000] {logging_mixin.py:190} INFO - [2026-08-11T03:11:36.872+0000] {dag.py:4180} INFO - Setting next_dagrun for weather_ingestion to 2026-08-11 03:00:00+00:00, run_after=2026-08-11 04:00:00+00:00
[2026-08-11T03:11:36.880+0000] {processor.py:208} INFO - Processing /opt/airflow/dags/weather_dag.py took 0.321 seconds
[2026-08-11T03:12:07.285+0000] {processor.py:186} INFO - Started process (PID=33400) to work on /opt/airflow/dags/weather_dag.py
[2026-08-11T03:12:07.287+0000] {processor.py:914} INFO - Processing file /opt/airflow/dags/weather_dag.py for tasks to queue
[2026-08-11T03:12:07.289+0000] {logging_mixin.py:190} INFO - [2026-08-11T03:12:07.289+0000] {dagbag.py:588} INFO - Filling up the DagBag from /opt/airflow/dags/weather_dag.py
[2026-08-11T03:12:07.801+0000] {processor.py:925} INFO - DAG(s) 'weather_ingestion' retrieved from /opt/airflow/dags/weather_dag.py
[2026-08-11T03:12:07.816+0000] {logging_mixin.py:190} INFO - [2026-08-11T03:12:07.816+0000] {dag.py:3239} INFO - Sync 1 DAGs
[2026-08-11T03:12:07.827+0000] {logging_mixin.py:190} INFO - [2026-08-11T03:12:07.827+0000] {dag.py:4180} INFO - Setting next_dagrun for weather_ingestion to 2026-08-11 03:00:00+00:00, run_after=2026-08-11 04:00:00+00:00
[2026-08-11T03:12:07.834+0000] {processor.py:208} INFO - Processing /opt/airflow/dags/weather_dag.py took 0.557 seconds
[2026-08-11T03:12:38.168+0000] {processor.py:186} INFO - Started process (PID=33407) to work on /opt/airflow/dags/weather_dag.py
[2026-08-11T03:12:38.171+0000] {processor.py:914} INFO - Processing file /opt/airflow/dags/weather_dag.py for tasks to queue
[2026-08-11T03:12:38.173+0000] {logging_mixin.py:190} INFO - [2026-08-11T03:12:38.173+0000] {dagbag.py:588} INFO - Filling up the DagBag from /opt/airflow/dags/weather_dag.py
[2026-08-11T03:12:38.389+0000] {processor.py:925} INFO - DAG(s) 'weather_ingestion' retrieved from /opt/airflow/dags/weather_dag.py
[2026-08-11T03:12:38.401+0000] {logging_mixin.py:190} INFO - [2026-08-11T03:12:38.401+0000] {dag.py:3239} INFO - Sync 1 DAGs
[2026-08-11T03:12:38.411+0000] {logging_mixin.py:190} INFO - [2026-08-11T03:12:38.411+0000] {dag.py:4180} INFO - Setting next_dagrun for weather_ingestion to 2026-08-11 03:00:00+00:00, run_after=2026-08-11 04:00:00+00:00
[2026-08-11T03:12:38.417+0000] {processor.py:208} INFO - Processing /opt/airflow/dags/weather_dag.py took 0.257 seconds
[2026-08-11T03:13:08.502+0000] {processor.py:186} INFO - Started process (PID=33414) to work on /opt/airflow/dags/weather_dag.py
[2026-08-11T03:13:08.505+0000] {processor.py:914} INFO - Processing file /opt/airflow/dags/weather_dag.py for tasks to queue
[2026-08-11T03:13:08.508+0000] {logging_mixin.py:190} INFO - [2026-08-11T03:13:08.508+0000] {dagbag.py:588} INFO - Filling up the DagBag from /opt/airflow/dags/weather_dag.py
[2026-08-11T03:13:08.763+0000] {processor.py:925} INFO - DAG(s) 'weather_ingestion' retrieved from /opt/airflow/dags/weather_dag.py
[2026-08-11T03:13:08.777+0000] {logging_mixin.py:190} INFO - [2026-08-11T03:13:08.777+0000] {dag.py:3239} INFO - Sync 1 DAGs
[2026-08-11T03:13:08.789+0000] {logging_mixin.py:190} INFO - [2026-08-11T03:13:08.789+0000] {dag.py:4180} INFO - Setting next_dagrun for weather_ingestion to 2026-08-11 03:00:00+00:00, run_after=2026-08-11 04:00:00+00:00
[2026-08-11T03:13:08.797+0000] {processor.py:208} INFO - Processing /opt/airflow/dags/weather_dag.py took 0.307 seconds
[2026-08-11T03:13:39.031+0000] {processor.py:186} INFO - Started process (PID=33421) to work on /opt/airflow/dags/weather_dag.py
[2026-08-11T03:13:39.033+0000] {processor.py:914} INFO - Processing file /opt/airflow/dags/weather_dag.py for tasks to queue
[2026-08-11T03:13:39.035+0000] {logging_mixin.py:190} INFO - [2026-08-11T03:13:39.035+0000] {dagbag.py:588} INFO - Filling up the DagBag from /opt/airflow/dags/weather_dag.py
[2026-08-11T03:13:39.251+0000] {processor.py:925} INFO - DAG(s) 'weather_ingestion' retrieved from /opt/airflow/dags/weather_dag.py
[2026-08-11T03:13:39.263+0000] {logging_mixin.py:190} INFO - [2026-08-11T03:13:39.262+0000] {dag.py:3239} INFO - Sync 1 DAGs
[2026-08-11T03:13:39.271+0000] {logging_mixin.py:190} INFO - [2026-08-11T03:13:39.271+0000] {dag.py:4180} INFO - Setting next_dagrun for weather_ingestion to 2026-08-11 03:00:00+00:00, run_after=2026-08-11 04:00:00+00:00
[2026-08-11T03:13:39.278+0000] {processor.py:208} INFO - Processing /opt/airflow/dags/weather_dag.py took 0.255 seconds
[2026-08-11T03:14:09.399+0000] {processor.py:186} INFO - Started process (PID=33428) to work on /opt/airflow/dags/weather_dag.py
[2026-08-11T03:14:09.402+0000] {processor.py:914} INFO - Processing file /opt/airflow/dags/weather_dag.py for tasks to queue
[2026-08-11T03:14:09.406+0000] {logging_mixin.py:190} INFO - [2026-08-11T03:14:09.405+0000] {dagbag.py:588} INFO - Filling up the DagBag from /opt/airflow/dags/weather_dag.py
[2026-08-11T03:14:09.657+0000] {processor.py:925} INFO - DAG(s) 'weather_ingestion' retrieved from /opt/airflow/dags/weather_dag.py
[2026-08-11T03:14:09.673+0000] {logging_mixin.py:190} INFO - [2026-08-11T03:14:09.672+0000] {dag.py:3239} INFO - Sync 1 DAGs
[2026-08-11T03:14:09.685+0000] {logging_mixin.py:190} INFO - [2026-08-11T03:14:09.685+0000] {dag.py:4180} INFO - Setting next_dagrun for weather_ingestion to 2026-08-11 03:00:00+00:00, run_after=2026-08-11 04:00:00+00:00
[2026-08-11T03:14:09.692+0000] {processor.py:208} INFO - Processing /opt/airflow/dags/weather_dag.py took 0.304 seconds
[2026-08-11T03:14:39.864+0000] {processor.py:186} INFO - Started process (PID=33435) to work on /opt/airflow/dags/weather_dag.py
[2026-08-11T03:14:39.865+0000] {processor.py:914} INFO - Processing file /opt/airflow/dags/weather_dag.py for tasks to queue
[2026-08-11T03:14:39.867+0000] {logging_mixin.py:190} INFO - [2026-08-11T03:14:39.867+0000] {dagbag.py:588} INFO - Filling up the DagBag from /opt/airflow/dags/weather_dag.py
[2026-08-11T03:14:40.116+0000] {processor.py:925} INFO - DAG(s) 'weather_ingestion' retrieved from /opt/airflow/dags/weather_dag.py
[2026-08-11T03:14:40.130+0000] {logging_mixin.py:190} INFO - [2026-08-11T03:14:40.129+0000] {dag.py:3239} INFO - Sync 1 DAGs
[2026-08-11T03:14:40.141+0000] {logging_mixin.py:190} INFO - [2026-08-11T03:14:40.141+0000] {dag.py:4180} INFO - Setting next_dagrun for weather_ingestion to 2026-08-11 03:00:00+00:00, run_after=2026-08-11 04:00:00+00:00
[2026-08-11T03:14:40.148+0000] {processor.py:208} INFO - Processing /opt/airflow/dags/weather_dag.py took 0.290 seconds
[2026-08-11T03:15:10.350+0000] {processor.py:186} INFO - Started process (PID=33442) to work on /opt/airflow/dags/weather_dag.py
[2026-08-11T03:15:10.352+0000] {processor.py:914} INFO - Processing file /opt/airflow/dags/weather_dag.py for tasks to queue
[2026-08-11T03:15:10.354+0000] {logging_mixin.py:190} INFO - [2026-08-11T03:15:10.354+0000] {dagbag.py:588} INFO - Filling up the DagBag from /opt/airflow/dags/weather_dag.py
[2026-08-11T03:15:10.579+0000] {processor.py:925} INFO - DAG(s) 'weather_ingestion' retrieved from /opt/airflow/dags/weather_dag.py
[2026-08-11T03:15:10.592+0000] {logging_mixin.py:190} INFO - [2026-08-11T03:15:10.592+0000] {dag.py:3239} INFO - Sync 1 DAGs
[2026-08-11T03:15:10.604+0000] {logging_mixin.py:190} INFO - [2026-08-11T03:15:10.604+0000] {dag.py:4180} INFO - Setting next_dagrun for weather_ingestion to 2026-08-11 03:00:00+00:00, run_after=2026-08-11 04:00:00+00:00
[2026-08-11T03:15:10.611+0000] {processor.py:208} INFO - Processing /opt/airflow/dags/weather_dag.py took 0.269 seconds
[2026-08-11T03:15:40.676+0000] {processor.py:186} INFO - Started process (PID=33449) to work on /opt/airflow/dags/weather_dag.py
[2026-08-11T03:15:40.678+0000] {processor.py:914} INFO - Processing file /opt/airflow/dags/weather_dag.py for tasks to queue
[2026-08-11T03:15:40.680+0000] {logging_mixin.py:190} INFO - [2026-08-11T03:15:40.680+0000] {dagbag.py:588} INFO - Filling up the DagBag from /opt/airflow/dags/weather_dag.py
[2026-08-11T03:15:40.899+0000] {processor.py:925} INFO - DAG(s) 'weather_ingestion' retrieved from /opt/airflow/dags/weather_dag.py
[2026-08-11T03:15:40.910+0000] {logging_mixin.py:190} INFO - [2026-08-11T03:15:40.910+0000] {dag.py:3239} INFO - Sync 1 DAGs
[2026-08-11T03:15:40.921+0000] {logging_mixin.py:190} INFO - [2026-08-11T03:15:40.921+0000] {dag.py:4180} INFO - Setting next_dagrun for weather_ingestion to 2026-08-11 03:00:00+00:00, run_after=2026-08-11 04:00:00+00:00
[2026-08-11T03:15:40.929+0000] {processor.py:208} INFO - Processing /opt/airflow/dags/weather_dag.py took 0.258 seconds
[2026-08-11T03:16:11.187+0000] {processor.py:186} INFO - Started process (PID=33456) to work on /opt/airflow/dags/weather_dag.py
[2026-08-11T03:16:11.189+0000] {processor.py:914} INFO - Processing file /opt/airflow/dags/weather_dag.py for tasks to queue
[2026-08-11T03:16:11.191+0000] {logging_mixin.py:190} INFO - [2026-08-11T03:16:11.191+0000] {dagbag.py:588} INFO - Filling up the DagBag from /opt/airflow/dags/weather_dag.py
[2026-08-11T03:16:11.409+0000] {processor.py:925} INFO - DAG(s) 'weather_ingestion' retrieved from /opt/airflow/dags/weather_dag.py
[2026-08-11T03:16:11.422+0000] {logging_mixin.py:190} INFO - [2026-08-11T03:16:11.421+0000] {dag.py:3239} INFO - Sync 1 DAGs
[2026-08-11T03:16:11.433+0000] {logging_mixin.py:190} INFO - [2026-08-11T03:16:11.433+0000] {dag.py:4180} INFO - Setting next_dagrun for weather_ingestion to 2026-08-11 03:00:00+00:00, run_after=2026-08-11 04:00:00+00:00
[2026-08-11T03:16:11.439+0000] {processor.py:208} INFO - Processing /opt/airflow/dags/weather_dag.py took 0.259 seconds
[2026-08-11T03:16:41.532+0000] {processor.py:186} INFO - Started process (PID=33463) to work on /opt/airflow/dags/weather_dag.py
[2026-08-11T03:16:41.534+0000] {processor.py:914} INFO - Processing file /opt/airflow/dags/weather_dag.py for tasks to queue
[2026-08-11T03:16:41.536+0000] {logging_mixin.py:190} INFO - [2026-08-11T03:16:41.536+0000] {dagbag.py:588} INFO - Filling up the DagBag from /opt/airflow/dags/weather_dag.py
[2026-08-11T03:16:41.768+0000] {processor.py:925} INFO - DAG(s) 'weather_ingestion' retrieved from /opt/airflow/dags/weather_dag.py
[2026-08-11T03:16:41.779+0000] {logging_mixin.py:190} INFO - [2026-08-11T03:16:41.779+0000] {dag.py:3239} INFO - Sync 1 DAGs
[2026-08-11T03:16:41.789+0000] {logging_mixin.py:190} INFO - [2026-08-11T03:16:41.788+0000] {dag.py:4180} INFO - Setting next_dagrun for weather_ingestion to 2026-08-11 03:00:00+00:00, run_after=2026-08-11 04:00:00+00:00
[2026-08-11T03:16:41.795+0000] {processor.py:208} INFO - Processing /opt/airflow/dags/weather_dag.py took 0.270 seconds
[2026-08-11T03:17:11.994+0000] {processor.py:186} INFO - Started process (PID=33470) to work on /opt/airflow/dags/weather_dag.py
[2026-08-11T03:17:11.997+0000] {processor.py:914} INFO - Processing file /opt/airflow/dags/weather_dag.py for tasks to queue
[2026-08-11T03:17:12.000+0000] {logging_mixin.py:190} INFO - [2026-08-11T03:17:12.000+0000] {dagbag.py:588} INFO - Filling up the DagBag from /opt/airflow/dags/weather_dag.py
[2026-08-11T03:17:12.267+0000] {processor.py:925} INFO - DAG(s) 'weather_ingestion' retrieved from /opt/airflow/dags/weather_dag.py
[2026-08-11T03:17:12.283+0000] {logging_mixin.py:190} INFO - [2026-08-11T03:17:12.283+0000] {dag.py:3239} INFO - Sync 1 DAGs
[2026-08-11T03:17:12.296+0000] {logging_mixin.py:190} INFO - [2026-08-11T03:17:12.296+0000] {dag.py:4180} INFO - Setting next_dagrun for weather_ingestion to 2026-08-11 03:00:00+00:00, run_after=2026-08-11 04:00:00+00:00
[2026-08-11T03:17:12.303+0000] {processor.py:208} INFO - Processing /opt/airflow/dags/weather_dag.py took 0.320 seconds
[2026-08-11T03:17:42.509+0000] {processor.py:186} INFO - Started process (PID=33477) to work on /opt/airflow/dags/weather_dag.py
[2026-08-11T03:17:42.511+0000] {processor.py:914} INFO - Processing file /opt/airflow/dags/weather_dag.py for tasks to queue
[2026-08-11T03:17:42.514+0000] {logging_mixin.py:190} INFO - [2026-08-11T03:17:42.513+0000] {dagbag.py:588} INFO - Filling up the DagBag from /opt/airflow/dags/weather_dag.py
[2026-08-11T03:17:42.726+0000] {processor.py:925} INFO - DAG(s) 'weather_ingestion' retrieved from /opt/airflow/dags/weather_dag.py
[2026-08-11T03:17:42.736+0000] {logging_mixin.py:190} INFO - [2026-08-11T03:17:42.736+0000] {dag.py:3239} INFO - Sync 1 DAGs
[2026-08-11T03:17:42.745+0000] {logging_mixin.py:190} INFO - [2026-08-11T03:17:42.745+0000] {dag.py:4180} INFO - Setting next_dagrun for weather_ingestion to 2026-08-11 03:00:00+00:00, run_after=2026-08-11 04:00:00+00:00
[2026-08-11T03:17:42.752+0000] {processor.py:208} INFO - Processing /opt/airflow/dags/weather_dag.py took 0.251 seconds
[2026-08-11T03:18:12.990+0000] {processor.py:186} INFO - Started process (PID=33484) to work on /opt/airflow/dags/weather_dag.py
[2026-08-11T03:18:12.992+0000] {processor.py:914} INFO - Processing file /opt/airflow/dags/weather_dag.py for tasks to queue
[2026-08-11T03:18:12.995+0000] {logging_mixin.py:190} INFO - [2026-08-11T03:18:12.995+0000] {dagbag.py:588} INFO - Filling up the DagBag from /opt/airflow/dags/weather_dag.py
[2026-08-11T03:18:13.210+0000] {processor.py:925} INFO - DAG(s) 'weather_ingestion' retrieved from /opt/airflow/dags/weather_dag.py
[2026-08-11T03:18:13.222+0000] {logging_mixin.py:190} INFO - [2026-08-11T03:18:13.222+0000] {dag.py:3239} INFO - Sync 1 DAGs
[2026-08-11T03:18:13.233+0000] {logging_mixin.py:190} INFO - [2026-08-11T03:18:13.233+0000] {dag.py:4180} INFO - Setting next_dagrun for weather_ingestion to 2026-08-11 03:00:00+00:00, run_after=2026-08-11 04:00:00+00:00
[2026-08-11T03:18:13.240+0000] {processor.py:208} INFO - Processing /opt/airflow/dags/weather_dag.py took 0.258 seconds
[2026-08-11T03:18:43.429+0000] {processor.py:186} INFO - Started process (PID=33491) to work on /opt/airflow/dags/weather_dag.py
[2026-08-11T03:18:43.432+0000] {processor.py:914} INFO - Processing file /opt/airflow/dags/weather_dag.py for tasks to queue
[2026-08-11T03:18:43.434+0000] {logging_mixin.py:190} INFO - [2026-08-11T03:18:43.434+0000] {dagbag.py:588} INFO - Filling up the DagBag from /opt/airflow/dags/weather_dag.py
[2026-08-11T03:18:43.646+0000] {processor.py:925} INFO - DAG(s) 'weather_ingestion' retrieved from /opt/airflow/dags/weather_dag.py
[2026-08-11T03:18:43.658+0000] {logging_mixin.py:190} INFO - [2026-08-11T03:18:43.657+0000] {dag.py:3239} INFO - Sync 1 DAGs
[2026-08-11T03:18:43.667+0000] {logging_mixin.py:190} INFO - [2026-08-11T03:18:43.667+0000] {dag.py:4180} INFO - Setting next_dagrun for weather_ingestion to 2026-08-11 03:00:00+00:00, run_after=2026-08-11 04:00:00+00:00
[2026-08-11T03:18:43.674+0000] {processor.py:208} INFO - Processing /opt/airflow/dags/weather_dag.py took 0.252 seconds
[2026-08-11T03:19:13.971+0000] {processor.py:186} INFO - Started process (PID=33498) to work on /opt/airflow/dags/weather_dag.py
[2026-08-11T03:19:13.973+0000] {processor.py:914} INFO - Processing file /opt/airflow/dags/weather_dag.py for tasks to queue
[2026-08-11T03:19:13.975+0000] {logging_mixin.py:190} INFO - [2026-08-11T03:19:13.975+0000] {dagbag.py:588} INFO - Filling up the DagBag from /opt/airflow/dags/weather_dag.py
[2026-08-11T03:19:14.197+0000] {processor.py:925} INFO - DAG(s) 'weather_ingestion' retrieved from /opt/airflow/dags/weather_dag.py
[2026-08-11T03:19:14.209+0000] {logging_mixin.py:190} INFO - [2026-08-11T03:19:14.209+0000] {dag.py:3239} INFO - Sync 1 DAGs
[2026-08-11T03:19:14.219+0000] {logging_mixin.py:190} INFO - [2026-08-11T03:19:14.219+0000] {dag.py:4180} INFO - Setting next_dagrun for weather_ingestion to 2026-08-11 03:00:00+00:00, run_after=2026-08-11 04:00:00+00:00
[2026-08-11T03:19:14.225+0000] {processor.py:208} INFO - Processing /opt/airflow/dags/weather_dag.py took 0.262 seconds
[2026-08-11T03:19:44.313+0000] {processor.py:186} INFO - Started process (PID=33505) to work on /opt/airflow/dags/weather_dag.py
[2026-08-11T03:19:44.314+0000] {processor.py:914} INFO - Processing file /opt/airflow/dags/weather_dag.py for tasks to queue
[2026-08-11T03:19:44.316+0000] {logging_mixin.py:190} INFO - [2026-08-11T03:19:44.316+0000] {dagbag.py:588} INFO - Filling up the DagBag from /opt/airflow/dags/weather_dag.py
[2026-08-11T03:19:44.534+0000] {processor.py:925} INFO - DAG(s) 'weather_ingestion' retrieved from /opt/airflow/dags/weather_dag.py
[2026-08-11T03:19:44.547+0000] {logging_mixin.py:190} INFO - [2026-08-11T03:19:44.547+0000] {dag.py:3239} INFO - Sync 1 DAGs
[2026-08-11T03:19:44.557+0000] {logging_mixin.py:190} INFO - [2026-08-11T03:19:44.557+0000] {dag.py:4180} INFO - Setting next_dagrun for weather_ingestion to 2026-08-11 03:00:00+00:00, run_after=2026-08-11 04:00:00+00:00
[2026-08-11T03:19:44.564+0000] {processor.py:208} INFO - Processing /opt/airflow/dags/weather_dag.py took 0.259 seconds
[2026-08-11T03:20:14.686+0000] {processor.py:186} INFO - Started process (PID=33512) to work on /opt/airflow/dags/weather_dag.py
[2026-08-11T03:20:14.687+0000] {processor.py:914} INFO - Processing file /opt/airflow/dags/weather_dag.py for tasks to queue
[2026-08-11T03:20:14.690+0000] {logging_mixin.py:190} INFO - [2026-08-11T03:20:14.690+0000] {dagbag.py:588} INFO - Filling up the DagBag from /opt/airflow/dags/weather_dag.py
[2026-08-11T03:20:14.946+0000] {processor.py:925} INFO - DAG(s) 'weather_ingestion' retrieved from /opt/airflow/dags/weather_dag.py
[2026-08-11T03:20:14.959+0000] {logging_mixin.py:190} INFO - [2026-08-11T03:20:14.959+0000] {dag.py:3239} INFO - Sync 1 DAGs
[2026-08-11T03:20:14.970+0000] {logging_mixin.py:190} INFO - [2026-08-11T03:20:14.970+0000] {dag.py:4180} INFO - Setting next_dagrun for weather_ingestion to 2026-08-11 03:00:00+00:00, run_after=2026-08-11 04:00:00+00:00
[2026-08-11T03:20:14.977+0000] {processor.py:208} INFO - Processing /opt/airflow/dags/weather_dag.py took 0.300 seconds
[2026-08-11T03:20:45.229+0000] {processor.py:186} INFO - Started process (PID=33519) to work on /opt/airflow/dags/weather_dag.py
[2026-08-11T03:20:45.230+0000] {processor.py:914} INFO - Processing file /opt/airflow/dags/weather_dag.py for tasks to queue
[2026-08-11T03:20:45.232+0000] {logging_mixin.py:190} INFO - [2026-08-11T03:20:45.232+0000] {dagbag.py:588} INFO - Filling up the DagBag from /opt/airflow/dags/weather_dag.py
[2026-08-11T03:20:45.468+0000] {processor.py:925} INFO - DAG(s) 'weather_ingestion' retrieved from /opt/airflow/dags/weather_dag.py
[2026-08-11T03:20:45.479+0000] {logging_mixin.py:190} INFO - [2026-08-11T03:20:45.479+0000] {dag.py:3239} INFO - Sync 1 DAGs
[2026-08-11T03:20:45.488+0000] {logging_mixin.py:190} INFO - [2026-08-11T03:20:45.488+0000] {dag.py:4180} INFO - Setting next_dagrun for weather_ingestion to 2026-08-11 03:00:00+00:00, run_after=2026-08-11 04:00:00+00:00
[2026-08-11T03:20:45.495+0000] {processor.py:208} INFO - Processing /opt/airflow/dags/weather_dag.py took 0.275 seconds
[2026-08-11T03:21:15.710+0000] {processor.py:186} INFO - Started process (PID=33526) to work on /opt/airflow/dags/weather_dag.py
[2026-08-11T03:21:15.712+0000] {processor.py:914} INFO - Processing file /opt/airflow/dags/weather_dag.py for tasks to queue
[2026-08-11T03:21:15.714+0000] {logging_mixin.py:190} INFO - [2026-08-11T03:21:15.714+0000] {dagbag.py:588} INFO - Filling up the DagBag from /opt/airflow/dags/weather_dag.py
[2026-08-11T03:21:15.929+0000] {processor.py:925} INFO - DAG(s) 'weather_ingestion' retrieved from /opt/airflow/dags/weather_dag.py
[2026-08-11T03:21:15.944+0000] {logging_mixin.py:190} INFO - [2026-08-11T03:21:15.944+0000] {dag.py:3239} INFO - Sync 1 DAGs
[2026-08-11T03:21:15.955+0000] {logging_mixin.py:190} INFO - [2026-08-11T03:21:15.955+0000] {dag.py:4180} INFO - Setting next_dagrun for weather_ingestion to 2026-08-11 03:00:00+00:00, run_after=2026-08-11 04:00:00+00:00
[2026-08-11T03:21:15.962+0000] {processor.py:208} INFO - Processing /opt/airflow/dags/weather_dag.py took 0.259 seconds
[2026-08-11T03:21:46.194+0000] {processor.py:186} INFO - Started process (PID=33533) to work on /opt/airflow/dags/weather_dag.py
[2026-08-11T03:21:46.197+0000] {processor.py:914} INFO - Processing file /opt/airflow/dags/weather_dag.py for tasks to queue
[2026-08-11T03:21:46.199+0000] {logging_mixin.py:190} INFO - [2026-08-11T03:21:46.199+0000] {dagbag.py:588} INFO - Filling up the DagBag from /opt/airflow/dags/weather_dag.py
[2026-08-11T03:21:46.410+0000] {processor.py:925} INFO - DAG(s) 'weather_ingestion' retrieved from /opt/airflow/dags/weather_dag.py
[2026-08-11T03:21:46.421+0000] {logging_mixin.py:190} INFO - [2026-08-11T03:21:46.421+0000] {dag.py:3239} INFO - Sync 1 DAGs
[2026-08-11T03:21:46.430+0000] {logging_mixin.py:190} INFO - [2026-08-11T03:21:46.430+0000] {dag.py:4180} INFO - Setting next_dagrun for weather_ingestion to 2026-08-11 03:00:00+00:00, run_after=2026-08-11 04:00:00+00:00
[2026-08-11T03:21:46.437+0000] {processor.py:208} INFO - Processing /opt/airflow/dags/weather_dag.py took 0.249 seconds
[2026-08-11T03:22:16.689+0000] {processor.py:186} INFO - Started process (PID=33540) to work on /opt/airflow/dags/weather_dag.py
[2026-08-11T03:22:16.695+0000] {processor.py:914} INFO - Processing file /opt/airflow/dags/weather_dag.py for tasks to queue
[2026-08-11T03:22:16.703+0000] {logging_mixin.py:190} INFO - [2026-08-11T03:22:16.702+0000] {dagbag.py:588} INFO - Filling up the DagBag from /opt/airflow/dags/weather_dag.py
[2026-08-11T03:22:17.075+0000] {processor.py:925} INFO - DAG(s) 'weather_ingestion' retrieved from /opt/airflow/dags/weather_dag.py
[2026-08-11T03:22:17.095+0000] {logging_mixin.py:190} INFO - [2026-08-11T03:22:17.094+0000] {dag.py:3239} INFO - Sync 1 DAGs
[2026-08-11T03:22:17.109+0000] {logging_mixin.py:190} INFO - [2026-08-11T03:22:17.109+0000] {dag.py:4180} INFO - Setting next_dagrun for weather_ingestion to 2026-08-11 03:00:00+00:00, run_after=2026-08-11 04:00:00+00:00
[2026-08-11T03:22:17.117+0000] {processor.py:208} INFO - Processing /opt/airflow/dags/weather_dag.py took 0.450 seconds
[2026-08-11T03:22:47.444+0000] {processor.py:186} INFO - Started process (PID=33547) to work on /opt/airflow/dags/weather_dag.py
[2026-08-11T03:22:47.445+0000] {processor.py:914} INFO - Processing file /opt/airflow/dags/weather_dag.py for tasks to queue
[2026-08-11T03:22:47.448+0000] {logging_mixin.py:190} INFO - [2026-08-11T03:22:47.448+0000] {dagbag.py:588} INFO - Filling up the DagBag from /opt/airflow/dags/weather_dag.py
[2026-08-11T03:22:47.658+0000] {processor.py:925} INFO - DAG(s) 'weather_ingestion' retrieved from /opt/airflow/dags/weather_dag.py
[2026-08-11T03:22:47.670+0000] {logging_mixin.py:190} INFO - [2026-08-11T03:22:47.670+0000] {dag.py:3239} INFO - Sync 1 DAGs
[2026-08-11T03:22:47.679+0000] {logging_mixin.py:190} INFO - [2026-08-11T03:22:47.679+0000] {dag.py:4180} INFO - Setting next_dagrun for weather_ingestion to 2026-08-11 03:00:00+00:00, run_after=2026-08-11 04:00:00+00:00
[2026-08-11T03:22:47.686+0000] {processor.py:208} INFO - Processing /opt/airflow/dags/weather_dag.py took 0.249 seconds
[2026-08-11T03:23:17.734+0000] {processor.py:186} INFO - Started process (PID=33554) to work on /opt/airflow/dags/weather_dag.py
[2026-08-11T03:23:17.735+0000] {processor.py:914} INFO - Processing file /opt/airflow/dags/weather_dag.py for tasks to queue
[2026-08-11T03:23:17.737+0000] {logging_mixin.py:190} INFO - [2026-08-11T03:23:17.737+0000] {dagbag.py:588} INFO - Filling up the DagBag from /opt/airflow/dags/weather_dag.py
[2026-08-11T03:23:17.952+0000] {processor.py:925} INFO - DAG(s) 'weather_ingestion' retrieved from /opt/airflow/dags/weather_dag.py
[2026-08-11T03:23:17.964+0000] {logging_mixin.py:190} INFO - [2026-08-11T03:23:17.964+0000] {dag.py:3239} INFO - Sync 1 DAGs
[2026-08-11T03:23:17.973+0000] {logging_mixin.py:190} INFO - [2026-08-11T03:23:17.973+0000] {dag.py:4180} INFO - Setting next_dagrun for weather_ingestion to 2026-08-11 03:00:00+00:00, run_after=2026-08-11 04:00:00+00:00
[2026-08-11T03:23:17.980+0000] {processor.py:208} INFO - Processing /opt/airflow/dags/weather_dag.py took 0.254 seconds
[2026-08-11T03:23:48.302+0000] {processor.py:186} INFO - Started process (PID=33561) to work on /opt/airflow/dags/weather_dag.py
[2026-08-11T03:23:48.304+0000] {processor.py:914} INFO - Processing file /opt/airflow/dags/weather_dag.py for tasks to queue
[2026-08-11T03:23:48.307+0000] {logging_mixin.py:190} INFO - [2026-08-11T03:23:48.306+0000] {dagbag.py:588} INFO - Filling up the DagBag from /opt/airflow/dags/weather_dag.py
[2026-08-11T03:23:48.550+0000] {processor.py:925} INFO - DAG(s) 'weather_ingestion' retrieved from /opt/airflow/dags/weather_dag.py
[2026-08-11T03:23:48.561+0000] {logging_mixin.py:190} INFO - [2026-08-11T03:23:48.561+0000] {dag.py:3239} INFO - Sync 1 DAGs
[2026-08-11T03:23:48.570+0000] {logging_mixin.py:190} INFO - [2026-08-11T03:23:48.570+0000] {dag.py:4180} INFO - Setting next_dagrun for weather_ingestion to 2026-08-11 03:00:00+00:00, run_after=2026-08-11 04:00:00+00:00
[2026-08-11T03:23:48.576+0000] {processor.py:208} INFO - Processing /opt/airflow/dags/weather_dag.py took 0.280 seconds
[2026-08-11T03:24:18.631+0000] {processor.py:186} INFO - Started process (PID=33568) to work on /opt/airflow/dags/weather_dag.py
[2026-08-11T03:24:18.633+0000] {processor.py:914} INFO - Processing file /opt/airflow/dags/weather_dag.py for tasks to queue
[2026-08-11T03:24:18.637+0000] {logging_mixin.py:190} INFO - [2026-08-11T03:24:18.636+0000] {dagbag.py:588} INFO - Filling up the DagBag from /opt/airflow/dags/weather_dag.py
[2026-08-11T03:24:18.895+0000] {processor.py:925} INFO - DAG(s) 'weather_ingestion' retrieved from /opt/airflow/dags/weather_dag.py
[2026-08-11T03:24:18.910+0000] {logging_mixin.py:190} INFO - [2026-08-11T03:24:18.909+0000] {dag.py:3239} INFO - Sync 1 DAGs
[2026-08-11T03:24:18.922+0000] {logging_mixin.py:190} INFO - [2026-08-11T03:24:18.922+0000] {dag.py:4180} INFO - Setting next_dagrun for weather_ingestion to 2026-08-11 03:00:00+00:00, run_after=2026-08-11 04:00:00+00:00
[2026-08-11T03:24:18.929+0000] {processor.py:208} INFO - Processing /opt/airflow/dags/weather_dag.py took 0.309 seconds
[2026-08-11T03:24:48.990+0000] {processor.py:186} INFO - Started process (PID=33575) to work on /opt/airflow/dags/weather_dag.py
[2026-08-11T03:24:48.992+0000] {processor.py:914} INFO - Processing file /opt/airflow/dags/weather_dag.py for tasks to queue
[2026-08-11T03:24:48.995+0000] {logging_mixin.py:190} INFO - [2026-08-11T03:24:48.994+0000] {dagbag.py:588} INFO - Filling up the DagBag from /opt/airflow/dags/weather_dag.py
[2026-08-11T03:24:49.282+0000] {processor.py:925} INFO - DAG(s) 'weather_ingestion' retrieved from /opt/airflow/dags/weather_dag.py
[2026-08-11T03:24:49.297+0000] {logging_mixin.py:190} INFO - [2026-08-11T03:24:49.297+0000] {dag.py:3239} INFO - Sync 1 DAGs
[2026-08-11T03:24:49.311+0000] {logging_mixin.py:190} INFO - [2026-08-11T03:24:49.311+0000] {dag.py:4180} INFO - Setting next_dagrun for weather_ingestion to 2026-08-11 03:00:00+00:00, run_after=2026-08-11 04:00:00+00:00
[2026-08-11T03:24:49.321+0000] {processor.py:208} INFO - Processing /opt/airflow/dags/weather_dag.py took 0.340 seconds
[2026-08-11T03:25:19.916+0000] {processor.py:186} INFO - Started process (PID=33582) to work on /opt/airflow/dags/weather_dag.py
[2026-08-11T03:25:19.920+0000] {processor.py:914} INFO - Processing file /opt/airflow/dags/weather_dag.py for tasks to queue
[2026-08-11T03:25:19.928+0000] {logging_mixin.py:190} INFO - [2026-08-11T03:25:19.927+0000] {dagbag.py:588} INFO - Filling up the DagBag from /opt/airflow/dags/weather_dag.py
[2026-08-11T03:25:20.293+0000] {processor.py:925} INFO - DAG(s) 'weather_ingestion' retrieved from /opt/airflow/dags/weather_dag.py
[2026-08-11T03:25:20.310+0000] {logging_mixin.py:190} INFO - [2026-08-11T03:25:20.310+0000] {dag.py:3239} INFO - Sync 1 DAGs
[2026-08-11T03:25:20.324+0000] {logging_mixin.py:190} INFO - [2026-08-11T03:25:20.324+0000] {dag.py:4180} INFO - Setting next_dagrun for weather_ingestion to 2026-08-11 03:00:00+00:00, run_after=2026-08-11 04:00:00+00:00
[2026-08-11T03:25:20.339+0000] {processor.py:208} INFO - Processing /opt/airflow/dags/weather_dag.py took 0.437 seconds
[2026-08-11T03:25:50.614+0000] {processor.py:186} INFO - Started process (PID=33589) to work on /opt/airflow/dags/weather_dag.py
[2026-08-11T03:25:50.616+0000] {processor.py:914} INFO - Processing file /opt/airflow/dags/weather_dag.py for tasks to queue
[2026-08-11T03:25:50.619+0000] {logging_mixin.py:190} INFO - [2026-08-11T03:25:50.619+0000] {dagbag.py:588} INFO - Filling up the DagBag from /opt/airflow/dags/weather_dag.py
[2026-08-11T03:25:50.838+0000] {processor.py:925} INFO - DAG(s) 'weather_ingestion' retrieved from /opt/airflow/dags/weather_dag.py
[2026-08-11T03:25:50.850+0000] {logging_mixin.py:190} INFO - [2026-08-11T03:25:50.850+0000] {dag.py:3239} INFO - Sync 1 DAGs
[2026-08-11T03:25:50.860+0000] {logging_mixin.py:190} INFO - [2026-08-11T03:25:50.859+0000] {dag.py:4180} INFO - Setting next_dagrun for weather_ingestion to 2026-08-11 03:00:00+00:00, run_after=2026-08-11 04:00:00+00:00
[2026-08-11T03:25:50.866+0000] {processor.py:208} INFO - Processing /opt/airflow/dags/weather_dag.py took 0.260 seconds
[2026-08-11T03:26:21.260+0000] {processor.py:186} INFO - Started process (PID=33596) to work on /opt/airflow/dags/weather_dag.py
[2026-08-11T03:26:21.262+0000] {processor.py:914} INFO - Processing file /opt/airflow/dags/weather_dag.py for tasks to queue
[2026-08-11T03:26:21.268+0000] {logging_mixin.py:190} INFO - [2026-08-11T03:26:21.267+0000] {dagbag.py:588} INFO - Filling up the DagBag from /opt/airflow/dags/weather_dag.py
[2026-08-11T03:26:21.629+0000] {processor.py:925} INFO - DAG(s) 'weather_ingestion' retrieved from /opt/airflow/dags/weather_dag.py
[2026-08-11T03:26:21.663+0000] {logging_mixin.py:190} INFO - [2026-08-11T03:26:21.663+0000] {dag.py:3239} INFO - Sync 1 DAGs
[2026-08-11T03:26:21.686+0000] {logging_mixin.py:190} INFO - [2026-08-11T03:26:21.685+0000] {dag.py:4180} INFO - Setting next_dagrun for weather_ingestion to 2026-08-11 03:00:00+00:00, run_after=2026-08-11 04:00:00+00:00
[2026-08-11T03:26:21.695+0000] {processor.py:208} INFO - Processing /opt/airflow/dags/weather_dag.py took 0.448 seconds
[2026-08-11T03:26:52.016+0000] {processor.py:186} INFO - Started process (PID=33603) to work on /opt/airflow/dags/weather_dag.py
[2026-08-11T03:26:52.018+0000] {processor.py:914} INFO - Processing file /opt/airflow/dags/weather_dag.py for tasks to queue
[2026-08-11T03:26:52.021+0000] {logging_mixin.py:190} INFO - [2026-08-11T03:26:52.020+0000] {dagbag.py:588} INFO - Filling up the DagBag from /opt/airflow/dags/weather_dag.py
[2026-08-11T03:26:52.235+0000] {processor.py:925} INFO - DAG(s) 'weather_ingestion' retrieved from /opt/airflow/dags/weather_dag.py
[2026-08-11T03:26:52.249+0000] {logging_mixin.py:190} INFO - [2026-08-11T03:26:52.249+0000] {dag.py:3239} INFO - Sync 1 DAGs
[2026-08-11T03:26:52.260+0000] {logging_mixin.py:190} INFO - [2026-08-11T03:26:52.260+0000] {dag.py:4180} INFO - Setting next_dagrun for weather_ingestion to 2026-08-11 03:00:00+00:00, run_after=2026-08-11 04:00:00+00:00
[2026-08-11T03:26:52.272+0000] {processor.py:208} INFO - Processing /opt/airflow/dags/weather_dag.py took 0.266 seconds
[2026-08-11T03:27:22.407+0000] {processor.py:186} INFO - Started process (PID=33610) to work on /opt/airflow/dags/weather_dag.py
[2026-08-11T03:27:22.410+0000] {processor.py:914} INFO - Processing file /opt/airflow/dags/weather_dag.py for tasks to queue
[2026-08-11T03:27:22.416+0000] {logging_mixin.py:190} INFO - [2026-08-11T03:27:22.415+0000] {dagbag.py:588} INFO - Filling up the DagBag from /opt/airflow/dags/weather_dag.py
[2026-08-11T03:27:22.792+0000] {processor.py:925} INFO - DAG(s) 'weather_ingestion' retrieved from /opt/airflow/dags/weather_dag.py
[2026-08-11T03:27:22.811+0000] {logging_mixin.py:190} INFO - [2026-08-11T03:27:22.811+0000] {dag.py:3239} INFO - Sync 1 DAGs
[2026-08-11T03:27:22.842+0000] {logging_mixin.py:190} INFO - [2026-08-11T03:27:22.842+0000] {dag.py:4180} INFO - Setting next_dagrun for weather_ingestion to 2026-08-11 03:00:00+00:00, run_after=2026-08-11 04:00:00+00:00
[2026-08-11T03:27:22.851+0000] {processor.py:208} INFO - Processing /opt/airflow/dags/weather_dag.py took 0.466 seconds
[2026-08-11T03:27:53.100+0000] {processor.py:186} INFO - Started process (PID=33617) to work on /opt/airflow/dags/weather_dag.py
[2026-08-11T03:27:53.103+0000] {processor.py:914} INFO - Processing file /opt/airflow/dags/weather_dag.py for tasks to queue
[2026-08-11T03:27:53.105+0000] {logging_mixin.py:190} INFO - [2026-08-11T03:27:53.104+0000] {dagbag.py:588} INFO - Filling up the DagBag from /opt/airflow/dags/weather_dag.py
[2026-08-11T03:27:53.316+0000] {processor.py:925} INFO - DAG(s) 'weather_ingestion' retrieved from /opt/airflow/dags/weather_dag.py
[2026-08-11T03:27:53.327+0000] {logging_mixin.py:190} INFO - [2026-08-11T03:27:53.327+0000] {dag.py:3239} INFO - Sync 1 DAGs
[2026-08-11T03:27:53.338+0000] {logging_mixin.py:190} INFO - [2026-08-11T03:27:53.338+0000] {dag.py:4180} INFO - Setting next_dagrun for weather_ingestion to 2026-08-11 03:00:00+00:00, run_after=2026-08-11 04:00:00+00:00
[2026-08-11T03:27:53.345+0000] {processor.py:208} INFO - Processing /opt/airflow/dags/weather_dag.py took 0.253 seconds
[2026-08-11T03:28:23.460+0000] {processor.py:186} INFO - Started process (PID=33624) to work on /opt/airflow/dags/weather_dag.py
[2026-08-11T03:28:23.462+0000] {processor.py:914} INFO - Processing file /opt/airflow/dags/weather_dag.py for tasks to queue
[2026-08-11T03:28:23.464+0000] {logging_mixin.py:190} INFO - [2026-08-11T03:28:23.464+0000] {dagbag.py:588} INFO - Filling up the DagBag from /opt/airflow/dags/weather_dag.py
[2026-08-11T03:28:23.679+0000] {processor.py:925} INFO - DAG(s) 'weather_ingestion' retrieved from /opt/airflow/dags/weather_dag.py
[2026-08-11T03:28:23.689+0000] {logging_mixin.py:190} INFO - [2026-08-11T03:28:23.689+0000] {dag.py:3239} INFO - Sync 1 DAGs
[2026-08-11T03:28:23.698+0000] {logging_mixin.py:190} INFO - [2026-08-11T03:28:23.698+0000] {dag.py:4180} INFO - Setting next_dagrun for weather_ingestion to 2026-08-11 03:00:00+00:00, run_after=2026-08-11 04:00:00+00:00
[2026-08-11T03:28:23.705+0000] {processor.py:208} INFO - Processing /opt/airflow/dags/weather_dag.py took 0.252 seconds
[2026-08-11T03:28:53.945+0000] {processor.py:186} INFO - Started process (PID=33631) to work on /opt/airflow/dags/weather_dag.py
[2026-08-11T03:28:53.947+0000] {processor.py:914} INFO - Processing file /opt/airflow/dags/weather_dag.py for tasks to queue
[2026-08-11T03:28:53.949+0000] {logging_mixin.py:190} INFO - [2026-08-11T03:28:53.949+0000] {dagbag.py:588} INFO - Filling up the DagBag from /opt/airflow/dags/weather_dag.py
[2026-08-11T03:28:54.163+0000] {processor.py:925} INFO - DAG(s) 'weather_ingestion' retrieved from /opt/airflow/dags/weather_dag.py
[2026-08-11T03:28:54.174+0000] {logging_mixin.py:190} INFO - [2026-08-11T03:28:54.174+0000] {dag.py:3239} INFO - Sync 1 DAGs
[2026-08-11T03:28:54.183+0000] {logging_mixin.py:190} INFO - [2026-08-11T03:28:54.183+0000] {dag.py:4180} INFO - Setting next_dagrun for weather_ingestion to 2026-08-11 03:00:00+00:00, run_after=2026-08-11 04:00:00+00:00
[2026-08-11T03:28:54.189+0000] {processor.py:208} INFO - Processing /opt/airflow/dags/weather_dag.py took 0.251 seconds
[2026-08-11T03:29:24.270+0000] {processor.py:186} INFO - Started process (PID=33638) to work on /opt/airflow/dags/weather_dag.py
[2026-08-11T03:29:24.272+0000] {processor.py:914} INFO - Processing file /opt/airflow/dags/weather_dag.py for tasks to queue
[2026-08-11T03:29:24.275+0000] {logging_mixin.py:190} INFO - [2026-08-11T03:29:24.275+0000] {dagbag.py:588} INFO - Filling up the DagBag from /opt/airflow/dags/weather_dag.py
[2026-08-11T03:29:24.536+0000] {processor.py:925} INFO - DAG(s) 'weather_ingestion' retrieved from /opt/airflow/dags/weather_dag.py
[2026-08-11T03:29:24.550+0000] {logging_mixin.py:190} INFO - [2026-08-11T03:29:24.550+0000] {dag.py:3239} INFO - Sync 1 DAGs
[2026-08-11T03:29:24.562+0000] {logging_mixin.py:190} INFO - [2026-08-11T03:29:24.562+0000] {dag.py:4180} INFO - Setting next_dagrun for weather_ingestion to 2026-08-11 03:00:00+00:00, run_after=2026-08-11 04:00:00+00:00
[2026-08-11T03:29:24.780+0000] {processor.py:208} INFO - Processing /opt/airflow/dags/weather_dag.py took 0.520 seconds
[2026-08-11T03:29:54.833+0000] {processor.py:186} INFO - Started process (PID=33645) to work on /opt/airflow/dags/weather_dag.py
[2026-08-11T03:29:54.834+0000] {processor.py:914} INFO - Processing file /opt/airflow/dags/weather_dag.py for tasks to queue
[2026-08-11T03:29:54.836+0000] {logging_mixin.py:190} INFO - [2026-08-11T03:29:54.836+0000] {dagbag.py:588} INFO - Filling up the DagBag from /opt/airflow/dags/weather_dag.py
[2026-08-11T03:29:55.054+0000] {processor.py:925} INFO - DAG(s) 'weather_ingestion' retrieved from /opt/airflow/dags/weather_dag.py
[2026-08-11T03:29:55.065+0000] {logging_mixin.py:190} INFO - [2026-08-11T03:29:55.065+0000] {dag.py:3239} INFO - Sync 1 DAGs
[2026-08-11T03:29:55.075+0000] {logging_mixin.py:190} INFO - [2026-08-11T03:29:55.074+0000] {dag.py:4180} INFO - Setting next_dagrun for weather_ingestion to 2026-08-11 03:00:00+00:00, run_after=2026-08-11 04:00:00+00:00
[2026-08-11T03:29:55.081+0000] {processor.py:208} INFO - Processing /opt/airflow/dags/weather_dag.py took 0.254 seconds
[2026-08-11T03:30:25.401+0000] {processor.py:186} INFO - Started process (PID=33652) to work on /opt/airflow/dags/weather_dag.py
[2026-08-11T03:30:25.403+0000] {processor.py:914} INFO - Processing file /opt/airflow/dags/weather_dag.py for tasks to queue
[2026-08-11T03:30:25.407+0000] {logging_mixin.py:190} INFO - [2026-08-11T03:30:25.406+0000] {dagbag.py:588} INFO - Filling up the DagBag from /opt/airflow/dags/weather_dag.py
[2026-08-11T03:30:25.669+0000] {processor.py:925} INFO - DAG(s) 'weather_ingestion' retrieved from /opt/airflow/dags/weather_dag.py
[2026-08-11T03:30:25.681+0000] {logging_mixin.py:190} INFO - [2026-08-11T03:30:25.681+0000] {dag.py:3239} INFO - Sync 1 DAGs
[2026-08-11T03:30:25.691+0000] {logging_mixin.py:190} INFO - [2026-08-11T03:30:25.691+0000] {dag.py:4180} INFO - Setting next_dagrun for weather_ingestion to 2026-08-11 03:00:00+00:00, run_after=2026-08-11 04:00:00+00:00
[2026-08-11T03:30:25.697+0000] {processor.py:208} INFO - Processing /opt/airflow/dags/weather_dag.py took 0.304 seconds
[2026-08-11T03:30:55.744+0000] {processor.py:186} INFO - Started process (PID=33659) to work on /opt/airflow/dags/weather_dag.py
[2026-08-11T03:30:55.745+0000] {processor.py:914} INFO - Processing file /opt/airflow/dags/weather_dag.py for tasks to queue
[2026-08-11T03:30:55.749+0000] {logging_mixin.py:190} INFO - [2026-08-11T03:30:55.749+0000] {dagbag.py:588} INFO - Filling up the DagBag from /opt/airflow/dags/weather_dag.py
[2026-08-11T03:30:56.015+0000] {processor.py:925} INFO - DAG(s) 'weather_ingestion' retrieved from /opt/airflow/dags/weather_dag.py
[2026-08-11T03:30:56.032+0000] {logging_mixin.py:190} INFO - [2026-08-11T03:30:56.031+0000] {dag.py:3239} INFO - Sync 1 DAGs
[2026-08-11T03:30:56.045+0000] {logging_mixin.py:190} INFO - [2026-08-11T03:30:56.045+0000] {dag.py:4180} INFO - Setting next_dagrun for weather_ingestion to 2026-08-11 03:00:00+00:00, run_after=2026-08-11 04:00:00+00:00
[2026-08-11T03:30:56.053+0000] {processor.py:208} INFO - Processing /opt/airflow/dags/weather_dag.py took 0.320 seconds
[2026-08-11T03:31:26.359+0000] {processor.py:186} INFO - Started process (PID=33666) to work on /opt/airflow/dags/weather_dag.py
[2026-08-11T03:31:26.361+0000] {processor.py:914} INFO - Processing file /opt/airflow/dags/weather_dag.py for tasks to queue
[2026-08-11T03:31:26.363+0000] {logging_mixin.py:190} INFO - [2026-08-11T03:31:26.363+0000] {dagbag.py:588} INFO - Filling up the DagBag from /opt/airflow/dags/weather_dag.py
[2026-08-11T03:31:26.582+0000] {processor.py:925} INFO - DAG(s) 'weather_ingestion' retrieved from /opt/airflow/dags/weather_dag.py
[2026-08-11T03:31:26.593+0000] {logging_mixin.py:190} INFO - [2026-08-11T03:31:26.593+0000] {dag.py:3239} INFO - Sync 1 DAGs
[2026-08-11T03:31:26.602+0000] {logging_mixin.py:190} INFO - [2026-08-11T03:31:26.602+0000] {dag.py:4180} INFO - Setting next_dagrun for weather_ingestion to 2026-08-11 03:00:00+00:00, run_after=2026-08-11 04:00:00+00:00
[2026-08-11T03:31:26.609+0000] {processor.py:208} INFO - Processing /opt/airflow/dags/weather_dag.py took 0.258 seconds
[2026-08-11T03:31:56.916+0000] {processor.py:186} INFO - Started process (PID=33673) to work on /opt/airflow/dags/weather_dag.py
[2026-08-11T03:31:56.918+0000] {processor.py:914} INFO - Processing file /opt/airflow/dags/weather_dag.py for tasks to queue
[2026-08-11T03:31:56.920+0000] {logging_mixin.py:190} INFO - [2026-08-11T03:31:56.919+0000] {dagbag.py:588} INFO - Filling up the DagBag from /opt/airflow/dags/weather_dag.py
[2026-08-11T03:31:57.134+0000] {processor.py:925} INFO - DAG(s) 'weather_ingestion' retrieved from /opt/airflow/dags/weather_dag.py
[2026-08-11T03:31:57.145+0000] {logging_mixin.py:190} INFO - [2026-08-11T03:31:57.145+0000] {dag.py:3239} INFO - Sync 1 DAGs
[2026-08-11T03:31:57.154+0000] {logging_mixin.py:190} INFO - [2026-08-11T03:31:57.153+0000] {dag.py:4180} INFO - Setting next_dagrun for weather_ingestion to 2026-08-11 03:00:00+00:00, run_after=2026-08-11 04:00:00+00:00
[2026-08-11T03:31:57.160+0000] {processor.py:208} INFO - Processing /opt/airflow/dags/weather_dag.py took 0.251 seconds
[2026-08-11T03:32:27.279+0000] {processor.py:186} INFO - Started process (PID=33680) to work on /opt/airflow/dags/weather_dag.py
[2026-08-11T03:32:27.281+0000] {processor.py:914} INFO - Processing file /opt/airflow/dags/weather_dag.py for tasks to queue
[2026-08-11T03:32:27.287+0000] {logging_mixin.py:190} INFO - [2026-08-11T03:32:27.286+0000] {dagbag.py:588} INFO - Filling up the DagBag from /opt/airflow/dags/weather_dag.py
[2026-08-11T03:32:27.652+0000] {processor.py:925} INFO - DAG(s) 'weather_ingestion' retrieved from /opt/airflow/dags/weather_dag.py
[2026-08-11T03:32:27.670+0000] {logging_mixin.py:190} INFO - [2026-08-11T03:32:27.670+0000] {dag.py:3239} INFO - Sync 1 DAGs
[2026-08-11T03:32:27.685+0000] {logging_mixin.py:190} INFO - [2026-08-11T03:32:27.685+0000] {dag.py:4180} INFO - Setting next_dagrun for weather_ingestion to 2026-08-11 03:00:00+00:00, run_after=2026-08-11 04:00:00+00:00
[2026-08-11T03:32:27.693+0000] {processor.py:208} INFO - Processing /opt/airflow/dags/weather_dag.py took 0.433 seconds
[2026-08-11T03:32:57.821+0000] {processor.py:186} INFO - Started process (PID=33687) to work on /opt/airflow/dags/weather_dag.py
[2026-08-11T03:32:57.823+0000] {processor.py:914} INFO - Processing file /opt/airflow/dags/weather_dag.py for tasks to queue
[2026-08-11T03:32:57.827+0000] {logging_mixin.py:190} INFO - [2026-08-11T03:32:57.827+0000] {dagbag.py:588} INFO - Filling up the DagBag from /opt/airflow/dags/weather_dag.py
[2026-08-11T03:32:58.052+0000] {processor.py:925} INFO - DAG(s) 'weather_ingestion' retrieved from /opt/airflow/dags/weather_dag.py
[2026-08-11T03:32:58.063+0000] {logging_mixin.py:190} INFO - [2026-08-11T03:32:58.063+0000] {dag.py:3239} INFO - Sync 1 DAGs
[2026-08-11T03:32:58.074+0000] {logging_mixin.py:190} INFO - [2026-08-11T03:32:58.073+0000] {dag.py:4180} INFO - Setting next_dagrun for weather_ingestion to 2026-08-11 03:00:00+00:00, run_after=2026-08-11 04:00:00+00:00
[2026-08-11T03:32:58.080+0000] {processor.py:208} INFO - Processing /opt/airflow/dags/weather_dag.py took 0.266 seconds
[2026-08-11T03:33:28.327+0000] {processor.py:186} INFO - Started process (PID=33694) to work on /opt/airflow/dags/weather_dag.py
[2026-08-11T03:33:28.330+0000] {processor.py:914} INFO - Processing file /opt/airflow/dags/weather_dag.py for tasks to queue
[2026-08-11T03:33:28.332+0000] {logging_mixin.py:190} INFO - [2026-08-11T03:33:28.331+0000] {dagbag.py:588} INFO - Filling up the DagBag from /opt/airflow/dags/weather_dag.py
[2026-08-11T03:33:28.550+0000] {processor.py:925} INFO - DAG(s) 'weather_ingestion' retrieved from /opt/airflow/dags/weather_dag.py
[2026-08-11T03:33:28.563+0000] {logging_mixin.py:190} INFO - [2026-08-11T03:33:28.563+0000] {dag.py:3239} INFO - Sync 1 DAGs
[2026-08-11T03:33:28.572+0000] {logging_mixin.py:190} INFO - [2026-08-11T03:33:28.572+0000] {dag.py:4180} INFO - Setting next_dagrun for weather_ingestion to 2026-08-11 03:00:00+00:00, run_after=2026-08-11 04:00:00+00:00
[2026-08-11T03:33:28.578+0000] {processor.py:208} INFO - Processing /opt/airflow/dags/weather_dag.py took 0.258 seconds
[2026-08-11T03:33:58.903+0000] {processor.py:186} INFO - Started process (PID=33701) to work on /opt/airflow/dags/weather_dag.py
[2026-08-11T03:33:58.905+0000] {processor.py:914} INFO - Processing file /opt/airflow/dags/weather_dag.py for tasks to queue
[2026-08-11T03:33:58.909+0000] {logging_mixin.py:190} INFO - [2026-08-11T03:33:58.909+0000] {dagbag.py:588} INFO - Filling up the DagBag from /opt/airflow/dags/weather_dag.py
[2026-08-11T03:33:59.163+0000] {processor.py:925} INFO - DAG(s) 'weather_ingestion' retrieved from /opt/airflow/dags/weather_dag.py
[2026-08-11T03:33:59.177+0000] {logging_mixin.py:190} INFO - [2026-08-11T03:33:59.177+0000] {dag.py:3239} INFO - Sync 1 DAGs
[2026-08-11T03:33:59.188+0000] {logging_mixin.py:190} INFO - [2026-08-11T03:33:59.188+0000] {dag.py:4180} INFO - Setting next_dagrun for weather_ingestion to 2026-08-11 03:00:00+00:00, run_after=2026-08-11 04:00:00+00:00
[2026-08-11T03:33:59.196+0000] {processor.py:208} INFO - Processing /opt/airflow/dags/weather_dag.py took 0.304 seconds
[2026-08-11T03:34:29.516+0000] {processor.py:186} INFO - Started process (PID=33708) to work on /opt/airflow/dags/weather_dag.py
[2026-08-11T03:34:29.518+0000] {processor.py:914} INFO - Processing file /opt/airflow/dags/weather_dag.py for tasks to queue
[2026-08-11T03:34:29.521+0000] {logging_mixin.py:190} INFO - [2026-08-11T03:34:29.521+0000] {dagbag.py:588} INFO - Filling up the DagBag from /opt/airflow/dags/weather_dag.py
[2026-08-11T03:34:29.733+0000] {processor.py:925} INFO - DAG(s) 'weather_ingestion' retrieved from /opt/airflow/dags/weather_dag.py
[2026-08-11T03:34:29.744+0000] {logging_mixin.py:190} INFO - [2026-08-11T03:34:29.744+0000] {dag.py:3239} INFO - Sync 1 DAGs
[2026-08-11T03:34:29.753+0000] {logging_mixin.py:190} INFO - [2026-08-11T03:34:29.753+0000] {dag.py:4180} INFO - Setting next_dagrun for weather_ingestion to 2026-08-11 03:00:00+00:00, run_after=2026-08-11 04:00:00+00:00
[2026-08-11T03:34:29.760+0000] {processor.py:208} INFO - Processing /opt/airflow/dags/weather_dag.py took 0.252 seconds
[2026-08-11T03:34:59.837+0000] {processor.py:186} INFO - Started process (PID=33715) to work on /opt/airflow/dags/weather_dag.py
[2026-08-11T03:34:59.839+0000] {processor.py:914} INFO - Processing file /opt/airflow/dags/weather_dag.py for tasks to queue
[2026-08-11T03:34:59.842+0000] {logging_mixin.py:190} INFO - [2026-08-11T03:34:59.842+0000] {dagbag.py:588} INFO - Filling up the DagBag from /opt/airflow/dags/weather_dag.py
[2026-08-11T03:35:00.055+0000] {processor.py:925} INFO - DAG(s) 'weather_ingestion' retrieved from /opt/airflow/dags/weather_dag.py
[2026-08-11T03:35:00.066+0000] {logging_mixin.py:190} INFO - [2026-08-11T03:35:00.066+0000] {dag.py:3239} INFO - Sync 1 DAGs
[2026-08-11T03:35:00.075+0000] {logging_mixin.py:190} INFO - [2026-08-11T03:35:00.075+0000] {dag.py:4180} INFO - Setting next_dagrun for weather_ingestion to 2026-08-11 03:00:00+00:00, run_after=2026-08-11 04:00:00+00:00
[2026-08-11T03:35:00.082+0000] {processor.py:208} INFO - Processing /opt/airflow/dags/weather_dag.py took 0.253 seconds
[2026-08-11T03:35:30.336+0000] {processor.py:186} INFO - Started process (PID=33722) to work on /opt/airflow/dags/weather_dag.py
[2026-08-11T03:35:30.338+0000] {processor.py:914} INFO - Processing file /opt/airflow/dags/weather_dag.py for tasks to queue
[2026-08-11T03:35:30.340+0000] {logging_mixin.py:190} INFO - [2026-08-11T03:35:30.340+0000] {dagbag.py:588} INFO - Filling up the DagBag from /opt/airflow/dags/weather_dag.py
[2026-08-11T03:35:30.553+0000] {processor.py:925} INFO - DAG(s) 'weather_ingestion' retrieved from /opt/airflow/dags/weather_dag.py
[2026-08-11T03:35:30.564+0000] {logging_mixin.py:190} INFO - [2026-08-11T03:35:30.564+0000] {dag.py:3239} INFO - Sync 1 DAGs
[2026-08-11T03:35:30.574+0000] {logging_mixin.py:190} INFO - [2026-08-11T03:35:30.574+0000] {dag.py:4180} INFO - Setting next_dagrun for weather_ingestion to 2026-08-11 03:00:00+00:00, run_after=2026-08-11 04:00:00+00:00
[2026-08-11T03:35:30.580+0000] {processor.py:208} INFO - Processing /opt/airflow/dags/weather_dag.py took 0.252 seconds
[2026-08-11T03:36:00.927+0000] {processor.py:186} INFO - Started process (PID=33729) to work on /opt/airflow/dags/weather_dag.py
[2026-08-11T03:36:00.929+0000] {processor.py:914} INFO - Processing file /opt/airflow/dags/weather_dag.py for tasks to queue
[2026-08-11T03:36:00.933+0000] {logging_mixin.py:190} INFO - [2026-08-11T03:36:00.932+0000] {dagbag.py:588} INFO - Filling up the DagBag from /opt/airflow/dags/weather_dag.py
[2026-08-11T03:36:01.208+0000] {processor.py:925} INFO - DAG(s) 'weather_ingestion' retrieved from /opt/airflow/dags/weather_dag.py
[2026-08-11T03:36:01.224+0000] {logging_mixin.py:190} INFO - [2026-08-11T03:36:01.224+0000] {dag.py:3239} INFO - Sync 1 DAGs
[2026-08-11T03:36:01.237+0000] {logging_mixin.py:190} INFO - [2026-08-11T03:36:01.237+0000] {dag.py:4180} INFO - Setting next_dagrun for weather_ingestion to 2026-08-11 03:00:00+00:00, run_after=2026-08-11 04:00:00+00:00
[2026-08-11T03:36:01.244+0000] {processor.py:208} INFO - Processing /opt/airflow/dags/weather_dag.py took 0.328 seconds
[2026-08-11T03:36:31.578+0000] {processor.py:186} INFO - Started process (PID=33736) to work on /opt/airflow/dags/weather_dag.py
[2026-08-11T03:36:31.580+0000] {processor.py:914} INFO - Processing file /opt/airflow/dags/weather_dag.py for tasks to queue
[2026-08-11T03:36:31.582+0000] {logging_mixin.py:190} INFO - [2026-08-11T03:36:31.582+0000] {dagbag.py:588} INFO - Filling up the DagBag from /opt/airflow/dags/weather_dag.py
[2026-08-11T03:36:31.799+0000] {processor.py:925} INFO - DAG(s) 'weather_ingestion' retrieved from /opt/airflow/dags/weather_dag.py
[2026-08-11T03:36:31.811+0000] {logging_mixin.py:190} INFO - [2026-08-11T03:36:31.811+0000] {dag.py:3239} INFO - Sync 1 DAGs
[2026-08-11T03:36:31.821+0000] {logging_mixin.py:190} INFO - [2026-08-11T03:36:31.821+0000] {dag.py:4180} INFO - Setting next_dagrun for weather_ingestion to 2026-08-11 03:00:00+00:00, run_after=2026-08-11 04:00:00+00:00
[2026-08-11T03:36:31.827+0000] {processor.py:208} INFO - Processing /opt/airflow/dags/weather_dag.py took 0.257 seconds
[2026-08-11T03:37:01.875+0000] {processor.py:186} INFO - Started process (PID=33743) to work on /opt/airflow/dags/weather_dag.py
[2026-08-11T03:37:01.878+0000] {processor.py:914} INFO - Processing file /opt/airflow/dags/weather_dag.py for tasks to queue
[2026-08-11T03:37:01.880+0000] {logging_mixin.py:190} INFO - [2026-08-11T03:37:01.880+0000] {dagbag.py:588} INFO - Filling up the DagBag from /opt/airflow/dags/weather_dag.py
[2026-08-11T03:37:02.096+0000] {processor.py:925} INFO - DAG(s) 'weather_ingestion' retrieved from /opt/airflow/dags/weather_dag.py
[2026-08-11T03:37:02.107+0000] {logging_mixin.py:190} INFO - [2026-08-11T03:37:02.107+0000] {dag.py:3239} INFO - Sync 1 DAGs
[2026-08-11T03:37:02.117+0000] {logging_mixin.py:190} INFO - [2026-08-11T03:37:02.117+0000] {dag.py:4180} INFO - Setting next_dagrun for weather_ingestion to 2026-08-11 03:00:00+00:00, run_after=2026-08-11 04:00:00+00:00
[2026-08-11T03:37:02.122+0000] {processor.py:208} INFO - Processing /opt/airflow/dags/weather_dag.py took 0.255 seconds
[2026-08-11T03:37:32.433+0000] {processor.py:186} INFO - Started process (PID=33750) to work on /opt/airflow/dags/weather_dag.py
[2026-08-11T03:37:32.435+0000] {processor.py:914} INFO - Processing file /opt/airflow/dags/weather_dag.py for tasks to queue
[2026-08-11T03:37:32.441+0000] {logging_mixin.py:190} INFO - [2026-08-11T03:37:32.440+0000] {dagbag.py:588} INFO - Filling up the DagBag from /opt/airflow/dags/weather_dag.py
[2026-08-11T03:37:32.818+0000] {processor.py:925} INFO - DAG(s) 'weather_ingestion' retrieved from /opt/airflow/dags/weather_dag.py
[2026-08-11T03:37:32.843+0000] {logging_mixin.py:190} INFO - [2026-08-11T03:37:32.843+0000] {dag.py:3239} INFO - Sync 1 DAGs
[2026-08-11T03:37:32.860+0000] {logging_mixin.py:190} INFO - [2026-08-11T03:37:32.860+0000] {dag.py:4180} INFO - Setting next_dagrun for weather_ingestion to 2026-08-11 03:00:00+00:00, run_after=2026-08-11 04:00:00+00:00
[2026-08-11T03:37:32.869+0000] {processor.py:208} INFO - Processing /opt/airflow/dags/weather_dag.py took 0.446 seconds
[2026-08-11T03:38:03.138+0000] {processor.py:186} INFO - Started process (PID=33757) to work on /opt/airflow/dags/weather_dag.py
[2026-08-11T03:38:03.141+0000] {processor.py:914} INFO - Processing file /opt/airflow/dags/weather_dag.py for tasks to queue
[2026-08-11T03:38:03.144+0000] {logging_mixin.py:190} INFO - [2026-08-11T03:38:03.144+0000] {dagbag.py:588} INFO - Filling up the DagBag from /opt/airflow/dags/weather_dag.py
[2026-08-11T03:38:03.398+0000] {processor.py:925} INFO - DAG(s) 'weather_ingestion' retrieved from /opt/airflow/dags/weather_dag.py
[2026-08-11T03:38:03.412+0000] {logging_mixin.py:190} INFO - [2026-08-11T03:38:03.412+0000] {dag.py:3239} INFO - Sync 1 DAGs
[2026-08-11T03:38:03.424+0000] {logging_mixin.py:190} INFO - [2026-08-11T03:38:03.423+0000] {dag.py:4180} INFO - Setting next_dagrun for weather_ingestion to 2026-08-11 03:00:00+00:00, run_after=2026-08-11 04:00:00+00:00
[2026-08-11T03:38:03.588+0000] {processor.py:208} INFO - Processing /opt/airflow/dags/weather_dag.py took 0.456 seconds
[2026-08-11T03:38:34.060+0000] {processor.py:186} INFO - Started process (PID=33764) to work on /opt/airflow/dags/weather_dag.py
[2026-08-11T03:38:34.062+0000] {processor.py:914} INFO - Processing file /opt/airflow/dags/weather_dag.py for tasks to queue
[2026-08-11T03:38:34.067+0000] {logging_mixin.py:190} INFO - [2026-08-11T03:38:34.066+0000] {dagbag.py:588} INFO - Filling up the DagBag from /opt/airflow/dags/weather_dag.py
[2026-08-11T03:38:34.449+0000] {processor.py:925} INFO - DAG(s) 'weather_ingestion' retrieved from /opt/airflow/dags/weather_dag.py
[2026-08-11T03:38:34.467+0000] {logging_mixin.py:190} INFO - [2026-08-11T03:38:34.467+0000] {dag.py:3239} INFO - Sync 1 DAGs
[2026-08-11T03:38:34.481+0000] {logging_mixin.py:190} INFO - [2026-08-11T03:38:34.481+0000] {dag.py:4180} INFO - Setting next_dagrun for weather_ingestion to 2026-08-11 03:00:00+00:00, run_after=2026-08-11 04:00:00+00:00
[2026-08-11T03:38:34.490+0000] {processor.py:208} INFO - Processing /opt/airflow/dags/weather_dag.py took 0.448 seconds
[2026-08-11T03:39:04.850+0000] {processor.py:186} INFO - Started process (PID=33771) to work on /opt/airflow/dags/weather_dag.py
[2026-08-11T03:39:04.853+0000] {processor.py:914} INFO - Processing file /opt/airflow/dags/weather_dag.py for tasks to queue
[2026-08-11T03:39:04.856+0000] {logging_mixin.py:190} INFO - [2026-08-11T03:39:04.856+0000] {dagbag.py:588} INFO - Filling up the DagBag from /opt/airflow/dags/weather_dag.py
[2026-08-11T03:39:05.119+0000] {processor.py:925} INFO - DAG(s) 'weather_ingestion' retrieved from /opt/airflow/dags/weather_dag.py
[2026-08-11T03:39:05.133+0000] {logging_mixin.py:190} INFO - [2026-08-11T03:39:05.133+0000] {dag.py:3239} INFO - Sync 1 DAGs
[2026-08-11T03:39:05.143+0000] {logging_mixin.py:190} INFO - [2026-08-11T03:39:05.143+0000] {dag.py:4180} INFO - Setting next_dagrun for weather_ingestion to 2026-08-11 03:00:00+00:00, run_after=2026-08-11 04:00:00+00:00
[2026-08-11T03:39:05.149+0000] {processor.py:208} INFO - Processing /opt/airflow/dags/weather_dag.py took 0.308 seconds
[2026-08-11T03:39:35.221+0000] {processor.py:186} INFO - Started process (PID=33778) to work on /opt/airflow/dags/weather_dag.py
[2026-08-11T03:39:35.223+0000] {processor.py:914} INFO - Processing file /opt/airflow/dags/weather_dag.py for tasks to queue
[2026-08-11T03:39:35.227+0000] {logging_mixin.py:190} INFO - [2026-08-11T03:39:35.226+0000] {dagbag.py:588} INFO - Filling up the DagBag from /opt/airflow/dags/weather_dag.py
[2026-08-11T03:39:35.509+0000] {processor.py:925} INFO - DAG(s) 'weather_ingestion' retrieved from /opt/airflow/dags/weather_dag.py
[2026-08-11T03:39:35.525+0000] {logging_mixin.py:190} INFO - [2026-08-11T03:39:35.525+0000] {dag.py:3239} INFO - Sync 1 DAGs
[2026-08-11T03:39:35.537+0000] {logging_mixin.py:190} INFO - [2026-08-11T03:39:35.537+0000] {dag.py:4180} INFO - Setting next_dagrun for weather_ingestion to 2026-08-11 03:00:00+00:00, run_after=2026-08-11 04:00:00+00:00
[2026-08-11T03:39:35.545+0000] {processor.py:208} INFO - Processing /opt/airflow/dags/weather_dag.py took 0.340 seconds
[2026-08-11T03:40:05.775+0000] {processor.py:186} INFO - Started process (PID=33785) to work on /opt/airflow/dags/weather_dag.py
[2026-08-11T03:40:05.777+0000] {processor.py:914} INFO - Processing file /opt/airflow/dags/weather_dag.py for tasks to queue
[2026-08-11T03:40:05.792+0000] {logging_mixin.py:190} INFO - [2026-08-11T03:40:05.790+0000] {dagbag.py:588} INFO - Filling up the DagBag from /opt/airflow/dags/weather_dag.py
[2026-08-11T03:40:06.142+0000] {processor.py:925} INFO - DAG(s) 'weather_ingestion' retrieved from /opt/airflow/dags/weather_dag.py
[2026-08-11T03:40:06.160+0000] {logging_mixin.py:190} INFO - [2026-08-11T03:40:06.160+0000] {dag.py:3239} INFO - Sync 1 DAGs
[2026-08-11T03:40:06.175+0000] {logging_mixin.py:190} INFO - [2026-08-11T03:40:06.175+0000] {dag.py:4180} INFO - Setting next_dagrun for weather_ingestion to 2026-08-11 03:00:00+00:00, run_after=2026-08-11 04:00:00+00:00
[2026-08-11T03:40:06.184+0000] {processor.py:208} INFO - Processing /opt/airflow/dags/weather_dag.py took 0.421 seconds
[2026-08-11T03:40:36.481+0000] {processor.py:186} INFO - Started process (PID=33792) to work on /opt/airflow/dags/weather_dag.py
[2026-08-11T03:40:36.484+0000] {processor.py:914} INFO - Processing file /opt/airflow/dags/weather_dag.py for tasks to queue
[2026-08-11T03:40:36.487+0000] {logging_mixin.py:190} INFO - [2026-08-11T03:40:36.487+0000] {dagbag.py:588} INFO - Filling up the DagBag from /opt/airflow/dags/weather_dag.py
[2026-08-11T03:40:36.758+0000] {processor.py:925} INFO - DAG(s) 'weather_ingestion' retrieved from /opt/airflow/dags/weather_dag.py
[2026-08-11T03:40:36.775+0000] {logging_mixin.py:190} INFO - [2026-08-11T03:40:36.775+0000] {dag.py:3239} INFO - Sync 1 DAGs
[2026-08-11T03:40:36.790+0000] {logging_mixin.py:190} INFO - [2026-08-11T03:40:36.790+0000] {dag.py:4180} INFO - Setting next_dagrun for weather_ingestion to 2026-08-11 03:00:00+00:00, run_after=2026-08-11 04:00:00+00:00
[2026-08-11T03:40:36.798+0000] {processor.py:208} INFO - Processing /opt/airflow/dags/weather_dag.py took 0.329 seconds
[2026-08-11T03:41:06.856+0000] {processor.py:186} INFO - Started process (PID=33799) to work on /opt/airflow/dags/weather_dag.py
[2026-08-11T03:41:06.859+0000] {processor.py:914} INFO - Processing file /opt/airflow/dags/weather_dag.py for tasks to queue
[2026-08-11T03:41:06.864+0000] {logging_mixin.py:190} INFO - [2026-08-11T03:41:06.863+0000] {dagbag.py:588} INFO - Filling up the DagBag from /opt/airflow/dags/weather_dag.py
[2026-08-11T03:41:07.158+0000] {processor.py:925} INFO - DAG(s) 'weather_ingestion' retrieved from /opt/airflow/dags/weather_dag.py
[2026-08-11T03:41:07.174+0000] {logging_mixin.py:190} INFO - [2026-08-11T03:41:07.174+0000] {dag.py:3239} INFO - Sync 1 DAGs
[2026-08-11T03:41:07.188+0000] {logging_mixin.py:190} INFO - [2026-08-11T03:41:07.188+0000] {dag.py:4180} INFO - Setting next_dagrun for weather_ingestion to 2026-08-11 03:00:00+00:00, run_after=2026-08-11 04:00:00+00:00
[2026-08-11T03:41:07.196+0000] {processor.py:208} INFO - Processing /opt/airflow/dags/weather_dag.py took 0.352 seconds
[2026-08-11T03:41:37.442+0000] {processor.py:186} INFO - Started process (PID=33806) to work on /opt/airflow/dags/weather_dag.py
[2026-08-11T03:41:37.445+0000] {processor.py:914} INFO - Processing file /opt/airflow/dags/weather_dag.py for tasks to queue
[2026-08-11T03:41:37.450+0000] {logging_mixin.py:190} INFO - [2026-08-11T03:41:37.449+0000] {dagbag.py:588} INFO - Filling up the DagBag from /opt/airflow/dags/weather_dag.py
[2026-08-11T03:41:37.674+0000] {processor.py:925} INFO - DAG(s) 'weather_ingestion' retrieved from /opt/airflow/dags/weather_dag.py
[2026-08-11T03:41:37.685+0000] {logging_mixin.py:190} INFO - [2026-08-11T03:41:37.685+0000] {dag.py:3239} INFO - Sync 1 DAGs
[2026-08-11T03:41:37.697+0000] {logging_mixin.py:190} INFO - [2026-08-11T03:41:37.697+0000] {dag.py:4180} INFO - Setting next_dagrun for weather_ingestion to 2026-08-11 03:00:00+00:00, run_after=2026-08-11 04:00:00+00:00
[2026-08-11T03:41:37.704+0000] {processor.py:208} INFO - Processing /opt/airflow/dags/weather_dag.py took 0.270 seconds
[2026-08-11T03:42:07.889+0000] {processor.py:186} INFO - Started process (PID=33813) to work on /opt/airflow/dags/weather_dag.py
[2026-08-11T03:42:07.891+0000] {processor.py:914} INFO - Processing file /opt/airflow/dags/weather_dag.py for tasks to queue
[2026-08-11T03:42:07.896+0000] {logging_mixin.py:190} INFO - [2026-08-11T03:42:07.895+0000] {dagbag.py:588} INFO - Filling up the DagBag from /opt/airflow/dags/weather_dag.py
[2026-08-11T03:42:08.203+0000] {processor.py:925} INFO - DAG(s) 'weather_ingestion' retrieved from /opt/airflow/dags/weather_dag.py
[2026-08-11T03:42:08.228+0000] {logging_mixin.py:190} INFO - [2026-08-11T03:42:08.228+0000] {dag.py:3239} INFO - Sync 1 DAGs
[2026-08-11T03:42:08.242+0000] {logging_mixin.py:190} INFO - [2026-08-11T03:42:08.241+0000] {dag.py:4180} INFO - Setting next_dagrun for weather_ingestion to 2026-08-11 03:00:00+00:00, run_after=2026-08-11 04:00:00+00:00
[2026-08-11T03:42:08.250+0000] {processor.py:208} INFO - Processing /opt/airflow/dags/weather_dag.py took 0.373 seconds
[2026-08-11T03:42:38.296+0000] {processor.py:186} INFO - Started process (PID=33820) to work on /opt/airflow/dags/weather_dag.py
[2026-08-11T03:42:38.297+0000] {processor.py:914} INFO - Processing file /opt/airflow/dags/weather_dag.py for tasks to queue
[2026-08-11T03:42:38.300+0000] {logging_mixin.py:190} INFO - [2026-08-11T03:42:38.299+0000] {dagbag.py:588} INFO - Filling up the DagBag from /opt/airflow/dags/weather_dag.py
[2026-08-11T03:42:38.510+0000] {processor.py:925} INFO - DAG(s) 'weather_ingestion' retrieved from /opt/airflow/dags/weather_dag.py
[2026-08-11T03:42:38.523+0000] {logging_mixin.py:190} INFO - [2026-08-11T03:42:38.523+0000] {dag.py:3239} INFO - Sync 1 DAGs
[2026-08-11T03:42:38.532+0000] {logging_mixin.py:190} INFO - [2026-08-11T03:42:38.532+0000] {dag.py:4180} INFO - Setting next_dagrun for weather_ingestion to 2026-08-11 03:00:00+00:00, run_after=2026-08-11 04:00:00+00:00
[2026-08-11T03:42:38.539+0000] {processor.py:208} INFO - Processing /opt/airflow/dags/weather_dag.py took 0.256 seconds
[2026-08-11T03:43:08.890+0000] {processor.py:186} INFO - Started process (PID=33827) to work on /opt/airflow/dags/weather_dag.py
[2026-08-11T03:43:08.893+0000] {processor.py:914} INFO - Processing file /opt/airflow/dags/weather_dag.py for tasks to queue
[2026-08-11T03:43:08.896+0000] {logging_mixin.py:190} INFO - [2026-08-11T03:43:08.895+0000] {dagbag.py:588} INFO - Filling up the DagBag from /opt/airflow/dags/weather_dag.py
[2026-08-11T03:43:09.119+0000] {processor.py:925} INFO - DAG(s) 'weather_ingestion' retrieved from /opt/airflow/dags/weather_dag.py
[2026-08-11T03:43:09.132+0000] {logging_mixin.py:190} INFO - [2026-08-11T03:43:09.132+0000] {dag.py:3239} INFO - Sync 1 DAGs
[2026-08-11T03:43:09.142+0000] {logging_mixin.py:190} INFO - [2026-08-11T03:43:09.142+0000] {dag.py:4180} INFO - Setting next_dagrun for weather_ingestion to 2026-08-11 03:00:00+00:00, run_after=2026-08-11 04:00:00+00:00
[2026-08-11T03:43:09.149+0000] {processor.py:208} INFO - Processing /opt/airflow/dags/weather_dag.py took 0.267 seconds
[2026-08-11T03:43:39.286+0000] {processor.py:186} INFO - Started process (PID=33834) to work on /opt/airflow/dags/weather_dag.py
[2026-08-11T03:43:39.289+0000] {processor.py:914} INFO - Processing file /opt/airflow/dags/weather_dag.py for tasks to queue
[2026-08-11T03:43:39.292+0000] {logging_mixin.py:190} INFO - [2026-08-11T03:43:39.292+0000] {dagbag.py:588} INFO - Filling up the DagBag from /opt/airflow/dags/weather_dag.py
[2026-08-11T03:43:39.563+0000] {processor.py:925} INFO - DAG(s) 'weather_ingestion' retrieved from /opt/airflow/dags/weather_dag.py
[2026-08-11T03:43:39.576+0000] {logging_mixin.py:190} INFO - [2026-08-11T03:43:39.576+0000] {dag.py:3239} INFO - Sync 1 DAGs
[2026-08-11T03:43:39.587+0000] {logging_mixin.py:190} INFO - [2026-08-11T03:43:39.587+0000] {dag.py:4180} INFO - Setting next_dagrun for weather_ingestion to 2026-08-11 03:00:00+00:00, run_after=2026-08-11 04:00:00+00:00
[2026-08-11T03:43:39.767+0000] {processor.py:208} INFO - Processing /opt/airflow/dags/weather_dag.py took 0.491 seconds
[2026-08-11T03:44:10.070+0000] {processor.py:186} INFO - Started process (PID=33841) to work on /opt/airflow/dags/weather_dag.py
[2026-08-11T03:44:10.072+0000] {processor.py:914} INFO - Processing file /opt/airflow/dags/weather_dag.py for tasks to queue
[2026-08-11T03:44:10.074+0000] {logging_mixin.py:190} INFO - [2026-08-11T03:44:10.074+0000] {dagbag.py:588} INFO - Filling up the DagBag from /opt/airflow/dags/weather_dag.py
[2026-08-11T03:44:10.294+0000] {processor.py:925} INFO - DAG(s) 'weather_ingestion' retrieved from /opt/airflow/dags/weather_dag.py
[2026-08-11T03:44:10.308+0000] {logging_mixin.py:190} INFO - [2026-08-11T03:44:10.308+0000] {dag.py:3239} INFO - Sync 1 DAGs
[2026-08-11T03:44:10.319+0000] {logging_mixin.py:190} INFO - [2026-08-11T03:44:10.319+0000] {dag.py:4180} INFO - Setting next_dagrun for weather_ingestion to 2026-08-11 03:00:00+00:00, run_after=2026-08-11 04:00:00+00:00
[2026-08-11T03:44:10.326+0000] {processor.py:208} INFO - Processing /opt/airflow/dags/weather_dag.py took 0.263 seconds
[2026-08-11T03:44:40.416+0000] {processor.py:186} INFO - Started process (PID=33848) to work on /opt/airflow/dags/weather_dag.py
[2026-08-11T03:44:40.419+0000] {processor.py:914} INFO - Processing file /opt/airflow/dags/weather_dag.py for tasks to queue
[2026-08-11T03:44:40.421+0000] {logging_mixin.py:190} INFO - [2026-08-11T03:44:40.420+0000] {dagbag.py:588} INFO - Filling up the DagBag from /opt/airflow/dags/weather_dag.py
[2026-08-11T03:44:40.646+0000] {processor.py:925} INFO - DAG(s) 'weather_ingestion' retrieved from /opt/airflow/dags/weather_dag.py
[2026-08-11T03:44:40.658+0000] {logging_mixin.py:190} INFO - [2026-08-11T03:44:40.658+0000] {dag.py:3239} INFO - Sync 1 DAGs
[2026-08-11T03:44:40.669+0000] {logging_mixin.py:190} INFO - [2026-08-11T03:44:40.669+0000] {dag.py:4180} INFO - Setting next_dagrun for weather_ingestion to 2026-08-11 03:00:00+00:00, run_after=2026-08-11 04:00:00+00:00
[2026-08-11T03:44:40.675+0000] {processor.py:208} INFO - Processing /opt/airflow/dags/weather_dag.py took 0.267 seconds
[2026-08-11T03:45:10.981+0000] {processor.py:186} INFO - Started process (PID=33855) to work on /opt/airflow/dags/weather_dag.py
[2026-08-11T03:45:10.982+0000] {processor.py:914} INFO - Processing file /opt/airflow/dags/weather_dag.py for tasks to queue
[2026-08-11T03:45:10.985+0000] {logging_mixin.py:190} INFO - [2026-08-11T03:45:10.984+0000] {dagbag.py:588} INFO - Filling up the DagBag from /opt/airflow/dags/weather_dag.py
[2026-08-11T03:45:11.206+0000] {processor.py:925} INFO - DAG(s) 'weather_ingestion' retrieved from /opt/airflow/dags/weather_dag.py
[2026-08-11T03:45:11.220+0000] {logging_mixin.py:190} INFO - [2026-08-11T03:45:11.219+0000] {dag.py:3239} INFO - Sync 1 DAGs
[2026-08-11T03:45:11.230+0000] {logging_mixin.py:190} INFO - [2026-08-11T03:45:11.230+0000] {dag.py:4180} INFO - Setting next_dagrun for weather_ingestion to 2026-08-11 03:00:00+00:00, run_after=2026-08-11 04:00:00+00:00
[2026-08-11T03:45:11.237+0000] {processor.py:208} INFO - Processing /opt/airflow/dags/weather_dag.py took 0.264 seconds
[2026-08-11T03:45:41.314+0000] {processor.py:186} INFO - Started process (PID=33862) to work on /opt/airflow/dags/weather_dag.py
[2026-08-11T03:45:41.316+0000] {processor.py:914} INFO - Processing file /opt/airflow/dags/weather_dag.py for tasks to queue
[2026-08-11T03:45:41.321+0000] {logging_mixin.py:190} INFO - [2026-08-11T03:45:41.320+0000] {dagbag.py:588} INFO - Filling up the DagBag from /opt/airflow/dags/weather_dag.py
[2026-08-11T03:45:41.554+0000] {processor.py:925} INFO - DAG(s) 'weather_ingestion' retrieved from /opt/airflow/dags/weather_dag.py
[2026-08-11T03:45:41.566+0000] {logging_mixin.py:190} INFO - [2026-08-11T03:45:41.566+0000] {dag.py:3239} INFO - Sync 1 DAGs
[2026-08-11T03:45:41.577+0000] {logging_mixin.py:190} INFO - [2026-08-11T03:45:41.576+0000] {dag.py:4180} INFO - Setting next_dagrun for weather_ingestion to 2026-08-11 03:00:00+00:00, run_after=2026-08-11 04:00:00+00:00
[2026-08-11T03:45:41.584+0000] {processor.py:208} INFO - Processing /opt/airflow/dags/weather_dag.py took 0.280 seconds
[2026-08-11T03:46:11.924+0000] {processor.py:186} INFO - Started process (PID=33869) to work on /opt/airflow/dags/weather_dag.py
[2026-08-11T03:46:11.926+0000] {processor.py:914} INFO - Processing file /opt/airflow/dags/weather_dag.py for tasks to queue
[2026-08-11T03:46:11.929+0000] {logging_mixin.py:190} INFO - [2026-08-11T03:46:11.929+0000] {dagbag.py:588} INFO - Filling up the DagBag from /opt/airflow/dags/weather_dag.py
[2026-08-11T03:46:12.166+0000] {processor.py:925} INFO - DAG(s) 'weather_ingestion' retrieved from /opt/airflow/dags/weather_dag.py
[2026-08-11T03:46:12.180+0000] {logging_mixin.py:190} INFO - [2026-08-11T03:46:12.180+0000] {dag.py:3239} INFO - Sync 1 DAGs
[2026-08-11T03:46:12.191+0000] {logging_mixin.py:190} INFO - [2026-08-11T03:46:12.191+0000] {dag.py:4180} INFO - Setting next_dagrun for weather_ingestion to 2026-08-11 03:00:00+00:00, run_after=2026-08-11 04:00:00+00:00
[2026-08-11T03:46:12.198+0000] {processor.py:208} INFO - Processing /opt/airflow/dags/weather_dag.py took 0.281 seconds
[2026-08-11T03:46:42.260+0000] {processor.py:186} INFO - Started process (PID=33876) to work on /opt/airflow/dags/weather_dag.py
[2026-08-11T03:46:42.261+0000] {processor.py:914} INFO - Processing file /opt/airflow/dags/weather_dag.py for tasks to queue
[2026-08-11T03:46:42.263+0000] {logging_mixin.py:190} INFO - [2026-08-11T03:46:42.263+0000] {dagbag.py:588} INFO - Filling up the DagBag from /opt/airflow/dags/weather_dag.py
[2026-08-11T03:46:42.475+0000] {processor.py:925} INFO - DAG(s) 'weather_ingestion' retrieved from /opt/airflow/dags/weather_dag.py
[2026-08-11T03:46:42.487+0000] {logging_mixin.py:190} INFO - [2026-08-11T03:46:42.487+0000] {dag.py:3239} INFO - Sync 1 DAGs
[2026-08-11T03:46:42.679+0000] {logging_mixin.py:190} INFO - [2026-08-11T03:46:42.679+0000] {dag.py:4180} INFO - Setting next_dagrun for weather_ingestion to 2026-08-11 03:00:00+00:00, run_after=2026-08-11 04:00:00+00:00
[2026-08-11T03:46:42.686+0000] {processor.py:208} INFO - Processing /opt/airflow/dags/weather_dag.py took 0.435 seconds
[2026-08-11T03:47:12.891+0000] {processor.py:186} INFO - Started process (PID=33883) to work on /opt/airflow/dags/weather_dag.py
[2026-08-11T03:47:12.894+0000] {processor.py:914} INFO - Processing file /opt/airflow/dags/weather_dag.py for tasks to queue
[2026-08-11T03:47:12.897+0000] {logging_mixin.py:190} INFO - [2026-08-11T03:47:12.897+0000] {dagbag.py:588} INFO - Filling up the DagBag from /opt/airflow/dags/weather_dag.py
[2026-08-11T03:47:13.133+0000] {processor.py:925} INFO - DAG(s) 'weather_ingestion' retrieved from /opt/airflow/dags/weather_dag.py
[2026-08-11T03:47:13.146+0000] {logging_mixin.py:190} INFO - [2026-08-11T03:47:13.146+0000] {dag.py:3239} INFO - Sync 1 DAGs
[2026-08-11T03:47:13.158+0000] {logging_mixin.py:190} INFO - [2026-08-11T03:47:13.157+0000] {dag.py:4180} INFO - Setting next_dagrun for weather_ingestion to 2026-08-11 03:00:00+00:00, run_after=2026-08-11 04:00:00+00:00
[2026-08-11T03:47:13.165+0000] {processor.py:208} INFO - Processing /opt/airflow/dags/weather_dag.py took 0.287 seconds
[2026-08-11T03:47:43.255+0000] {processor.py:186} INFO - Started process (PID=33890) to work on /opt/airflow/dags/weather_dag.py
[2026-08-11T03:47:43.257+0000] {processor.py:914} INFO - Processing file /opt/airflow/dags/weather_dag.py for tasks to queue
[2026-08-11T03:47:43.259+0000] {logging_mixin.py:190} INFO - [2026-08-11T03:47:43.259+0000] {dagbag.py:588} INFO - Filling up the DagBag from /opt/airflow/dags/weather_dag.py
[2026-08-11T03:47:43.523+0000] {processor.py:925} INFO - DAG(s) 'weather_ingestion' retrieved from /opt/airflow/dags/weather_dag.py
[2026-08-11T03:47:43.536+0000] {logging_mixin.py:190} INFO - [2026-08-11T03:47:43.536+0000] {dag.py:3239} INFO - Sync 1 DAGs
[2026-08-11T03:47:43.547+0000] {logging_mixin.py:190} INFO - [2026-08-11T03:47:43.547+0000] {dag.py:4180} INFO - Setting next_dagrun for weather_ingestion to 2026-08-11 03:00:00+00:00, run_after=2026-08-11 04:00:00+00:00
[2026-08-11T03:47:43.553+0000] {processor.py:208} INFO - Processing /opt/airflow/dags/weather_dag.py took 0.306 seconds
[2026-08-11T03:48:13.825+0000] {processor.py:186} INFO - Started process (PID=33897) to work on /opt/airflow/dags/weather_dag.py
[2026-08-11T03:48:13.828+0000] {processor.py:914} INFO - Processing file /opt/airflow/dags/weather_dag.py for tasks to queue
[2026-08-11T03:48:13.830+0000] {logging_mixin.py:190} INFO - [2026-08-11T03:48:13.830+0000] {dagbag.py:588} INFO - Filling up the DagBag from /opt/airflow/dags/weather_dag.py
[2026-08-11T03:48:14.050+0000] {processor.py:925} INFO - DAG(s) 'weather_ingestion' retrieved from /opt/airflow/dags/weather_dag.py
[2026-08-11T03:48:14.062+0000] {logging_mixin.py:190} INFO - [2026-08-11T03:48:14.062+0000] {dag.py:3239} INFO - Sync 1 DAGs
[2026-08-11T03:48:14.073+0000] {logging_mixin.py:190} INFO - [2026-08-11T03:48:14.073+0000] {dag.py:4180} INFO - Setting next_dagrun for weather_ingestion to 2026-08-11 03:00:00+00:00, run_after=2026-08-11 04:00:00+00:00
[2026-08-11T03:48:14.079+0000] {processor.py:208} INFO - Processing /opt/airflow/dags/weather_dag.py took 0.261 seconds
[2026-08-11T03:48:44.231+0000] {processor.py:186} INFO - Started process (PID=33904) to work on /opt/airflow/dags/weather_dag.py
[2026-08-11T03:48:44.233+0000] {processor.py:914} INFO - Processing file /opt/airflow/dags/weather_dag.py for tasks to queue
[2026-08-11T03:48:44.235+0000] {logging_mixin.py:190} INFO - [2026-08-11T03:48:44.235+0000] {dagbag.py:588} INFO - Filling up the DagBag from /opt/airflow/dags/weather_dag.py
[2026-08-11T03:48:44.482+0000] {processor.py:925} INFO - DAG(s) 'weather_ingestion' retrieved from /opt/airflow/dags/weather_dag.py
[2026-08-11T03:48:44.493+0000] {logging_mixin.py:190} INFO - [2026-08-11T03:48:44.493+0000] {dag.py:3239} INFO - Sync 1 DAGs
[2026-08-11T03:48:44.502+0000] {logging_mixin.py:190} INFO - [2026-08-11T03:48:44.502+0000] {dag.py:4180} INFO - Setting next_dagrun for weather_ingestion to 2026-08-11 03:00:00+00:00, run_after=2026-08-11 04:00:00+00:00
[2026-08-11T03:48:44.508+0000] {processor.py:208} INFO - Processing /opt/airflow/dags/weather_dag.py took 0.284 seconds
[2026-08-11T03:49:14.664+0000] {processor.py:186} INFO - Started process (PID=33911) to work on /opt/airflow/dags/weather_dag.py
[2026-08-11T03:49:14.666+0000] {processor.py:914} INFO - Processing file /opt/airflow/dags/weather_dag.py for tasks to queue
[2026-08-11T03:49:14.668+0000] {logging_mixin.py:190} INFO - [2026-08-11T03:49:14.668+0000] {dagbag.py:588} INFO - Filling up the DagBag from /opt/airflow/dags/weather_dag.py
[2026-08-11T03:49:14.880+0000] {processor.py:925} INFO - DAG(s) 'weather_ingestion' retrieved from /opt/airflow/dags/weather_dag.py
[2026-08-11T03:49:14.890+0000] {logging_mixin.py:190} INFO - [2026-08-11T03:49:14.890+0000] {dag.py:3239} INFO - Sync 1 DAGs
[2026-08-11T03:49:14.899+0000] {logging_mixin.py:190} INFO - [2026-08-11T03:49:14.899+0000] {dag.py:4180} INFO - Setting next_dagrun for weather_ingestion to 2026-08-11 03:00:00+00:00, run_after=2026-08-11 04:00:00+00:00
[2026-08-11T03:49:14.906+0000] {processor.py:208} INFO - Processing /opt/airflow/dags/weather_dag.py took 0.249 seconds
[2026-08-11T03:49:45.086+0000] {processor.py:186} INFO - Started process (PID=33918) to work on /opt/airflow/dags/weather_dag.py
[2026-08-11T03:49:45.088+0000] {processor.py:914} INFO - Processing file /opt/airflow/dags/weather_dag.py for tasks to queue
[2026-08-11T03:49:45.090+0000] {logging_mixin.py:190} INFO - [2026-08-11T03:49:45.090+0000] {dagbag.py:588} INFO - Filling up the DagBag from /opt/airflow/dags/weather_dag.py
[2026-08-11T03:49:45.312+0000] {processor.py:925} INFO - DAG(s) 'weather_ingestion' retrieved from /opt/airflow/dags/weather_dag.py
[2026-08-11T03:49:45.323+0000] {logging_mixin.py:190} INFO - [2026-08-11T03:49:45.323+0000] {dag.py:3239} INFO - Sync 1 DAGs
[2026-08-11T03:49:45.534+0000] {logging_mixin.py:190} INFO - [2026-08-11T03:49:45.534+0000] {dag.py:4180} INFO - Setting next_dagrun for weather_ingestion to 2026-08-11 03:00:00+00:00, run_after=2026-08-11 04:00:00+00:00
[2026-08-11T03:49:45.546+0000] {processor.py:208} INFO - Processing /opt/airflow/dags/weather_dag.py took 0.470 seconds
[2026-08-11T03:50:15.874+0000] {processor.py:186} INFO - Started process (PID=33925) to work on /opt/airflow/dags/weather_dag.py
[2026-08-11T03:50:15.876+0000] {processor.py:914} INFO - Processing file /opt/airflow/dags/weather_dag.py for tasks to queue
[2026-08-11T03:50:15.880+0000] {logging_mixin.py:190} INFO - [2026-08-11T03:50:15.880+0000] {dagbag.py:588} INFO - Filling up the DagBag from /opt/airflow/dags/weather_dag.py
[2026-08-11T03:50:16.147+0000] {processor.py:925} INFO - DAG(s) 'weather_ingestion' retrieved from /opt/airflow/dags/weather_dag.py
[2026-08-11T03:50:16.163+0000] {logging_mixin.py:190} INFO - [2026-08-11T03:50:16.163+0000] {dag.py:3239} INFO - Sync 1 DAGs
[2026-08-11T03:50:16.176+0000] {logging_mixin.py:190} INFO - [2026-08-11T03:50:16.176+0000] {dag.py:4180} INFO - Setting next_dagrun for weather_ingestion to 2026-08-11 03:00:00+00:00, run_after=2026-08-11 04:00:00+00:00
[2026-08-11T03:50:16.184+0000] {processor.py:208} INFO - Processing /opt/airflow/dags/weather_dag.py took 0.320 seconds
[2026-08-11T03:50:46.535+0000] {processor.py:186} INFO - Started process (PID=33932) to work on /opt/airflow/dags/weather_dag.py
[2026-08-11T03:50:46.537+0000] {processor.py:914} INFO - Processing file /opt/airflow/dags/weather_dag.py for tasks to queue
[2026-08-11T03:50:46.539+0000] {logging_mixin.py:190} INFO - [2026-08-11T03:50:46.539+0000] {dagbag.py:588} INFO - Filling up the DagBag from /opt/airflow/dags/weather_dag.py
[2026-08-11T03:50:46.751+0000] {processor.py:925} INFO - DAG(s) 'weather_ingestion' retrieved from /opt/airflow/dags/weather_dag.py
[2026-08-11T03:50:46.763+0000] {logging_mixin.py:190} INFO - [2026-08-11T03:50:46.763+0000] {dag.py:3239} INFO - Sync 1 DAGs
[2026-08-11T03:50:46.772+0000] {logging_mixin.py:190} INFO - [2026-08-11T03:50:46.772+0000] {dag.py:4180} INFO - Setting next_dagrun for weather_ingestion to 2026-08-11 03:00:00+00:00, run_after=2026-08-11 04:00:00+00:00
[2026-08-11T03:50:46.779+0000] {processor.py:208} INFO - Processing /opt/airflow/dags/weather_dag.py took 0.253 seconds
[2026-08-11T03:51:16.880+0000] {processor.py:186} INFO - Started process (PID=33939) to work on /opt/airflow/dags/weather_dag.py
[2026-08-11T03:51:16.883+0000] {processor.py:914} INFO - Processing file /opt/airflow/dags/weather_dag.py for tasks to queue
[2026-08-11T03:51:16.885+0000] {logging_mixin.py:190} INFO - [2026-08-11T03:51:16.885+0000] {dagbag.py:588} INFO - Filling up the DagBag from /opt/airflow/dags/weather_dag.py
[2026-08-11T03:51:17.101+0000] {processor.py:925} INFO - DAG(s) 'weather_ingestion' retrieved from /opt/airflow/dags/weather_dag.py
[2026-08-11T03:51:17.113+0000] {logging_mixin.py:190} INFO - [2026-08-11T03:51:17.112+0000] {dag.py:3239} INFO - Sync 1 DAGs
[2026-08-11T03:51:17.123+0000] {logging_mixin.py:190} INFO - [2026-08-11T03:51:17.122+0000] {dag.py:4180} INFO - Setting next_dagrun for weather_ingestion to 2026-08-11 03:00:00+00:00, run_after=2026-08-11 04:00:00+00:00
[2026-08-11T03:51:17.129+0000] {processor.py:208} INFO - Processing /opt/airflow/dags/weather_dag.py took 0.257 seconds
[2026-08-11T03:51:47.310+0000] {processor.py:186} INFO - Started process (PID=33946) to work on /opt/airflow/dags/weather_dag.py
[2026-08-11T03:51:47.312+0000] {processor.py:914} INFO - Processing file /opt/airflow/dags/weather_dag.py for tasks to queue
[2026-08-11T03:51:47.314+0000] {logging_mixin.py:190} INFO - [2026-08-11T03:51:47.314+0000] {dagbag.py:588} INFO - Filling up the DagBag from /opt/airflow/dags/weather_dag.py
[2026-08-11T03:51:47.532+0000] {processor.py:925} INFO - DAG(s) 'weather_ingestion' retrieved from /opt/airflow/dags/weather_dag.py
[2026-08-11T03:51:47.544+0000] {logging_mixin.py:190} INFO - [2026-08-11T03:51:47.544+0000] {dag.py:3239} INFO - Sync 1 DAGs
[2026-08-11T03:51:47.554+0000] {logging_mixin.py:190} INFO - [2026-08-11T03:51:47.554+0000] {dag.py:4180} INFO - Setting next_dagrun for weather_ingestion to 2026-08-11 03:00:00+00:00, run_after=2026-08-11 04:00:00+00:00
[2026-08-11T03:51:47.561+0000] {processor.py:208} INFO - Processing /opt/airflow/dags/weather_dag.py took 0.257 seconds
[2026-08-11T03:52:17.817+0000] {processor.py:186} INFO - Started process (PID=33953) to work on /opt/airflow/dags/weather_dag.py
[2026-08-11T03:52:17.821+0000] {processor.py:914} INFO - Processing file /opt/airflow/dags/weather_dag.py for tasks to queue
[2026-08-11T03:52:17.828+0000] {logging_mixin.py:190} INFO - [2026-08-11T03:52:17.827+0000] {dagbag.py:588} INFO - Filling up the DagBag from /opt/airflow/dags/weather_dag.py
[2026-08-11T03:52:18.217+0000] {processor.py:925} INFO - DAG(s) 'weather_ingestion' retrieved from /opt/airflow/dags/weather_dag.py
[2026-08-11T03:52:18.235+0000] {logging_mixin.py:190} INFO - [2026-08-11T03:52:18.235+0000] {dag.py:3239} INFO - Sync 1 DAGs
[2026-08-11T03:52:18.251+0000] {logging_mixin.py:190} INFO - [2026-08-11T03:52:18.250+0000] {dag.py:4180} INFO - Setting next_dagrun for weather_ingestion to 2026-08-11 03:00:00+00:00, run_after=2026-08-11 04:00:00+00:00
[2026-08-11T03:52:18.475+0000] {processor.py:208} INFO - Processing /opt/airflow/dags/weather_dag.py took 0.680 seconds
[2026-08-11T03:52:48.804+0000] {processor.py:186} INFO - Started process (PID=33960) to work on /opt/airflow/dags/weather_dag.py
[2026-08-11T03:52:48.806+0000] {processor.py:914} INFO - Processing file /opt/airflow/dags/weather_dag.py for tasks to queue
[2026-08-11T03:52:48.807+0000] {logging_mixin.py:190} INFO - [2026-08-11T03:52:48.807+0000] {dagbag.py:588} INFO - Filling up the DagBag from /opt/airflow/dags/weather_dag.py
[2026-08-11T03:52:49.073+0000] {processor.py:925} INFO - DAG(s) 'weather_ingestion' retrieved from /opt/airflow/dags/weather_dag.py
[2026-08-11T03:52:49.085+0000] {logging_mixin.py:190} INFO - [2026-08-11T03:52:49.085+0000] {dag.py:3239} INFO - Sync 1 DAGs
[2026-08-11T03:52:49.095+0000] {logging_mixin.py:190} INFO - [2026-08-11T03:52:49.095+0000] {dag.py:4180} INFO - Setting next_dagrun for weather_ingestion to 2026-08-11 03:00:00+00:00, run_after=2026-08-11 04:00:00+00:00
[2026-08-11T03:52:49.101+0000] {processor.py:208} INFO - Processing /opt/airflow/dags/weather_dag.py took 0.303 seconds
[2026-08-11T03:53:19.414+0000] {processor.py:186} INFO - Started process (PID=33967) to work on /opt/airflow/dags/weather_dag.py
[2026-08-11T03:53:19.415+0000] {processor.py:914} INFO - Processing file /opt/airflow/dags/weather_dag.py for tasks to queue
[2026-08-11T03:53:19.418+0000] {logging_mixin.py:190} INFO - [2026-08-11T03:53:19.417+0000] {dagbag.py:588} INFO - Filling up the DagBag from /opt/airflow/dags/weather_dag.py
[2026-08-11T03:53:19.697+0000] {processor.py:925} INFO - DAG(s) 'weather_ingestion' retrieved from /opt/airflow/dags/weather_dag.py
[2026-08-11T03:53:19.712+0000] {logging_mixin.py:190} INFO - [2026-08-11T03:53:19.712+0000] {dag.py:3239} INFO - Sync 1 DAGs
[2026-08-11T03:53:19.725+0000] {logging_mixin.py:190} INFO - [2026-08-11T03:53:19.725+0000] {dag.py:4180} INFO - Setting next_dagrun for weather_ingestion to 2026-08-11 03:00:00+00:00, run_after=2026-08-11 04:00:00+00:00
[2026-08-11T03:53:19.733+0000] {processor.py:208} INFO - Processing /opt/airflow/dags/weather_dag.py took 0.327 seconds
[2026-08-11T03:53:50.069+0000] {processor.py:186} INFO - Started process (PID=33974) to work on /opt/airflow/dags/weather_dag.py
[2026-08-11T03:53:50.071+0000] {processor.py:914} INFO - Processing file /opt/airflow/dags/weather_dag.py for tasks to queue
[2026-08-11T03:53:50.074+0000] {logging_mixin.py:190} INFO - [2026-08-11T03:53:50.074+0000] {dagbag.py:588} INFO - Filling up the DagBag from /opt/airflow/dags/weather_dag.py
[2026-08-11T03:53:50.300+0000] {processor.py:925} INFO - DAG(s) 'weather_ingestion' retrieved from /opt/airflow/dags/weather_dag.py
[2026-08-11T03:53:50.312+0000] {logging_mixin.py:190} INFO - [2026-08-11T03:53:50.312+0000] {dag.py:3239} INFO - Sync 1 DAGs
[2026-08-11T03:53:50.321+0000] {logging_mixin.py:190} INFO - [2026-08-11T03:53:50.321+0000] {dag.py:4180} INFO - Setting next_dagrun for weather_ingestion to 2026-08-11 03:00:00+00:00, run_after=2026-08-11 04:00:00+00:00
[2026-08-11T03:53:50.327+0000] {processor.py:208} INFO - Processing /opt/airflow/dags/weather_dag.py took 0.265 seconds
[2026-08-11T03:54:20.398+0000] {processor.py:186} INFO - Started process (PID=33981) to work on /opt/airflow/dags/weather_dag.py
[2026-08-11T03:54:20.401+0000] {processor.py:914} INFO - Processing file /opt/airflow/dags/weather_dag.py for tasks to queue
[2026-08-11T03:54:20.404+0000] {logging_mixin.py:190} INFO - [2026-08-11T03:54:20.403+0000] {dagbag.py:588} INFO - Filling up the DagBag from /opt/airflow/dags/weather_dag.py
[2026-08-11T03:54:20.644+0000] {processor.py:925} INFO - DAG(s) 'weather_ingestion' retrieved from /opt/airflow/dags/weather_dag.py
[2026-08-11T03:54:20.656+0000] {logging_mixin.py:190} INFO - [2026-08-11T03:54:20.656+0000] {dag.py:3239} INFO - Sync 1 DAGs
[2026-08-11T03:54:20.666+0000] {logging_mixin.py:190} INFO - [2026-08-11T03:54:20.666+0000] {dag.py:4180} INFO - Setting next_dagrun for weather_ingestion to 2026-08-11 03:00:00+00:00, run_after=2026-08-11 04:00:00+00:00
[2026-08-11T03:54:20.673+0000] {processor.py:208} INFO - Processing /opt/airflow/dags/weather_dag.py took 0.283 seconds
[2026-08-11T03:54:50.876+0000] {processor.py:186} INFO - Started process (PID=33988) to work on /opt/airflow/dags/weather_dag.py
[2026-08-11T03:54:50.878+0000] {processor.py:914} INFO - Processing file /opt/airflow/dags/weather_dag.py for tasks to queue
[2026-08-11T03:54:50.882+0000] {logging_mixin.py:190} INFO - [2026-08-11T03:54:50.882+0000] {dagbag.py:588} INFO - Filling up the DagBag from /opt/airflow/dags/weather_dag.py
[2026-08-11T03:54:51.290+0000] {processor.py:925} INFO - DAG(s) 'weather_ingestion' retrieved from /opt/airflow/dags/weather_dag.py
[2026-08-11T03:54:51.316+0000] {logging_mixin.py:190} INFO - [2026-08-11T03:54:51.315+0000] {dag.py:3239} INFO - Sync 1 DAGs
[2026-08-11T03:54:51.331+0000] {logging_mixin.py:190} INFO - [2026-08-11T03:54:51.331+0000] {dag.py:4180} INFO - Setting next_dagrun for weather_ingestion to 2026-08-11 03:00:00+00:00, run_after=2026-08-11 04:00:00+00:00
[2026-08-11T03:54:51.342+0000] {processor.py:208} INFO - Processing /opt/airflow/dags/weather_dag.py took 0.479 seconds
[2026-08-11T03:55:21.730+0000] {processor.py:186} INFO - Started process (PID=33995) to work on /opt/airflow/dags/weather_dag.py
[2026-08-11T03:55:21.735+0000] {processor.py:914} INFO - Processing file /opt/airflow/dags/weather_dag.py for tasks to queue
[2026-08-11T03:55:21.751+0000] {logging_mixin.py:190} INFO - [2026-08-11T03:55:21.750+0000] {dagbag.py:588} INFO - Filling up the DagBag from /opt/airflow/dags/weather_dag.py
[2026-08-11T03:55:22.131+0000] {processor.py:925} INFO - DAG(s) 'weather_ingestion' retrieved from /opt/airflow/dags/weather_dag.py
[2026-08-11T03:55:22.149+0000] {logging_mixin.py:190} INFO - [2026-08-11T03:55:22.149+0000] {dag.py:3239} INFO - Sync 1 DAGs
[2026-08-11T03:55:22.339+0000] {logging_mixin.py:190} INFO - [2026-08-11T03:55:22.339+0000] {dag.py:4180} INFO - Setting next_dagrun for weather_ingestion to 2026-08-11 03:00:00+00:00, run_after=2026-08-11 04:00:00+00:00
[2026-08-11T03:55:22.346+0000] {processor.py:208} INFO - Processing /opt/airflow/dags/weather_dag.py took 0.636 seconds
[2026-08-11T03:55:52.750+0000] {processor.py:186} INFO - Started process (PID=34002) to work on /opt/airflow/dags/weather_dag.py
[2026-08-11T03:55:52.752+0000] {processor.py:914} INFO - Processing file /opt/airflow/dags/weather_dag.py for tasks to queue
[2026-08-11T03:55:52.754+0000] {logging_mixin.py:190} INFO - [2026-08-11T03:55:52.754+0000] {dagbag.py:588} INFO - Filling up the DagBag from /opt/airflow/dags/weather_dag.py
[2026-08-11T03:55:52.969+0000] {processor.py:925} INFO - DAG(s) 'weather_ingestion' retrieved from /opt/airflow/dags/weather_dag.py
[2026-08-11T03:55:52.980+0000] {logging_mixin.py:190} INFO - [2026-08-11T03:55:52.980+0000] {dag.py:3239} INFO - Sync 1 DAGs
[2026-08-11T03:55:52.991+0000] {logging_mixin.py:190} INFO - [2026-08-11T03:55:52.991+0000] {dag.py:4180} INFO - Setting next_dagrun for weather_ingestion to 2026-08-11 03:00:00+00:00, run_after=2026-08-11 04:00:00+00:00
[2026-08-11T03:55:52.998+0000] {processor.py:208} INFO - Processing /opt/airflow/dags/weather_dag.py took 0.254 seconds
[2026-08-11T03:56:23.180+0000] {processor.py:186} INFO - Started process (PID=34009) to work on /opt/airflow/dags/weather_dag.py
[2026-08-11T03:56:23.184+0000] {processor.py:914} INFO - Processing file /opt/airflow/dags/weather_dag.py for tasks to queue
[2026-08-11T03:56:23.188+0000] {logging_mixin.py:190} INFO - [2026-08-11T03:56:23.187+0000] {dagbag.py:588} INFO - Filling up the DagBag from /opt/airflow/dags/weather_dag.py
[2026-08-11T03:56:23.476+0000] {processor.py:925} INFO - DAG(s) 'weather_ingestion' retrieved from /opt/airflow/dags/weather_dag.py
[2026-08-11T03:56:23.494+0000] {logging_mixin.py:190} INFO - [2026-08-11T03:56:23.494+0000] {dag.py:3239} INFO - Sync 1 DAGs
[2026-08-11T03:56:23.507+0000] {logging_mixin.py:190} INFO - [2026-08-11T03:56:23.507+0000] {dag.py:4180} INFO - Setting next_dagrun for weather_ingestion to 2026-08-11 03:00:00+00:00, run_after=2026-08-11 04:00:00+00:00
[2026-08-11T03:56:23.515+0000] {processor.py:208} INFO - Processing /opt/airflow/dags/weather_dag.py took 0.349 seconds
[2026-08-11T03:56:53.692+0000] {processor.py:186} INFO - Started process (PID=34016) to work on /opt/airflow/dags/weather_dag.py
[2026-08-11T03:56:53.695+0000] {processor.py:914} INFO - Processing file /opt/airflow/dags/weather_dag.py for tasks to queue
[2026-08-11T03:56:53.697+0000] {logging_mixin.py:190} INFO - [2026-08-11T03:56:53.697+0000] {dagbag.py:588} INFO - Filling up the DagBag from /opt/airflow/dags/weather_dag.py
[2026-08-11T03:56:53.915+0000] {processor.py:925} INFO - DAG(s) 'weather_ingestion' retrieved from /opt/airflow/dags/weather_dag.py
[2026-08-11T03:56:53.927+0000] {logging_mixin.py:190} INFO - [2026-08-11T03:56:53.927+0000] {dag.py:3239} INFO - Sync 1 DAGs
[2026-08-11T03:56:53.936+0000] {logging_mixin.py:190} INFO - [2026-08-11T03:56:53.936+0000] {dag.py:4180} INFO - Setting next_dagrun for weather_ingestion to 2026-08-11 03:00:00+00:00, run_after=2026-08-11 04:00:00+00:00
[2026-08-11T03:56:53.942+0000] {processor.py:208} INFO - Processing /opt/airflow/dags/weather_dag.py took 0.258 seconds
[2026-08-11T03:57:24.140+0000] {processor.py:186} INFO - Started process (PID=34023) to work on /opt/airflow/dags/weather_dag.py
[2026-08-11T03:57:24.142+0000] {processor.py:914} INFO - Processing file /opt/airflow/dags/weather_dag.py for tasks to queue
[2026-08-11T03:57:24.145+0000] {logging_mixin.py:190} INFO - [2026-08-11T03:57:24.145+0000] {dagbag.py:588} INFO - Filling up the DagBag from /opt/airflow/dags/weather_dag.py
[2026-08-11T03:57:24.413+0000] {processor.py:925} INFO - DAG(s) 'weather_ingestion' retrieved from /opt/airflow/dags/weather_dag.py
[2026-08-11T03:57:24.428+0000] {logging_mixin.py:190} INFO - [2026-08-11T03:57:24.428+0000] {dag.py:3239} INFO - Sync 1 DAGs
[2026-08-11T03:57:24.441+0000] {logging_mixin.py:190} INFO - [2026-08-11T03:57:24.441+0000] {dag.py:4180} INFO - Setting next_dagrun for weather_ingestion to 2026-08-11 03:00:00+00:00, run_after=2026-08-11 04:00:00+00:00
[2026-08-11T03:57:24.448+0000] {processor.py:208} INFO - Processing /opt/airflow/dags/weather_dag.py took 0.319 seconds
[2026-08-11T03:57:54.533+0000] {processor.py:186} INFO - Started process (PID=34030) to work on /opt/airflow/dags/weather_dag.py
[2026-08-11T03:57:54.535+0000] {processor.py:914} INFO - Processing file /opt/airflow/dags/weather_dag.py for tasks to queue
[2026-08-11T03:57:54.537+0000] {logging_mixin.py:190} INFO - [2026-08-11T03:57:54.537+0000] {dagbag.py:588} INFO - Filling up the DagBag from /opt/airflow/dags/weather_dag.py
[2026-08-11T03:57:54.760+0000] {processor.py:925} INFO - DAG(s) 'weather_ingestion' retrieved from /opt/airflow/dags/weather_dag.py
[2026-08-11T03:57:54.772+0000] {logging_mixin.py:190} INFO - [2026-08-11T03:57:54.772+0000] {dag.py:3239} INFO - Sync 1 DAGs
[2026-08-11T03:57:54.782+0000] {logging_mixin.py:190} INFO - [2026-08-11T03:57:54.782+0000] {dag.py:4180} INFO - Setting next_dagrun for weather_ingestion to 2026-08-11 03:00:00+00:00, run_after=2026-08-11 04:00:00+00:00
[2026-08-11T03:57:54.789+0000] {processor.py:208} INFO - Processing /opt/airflow/dags/weather_dag.py took 0.263 seconds
[2026-08-11T03:58:25.096+0000] {processor.py:186} INFO - Started process (PID=34037) to work on /opt/airflow/dags/weather_dag.py
[2026-08-11T03:58:25.098+0000] {processor.py:914} INFO - Processing file /opt/airflow/dags/weather_dag.py for tasks to queue
[2026-08-11T03:58:25.101+0000] {logging_mixin.py:190} INFO - [2026-08-11T03:58:25.101+0000] {dagbag.py:588} INFO - Filling up the DagBag from /opt/airflow/dags/weather_dag.py
[2026-08-11T03:58:25.317+0000] {processor.py:925} INFO - DAG(s) 'weather_ingestion' retrieved from /opt/airflow/dags/weather_dag.py
[2026-08-11T03:58:25.328+0000] {logging_mixin.py:190} INFO - [2026-08-11T03:58:25.328+0000] {dag.py:3239} INFO - Sync 1 DAGs
[2026-08-11T03:58:25.487+0000] {logging_mixin.py:190} INFO - [2026-08-11T03:58:25.487+0000] {dag.py:4180} INFO - Setting next_dagrun for weather_ingestion to 2026-08-11 03:00:00+00:00, run_after=2026-08-11 04:00:00+00:00
[2026-08-11T03:58:25.494+0000] {processor.py:208} INFO - Processing /opt/airflow/dags/weather_dag.py took 0.404 seconds
[2026-08-11T03:58:55.848+0000] {processor.py:186} INFO - Started process (PID=34044) to work on /opt/airflow/dags/weather_dag.py
[2026-08-11T03:58:55.850+0000] {processor.py:914} INFO - Processing file /opt/airflow/dags/weather_dag.py for tasks to queue
[2026-08-11T03:58:55.853+0000] {logging_mixin.py:190} INFO - [2026-08-11T03:58:55.853+0000] {dagbag.py:588} INFO - Filling up the DagBag from /opt/airflow/dags/weather_dag.py
[2026-08-11T03:58:56.064+0000] {processor.py:925} INFO - DAG(s) 'weather_ingestion' retrieved from /opt/airflow/dags/weather_dag.py
[2026-08-11T03:58:56.075+0000] {logging_mixin.py:190} INFO - [2026-08-11T03:58:56.075+0000] {dag.py:3239} INFO - Sync 1 DAGs
[2026-08-11T03:58:56.084+0000] {logging_mixin.py:190} INFO - [2026-08-11T03:58:56.084+0000] {dag.py:4180} INFO - Setting next_dagrun for weather_ingestion to 2026-08-11 03:00:00+00:00, run_after=2026-08-11 04:00:00+00:00
[2026-08-11T03:58:56.090+0000] {processor.py:208} INFO - Processing /opt/airflow/dags/weather_dag.py took 0.249 seconds
[2026-08-11T03:59:26.217+0000] {processor.py:186} INFO - Started process (PID=34051) to work on /opt/airflow/dags/weather_dag.py
[2026-08-11T03:59:26.219+0000] {processor.py:914} INFO - Processing file /opt/airflow/dags/weather_dag.py for tasks to queue
[2026-08-11T03:59:26.223+0000] {logging_mixin.py:190} INFO - [2026-08-11T03:59:26.223+0000] {dagbag.py:588} INFO - Filling up the DagBag from /opt/airflow/dags/weather_dag.py
[2026-08-11T03:59:26.488+0000] {processor.py:925} INFO - DAG(s) 'weather_ingestion' retrieved from /opt/airflow/dags/weather_dag.py
[2026-08-11T03:59:26.503+0000] {logging_mixin.py:190} INFO - [2026-08-11T03:59:26.503+0000] {dag.py:3239} INFO - Sync 1 DAGs
[2026-08-11T03:59:26.514+0000] {logging_mixin.py:190} INFO - [2026-08-11T03:59:26.514+0000] {dag.py:4180} INFO - Setting next_dagrun for weather_ingestion to 2026-08-11 03:00:00+00:00, run_after=2026-08-11 04:00:00+00:00
[2026-08-11T03:59:26.522+0000] {processor.py:208} INFO - Processing /opt/airflow/dags/weather_dag.py took 0.317 seconds
[2026-08-11T03:59:56.774+0000] {processor.py:186} INFO - Started process (PID=34058) to work on /opt/airflow/dags/weather_dag.py
[2026-08-11T03:59:56.777+0000] {processor.py:914} INFO - Processing file /opt/airflow/dags/weather_dag.py for tasks to queue
[2026-08-11T03:59:56.779+0000] {logging_mixin.py:190} INFO - [2026-08-11T03:59:56.779+0000] {dagbag.py:588} INFO - Filling up the DagBag from /opt/airflow/dags/weather_dag.py
[2026-08-11T03:59:56.993+0000] {processor.py:925} INFO - DAG(s) 'weather_ingestion' retrieved from /opt/airflow/dags/weather_dag.py
[2026-08-11T03:59:57.004+0000] {logging_mixin.py:190} INFO - [2026-08-11T03:59:57.004+0000] {dag.py:3239} INFO - Sync 1 DAGs
[2026-08-11T03:59:57.014+0000] {logging_mixin.py:190} INFO - [2026-08-11T03:59:57.014+0000] {dag.py:4180} INFO - Setting next_dagrun for weather_ingestion to 2026-08-11 03:00:00+00:00, run_after=2026-08-11 04:00:00+00:00
[2026-08-11T03:59:57.020+0000] {processor.py:208} INFO - Processing /opt/airflow/dags/weather_dag.py took 0.259 seconds
[2026-08-11T04:00:27.197+0000] {processor.py:186} INFO - Started process (PID=34070) to work on /opt/airflow/dags/weather_dag.py
[2026-08-11T04:00:27.199+0000] {processor.py:914} INFO - Processing file /opt/airflow/dags/weather_dag.py for tasks to queue
[2026-08-11T04:00:27.202+0000] {logging_mixin.py:190} INFO - [2026-08-11T04:00:27.201+0000] {dagbag.py:588} INFO - Filling up the DagBag from /opt/airflow/dags/weather_dag.py
[2026-08-11T04:00:27.436+0000] {processor.py:925} INFO - DAG(s) 'weather_ingestion' retrieved from /opt/airflow/dags/weather_dag.py
[2026-08-11T04:00:27.447+0000] {logging_mixin.py:190} INFO - [2026-08-11T04:00:27.447+0000] {dag.py:3239} INFO - Sync 1 DAGs
[2026-08-11T04:00:27.456+0000] {logging_mixin.py:190} INFO - [2026-08-11T04:00:27.456+0000] {dag.py:4180} INFO - Setting next_dagrun for weather_ingestion to 2026-08-11 04:00:00+00:00, run_after=2026-08-11 05:00:00+00:00
[2026-08-11T04:00:27.463+0000] {processor.py:208} INFO - Processing /opt/airflow/dags/weather_dag.py took 0.273 seconds
[2026-08-11T04:00:57.705+0000] {processor.py:186} INFO - Started process (PID=34077) to work on /opt/airflow/dags/weather_dag.py
[2026-08-11T04:00:57.707+0000] {processor.py:914} INFO - Processing file /opt/airflow/dags/weather_dag.py for tasks to queue
[2026-08-11T04:00:57.709+0000] {logging_mixin.py:190} INFO - [2026-08-11T04:00:57.709+0000] {dagbag.py:588} INFO - Filling up the DagBag from /opt/airflow/dags/weather_dag.py
[2026-08-11T04:00:57.923+0000] {processor.py:925} INFO - DAG(s) 'weather_ingestion' retrieved from /opt/airflow/dags/weather_dag.py
[2026-08-11T04:00:57.934+0000] {logging_mixin.py:190} INFO - [2026-08-11T04:00:57.934+0000] {dag.py:3239} INFO - Sync 1 DAGs
[2026-08-11T04:00:57.943+0000] {logging_mixin.py:190} INFO - [2026-08-11T04:00:57.943+0000] {dag.py:4180} INFO - Setting next_dagrun for weather_ingestion to 2026-08-11 04:00:00+00:00, run_after=2026-08-11 05:00:00+00:00
[2026-08-11T04:00:58.082+0000] {processor.py:208} INFO - Processing /opt/airflow/dags/weather_dag.py took 0.385 seconds
[2026-08-11T04:01:28.246+0000] {processor.py:186} INFO - Started process (PID=34084) to work on /opt/airflow/dags/weather_dag.py
[2026-08-11T04:01:28.248+0000] {processor.py:914} INFO - Processing file /opt/airflow/dags/weather_dag.py for tasks to queue
[2026-08-11T04:01:28.253+0000] {logging_mixin.py:190} INFO - [2026-08-11T04:01:28.252+0000] {dagbag.py:588} INFO - Filling up the DagBag from /opt/airflow/dags/weather_dag.py
[2026-08-11T04:01:28.623+0000] {processor.py:925} INFO - DAG(s) 'weather_ingestion' retrieved from /opt/airflow/dags/weather_dag.py
[2026-08-11T04:01:28.642+0000] {logging_mixin.py:190} INFO - [2026-08-11T04:01:28.642+0000] {dag.py:3239} INFO - Sync 1 DAGs
[2026-08-11T04:01:28.755+0000] {logging_mixin.py:190} INFO - [2026-08-11T04:01:28.755+0000] {dag.py:4180} INFO - Setting next_dagrun for weather_ingestion to 2026-08-11 04:00:00+00:00, run_after=2026-08-11 05:00:00+00:00
[2026-08-11T04:01:28.762+0000] {processor.py:208} INFO - Processing /opt/airflow/dags/weather_dag.py took 0.527 seconds
[2026-08-11T04:01:59.118+0000] {processor.py:186} INFO - Started process (PID=34091) to work on /opt/airflow/dags/weather_dag.py
[2026-08-11T04:01:59.120+0000] {processor.py:914} INFO - Processing file /opt/airflow/dags/weather_dag.py for tasks to queue
[2026-08-11T04:01:59.123+0000] {logging_mixin.py:190} INFO - [2026-08-11T04:01:59.123+0000] {dagbag.py:588} INFO - Filling up the DagBag from /opt/airflow/dags/weather_dag.py
[2026-08-11T04:01:59.338+0000] {processor.py:925} INFO - DAG(s) 'weather_ingestion' retrieved from /opt/airflow/dags/weather_dag.py
[2026-08-11T04:01:59.350+0000] {logging_mixin.py:190} INFO - [2026-08-11T04:01:59.349+0000] {dag.py:3239} INFO - Sync 1 DAGs
[2026-08-11T04:01:59.359+0000] {logging_mixin.py:190} INFO - [2026-08-11T04:01:59.359+0000] {dag.py:4180} INFO - Setting next_dagrun for weather_ingestion to 2026-08-11 04:00:00+00:00, run_after=2026-08-11 05:00:00+00:00
[2026-08-11T04:01:59.365+0000] {processor.py:208} INFO - Processing /opt/airflow/dags/weather_dag.py took 0.256 seconds
[2026-08-11T04:02:29.452+0000] {processor.py:186} INFO - Started process (PID=34103) to work on /opt/airflow/dags/weather_dag.py
[2026-08-11T04:02:29.454+0000] {processor.py:914} INFO - Processing file /opt/airflow/dags/weather_dag.py for tasks to queue
[2026-08-11T04:02:29.457+0000] {logging_mixin.py:190} INFO - [2026-08-11T04:02:29.457+0000] {dagbag.py:588} INFO - Filling up the DagBag from /opt/airflow/dags/weather_dag.py
[2026-08-11T04:02:29.794+0000] {processor.py:925} INFO - DAG(s) 'weather_ingestion' retrieved from /opt/airflow/dags/weather_dag.py
[2026-08-11T04:02:29.834+0000] {logging_mixin.py:190} INFO - [2026-08-11T04:02:29.834+0000] {dag.py:3239} INFO - Sync 1 DAGs
[2026-08-11T04:02:29.850+0000] {logging_mixin.py:190} INFO - [2026-08-11T04:02:29.850+0000] {dag.py:4180} INFO - Setting next_dagrun for weather_ingestion to 2026-08-11 04:00:00+00:00, run_after=2026-08-11 05:00:00+00:00
[2026-08-11T04:02:29.859+0000] {processor.py:208} INFO - Processing /opt/airflow/dags/weather_dag.py took 0.418 seconds
[2026-08-11T04:03:00.003+0000] {processor.py:186} INFO - Started process (PID=34110) to work on /opt/airflow/dags/weather_dag.py
[2026-08-11T04:03:00.006+0000] {processor.py:914} INFO - Processing file /opt/airflow/dags/weather_dag.py for tasks to queue
[2026-08-11T04:03:00.009+0000] {logging_mixin.py:190} INFO - [2026-08-11T04:03:00.008+0000] {dagbag.py:588} INFO - Filling up the DagBag from /opt/airflow/dags/weather_dag.py
[2026-08-11T04:03:00.236+0000] {processor.py:925} INFO - DAG(s) 'weather_ingestion' retrieved from /opt/airflow/dags/weather_dag.py
[2026-08-11T04:03:00.249+0000] {logging_mixin.py:190} INFO - [2026-08-11T04:03:00.248+0000] {dag.py:3239} INFO - Sync 1 DAGs
[2026-08-11T04:03:00.259+0000] {logging_mixin.py:190} INFO - [2026-08-11T04:03:00.259+0000] {dag.py:4180} INFO - Setting next_dagrun for weather_ingestion to 2026-08-11 04:00:00+00:00, run_after=2026-08-11 05:00:00+00:00
[2026-08-11T04:03:00.265+0000] {processor.py:208} INFO - Processing /opt/airflow/dags/weather_dag.py took 0.269 seconds
[2026-08-11T04:03:30.339+0000] {processor.py:186} INFO - Started process (PID=34117) to work on /opt/airflow/dags/weather_dag.py
[2026-08-11T04:03:30.340+0000] {processor.py:914} INFO - Processing file /opt/airflow/dags/weather_dag.py for tasks to queue
[2026-08-11T04:03:30.341+0000] {logging_mixin.py:190} INFO - [2026-08-11T04:03:30.341+0000] {dagbag.py:588} INFO - Filling up the DagBag from /opt/airflow/dags/weather_dag.py
[2026-08-11T04:03:30.553+0000] {processor.py:925} INFO - DAG(s) 'weather_ingestion' retrieved from /opt/airflow/dags/weather_dag.py
[2026-08-11T04:03:30.566+0000] {logging_mixin.py:190} INFO - [2026-08-11T04:03:30.566+0000] {dag.py:3239} INFO - Sync 1 DAGs
[2026-08-11T04:03:30.575+0000] {logging_mixin.py:190} INFO - [2026-08-11T04:03:30.575+0000] {dag.py:4180} INFO - Setting next_dagrun for weather_ingestion to 2026-08-11 04:00:00+00:00, run_after=2026-08-11 05:00:00+00:00
[2026-08-11T04:03:30.582+0000] {processor.py:208} INFO - Processing /opt/airflow/dags/weather_dag.py took 0.249 seconds
[2026-08-11T04:04:00.982+0000] {processor.py:186} INFO - Started process (PID=34124) to work on /opt/airflow/dags/weather_dag.py
[2026-08-11T04:04:00.984+0000] {processor.py:914} INFO - Processing file /opt/airflow/dags/weather_dag.py for tasks to queue
[2026-08-11T04:04:00.989+0000] {logging_mixin.py:190} INFO - [2026-08-11T04:04:00.988+0000] {dagbag.py:588} INFO - Filling up the DagBag from /opt/airflow/dags/weather_dag.py
[2026-08-11T04:04:01.414+0000] {processor.py:925} INFO - DAG(s) 'weather_ingestion' retrieved from /opt/airflow/dags/weather_dag.py
[2026-08-11T04:04:01.436+0000] {logging_mixin.py:190} INFO - [2026-08-11T04:04:01.436+0000] {dag.py:3239} INFO - Sync 1 DAGs
[2026-08-11T04:04:01.641+0000] {logging_mixin.py:190} INFO - [2026-08-11T04:04:01.640+0000] {dag.py:4180} INFO - Setting next_dagrun for weather_ingestion to 2026-08-11 04:00:00+00:00, run_after=2026-08-11 05:00:00+00:00
[2026-08-11T04:04:01.648+0000] {processor.py:208} INFO - Processing /opt/airflow/dags/weather_dag.py took 0.693 seconds
[2026-08-11T04:04:32.068+0000] {processor.py:186} INFO - Started process (PID=34131) to work on /opt/airflow/dags/weather_dag.py
[2026-08-11T04:04:32.070+0000] {processor.py:914} INFO - Processing file /opt/airflow/dags/weather_dag.py for tasks to queue
[2026-08-11T04:04:32.073+0000] {logging_mixin.py:190} INFO - [2026-08-11T04:04:32.072+0000] {dagbag.py:588} INFO - Filling up the DagBag from /opt/airflow/dags/weather_dag.py
[2026-08-11T04:04:32.324+0000] {processor.py:925} INFO - DAG(s) 'weather_ingestion' retrieved from /opt/airflow/dags/weather_dag.py
[2026-08-11T04:04:32.336+0000] {logging_mixin.py:190} INFO - [2026-08-11T04:04:32.335+0000] {dag.py:3239} INFO - Sync 1 DAGs
[2026-08-11T04:04:32.346+0000] {logging_mixin.py:190} INFO - [2026-08-11T04:04:32.346+0000] {dag.py:4180} INFO - Setting next_dagrun for weather_ingestion to 2026-08-11 04:00:00+00:00, run_after=2026-08-11 05:00:00+00:00
[2026-08-11T04:04:32.352+0000] {processor.py:208} INFO - Processing /opt/airflow/dags/weather_dag.py took 0.316 seconds
[2026-08-11T04:05:02.727+0000] {processor.py:186} INFO - Started process (PID=34138) to work on /opt/airflow/dags/weather_dag.py
[2026-08-11T04:05:02.729+0000] {processor.py:914} INFO - Processing file /opt/airflow/dags/weather_dag.py for tasks to queue
[2026-08-11T04:05:02.732+0000] {logging_mixin.py:190} INFO - [2026-08-11T04:05:02.731+0000] {dagbag.py:588} INFO - Filling up the DagBag from /opt/airflow/dags/weather_dag.py
[2026-08-11T04:05:03.007+0000] {processor.py:925} INFO - DAG(s) 'weather_ingestion' retrieved from /opt/airflow/dags/weather_dag.py
[2026-08-11T04:05:03.023+0000] {logging_mixin.py:190} INFO - [2026-08-11T04:05:03.023+0000] {dag.py:3239} INFO - Sync 1 DAGs
[2026-08-11T04:05:03.036+0000] {logging_mixin.py:190} INFO - [2026-08-11T04:05:03.036+0000] {dag.py:4180} INFO - Setting next_dagrun for weather_ingestion to 2026-08-11 04:00:00+00:00, run_after=2026-08-11 05:00:00+00:00
[2026-08-11T04:05:03.044+0000] {processor.py:208} INFO - Processing /opt/airflow/dags/weather_dag.py took 0.325 seconds
[2026-08-11T04:05:33.087+0000] {processor.py:186} INFO - Started process (PID=34145) to work on /opt/airflow/dags/weather_dag.py
[2026-08-11T04:05:33.090+0000] {processor.py:914} INFO - Processing file /opt/airflow/dags/weather_dag.py for tasks to queue
[2026-08-11T04:05:33.093+0000] {logging_mixin.py:190} INFO - [2026-08-11T04:05:33.093+0000] {dagbag.py:588} INFO - Filling up the DagBag from /opt/airflow/dags/weather_dag.py
[2026-08-11T04:05:33.332+0000] {processor.py:925} INFO - DAG(s) 'weather_ingestion' retrieved from /opt/airflow/dags/weather_dag.py
[2026-08-11T04:05:33.344+0000] {logging_mixin.py:190} INFO - [2026-08-11T04:05:33.343+0000] {dag.py:3239} INFO - Sync 1 DAGs
[2026-08-11T04:05:33.353+0000] {logging_mixin.py:190} INFO - [2026-08-11T04:05:33.353+0000] {dag.py:4180} INFO - Setting next_dagrun for weather_ingestion to 2026-08-11 04:00:00+00:00, run_after=2026-08-11 05:00:00+00:00
[2026-08-11T04:05:33.361+0000] {processor.py:208} INFO - Processing /opt/airflow/dags/weather_dag.py took 0.282 seconds
[2026-08-11T04:06:03.471+0000] {processor.py:186} INFO - Started process (PID=34152) to work on /opt/airflow/dags/weather_dag.py
[2026-08-11T04:06:03.473+0000] {processor.py:914} INFO - Processing file /opt/airflow/dags/weather_dag.py for tasks to queue
[2026-08-11T04:06:03.475+0000] {logging_mixin.py:190} INFO - [2026-08-11T04:06:03.475+0000] {dagbag.py:588} INFO - Filling up the DagBag from /opt/airflow/dags/weather_dag.py
[2026-08-11T04:06:03.695+0000] {processor.py:925} INFO - DAG(s) 'weather_ingestion' retrieved from /opt/airflow/dags/weather_dag.py
[2026-08-11T04:06:03.707+0000] {logging_mixin.py:190} INFO - [2026-08-11T04:06:03.706+0000] {dag.py:3239} INFO - Sync 1 DAGs
[2026-08-11T04:06:03.717+0000] {logging_mixin.py:190} INFO - [2026-08-11T04:06:03.717+0000] {dag.py:4180} INFO - Setting next_dagrun for weather_ingestion to 2026-08-11 04:00:00+00:00, run_after=2026-08-11 05:00:00+00:00
[2026-08-11T04:06:03.725+0000] {processor.py:208} INFO - Processing /opt/airflow/dags/weather_dag.py took 0.261 seconds
[2026-08-11T04:06:34.018+0000] {processor.py:186} INFO - Started process (PID=34159) to work on /opt/airflow/dags/weather_dag.py
[2026-08-11T04:06:34.020+0000] {processor.py:914} INFO - Processing file /opt/airflow/dags/weather_dag.py for tasks to queue
[2026-08-11T04:06:34.023+0000] {logging_mixin.py:190} INFO - [2026-08-11T04:06:34.023+0000] {dagbag.py:588} INFO - Filling up the DagBag from /opt/airflow/dags/weather_dag.py
[2026-08-11T04:06:34.279+0000] {processor.py:925} INFO - DAG(s) 'weather_ingestion' retrieved from /opt/airflow/dags/weather_dag.py
[2026-08-11T04:06:34.293+0000] {logging_mixin.py:190} INFO - [2026-08-11T04:06:34.293+0000] {dag.py:3239} INFO - Sync 1 DAGs
[2026-08-11T04:06:34.305+0000] {logging_mixin.py:190} INFO - [2026-08-11T04:06:34.305+0000] {dag.py:4180} INFO - Setting next_dagrun for weather_ingestion to 2026-08-11 04:00:00+00:00, run_after=2026-08-11 05:00:00+00:00
[2026-08-11T04:06:34.484+0000] {processor.py:208} INFO - Processing /opt/airflow/dags/weather_dag.py took 0.477 seconds
[2026-08-11T04:07:04.825+0000] {processor.py:186} INFO - Started process (PID=34166) to work on /opt/airflow/dags/weather_dag.py
[2026-08-11T04:07:04.849+0000] {processor.py:914} INFO - Processing file /opt/airflow/dags/weather_dag.py for tasks to queue
[2026-08-11T04:07:04.860+0000] {logging_mixin.py:190} INFO - [2026-08-11T04:07:04.859+0000] {dagbag.py:588} INFO - Filling up the DagBag from /opt/airflow/dags/weather_dag.py
[2026-08-11T04:24:28.830+0000] {processor.py:186} INFO - Started process (PID=34171) to work on /opt/airflow/dags/weather_dag.py
[2026-08-11T04:24:28.833+0000] {processor.py:914} INFO - Processing file /opt/airflow/dags/weather_dag.py for tasks to queue
[2026-08-11T04:24:28.837+0000] {logging_mixin.py:190} INFO - [2026-08-11T04:24:28.837+0000] {dagbag.py:588} INFO - Filling up the DagBag from /opt/airflow/dags/weather_dag.py
[2026-08-11T04:24:29.219+0000] {processor.py:925} INFO - DAG(s) 'weather_ingestion' retrieved from /opt/airflow/dags/weather_dag.py
[2026-08-11T04:24:29.241+0000] {logging_mixin.py:190} INFO - [2026-08-11T04:24:29.241+0000] {dag.py:3239} INFO - Sync 1 DAGs
[2026-08-11T04:24:29.259+0000] {logging_mixin.py:190} INFO - [2026-08-11T04:24:29.259+0000] {dag.py:4180} INFO - Setting next_dagrun for weather_ingestion to 2026-08-11 04:00:00+00:00, run_after=2026-08-11 05:00:00+00:00
[2026-08-11T04:24:29.270+0000] {processor.py:208} INFO - Processing /opt/airflow/dags/weather_dag.py took 0.462 seconds
[2026-08-11T04:40:30.321+0000] {processor.py:186} INFO - Started process (PID=34178) to work on /opt/airflow/dags/weather_dag.py
[2026-08-11T04:40:30.324+0000] {processor.py:914} INFO - Processing file /opt/airflow/dags/weather_dag.py for tasks to queue
[2026-08-11T04:40:30.329+0000] {logging_mixin.py:190} INFO - [2026-08-11T04:40:30.328+0000] {dagbag.py:588} INFO - Filling up the DagBag from /opt/airflow/dags/weather_dag.py
[2026-08-11T04:40:31.787+0000] {processor.py:925} INFO - DAG(s) 'weather_ingestion' retrieved from /opt/airflow/dags/weather_dag.py
[2026-08-11T04:40:31.842+0000] {logging_mixin.py:190} INFO - [2026-08-11T04:40:31.842+0000] {dag.py:3239} INFO - Sync 1 DAGs
[2026-08-11T04:40:31.860+0000] {logging_mixin.py:190} INFO - [2026-08-11T04:40:31.860+0000] {dag.py:4180} INFO - Setting next_dagrun for weather_ingestion to 2026-08-11 04:00:00+00:00, run_after=2026-08-11 05:00:00+00:00
[2026-08-11T04:40:31.870+0000] {processor.py:208} INFO - Processing /opt/airflow/dags/weather_dag.py took 1.559 seconds
[2026-08-11T04:41:02.277+0000] {processor.py:186} INFO - Started process (PID=34185) to work on /opt/airflow/dags/weather_dag.py
[2026-08-11T04:41:02.279+0000] {processor.py:914} INFO - Processing file /opt/airflow/dags/weather_dag.py for tasks to queue
[2026-08-11T04:41:02.285+0000] {logging_mixin.py:190} INFO - [2026-08-11T04:41:02.283+0000] {dagbag.py:588} INFO - Filling up the DagBag from /opt/airflow/dags/weather_dag.py
[2026-08-11T04:41:02.721+0000] {processor.py:925} INFO - DAG(s) 'weather_ingestion' retrieved from /opt/airflow/dags/weather_dag.py
[2026-08-11T04:41:02.753+0000] {logging_mixin.py:190} INFO - [2026-08-11T04:41:02.753+0000] {dag.py:3239} INFO - Sync 1 DAGs
[2026-08-11T04:41:02.779+0000] {logging_mixin.py:190} INFO - [2026-08-11T04:41:02.779+0000] {dag.py:4180} INFO - Setting next_dagrun for weather_ingestion to 2026-08-11 04:00:00+00:00, run_after=2026-08-11 05:00:00+00:00
[2026-08-11T04:41:02.787+0000] {processor.py:208} INFO - Processing /opt/airflow/dags/weather_dag.py took 0.535 seconds
[2026-08-11T04:41:33.030+0000] {processor.py:186} INFO - Started process (PID=34192) to work on /opt/airflow/dags/weather_dag.py
[2026-08-11T04:41:33.032+0000] {processor.py:914} INFO - Processing file /opt/airflow/dags/weather_dag.py for tasks to queue
[2026-08-11T04:41:33.036+0000] {logging_mixin.py:190} INFO - [2026-08-11T04:41:33.036+0000] {dagbag.py:588} INFO - Filling up the DagBag from /opt/airflow/dags/weather_dag.py
[2026-08-11T04:41:33.364+0000] {processor.py:925} INFO - DAG(s) 'weather_ingestion' retrieved from /opt/airflow/dags/weather_dag.py
[2026-08-11T04:41:33.383+0000] {logging_mixin.py:190} INFO - [2026-08-11T04:41:33.382+0000] {dag.py:3239} INFO - Sync 1 DAGs
[2026-08-11T04:41:33.398+0000] {logging_mixin.py:190} INFO - [2026-08-11T04:41:33.398+0000] {dag.py:4180} INFO - Setting next_dagrun for weather_ingestion to 2026-08-11 04:00:00+00:00, run_after=2026-08-11 05:00:00+00:00
[2026-08-11T04:41:33.409+0000] {processor.py:208} INFO - Processing /opt/airflow/dags/weather_dag.py took 0.390 seconds
[2026-08-11T04:42:03.714+0000] {processor.py:186} INFO - Started process (PID=34199) to work on /opt/airflow/dags/weather_dag.py
[2026-08-11T04:42:03.715+0000] {processor.py:914} INFO - Processing file /opt/airflow/dags/weather_dag.py for tasks to queue
[2026-08-11T04:42:03.717+0000] {logging_mixin.py:190} INFO - [2026-08-11T04:42:03.717+0000] {dagbag.py:588} INFO - Filling up the DagBag from /opt/airflow/dags/weather_dag.py
[2026-08-11T04:42:03.932+0000] {processor.py:925} INFO - DAG(s) 'weather_ingestion' retrieved from /opt/airflow/dags/weather_dag.py
[2026-08-11T04:42:03.945+0000] {logging_mixin.py:190} INFO - [2026-08-11T04:42:03.944+0000] {dag.py:3239} INFO - Sync 1 DAGs
[2026-08-11T04:42:04.109+0000] {logging_mixin.py:190} INFO - [2026-08-11T04:42:04.109+0000] {dag.py:4180} INFO - Setting next_dagrun for weather_ingestion to 2026-08-11 04:00:00+00:00, run_after=2026-08-11 05:00:00+00:00
[2026-08-11T04:42:04.117+0000] {processor.py:208} INFO - Processing /opt/airflow/dags/weather_dag.py took 0.411 seconds
[2026-08-11T04:42:34.526+0000] {processor.py:186} INFO - Started process (PID=34206) to work on /opt/airflow/dags/weather_dag.py
[2026-08-11T04:42:34.528+0000] {processor.py:914} INFO - Processing file /opt/airflow/dags/weather_dag.py for tasks to queue
[2026-08-11T04:42:34.530+0000] {logging_mixin.py:190} INFO - [2026-08-11T04:42:34.530+0000] {dagbag.py:588} INFO - Filling up the DagBag from /opt/airflow/dags/weather_dag.py
[2026-08-11T04:42:34.740+0000] {processor.py:925} INFO - DAG(s) 'weather_ingestion' retrieved from /opt/airflow/dags/weather_dag.py
[2026-08-11T04:42:34.751+0000] {logging_mixin.py:190} INFO - [2026-08-11T04:42:34.751+0000] {dag.py:3239} INFO - Sync 1 DAGs
[2026-08-11T04:42:34.831+0000] {logging_mixin.py:190} INFO - [2026-08-11T04:42:34.830+0000] {dag.py:4180} INFO - Setting next_dagrun for weather_ingestion to 2026-08-11 04:00:00+00:00, run_after=2026-08-11 05:00:00+00:00
[2026-08-11T04:42:34.837+0000] {processor.py:208} INFO - Processing /opt/airflow/dags/weather_dag.py took 0.319 seconds
[2026-08-11T04:43:05.191+0000] {processor.py:186} INFO - Started process (PID=34213) to work on /opt/airflow/dags/weather_dag.py
[2026-08-11T04:43:05.194+0000] {processor.py:914} INFO - Processing file /opt/airflow/dags/weather_dag.py for tasks to queue
[2026-08-11T04:43:05.198+0000] {logging_mixin.py:190} INFO - [2026-08-11T04:43:05.197+0000] {dagbag.py:588} INFO - Filling up the DagBag from /opt/airflow/dags/weather_dag.py
[2026-08-11T04:43:05.454+0000] {processor.py:925} INFO - DAG(s) 'weather_ingestion' retrieved from /opt/airflow/dags/weather_dag.py
[2026-08-11T04:43:05.469+0000] {logging_mixin.py:190} INFO - [2026-08-11T04:43:05.469+0000] {dag.py:3239} INFO - Sync 1 DAGs
[2026-08-11T04:43:05.481+0000] {logging_mixin.py:190} INFO - [2026-08-11T04:43:05.481+0000] {dag.py:4180} INFO - Setting next_dagrun for weather_ingestion to 2026-08-11 04:00:00+00:00, run_after=2026-08-11 05:00:00+00:00
[2026-08-11T04:43:05.488+0000] {processor.py:208} INFO - Processing /opt/airflow/dags/weather_dag.py took 0.308 seconds
[2026-08-11T04:59:15.668+0000] {processor.py:186} INFO - Started process (PID=34220) to work on /opt/airflow/dags/weather_dag.py
[2026-08-11T04:59:15.669+0000] {processor.py:914} INFO - Processing file /opt/airflow/dags/weather_dag.py for tasks to queue
[2026-08-11T04:59:15.684+0000] {logging_mixin.py:190} INFO - [2026-08-11T04:59:15.683+0000] {dagbag.py:588} INFO - Filling up the DagBag from /opt/airflow/dags/weather_dag.py
[2026-08-11T04:59:16.090+0000] {processor.py:925} INFO - DAG(s) 'weather_ingestion' retrieved from /opt/airflow/dags/weather_dag.py
[2026-08-11T04:59:16.106+0000] {logging_mixin.py:190} INFO - [2026-08-11T04:59:16.106+0000] {dag.py:3239} INFO - Sync 1 DAGs
[2026-08-11T04:59:16.119+0000] {logging_mixin.py:190} INFO - [2026-08-11T04:59:16.119+0000] {dag.py:4180} INFO - Setting next_dagrun for weather_ingestion to 2026-08-11 04:00:00+00:00, run_after=2026-08-11 05:00:00+00:00
[2026-08-11T04:59:16.126+0000] {processor.py:208} INFO - Processing /opt/airflow/dags/weather_dag.py took 0.467 seconds
[2026-08-11T04:59:46.475+0000] {processor.py:186} INFO - Started process (PID=34227) to work on /opt/airflow/dags/weather_dag.py
[2026-08-11T04:59:46.476+0000] {processor.py:914} INFO - Processing file /opt/airflow/dags/weather_dag.py for tasks to queue
[2026-08-11T04:59:46.479+0000] {logging_mixin.py:190} INFO - [2026-08-11T04:59:46.479+0000] {dagbag.py:588} INFO - Filling up the DagBag from /opt/airflow/dags/weather_dag.py
[2026-08-11T04:59:46.779+0000] {processor.py:925} INFO - DAG(s) 'weather_ingestion' retrieved from /opt/airflow/dags/weather_dag.py
[2026-08-11T04:59:46.823+0000] {logging_mixin.py:190} INFO - [2026-08-11T04:59:46.823+0000] {dag.py:3239} INFO - Sync 1 DAGs
[2026-08-11T04:59:46.847+0000] {logging_mixin.py:190} INFO - [2026-08-11T04:59:46.847+0000] {dag.py:4180} INFO - Setting next_dagrun for weather_ingestion to 2026-08-11 04:00:00+00:00, run_after=2026-08-11 05:00:00+00:00
[2026-08-11T04:59:46.864+0000] {processor.py:208} INFO - Processing /opt/airflow/dags/weather_dag.py took 0.397 seconds
[2026-08-11T05:17:22.727+0000] {processor.py:186} INFO - Started process (PID=34239) to work on /opt/airflow/dags/weather_dag.py
[2026-08-11T05:17:22.729+0000] {processor.py:914} INFO - Processing file /opt/airflow/dags/weather_dag.py for tasks to queue
[2026-08-11T05:17:22.732+0000] {logging_mixin.py:190} INFO - [2026-08-11T05:17:22.732+0000] {dagbag.py:588} INFO - Filling up the DagBag from /opt/airflow/dags/weather_dag.py
[2026-08-11T05:17:23.577+0000] {processor.py:925} INFO - DAG(s) 'weather_ingestion' retrieved from /opt/airflow/dags/weather_dag.py
[2026-08-11T05:17:23.607+0000] {logging_mixin.py:190} INFO - [2026-08-11T05:17:23.607+0000] {dag.py:3239} INFO - Sync 1 DAGs
[2026-08-11T05:17:23.625+0000] {logging_mixin.py:190} INFO - [2026-08-11T05:17:23.625+0000] {dag.py:4180} INFO - Setting next_dagrun for weather_ingestion to 2026-08-11 05:00:00+00:00, run_after=2026-08-11 06:00:00+00:00
[2026-08-11T05:17:23.636+0000] {processor.py:208} INFO - Processing /opt/airflow/dags/weather_dag.py took 0.916 seconds
[2026-08-11T05:17:53.760+0000] {processor.py:186} INFO - Started process (PID=34251) to work on /opt/airflow/dags/weather_dag.py
[2026-08-11T05:17:53.762+0000] {processor.py:914} INFO - Processing file /opt/airflow/dags/weather_dag.py for tasks to queue
[2026-08-11T05:17:53.768+0000] {logging_mixin.py:190} INFO - [2026-08-11T05:17:53.767+0000] {dagbag.py:588} INFO - Filling up the DagBag from /opt/airflow/dags/weather_dag.py
[2026-08-11T05:17:54.161+0000] {processor.py:925} INFO - DAG(s) 'weather_ingestion' retrieved from /opt/airflow/dags/weather_dag.py
[2026-08-11T05:17:54.183+0000] {logging_mixin.py:190} INFO - [2026-08-11T05:17:54.183+0000] {dag.py:3239} INFO - Sync 1 DAGs
[2026-08-11T05:17:54.394+0000] {logging_mixin.py:190} INFO - [2026-08-11T05:17:54.394+0000] {dag.py:4180} INFO - Setting next_dagrun for weather_ingestion to 2026-08-11 05:00:00+00:00, run_after=2026-08-11 06:00:00+00:00
[2026-08-11T05:17:54.402+0000] {processor.py:208} INFO - Processing /opt/airflow/dags/weather_dag.py took 0.656 seconds
[2026-08-11T05:18:24.806+0000] {processor.py:186} INFO - Started process (PID=34258) to work on /opt/airflow/dags/weather_dag.py
[2026-08-11T05:18:24.809+0000] {processor.py:914} INFO - Processing file /opt/airflow/dags/weather_dag.py for tasks to queue
[2026-08-11T05:18:24.816+0000] {logging_mixin.py:190} INFO - [2026-08-11T05:18:24.815+0000] {dagbag.py:588} INFO - Filling up the DagBag from /opt/airflow/dags/weather_dag.py
[2026-08-11T05:18:25.093+0000] {processor.py:925} INFO - DAG(s) 'weather_ingestion' retrieved from /opt/airflow/dags/weather_dag.py
[2026-08-11T05:18:25.110+0000] {logging_mixin.py:190} INFO - [2026-08-11T05:18:25.110+0000] {dag.py:3239} INFO - Sync 1 DAGs
[2026-08-11T05:18:25.286+0000] {logging_mixin.py:190} INFO - [2026-08-11T05:18:25.286+0000] {dag.py:4180} INFO - Setting next_dagrun for weather_ingestion to 2026-08-11 05:00:00+00:00, run_after=2026-08-11 06:00:00+00:00
[2026-08-11T05:18:25.294+0000] {processor.py:208} INFO - Processing /opt/airflow/dags/weather_dag.py took 0.501 seconds
[2026-08-11T05:18:55.604+0000] {processor.py:186} INFO - Started process (PID=34265) to work on /opt/airflow/dags/weather_dag.py
[2026-08-11T05:18:55.606+0000] {processor.py:914} INFO - Processing file /opt/airflow/dags/weather_dag.py for tasks to queue
[2026-08-11T05:18:55.608+0000] {logging_mixin.py:190} INFO - [2026-08-11T05:18:55.608+0000] {dagbag.py:588} INFO - Filling up the DagBag from /opt/airflow/dags/weather_dag.py
[2026-08-11T05:18:55.822+0000] {processor.py:925} INFO - DAG(s) 'weather_ingestion' retrieved from /opt/airflow/dags/weather_dag.py
[2026-08-11T05:18:55.835+0000] {logging_mixin.py:190} INFO - [2026-08-11T05:18:55.834+0000] {dag.py:3239} INFO - Sync 1 DAGs
[2026-08-11T05:18:55.844+0000] {logging_mixin.py:190} INFO - [2026-08-11T05:18:55.844+0000] {dag.py:4180} INFO - Setting next_dagrun for weather_ingestion to 2026-08-11 05:00:00+00:00, run_after=2026-08-11 06:00:00+00:00
[2026-08-11T05:18:55.851+0000] {processor.py:208} INFO - Processing /opt/airflow/dags/weather_dag.py took 0.253 seconds
[2026-08-11T05:19:25.933+0000] {processor.py:186} INFO - Started process (PID=34272) to work on /opt/airflow/dags/weather_dag.py
[2026-08-11T05:19:25.935+0000] {processor.py:914} INFO - Processing file /opt/airflow/dags/weather_dag.py for tasks to queue
[2026-08-11T05:19:25.938+0000] {logging_mixin.py:190} INFO - [2026-08-11T05:19:25.938+0000] {dagbag.py:588} INFO - Filling up the DagBag from /opt/airflow/dags/weather_dag.py
[2026-08-11T05:19:26.143+0000] {processor.py:925} INFO - DAG(s) 'weather_ingestion' retrieved from /opt/airflow/dags/weather_dag.py
[2026-08-11T05:19:26.154+0000] {logging_mixin.py:190} INFO - [2026-08-11T05:19:26.154+0000] {dag.py:3239} INFO - Sync 1 DAGs
[2026-08-11T05:19:26.163+0000] {logging_mixin.py:190} INFO - [2026-08-11T05:19:26.163+0000] {dag.py:4180} INFO - Setting next_dagrun for weather_ingestion to 2026-08-11 05:00:00+00:00, run_after=2026-08-11 06:00:00+00:00
[2026-08-11T05:19:26.169+0000] {processor.py:208} INFO - Processing /opt/airflow/dags/weather_dag.py took 0.243 seconds
[2026-08-11T05:23:55.582+0000] {processor.py:186} INFO - Started process (PID=34284) to work on /opt/airflow/dags/weather_dag.py
[2026-08-11T05:23:55.584+0000] {processor.py:914} INFO - Processing file /opt/airflow/dags/weather_dag.py for tasks to queue
[2026-08-11T05:23:55.589+0000] {logging_mixin.py:190} INFO - [2026-08-11T05:23:55.588+0000] {dagbag.py:588} INFO - Filling up the DagBag from /opt/airflow/dags/weather_dag.py
[2026-08-11T05:23:55.983+0000] {processor.py:925} INFO - DAG(s) 'weather_ingestion' retrieved from /opt/airflow/dags/weather_dag.py
[2026-08-11T05:23:56.001+0000] {logging_mixin.py:190} INFO - [2026-08-11T05:23:56.001+0000] {dag.py:3239} INFO - Sync 1 DAGs
[2026-08-11T05:23:56.014+0000] {logging_mixin.py:190} INFO - [2026-08-11T05:23:56.014+0000] {dag.py:4180} INFO - Setting next_dagrun for weather_ingestion to 2026-08-11 05:00:00+00:00, run_after=2026-08-11 06:00:00+00:00
[2026-08-11T05:23:56.022+0000] {processor.py:208} INFO - Processing /opt/airflow/dags/weather_dag.py took 0.451 seconds
[2026-08-11T05:24:27.562+0000] {processor.py:186} INFO - Started process (PID=34291) to work on /opt/airflow/dags/weather_dag.py
[2026-08-11T05:24:27.567+0000] {processor.py:914} INFO - Processing file /opt/airflow/dags/weather_dag.py for tasks to queue
[2026-08-11T05:24:27.637+0000] {logging_mixin.py:190} INFO - [2026-08-11T05:24:27.636+0000] {dagbag.py:588} INFO - Filling up the DagBag from /opt/airflow/dags/weather_dag.py
[2026-08-11T05:24:28.482+0000] {processor.py:925} INFO - DAG(s) 'weather_ingestion' retrieved from /opt/airflow/dags/weather_dag.py
[2026-08-11T05:24:28.700+0000] {logging_mixin.py:190} INFO - [2026-08-11T05:24:28.699+0000] {dag.py:3239} INFO - Sync 1 DAGs
[2026-08-11T05:24:28.822+0000] {logging_mixin.py:190} INFO - [2026-08-11T05:24:28.821+0000] {dag.py:4180} INFO - Setting next_dagrun for weather_ingestion to 2026-08-11 05:00:00+00:00, run_after=2026-08-11 06:00:00+00:00
[2026-08-11T05:24:29.315+0000] {processor.py:208} INFO - Processing /opt/airflow/dags/weather_dag.py took 2.747 seconds
[2026-08-11T05:24:59.801+0000] {processor.py:186} INFO - Started process (PID=34298) to work on /opt/airflow/dags/weather_dag.py
[2026-08-11T05:24:59.803+0000] {processor.py:914} INFO - Processing file /opt/airflow/dags/weather_dag.py for tasks to queue
[2026-08-11T05:24:59.810+0000] {logging_mixin.py:190} INFO - [2026-08-11T05:24:59.809+0000] {dagbag.py:588} INFO - Filling up the DagBag from /opt/airflow/dags/weather_dag.py
[2026-08-11T05:25:00.190+0000] {processor.py:925} INFO - DAG(s) 'weather_ingestion' retrieved from /opt/airflow/dags/weather_dag.py
[2026-08-11T05:25:00.207+0000] {logging_mixin.py:190} INFO - [2026-08-11T05:25:00.207+0000] {dag.py:3239} INFO - Sync 1 DAGs
[2026-08-11T05:25:00.443+0000] {logging_mixin.py:190} INFO - [2026-08-11T05:25:00.443+0000] {dag.py:4180} INFO - Setting next_dagrun for weather_ingestion to 2026-08-11 05:00:00+00:00, run_after=2026-08-11 06:00:00+00:00
[2026-08-11T05:25:00.451+0000] {processor.py:208} INFO - Processing /opt/airflow/dags/weather_dag.py took 0.671 seconds
[2026-08-11T05:25:30.836+0000] {processor.py:186} INFO - Started process (PID=34305) to work on /opt/airflow/dags/weather_dag.py
[2026-08-11T05:25:30.839+0000] {processor.py:914} INFO - Processing file /opt/airflow/dags/weather_dag.py for tasks to queue
[2026-08-11T05:25:30.848+0000] {logging_mixin.py:190} INFO - [2026-08-11T05:25:30.847+0000] {dagbag.py:588} INFO - Filling up the DagBag from /opt/airflow/dags/weather_dag.py
[2026-08-11T05:25:31.130+0000] {processor.py:925} INFO - DAG(s) 'weather_ingestion' retrieved from /opt/airflow/dags/weather_dag.py
[2026-08-11T05:25:31.144+0000] {logging_mixin.py:190} INFO - [2026-08-11T05:25:31.143+0000] {dag.py:3239} INFO - Sync 1 DAGs
[2026-08-11T05:25:31.155+0000] {logging_mixin.py:190} INFO - [2026-08-11T05:25:31.155+0000] {dag.py:4180} INFO - Setting next_dagrun for weather_ingestion to 2026-08-11 05:00:00+00:00, run_after=2026-08-11 06:00:00+00:00
[2026-08-11T05:25:31.162+0000] {processor.py:208} INFO - Processing /opt/airflow/dags/weather_dag.py took 0.359 seconds
[2026-08-11T05:26:01.491+0000] {processor.py:186} INFO - Started process (PID=34312) to work on /opt/airflow/dags/weather_dag.py
[2026-08-11T05:26:01.493+0000] {processor.py:914} INFO - Processing file /opt/airflow/dags/weather_dag.py for tasks to queue
[2026-08-11T05:26:01.496+0000] {logging_mixin.py:190} INFO - [2026-08-11T05:26:01.495+0000] {dagbag.py:588} INFO - Filling up the DagBag from /opt/airflow/dags/weather_dag.py
[2026-08-11T05:26:01.751+0000] {processor.py:925} INFO - DAG(s) 'weather_ingestion' retrieved from /opt/airflow/dags/weather_dag.py
[2026-08-11T05:26:01.768+0000] {logging_mixin.py:190} INFO - [2026-08-11T05:26:01.768+0000] {dag.py:3239} INFO - Sync 1 DAGs
[2026-08-11T05:26:01.781+0000] {logging_mixin.py:190} INFO - [2026-08-11T05:26:01.781+0000] {dag.py:4180} INFO - Setting next_dagrun for weather_ingestion to 2026-08-11 05:00:00+00:00, run_after=2026-08-11 06:00:00+00:00
[2026-08-11T05:26:01.789+0000] {processor.py:208} INFO - Processing /opt/airflow/dags/weather_dag.py took 0.306 seconds
[2026-08-11T05:26:32.153+0000] {processor.py:186} INFO - Started process (PID=34319) to work on /opt/airflow/dags/weather_dag.py
[2026-08-11T05:26:32.156+0000] {processor.py:914} INFO - Processing file /opt/airflow/dags/weather_dag.py for tasks to queue
[2026-08-11T05:26:32.162+0000] {logging_mixin.py:190} INFO - [2026-08-11T05:26:32.162+0000] {dagbag.py:588} INFO - Filling up the DagBag from /opt/airflow/dags/weather_dag.py
[2026-08-11T05:26:32.559+0000] {processor.py:925} INFO - DAG(s) 'weather_ingestion' retrieved from /opt/airflow/dags/weather_dag.py
[2026-08-11T05:26:32.580+0000] {logging_mixin.py:190} INFO - [2026-08-11T05:26:32.580+0000] {dag.py:3239} INFO - Sync 1 DAGs
[2026-08-11T05:26:32.602+0000] {logging_mixin.py:190} INFO - [2026-08-11T05:26:32.602+0000] {dag.py:4180} INFO - Setting next_dagrun for weather_ingestion to 2026-08-11 05:00:00+00:00, run_after=2026-08-11 06:00:00+00:00
[2026-08-11T05:26:32.610+0000] {processor.py:208} INFO - Processing /opt/airflow/dags/weather_dag.py took 0.471 seconds
[2026-08-11T05:27:02.933+0000] {processor.py:186} INFO - Started process (PID=34326) to work on /opt/airflow/dags/weather_dag.py
[2026-08-11T05:27:02.935+0000] {processor.py:914} INFO - Processing file /opt/airflow/dags/weather_dag.py for tasks to queue
[2026-08-11T05:27:02.938+0000] {logging_mixin.py:190} INFO - [2026-08-11T05:27:02.938+0000] {dagbag.py:588} INFO - Filling up the DagBag from /opt/airflow/dags/weather_dag.py
[2026-08-11T05:27:03.156+0000] {processor.py:925} INFO - DAG(s) 'weather_ingestion' retrieved from /opt/airflow/dags/weather_dag.py
[2026-08-11T05:27:03.168+0000] {logging_mixin.py:190} INFO - [2026-08-11T05:27:03.167+0000] {dag.py:3239} INFO - Sync 1 DAGs
[2026-08-11T05:27:03.177+0000] {logging_mixin.py:190} INFO - [2026-08-11T05:27:03.177+0000] {dag.py:4180} INFO - Setting next_dagrun for weather_ingestion to 2026-08-11 05:00:00+00:00, run_after=2026-08-11 06:00:00+00:00
[2026-08-11T05:27:03.183+0000] {processor.py:208} INFO - Processing /opt/airflow/dags/weather_dag.py took 0.257 seconds
[2026-08-11T05:27:33.295+0000] {processor.py:186} INFO - Started process (PID=34333) to work on /opt/airflow/dags/weather_dag.py
[2026-08-11T05:27:33.297+0000] {processor.py:914} INFO - Processing file /opt/airflow/dags/weather_dag.py for tasks to queue
[2026-08-11T05:27:33.303+0000] {logging_mixin.py:190} INFO - [2026-08-11T05:27:33.302+0000] {dagbag.py:588} INFO - Filling up the DagBag from /opt/airflow/dags/weather_dag.py
[2026-08-11T05:27:33.582+0000] {processor.py:925} INFO - DAG(s) 'weather_ingestion' retrieved from /opt/airflow/dags/weather_dag.py
[2026-08-11T05:27:33.598+0000] {logging_mixin.py:190} INFO - [2026-08-11T05:27:33.598+0000] {dag.py:3239} INFO - Sync 1 DAGs
[2026-08-11T05:27:33.766+0000] {logging_mixin.py:190} INFO - [2026-08-11T05:27:33.766+0000] {dag.py:4180} INFO - Setting next_dagrun for weather_ingestion to 2026-08-11 05:00:00+00:00, run_after=2026-08-11 06:00:00+00:00
[2026-08-11T05:27:33.773+0000] {processor.py:208} INFO - Processing /opt/airflow/dags/weather_dag.py took 0.491 seconds
[2026-08-11T05:28:03.876+0000] {processor.py:186} INFO - Started process (PID=34340) to work on /opt/airflow/dags/weather_dag.py
[2026-08-11T05:28:03.878+0000] {processor.py:914} INFO - Processing file /opt/airflow/dags/weather_dag.py for tasks to queue
[2026-08-11T05:28:03.881+0000] {logging_mixin.py:190} INFO - [2026-08-11T05:28:03.881+0000] {dagbag.py:588} INFO - Filling up the DagBag from /opt/airflow/dags/weather_dag.py
[2026-08-11T05:28:04.107+0000] {processor.py:925} INFO - DAG(s) 'weather_ingestion' retrieved from /opt/airflow/dags/weather_dag.py
[2026-08-11T05:28:04.118+0000] {logging_mixin.py:190} INFO - [2026-08-11T05:28:04.118+0000] {dag.py:3239} INFO - Sync 1 DAGs
[2026-08-11T05:28:04.202+0000] {logging_mixin.py:190} INFO - [2026-08-11T05:28:04.202+0000] {dag.py:4180} INFO - Setting next_dagrun for weather_ingestion to 2026-08-11 05:00:00+00:00, run_after=2026-08-11 06:00:00+00:00
[2026-08-11T05:28:04.210+0000] {processor.py:208} INFO - Processing /opt/airflow/dags/weather_dag.py took 0.344 seconds
[2026-08-11T05:28:34.393+0000] {processor.py:186} INFO - Started process (PID=34347) to work on /opt/airflow/dags/weather_dag.py
[2026-08-11T05:28:34.395+0000] {processor.py:914} INFO - Processing file /opt/airflow/dags/weather_dag.py for tasks to queue
[2026-08-11T05:28:34.397+0000] {logging_mixin.py:190} INFO - [2026-08-11T05:28:34.397+0000] {dagbag.py:588} INFO - Filling up the DagBag from /opt/airflow/dags/weather_dag.py
[2026-08-11T05:28:34.628+0000] {processor.py:925} INFO - DAG(s) 'weather_ingestion' retrieved from /opt/airflow/dags/weather_dag.py
[2026-08-11T05:28:34.641+0000] {logging_mixin.py:190} INFO - [2026-08-11T05:28:34.641+0000] {dag.py:3239} INFO - Sync 1 DAGs
[2026-08-11T05:28:34.650+0000] {logging_mixin.py:190} INFO - [2026-08-11T05:28:34.650+0000] {dag.py:4180} INFO - Setting next_dagrun for weather_ingestion to 2026-08-11 05:00:00+00:00, run_after=2026-08-11 06:00:00+00:00
[2026-08-11T05:28:34.657+0000] {processor.py:208} INFO - Processing /opt/airflow/dags/weather_dag.py took 0.272 seconds
[2026-08-11T05:29:04.886+0000] {processor.py:186} INFO - Started process (PID=34354) to work on /opt/airflow/dags/weather_dag.py
[2026-08-11T05:29:04.888+0000] {processor.py:914} INFO - Processing file /opt/airflow/dags/weather_dag.py for tasks to queue
[2026-08-11T05:29:04.892+0000] {logging_mixin.py:190} INFO - [2026-08-11T05:29:04.892+0000] {dagbag.py:588} INFO - Filling up the DagBag from /opt/airflow/dags/weather_dag.py
[2026-08-11T05:29:05.127+0000] {processor.py:925} INFO - DAG(s) 'weather_ingestion' retrieved from /opt/airflow/dags/weather_dag.py
[2026-08-11T05:29:05.139+0000] {logging_mixin.py:190} INFO - [2026-08-11T05:29:05.139+0000] {dag.py:3239} INFO - Sync 1 DAGs
[2026-08-11T05:29:05.149+0000] {logging_mixin.py:190} INFO - [2026-08-11T05:29:05.149+0000] {dag.py:4180} INFO - Setting next_dagrun for weather_ingestion to 2026-08-11 05:00:00+00:00, run_after=2026-08-11 06:00:00+00:00
[2026-08-11T05:29:05.156+0000] {processor.py:208} INFO - Processing /opt/airflow/dags/weather_dag.py took 0.280 seconds
[2026-08-11T05:29:35.300+0000] {processor.py:186} INFO - Started process (PID=34361) to work on /opt/airflow/dags/weather_dag.py
[2026-08-11T05:29:35.301+0000] {processor.py:914} INFO - Processing file /opt/airflow/dags/weather_dag.py for tasks to queue
[2026-08-11T05:29:35.303+0000] {logging_mixin.py:190} INFO - [2026-08-11T05:29:35.303+0000] {dagbag.py:588} INFO - Filling up the DagBag from /opt/airflow/dags/weather_dag.py
[2026-08-11T05:29:35.669+0000] {processor.py:925} INFO - DAG(s) 'weather_ingestion' retrieved from /opt/airflow/dags/weather_dag.py
[2026-08-11T05:29:35.688+0000] {logging_mixin.py:190} INFO - [2026-08-11T05:29:35.688+0000] {dag.py:3239} INFO - Sync 1 DAGs
[2026-08-11T05:29:35.702+0000] {logging_mixin.py:190} INFO - [2026-08-11T05:29:35.702+0000] {dag.py:4180} INFO - Setting next_dagrun for weather_ingestion to 2026-08-11 05:00:00+00:00, run_after=2026-08-11 06:00:00+00:00
[2026-08-11T05:29:35.711+0000] {processor.py:208} INFO - Processing /opt/airflow/dags/weather_dag.py took 0.424 seconds
[2026-08-11T05:30:07.437+0000] {processor.py:186} INFO - Started process (PID=34368) to work on /opt/airflow/dags/weather_dag.py
[2026-08-11T05:30:07.444+0000] {processor.py:914} INFO - Processing file /opt/airflow/dags/weather_dag.py for tasks to queue
[2026-08-11T05:30:07.452+0000] {logging_mixin.py:190} INFO - [2026-08-11T05:30:07.451+0000] {dagbag.py:588} INFO - Filling up the DagBag from /opt/airflow/dags/weather_dag.py
[2026-08-11T05:30:14.187+0000] {processor.py:925} INFO - DAG(s) 'weather_ingestion' retrieved from /opt/airflow/dags/weather_dag.py
[2026-08-11T05:30:14.233+0000] {logging_mixin.py:190} INFO - [2026-08-11T05:30:14.232+0000] {dag.py:3239} INFO - Sync 1 DAGs
[2026-08-11T05:30:14.257+0000] {logging_mixin.py:190} INFO - [2026-08-11T05:30:14.257+0000] {dag.py:4180} INFO - Setting next_dagrun for weather_ingestion to 2026-08-11 05:00:00+00:00, run_after=2026-08-11 06:00:00+00:00
[2026-08-11T05:30:14.272+0000] {processor.py:208} INFO - Processing /opt/airflow/dags/weather_dag.py took 7.378 seconds
[2026-08-11T05:30:44.840+0000] {processor.py:186} INFO - Started process (PID=34375) to work on /opt/airflow/dags/weather_dag.py
[2026-08-11T05:30:44.842+0000] {processor.py:914} INFO - Processing file /opt/airflow/dags/weather_dag.py for tasks to queue
[2026-08-11T05:30:44.851+0000] {logging_mixin.py:190} INFO - [2026-08-11T05:30:44.850+0000] {dagbag.py:588} INFO - Filling up the DagBag from /opt/airflow/dags/weather_dag.py
[2026-08-11T05:30:45.232+0000] {processor.py:925} INFO - DAG(s) 'weather_ingestion' retrieved from /opt/airflow/dags/weather_dag.py
[2026-08-11T05:30:45.249+0000] {logging_mixin.py:190} INFO - [2026-08-11T05:30:45.249+0000] {dag.py:3239} INFO - Sync 1 DAGs
[2026-08-11T05:30:45.436+0000] {logging_mixin.py:190} INFO - [2026-08-11T05:30:45.436+0000] {dag.py:4180} INFO - Setting next_dagrun for weather_ingestion to 2026-08-11 05:00:00+00:00, run_after=2026-08-11 06:00:00+00:00
[2026-08-11T05:30:45.442+0000] {processor.py:208} INFO - Processing /opt/airflow/dags/weather_dag.py took 0.626 seconds
[2026-08-11T05:31:15.814+0000] {processor.py:186} INFO - Started process (PID=34382) to work on /opt/airflow/dags/weather_dag.py
[2026-08-11T05:31:15.816+0000] {processor.py:914} INFO - Processing file /opt/airflow/dags/weather_dag.py for tasks to queue
[2026-08-11T05:31:15.818+0000] {logging_mixin.py:190} INFO - [2026-08-11T05:31:15.818+0000] {dagbag.py:588} INFO - Filling up the DagBag from /opt/airflow/dags/weather_dag.py
[2026-08-11T05:31:16.035+0000] {processor.py:925} INFO - DAG(s) 'weather_ingestion' retrieved from /opt/airflow/dags/weather_dag.py
[2026-08-11T05:31:16.048+0000] {logging_mixin.py:190} INFO - [2026-08-11T05:31:16.047+0000] {dag.py:3239} INFO - Sync 1 DAGs
[2026-08-11T05:31:16.057+0000] {logging_mixin.py:190} INFO - [2026-08-11T05:31:16.057+0000] {dag.py:4180} INFO - Setting next_dagrun for weather_ingestion to 2026-08-11 05:00:00+00:00, run_after=2026-08-11 06:00:00+00:00
[2026-08-11T05:31:16.063+0000] {processor.py:208} INFO - Processing /opt/airflow/dags/weather_dag.py took 0.258 seconds
[2026-08-11T05:31:46.160+0000] {processor.py:186} INFO - Started process (PID=34389) to work on /opt/airflow/dags/weather_dag.py
[2026-08-11T05:31:46.163+0000] {processor.py:914} INFO - Processing file /opt/airflow/dags/weather_dag.py for tasks to queue
[2026-08-11T05:31:46.168+0000] {logging_mixin.py:190} INFO - [2026-08-11T05:31:46.167+0000] {dagbag.py:588} INFO - Filling up the DagBag from /opt/airflow/dags/weather_dag.py
[2026-08-11T05:31:46.558+0000] {processor.py:925} INFO - DAG(s) 'weather_ingestion' retrieved from /opt/airflow/dags/weather_dag.py
[2026-08-11T05:31:46.581+0000] {logging_mixin.py:190} INFO - [2026-08-11T05:31:46.581+0000] {dag.py:3239} INFO - Sync 1 DAGs
[2026-08-11T05:31:46.596+0000] {logging_mixin.py:190} INFO - [2026-08-11T05:31:46.596+0000] {dag.py:4180} INFO - Setting next_dagrun for weather_ingestion to 2026-08-11 05:00:00+00:00, run_after=2026-08-11 06:00:00+00:00
[2026-08-11T05:31:46.605+0000] {processor.py:208} INFO - Processing /opt/airflow/dags/weather_dag.py took 0.463 seconds
[2026-08-11T05:32:17.184+0000] {processor.py:186} INFO - Started process (PID=34396) to work on /opt/airflow/dags/weather_dag.py
[2026-08-11T05:32:17.199+0000] {processor.py:914} INFO - Processing file /opt/airflow/dags/weather_dag.py for tasks to queue
[2026-08-11T05:32:17.224+0000] {logging_mixin.py:190} INFO - [2026-08-11T05:32:17.221+0000] {dagbag.py:588} INFO - Filling up the DagBag from /opt/airflow/dags/weather_dag.py
[2026-08-11T05:32:18.673+0000] {processor.py:925} INFO - DAG(s) 'weather_ingestion' retrieved from /opt/airflow/dags/weather_dag.py
[2026-08-11T05:32:18.742+0000] {logging_mixin.py:190} INFO - [2026-08-11T05:32:18.742+0000] {dag.py:3239} INFO - Sync 1 DAGs
[2026-08-11T05:32:18.809+0000] {logging_mixin.py:190} INFO - [2026-08-11T05:32:18.809+0000] {dag.py:4180} INFO - Setting next_dagrun for weather_ingestion to 2026-08-11 05:00:00+00:00, run_after=2026-08-11 06:00:00+00:00
[2026-08-11T05:32:18.823+0000] {processor.py:208} INFO - Processing /opt/airflow/dags/weather_dag.py took 1.709 seconds
[2026-08-11T05:32:49.189+0000] {processor.py:186} INFO - Started process (PID=34403) to work on /opt/airflow/dags/weather_dag.py
[2026-08-11T05:32:49.196+0000] {processor.py:914} INFO - Processing file /opt/airflow/dags/weather_dag.py for tasks to queue
[2026-08-11T05:32:49.201+0000] {logging_mixin.py:190} INFO - [2026-08-11T05:32:49.201+0000] {dagbag.py:588} INFO - Filling up the DagBag from /opt/airflow/dags/weather_dag.py
[2026-08-11T05:32:49.624+0000] {processor.py:925} INFO - DAG(s) 'weather_ingestion' retrieved from /opt/airflow/dags/weather_dag.py
[2026-08-11T05:32:49.646+0000] {logging_mixin.py:190} INFO - [2026-08-11T05:32:49.646+0000] {dag.py:3239} INFO - Sync 1 DAGs
[2026-08-11T05:32:49.663+0000] {logging_mixin.py:190} INFO - [2026-08-11T05:32:49.663+0000] {dag.py:4180} INFO - Setting next_dagrun for weather_ingestion to 2026-08-11 05:00:00+00:00, run_after=2026-08-11 06:00:00+00:00
[2026-08-11T05:32:49.675+0000] {processor.py:208} INFO - Processing /opt/airflow/dags/weather_dag.py took 0.510 seconds
[2026-08-11T05:33:19.820+0000] {processor.py:186} INFO - Started process (PID=34410) to work on /opt/airflow/dags/weather_dag.py
[2026-08-11T05:33:19.821+0000] {processor.py:914} INFO - Processing file /opt/airflow/dags/weather_dag.py for tasks to queue
[2026-08-11T05:33:19.823+0000] {logging_mixin.py:190} INFO - [2026-08-11T05:33:19.823+0000] {dagbag.py:588} INFO - Filling up the DagBag from /opt/airflow/dags/weather_dag.py
[2026-08-11T05:33:20.069+0000] {processor.py:925} INFO - DAG(s) 'weather_ingestion' retrieved from /opt/airflow/dags/weather_dag.py
[2026-08-11T05:33:20.081+0000] {logging_mixin.py:190} INFO - [2026-08-11T05:33:20.081+0000] {dag.py:3239} INFO - Sync 1 DAGs
[2026-08-11T05:33:20.091+0000] {logging_mixin.py:190} INFO - [2026-08-11T05:33:20.091+0000] {dag.py:4180} INFO - Setting next_dagrun for weather_ingestion to 2026-08-11 05:00:00+00:00, run_after=2026-08-11 06:00:00+00:00
[2026-08-11T05:33:20.273+0000] {processor.py:208} INFO - Processing /opt/airflow/dags/weather_dag.py took 0.464 seconds
[2026-08-11T05:33:50.630+0000] {processor.py:186} INFO - Started process (PID=34417) to work on /opt/airflow/dags/weather_dag.py
[2026-08-11T05:33:50.632+0000] {processor.py:914} INFO - Processing file /opt/airflow/dags/weather_dag.py for tasks to queue
[2026-08-11T05:33:50.638+0000] {logging_mixin.py:190} INFO - [2026-08-11T05:33:50.637+0000] {dagbag.py:588} INFO - Filling up the DagBag from /opt/airflow/dags/weather_dag.py
[2026-08-11T05:33:51.000+0000] {processor.py:925} INFO - DAG(s) 'weather_ingestion' retrieved from /opt/airflow/dags/weather_dag.py
[2026-08-11T05:33:51.021+0000] {logging_mixin.py:190} INFO - [2026-08-11T05:33:51.021+0000] {dag.py:3239} INFO - Sync 1 DAGs
[2026-08-11T05:33:51.166+0000] {logging_mixin.py:190} INFO - [2026-08-11T05:33:51.166+0000] {dag.py:4180} INFO - Setting next_dagrun for weather_ingestion to 2026-08-11 05:00:00+00:00, run_after=2026-08-11 06:00:00+00:00
[2026-08-11T05:33:51.173+0000] {processor.py:208} INFO - Processing /opt/airflow/dags/weather_dag.py took 0.569 seconds
[2026-08-11T05:34:21.550+0000] {processor.py:186} INFO - Started process (PID=34424) to work on /opt/airflow/dags/weather_dag.py
[2026-08-11T05:34:21.552+0000] {processor.py:914} INFO - Processing file /opt/airflow/dags/weather_dag.py for tasks to queue
[2026-08-11T05:34:21.555+0000] {logging_mixin.py:190} INFO - [2026-08-11T05:34:21.555+0000] {dagbag.py:588} INFO - Filling up the DagBag from /opt/airflow/dags/weather_dag.py
[2026-08-11T05:34:21.790+0000] {processor.py:925} INFO - DAG(s) 'weather_ingestion' retrieved from /opt/airflow/dags/weather_dag.py
[2026-08-11T05:34:21.803+0000] {logging_mixin.py:190} INFO - [2026-08-11T05:34:21.802+0000] {dag.py:3239} INFO - Sync 1 DAGs
[2026-08-11T05:34:21.813+0000] {logging_mixin.py:190} INFO - [2026-08-11T05:34:21.813+0000] {dag.py:4180} INFO - Setting next_dagrun for weather_ingestion to 2026-08-11 05:00:00+00:00, run_after=2026-08-11 06:00:00+00:00
[2026-08-11T05:34:21.819+0000] {processor.py:208} INFO - Processing /opt/airflow/dags/weather_dag.py took 0.277 seconds
[2026-08-11T05:34:52.218+0000] {processor.py:186} INFO - Started process (PID=34431) to work on /opt/airflow/dags/weather_dag.py
[2026-08-11T05:34:52.221+0000] {processor.py:914} INFO - Processing file /opt/airflow/dags/weather_dag.py for tasks to queue
[2026-08-11T05:34:52.234+0000] {logging_mixin.py:190} INFO - [2026-08-11T05:34:52.231+0000] {dagbag.py:588} INFO - Filling up the DagBag from /opt/airflow/dags/weather_dag.py
[2026-08-11T05:34:52.596+0000] {processor.py:925} INFO - DAG(s) 'weather_ingestion' retrieved from /opt/airflow/dags/weather_dag.py
[2026-08-11T05:34:52.616+0000] {logging_mixin.py:190} INFO - [2026-08-11T05:34:52.615+0000] {dag.py:3239} INFO - Sync 1 DAGs
[2026-08-11T05:34:52.630+0000] {logging_mixin.py:190} INFO - [2026-08-11T05:34:52.630+0000] {dag.py:4180} INFO - Setting next_dagrun for weather_ingestion to 2026-08-11 05:00:00+00:00, run_after=2026-08-11 06:00:00+00:00
[2026-08-11T05:34:52.639+0000] {processor.py:208} INFO - Processing /opt/airflow/dags/weather_dag.py took 0.441 seconds
[2026-08-11T05:35:22.972+0000] {processor.py:186} INFO - Started process (PID=34438) to work on /opt/airflow/dags/weather_dag.py
[2026-08-11T05:35:22.973+0000] {processor.py:914} INFO - Processing file /opt/airflow/dags/weather_dag.py for tasks to queue
[2026-08-11T05:35:22.976+0000] {logging_mixin.py:190} INFO - [2026-08-11T05:35:22.975+0000] {dagbag.py:588} INFO - Filling up the DagBag from /opt/airflow/dags/weather_dag.py
[2026-08-11T05:35:23.210+0000] {processor.py:925} INFO - DAG(s) 'weather_ingestion' retrieved from /opt/airflow/dags/weather_dag.py
[2026-08-11T05:35:23.224+0000] {logging_mixin.py:190} INFO - [2026-08-11T05:35:23.224+0000] {dag.py:3239} INFO - Sync 1 DAGs
[2026-08-11T05:35:23.234+0000] {logging_mixin.py:190} INFO - [2026-08-11T05:35:23.234+0000] {dag.py:4180} INFO - Setting next_dagrun for weather_ingestion to 2026-08-11 05:00:00+00:00, run_after=2026-08-11 06:00:00+00:00
[2026-08-11T05:35:23.241+0000] {processor.py:208} INFO - Processing /opt/airflow/dags/weather_dag.py took 0.279 seconds
[2026-08-11T05:35:53.413+0000] {processor.py:186} INFO - Started process (PID=34445) to work on /opt/airflow/dags/weather_dag.py
[2026-08-11T05:35:53.414+0000] {processor.py:914} INFO - Processing file /opt/airflow/dags/weather_dag.py for tasks to queue
[2026-08-11T05:35:53.418+0000] {logging_mixin.py:190} INFO - [2026-08-11T05:35:53.418+0000] {dagbag.py:588} INFO - Filling up the DagBag from /opt/airflow/dags/weather_dag.py
[2026-08-11T05:35:53.771+0000] {processor.py:925} INFO - DAG(s) 'weather_ingestion' retrieved from /opt/airflow/dags/weather_dag.py
[2026-08-11T05:35:53.790+0000] {logging_mixin.py:190} INFO - [2026-08-11T05:35:53.790+0000] {dag.py:3239} INFO - Sync 1 DAGs
[2026-08-11T05:35:53.804+0000] {logging_mixin.py:190} INFO - [2026-08-11T05:35:53.804+0000] {dag.py:4180} INFO - Setting next_dagrun for weather_ingestion to 2026-08-11 05:00:00+00:00, run_after=2026-08-11 06:00:00+00:00
[2026-08-11T05:35:53.814+0000] {processor.py:208} INFO - Processing /opt/airflow/dags/weather_dag.py took 0.440 seconds
[2026-08-11T05:36:23.903+0000] {processor.py:186} INFO - Started process (PID=34452) to work on /opt/airflow/dags/weather_dag.py
[2026-08-11T05:36:23.904+0000] {processor.py:914} INFO - Processing file /opt/airflow/dags/weather_dag.py for tasks to queue
[2026-08-11T05:36:23.907+0000] {logging_mixin.py:190} INFO - [2026-08-11T05:36:23.906+0000] {dagbag.py:588} INFO - Filling up the DagBag from /opt/airflow/dags/weather_dag.py
[2026-08-11T05:36:24.151+0000] {processor.py:925} INFO - DAG(s) 'weather_ingestion' retrieved from /opt/airflow/dags/weather_dag.py
[2026-08-11T05:36:24.163+0000] {logging_mixin.py:190} INFO - [2026-08-11T05:36:24.163+0000] {dag.py:3239} INFO - Sync 1 DAGs
[2026-08-11T05:36:24.340+0000] {logging_mixin.py:190} INFO - [2026-08-11T05:36:24.340+0000] {dag.py:4180} INFO - Setting next_dagrun for weather_ingestion to 2026-08-11 05:00:00+00:00, run_after=2026-08-11 06:00:00+00:00
[2026-08-11T05:36:24.348+0000] {processor.py:208} INFO - Processing /opt/airflow/dags/weather_dag.py took 0.455 seconds
[2026-08-11T05:36:54.499+0000] {processor.py:186} INFO - Started process (PID=34459) to work on /opt/airflow/dags/weather_dag.py
[2026-08-11T05:36:54.501+0000] {processor.py:914} INFO - Processing file /opt/airflow/dags/weather_dag.py for tasks to queue
[2026-08-11T05:36:54.508+0000] {logging_mixin.py:190} INFO - [2026-08-11T05:36:54.508+0000] {dagbag.py:588} INFO - Filling up the DagBag from /opt/airflow/dags/weather_dag.py
[2026-08-11T05:36:54.900+0000] {processor.py:925} INFO - DAG(s) 'weather_ingestion' retrieved from /opt/airflow/dags/weather_dag.py
[2026-08-11T05:36:54.924+0000] {logging_mixin.py:190} INFO - [2026-08-11T05:36:54.923+0000] {dag.py:3239} INFO - Sync 1 DAGs
[2026-08-11T05:36:55.116+0000] {logging_mixin.py:190} INFO - [2026-08-11T05:36:55.116+0000] {dag.py:4180} INFO - Setting next_dagrun for weather_ingestion to 2026-08-11 05:00:00+00:00, run_after=2026-08-11 06:00:00+00:00
[2026-08-11T05:36:55.123+0000] {processor.py:208} INFO - Processing /opt/airflow/dags/weather_dag.py took 0.639 seconds
[2026-08-11T05:37:25.504+0000] {processor.py:186} INFO - Started process (PID=34466) to work on /opt/airflow/dags/weather_dag.py
[2026-08-11T05:37:25.506+0000] {processor.py:914} INFO - Processing file /opt/airflow/dags/weather_dag.py for tasks to queue
[2026-08-11T05:37:25.509+0000] {logging_mixin.py:190} INFO - [2026-08-11T05:37:25.509+0000] {dagbag.py:588} INFO - Filling up the DagBag from /opt/airflow/dags/weather_dag.py
[2026-08-11T05:37:26.011+0000] {processor.py:925} INFO - DAG(s) 'weather_ingestion' retrieved from /opt/airflow/dags/weather_dag.py
[2026-08-11T05:37:26.046+0000] {logging_mixin.py:190} INFO - [2026-08-11T05:37:26.045+0000] {dag.py:3239} INFO - Sync 1 DAGs
[2026-08-11T05:37:26.065+0000] {logging_mixin.py:190} INFO - [2026-08-11T05:37:26.065+0000] {dag.py:4180} INFO - Setting next_dagrun for weather_ingestion to 2026-08-11 05:00:00+00:00, run_after=2026-08-11 06:00:00+00:00
[2026-08-11T05:37:26.078+0000] {processor.py:208} INFO - Processing /opt/airflow/dags/weather_dag.py took 0.580 seconds
[2026-08-11T05:37:56.346+0000] {processor.py:186} INFO - Started process (PID=34473) to work on /opt/airflow/dags/weather_dag.py
[2026-08-11T05:37:56.348+0000] {processor.py:914} INFO - Processing file /opt/airflow/dags/weather_dag.py for tasks to queue
[2026-08-11T05:37:56.356+0000] {logging_mixin.py:190} INFO - [2026-08-11T05:37:56.355+0000] {dagbag.py:588} INFO - Filling up the DagBag from /opt/airflow/dags/weather_dag.py
[2026-08-11T05:37:56.733+0000] {processor.py:925} INFO - DAG(s) 'weather_ingestion' retrieved from /opt/airflow/dags/weather_dag.py
[2026-08-11T05:37:56.751+0000] {logging_mixin.py:190} INFO - [2026-08-11T05:37:56.751+0000] {dag.py:3239} INFO - Sync 1 DAGs
[2026-08-11T05:37:56.764+0000] {logging_mixin.py:190} INFO - [2026-08-11T05:37:56.764+0000] {dag.py:4180} INFO - Setting next_dagrun for weather_ingestion to 2026-08-11 05:00:00+00:00, run_after=2026-08-11 06:00:00+00:00
[2026-08-11T05:37:56.772+0000] {processor.py:208} INFO - Processing /opt/airflow/dags/weather_dag.py took 0.441 seconds
[2026-08-11T05:38:27.154+0000] {processor.py:186} INFO - Started process (PID=34480) to work on /opt/airflow/dags/weather_dag.py
[2026-08-11T05:38:27.155+0000] {processor.py:914} INFO - Processing file /opt/airflow/dags/weather_dag.py for tasks to queue
[2026-08-11T05:38:27.159+0000] {logging_mixin.py:190} INFO - [2026-08-11T05:38:27.159+0000] {dagbag.py:588} INFO - Filling up the DagBag from /opt/airflow/dags/weather_dag.py
[2026-08-11T05:38:27.385+0000] {processor.py:925} INFO - DAG(s) 'weather_ingestion' retrieved from /opt/airflow/dags/weather_dag.py
[2026-08-11T05:38:27.397+0000] {logging_mixin.py:190} INFO - [2026-08-11T05:38:27.396+0000] {dag.py:3239} INFO - Sync 1 DAGs
[2026-08-11T05:38:27.406+0000] {logging_mixin.py:190} INFO - [2026-08-11T05:38:27.406+0000] {dag.py:4180} INFO - Setting next_dagrun for weather_ingestion to 2026-08-11 05:00:00+00:00, run_after=2026-08-11 06:00:00+00:00
[2026-08-11T05:38:27.412+0000] {processor.py:208} INFO - Processing /opt/airflow/dags/weather_dag.py took 0.267 seconds
[2026-08-11T05:38:57.476+0000] {processor.py:186} INFO - Started process (PID=34487) to work on /opt/airflow/dags/weather_dag.py
[2026-08-11T05:38:57.478+0000] {processor.py:914} INFO - Processing file /opt/airflow/dags/weather_dag.py for tasks to queue
[2026-08-11T05:38:57.480+0000] {logging_mixin.py:190} INFO - [2026-08-11T05:38:57.480+0000] {dagbag.py:588} INFO - Filling up the DagBag from /opt/airflow/dags/weather_dag.py
[2026-08-11T05:38:57.710+0000] {processor.py:925} INFO - DAG(s) 'weather_ingestion' retrieved from /opt/airflow/dags/weather_dag.py
[2026-08-11T05:38:57.722+0000] {logging_mixin.py:190} INFO - [2026-08-11T05:38:57.722+0000] {dag.py:3239} INFO - Sync 1 DAGs
[2026-08-11T05:38:57.733+0000] {logging_mixin.py:190} INFO - [2026-08-11T05:38:57.733+0000] {dag.py:4180} INFO - Setting next_dagrun for weather_ingestion to 2026-08-11 05:00:00+00:00, run_after=2026-08-11 06:00:00+00:00
[2026-08-11T05:38:57.892+0000] {processor.py:208} INFO - Processing /opt/airflow/dags/weather_dag.py took 0.423 seconds
[2026-08-11T05:39:28.145+0000] {processor.py:186} INFO - Started process (PID=34494) to work on /opt/airflow/dags/weather_dag.py
[2026-08-11T05:39:28.146+0000] {processor.py:914} INFO - Processing file /opt/airflow/dags/weather_dag.py for tasks to queue
[2026-08-11T05:39:28.150+0000] {logging_mixin.py:190} INFO - [2026-08-11T05:39:28.150+0000] {dagbag.py:588} INFO - Filling up the DagBag from /opt/airflow/dags/weather_dag.py
[2026-08-11T05:39:28.500+0000] {processor.py:925} INFO - DAG(s) 'weather_ingestion' retrieved from /opt/airflow/dags/weather_dag.py
[2026-08-11T05:39:28.543+0000] {logging_mixin.py:190} INFO - [2026-08-11T05:39:28.543+0000] {dag.py:3239} INFO - Sync 1 DAGs
[2026-08-11T05:39:28.643+0000] {logging_mixin.py:190} INFO - [2026-08-11T05:39:28.642+0000] {dag.py:4180} INFO - Setting next_dagrun for weather_ingestion to 2026-08-11 05:00:00+00:00, run_after=2026-08-11 06:00:00+00:00
[2026-08-11T05:39:28.649+0000] {processor.py:208} INFO - Processing /opt/airflow/dags/weather_dag.py took 0.524 seconds
[2026-08-11T05:39:58.988+0000] {processor.py:186} INFO - Started process (PID=34501) to work on /opt/airflow/dags/weather_dag.py
[2026-08-11T05:39:58.989+0000] {processor.py:914} INFO - Processing file /opt/airflow/dags/weather_dag.py for tasks to queue
[2026-08-11T05:39:58.991+0000] {logging_mixin.py:190} INFO - [2026-08-11T05:39:58.991+0000] {dagbag.py:588} INFO - Filling up the DagBag from /opt/airflow/dags/weather_dag.py
[2026-08-11T05:39:59.229+0000] {processor.py:925} INFO - DAG(s) 'weather_ingestion' retrieved from /opt/airflow/dags/weather_dag.py
[2026-08-11T05:39:59.243+0000] {logging_mixin.py:190} INFO - [2026-08-11T05:39:59.243+0000] {dag.py:3239} INFO - Sync 1 DAGs
[2026-08-11T05:39:59.369+0000] {logging_mixin.py:190} INFO - [2026-08-11T05:39:59.369+0000] {dag.py:4180} INFO - Setting next_dagrun for weather_ingestion to 2026-08-11 05:00:00+00:00, run_after=2026-08-11 06:00:00+00:00
[2026-08-11T05:39:59.376+0000] {processor.py:208} INFO - Processing /opt/airflow/dags/weather_dag.py took 0.397 seconds
[2026-08-11T05:40:29.747+0000] {processor.py:186} INFO - Started process (PID=34508) to work on /opt/airflow/dags/weather_dag.py
[2026-08-11T05:40:29.750+0000] {processor.py:914} INFO - Processing file /opt/airflow/dags/weather_dag.py for tasks to queue
[2026-08-11T05:40:29.757+0000] {logging_mixin.py:190} INFO - [2026-08-11T05:40:29.756+0000] {dagbag.py:588} INFO - Filling up the DagBag from /opt/airflow/dags/weather_dag.py
[2026-08-11T05:40:30.129+0000] {processor.py:925} INFO - DAG(s) 'weather_ingestion' retrieved from /opt/airflow/dags/weather_dag.py
[2026-08-11T05:40:30.150+0000] {logging_mixin.py:190} INFO - [2026-08-11T05:40:30.150+0000] {dag.py:3239} INFO - Sync 1 DAGs
[2026-08-11T05:40:30.164+0000] {logging_mixin.py:190} INFO - [2026-08-11T05:40:30.164+0000] {dag.py:4180} INFO - Setting next_dagrun for weather_ingestion to 2026-08-11 05:00:00+00:00, run_after=2026-08-11 06:00:00+00:00
[2026-08-11T05:40:30.172+0000] {processor.py:208} INFO - Processing /opt/airflow/dags/weather_dag.py took 0.445 seconds
[2026-08-11T05:41:00.521+0000] {processor.py:186} INFO - Started process (PID=34515) to work on /opt/airflow/dags/weather_dag.py
[2026-08-11T05:41:00.523+0000] {processor.py:914} INFO - Processing file /opt/airflow/dags/weather_dag.py for tasks to queue
[2026-08-11T05:41:00.525+0000] {logging_mixin.py:190} INFO - [2026-08-11T05:41:00.525+0000] {dagbag.py:588} INFO - Filling up the DagBag from /opt/airflow/dags/weather_dag.py
[2026-08-11T05:41:00.754+0000] {processor.py:925} INFO - DAG(s) 'weather_ingestion' retrieved from /opt/airflow/dags/weather_dag.py
[2026-08-11T05:41:00.768+0000] {logging_mixin.py:190} INFO - [2026-08-11T05:41:00.767+0000] {dag.py:3239} INFO - Sync 1 DAGs
[2026-08-11T05:41:00.779+0000] {logging_mixin.py:190} INFO - [2026-08-11T05:41:00.778+0000] {dag.py:4180} INFO - Setting next_dagrun for weather_ingestion to 2026-08-11 05:00:00+00:00, run_after=2026-08-11 06:00:00+00:00
[2026-08-11T05:41:00.786+0000] {processor.py:208} INFO - Processing /opt/airflow/dags/weather_dag.py took 0.273 seconds
[2026-08-11T05:41:30.888+0000] {processor.py:186} INFO - Started process (PID=34522) to work on /opt/airflow/dags/weather_dag.py
[2026-08-11T05:41:30.890+0000] {processor.py:914} INFO - Processing file /opt/airflow/dags/weather_dag.py for tasks to queue
[2026-08-11T05:41:30.895+0000] {logging_mixin.py:190} INFO - [2026-08-11T05:41:30.895+0000] {dagbag.py:588} INFO - Filling up the DagBag from /opt/airflow/dags/weather_dag.py
[2026-08-11T05:41:31.188+0000] {processor.py:925} INFO - DAG(s) 'weather_ingestion' retrieved from /opt/airflow/dags/weather_dag.py
[2026-08-11T05:41:31.207+0000] {logging_mixin.py:190} INFO - [2026-08-11T05:41:31.207+0000] {dag.py:3239} INFO - Sync 1 DAGs
[2026-08-11T05:41:31.222+0000] {logging_mixin.py:190} INFO - [2026-08-11T05:41:31.222+0000] {dag.py:4180} INFO - Setting next_dagrun for weather_ingestion to 2026-08-11 05:00:00+00:00, run_after=2026-08-11 06:00:00+00:00
[2026-08-11T05:41:31.231+0000] {processor.py:208} INFO - Processing /opt/airflow/dags/weather_dag.py took 0.356 seconds
[2026-08-11T05:42:01.475+0000] {processor.py:186} INFO - Started process (PID=34529) to work on /opt/airflow/dags/weather_dag.py
[2026-08-11T05:42:01.477+0000] {processor.py:914} INFO - Processing file /opt/airflow/dags/weather_dag.py for tasks to queue
[2026-08-11T05:42:01.480+0000] {logging_mixin.py:190} INFO - [2026-08-11T05:42:01.480+0000] {dagbag.py:588} INFO - Filling up the DagBag from /opt/airflow/dags/weather_dag.py
[2026-08-11T05:42:01.707+0000] {processor.py:925} INFO - DAG(s) 'weather_ingestion' retrieved from /opt/airflow/dags/weather_dag.py
[2026-08-11T05:42:01.720+0000] {logging_mixin.py:190} INFO - [2026-08-11T05:42:01.720+0000] {dag.py:3239} INFO - Sync 1 DAGs
[2026-08-11T05:42:01.730+0000] {logging_mixin.py:190} INFO - [2026-08-11T05:42:01.730+0000] {dag.py:4180} INFO - Setting next_dagrun for weather_ingestion to 2026-08-11 05:00:00+00:00, run_after=2026-08-11 06:00:00+00:00
[2026-08-11T05:42:01.916+0000] {processor.py:208} INFO - Processing /opt/airflow/dags/weather_dag.py took 0.449 seconds
[2026-08-11T05:42:32.297+0000] {processor.py:186} INFO - Started process (PID=34536) to work on /opt/airflow/dags/weather_dag.py
[2026-08-11T05:42:32.299+0000] {processor.py:914} INFO - Processing file /opt/airflow/dags/weather_dag.py for tasks to queue
[2026-08-11T05:42:32.307+0000] {logging_mixin.py:190} INFO - [2026-08-11T05:42:32.306+0000] {dagbag.py:588} INFO - Filling up the DagBag from /opt/airflow/dags/weather_dag.py
[2026-08-11T05:42:32.681+0000] {processor.py:925} INFO - DAG(s) 'weather_ingestion' retrieved from /opt/airflow/dags/weather_dag.py
[2026-08-11T05:42:32.702+0000] {logging_mixin.py:190} INFO - [2026-08-11T05:42:32.702+0000] {dag.py:3239} INFO - Sync 1 DAGs
[2026-08-11T05:42:32.802+0000] {logging_mixin.py:190} INFO - [2026-08-11T05:42:32.802+0000] {dag.py:4180} INFO - Setting next_dagrun for weather_ingestion to 2026-08-11 05:00:00+00:00, run_after=2026-08-11 06:00:00+00:00
[2026-08-11T05:42:32.809+0000] {processor.py:208} INFO - Processing /opt/airflow/dags/weather_dag.py took 0.529 seconds
[2026-08-11T05:43:03.084+0000] {processor.py:186} INFO - Started process (PID=34543) to work on /opt/airflow/dags/weather_dag.py
[2026-08-11T05:43:03.087+0000] {processor.py:914} INFO - Processing file /opt/airflow/dags/weather_dag.py for tasks to queue
[2026-08-11T05:43:03.090+0000] {logging_mixin.py:190} INFO - [2026-08-11T05:43:03.089+0000] {dagbag.py:588} INFO - Filling up the DagBag from /opt/airflow/dags/weather_dag.py
[2026-08-11T05:43:03.350+0000] {processor.py:925} INFO - DAG(s) 'weather_ingestion' retrieved from /opt/airflow/dags/weather_dag.py
[2026-08-11T05:43:03.364+0000] {logging_mixin.py:190} INFO - [2026-08-11T05:43:03.364+0000] {dag.py:3239} INFO - Sync 1 DAGs
[2026-08-11T05:43:03.374+0000] {logging_mixin.py:190} INFO - [2026-08-11T05:43:03.374+0000] {dag.py:4180} INFO - Setting next_dagrun for weather_ingestion to 2026-08-11 05:00:00+00:00, run_after=2026-08-11 06:00:00+00:00
[2026-08-11T05:43:03.380+0000] {processor.py:208} INFO - Processing /opt/airflow/dags/weather_dag.py took 0.305 seconds
[2026-08-11T05:43:33.445+0000] {processor.py:186} INFO - Started process (PID=34550) to work on /opt/airflow/dags/weather_dag.py
[2026-08-11T05:43:33.446+0000] {processor.py:914} INFO - Processing file /opt/airflow/dags/weather_dag.py for tasks to queue
[2026-08-11T05:43:33.449+0000] {logging_mixin.py:190} INFO - [2026-08-11T05:43:33.449+0000] {dagbag.py:588} INFO - Filling up the DagBag from /opt/airflow/dags/weather_dag.py
[2026-08-11T05:43:33.732+0000] {processor.py:925} INFO - DAG(s) 'weather_ingestion' retrieved from /opt/airflow/dags/weather_dag.py
[2026-08-11T05:43:33.749+0000] {logging_mixin.py:190} INFO - [2026-08-11T05:43:33.749+0000] {dag.py:3239} INFO - Sync 1 DAGs
[2026-08-11T05:43:33.762+0000] {logging_mixin.py:190} INFO - [2026-08-11T05:43:33.762+0000] {dag.py:4180} INFO - Setting next_dagrun for weather_ingestion to 2026-08-11 05:00:00+00:00, run_after=2026-08-11 06:00:00+00:00
[2026-08-11T05:43:33.770+0000] {processor.py:208} INFO - Processing /opt/airflow/dags/weather_dag.py took 0.339 seconds
[2026-08-11T05:44:04.016+0000] {processor.py:186} INFO - Started process (PID=34557) to work on /opt/airflow/dags/weather_dag.py
[2026-08-11T05:44:04.018+0000] {processor.py:914} INFO - Processing file /opt/airflow/dags/weather_dag.py for tasks to queue
[2026-08-11T05:44:04.020+0000] {logging_mixin.py:190} INFO - [2026-08-11T05:44:04.020+0000] {dagbag.py:588} INFO - Filling up the DagBag from /opt/airflow/dags/weather_dag.py
[2026-08-11T05:44:04.245+0000] {processor.py:925} INFO - DAG(s) 'weather_ingestion' retrieved from /opt/airflow/dags/weather_dag.py
[2026-08-11T05:44:04.256+0000] {logging_mixin.py:190} INFO - [2026-08-11T05:44:04.256+0000] {dag.py:3239} INFO - Sync 1 DAGs
[2026-08-11T05:44:04.266+0000] {logging_mixin.py:190} INFO - [2026-08-11T05:44:04.265+0000] {dag.py:4180} INFO - Setting next_dagrun for weather_ingestion to 2026-08-11 05:00:00+00:00, run_after=2026-08-11 06:00:00+00:00
[2026-08-11T05:44:04.272+0000] {processor.py:208} INFO - Processing /opt/airflow/dags/weather_dag.py took 0.263 seconds
[2026-08-11T05:44:34.357+0000] {processor.py:186} INFO - Started process (PID=34564) to work on /opt/airflow/dags/weather_dag.py
[2026-08-11T05:44:34.359+0000] {processor.py:914} INFO - Processing file /opt/airflow/dags/weather_dag.py for tasks to queue
[2026-08-11T05:44:34.363+0000] {logging_mixin.py:190} INFO - [2026-08-11T05:44:34.362+0000] {dagbag.py:588} INFO - Filling up the DagBag from /opt/airflow/dags/weather_dag.py
[2026-08-11T05:44:34.618+0000] {processor.py:925} INFO - DAG(s) 'weather_ingestion' retrieved from /opt/airflow/dags/weather_dag.py
[2026-08-11T05:44:34.630+0000] {logging_mixin.py:190} INFO - [2026-08-11T05:44:34.630+0000] {dag.py:3239} INFO - Sync 1 DAGs
[2026-08-11T05:44:34.640+0000] {logging_mixin.py:190} INFO - [2026-08-11T05:44:34.640+0000] {dag.py:4180} INFO - Setting next_dagrun for weather_ingestion to 2026-08-11 05:00:00+00:00, run_after=2026-08-11 06:00:00+00:00
[2026-08-11T05:44:34.648+0000] {processor.py:208} INFO - Processing /opt/airflow/dags/weather_dag.py took 0.300 seconds
[2026-08-11T05:45:04.926+0000] {processor.py:186} INFO - Started process (PID=34571) to work on /opt/airflow/dags/weather_dag.py
[2026-08-11T05:45:04.929+0000] {processor.py:914} INFO - Processing file /opt/airflow/dags/weather_dag.py for tasks to queue
[2026-08-11T05:45:04.933+0000] {logging_mixin.py:190} INFO - [2026-08-11T05:45:04.932+0000] {dagbag.py:588} INFO - Filling up the DagBag from /opt/airflow/dags/weather_dag.py
[2026-08-11T05:45:05.197+0000] {processor.py:925} INFO - DAG(s) 'weather_ingestion' retrieved from /opt/airflow/dags/weather_dag.py
[2026-08-11T05:45:05.210+0000] {logging_mixin.py:190} INFO - [2026-08-11T05:45:05.210+0000] {dag.py:3239} INFO - Sync 1 DAGs
[2026-08-11T05:45:05.381+0000] {logging_mixin.py:190} INFO - [2026-08-11T05:45:05.381+0000] {dag.py:4180} INFO - Setting next_dagrun for weather_ingestion to 2026-08-11 05:00:00+00:00, run_after=2026-08-11 06:00:00+00:00
[2026-08-11T05:45:05.388+0000] {processor.py:208} INFO - Processing /opt/airflow/dags/weather_dag.py took 0.470 seconds
[2026-08-11T05:45:35.727+0000] {processor.py:186} INFO - Started process (PID=34578) to work on /opt/airflow/dags/weather_dag.py
[2026-08-11T05:45:35.729+0000] {processor.py:914} INFO - Processing file /opt/airflow/dags/weather_dag.py for tasks to queue
[2026-08-11T05:45:35.733+0000] {logging_mixin.py:190} INFO - [2026-08-11T05:45:35.732+0000] {dagbag.py:588} INFO - Filling up the DagBag from /opt/airflow/dags/weather_dag.py
[2026-08-11T05:45:35.970+0000] {processor.py:925} INFO - DAG(s) 'weather_ingestion' retrieved from /opt/airflow/dags/weather_dag.py
[2026-08-11T05:45:35.982+0000] {logging_mixin.py:190} INFO - [2026-08-11T05:45:35.982+0000] {dag.py:3239} INFO - Sync 1 DAGs
[2026-08-11T05:45:36.075+0000] {logging_mixin.py:190} INFO - [2026-08-11T05:45:36.075+0000] {dag.py:4180} INFO - Setting next_dagrun for weather_ingestion to 2026-08-11 05:00:00+00:00, run_after=2026-08-11 06:00:00+00:00
[2026-08-11T05:45:36.082+0000] {processor.py:208} INFO - Processing /opt/airflow/dags/weather_dag.py took 0.364 seconds
[2026-08-11T05:46:06.434+0000] {processor.py:186} INFO - Started process (PID=34585) to work on /opt/airflow/dags/weather_dag.py
[2026-08-11T05:46:06.437+0000] {processor.py:914} INFO - Processing file /opt/airflow/dags/weather_dag.py for tasks to queue
[2026-08-11T05:46:06.440+0000] {logging_mixin.py:190} INFO - [2026-08-11T05:46:06.440+0000] {dagbag.py:588} INFO - Filling up the DagBag from /opt/airflow/dags/weather_dag.py
[2026-08-11T05:46:06.674+0000] {processor.py:925} INFO - DAG(s) 'weather_ingestion' retrieved from /opt/airflow/dags/weather_dag.py
[2026-08-11T05:46:06.687+0000] {logging_mixin.py:190} INFO - [2026-08-11T05:46:06.687+0000] {dag.py:3239} INFO - Sync 1 DAGs
[2026-08-11T05:46:06.697+0000] {logging_mixin.py:190} INFO - [2026-08-11T05:46:06.697+0000] {dag.py:4180} INFO - Setting next_dagrun for weather_ingestion to 2026-08-11 05:00:00+00:00, run_after=2026-08-11 06:00:00+00:00
[2026-08-11T05:46:06.704+0000] {processor.py:208} INFO - Processing /opt/airflow/dags/weather_dag.py took 0.278 seconds
[2026-08-11T05:46:37.074+0000] {processor.py:186} INFO - Started process (PID=34592) to work on /opt/airflow/dags/weather_dag.py
[2026-08-11T05:46:37.077+0000] {processor.py:914} INFO - Processing file /opt/airflow/dags/weather_dag.py for tasks to queue
[2026-08-11T05:46:37.081+0000] {logging_mixin.py:190} INFO - [2026-08-11T05:46:37.081+0000] {dagbag.py:588} INFO - Filling up the DagBag from /opt/airflow/dags/weather_dag.py
[2026-08-11T05:46:37.395+0000] {processor.py:925} INFO - DAG(s) 'weather_ingestion' retrieved from /opt/airflow/dags/weather_dag.py
[2026-08-11T05:46:37.411+0000] {logging_mixin.py:190} INFO - [2026-08-11T05:46:37.411+0000] {dag.py:3239} INFO - Sync 1 DAGs
[2026-08-11T05:46:37.424+0000] {logging_mixin.py:190} INFO - [2026-08-11T05:46:37.424+0000] {dag.py:4180} INFO - Setting next_dagrun for weather_ingestion to 2026-08-11 05:00:00+00:00, run_after=2026-08-11 06:00:00+00:00
[2026-08-11T05:46:37.432+0000] {processor.py:208} INFO - Processing /opt/airflow/dags/weather_dag.py took 0.372 seconds
[2026-08-11T05:47:07.763+0000] {processor.py:186} INFO - Started process (PID=34599) to work on /opt/airflow/dags/weather_dag.py
[2026-08-11T05:47:07.765+0000] {processor.py:914} INFO - Processing file /opt/airflow/dags/weather_dag.py for tasks to queue
[2026-08-11T05:47:07.767+0000] {logging_mixin.py:190} INFO - [2026-08-11T05:47:07.767+0000] {dagbag.py:588} INFO - Filling up the DagBag from /opt/airflow/dags/weather_dag.py
[2026-08-11T05:47:07.992+0000] {processor.py:925} INFO - DAG(s) 'weather_ingestion' retrieved from /opt/airflow/dags/weather_dag.py
[2026-08-11T05:47:08.005+0000] {logging_mixin.py:190} INFO - [2026-08-11T05:47:08.005+0000] {dag.py:3239} INFO - Sync 1 DAGs
[2026-08-11T05:47:08.015+0000] {logging_mixin.py:190} INFO - [2026-08-11T05:47:08.015+0000] {dag.py:4180} INFO - Setting next_dagrun for weather_ingestion to 2026-08-11 05:00:00+00:00, run_after=2026-08-11 06:00:00+00:00
[2026-08-11T05:47:08.021+0000] {processor.py:208} INFO - Processing /opt/airflow/dags/weather_dag.py took 0.269 seconds
[2026-08-11T05:47:38.141+0000] {processor.py:186} INFO - Started process (PID=34606) to work on /opt/airflow/dags/weather_dag.py
[2026-08-11T05:47:38.145+0000] {processor.py:914} INFO - Processing file /opt/airflow/dags/weather_dag.py for tasks to queue
[2026-08-11T05:47:38.152+0000] {logging_mixin.py:190} INFO - [2026-08-11T05:47:38.151+0000] {dagbag.py:588} INFO - Filling up the DagBag from /opt/airflow/dags/weather_dag.py
[2026-08-11T05:47:38.587+0000] {processor.py:925} INFO - DAG(s) 'weather_ingestion' retrieved from /opt/airflow/dags/weather_dag.py
[2026-08-11T05:47:38.627+0000] {logging_mixin.py:190} INFO - [2026-08-11T05:47:38.627+0000] {dag.py:3239} INFO - Sync 1 DAGs
[2026-08-11T05:47:38.647+0000] {logging_mixin.py:190} INFO - [2026-08-11T05:47:38.647+0000] {dag.py:4180} INFO - Setting next_dagrun for weather_ingestion to 2026-08-11 05:00:00+00:00, run_after=2026-08-11 06:00:00+00:00
[2026-08-11T05:47:38.824+0000] {processor.py:208} INFO - Processing /opt/airflow/dags/weather_dag.py took 0.718 seconds
[2026-08-11T05:48:09.143+0000] {processor.py:186} INFO - Started process (PID=34613) to work on /opt/airflow/dags/weather_dag.py
[2026-08-11T05:48:09.145+0000] {processor.py:914} INFO - Processing file /opt/airflow/dags/weather_dag.py for tasks to queue
[2026-08-11T05:48:09.149+0000] {logging_mixin.py:190} INFO - [2026-08-11T05:48:09.148+0000] {dagbag.py:588} INFO - Filling up the DagBag from /opt/airflow/dags/weather_dag.py
[2026-08-11T05:48:09.365+0000] {processor.py:925} INFO - DAG(s) 'weather_ingestion' retrieved from /opt/airflow/dags/weather_dag.py
[2026-08-11T05:48:09.377+0000] {logging_mixin.py:190} INFO - [2026-08-11T05:48:09.377+0000] {dag.py:3239} INFO - Sync 1 DAGs
[2026-08-11T05:48:09.460+0000] {logging_mixin.py:190} INFO - [2026-08-11T05:48:09.460+0000] {dag.py:4180} INFO - Setting next_dagrun for weather_ingestion to 2026-08-11 05:00:00+00:00, run_after=2026-08-11 06:00:00+00:00
[2026-08-11T05:48:09.467+0000] {processor.py:208} INFO - Processing /opt/airflow/dags/weather_dag.py took 0.332 seconds
[2026-08-11T05:48:39.806+0000] {processor.py:186} INFO - Started process (PID=34620) to work on /opt/airflow/dags/weather_dag.py
[2026-08-11T05:48:39.808+0000] {processor.py:914} INFO - Processing file /opt/airflow/dags/weather_dag.py for tasks to queue
[2026-08-11T05:48:39.812+0000] {logging_mixin.py:190} INFO - [2026-08-11T05:48:39.811+0000] {dagbag.py:588} INFO - Filling up the DagBag from /opt/airflow/dags/weather_dag.py
[2026-08-11T05:48:40.096+0000] {processor.py:925} INFO - DAG(s) 'weather_ingestion' retrieved from /opt/airflow/dags/weather_dag.py
[2026-08-11T05:48:40.112+0000] {logging_mixin.py:190} INFO - [2026-08-11T05:48:40.112+0000] {dag.py:3239} INFO - Sync 1 DAGs
[2026-08-11T05:48:40.239+0000] {logging_mixin.py:190} INFO - [2026-08-11T05:48:40.239+0000] {dag.py:4180} INFO - Setting next_dagrun for weather_ingestion to 2026-08-11 05:00:00+00:00, run_after=2026-08-11 06:00:00+00:00
[2026-08-11T05:48:40.247+0000] {processor.py:208} INFO - Processing /opt/airflow/dags/weather_dag.py took 0.452 seconds
[2026-08-11T05:49:10.618+0000] {processor.py:186} INFO - Started process (PID=34627) to work on /opt/airflow/dags/weather_dag.py
[2026-08-11T05:49:10.620+0000] {processor.py:914} INFO - Processing file /opt/airflow/dags/weather_dag.py for tasks to queue
[2026-08-11T05:49:10.623+0000] {logging_mixin.py:190} INFO - [2026-08-11T05:49:10.623+0000] {dagbag.py:588} INFO - Filling up the DagBag from /opt/airflow/dags/weather_dag.py
[2026-08-11T05:49:10.842+0000] {processor.py:925} INFO - DAG(s) 'weather_ingestion' retrieved from /opt/airflow/dags/weather_dag.py
[2026-08-11T05:49:10.854+0000] {logging_mixin.py:190} INFO - [2026-08-11T05:49:10.854+0000] {dag.py:3239} INFO - Sync 1 DAGs
[2026-08-11T05:49:10.863+0000] {logging_mixin.py:190} INFO - [2026-08-11T05:49:10.863+0000] {dag.py:4180} INFO - Setting next_dagrun for weather_ingestion to 2026-08-11 05:00:00+00:00, run_after=2026-08-11 06:00:00+00:00
[2026-08-11T05:49:10.870+0000] {processor.py:208} INFO - Processing /opt/airflow/dags/weather_dag.py took 0.259 seconds
[2026-08-11T05:49:41.049+0000] {processor.py:186} INFO - Started process (PID=34634) to work on /opt/airflow/dags/weather_dag.py
[2026-08-11T05:49:41.051+0000] {processor.py:914} INFO - Processing file /opt/airflow/dags/weather_dag.py for tasks to queue
[2026-08-11T05:49:41.055+0000] {logging_mixin.py:190} INFO - [2026-08-11T05:49:41.054+0000] {dagbag.py:588} INFO - Filling up the DagBag from /opt/airflow/dags/weather_dag.py
[2026-08-11T05:49:41.334+0000] {processor.py:925} INFO - DAG(s) 'weather_ingestion' retrieved from /opt/airflow/dags/weather_dag.py
[2026-08-11T05:49:41.350+0000] {logging_mixin.py:190} INFO - [2026-08-11T05:49:41.350+0000] {dag.py:3239} INFO - Sync 1 DAGs
[2026-08-11T05:49:41.362+0000] {logging_mixin.py:190} INFO - [2026-08-11T05:49:41.362+0000] {dag.py:4180} INFO - Setting next_dagrun for weather_ingestion to 2026-08-11 05:00:00+00:00, run_after=2026-08-11 06:00:00+00:00
[2026-08-11T05:49:41.370+0000] {processor.py:208} INFO - Processing /opt/airflow/dags/weather_dag.py took 0.331 seconds
[2026-08-11T05:50:11.516+0000] {processor.py:186} INFO - Started process (PID=34641) to work on /opt/airflow/dags/weather_dag.py
[2026-08-11T05:50:11.518+0000] {processor.py:914} INFO - Processing file /opt/airflow/dags/weather_dag.py for tasks to queue
[2026-08-11T05:50:11.522+0000] {logging_mixin.py:190} INFO - [2026-08-11T05:50:11.521+0000] {dagbag.py:588} INFO - Filling up the DagBag from /opt/airflow/dags/weather_dag.py
[2026-08-11T05:50:11.754+0000] {processor.py:925} INFO - DAG(s) 'weather_ingestion' retrieved from /opt/airflow/dags/weather_dag.py
[2026-08-11T05:50:11.776+0000] {logging_mixin.py:190} INFO - [2026-08-11T05:50:11.776+0000] {dag.py:3239} INFO - Sync 1 DAGs
[2026-08-11T05:50:11.786+0000] {logging_mixin.py:190} INFO - [2026-08-11T05:50:11.786+0000] {dag.py:4180} INFO - Setting next_dagrun for weather_ingestion to 2026-08-11 05:00:00+00:00, run_after=2026-08-11 06:00:00+00:00
[2026-08-11T05:50:11.795+0000] {processor.py:208} INFO - Processing /opt/airflow/dags/weather_dag.py took 0.287 seconds
[2026-08-11T05:50:41.986+0000] {processor.py:186} INFO - Started process (PID=34648) to work on /opt/airflow/dags/weather_dag.py
[2026-08-11T05:50:41.989+0000] {processor.py:914} INFO - Processing file /opt/airflow/dags/weather_dag.py for tasks to queue
[2026-08-11T05:50:41.991+0000] {logging_mixin.py:190} INFO - [2026-08-11T05:50:41.991+0000] {dagbag.py:588} INFO - Filling up the DagBag from /opt/airflow/dags/weather_dag.py
[2026-08-11T05:50:42.222+0000] {processor.py:925} INFO - DAG(s) 'weather_ingestion' retrieved from /opt/airflow/dags/weather_dag.py
[2026-08-11T05:50:42.234+0000] {logging_mixin.py:190} INFO - [2026-08-11T05:50:42.234+0000] {dag.py:3239} INFO - Sync 1 DAGs
[2026-08-11T05:50:42.409+0000] {logging_mixin.py:190} INFO - [2026-08-11T05:50:42.408+0000] {dag.py:4180} INFO - Setting next_dagrun for weather_ingestion to 2026-08-11 05:00:00+00:00, run_after=2026-08-11 06:00:00+00:00
[2026-08-11T05:50:42.415+0000] {processor.py:208} INFO - Processing /opt/airflow/dags/weather_dag.py took 0.438 seconds
[2026-08-11T05:51:12.456+0000] {processor.py:186} INFO - Started process (PID=34655) to work on /opt/airflow/dags/weather_dag.py
[2026-08-11T05:51:12.458+0000] {processor.py:914} INFO - Processing file /opt/airflow/dags/weather_dag.py for tasks to queue
[2026-08-11T05:51:12.460+0000] {logging_mixin.py:190} INFO - [2026-08-11T05:51:12.460+0000] {dagbag.py:588} INFO - Filling up the DagBag from /opt/airflow/dags/weather_dag.py
[2026-08-11T05:51:12.679+0000] {processor.py:925} INFO - DAG(s) 'weather_ingestion' retrieved from /opt/airflow/dags/weather_dag.py
[2026-08-11T05:51:12.691+0000] {logging_mixin.py:190} INFO - [2026-08-11T05:51:12.691+0000] {dag.py:3239} INFO - Sync 1 DAGs
[2026-08-11T05:51:12.777+0000] {logging_mixin.py:190} INFO - [2026-08-11T05:51:12.777+0000] {dag.py:4180} INFO - Setting next_dagrun for weather_ingestion to 2026-08-11 05:00:00+00:00, run_after=2026-08-11 06:00:00+00:00
[2026-08-11T05:51:12.783+0000] {processor.py:208} INFO - Processing /opt/airflow/dags/weather_dag.py took 0.337 seconds
[2026-08-11T05:51:43.139+0000] {processor.py:186} INFO - Started process (PID=34662) to work on /opt/airflow/dags/weather_dag.py
[2026-08-11T05:51:43.142+0000] {processor.py:914} INFO - Processing file /opt/airflow/dags/weather_dag.py for tasks to queue
[2026-08-11T05:51:43.148+0000] {logging_mixin.py:190} INFO - [2026-08-11T05:51:43.147+0000] {dagbag.py:588} INFO - Filling up the DagBag from /opt/airflow/dags/weather_dag.py
[2026-08-11T05:51:43.489+0000] {processor.py:925} INFO - DAG(s) 'weather_ingestion' retrieved from /opt/airflow/dags/weather_dag.py
[2026-08-11T05:51:43.506+0000] {logging_mixin.py:190} INFO - [2026-08-11T05:51:43.506+0000] {dag.py:3239} INFO - Sync 1 DAGs
[2026-08-11T05:51:43.647+0000] {logging_mixin.py:190} INFO - [2026-08-11T05:51:43.647+0000] {dag.py:4180} INFO - Setting next_dagrun for weather_ingestion to 2026-08-11 05:00:00+00:00, run_after=2026-08-11 06:00:00+00:00
[2026-08-11T05:51:43.654+0000] {processor.py:208} INFO - Processing /opt/airflow/dags/weather_dag.py took 0.531 seconds
[2026-08-11T05:52:14.048+0000] {processor.py:186} INFO - Started process (PID=34669) to work on /opt/airflow/dags/weather_dag.py
[2026-08-11T05:52:14.050+0000] {processor.py:914} INFO - Processing file /opt/airflow/dags/weather_dag.py for tasks to queue
[2026-08-11T05:52:14.054+0000] {logging_mixin.py:190} INFO - [2026-08-11T05:52:14.054+0000] {dagbag.py:588} INFO - Filling up the DagBag from /opt/airflow/dags/weather_dag.py
[2026-08-11T05:52:14.285+0000] {processor.py:925} INFO - DAG(s) 'weather_ingestion' retrieved from /opt/airflow/dags/weather_dag.py
[2026-08-11T05:52:14.296+0000] {logging_mixin.py:190} INFO - [2026-08-11T05:52:14.296+0000] {dag.py:3239} INFO - Sync 1 DAGs
[2026-08-11T05:52:14.306+0000] {logging_mixin.py:190} INFO - [2026-08-11T05:52:14.306+0000] {dag.py:4180} INFO - Setting next_dagrun for weather_ingestion to 2026-08-11 05:00:00+00:00, run_after=2026-08-11 06:00:00+00:00
[2026-08-11T05:52:14.312+0000] {processor.py:208} INFO - Processing /opt/airflow/dags/weather_dag.py took 0.277 seconds
[2026-08-11T05:52:44.432+0000] {processor.py:186} INFO - Started process (PID=34676) to work on /opt/airflow/dags/weather_dag.py
[2026-08-11T05:52:44.434+0000] {processor.py:914} INFO - Processing file /opt/airflow/dags/weather_dag.py for tasks to queue
[2026-08-11T05:52:44.436+0000] {logging_mixin.py:190} INFO - [2026-08-11T05:52:44.436+0000] {dagbag.py:588} INFO - Filling up the DagBag from /opt/airflow/dags/weather_dag.py
[2026-08-11T05:52:44.669+0000] {processor.py:925} INFO - DAG(s) 'weather_ingestion' retrieved from /opt/airflow/dags/weather_dag.py
[2026-08-11T05:52:44.681+0000] {logging_mixin.py:190} INFO - [2026-08-11T05:52:44.681+0000] {dag.py:3239} INFO - Sync 1 DAGs
[2026-08-11T05:52:44.690+0000] {logging_mixin.py:190} INFO - [2026-08-11T05:52:44.690+0000] {dag.py:4180} INFO - Setting next_dagrun for weather_ingestion to 2026-08-11 05:00:00+00:00, run_after=2026-08-11 06:00:00+00:00
[2026-08-11T05:52:44.697+0000] {processor.py:208} INFO - Processing /opt/airflow/dags/weather_dag.py took 0.273 seconds
[2026-08-11T05:53:14.953+0000] {processor.py:186} INFO - Started process (PID=34683) to work on /opt/airflow/dags/weather_dag.py
[2026-08-11T05:53:14.955+0000] {processor.py:914} INFO - Processing file /opt/airflow/dags/weather_dag.py for tasks to queue
[2026-08-11T05:53:14.959+0000] {logging_mixin.py:190} INFO - [2026-08-11T05:53:14.959+0000] {dagbag.py:588} INFO - Filling up the DagBag from /opt/airflow/dags/weather_dag.py
[2026-08-11T05:53:15.261+0000] {processor.py:925} INFO - DAG(s) 'weather_ingestion' retrieved from /opt/airflow/dags/weather_dag.py
[2026-08-11T05:53:15.274+0000] {logging_mixin.py:190} INFO - [2026-08-11T05:53:15.274+0000] {dag.py:3239} INFO - Sync 1 DAGs
[2026-08-11T05:53:15.285+0000] {logging_mixin.py:190} INFO - [2026-08-11T05:53:15.285+0000] {dag.py:4180} INFO - Setting next_dagrun for weather_ingestion to 2026-08-11 05:00:00+00:00, run_after=2026-08-11 06:00:00+00:00
[2026-08-11T05:53:15.293+0000] {processor.py:208} INFO - Processing /opt/airflow/dags/weather_dag.py took 0.352 seconds
[2026-08-11T05:53:45.599+0000] {processor.py:186} INFO - Started process (PID=34690) to work on /opt/airflow/dags/weather_dag.py
[2026-08-11T05:53:45.600+0000] {processor.py:914} INFO - Processing file /opt/airflow/dags/weather_dag.py for tasks to queue
[2026-08-11T05:53:45.602+0000] {logging_mixin.py:190} INFO - [2026-08-11T05:53:45.602+0000] {dagbag.py:588} INFO - Filling up the DagBag from /opt/airflow/dags/weather_dag.py
[2026-08-11T05:53:45.848+0000] {processor.py:925} INFO - DAG(s) 'weather_ingestion' retrieved from /opt/airflow/dags/weather_dag.py
[2026-08-11T05:53:45.866+0000] {logging_mixin.py:190} INFO - [2026-08-11T05:53:45.866+0000] {dag.py:3239} INFO - Sync 1 DAGs
[2026-08-11T05:53:45.998+0000] {logging_mixin.py:190} INFO - [2026-08-11T05:53:45.998+0000] {dag.py:4180} INFO - Setting next_dagrun for weather_ingestion to 2026-08-11 05:00:00+00:00, run_after=2026-08-11 06:00:00+00:00
[2026-08-11T05:53:46.018+0000] {processor.py:208} INFO - Processing /opt/airflow/dags/weather_dag.py took 0.422 seconds
[2026-08-11T05:54:16.366+0000] {processor.py:186} INFO - Started process (PID=34697) to work on /opt/airflow/dags/weather_dag.py
[2026-08-11T05:54:16.367+0000] {processor.py:914} INFO - Processing file /opt/airflow/dags/weather_dag.py for tasks to queue
[2026-08-11T05:54:16.369+0000] {logging_mixin.py:190} INFO - [2026-08-11T05:54:16.369+0000] {dagbag.py:588} INFO - Filling up the DagBag from /opt/airflow/dags/weather_dag.py
[2026-08-11T05:54:16.618+0000] {processor.py:925} INFO - DAG(s) 'weather_ingestion' retrieved from /opt/airflow/dags/weather_dag.py
[2026-08-11T05:54:16.630+0000] {logging_mixin.py:190} INFO - [2026-08-11T05:54:16.630+0000] {dag.py:3239} INFO - Sync 1 DAGs
[2026-08-11T05:54:16.715+0000] {logging_mixin.py:190} INFO - [2026-08-11T05:54:16.714+0000] {dag.py:4180} INFO - Setting next_dagrun for weather_ingestion to 2026-08-11 05:00:00+00:00, run_after=2026-08-11 06:00:00+00:00
[2026-08-11T05:54:16.721+0000] {processor.py:208} INFO - Processing /opt/airflow/dags/weather_dag.py took 0.363 seconds
[2026-08-11T05:54:47.073+0000] {processor.py:186} INFO - Started process (PID=34704) to work on /opt/airflow/dags/weather_dag.py
[2026-08-11T05:54:47.074+0000] {processor.py:914} INFO - Processing file /opt/airflow/dags/weather_dag.py for tasks to queue
[2026-08-11T05:54:47.076+0000] {logging_mixin.py:190} INFO - [2026-08-11T05:54:47.076+0000] {dagbag.py:588} INFO - Filling up the DagBag from /opt/airflow/dags/weather_dag.py
[2026-08-11T05:54:47.329+0000] {processor.py:925} INFO - DAG(s) 'weather_ingestion' retrieved from /opt/airflow/dags/weather_dag.py
[2026-08-11T05:54:47.341+0000] {logging_mixin.py:190} INFO - [2026-08-11T05:54:47.341+0000] {dag.py:3239} INFO - Sync 1 DAGs
[2026-08-11T05:54:47.350+0000] {logging_mixin.py:190} INFO - [2026-08-11T05:54:47.350+0000] {dag.py:4180} INFO - Setting next_dagrun for weather_ingestion to 2026-08-11 05:00:00+00:00, run_after=2026-08-11 06:00:00+00:00
[2026-08-11T05:54:47.357+0000] {processor.py:208} INFO - Processing /opt/airflow/dags/weather_dag.py took 0.288 seconds
[2026-08-11T05:55:17.407+0000] {processor.py:186} INFO - Started process (PID=34711) to work on /opt/airflow/dags/weather_dag.py
[2026-08-11T05:55:17.408+0000] {processor.py:914} INFO - Processing file /opt/airflow/dags/weather_dag.py for tasks to queue
[2026-08-11T05:55:17.410+0000] {logging_mixin.py:190} INFO - [2026-08-11T05:55:17.409+0000] {dagbag.py:588} INFO - Filling up the DagBag from /opt/airflow/dags/weather_dag.py
[2026-08-11T05:55:17.660+0000] {processor.py:925} INFO - DAG(s) 'weather_ingestion' retrieved from /opt/airflow/dags/weather_dag.py
[2026-08-11T05:55:17.673+0000] {logging_mixin.py:190} INFO - [2026-08-11T05:55:17.673+0000] {dag.py:3239} INFO - Sync 1 DAGs
[2026-08-11T05:55:17.683+0000] {logging_mixin.py:190} INFO - [2026-08-11T05:55:17.683+0000] {dag.py:4180} INFO - Setting next_dagrun for weather_ingestion to 2026-08-11 05:00:00+00:00, run_after=2026-08-11 06:00:00+00:00
[2026-08-11T05:55:17.691+0000] {processor.py:208} INFO - Processing /opt/airflow/dags/weather_dag.py took 0.292 seconds
[2026-08-11T05:55:47.942+0000] {processor.py:186} INFO - Started process (PID=34718) to work on /opt/airflow/dags/weather_dag.py
[2026-08-11T05:55:47.945+0000] {processor.py:914} INFO - Processing file /opt/airflow/dags/weather_dag.py for tasks to queue
[2026-08-11T05:55:47.949+0000] {logging_mixin.py:190} INFO - [2026-08-11T05:55:47.948+0000] {dagbag.py:588} INFO - Filling up the DagBag from /opt/airflow/dags/weather_dag.py
[2026-08-11T05:55:48.210+0000] {processor.py:925} INFO - DAG(s) 'weather_ingestion' retrieved from /opt/airflow/dags/weather_dag.py
[2026-08-11T05:55:48.228+0000] {logging_mixin.py:190} INFO - [2026-08-11T05:55:48.228+0000] {dag.py:3239} INFO - Sync 1 DAGs
[2026-08-11T05:55:48.241+0000] {logging_mixin.py:190} INFO - [2026-08-11T05:55:48.240+0000] {dag.py:4180} INFO - Setting next_dagrun for weather_ingestion to 2026-08-11 05:00:00+00:00, run_after=2026-08-11 06:00:00+00:00
[2026-08-11T05:55:48.249+0000] {processor.py:208} INFO - Processing /opt/airflow/dags/weather_dag.py took 0.315 seconds
[2026-08-11T05:56:18.312+0000] {processor.py:186} INFO - Started process (PID=34725) to work on /opt/airflow/dags/weather_dag.py
[2026-08-11T05:56:18.313+0000] {processor.py:914} INFO - Processing file /opt/airflow/dags/weather_dag.py for tasks to queue
[2026-08-11T05:56:18.315+0000] {logging_mixin.py:190} INFO - [2026-08-11T05:56:18.315+0000] {dagbag.py:588} INFO - Filling up the DagBag from /opt/airflow/dags/weather_dag.py
[2026-08-11T05:56:18.529+0000] {processor.py:925} INFO - DAG(s) 'weather_ingestion' retrieved from /opt/airflow/dags/weather_dag.py
[2026-08-11T05:56:18.539+0000] {logging_mixin.py:190} INFO - [2026-08-11T05:56:18.539+0000] {dag.py:3239} INFO - Sync 1 DAGs
[2026-08-11T05:56:18.549+0000] {logging_mixin.py:190} INFO - [2026-08-11T05:56:18.549+0000] {dag.py:4180} INFO - Setting next_dagrun for weather_ingestion to 2026-08-11 05:00:00+00:00, run_after=2026-08-11 06:00:00+00:00
[2026-08-11T05:56:18.665+0000] {processor.py:208} INFO - Processing /opt/airflow/dags/weather_dag.py took 0.360 seconds
[2026-08-11T05:56:48.894+0000] {processor.py:186} INFO - Started process (PID=34732) to work on /opt/airflow/dags/weather_dag.py
[2026-08-11T05:56:48.896+0000] {processor.py:914} INFO - Processing file /opt/airflow/dags/weather_dag.py for tasks to queue
[2026-08-11T05:56:48.898+0000] {logging_mixin.py:190} INFO - [2026-08-11T05:56:48.898+0000] {dagbag.py:588} INFO - Filling up the DagBag from /opt/airflow/dags/weather_dag.py
[2026-08-11T05:56:49.131+0000] {processor.py:925} INFO - DAG(s) 'weather_ingestion' retrieved from /opt/airflow/dags/weather_dag.py
[2026-08-11T05:56:49.142+0000] {logging_mixin.py:190} INFO - [2026-08-11T05:56:49.142+0000] {dag.py:3239} INFO - Sync 1 DAGs
[2026-08-11T05:56:49.230+0000] {logging_mixin.py:190} INFO - [2026-08-11T05:56:49.230+0000] {dag.py:4180} INFO - Setting next_dagrun for weather_ingestion to 2026-08-11 05:00:00+00:00, run_after=2026-08-11 06:00:00+00:00
[2026-08-11T05:56:49.237+0000] {processor.py:208} INFO - Processing /opt/airflow/dags/weather_dag.py took 0.351 seconds
[2026-08-11T05:57:19.388+0000] {processor.py:186} INFO - Started process (PID=34739) to work on /opt/airflow/dags/weather_dag.py
[2026-08-11T05:57:19.390+0000] {processor.py:914} INFO - Processing file /opt/airflow/dags/weather_dag.py for tasks to queue
[2026-08-11T05:57:19.393+0000] {logging_mixin.py:190} INFO - [2026-08-11T05:57:19.392+0000] {dagbag.py:588} INFO - Filling up the DagBag from /opt/airflow/dags/weather_dag.py
[2026-08-11T05:57:19.613+0000] {processor.py:925} INFO - DAG(s) 'weather_ingestion' retrieved from /opt/airflow/dags/weather_dag.py
[2026-08-11T05:57:19.624+0000] {logging_mixin.py:190} INFO - [2026-08-11T05:57:19.624+0000] {dag.py:3239} INFO - Sync 1 DAGs
[2026-08-11T05:57:19.705+0000] {logging_mixin.py:190} INFO - [2026-08-11T05:57:19.705+0000] {dag.py:4180} INFO - Setting next_dagrun for weather_ingestion to 2026-08-11 05:00:00+00:00, run_after=2026-08-11 06:00:00+00:00
[2026-08-11T05:57:19.711+0000] {processor.py:208} INFO - Processing /opt/airflow/dags/weather_dag.py took 0.330 seconds
[2026-08-11T05:57:49.998+0000] {processor.py:186} INFO - Started process (PID=34746) to work on /opt/airflow/dags/weather_dag.py
[2026-08-11T05:57:49.999+0000] {processor.py:914} INFO - Processing file /opt/airflow/dags/weather_dag.py for tasks to queue
[2026-08-11T05:57:50.003+0000] {logging_mixin.py:190} INFO - [2026-08-11T05:57:50.002+0000] {dagbag.py:588} INFO - Filling up the DagBag from /opt/airflow/dags/weather_dag.py
[2026-08-11T05:57:50.268+0000] {processor.py:925} INFO - DAG(s) 'weather_ingestion' retrieved from /opt/airflow/dags/weather_dag.py
[2026-08-11T05:57:50.283+0000] {logging_mixin.py:190} INFO - [2026-08-11T05:57:50.283+0000] {dag.py:3239} INFO - Sync 1 DAGs
[2026-08-11T05:57:50.295+0000] {logging_mixin.py:190} INFO - [2026-08-11T05:57:50.295+0000] {dag.py:4180} INFO - Setting next_dagrun for weather_ingestion to 2026-08-11 05:00:00+00:00, run_after=2026-08-11 06:00:00+00:00
[2026-08-11T05:57:50.302+0000] {processor.py:208} INFO - Processing /opt/airflow/dags/weather_dag.py took 0.314 seconds
[2026-08-11T05:58:20.403+0000] {processor.py:186} INFO - Started process (PID=34753) to work on /opt/airflow/dags/weather_dag.py
[2026-08-11T05:58:20.405+0000] {processor.py:914} INFO - Processing file /opt/airflow/dags/weather_dag.py for tasks to queue
[2026-08-11T05:58:20.407+0000] {logging_mixin.py:190} INFO - [2026-08-11T05:58:20.407+0000] {dagbag.py:588} INFO - Filling up the DagBag from /opt/airflow/dags/weather_dag.py
[2026-08-11T05:58:20.632+0000] {processor.py:925} INFO - DAG(s) 'weather_ingestion' retrieved from /opt/airflow/dags/weather_dag.py
[2026-08-11T05:58:20.644+0000] {logging_mixin.py:190} INFO - [2026-08-11T05:58:20.644+0000] {dag.py:3239} INFO - Sync 1 DAGs
[2026-08-11T05:58:20.654+0000] {logging_mixin.py:190} INFO - [2026-08-11T05:58:20.654+0000] {dag.py:4180} INFO - Setting next_dagrun for weather_ingestion to 2026-08-11 05:00:00+00:00, run_after=2026-08-11 06:00:00+00:00
[2026-08-11T05:58:20.661+0000] {processor.py:208} INFO - Processing /opt/airflow/dags/weather_dag.py took 0.268 seconds
[2026-08-11T05:58:50.993+0000] {processor.py:186} INFO - Started process (PID=34760) to work on /opt/airflow/dags/weather_dag.py
[2026-08-11T05:58:50.994+0000] {processor.py:914} INFO - Processing file /opt/airflow/dags/weather_dag.py for tasks to queue
[2026-08-11T05:58:50.996+0000] {logging_mixin.py:190} INFO - [2026-08-11T05:58:50.996+0000] {dagbag.py:588} INFO - Filling up the DagBag from /opt/airflow/dags/weather_dag.py
[2026-08-11T05:58:51.208+0000] {processor.py:925} INFO - DAG(s) 'weather_ingestion' retrieved from /opt/airflow/dags/weather_dag.py
[2026-08-11T05:58:51.219+0000] {logging_mixin.py:190} INFO - [2026-08-11T05:58:51.219+0000] {dag.py:3239} INFO - Sync 1 DAGs
[2026-08-11T05:58:51.228+0000] {logging_mixin.py:190} INFO - [2026-08-11T05:58:51.228+0000] {dag.py:4180} INFO - Setting next_dagrun for weather_ingestion to 2026-08-11 05:00:00+00:00, run_after=2026-08-11 06:00:00+00:00
[2026-08-11T05:58:51.235+0000] {processor.py:208} INFO - Processing /opt/airflow/dags/weather_dag.py took 0.246 seconds
[2026-08-11T05:59:21.357+0000] {processor.py:186} INFO - Started process (PID=34767) to work on /opt/airflow/dags/weather_dag.py
[2026-08-11T05:59:21.360+0000] {processor.py:914} INFO - Processing file /opt/airflow/dags/weather_dag.py for tasks to queue
[2026-08-11T05:59:21.364+0000] {logging_mixin.py:190} INFO - [2026-08-11T05:59:21.363+0000] {dagbag.py:588} INFO - Filling up the DagBag from /opt/airflow/dags/weather_dag.py
[2026-08-11T05:59:21.585+0000] {processor.py:925} INFO - DAG(s) 'weather_ingestion' retrieved from /opt/airflow/dags/weather_dag.py
[2026-08-11T05:59:21.596+0000] {logging_mixin.py:190} INFO - [2026-08-11T05:59:21.596+0000] {dag.py:3239} INFO - Sync 1 DAGs
[2026-08-11T05:59:21.784+0000] {logging_mixin.py:190} INFO - [2026-08-11T05:59:21.784+0000] {dag.py:4180} INFO - Setting next_dagrun for weather_ingestion to 2026-08-11 05:00:00+00:00, run_after=2026-08-11 06:00:00+00:00
[2026-08-11T05:59:21.791+0000] {processor.py:208} INFO - Processing /opt/airflow/dags/weather_dag.py took 0.441 seconds
[2026-08-11T05:59:51.903+0000] {processor.py:186} INFO - Started process (PID=34774) to work on /opt/airflow/dags/weather_dag.py
[2026-08-11T05:59:51.904+0000] {processor.py:914} INFO - Processing file /opt/airflow/dags/weather_dag.py for tasks to queue
[2026-08-11T05:59:51.908+0000] {logging_mixin.py:190} INFO - [2026-08-11T05:59:51.908+0000] {dagbag.py:588} INFO - Filling up the DagBag from /opt/airflow/dags/weather_dag.py
[2026-08-11T05:59:52.251+0000] {processor.py:925} INFO - DAG(s) 'weather_ingestion' retrieved from /opt/airflow/dags/weather_dag.py
[2026-08-11T05:59:52.268+0000] {logging_mixin.py:190} INFO - [2026-08-11T05:59:52.268+0000] {dag.py:3239} INFO - Sync 1 DAGs
[2026-08-11T05:59:52.367+0000] {logging_mixin.py:190} INFO - [2026-08-11T05:59:52.367+0000] {dag.py:4180} INFO - Setting next_dagrun for weather_ingestion to 2026-08-11 05:00:00+00:00, run_after=2026-08-11 06:00:00+00:00
[2026-08-11T05:59:52.374+0000] {processor.py:208} INFO - Processing /opt/airflow/dags/weather_dag.py took 0.480 seconds
[2026-08-11T06:00:22.498+0000] {processor.py:186} INFO - Started process (PID=34786) to work on /opt/airflow/dags/weather_dag.py
[2026-08-11T06:00:22.500+0000] {processor.py:914} INFO - Processing file /opt/airflow/dags/weather_dag.py for tasks to queue
[2026-08-11T06:00:22.504+0000] {logging_mixin.py:190} INFO - [2026-08-11T06:00:22.503+0000] {dagbag.py:588} INFO - Filling up the DagBag from /opt/airflow/dags/weather_dag.py
[2026-08-11T06:00:22.786+0000] {processor.py:925} INFO - DAG(s) 'weather_ingestion' retrieved from /opt/airflow/dags/weather_dag.py
[2026-08-11T06:00:22.801+0000] {logging_mixin.py:190} INFO - [2026-08-11T06:00:22.801+0000] {dag.py:3239} INFO - Sync 1 DAGs
[2026-08-11T06:00:22.936+0000] {logging_mixin.py:190} INFO - [2026-08-11T06:00:22.936+0000] {dag.py:4180} INFO - Setting next_dagrun for weather_ingestion to 2026-08-11 06:00:00+00:00, run_after=2026-08-11 07:00:00+00:00
[2026-08-11T06:00:22.943+0000] {processor.py:208} INFO - Processing /opt/airflow/dags/weather_dag.py took 0.456 seconds
[2026-08-11T06:00:52.992+0000] {processor.py:186} INFO - Started process (PID=34793) to work on /opt/airflow/dags/weather_dag.py
[2026-08-11T06:00:52.994+0000] {processor.py:914} INFO - Processing file /opt/airflow/dags/weather_dag.py for tasks to queue
[2026-08-11T06:00:52.996+0000] {logging_mixin.py:190} INFO - [2026-08-11T06:00:52.996+0000] {dagbag.py:588} INFO - Filling up the DagBag from /opt/airflow/dags/weather_dag.py
[2026-08-11T06:00:53.233+0000] {processor.py:925} INFO - DAG(s) 'weather_ingestion' retrieved from /opt/airflow/dags/weather_dag.py
[2026-08-11T06:00:53.245+0000] {logging_mixin.py:190} INFO - [2026-08-11T06:00:53.244+0000] {dag.py:3239} INFO - Sync 1 DAGs
[2026-08-11T06:00:53.254+0000] {logging_mixin.py:190} INFO - [2026-08-11T06:00:53.254+0000] {dag.py:4180} INFO - Setting next_dagrun for weather_ingestion to 2026-08-11 06:00:00+00:00, run_after=2026-08-11 07:00:00+00:00
[2026-08-11T06:00:53.263+0000] {processor.py:208} INFO - Processing /opt/airflow/dags/weather_dag.py took 0.278 seconds
[2026-08-11T06:01:23.552+0000] {processor.py:186} INFO - Started process (PID=34800) to work on /opt/airflow/dags/weather_dag.py
[2026-08-11T06:01:23.554+0000] {processor.py:914} INFO - Processing file /opt/airflow/dags/weather_dag.py for tasks to queue
[2026-08-11T06:01:23.558+0000] {logging_mixin.py:190} INFO - [2026-08-11T06:01:23.557+0000] {dagbag.py:588} INFO - Filling up the DagBag from /opt/airflow/dags/weather_dag.py
[2026-08-11T06:01:23.809+0000] {processor.py:925} INFO - DAG(s) 'weather_ingestion' retrieved from /opt/airflow/dags/weather_dag.py
[2026-08-11T06:01:23.821+0000] {logging_mixin.py:190} INFO - [2026-08-11T06:01:23.821+0000] {dag.py:3239} INFO - Sync 1 DAGs
[2026-08-11T06:01:23.831+0000] {logging_mixin.py:190} INFO - [2026-08-11T06:01:23.831+0000] {dag.py:4180} INFO - Setting next_dagrun for weather_ingestion to 2026-08-11 06:00:00+00:00, run_after=2026-08-11 07:00:00+00:00
[2026-08-11T06:01:23.837+0000] {processor.py:208} INFO - Processing /opt/airflow/dags/weather_dag.py took 0.296 seconds
[2026-08-11T06:01:53.884+0000] {processor.py:186} INFO - Started process (PID=34807) to work on /opt/airflow/dags/weather_dag.py
[2026-08-11T06:01:53.886+0000] {processor.py:914} INFO - Processing file /opt/airflow/dags/weather_dag.py for tasks to queue
[2026-08-11T06:01:53.888+0000] {logging_mixin.py:190} INFO - [2026-08-11T06:01:53.888+0000] {dagbag.py:588} INFO - Filling up the DagBag from /opt/airflow/dags/weather_dag.py
[2026-08-11T06:01:54.208+0000] {processor.py:925} INFO - DAG(s) 'weather_ingestion' retrieved from /opt/airflow/dags/weather_dag.py
[2026-08-11T06:01:54.225+0000] {logging_mixin.py:190} INFO - [2026-08-11T06:01:54.225+0000] {dag.py:3239} INFO - Sync 1 DAGs
[2026-08-11T06:01:54.238+0000] {logging_mixin.py:190} INFO - [2026-08-11T06:01:54.238+0000] {dag.py:4180} INFO - Setting next_dagrun for weather_ingestion to 2026-08-11 06:00:00+00:00, run_after=2026-08-11 07:00:00+00:00
[2026-08-11T06:01:54.248+0000] {processor.py:208} INFO - Processing /opt/airflow/dags/weather_dag.py took 0.370 seconds
[2026-08-11T06:02:24.518+0000] {processor.py:186} INFO - Started process (PID=34814) to work on /opt/airflow/dags/weather_dag.py
[2026-08-11T06:02:24.521+0000] {processor.py:914} INFO - Processing file /opt/airflow/dags/weather_dag.py for tasks to queue
[2026-08-11T06:02:24.555+0000] {logging_mixin.py:190} INFO - [2026-08-11T06:02:24.552+0000] {dagbag.py:588} INFO - Filling up the DagBag from /opt/airflow/dags/weather_dag.py
[2026-08-11T06:02:24.985+0000] {processor.py:925} INFO - DAG(s) 'weather_ingestion' retrieved from /opt/airflow/dags/weather_dag.py
[2026-08-11T06:02:25.008+0000] {logging_mixin.py:190} INFO - [2026-08-11T06:02:25.008+0000] {dag.py:3239} INFO - Sync 1 DAGs
[2026-08-11T06:02:25.211+0000] {logging_mixin.py:190} INFO - [2026-08-11T06:02:25.211+0000] {dag.py:4180} INFO - Setting next_dagrun for weather_ingestion to 2026-08-11 06:00:00+00:00, run_after=2026-08-11 07:00:00+00:00
[2026-08-11T06:02:25.221+0000] {processor.py:208} INFO - Processing /opt/airflow/dags/weather_dag.py took 0.714 seconds
[2026-08-11T06:02:55.624+0000] {processor.py:186} INFO - Started process (PID=34821) to work on /opt/airflow/dags/weather_dag.py
[2026-08-11T06:02:55.626+0000] {processor.py:914} INFO - Processing file /opt/airflow/dags/weather_dag.py for tasks to queue
[2026-08-11T06:02:55.630+0000] {logging_mixin.py:190} INFO - [2026-08-11T06:02:55.630+0000] {dagbag.py:588} INFO - Filling up the DagBag from /opt/airflow/dags/weather_dag.py
[2026-08-11T06:02:56.000+0000] {processor.py:925} INFO - DAG(s) 'weather_ingestion' retrieved from /opt/airflow/dags/weather_dag.py
[2026-08-11T06:02:56.028+0000] {logging_mixin.py:190} INFO - [2026-08-11T06:02:56.028+0000] {dag.py:3239} INFO - Sync 1 DAGs
[2026-08-11T06:02:56.222+0000] {logging_mixin.py:190} INFO - [2026-08-11T06:02:56.222+0000] {dag.py:4180} INFO - Setting next_dagrun for weather_ingestion to 2026-08-11 06:00:00+00:00, run_after=2026-08-11 07:00:00+00:00
[2026-08-11T06:02:56.229+0000] {processor.py:208} INFO - Processing /opt/airflow/dags/weather_dag.py took 0.640 seconds
[2026-08-11T06:03:26.606+0000] {processor.py:186} INFO - Started process (PID=34828) to work on /opt/airflow/dags/weather_dag.py
[2026-08-11T06:03:26.608+0000] {processor.py:914} INFO - Processing file /opt/airflow/dags/weather_dag.py for tasks to queue
[2026-08-11T06:03:26.611+0000] {logging_mixin.py:190} INFO - [2026-08-11T06:03:26.611+0000] {dagbag.py:588} INFO - Filling up the DagBag from /opt/airflow/dags/weather_dag.py
[2026-08-11T06:03:26.863+0000] {processor.py:925} INFO - DAG(s) 'weather_ingestion' retrieved from /opt/airflow/dags/weather_dag.py
[2026-08-11T06:03:26.966+0000] {logging_mixin.py:190} INFO - [2026-08-11T06:03:26.966+0000] {dag.py:3239} INFO - Sync 1 DAGs
[2026-08-11T06:03:26.975+0000] {logging_mixin.py:190} INFO - [2026-08-11T06:03:26.975+0000] {dag.py:4180} INFO - Setting next_dagrun for weather_ingestion to 2026-08-11 06:00:00+00:00, run_after=2026-08-11 07:00:00+00:00
[2026-08-11T06:03:26.982+0000] {processor.py:208} INFO - Processing /opt/airflow/dags/weather_dag.py took 0.389 seconds
[2026-08-11T06:03:57.307+0000] {processor.py:186} INFO - Started process (PID=34835) to work on /opt/airflow/dags/weather_dag.py
[2026-08-11T06:03:57.309+0000] {processor.py:914} INFO - Processing file /opt/airflow/dags/weather_dag.py for tasks to queue
[2026-08-11T06:03:57.312+0000] {logging_mixin.py:190} INFO - [2026-08-11T06:03:57.312+0000] {dagbag.py:588} INFO - Filling up the DagBag from /opt/airflow/dags/weather_dag.py
[2026-08-11T06:03:57.588+0000] {processor.py:925} INFO - DAG(s) 'weather_ingestion' retrieved from /opt/airflow/dags/weather_dag.py
[2026-08-11T06:03:57.603+0000] {logging_mixin.py:190} INFO - [2026-08-11T06:03:57.603+0000] {dag.py:3239} INFO - Sync 1 DAGs
[2026-08-11T06:03:57.615+0000] {logging_mixin.py:190} INFO - [2026-08-11T06:03:57.615+0000] {dag.py:4180} INFO - Setting next_dagrun for weather_ingestion to 2026-08-11 06:00:00+00:00, run_after=2026-08-11 07:00:00+00:00
[2026-08-11T06:03:57.623+0000] {processor.py:208} INFO - Processing /opt/airflow/dags/weather_dag.py took 0.326 seconds
[2026-08-11T06:04:27.989+0000] {processor.py:186} INFO - Started process (PID=34842) to work on /opt/airflow/dags/weather_dag.py
[2026-08-11T06:04:27.990+0000] {processor.py:914} INFO - Processing file /opt/airflow/dags/weather_dag.py for tasks to queue
[2026-08-11T06:04:27.992+0000] {logging_mixin.py:190} INFO - [2026-08-11T06:04:27.992+0000] {dagbag.py:588} INFO - Filling up the DagBag from /opt/airflow/dags/weather_dag.py
[2026-08-11T06:04:28.223+0000] {processor.py:925} INFO - DAG(s) 'weather_ingestion' retrieved from /opt/airflow/dags/weather_dag.py
[2026-08-11T06:04:28.237+0000] {logging_mixin.py:190} INFO - [2026-08-11T06:04:28.236+0000] {dag.py:3239} INFO - Sync 1 DAGs
[2026-08-11T06:04:28.248+0000] {logging_mixin.py:190} INFO - [2026-08-11T06:04:28.248+0000] {dag.py:4180} INFO - Setting next_dagrun for weather_ingestion to 2026-08-11 06:00:00+00:00, run_after=2026-08-11 07:00:00+00:00
[2026-08-11T06:04:28.256+0000] {processor.py:208} INFO - Processing /opt/airflow/dags/weather_dag.py took 0.274 seconds
[2026-08-11T06:04:58.401+0000] {processor.py:186} INFO - Started process (PID=34849) to work on /opt/airflow/dags/weather_dag.py
[2026-08-11T06:04:58.403+0000] {processor.py:914} INFO - Processing file /opt/airflow/dags/weather_dag.py for tasks to queue
[2026-08-11T06:04:58.411+0000] {logging_mixin.py:190} INFO - [2026-08-11T06:04:58.410+0000] {dagbag.py:588} INFO - Filling up the DagBag from /opt/airflow/dags/weather_dag.py
[2026-08-11T06:04:58.741+0000] {processor.py:925} INFO - DAG(s) 'weather_ingestion' retrieved from /opt/airflow/dags/weather_dag.py
[2026-08-11T06:04:58.756+0000] {logging_mixin.py:190} INFO - [2026-08-11T06:04:58.756+0000] {dag.py:3239} INFO - Sync 1 DAGs
[2026-08-11T06:04:58.769+0000] {logging_mixin.py:190} INFO - [2026-08-11T06:04:58.769+0000] {dag.py:4180} INFO - Setting next_dagrun for weather_ingestion to 2026-08-11 06:00:00+00:00, run_after=2026-08-11 07:00:00+00:00
[2026-08-11T06:04:58.962+0000] {processor.py:208} INFO - Processing /opt/airflow/dags/weather_dag.py took 0.579 seconds
[2026-08-11T06:05:29.262+0000] {processor.py:186} INFO - Started process (PID=34856) to work on /opt/airflow/dags/weather_dag.py
[2026-08-11T06:05:29.264+0000] {processor.py:914} INFO - Processing file /opt/airflow/dags/weather_dag.py for tasks to queue
[2026-08-11T06:05:29.266+0000] {logging_mixin.py:190} INFO - [2026-08-11T06:05:29.266+0000] {dagbag.py:588} INFO - Filling up the DagBag from /opt/airflow/dags/weather_dag.py
[2026-08-11T06:05:29.500+0000] {processor.py:925} INFO - DAG(s) 'weather_ingestion' retrieved from /opt/airflow/dags/weather_dag.py
[2026-08-11T06:05:29.512+0000] {logging_mixin.py:190} INFO - [2026-08-11T06:05:29.512+0000] {dag.py:3239} INFO - Sync 1 DAGs
[2026-08-11T06:05:29.598+0000] {logging_mixin.py:190} INFO - [2026-08-11T06:05:29.598+0000] {dag.py:4180} INFO - Setting next_dagrun for weather_ingestion to 2026-08-11 06:00:00+00:00, run_after=2026-08-11 07:00:00+00:00
[2026-08-11T06:05:29.605+0000] {processor.py:208} INFO - Processing /opt/airflow/dags/weather_dag.py took 0.350 seconds
[2026-08-11T06:05:59.979+0000] {processor.py:186} INFO - Started process (PID=34863) to work on /opt/airflow/dags/weather_dag.py
[2026-08-11T06:05:59.982+0000] {processor.py:914} INFO - Processing file /opt/airflow/dags/weather_dag.py for tasks to queue
[2026-08-11T06:05:59.986+0000] {logging_mixin.py:190} INFO - [2026-08-11T06:05:59.986+0000] {dagbag.py:588} INFO - Filling up the DagBag from /opt/airflow/dags/weather_dag.py
[2026-08-11T06:06:00.250+0000] {processor.py:925} INFO - DAG(s) 'weather_ingestion' retrieved from /opt/airflow/dags/weather_dag.py
[2026-08-11T06:06:00.266+0000] {logging_mixin.py:190} INFO - [2026-08-11T06:06:00.266+0000] {dag.py:3239} INFO - Sync 1 DAGs
[2026-08-11T06:06:00.383+0000] {logging_mixin.py:190} INFO - [2026-08-11T06:06:00.382+0000] {dag.py:4180} INFO - Setting next_dagrun for weather_ingestion to 2026-08-11 06:00:00+00:00, run_after=2026-08-11 07:00:00+00:00
[2026-08-11T06:06:00.389+0000] {processor.py:208} INFO - Processing /opt/airflow/dags/weather_dag.py took 0.422 seconds
[2026-08-11T06:06:30.714+0000] {processor.py:186} INFO - Started process (PID=34870) to work on /opt/airflow/dags/weather_dag.py
[2026-08-11T06:06:30.715+0000] {processor.py:914} INFO - Processing file /opt/airflow/dags/weather_dag.py for tasks to queue
[2026-08-11T06:06:30.717+0000] {logging_mixin.py:190} INFO - [2026-08-11T06:06:30.717+0000] {dagbag.py:588} INFO - Filling up the DagBag from /opt/airflow/dags/weather_dag.py
[2026-08-11T06:06:30.960+0000] {processor.py:925} INFO - DAG(s) 'weather_ingestion' retrieved from /opt/airflow/dags/weather_dag.py
[2026-08-11T06:06:30.972+0000] {logging_mixin.py:190} INFO - [2026-08-11T06:06:30.971+0000] {dag.py:3239} INFO - Sync 1 DAGs
[2026-08-11T06:06:30.982+0000] {logging_mixin.py:190} INFO - [2026-08-11T06:06:30.982+0000] {dag.py:4180} INFO - Setting next_dagrun for weather_ingestion to 2026-08-11 06:00:00+00:00, run_after=2026-08-11 07:00:00+00:00
[2026-08-11T06:06:30.989+0000] {processor.py:208} INFO - Processing /opt/airflow/dags/weather_dag.py took 0.282 seconds
[2026-08-11T06:07:01.331+0000] {processor.py:186} INFO - Started process (PID=34877) to work on /opt/airflow/dags/weather_dag.py
[2026-08-11T06:07:01.332+0000] {processor.py:914} INFO - Processing file /opt/airflow/dags/weather_dag.py for tasks to queue
[2026-08-11T06:07:01.334+0000] {logging_mixin.py:190} INFO - [2026-08-11T06:07:01.334+0000] {dagbag.py:588} INFO - Filling up the DagBag from /opt/airflow/dags/weather_dag.py
[2026-08-11T06:07:01.552+0000] {processor.py:925} INFO - DAG(s) 'weather_ingestion' retrieved from /opt/airflow/dags/weather_dag.py
[2026-08-11T06:07:01.564+0000] {logging_mixin.py:190} INFO - [2026-08-11T06:07:01.563+0000] {dag.py:3239} INFO - Sync 1 DAGs
[2026-08-11T06:07:01.573+0000] {logging_mixin.py:190} INFO - [2026-08-11T06:07:01.573+0000] {dag.py:4180} INFO - Setting next_dagrun for weather_ingestion to 2026-08-11 06:00:00+00:00, run_after=2026-08-11 07:00:00+00:00
[2026-08-11T06:07:01.579+0000] {processor.py:208} INFO - Processing /opt/airflow/dags/weather_dag.py took 0.256 seconds
[2026-08-11T06:07:31.703+0000] {processor.py:186} INFO - Started process (PID=34884) to work on /opt/airflow/dags/weather_dag.py
[2026-08-11T06:07:31.705+0000] {processor.py:914} INFO - Processing file /opt/airflow/dags/weather_dag.py for tasks to queue
[2026-08-11T06:07:31.710+0000] {logging_mixin.py:190} INFO - [2026-08-11T06:07:31.709+0000] {dagbag.py:588} INFO - Filling up the DagBag from /opt/airflow/dags/weather_dag.py
[2026-08-11T06:07:31.994+0000] {processor.py:925} INFO - DAG(s) 'weather_ingestion' retrieved from /opt/airflow/dags/weather_dag.py
[2026-08-11T06:07:32.010+0000] {logging_mixin.py:190} INFO - [2026-08-11T06:07:32.009+0000] {dag.py:3239} INFO - Sync 1 DAGs
[2026-08-11T06:07:32.021+0000] {logging_mixin.py:190} INFO - [2026-08-11T06:07:32.021+0000] {dag.py:4180} INFO - Setting next_dagrun for weather_ingestion to 2026-08-11 06:00:00+00:00, run_after=2026-08-11 07:00:00+00:00
[2026-08-11T06:07:32.029+0000] {processor.py:208} INFO - Processing /opt/airflow/dags/weather_dag.py took 0.341 seconds
[2026-08-11T06:08:02.195+0000] {processor.py:186} INFO - Started process (PID=34891) to work on /opt/airflow/dags/weather_dag.py
[2026-08-11T06:08:02.198+0000] {processor.py:914} INFO - Processing file /opt/airflow/dags/weather_dag.py for tasks to queue
[2026-08-11T06:08:02.200+0000] {logging_mixin.py:190} INFO - [2026-08-11T06:08:02.199+0000] {dagbag.py:588} INFO - Filling up the DagBag from /opt/airflow/dags/weather_dag.py
[2026-08-11T06:08:02.420+0000] {processor.py:925} INFO - DAG(s) 'weather_ingestion' retrieved from /opt/airflow/dags/weather_dag.py
[2026-08-11T06:08:02.431+0000] {logging_mixin.py:190} INFO - [2026-08-11T06:08:02.431+0000] {dag.py:3239} INFO - Sync 1 DAGs
[2026-08-11T06:08:02.555+0000] {logging_mixin.py:190} INFO - [2026-08-11T06:08:02.555+0000] {dag.py:4180} INFO - Setting next_dagrun for weather_ingestion to 2026-08-11 06:00:00+00:00, run_after=2026-08-11 07:00:00+00:00
[2026-08-11T06:08:02.563+0000] {processor.py:208} INFO - Processing /opt/airflow/dags/weather_dag.py took 0.374 seconds
[2026-08-11T06:08:32.639+0000] {processor.py:186} INFO - Started process (PID=34898) to work on /opt/airflow/dags/weather_dag.py
[2026-08-11T06:08:32.641+0000] {processor.py:914} INFO - Processing file /opt/airflow/dags/weather_dag.py for tasks to queue
[2026-08-11T06:08:32.644+0000] {logging_mixin.py:190} INFO - [2026-08-11T06:08:32.643+0000] {dagbag.py:588} INFO - Filling up the DagBag from /opt/airflow/dags/weather_dag.py
[2026-08-11T06:08:32.878+0000] {processor.py:925} INFO - DAG(s) 'weather_ingestion' retrieved from /opt/airflow/dags/weather_dag.py
[2026-08-11T06:08:32.889+0000] {logging_mixin.py:190} INFO - [2026-08-11T06:08:32.889+0000] {dag.py:3239} INFO - Sync 1 DAGs
[2026-08-11T06:08:32.981+0000] {logging_mixin.py:190} INFO - [2026-08-11T06:08:32.981+0000] {dag.py:4180} INFO - Setting next_dagrun for weather_ingestion to 2026-08-11 06:00:00+00:00, run_after=2026-08-11 07:00:00+00:00
[2026-08-11T06:08:32.987+0000] {processor.py:208} INFO - Processing /opt/airflow/dags/weather_dag.py took 0.356 seconds
[2026-08-11T06:09:03.099+0000] {processor.py:186} INFO - Started process (PID=34905) to work on /opt/airflow/dags/weather_dag.py
[2026-08-11T06:09:03.100+0000] {processor.py:914} INFO - Processing file /opt/airflow/dags/weather_dag.py for tasks to queue
[2026-08-11T06:09:03.101+0000] {logging_mixin.py:190} INFO - [2026-08-11T06:09:03.101+0000] {dagbag.py:588} INFO - Filling up the DagBag from /opt/airflow/dags/weather_dag.py
[2026-08-11T06:09:03.339+0000] {processor.py:925} INFO - DAG(s) 'weather_ingestion' retrieved from /opt/airflow/dags/weather_dag.py
[2026-08-11T06:09:03.350+0000] {logging_mixin.py:190} INFO - [2026-08-11T06:09:03.350+0000] {dag.py:3239} INFO - Sync 1 DAGs
[2026-08-11T06:09:03.437+0000] {logging_mixin.py:190} INFO - [2026-08-11T06:09:03.437+0000] {dag.py:4180} INFO - Setting next_dagrun for weather_ingestion to 2026-08-11 06:00:00+00:00, run_after=2026-08-11 07:00:00+00:00
[2026-08-11T06:09:03.442+0000] {processor.py:208} INFO - Processing /opt/airflow/dags/weather_dag.py took 0.347 seconds
[2026-08-11T06:09:33.596+0000] {processor.py:186} INFO - Started process (PID=34912) to work on /opt/airflow/dags/weather_dag.py
[2026-08-11T06:09:33.598+0000] {processor.py:914} INFO - Processing file /opt/airflow/dags/weather_dag.py for tasks to queue
[2026-08-11T06:09:33.601+0000] {logging_mixin.py:190} INFO - [2026-08-11T06:09:33.600+0000] {dagbag.py:588} INFO - Filling up the DagBag from /opt/airflow/dags/weather_dag.py
[2026-08-11T06:09:33.824+0000] {processor.py:925} INFO - DAG(s) 'weather_ingestion' retrieved from /opt/airflow/dags/weather_dag.py
[2026-08-11T06:09:33.835+0000] {logging_mixin.py:190} INFO - [2026-08-11T06:09:33.835+0000] {dag.py:3239} INFO - Sync 1 DAGs
[2026-08-11T06:09:33.844+0000] {logging_mixin.py:190} INFO - [2026-08-11T06:09:33.844+0000] {dag.py:4180} INFO - Setting next_dagrun for weather_ingestion to 2026-08-11 06:00:00+00:00, run_after=2026-08-11 07:00:00+00:00
[2026-08-11T06:09:33.850+0000] {processor.py:208} INFO - Processing /opt/airflow/dags/weather_dag.py took 0.262 seconds
[2026-08-11T06:10:04.107+0000] {processor.py:186} INFO - Started process (PID=34919) to work on /opt/airflow/dags/weather_dag.py
[2026-08-11T06:10:04.110+0000] {processor.py:914} INFO - Processing file /opt/airflow/dags/weather_dag.py for tasks to queue
[2026-08-11T06:10:04.115+0000] {logging_mixin.py:190} INFO - [2026-08-11T06:10:04.114+0000] {dagbag.py:588} INFO - Filling up the DagBag from /opt/airflow/dags/weather_dag.py
[2026-08-11T06:10:04.378+0000] {processor.py:925} INFO - DAG(s) 'weather_ingestion' retrieved from /opt/airflow/dags/weather_dag.py
[2026-08-11T06:10:04.393+0000] {logging_mixin.py:190} INFO - [2026-08-11T06:10:04.393+0000] {dag.py:3239} INFO - Sync 1 DAGs
[2026-08-11T06:10:04.405+0000] {logging_mixin.py:190} INFO - [2026-08-11T06:10:04.405+0000] {dag.py:4180} INFO - Setting next_dagrun for weather_ingestion to 2026-08-11 06:00:00+00:00, run_after=2026-08-11 07:00:00+00:00
[2026-08-11T06:10:04.414+0000] {processor.py:208} INFO - Processing /opt/airflow/dags/weather_dag.py took 0.317 seconds
[2026-08-11T06:10:34.717+0000] {processor.py:186} INFO - Started process (PID=34926) to work on /opt/airflow/dags/weather_dag.py
[2026-08-11T06:10:34.718+0000] {processor.py:914} INFO - Processing file /opt/airflow/dags/weather_dag.py for tasks to queue
[2026-08-11T06:10:34.720+0000] {logging_mixin.py:190} INFO - [2026-08-11T06:10:34.720+0000] {dagbag.py:588} INFO - Filling up the DagBag from /opt/airflow/dags/weather_dag.py
[2026-08-11T06:10:34.933+0000] {processor.py:925} INFO - DAG(s) 'weather_ingestion' retrieved from /opt/airflow/dags/weather_dag.py
[2026-08-11T06:10:34.945+0000] {logging_mixin.py:190} INFO - [2026-08-11T06:10:34.945+0000] {dag.py:3239} INFO - Sync 1 DAGs
[2026-08-11T06:10:34.956+0000] {logging_mixin.py:190} INFO - [2026-08-11T06:10:34.956+0000] {dag.py:4180} INFO - Setting next_dagrun for weather_ingestion to 2026-08-11 06:00:00+00:00, run_after=2026-08-11 07:00:00+00:00
[2026-08-11T06:10:35.124+0000] {processor.py:208} INFO - Processing /opt/airflow/dags/weather_dag.py took 0.416 seconds
[2026-08-11T06:11:05.432+0000] {processor.py:186} INFO - Started process (PID=34933) to work on /opt/airflow/dags/weather_dag.py
[2026-08-11T06:11:05.435+0000] {processor.py:914} INFO - Processing file /opt/airflow/dags/weather_dag.py for tasks to queue
[2026-08-11T06:11:05.437+0000] {logging_mixin.py:190} INFO - [2026-08-11T06:11:05.436+0000] {dagbag.py:588} INFO - Filling up the DagBag from /opt/airflow/dags/weather_dag.py
[2026-08-11T06:11:05.647+0000] {processor.py:925} INFO - DAG(s) 'weather_ingestion' retrieved from /opt/airflow/dags/weather_dag.py
[2026-08-11T06:11:05.658+0000] {logging_mixin.py:190} INFO - [2026-08-11T06:11:05.658+0000] {dag.py:3239} INFO - Sync 1 DAGs
[2026-08-11T06:11:05.739+0000] {logging_mixin.py:190} INFO - [2026-08-11T06:11:05.739+0000] {dag.py:4180} INFO - Setting next_dagrun for weather_ingestion to 2026-08-11 06:00:00+00:00, run_after=2026-08-11 07:00:00+00:00
[2026-08-11T06:11:05.746+0000] {processor.py:208} INFO - Processing /opt/airflow/dags/weather_dag.py took 0.322 seconds
[2026-08-11T06:11:35.856+0000] {processor.py:186} INFO - Started process (PID=34940) to work on /opt/airflow/dags/weather_dag.py
[2026-08-11T06:11:35.858+0000] {processor.py:914} INFO - Processing file /opt/airflow/dags/weather_dag.py for tasks to queue
[2026-08-11T06:11:35.861+0000] {logging_mixin.py:190} INFO - [2026-08-11T06:11:35.861+0000] {dagbag.py:588} INFO - Filling up the DagBag from /opt/airflow/dags/weather_dag.py
[2026-08-11T06:11:36.101+0000] {processor.py:925} INFO - DAG(s) 'weather_ingestion' retrieved from /opt/airflow/dags/weather_dag.py
[2026-08-11T06:11:36.113+0000] {logging_mixin.py:190} INFO - [2026-08-11T06:11:36.113+0000] {dag.py:3239} INFO - Sync 1 DAGs
[2026-08-11T06:11:36.196+0000] {logging_mixin.py:190} INFO - [2026-08-11T06:11:36.196+0000] {dag.py:4180} INFO - Setting next_dagrun for weather_ingestion to 2026-08-11 06:00:00+00:00, run_after=2026-08-11 07:00:00+00:00
[2026-08-11T06:11:36.203+0000] {processor.py:208} INFO - Processing /opt/airflow/dags/weather_dag.py took 0.359 seconds
[2026-08-11T06:12:06.469+0000] {processor.py:186} INFO - Started process (PID=34947) to work on /opt/airflow/dags/weather_dag.py
[2026-08-11T06:12:06.470+0000] {processor.py:914} INFO - Processing file /opt/airflow/dags/weather_dag.py for tasks to queue
[2026-08-11T06:12:06.473+0000] {logging_mixin.py:190} INFO - [2026-08-11T06:12:06.472+0000] {dagbag.py:588} INFO - Filling up the DagBag from /opt/airflow/dags/weather_dag.py
[2026-08-11T06:12:06.725+0000] {processor.py:925} INFO - DAG(s) 'weather_ingestion' retrieved from /opt/airflow/dags/weather_dag.py
[2026-08-11T06:12:06.830+0000] {logging_mixin.py:190} INFO - [2026-08-11T06:12:06.830+0000] {dag.py:3239} INFO - Sync 1 DAGs
[2026-08-11T06:12:06.838+0000] {logging_mixin.py:190} INFO - [2026-08-11T06:12:06.838+0000] {dag.py:4180} INFO - Setting next_dagrun for weather_ingestion to 2026-08-11 06:00:00+00:00, run_after=2026-08-11 07:00:00+00:00
[2026-08-11T06:12:06.844+0000] {processor.py:208} INFO - Processing /opt/airflow/dags/weather_dag.py took 0.385 seconds
[2026-08-11T06:12:37.231+0000] {processor.py:186} INFO - Started process (PID=34954) to work on /opt/airflow/dags/weather_dag.py
[2026-08-11T06:12:37.233+0000] {processor.py:914} INFO - Processing file /opt/airflow/dags/weather_dag.py for tasks to queue
[2026-08-11T06:12:37.236+0000] {logging_mixin.py:190} INFO - [2026-08-11T06:12:37.236+0000] {dagbag.py:588} INFO - Filling up the DagBag from /opt/airflow/dags/weather_dag.py
[2026-08-11T06:12:37.452+0000] {processor.py:925} INFO - DAG(s) 'weather_ingestion' retrieved from /opt/airflow/dags/weather_dag.py
[2026-08-11T06:12:37.464+0000] {logging_mixin.py:190} INFO - [2026-08-11T06:12:37.464+0000] {dag.py:3239} INFO - Sync 1 DAGs
[2026-08-11T06:12:37.474+0000] {logging_mixin.py:190} INFO - [2026-08-11T06:12:37.474+0000] {dag.py:4180} INFO - Setting next_dagrun for weather_ingestion to 2026-08-11 06:00:00+00:00, run_after=2026-08-11 07:00:00+00:00
[2026-08-11T06:12:37.481+0000] {processor.py:208} INFO - Processing /opt/airflow/dags/weather_dag.py took 0.258 seconds
[2026-08-11T06:13:07.562+0000] {processor.py:186} INFO - Started process (PID=34961) to work on /opt/airflow/dags/weather_dag.py
[2026-08-11T06:13:07.565+0000] {processor.py:914} INFO - Processing file /opt/airflow/dags/weather_dag.py for tasks to queue
[2026-08-11T06:13:07.567+0000] {logging_mixin.py:190} INFO - [2026-08-11T06:13:07.566+0000] {dagbag.py:588} INFO - Filling up the DagBag from /opt/airflow/dags/weather_dag.py
[2026-08-11T06:13:07.787+0000] {processor.py:925} INFO - DAG(s) 'weather_ingestion' retrieved from /opt/airflow/dags/weather_dag.py
[2026-08-11T06:13:07.798+0000] {logging_mixin.py:190} INFO - [2026-08-11T06:13:07.798+0000] {dag.py:3239} INFO - Sync 1 DAGs
[2026-08-11T06:13:07.807+0000] {logging_mixin.py:190} INFO - [2026-08-11T06:13:07.807+0000] {dag.py:4180} INFO - Setting next_dagrun for weather_ingestion to 2026-08-11 06:00:00+00:00, run_after=2026-08-11 07:00:00+00:00
[2026-08-11T06:13:07.813+0000] {processor.py:208} INFO - Processing /opt/airflow/dags/weather_dag.py took 0.258 seconds
[2026-08-11T06:13:38.118+0000] {processor.py:186} INFO - Started process (PID=34968) to work on /opt/airflow/dags/weather_dag.py
[2026-08-11T06:13:38.120+0000] {processor.py:914} INFO - Processing file /opt/airflow/dags/weather_dag.py for tasks to queue
[2026-08-11T06:13:38.122+0000] {logging_mixin.py:190} INFO - [2026-08-11T06:13:38.122+0000] {dagbag.py:588} INFO - Filling up the DagBag from /opt/airflow/dags/weather_dag.py
[2026-08-11T06:13:38.361+0000] {processor.py:925} INFO - DAG(s) 'weather_ingestion' retrieved from /opt/airflow/dags/weather_dag.py
[2026-08-11T06:13:38.372+0000] {logging_mixin.py:190} INFO - [2026-08-11T06:13:38.372+0000] {dag.py:3239} INFO - Sync 1 DAGs
[2026-08-11T06:13:38.382+0000] {logging_mixin.py:190} INFO - [2026-08-11T06:13:38.382+0000] {dag.py:4180} INFO - Setting next_dagrun for weather_ingestion to 2026-08-11 06:00:00+00:00, run_after=2026-08-11 07:00:00+00:00
[2026-08-11T06:13:38.503+0000] {processor.py:208} INFO - Processing /opt/airflow/dags/weather_dag.py took 0.391 seconds
[2026-08-11T06:14:08.846+0000] {processor.py:186} INFO - Started process (PID=34975) to work on /opt/airflow/dags/weather_dag.py
[2026-08-11T06:14:08.847+0000] {processor.py:914} INFO - Processing file /opt/airflow/dags/weather_dag.py for tasks to queue
[2026-08-11T06:14:08.850+0000] {logging_mixin.py:190} INFO - [2026-08-11T06:14:08.850+0000] {dagbag.py:588} INFO - Filling up the DagBag from /opt/airflow/dags/weather_dag.py
[2026-08-11T06:14:09.081+0000] {processor.py:925} INFO - DAG(s) 'weather_ingestion' retrieved from /opt/airflow/dags/weather_dag.py
[2026-08-11T06:14:09.092+0000] {logging_mixin.py:190} INFO - [2026-08-11T06:14:09.092+0000] {dag.py:3239} INFO - Sync 1 DAGs
[2026-08-11T06:14:09.175+0000] {logging_mixin.py:190} INFO - [2026-08-11T06:14:09.175+0000] {dag.py:4180} INFO - Setting next_dagrun for weather_ingestion to 2026-08-11 06:00:00+00:00, run_after=2026-08-11 07:00:00+00:00
[2026-08-11T06:14:09.182+0000] {processor.py:208} INFO - Processing /opt/airflow/dags/weather_dag.py took 0.343 seconds
[2026-08-11T06:14:39.541+0000] {processor.py:186} INFO - Started process (PID=34982) to work on /opt/airflow/dags/weather_dag.py
[2026-08-11T06:14:39.544+0000] {processor.py:914} INFO - Processing file /opt/airflow/dags/weather_dag.py for tasks to queue
[2026-08-11T06:14:39.549+0000] {logging_mixin.py:190} INFO - [2026-08-11T06:14:39.548+0000] {dagbag.py:588} INFO - Filling up the DagBag from /opt/airflow/dags/weather_dag.py
[2026-08-11T06:14:39.848+0000] {processor.py:925} INFO - DAG(s) 'weather_ingestion' retrieved from /opt/airflow/dags/weather_dag.py
[2026-08-11T06:14:39.864+0000] {logging_mixin.py:190} INFO - [2026-08-11T06:14:39.863+0000] {dag.py:3239} INFO - Sync 1 DAGs
[2026-08-11T06:14:39.958+0000] {logging_mixin.py:190} INFO - [2026-08-11T06:14:39.958+0000] {dag.py:4180} INFO - Setting next_dagrun for weather_ingestion to 2026-08-11 06:00:00+00:00, run_after=2026-08-11 07:00:00+00:00
[2026-08-11T06:14:39.965+0000] {processor.py:208} INFO - Processing /opt/airflow/dags/weather_dag.py took 0.437 seconds
[2026-08-11T06:15:10.268+0000] {processor.py:186} INFO - Started process (PID=34989) to work on /opt/airflow/dags/weather_dag.py
[2026-08-11T06:15:10.270+0000] {processor.py:914} INFO - Processing file /opt/airflow/dags/weather_dag.py for tasks to queue
[2026-08-11T06:15:10.272+0000] {logging_mixin.py:190} INFO - [2026-08-11T06:15:10.272+0000] {dagbag.py:588} INFO - Filling up the DagBag from /opt/airflow/dags/weather_dag.py
[2026-08-11T06:15:10.515+0000] {processor.py:925} INFO - DAG(s) 'weather_ingestion' retrieved from /opt/airflow/dags/weather_dag.py
[2026-08-11T06:15:10.527+0000] {logging_mixin.py:190} INFO - [2026-08-11T06:15:10.527+0000] {dag.py:3239} INFO - Sync 1 DAGs
[2026-08-11T06:15:10.537+0000] {logging_mixin.py:190} INFO - [2026-08-11T06:15:10.537+0000] {dag.py:4180} INFO - Setting next_dagrun for weather_ingestion to 2026-08-11 06:00:00+00:00, run_after=2026-08-11 07:00:00+00:00
[2026-08-11T06:15:10.545+0000] {processor.py:208} INFO - Processing /opt/airflow/dags/weather_dag.py took 0.285 seconds
[2026-08-11T06:15:40.620+0000] {processor.py:186} INFO - Started process (PID=34996) to work on /opt/airflow/dags/weather_dag.py
[2026-08-11T06:15:40.623+0000] {processor.py:914} INFO - Processing file /opt/airflow/dags/weather_dag.py for tasks to queue
[2026-08-11T06:15:40.626+0000] {logging_mixin.py:190} INFO - [2026-08-11T06:15:40.626+0000] {dagbag.py:588} INFO - Filling up the DagBag from /opt/airflow/dags/weather_dag.py
[2026-08-11T06:15:40.863+0000] {processor.py:925} INFO - DAG(s) 'weather_ingestion' retrieved from /opt/airflow/dags/weather_dag.py
[2026-08-11T06:15:40.875+0000] {logging_mixin.py:190} INFO - [2026-08-11T06:15:40.874+0000] {dag.py:3239} INFO - Sync 1 DAGs
[2026-08-11T06:15:40.884+0000] {logging_mixin.py:190} INFO - [2026-08-11T06:15:40.884+0000] {dag.py:4180} INFO - Setting next_dagrun for weather_ingestion to 2026-08-11 06:00:00+00:00, run_after=2026-08-11 07:00:00+00:00
[2026-08-11T06:15:40.890+0000] {processor.py:208} INFO - Processing /opt/airflow/dags/weather_dag.py took 0.278 seconds
[2026-08-11T06:16:10.952+0000] {processor.py:186} INFO - Started process (PID=35003) to work on /opt/airflow/dags/weather_dag.py
[2026-08-11T06:16:10.954+0000] {processor.py:914} INFO - Processing file /opt/airflow/dags/weather_dag.py for tasks to queue
[2026-08-11T06:16:10.956+0000] {logging_mixin.py:190} INFO - [2026-08-11T06:16:10.956+0000] {dagbag.py:588} INFO - Filling up the DagBag from /opt/airflow/dags/weather_dag.py
[2026-08-11T06:16:11.182+0000] {processor.py:925} INFO - DAG(s) 'weather_ingestion' retrieved from /opt/airflow/dags/weather_dag.py
[2026-08-11T06:16:11.193+0000] {logging_mixin.py:190} INFO - [2026-08-11T06:16:11.193+0000] {dag.py:3239} INFO - Sync 1 DAGs
[2026-08-11T06:16:11.203+0000] {logging_mixin.py:190} INFO - [2026-08-11T06:16:11.203+0000] {dag.py:4180} INFO - Setting next_dagrun for weather_ingestion to 2026-08-11 06:00:00+00:00, run_after=2026-08-11 07:00:00+00:00
[2026-08-11T06:16:11.210+0000] {processor.py:208} INFO - Processing /opt/airflow/dags/weather_dag.py took 0.266 seconds
[2026-08-11T06:16:41.609+0000] {processor.py:186} INFO - Started process (PID=35010) to work on /opt/airflow/dags/weather_dag.py
[2026-08-11T06:16:41.611+0000] {processor.py:914} INFO - Processing file /opt/airflow/dags/weather_dag.py for tasks to queue
[2026-08-11T06:16:41.615+0000] {logging_mixin.py:190} INFO - [2026-08-11T06:16:41.614+0000] {dagbag.py:588} INFO - Filling up the DagBag from /opt/airflow/dags/weather_dag.py
[2026-08-11T06:16:41.891+0000] {processor.py:925} INFO - DAG(s) 'weather_ingestion' retrieved from /opt/airflow/dags/weather_dag.py
[2026-08-11T06:16:41.908+0000] {logging_mixin.py:190} INFO - [2026-08-11T06:16:41.908+0000] {dag.py:3239} INFO - Sync 1 DAGs
[2026-08-11T06:16:42.077+0000] {logging_mixin.py:190} INFO - [2026-08-11T06:16:42.076+0000] {dag.py:4180} INFO - Setting next_dagrun for weather_ingestion to 2026-08-11 06:00:00+00:00, run_after=2026-08-11 07:00:00+00:00
[2026-08-11T06:16:42.085+0000] {processor.py:208} INFO - Processing /opt/airflow/dags/weather_dag.py took 0.486 seconds
[2026-08-11T06:17:12.506+0000] {processor.py:186} INFO - Started process (PID=35017) to work on /opt/airflow/dags/weather_dag.py
[2026-08-11T06:17:12.509+0000] {processor.py:914} INFO - Processing file /opt/airflow/dags/weather_dag.py for tasks to queue
[2026-08-11T06:17:12.517+0000] {logging_mixin.py:190} INFO - [2026-08-11T06:17:12.516+0000] {dagbag.py:588} INFO - Filling up the DagBag from /opt/airflow/dags/weather_dag.py
[2026-08-11T06:17:13.553+0000] {processor.py:925} INFO - DAG(s) 'weather_ingestion' retrieved from /opt/airflow/dags/weather_dag.py
[2026-08-11T06:17:13.593+0000] {logging_mixin.py:190} INFO - [2026-08-11T06:17:13.592+0000] {dag.py:3239} INFO - Sync 1 DAGs
[2026-08-11T06:17:14.078+0000] {logging_mixin.py:190} INFO - [2026-08-11T06:17:14.078+0000] {dag.py:4180} INFO - Setting next_dagrun for weather_ingestion to 2026-08-11 06:00:00+00:00, run_after=2026-08-11 07:00:00+00:00
[2026-08-11T06:17:14.111+0000] {processor.py:208} INFO - Processing /opt/airflow/dags/weather_dag.py took 1.641 seconds
[2026-08-11T06:17:44.362+0000] {processor.py:186} INFO - Started process (PID=35024) to work on /opt/airflow/dags/weather_dag.py
[2026-08-11T06:17:44.365+0000] {processor.py:914} INFO - Processing file /opt/airflow/dags/weather_dag.py for tasks to queue
[2026-08-11T06:17:44.379+0000] {logging_mixin.py:190} INFO - [2026-08-11T06:17:44.377+0000] {dagbag.py:588} INFO - Filling up the DagBag from /opt/airflow/dags/weather_dag.py
[2026-08-11T06:17:44.785+0000] {processor.py:925} INFO - DAG(s) 'weather_ingestion' retrieved from /opt/airflow/dags/weather_dag.py
[2026-08-11T06:17:44.804+0000] {logging_mixin.py:190} INFO - [2026-08-11T06:17:44.803+0000] {dag.py:3239} INFO - Sync 1 DAGs
[2026-08-11T06:17:45.023+0000] {logging_mixin.py:190} INFO - [2026-08-11T06:17:45.023+0000] {dag.py:4180} INFO - Setting next_dagrun for weather_ingestion to 2026-08-11 06:00:00+00:00, run_after=2026-08-11 07:00:00+00:00
[2026-08-11T06:17:45.030+0000] {processor.py:208} INFO - Processing /opt/airflow/dags/weather_dag.py took 0.681 seconds
[2026-08-11T06:18:15.424+0000] {processor.py:186} INFO - Started process (PID=35031) to work on /opt/airflow/dags/weather_dag.py
[2026-08-11T06:18:15.426+0000] {processor.py:914} INFO - Processing file /opt/airflow/dags/weather_dag.py for tasks to queue
[2026-08-11T06:18:15.429+0000] {logging_mixin.py:190} INFO - [2026-08-11T06:18:15.428+0000] {dagbag.py:588} INFO - Filling up the DagBag from /opt/airflow/dags/weather_dag.py
[2026-08-11T06:18:15.649+0000] {processor.py:925} INFO - DAG(s) 'weather_ingestion' retrieved from /opt/airflow/dags/weather_dag.py
[2026-08-11T06:18:15.661+0000] {logging_mixin.py:190} INFO - [2026-08-11T06:18:15.660+0000] {dag.py:3239} INFO - Sync 1 DAGs
[2026-08-11T06:18:15.671+0000] {logging_mixin.py:190} INFO - [2026-08-11T06:18:15.671+0000] {dag.py:4180} INFO - Setting next_dagrun for weather_ingestion to 2026-08-11 06:00:00+00:00, run_after=2026-08-11 07:00:00+00:00
[2026-08-11T06:18:15.678+0000] {processor.py:208} INFO - Processing /opt/airflow/dags/weather_dag.py took 0.271 seconds
[2026-08-11T06:18:46.056+0000] {processor.py:186} INFO - Started process (PID=35038) to work on /opt/airflow/dags/weather_dag.py
[2026-08-11T06:18:46.060+0000] {processor.py:914} INFO - Processing file /opt/airflow/dags/weather_dag.py for tasks to queue
[2026-08-11T06:18:46.074+0000] {logging_mixin.py:190} INFO - [2026-08-11T06:18:46.069+0000] {dagbag.py:588} INFO - Filling up the DagBag from /opt/airflow/dags/weather_dag.py
[2026-08-11T06:18:46.446+0000] {processor.py:925} INFO - DAG(s) 'weather_ingestion' retrieved from /opt/airflow/dags/weather_dag.py
[2026-08-11T06:18:46.469+0000] {logging_mixin.py:190} INFO - [2026-08-11T06:18:46.468+0000] {dag.py:3239} INFO - Sync 1 DAGs
[2026-08-11T06:18:46.483+0000] {logging_mixin.py:190} INFO - [2026-08-11T06:18:46.483+0000] {dag.py:4180} INFO - Setting next_dagrun for weather_ingestion to 2026-08-11 06:00:00+00:00, run_after=2026-08-11 07:00:00+00:00
[2026-08-11T06:18:46.491+0000] {processor.py:208} INFO - Processing /opt/airflow/dags/weather_dag.py took 0.454 seconds
[2026-08-11T06:19:16.813+0000] {processor.py:186} INFO - Started process (PID=35045) to work on /opt/airflow/dags/weather_dag.py
[2026-08-11T06:19:16.816+0000] {processor.py:914} INFO - Processing file /opt/airflow/dags/weather_dag.py for tasks to queue
[2026-08-11T06:19:16.819+0000] {logging_mixin.py:190} INFO - [2026-08-11T06:19:16.819+0000] {dagbag.py:588} INFO - Filling up the DagBag from /opt/airflow/dags/weather_dag.py
[2026-08-11T06:19:17.060+0000] {processor.py:925} INFO - DAG(s) 'weather_ingestion' retrieved from /opt/airflow/dags/weather_dag.py
[2026-08-11T06:19:17.074+0000] {logging_mixin.py:190} INFO - [2026-08-11T06:19:17.073+0000] {dag.py:3239} INFO - Sync 1 DAGs
[2026-08-11T06:19:17.085+0000] {logging_mixin.py:190} INFO - [2026-08-11T06:19:17.085+0000] {dag.py:4180} INFO - Setting next_dagrun for weather_ingestion to 2026-08-11 06:00:00+00:00, run_after=2026-08-11 07:00:00+00:00
[2026-08-11T06:19:17.262+0000] {processor.py:208} INFO - Processing /opt/airflow/dags/weather_dag.py took 0.460 seconds
[2026-08-11T06:19:47.568+0000] {processor.py:186} INFO - Started process (PID=35052) to work on /opt/airflow/dags/weather_dag.py
[2026-08-11T06:19:47.569+0000] {processor.py:914} INFO - Processing file /opt/airflow/dags/weather_dag.py for tasks to queue
[2026-08-11T06:19:47.572+0000] {logging_mixin.py:190} INFO - [2026-08-11T06:19:47.571+0000] {dagbag.py:588} INFO - Filling up the DagBag from /opt/airflow/dags/weather_dag.py
[2026-08-11T06:19:47.953+0000] {processor.py:925} INFO - DAG(s) 'weather_ingestion' retrieved from /opt/airflow/dags/weather_dag.py
[2026-08-11T06:19:47.997+0000] {logging_mixin.py:190} INFO - [2026-08-11T06:19:47.996+0000] {dag.py:3239} INFO - Sync 1 DAGs
[2026-08-11T06:19:48.143+0000] {logging_mixin.py:190} INFO - [2026-08-11T06:19:48.143+0000] {dag.py:4180} INFO - Setting next_dagrun for weather_ingestion to 2026-08-11 06:00:00+00:00, run_after=2026-08-11 07:00:00+00:00
[2026-08-11T06:19:48.151+0000] {processor.py:208} INFO - Processing /opt/airflow/dags/weather_dag.py took 0.594 seconds
[2026-08-11T06:20:18.470+0000] {processor.py:186} INFO - Started process (PID=35059) to work on /opt/airflow/dags/weather_dag.py
[2026-08-11T06:20:18.472+0000] {processor.py:914} INFO - Processing file /opt/airflow/dags/weather_dag.py for tasks to queue
[2026-08-11T06:20:18.475+0000] {logging_mixin.py:190} INFO - [2026-08-11T06:20:18.474+0000] {dagbag.py:588} INFO - Filling up the DagBag from /opt/airflow/dags/weather_dag.py
[2026-08-11T06:20:18.690+0000] {processor.py:925} INFO - DAG(s) 'weather_ingestion' retrieved from /opt/airflow/dags/weather_dag.py
[2026-08-11T06:20:18.702+0000] {logging_mixin.py:190} INFO - [2026-08-11T06:20:18.702+0000] {dag.py:3239} INFO - Sync 1 DAGs
[2026-08-11T06:20:18.789+0000] {logging_mixin.py:190} INFO - [2026-08-11T06:20:18.789+0000] {dag.py:4180} INFO - Setting next_dagrun for weather_ingestion to 2026-08-11 06:00:00+00:00, run_after=2026-08-11 07:00:00+00:00
[2026-08-11T06:20:18.797+0000] {processor.py:208} INFO - Processing /opt/airflow/dags/weather_dag.py took 0.333 seconds
[2026-08-11T06:20:48.852+0000] {processor.py:186} INFO - Started process (PID=35066) to work on /opt/airflow/dags/weather_dag.py
[2026-08-11T06:20:48.862+0000] {processor.py:914} INFO - Processing file /opt/airflow/dags/weather_dag.py for tasks to queue
[2026-08-11T06:20:48.877+0000] {logging_mixin.py:190} INFO - [2026-08-11T06:20:48.876+0000] {dagbag.py:588} INFO - Filling up the DagBag from /opt/airflow/dags/weather_dag.py
[2026-08-11T06:20:49.163+0000] {processor.py:925} INFO - DAG(s) 'weather_ingestion' retrieved from /opt/airflow/dags/weather_dag.py
[2026-08-11T06:20:49.275+0000] {logging_mixin.py:190} INFO - [2026-08-11T06:20:49.274+0000] {dag.py:3239} INFO - Sync 1 DAGs
[2026-08-11T06:20:49.287+0000] {logging_mixin.py:190} INFO - [2026-08-11T06:20:49.287+0000] {dag.py:4180} INFO - Setting next_dagrun for weather_ingestion to 2026-08-11 06:00:00+00:00, run_after=2026-08-11 07:00:00+00:00
[2026-08-11T06:20:49.297+0000] {processor.py:208} INFO - Processing /opt/airflow/dags/weather_dag.py took 0.462 seconds
[2026-08-11T06:21:19.408+0000] {processor.py:186} INFO - Started process (PID=35073) to work on /opt/airflow/dags/weather_dag.py
[2026-08-11T06:21:19.409+0000] {processor.py:914} INFO - Processing file /opt/airflow/dags/weather_dag.py for tasks to queue
[2026-08-11T06:21:19.412+0000] {logging_mixin.py:190} INFO - [2026-08-11T06:21:19.412+0000] {dagbag.py:588} INFO - Filling up the DagBag from /opt/airflow/dags/weather_dag.py
[2026-08-11T06:21:19.652+0000] {processor.py:925} INFO - DAG(s) 'weather_ingestion' retrieved from /opt/airflow/dags/weather_dag.py
[2026-08-11T06:21:19.666+0000] {logging_mixin.py:190} INFO - [2026-08-11T06:21:19.666+0000] {dag.py:3239} INFO - Sync 1 DAGs
[2026-08-11T06:21:19.677+0000] {logging_mixin.py:190} INFO - [2026-08-11T06:21:19.677+0000] {dag.py:4180} INFO - Setting next_dagrun for weather_ingestion to 2026-08-11 06:00:00+00:00, run_after=2026-08-11 07:00:00+00:00
[2026-08-11T06:21:19.685+0000] {processor.py:208} INFO - Processing /opt/airflow/dags/weather_dag.py took 0.282 seconds
[2026-08-11T06:21:49.949+0000] {processor.py:186} INFO - Started process (PID=35080) to work on /opt/airflow/dags/weather_dag.py
[2026-08-11T06:21:49.952+0000] {processor.py:914} INFO - Processing file /opt/airflow/dags/weather_dag.py for tasks to queue
[2026-08-11T06:21:49.960+0000] {logging_mixin.py:190} INFO - [2026-08-11T06:21:49.959+0000] {dagbag.py:588} INFO - Filling up the DagBag from /opt/airflow/dags/weather_dag.py
[2026-08-11T06:21:50.271+0000] {processor.py:925} INFO - DAG(s) 'weather_ingestion' retrieved from /opt/airflow/dags/weather_dag.py
[2026-08-11T06:21:50.290+0000] {logging_mixin.py:190} INFO - [2026-08-11T06:21:50.289+0000] {dag.py:3239} INFO - Sync 1 DAGs
[2026-08-11T06:21:50.303+0000] {logging_mixin.py:190} INFO - [2026-08-11T06:21:50.303+0000] {dag.py:4180} INFO - Setting next_dagrun for weather_ingestion to 2026-08-11 06:00:00+00:00, run_after=2026-08-11 07:00:00+00:00
[2026-08-11T06:21:50.314+0000] {processor.py:208} INFO - Processing /opt/airflow/dags/weather_dag.py took 0.382 seconds
[2026-08-11T06:22:20.632+0000] {processor.py:186} INFO - Started process (PID=35087) to work on /opt/airflow/dags/weather_dag.py
[2026-08-11T06:22:20.633+0000] {processor.py:914} INFO - Processing file /opt/airflow/dags/weather_dag.py for tasks to queue
[2026-08-11T06:22:20.635+0000] {logging_mixin.py:190} INFO - [2026-08-11T06:22:20.635+0000] {dagbag.py:588} INFO - Filling up the DagBag from /opt/airflow/dags/weather_dag.py
[2026-08-11T06:22:20.845+0000] {processor.py:925} INFO - DAG(s) 'weather_ingestion' retrieved from /opt/airflow/dags/weather_dag.py
[2026-08-11T06:22:20.855+0000] {logging_mixin.py:190} INFO - [2026-08-11T06:22:20.855+0000] {dag.py:3239} INFO - Sync 1 DAGs
[2026-08-11T06:22:21.026+0000] {logging_mixin.py:190} INFO - [2026-08-11T06:22:21.026+0000] {dag.py:4180} INFO - Setting next_dagrun for weather_ingestion to 2026-08-11 06:00:00+00:00, run_after=2026-08-11 07:00:00+00:00
[2026-08-11T06:22:21.033+0000] {processor.py:208} INFO - Processing /opt/airflow/dags/weather_dag.py took 0.410 seconds
[2026-08-11T06:22:51.418+0000] {processor.py:186} INFO - Started process (PID=35094) to work on /opt/airflow/dags/weather_dag.py
[2026-08-11T06:22:51.422+0000] {processor.py:914} INFO - Processing file /opt/airflow/dags/weather_dag.py for tasks to queue
[2026-08-11T06:22:51.424+0000] {logging_mixin.py:190} INFO - [2026-08-11T06:22:51.424+0000] {dagbag.py:588} INFO - Filling up the DagBag from /opt/airflow/dags/weather_dag.py
[2026-08-11T06:22:51.641+0000] {processor.py:925} INFO - DAG(s) 'weather_ingestion' retrieved from /opt/airflow/dags/weather_dag.py
[2026-08-11T06:22:51.652+0000] {logging_mixin.py:190} INFO - [2026-08-11T06:22:51.652+0000] {dag.py:3239} INFO - Sync 1 DAGs
[2026-08-11T06:22:51.737+0000] {logging_mixin.py:190} INFO - [2026-08-11T06:22:51.737+0000] {dag.py:4180} INFO - Setting next_dagrun for weather_ingestion to 2026-08-11 06:00:00+00:00, run_after=2026-08-11 07:00:00+00:00
[2026-08-11T06:22:51.744+0000] {processor.py:208} INFO - Processing /opt/airflow/dags/weather_dag.py took 0.332 seconds
[2026-08-11T06:23:22.072+0000] {processor.py:186} INFO - Started process (PID=35101) to work on /opt/airflow/dags/weather_dag.py
[2026-08-11T06:23:22.075+0000] {processor.py:914} INFO - Processing file /opt/airflow/dags/weather_dag.py for tasks to queue
[2026-08-11T06:23:22.077+0000] {logging_mixin.py:190} INFO - [2026-08-11T06:23:22.077+0000] {dagbag.py:588} INFO - Filling up the DagBag from /opt/airflow/dags/weather_dag.py
[2026-08-11T06:23:22.290+0000] {processor.py:925} INFO - DAG(s) 'weather_ingestion' retrieved from /opt/airflow/dags/weather_dag.py
[2026-08-11T06:23:22.302+0000] {logging_mixin.py:190} INFO - [2026-08-11T06:23:22.302+0000] {dag.py:3239} INFO - Sync 1 DAGs
[2026-08-11T06:23:22.388+0000] {logging_mixin.py:190} INFO - [2026-08-11T06:23:22.388+0000] {dag.py:4180} INFO - Setting next_dagrun for weather_ingestion to 2026-08-11 06:00:00+00:00, run_after=2026-08-11 07:00:00+00:00
[2026-08-11T06:23:22.395+0000] {processor.py:208} INFO - Processing /opt/airflow/dags/weather_dag.py took 0.331 seconds
[2026-08-11T06:23:52.722+0000] {processor.py:186} INFO - Started process (PID=35108) to work on /opt/airflow/dags/weather_dag.py
[2026-08-11T06:23:52.724+0000] {processor.py:914} INFO - Processing file /opt/airflow/dags/weather_dag.py for tasks to queue
[2026-08-11T06:23:52.726+0000] {logging_mixin.py:190} INFO - [2026-08-11T06:23:52.726+0000] {dagbag.py:588} INFO - Filling up the DagBag from /opt/airflow/dags/weather_dag.py
[2026-08-11T06:23:52.939+0000] {processor.py:925} INFO - DAG(s) 'weather_ingestion' retrieved from /opt/airflow/dags/weather_dag.py
[2026-08-11T06:23:52.950+0000] {logging_mixin.py:190} INFO - [2026-08-11T06:23:52.950+0000] {dag.py:3239} INFO - Sync 1 DAGs
[2026-08-11T06:23:52.960+0000] {logging_mixin.py:190} INFO - [2026-08-11T06:23:52.960+0000] {dag.py:4180} INFO - Setting next_dagrun for weather_ingestion to 2026-08-11 06:00:00+00:00, run_after=2026-08-11 07:00:00+00:00
[2026-08-11T06:23:52.967+0000] {processor.py:208} INFO - Processing /opt/airflow/dags/weather_dag.py took 0.252 seconds
[2026-08-11T06:24:23.068+0000] {processor.py:186} INFO - Started process (PID=35115) to work on /opt/airflow/dags/weather_dag.py
[2026-08-11T06:24:23.069+0000] {processor.py:914} INFO - Processing file /opt/airflow/dags/weather_dag.py for tasks to queue
[2026-08-11T06:24:23.072+0000] {logging_mixin.py:190} INFO - [2026-08-11T06:24:23.071+0000] {dagbag.py:588} INFO - Filling up the DagBag from /opt/airflow/dags/weather_dag.py
[2026-08-11T06:24:23.291+0000] {processor.py:925} INFO - DAG(s) 'weather_ingestion' retrieved from /opt/airflow/dags/weather_dag.py
[2026-08-11T06:24:23.302+0000] {logging_mixin.py:190} INFO - [2026-08-11T06:24:23.302+0000] {dag.py:3239} INFO - Sync 1 DAGs
[2026-08-11T06:24:23.311+0000] {logging_mixin.py:190} INFO - [2026-08-11T06:24:23.311+0000] {dag.py:4180} INFO - Setting next_dagrun for weather_ingestion to 2026-08-11 06:00:00+00:00, run_after=2026-08-11 07:00:00+00:00
[2026-08-11T06:24:23.317+0000] {processor.py:208} INFO - Processing /opt/airflow/dags/weather_dag.py took 0.256 seconds
[2026-08-11T06:24:53.566+0000] {processor.py:186} INFO - Started process (PID=35122) to work on /opt/airflow/dags/weather_dag.py
[2026-08-11T06:24:53.567+0000] {processor.py:914} INFO - Processing file /opt/airflow/dags/weather_dag.py for tasks to queue
[2026-08-11T06:24:53.571+0000] {logging_mixin.py:190} INFO - [2026-08-11T06:24:53.570+0000] {dagbag.py:588} INFO - Filling up the DagBag from /opt/airflow/dags/weather_dag.py
[2026-08-11T06:24:53.835+0000] {processor.py:925} INFO - DAG(s) 'weather_ingestion' retrieved from /opt/airflow/dags/weather_dag.py
[2026-08-11T06:24:53.849+0000] {logging_mixin.py:190} INFO - [2026-08-11T06:24:53.849+0000] {dag.py:3239} INFO - Sync 1 DAGs
[2026-08-11T06:24:53.862+0000] {logging_mixin.py:190} INFO - [2026-08-11T06:24:53.862+0000] {dag.py:4180} INFO - Setting next_dagrun for weather_ingestion to 2026-08-11 06:00:00+00:00, run_after=2026-08-11 07:00:00+00:00
[2026-08-11T06:24:53.871+0000] {processor.py:208} INFO - Processing /opt/airflow/dags/weather_dag.py took 0.310 seconds
[2026-08-11T06:25:23.899+0000] {processor.py:186} INFO - Started process (PID=35129) to work on /opt/airflow/dags/weather_dag.py
[2026-08-11T06:25:23.899+0000] {processor.py:914} INFO - Processing file /opt/airflow/dags/weather_dag.py for tasks to queue
[2026-08-11T06:25:23.901+0000] {logging_mixin.py:190} INFO - [2026-08-11T06:25:23.901+0000] {dagbag.py:588} INFO - Filling up the DagBag from /opt/airflow/dags/weather_dag.py
[2026-08-11T06:25:24.122+0000] {processor.py:925} INFO - DAG(s) 'weather_ingestion' retrieved from /opt/airflow/dags/weather_dag.py
[2026-08-11T06:25:24.134+0000] {logging_mixin.py:190} INFO - [2026-08-11T06:25:24.134+0000] {dag.py:3239} INFO - Sync 1 DAGs
[2026-08-11T06:25:24.266+0000] {logging_mixin.py:190} INFO - [2026-08-11T06:25:24.265+0000] {dag.py:4180} INFO - Setting next_dagrun for weather_ingestion to 2026-08-11 06:00:00+00:00, run_after=2026-08-11 07:00:00+00:00
[2026-08-11T06:25:24.273+0000] {processor.py:208} INFO - Processing /opt/airflow/dags/weather_dag.py took 0.378 seconds
[2026-08-11T06:25:54.435+0000] {processor.py:186} INFO - Started process (PID=35136) to work on /opt/airflow/dags/weather_dag.py
[2026-08-11T06:25:54.436+0000] {processor.py:914} INFO - Processing file /opt/airflow/dags/weather_dag.py for tasks to queue
[2026-08-11T06:25:54.439+0000] {logging_mixin.py:190} INFO - [2026-08-11T06:25:54.439+0000] {dagbag.py:588} INFO - Filling up the DagBag from /opt/airflow/dags/weather_dag.py
[2026-08-11T06:25:54.658+0000] {processor.py:925} INFO - DAG(s) 'weather_ingestion' retrieved from /opt/airflow/dags/weather_dag.py
[2026-08-11T06:25:54.672+0000] {logging_mixin.py:190} INFO - [2026-08-11T06:25:54.672+0000] {dag.py:3239} INFO - Sync 1 DAGs
[2026-08-11T06:25:54.758+0000] {logging_mixin.py:190} INFO - [2026-08-11T06:25:54.758+0000] {dag.py:4180} INFO - Setting next_dagrun for weather_ingestion to 2026-08-11 06:00:00+00:00, run_after=2026-08-11 07:00:00+00:00
[2026-08-11T06:25:54.764+0000] {processor.py:208} INFO - Processing /opt/airflow/dags/weather_dag.py took 0.334 seconds
[2026-08-11T06:26:24.805+0000] {processor.py:186} INFO - Started process (PID=35143) to work on /opt/airflow/dags/weather_dag.py
[2026-08-11T06:26:24.806+0000] {processor.py:914} INFO - Processing file /opt/airflow/dags/weather_dag.py for tasks to queue
[2026-08-11T06:26:24.808+0000] {logging_mixin.py:190} INFO - [2026-08-11T06:26:24.808+0000] {dagbag.py:588} INFO - Filling up the DagBag from /opt/airflow/dags/weather_dag.py
[2026-08-11T06:26:25.039+0000] {processor.py:925} INFO - DAG(s) 'weather_ingestion' retrieved from /opt/airflow/dags/weather_dag.py
[2026-08-11T06:26:25.152+0000] {logging_mixin.py:190} INFO - [2026-08-11T06:26:25.151+0000] {dag.py:3239} INFO - Sync 1 DAGs
[2026-08-11T06:26:25.161+0000] {logging_mixin.py:190} INFO - [2026-08-11T06:26:25.161+0000] {dag.py:4180} INFO - Setting next_dagrun for weather_ingestion to 2026-08-11 06:00:00+00:00, run_after=2026-08-11 07:00:00+00:00
[2026-08-11T06:26:25.167+0000] {processor.py:208} INFO - Processing /opt/airflow/dags/weather_dag.py took 0.371 seconds
[2026-08-11T06:26:55.420+0000] {processor.py:186} INFO - Started process (PID=35150) to work on /opt/airflow/dags/weather_dag.py
[2026-08-11T06:26:55.422+0000] {processor.py:914} INFO - Processing file /opt/airflow/dags/weather_dag.py for tasks to queue
[2026-08-11T06:26:55.425+0000] {logging_mixin.py:190} INFO - [2026-08-11T06:26:55.424+0000] {dagbag.py:588} INFO - Filling up the DagBag from /opt/airflow/dags/weather_dag.py
[2026-08-11T06:26:55.640+0000] {processor.py:925} INFO - DAG(s) 'weather_ingestion' retrieved from /opt/airflow/dags/weather_dag.py
[2026-08-11T06:26:55.651+0000] {logging_mixin.py:190} INFO - [2026-08-11T06:26:55.651+0000] {dag.py:3239} INFO - Sync 1 DAGs
[2026-08-11T06:26:55.660+0000] {logging_mixin.py:190} INFO - [2026-08-11T06:26:55.660+0000] {dag.py:4180} INFO - Setting next_dagrun for weather_ingestion to 2026-08-11 06:00:00+00:00, run_after=2026-08-11 07:00:00+00:00
[2026-08-11T06:26:55.666+0000] {processor.py:208} INFO - Processing /opt/airflow/dags/weather_dag.py took 0.254 seconds
[2026-08-11T06:27:25.749+0000] {processor.py:186} INFO - Started process (PID=35157) to work on /opt/airflow/dags/weather_dag.py
[2026-08-11T06:27:25.750+0000] {processor.py:914} INFO - Processing file /opt/airflow/dags/weather_dag.py for tasks to queue
[2026-08-11T06:27:25.752+0000] {logging_mixin.py:190} INFO - [2026-08-11T06:27:25.752+0000] {dagbag.py:588} INFO - Filling up the DagBag from /opt/airflow/dags/weather_dag.py
[2026-08-11T06:27:25.985+0000] {processor.py:925} INFO - DAG(s) 'weather_ingestion' retrieved from /opt/airflow/dags/weather_dag.py
[2026-08-11T06:27:26.000+0000] {logging_mixin.py:190} INFO - [2026-08-11T06:27:25.999+0000] {dag.py:3239} INFO - Sync 1 DAGs
[2026-08-11T06:27:26.010+0000] {logging_mixin.py:190} INFO - [2026-08-11T06:27:26.010+0000] {dag.py:4180} INFO - Setting next_dagrun for weather_ingestion to 2026-08-11 06:00:00+00:00, run_after=2026-08-11 07:00:00+00:00
[2026-08-11T06:27:26.018+0000] {processor.py:208} INFO - Processing /opt/airflow/dags/weather_dag.py took 0.276 seconds
[2026-08-11T06:27:56.258+0000] {processor.py:186} INFO - Started process (PID=35164) to work on /opt/airflow/dags/weather_dag.py
[2026-08-11T06:27:56.260+0000] {processor.py:914} INFO - Processing file /opt/airflow/dags/weather_dag.py for tasks to queue
[2026-08-11T06:27:56.263+0000] {logging_mixin.py:190} INFO - [2026-08-11T06:27:56.262+0000] {dagbag.py:588} INFO - Filling up the DagBag from /opt/airflow/dags/weather_dag.py
[2026-08-11T06:27:56.473+0000] {processor.py:925} INFO - DAG(s) 'weather_ingestion' retrieved from /opt/airflow/dags/weather_dag.py
[2026-08-11T06:27:56.484+0000] {logging_mixin.py:190} INFO - [2026-08-11T06:27:56.484+0000] {dag.py:3239} INFO - Sync 1 DAGs
[2026-08-11T06:27:56.494+0000] {logging_mixin.py:190} INFO - [2026-08-11T06:27:56.494+0000] {dag.py:4180} INFO - Setting next_dagrun for weather_ingestion to 2026-08-11 06:00:00+00:00, run_after=2026-08-11 07:00:00+00:00
[2026-08-11T06:27:56.573+0000] {processor.py:208} INFO - Processing /opt/airflow/dags/weather_dag.py took 0.320 seconds
[2026-08-11T06:28:26.895+0000] {processor.py:186} INFO - Started process (PID=35171) to work on /opt/airflow/dags/weather_dag.py
[2026-08-11T06:28:26.896+0000] {processor.py:914} INFO - Processing file /opt/airflow/dags/weather_dag.py for tasks to queue
[2026-08-11T06:28:26.899+0000] {logging_mixin.py:190} INFO - [2026-08-11T06:28:26.899+0000] {dagbag.py:588} INFO - Filling up the DagBag from /opt/airflow/dags/weather_dag.py
[2026-08-11T06:28:27.113+0000] {processor.py:925} INFO - DAG(s) 'weather_ingestion' retrieved from /opt/airflow/dags/weather_dag.py
[2026-08-11T06:28:27.124+0000] {logging_mixin.py:190} INFO - [2026-08-11T06:28:27.124+0000] {dag.py:3239} INFO - Sync 1 DAGs
[2026-08-11T06:28:27.205+0000] {logging_mixin.py:190} INFO - [2026-08-11T06:28:27.205+0000] {dag.py:4180} INFO - Setting next_dagrun for weather_ingestion to 2026-08-11 06:00:00+00:00, run_after=2026-08-11 07:00:00+00:00
[2026-08-11T06:28:27.212+0000] {processor.py:208} INFO - Processing /opt/airflow/dags/weather_dag.py took 0.324 seconds
[2026-08-11T06:28:57.536+0000] {processor.py:186} INFO - Started process (PID=35178) to work on /opt/airflow/dags/weather_dag.py
[2026-08-11T06:28:57.539+0000] {processor.py:914} INFO - Processing file /opt/airflow/dags/weather_dag.py for tasks to queue
[2026-08-11T06:28:57.542+0000] {logging_mixin.py:190} INFO - [2026-08-11T06:28:57.542+0000] {dagbag.py:588} INFO - Filling up the DagBag from /opt/airflow/dags/weather_dag.py
[2026-08-11T06:28:57.769+0000] {processor.py:925} INFO - DAG(s) 'weather_ingestion' retrieved from /opt/airflow/dags/weather_dag.py
[2026-08-11T06:28:57.780+0000] {logging_mixin.py:190} INFO - [2026-08-11T06:28:57.780+0000] {dag.py:3239} INFO - Sync 1 DAGs
[2026-08-11T06:28:57.861+0000] {logging_mixin.py:190} INFO - [2026-08-11T06:28:57.861+0000] {dag.py:4180} INFO - Setting next_dagrun for weather_ingestion to 2026-08-11 06:00:00+00:00, run_after=2026-08-11 07:00:00+00:00
[2026-08-11T06:28:57.867+0000] {processor.py:208} INFO - Processing /opt/airflow/dags/weather_dag.py took 0.341 seconds
[2026-08-11T06:29:28.172+0000] {processor.py:186} INFO - Started process (PID=35185) to work on /opt/airflow/dags/weather_dag.py
[2026-08-11T06:29:28.173+0000] {processor.py:914} INFO - Processing file /opt/airflow/dags/weather_dag.py for tasks to queue
[2026-08-11T06:29:28.176+0000] {logging_mixin.py:190} INFO - [2026-08-11T06:29:28.176+0000] {dagbag.py:588} INFO - Filling up the DagBag from /opt/airflow/dags/weather_dag.py
[2026-08-11T06:29:28.414+0000] {processor.py:925} INFO - DAG(s) 'weather_ingestion' retrieved from /opt/airflow/dags/weather_dag.py
[2026-08-11T06:29:28.537+0000] {logging_mixin.py:190} INFO - [2026-08-11T06:29:28.537+0000] {dag.py:3239} INFO - Sync 1 DAGs
[2026-08-11T06:29:28.547+0000] {logging_mixin.py:190} INFO - [2026-08-11T06:29:28.547+0000] {dag.py:4180} INFO - Setting next_dagrun for weather_ingestion to 2026-08-11 06:00:00+00:00, run_after=2026-08-11 07:00:00+00:00
[2026-08-11T06:29:28.554+0000] {processor.py:208} INFO - Processing /opt/airflow/dags/weather_dag.py took 0.389 seconds
[2026-08-11T06:29:58.870+0000] {processor.py:186} INFO - Started process (PID=35192) to work on /opt/airflow/dags/weather_dag.py
[2026-08-11T06:29:58.872+0000] {processor.py:914} INFO - Processing file /opt/airflow/dags/weather_dag.py for tasks to queue
[2026-08-11T06:29:58.874+0000] {logging_mixin.py:190} INFO - [2026-08-11T06:29:58.874+0000] {dagbag.py:588} INFO - Filling up the DagBag from /opt/airflow/dags/weather_dag.py
[2026-08-11T06:29:59.100+0000] {processor.py:925} INFO - DAG(s) 'weather_ingestion' retrieved from /opt/airflow/dags/weather_dag.py
[2026-08-11T06:29:59.112+0000] {logging_mixin.py:190} INFO - [2026-08-11T06:29:59.112+0000] {dag.py:3239} INFO - Sync 1 DAGs
[2026-08-11T06:29:59.121+0000] {logging_mixin.py:190} INFO - [2026-08-11T06:29:59.121+0000] {dag.py:4180} INFO - Setting next_dagrun for weather_ingestion to 2026-08-11 06:00:00+00:00, run_after=2026-08-11 07:00:00+00:00
[2026-08-11T06:29:59.127+0000] {processor.py:208} INFO - Processing /opt/airflow/dags/weather_dag.py took 0.265 seconds
[2026-08-11T06:30:29.222+0000] {processor.py:186} INFO - Started process (PID=35199) to work on /opt/airflow/dags/weather_dag.py
[2026-08-11T06:30:29.223+0000] {processor.py:914} INFO - Processing file /opt/airflow/dags/weather_dag.py for tasks to queue
[2026-08-11T06:30:29.225+0000] {logging_mixin.py:190} INFO - [2026-08-11T06:30:29.224+0000] {dagbag.py:588} INFO - Filling up the DagBag from /opt/airflow/dags/weather_dag.py
[2026-08-11T06:30:29.452+0000] {processor.py:925} INFO - DAG(s) 'weather_ingestion' retrieved from /opt/airflow/dags/weather_dag.py
[2026-08-11T06:30:29.465+0000] {logging_mixin.py:190} INFO - [2026-08-11T06:30:29.465+0000] {dag.py:3239} INFO - Sync 1 DAGs
[2026-08-11T06:30:29.474+0000] {logging_mixin.py:190} INFO - [2026-08-11T06:30:29.474+0000] {dag.py:4180} INFO - Setting next_dagrun for weather_ingestion to 2026-08-11 06:00:00+00:00, run_after=2026-08-11 07:00:00+00:00
[2026-08-11T06:30:29.485+0000] {processor.py:208} INFO - Processing /opt/airflow/dags/weather_dag.py took 0.270 seconds
[2026-08-11T06:30:59.793+0000] {processor.py:186} INFO - Started process (PID=35206) to work on /opt/airflow/dags/weather_dag.py
[2026-08-11T06:30:59.795+0000] {processor.py:914} INFO - Processing file /opt/airflow/dags/weather_dag.py for tasks to queue
[2026-08-11T06:30:59.797+0000] {logging_mixin.py:190} INFO - [2026-08-11T06:30:59.797+0000] {dagbag.py:588} INFO - Filling up the DagBag from /opt/airflow/dags/weather_dag.py
[2026-08-11T06:31:00.065+0000] {processor.py:925} INFO - DAG(s) 'weather_ingestion' retrieved from /opt/airflow/dags/weather_dag.py
[2026-08-11T06:31:00.078+0000] {logging_mixin.py:190} INFO - [2026-08-11T06:31:00.078+0000] {dag.py:3239} INFO - Sync 1 DAGs
[2026-08-11T06:31:00.169+0000] {logging_mixin.py:190} INFO - [2026-08-11T06:31:00.169+0000] {dag.py:4180} INFO - Setting next_dagrun for weather_ingestion to 2026-08-11 06:00:00+00:00, run_after=2026-08-11 07:00:00+00:00
[2026-08-11T06:31:00.177+0000] {processor.py:208} INFO - Processing /opt/airflow/dags/weather_dag.py took 0.391 seconds
[2026-08-11T06:31:30.519+0000] {processor.py:186} INFO - Started process (PID=35213) to work on /opt/airflow/dags/weather_dag.py
[2026-08-11T06:31:30.520+0000] {processor.py:914} INFO - Processing file /opt/airflow/dags/weather_dag.py for tasks to queue
[2026-08-11T06:31:30.524+0000] {logging_mixin.py:190} INFO - [2026-08-11T06:31:30.523+0000] {dagbag.py:588} INFO - Filling up the DagBag from /opt/airflow/dags/weather_dag.py
[2026-08-11T06:31:30.821+0000] {processor.py:925} INFO - DAG(s) 'weather_ingestion' retrieved from /opt/airflow/dags/weather_dag.py
[2026-08-11T06:31:30.837+0000] {logging_mixin.py:190} INFO - [2026-08-11T06:31:30.837+0000] {dag.py:3239} INFO - Sync 1 DAGs
[2026-08-11T06:31:30.928+0000] {logging_mixin.py:190} INFO - [2026-08-11T06:31:30.928+0000] {dag.py:4180} INFO - Setting next_dagrun for weather_ingestion to 2026-08-11 06:00:00+00:00, run_after=2026-08-11 07:00:00+00:00
[2026-08-11T06:31:30.935+0000] {processor.py:208} INFO - Processing /opt/airflow/dags/weather_dag.py took 0.427 seconds
[2026-08-11T06:32:01.284+0000] {processor.py:186} INFO - Started process (PID=35220) to work on /opt/airflow/dags/weather_dag.py
[2026-08-11T06:32:01.286+0000] {processor.py:914} INFO - Processing file /opt/airflow/dags/weather_dag.py for tasks to queue
[2026-08-11T06:32:01.288+0000] {logging_mixin.py:190} INFO - [2026-08-11T06:32:01.288+0000] {dagbag.py:588} INFO - Filling up the DagBag from /opt/airflow/dags/weather_dag.py
[2026-08-11T06:32:01.540+0000] {processor.py:925} INFO - DAG(s) 'weather_ingestion' retrieved from /opt/airflow/dags/weather_dag.py
[2026-08-11T06:32:01.553+0000] {logging_mixin.py:190} INFO - [2026-08-11T06:32:01.553+0000] {dag.py:3239} INFO - Sync 1 DAGs
[2026-08-11T06:32:01.668+0000] {logging_mixin.py:190} INFO - [2026-08-11T06:32:01.667+0000] {dag.py:4180} INFO - Setting next_dagrun for weather_ingestion to 2026-08-11 06:00:00+00:00, run_after=2026-08-11 07:00:00+00:00
[2026-08-11T06:32:01.674+0000] {processor.py:208} INFO - Processing /opt/airflow/dags/weather_dag.py took 0.400 seconds
[2026-08-11T06:32:32.083+0000] {processor.py:186} INFO - Started process (PID=35227) to work on /opt/airflow/dags/weather_dag.py
[2026-08-11T06:32:32.085+0000] {processor.py:914} INFO - Processing file /opt/airflow/dags/weather_dag.py for tasks to queue
[2026-08-11T06:32:32.091+0000] {logging_mixin.py:190} INFO - [2026-08-11T06:32:32.090+0000] {dagbag.py:588} INFO - Filling up the DagBag from /opt/airflow/dags/weather_dag.py
[2026-08-11T06:32:32.493+0000] {processor.py:925} INFO - DAG(s) 'weather_ingestion' retrieved from /opt/airflow/dags/weather_dag.py
[2026-08-11T06:32:32.716+0000] {logging_mixin.py:190} INFO - [2026-08-11T06:32:32.716+0000] {dag.py:3239} INFO - Sync 1 DAGs
[2026-08-11T06:32:32.728+0000] {logging_mixin.py:190} INFO - [2026-08-11T06:32:32.728+0000] {dag.py:4180} INFO - Setting next_dagrun for weather_ingestion to 2026-08-11 06:00:00+00:00, run_after=2026-08-11 07:00:00+00:00
[2026-08-11T06:32:32.735+0000] {processor.py:208} INFO - Processing /opt/airflow/dags/weather_dag.py took 0.671 seconds
[2026-08-11T06:33:02.928+0000] {processor.py:186} INFO - Started process (PID=35234) to work on /opt/airflow/dags/weather_dag.py
[2026-08-11T06:33:02.929+0000] {processor.py:914} INFO - Processing file /opt/airflow/dags/weather_dag.py for tasks to queue
[2026-08-11T06:33:02.932+0000] {logging_mixin.py:190} INFO - [2026-08-11T06:33:02.931+0000] {dagbag.py:588} INFO - Filling up the DagBag from /opt/airflow/dags/weather_dag.py
[2026-08-11T06:33:03.154+0000] {processor.py:925} INFO - DAG(s) 'weather_ingestion' retrieved from /opt/airflow/dags/weather_dag.py
[2026-08-11T06:33:03.169+0000] {logging_mixin.py:190} INFO - [2026-08-11T06:33:03.169+0000] {dag.py:3239} INFO - Sync 1 DAGs
[2026-08-11T06:33:03.182+0000] {logging_mixin.py:190} INFO - [2026-08-11T06:33:03.182+0000] {dag.py:4180} INFO - Setting next_dagrun for weather_ingestion to 2026-08-11 06:00:00+00:00, run_after=2026-08-11 07:00:00+00:00
[2026-08-11T06:33:03.191+0000] {processor.py:208} INFO - Processing /opt/airflow/dags/weather_dag.py took 0.271 seconds
[2026-08-11T06:33:33.363+0000] {processor.py:186} INFO - Started process (PID=35241) to work on /opt/airflow/dags/weather_dag.py
[2026-08-11T06:33:33.366+0000] {processor.py:914} INFO - Processing file /opt/airflow/dags/weather_dag.py for tasks to queue
[2026-08-11T06:33:33.374+0000] {logging_mixin.py:190} INFO - [2026-08-11T06:33:33.373+0000] {dagbag.py:588} INFO - Filling up the DagBag from /opt/airflow/dags/weather_dag.py
[2026-08-11T06:33:33.763+0000] {processor.py:925} INFO - DAG(s) 'weather_ingestion' retrieved from /opt/airflow/dags/weather_dag.py
[2026-08-11T06:33:33.783+0000] {logging_mixin.py:190} INFO - [2026-08-11T06:33:33.783+0000] {dag.py:3239} INFO - Sync 1 DAGs
[2026-08-11T06:33:33.798+0000] {logging_mixin.py:190} INFO - [2026-08-11T06:33:33.797+0000] {dag.py:4180} INFO - Setting next_dagrun for weather_ingestion to 2026-08-11 06:00:00+00:00, run_after=2026-08-11 07:00:00+00:00
[2026-08-11T06:33:33.807+0000] {processor.py:208} INFO - Processing /opt/airflow/dags/weather_dag.py took 0.462 seconds
[2026-08-11T06:34:04.161+0000] {processor.py:186} INFO - Started process (PID=35248) to work on /opt/airflow/dags/weather_dag.py
[2026-08-11T06:34:04.163+0000] {processor.py:914} INFO - Processing file /opt/airflow/dags/weather_dag.py for tasks to queue
[2026-08-11T06:34:04.166+0000] {logging_mixin.py:190} INFO - [2026-08-11T06:34:04.165+0000] {dagbag.py:588} INFO - Filling up the DagBag from /opt/airflow/dags/weather_dag.py
[2026-08-11T06:34:04.388+0000] {processor.py:925} INFO - DAG(s) 'weather_ingestion' retrieved from /opt/airflow/dags/weather_dag.py
[2026-08-11T06:34:04.399+0000] {logging_mixin.py:190} INFO - [2026-08-11T06:34:04.399+0000] {dag.py:3239} INFO - Sync 1 DAGs
[2026-08-11T06:34:04.605+0000] {logging_mixin.py:190} INFO - [2026-08-11T06:34:04.605+0000] {dag.py:4180} INFO - Setting next_dagrun for weather_ingestion to 2026-08-11 06:00:00+00:00, run_after=2026-08-11 07:00:00+00:00
[2026-08-11T06:34:04.618+0000] {processor.py:208} INFO - Processing /opt/airflow/dags/weather_dag.py took 0.466 seconds
[2026-08-11T06:34:34.915+0000] {processor.py:186} INFO - Started process (PID=35255) to work on /opt/airflow/dags/weather_dag.py
[2026-08-11T06:34:34.918+0000] {processor.py:914} INFO - Processing file /opt/airflow/dags/weather_dag.py for tasks to queue
[2026-08-11T06:34:34.923+0000] {logging_mixin.py:190} INFO - [2026-08-11T06:34:34.922+0000] {dagbag.py:588} INFO - Filling up the DagBag from /opt/airflow/dags/weather_dag.py
[2026-08-11T06:34:35.225+0000] {processor.py:925} INFO - DAG(s) 'weather_ingestion' retrieved from /opt/airflow/dags/weather_dag.py
[2026-08-11T06:34:35.244+0000] {logging_mixin.py:190} INFO - [2026-08-11T06:34:35.243+0000] {dag.py:3239} INFO - Sync 1 DAGs
[2026-08-11T06:34:35.345+0000] {logging_mixin.py:190} INFO - [2026-08-11T06:34:35.345+0000] {dag.py:4180} INFO - Setting next_dagrun for weather_ingestion to 2026-08-11 06:00:00+00:00, run_after=2026-08-11 07:00:00+00:00
[2026-08-11T06:34:35.352+0000] {processor.py:208} INFO - Processing /opt/airflow/dags/weather_dag.py took 0.447 seconds
[2026-08-11T06:35:05.692+0000] {processor.py:186} INFO - Started process (PID=35262) to work on /opt/airflow/dags/weather_dag.py
[2026-08-11T06:35:05.694+0000] {processor.py:914} INFO - Processing file /opt/airflow/dags/weather_dag.py for tasks to queue
[2026-08-11T06:35:05.697+0000] {logging_mixin.py:190} INFO - [2026-08-11T06:35:05.696+0000] {dagbag.py:588} INFO - Filling up the DagBag from /opt/airflow/dags/weather_dag.py
[2026-08-11T06:35:05.940+0000] {processor.py:925} INFO - DAG(s) 'weather_ingestion' retrieved from /opt/airflow/dags/weather_dag.py
[2026-08-11T06:35:06.138+0000] {logging_mixin.py:190} INFO - [2026-08-11T06:35:06.138+0000] {dag.py:3239} INFO - Sync 1 DAGs
[2026-08-11T06:35:06.147+0000] {logging_mixin.py:190} INFO - [2026-08-11T06:35:06.147+0000] {dag.py:4180} INFO - Setting next_dagrun for weather_ingestion to 2026-08-11 06:00:00+00:00, run_after=2026-08-11 07:00:00+00:00
[2026-08-11T06:35:06.155+0000] {processor.py:208} INFO - Processing /opt/airflow/dags/weather_dag.py took 0.469 seconds
[2026-08-11T06:35:36.519+0000] {processor.py:186} INFO - Started process (PID=35269) to work on /opt/airflow/dags/weather_dag.py
[2026-08-11T06:35:36.520+0000] {processor.py:914} INFO - Processing file /opt/airflow/dags/weather_dag.py for tasks to queue
[2026-08-11T06:35:36.526+0000] {logging_mixin.py:190} INFO - [2026-08-11T06:35:36.525+0000] {dagbag.py:588} INFO - Filling up the DagBag from /opt/airflow/dags/weather_dag.py
[2026-08-11T06:35:36.920+0000] {processor.py:925} INFO - DAG(s) 'weather_ingestion' retrieved from /opt/airflow/dags/weather_dag.py
[2026-08-11T06:35:36.933+0000] {logging_mixin.py:190} INFO - [2026-08-11T06:35:36.933+0000] {dag.py:3239} INFO - Sync 1 DAGs
[2026-08-11T06:35:36.943+0000] {logging_mixin.py:190} INFO - [2026-08-11T06:35:36.943+0000] {dag.py:4180} INFO - Setting next_dagrun for weather_ingestion to 2026-08-11 06:00:00+00:00, run_after=2026-08-11 07:00:00+00:00
[2026-08-11T06:35:36.949+0000] {processor.py:208} INFO - Processing /opt/airflow/dags/weather_dag.py took 0.442 seconds
[2026-08-11T06:36:07.315+0000] {processor.py:186} INFO - Started process (PID=35276) to work on /opt/airflow/dags/weather_dag.py
[2026-08-11T06:36:07.317+0000] {processor.py:914} INFO - Processing file /opt/airflow/dags/weather_dag.py for tasks to queue
[2026-08-11T06:36:07.320+0000] {logging_mixin.py:190} INFO - [2026-08-11T06:36:07.319+0000] {dagbag.py:588} INFO - Filling up the DagBag from /opt/airflow/dags/weather_dag.py
[2026-08-11T06:36:07.533+0000] {processor.py:925} INFO - DAG(s) 'weather_ingestion' retrieved from /opt/airflow/dags/weather_dag.py
[2026-08-11T06:36:07.547+0000] {logging_mixin.py:190} INFO - [2026-08-11T06:36:07.547+0000] {dag.py:3239} INFO - Sync 1 DAGs
[2026-08-11T06:36:07.557+0000] {logging_mixin.py:190} INFO - [2026-08-11T06:36:07.557+0000] {dag.py:4180} INFO - Setting next_dagrun for weather_ingestion to 2026-08-11 06:00:00+00:00, run_after=2026-08-11 07:00:00+00:00
[2026-08-11T06:36:07.563+0000] {processor.py:208} INFO - Processing /opt/airflow/dags/weather_dag.py took 0.254 seconds
[2026-08-11T06:36:37.716+0000] {processor.py:186} INFO - Started process (PID=35283) to work on /opt/airflow/dags/weather_dag.py
[2026-08-11T06:36:37.717+0000] {processor.py:914} INFO - Processing file /opt/airflow/dags/weather_dag.py for tasks to queue
[2026-08-11T06:36:37.720+0000] {logging_mixin.py:190} INFO - [2026-08-11T06:36:37.719+0000] {dagbag.py:588} INFO - Filling up the DagBag from /opt/airflow/dags/weather_dag.py
[2026-08-11T06:36:37.943+0000] {processor.py:925} INFO - DAG(s) 'weather_ingestion' retrieved from /opt/airflow/dags/weather_dag.py
[2026-08-11T06:36:37.955+0000] {logging_mixin.py:190} INFO - [2026-08-11T06:36:37.954+0000] {dag.py:3239} INFO - Sync 1 DAGs
[2026-08-11T06:36:37.966+0000] {logging_mixin.py:190} INFO - [2026-08-11T06:36:37.966+0000] {dag.py:4180} INFO - Setting next_dagrun for weather_ingestion to 2026-08-11 06:00:00+00:00, run_after=2026-08-11 07:00:00+00:00
[2026-08-11T06:36:38.080+0000] {processor.py:208} INFO - Processing /opt/airflow/dags/weather_dag.py took 0.371 seconds
[2026-08-11T06:37:08.194+0000] {processor.py:186} INFO - Started process (PID=35290) to work on /opt/airflow/dags/weather_dag.py
[2026-08-11T06:37:08.195+0000] {processor.py:914} INFO - Processing file /opt/airflow/dags/weather_dag.py for tasks to queue
[2026-08-11T06:37:08.198+0000] {logging_mixin.py:190} INFO - [2026-08-11T06:37:08.197+0000] {dagbag.py:588} INFO - Filling up the DagBag from /opt/airflow/dags/weather_dag.py
[2026-08-11T06:37:08.409+0000] {processor.py:925} INFO - DAG(s) 'weather_ingestion' retrieved from /opt/airflow/dags/weather_dag.py
[2026-08-11T06:37:08.420+0000] {logging_mixin.py:190} INFO - [2026-08-11T06:37:08.420+0000] {dag.py:3239} INFO - Sync 1 DAGs
[2026-08-11T06:37:08.506+0000] {logging_mixin.py:190} INFO - [2026-08-11T06:37:08.506+0000] {dag.py:4180} INFO - Setting next_dagrun for weather_ingestion to 2026-08-11 06:00:00+00:00, run_after=2026-08-11 07:00:00+00:00
[2026-08-11T06:37:08.512+0000] {processor.py:208} INFO - Processing /opt/airflow/dags/weather_dag.py took 0.324 seconds
[2026-08-11T06:37:38.741+0000] {processor.py:186} INFO - Started process (PID=35297) to work on /opt/airflow/dags/weather_dag.py
[2026-08-11T06:37:38.742+0000] {processor.py:914} INFO - Processing file /opt/airflow/dags/weather_dag.py for tasks to queue
[2026-08-11T06:37:38.745+0000] {logging_mixin.py:190} INFO - [2026-08-11T06:37:38.745+0000] {dagbag.py:588} INFO - Filling up the DagBag from /opt/airflow/dags/weather_dag.py
[2026-08-11T06:37:38.977+0000] {processor.py:925} INFO - DAG(s) 'weather_ingestion' retrieved from /opt/airflow/dags/weather_dag.py
[2026-08-11T06:37:38.988+0000] {logging_mixin.py:190} INFO - [2026-08-11T06:37:38.988+0000] {dag.py:3239} INFO - Sync 1 DAGs
[2026-08-11T06:37:39.071+0000] {logging_mixin.py:190} INFO - [2026-08-11T06:37:39.071+0000] {dag.py:4180} INFO - Setting next_dagrun for weather_ingestion to 2026-08-11 06:00:00+00:00, run_after=2026-08-11 07:00:00+00:00
[2026-08-11T06:37:39.077+0000] {processor.py:208} INFO - Processing /opt/airflow/dags/weather_dag.py took 0.344 seconds
[2026-08-11T06:38:09.186+0000] {processor.py:186} INFO - Started process (PID=35304) to work on /opt/airflow/dags/weather_dag.py
[2026-08-11T06:38:09.187+0000] {processor.py:914} INFO - Processing file /opt/airflow/dags/weather_dag.py for tasks to queue
[2026-08-11T06:38:09.192+0000] {logging_mixin.py:190} INFO - [2026-08-11T06:38:09.191+0000] {dagbag.py:588} INFO - Filling up the DagBag from /opt/airflow/dags/weather_dag.py
[2026-08-11T06:38:09.426+0000] {processor.py:925} INFO - DAG(s) 'weather_ingestion' retrieved from /opt/airflow/dags/weather_dag.py
[2026-08-11T06:38:09.514+0000] {logging_mixin.py:190} INFO - [2026-08-11T06:38:09.514+0000] {dag.py:3239} INFO - Sync 1 DAGs
[2026-08-11T06:38:09.522+0000] {logging_mixin.py:190} INFO - [2026-08-11T06:38:09.522+0000] {dag.py:4180} INFO - Setting next_dagrun for weather_ingestion to 2026-08-11 06:00:00+00:00, run_after=2026-08-11 07:00:00+00:00
[2026-08-11T06:38:09.528+0000] {processor.py:208} INFO - Processing /opt/airflow/dags/weather_dag.py took 0.351 seconds
[2026-08-11T06:38:39.751+0000] {processor.py:186} INFO - Started process (PID=35311) to work on /opt/airflow/dags/weather_dag.py
[2026-08-11T06:38:39.752+0000] {processor.py:914} INFO - Processing file /opt/airflow/dags/weather_dag.py for tasks to queue
[2026-08-11T06:38:39.755+0000] {logging_mixin.py:190} INFO - [2026-08-11T06:38:39.754+0000] {dagbag.py:588} INFO - Filling up the DagBag from /opt/airflow/dags/weather_dag.py
[2026-08-11T06:38:40.018+0000] {processor.py:925} INFO - DAG(s) 'weather_ingestion' retrieved from /opt/airflow/dags/weather_dag.py
[2026-08-11T06:38:40.033+0000] {logging_mixin.py:190} INFO - [2026-08-11T06:38:40.033+0000] {dag.py:3239} INFO - Sync 1 DAGs
[2026-08-11T06:38:40.045+0000] {logging_mixin.py:190} INFO - [2026-08-11T06:38:40.045+0000] {dag.py:4180} INFO - Setting next_dagrun for weather_ingestion to 2026-08-11 06:00:00+00:00, run_after=2026-08-11 07:00:00+00:00
[2026-08-11T06:38:40.052+0000] {processor.py:208} INFO - Processing /opt/airflow/dags/weather_dag.py took 0.310 seconds
[2026-08-11T06:39:10.103+0000] {processor.py:186} INFO - Started process (PID=35318) to work on /opt/airflow/dags/weather_dag.py
[2026-08-11T06:39:10.104+0000] {processor.py:914} INFO - Processing file /opt/airflow/dags/weather_dag.py for tasks to queue
[2026-08-11T06:39:10.106+0000] {logging_mixin.py:190} INFO - [2026-08-11T06:39:10.106+0000] {dagbag.py:588} INFO - Filling up the DagBag from /opt/airflow/dags/weather_dag.py
[2026-08-11T06:39:10.407+0000] {processor.py:925} INFO - DAG(s) 'weather_ingestion' retrieved from /opt/airflow/dags/weather_dag.py
[2026-08-11T06:39:10.417+0000] {logging_mixin.py:190} INFO - [2026-08-11T06:39:10.416+0000] {dag.py:3239} INFO - Sync 1 DAGs
[2026-08-11T06:39:10.424+0000] {logging_mixin.py:190} INFO - [2026-08-11T06:39:10.424+0000] {dag.py:4180} INFO - Setting next_dagrun for weather_ingestion to 2026-08-11 06:00:00+00:00, run_after=2026-08-11 07:00:00+00:00
[2026-08-11T06:39:10.430+0000] {processor.py:208} INFO - Processing /opt/airflow/dags/weather_dag.py took 0.333 seconds
[2026-08-11T06:39:40.768+0000] {processor.py:186} INFO - Started process (PID=35325) to work on /opt/airflow/dags/weather_dag.py
[2026-08-11T06:39:40.769+0000] {processor.py:914} INFO - Processing file /opt/airflow/dags/weather_dag.py for tasks to queue
[2026-08-11T06:39:40.771+0000] {logging_mixin.py:190} INFO - [2026-08-11T06:39:40.771+0000] {dagbag.py:588} INFO - Filling up the DagBag from /opt/airflow/dags/weather_dag.py
[2026-08-11T06:39:40.998+0000] {processor.py:925} INFO - DAG(s) 'weather_ingestion' retrieved from /opt/airflow/dags/weather_dag.py
[2026-08-11T06:39:41.009+0000] {logging_mixin.py:190} INFO - [2026-08-11T06:39:41.009+0000] {dag.py:3239} INFO - Sync 1 DAGs
[2026-08-11T06:39:41.092+0000] {logging_mixin.py:190} INFO - [2026-08-11T06:39:41.092+0000] {dag.py:4180} INFO - Setting next_dagrun for weather_ingestion to 2026-08-11 06:00:00+00:00, run_after=2026-08-11 07:00:00+00:00
[2026-08-11T06:39:41.099+0000] {processor.py:208} INFO - Processing /opt/airflow/dags/weather_dag.py took 0.338 seconds
