[2026-08-07T00:16:36.611+0000] {processor.py:186} INFO - Started process (PID=11492) to work on /opt/airflow/dags/weather_dag.py
[2026-08-07T00:16:36.613+0000] {processor.py:914} INFO - Processing file /opt/airflow/dags/weather_dag.py for tasks to queue
[2026-08-07T00:16:36.618+0000] {logging_mixin.py:190} INFO - [2026-08-07T00:16:36.617+0000] {dagbag.py:588} INFO - Filling up the DagBag from /opt/airflow/dags/weather_dag.py
[2026-08-07T00:16:37.076+0000] {processor.py:925} INFO - DAG(s) 'weather_ingestion' retrieved from /opt/airflow/dags/weather_dag.py
[2026-08-07T00:16:37.088+0000] {logging_mixin.py:190} INFO - [2026-08-07T00:16:37.088+0000] {dag.py:3239} INFO - Sync 1 DAGs
[2026-08-07T00:16:37.098+0000] {logging_mixin.py:190} INFO - [2026-08-07T00:16:37.098+0000] {dag.py:4180} INFO - Setting next_dagrun for weather_ingestion to 2026-08-07 00:00:00+00:00, run_after=2026-08-07 01:00:00+00:00
[2026-08-07T00:16:37.104+0000] {processor.py:208} INFO - Processing /opt/airflow/dags/weather_dag.py took 0.508 seconds
[2026-08-07T00:17:07.549+0000] {processor.py:186} INFO - Started process (PID=11502) to work on /opt/airflow/dags/weather_dag.py
[2026-08-07T00:17:07.562+0000] {processor.py:914} INFO - Processing file /opt/airflow/dags/weather_dag.py for tasks to queue
[2026-08-07T00:17:07.590+0000] {logging_mixin.py:190} INFO - [2026-08-07T00:17:07.590+0000] {dagbag.py:588} INFO - Filling up the DagBag from /opt/airflow/dags/weather_dag.py
[2026-08-07T00:17:08.186+0000] {processor.py:925} INFO - DAG(s) 'weather_ingestion' retrieved from /opt/airflow/dags/weather_dag.py
[2026-08-07T00:17:08.199+0000] {logging_mixin.py:190} INFO - [2026-08-07T00:17:08.199+0000] {dag.py:3239} INFO - Sync 1 DAGs
[2026-08-07T00:17:08.209+0000] {logging_mixin.py:190} INFO - [2026-08-07T00:17:08.209+0000] {dag.py:4180} INFO - Setting next_dagrun for weather_ingestion to 2026-08-07 00:00:00+00:00, run_after=2026-08-07 01:00:00+00:00
[2026-08-07T00:17:08.216+0000] {processor.py:208} INFO - Processing /opt/airflow/dags/weather_dag.py took 0.687 seconds
[2026-08-07T00:17:38.426+0000] {processor.py:186} INFO - Started process (PID=11509) to work on /opt/airflow/dags/weather_dag.py
[2026-08-07T00:17:38.429+0000] {processor.py:914} INFO - Processing file /opt/airflow/dags/weather_dag.py for tasks to queue
[2026-08-07T00:17:38.432+0000] {logging_mixin.py:190} INFO - [2026-08-07T00:17:38.432+0000] {dagbag.py:588} INFO - Filling up the DagBag from /opt/airflow/dags/weather_dag.py
[2026-08-07T00:17:38.902+0000] {processor.py:925} INFO - DAG(s) 'weather_ingestion' retrieved from /opt/airflow/dags/weather_dag.py
[2026-08-07T00:17:38.919+0000] {logging_mixin.py:190} INFO - [2026-08-07T00:17:38.919+0000] {dag.py:3239} INFO - Sync 1 DAGs
[2026-08-07T00:17:38.929+0000] {logging_mixin.py:190} INFO - [2026-08-07T00:17:38.929+0000] {dag.py:4180} INFO - Setting next_dagrun for weather_ingestion to 2026-08-07 00:00:00+00:00, run_after=2026-08-07 01:00:00+00:00
[2026-08-07T00:17:38.937+0000] {processor.py:208} INFO - Processing /opt/airflow/dags/weather_dag.py took 0.525 seconds
[2026-08-07T00:18:09.033+0000] {processor.py:186} INFO - Started process (PID=11516) to work on /opt/airflow/dags/weather_dag.py
[2026-08-07T00:18:09.035+0000] {processor.py:914} INFO - Processing file /opt/airflow/dags/weather_dag.py for tasks to queue
[2026-08-07T00:18:09.037+0000] {logging_mixin.py:190} INFO - [2026-08-07T00:18:09.037+0000] {dagbag.py:588} INFO - Filling up the DagBag from /opt/airflow/dags/weather_dag.py
[2026-08-07T00:18:09.342+0000] {processor.py:925} INFO - DAG(s) 'weather_ingestion' retrieved from /opt/airflow/dags/weather_dag.py
[2026-08-07T00:18:09.353+0000] {logging_mixin.py:190} INFO - [2026-08-07T00:18:09.352+0000] {dag.py:3239} INFO - Sync 1 DAGs
[2026-08-07T00:18:09.362+0000] {logging_mixin.py:190} INFO - [2026-08-07T00:18:09.362+0000] {dag.py:4180} INFO - Setting next_dagrun for weather_ingestion to 2026-08-07 00:00:00+00:00, run_after=2026-08-07 01:00:00+00:00
[2026-08-07T00:18:09.368+0000] {processor.py:208} INFO - Processing /opt/airflow/dags/weather_dag.py took 0.343 seconds
[2026-08-07T00:22:10.742+0000] {processor.py:186} INFO - Started process (PID=11523) to work on /opt/airflow/dags/weather_dag.py
[2026-08-07T00:22:10.743+0000] {processor.py:914} INFO - Processing file /opt/airflow/dags/weather_dag.py for tasks to queue
[2026-08-07T00:22:10.746+0000] {logging_mixin.py:190} INFO - [2026-08-07T00:22:10.745+0000] {dagbag.py:588} INFO - Filling up the DagBag from /opt/airflow/dags/weather_dag.py
[2026-08-07T00:22:11.149+0000] {processor.py:925} INFO - DAG(s) 'weather_ingestion' retrieved from /opt/airflow/dags/weather_dag.py
[2026-08-07T00:22:11.167+0000] {logging_mixin.py:190} INFO - [2026-08-07T00:22:11.167+0000] {dag.py:3239} INFO - Sync 1 DAGs
[2026-08-07T00:22:11.179+0000] {logging_mixin.py:190} INFO - [2026-08-07T00:22:11.179+0000] {dag.py:4180} INFO - Setting next_dagrun for weather_ingestion to 2026-08-07 00:00:00+00:00, run_after=2026-08-07 01:00:00+00:00
[2026-08-07T00:22:11.192+0000] {processor.py:208} INFO - Processing /opt/airflow/dags/weather_dag.py took 0.457 seconds
[2026-08-07T00:22:41.653+0000] {processor.py:186} INFO - Started process (PID=11535) to work on /opt/airflow/dags/weather_dag.py
[2026-08-07T00:22:41.656+0000] {processor.py:914} INFO - Processing file /opt/airflow/dags/weather_dag.py for tasks to queue
[2026-08-07T00:22:41.660+0000] {logging_mixin.py:190} INFO - [2026-08-07T00:22:41.659+0000] {dagbag.py:588} INFO - Filling up the DagBag from /opt/airflow/dags/weather_dag.py
[2026-08-07T00:22:42.058+0000] {processor.py:925} INFO - DAG(s) 'weather_ingestion' retrieved from /opt/airflow/dags/weather_dag.py
[2026-08-07T00:22:42.071+0000] {logging_mixin.py:190} INFO - [2026-08-07T00:22:42.071+0000] {dag.py:3239} INFO - Sync 1 DAGs
[2026-08-07T00:22:42.080+0000] {logging_mixin.py:190} INFO - [2026-08-07T00:22:42.080+0000] {dag.py:4180} INFO - Setting next_dagrun for weather_ingestion to 2026-08-07 00:00:00+00:00, run_after=2026-08-07 01:00:00+00:00
[2026-08-07T00:22:42.086+0000] {processor.py:208} INFO - Processing /opt/airflow/dags/weather_dag.py took 0.445 seconds
[2026-08-07T00:23:12.440+0000] {processor.py:186} INFO - Started process (PID=11542) to work on /opt/airflow/dags/weather_dag.py
[2026-08-07T00:23:12.441+0000] {processor.py:914} INFO - Processing file /opt/airflow/dags/weather_dag.py for tasks to queue
[2026-08-07T00:23:12.444+0000] {logging_mixin.py:190} INFO - [2026-08-07T00:23:12.443+0000] {dagbag.py:588} INFO - Filling up the DagBag from /opt/airflow/dags/weather_dag.py
[2026-08-07T00:23:12.763+0000] {processor.py:925} INFO - DAG(s) 'weather_ingestion' retrieved from /opt/airflow/dags/weather_dag.py
[2026-08-07T00:23:12.777+0000] {logging_mixin.py:190} INFO - [2026-08-07T00:23:12.777+0000] {dag.py:3239} INFO - Sync 1 DAGs
[2026-08-07T00:23:12.802+0000] {logging_mixin.py:190} INFO - [2026-08-07T00:23:12.802+0000] {dag.py:4180} INFO - Setting next_dagrun for weather_ingestion to 2026-08-07 00:00:00+00:00, run_after=2026-08-07 01:00:00+00:00
[2026-08-07T00:23:12.809+0000] {processor.py:208} INFO - Processing /opt/airflow/dags/weather_dag.py took 0.379 seconds
[2026-08-07T00:23:43.189+0000] {processor.py:186} INFO - Started process (PID=11549) to work on /opt/airflow/dags/weather_dag.py
[2026-08-07T00:23:43.191+0000] {processor.py:914} INFO - Processing file /opt/airflow/dags/weather_dag.py for tasks to queue
[2026-08-07T00:23:43.194+0000] {logging_mixin.py:190} INFO - [2026-08-07T00:23:43.194+0000] {dagbag.py:588} INFO - Filling up the DagBag from /opt/airflow/dags/weather_dag.py
[2026-08-07T00:23:43.550+0000] {processor.py:925} INFO - DAG(s) 'weather_ingestion' retrieved from /opt/airflow/dags/weather_dag.py
[2026-08-07T00:23:43.560+0000] {logging_mixin.py:190} INFO - [2026-08-07T00:23:43.559+0000] {dag.py:3239} INFO - Sync 1 DAGs
[2026-08-07T00:23:43.568+0000] {logging_mixin.py:190} INFO - [2026-08-07T00:23:43.568+0000] {dag.py:4180} INFO - Setting next_dagrun for weather_ingestion to 2026-08-07 00:00:00+00:00, run_after=2026-08-07 01:00:00+00:00
[2026-08-07T00:23:43.574+0000] {processor.py:208} INFO - Processing /opt/airflow/dags/weather_dag.py took 0.397 seconds
[2026-08-07T00:24:13.885+0000] {processor.py:186} INFO - Started process (PID=11556) to work on /opt/airflow/dags/weather_dag.py
[2026-08-07T00:24:13.886+0000] {processor.py:914} INFO - Processing file /opt/airflow/dags/weather_dag.py for tasks to queue
[2026-08-07T00:24:13.888+0000] {logging_mixin.py:190} INFO - [2026-08-07T00:24:13.888+0000] {dagbag.py:588} INFO - Filling up the DagBag from /opt/airflow/dags/weather_dag.py
[2026-08-07T00:24:14.225+0000] {processor.py:925} INFO - DAG(s) 'weather_ingestion' retrieved from /opt/airflow/dags/weather_dag.py
[2026-08-07T00:24:14.238+0000] {logging_mixin.py:190} INFO - [2026-08-07T00:24:14.237+0000] {dag.py:3239} INFO - Sync 1 DAGs
[2026-08-07T00:24:14.247+0000] {logging_mixin.py:190} INFO - [2026-08-07T00:24:14.247+0000] {dag.py:4180} INFO - Setting next_dagrun for weather_ingestion to 2026-08-07 00:00:00+00:00, run_after=2026-08-07 01:00:00+00:00
[2026-08-07T00:24:14.253+0000] {processor.py:208} INFO - Processing /opt/airflow/dags/weather_dag.py took 0.375 seconds
[2026-08-07T00:41:06.542+0000] {processor.py:186} INFO - Started process (PID=11568) to work on /opt/airflow/dags/weather_dag.py
[2026-08-07T00:41:06.543+0000] {processor.py:914} INFO - Processing file /opt/airflow/dags/weather_dag.py for tasks to queue
[2026-08-07T00:41:06.546+0000] {logging_mixin.py:190} INFO - [2026-08-07T00:41:06.545+0000] {dagbag.py:588} INFO - Filling up the DagBag from /opt/airflow/dags/weather_dag.py
[2026-08-07T00:41:06.965+0000] {processor.py:925} INFO - DAG(s) 'weather_ingestion' retrieved from /opt/airflow/dags/weather_dag.py
[2026-08-07T00:41:06.976+0000] {logging_mixin.py:190} INFO - [2026-08-07T00:41:06.976+0000] {dag.py:3239} INFO - Sync 1 DAGs
[2026-08-07T00:41:06.987+0000] {logging_mixin.py:190} INFO - [2026-08-07T00:41:06.987+0000] {dag.py:4180} INFO - Setting next_dagrun for weather_ingestion to 2026-08-07 00:00:00+00:00, run_after=2026-08-07 01:00:00+00:00
[2026-08-07T00:41:06.996+0000] {processor.py:208} INFO - Processing /opt/airflow/dags/weather_dag.py took 0.460 seconds
[2026-08-07T00:41:08.062+0000] {processor.py:186} INFO - Started process (PID=11575) to work on /opt/airflow/dags/weather_dag.py
[2026-08-07T00:41:08.063+0000] {processor.py:914} INFO - Processing file /opt/airflow/dags/weather_dag.py for tasks to queue
[2026-08-07T00:41:08.065+0000] {logging_mixin.py:190} INFO - [2026-08-07T00:41:08.065+0000] {dagbag.py:588} INFO - Filling up the DagBag from /opt/airflow/dags/weather_dag.py
[2026-08-07T00:41:08.358+0000] {processor.py:925} INFO - DAG(s) 'weather_ingestion' retrieved from /opt/airflow/dags/weather_dag.py
[2026-08-07T00:41:08.367+0000] {logging_mixin.py:190} INFO - [2026-08-07T00:41:08.367+0000] {taskinstance.py:3313} ERROR - {'DAG Id': 'weather_ingestion', 'Task Id': 'fetch_and_load_weather', 'Run Id': 'scheduled__2026-08-06T23:00:00+00:00', 'Hostname': '07b2ac4f29fb'}
[2026-08-07T00:41:08.378+0000] {logging_mixin.py:190} INFO - [2026-08-07T00:41:08.378+0000] {taskinstance.py:1225} INFO - Marking task as UP_FOR_RETRY. dag_id=weather_ingestion, task_id=fetch_and_load_weather, run_id=scheduled__2026-08-06T23:00:00+00:00, execution_date=20260806T230000, start_date=20260807T002422, end_date=20260807T004108
[2026-08-07T00:41:08.384+0000] {logging_mixin.py:190} INFO - [2026-08-07T00:41:08.384+0000] {processor.py:876} INFO - Executed callback for <TaskInstance: weather_ingestion.fetch_and_load_weather scheduled__2026-08-06T23:00:00+00:00 [up_for_retry]> in state up_for_retry
[2026-08-07T00:41:08.389+0000] {logging_mixin.py:190} INFO - [2026-08-07T00:41:08.389+0000] {dag.py:3239} INFO - Sync 1 DAGs
[2026-08-07T00:41:08.395+0000] {logging_mixin.py:190} INFO - [2026-08-07T00:41:08.395+0000] {dag.py:4180} INFO - Setting next_dagrun for weather_ingestion to 2026-08-07 00:00:00+00:00, run_after=2026-08-07 01:00:00+00:00
[2026-08-07T00:41:08.400+0000] {processor.py:208} INFO - Processing /opt/airflow/dags/weather_dag.py took 0.343 seconds
[2026-08-07T00:41:38.840+0000] {processor.py:186} INFO - Started process (PID=11582) to work on /opt/airflow/dags/weather_dag.py
[2026-08-07T00:41:38.847+0000] {processor.py:914} INFO - Processing file /opt/airflow/dags/weather_dag.py for tasks to queue
[2026-08-07T00:41:38.860+0000] {logging_mixin.py:190} INFO - [2026-08-07T00:41:38.859+0000] {dagbag.py:588} INFO - Filling up the DagBag from /opt/airflow/dags/weather_dag.py
[2026-08-07T00:41:39.434+0000] {processor.py:925} INFO - DAG(s) 'weather_ingestion' retrieved from /opt/airflow/dags/weather_dag.py
[2026-08-07T00:41:39.446+0000] {logging_mixin.py:190} INFO - [2026-08-07T00:41:39.446+0000] {dag.py:3239} INFO - Sync 1 DAGs
[2026-08-07T00:41:39.455+0000] {logging_mixin.py:190} INFO - [2026-08-07T00:41:39.455+0000] {dag.py:4180} INFO - Setting next_dagrun for weather_ingestion to 2026-08-07 00:00:00+00:00, run_after=2026-08-07 01:00:00+00:00
[2026-08-07T00:41:39.461+0000] {processor.py:208} INFO - Processing /opt/airflow/dags/weather_dag.py took 0.643 seconds
[2026-08-07T00:42:09.772+0000] {processor.py:186} INFO - Started process (PID=11589) to work on /opt/airflow/dags/weather_dag.py
[2026-08-07T00:42:09.773+0000] {processor.py:914} INFO - Processing file /opt/airflow/dags/weather_dag.py for tasks to queue
[2026-08-07T00:42:09.775+0000] {logging_mixin.py:190} INFO - [2026-08-07T00:42:09.775+0000] {dagbag.py:588} INFO - Filling up the DagBag from /opt/airflow/dags/weather_dag.py
[2026-08-07T00:42:10.068+0000] {processor.py:925} INFO - DAG(s) 'weather_ingestion' retrieved from /opt/airflow/dags/weather_dag.py
[2026-08-07T00:42:10.078+0000] {logging_mixin.py:190} INFO - [2026-08-07T00:42:10.077+0000] {dag.py:3239} INFO - Sync 1 DAGs
[2026-08-07T00:42:10.085+0000] {logging_mixin.py:190} INFO - [2026-08-07T00:42:10.085+0000] {dag.py:4180} INFO - Setting next_dagrun for weather_ingestion to 2026-08-07 00:00:00+00:00, run_after=2026-08-07 01:00:00+00:00
[2026-08-07T00:42:10.091+0000] {processor.py:208} INFO - Processing /opt/airflow/dags/weather_dag.py took 0.325 seconds
[2026-08-07T00:42:40.473+0000] {processor.py:186} INFO - Started process (PID=11596) to work on /opt/airflow/dags/weather_dag.py
[2026-08-07T00:42:40.476+0000] {processor.py:914} INFO - Processing file /opt/airflow/dags/weather_dag.py for tasks to queue
[2026-08-07T00:42:40.480+0000] {logging_mixin.py:190} INFO - [2026-08-07T00:42:40.479+0000] {dagbag.py:588} INFO - Filling up the DagBag from /opt/airflow/dags/weather_dag.py
[2026-08-07T00:42:41.468+0000] {processor.py:925} INFO - DAG(s) 'weather_ingestion' retrieved from /opt/airflow/dags/weather_dag.py
[2026-08-07T00:42:41.485+0000] {logging_mixin.py:190} INFO - [2026-08-07T00:42:41.484+0000] {dag.py:3239} INFO - Sync 1 DAGs
[2026-08-07T00:42:41.496+0000] {logging_mixin.py:190} INFO - [2026-08-07T00:42:41.496+0000] {dag.py:4180} INFO - Setting next_dagrun for weather_ingestion to 2026-08-07 00:00:00+00:00, run_after=2026-08-07 01:00:00+00:00
[2026-08-07T00:42:41.504+0000] {processor.py:208} INFO - Processing /opt/airflow/dags/weather_dag.py took 1.044 seconds
[2026-08-07T00:43:11.869+0000] {processor.py:186} INFO - Started process (PID=11603) to work on /opt/airflow/dags/weather_dag.py
[2026-08-07T00:43:11.871+0000] {processor.py:914} INFO - Processing file /opt/airflow/dags/weather_dag.py for tasks to queue
[2026-08-07T00:43:11.876+0000] {logging_mixin.py:190} INFO - [2026-08-07T00:43:11.875+0000] {dagbag.py:588} INFO - Filling up the DagBag from /opt/airflow/dags/weather_dag.py
[2026-08-07T00:43:12.242+0000] {processor.py:925} INFO - DAG(s) 'weather_ingestion' retrieved from /opt/airflow/dags/weather_dag.py
[2026-08-07T00:43:12.253+0000] {logging_mixin.py:190} INFO - [2026-08-07T00:43:12.253+0000] {dag.py:3239} INFO - Sync 1 DAGs
[2026-08-07T00:43:12.261+0000] {logging_mixin.py:190} INFO - [2026-08-07T00:43:12.261+0000] {dag.py:4180} INFO - Setting next_dagrun for weather_ingestion to 2026-08-07 00:00:00+00:00, run_after=2026-08-07 01:00:00+00:00
[2026-08-07T00:43:12.269+0000] {processor.py:208} INFO - Processing /opt/airflow/dags/weather_dag.py took 0.410 seconds
[2026-08-07T00:43:42.754+0000] {processor.py:186} INFO - Started process (PID=11615) to work on /opt/airflow/dags/weather_dag.py
[2026-08-07T00:43:42.756+0000] {processor.py:914} INFO - Processing file /opt/airflow/dags/weather_dag.py for tasks to queue
[2026-08-07T00:43:42.759+0000] {logging_mixin.py:190} INFO - [2026-08-07T00:43:42.759+0000] {dagbag.py:588} INFO - Filling up the DagBag from /opt/airflow/dags/weather_dag.py
[2026-08-07T00:43:43.072+0000] {processor.py:925} INFO - DAG(s) 'weather_ingestion' retrieved from /opt/airflow/dags/weather_dag.py
[2026-08-07T00:43:43.083+0000] {logging_mixin.py:190} INFO - [2026-08-07T00:43:43.083+0000] {dag.py:3239} INFO - Sync 1 DAGs
[2026-08-07T00:43:43.093+0000] {logging_mixin.py:190} INFO - [2026-08-07T00:43:43.093+0000] {dag.py:4180} INFO - Setting next_dagrun for weather_ingestion to 2026-08-07 00:00:00+00:00, run_after=2026-08-07 01:00:00+00:00
[2026-08-07T00:43:43.098+0000] {processor.py:208} INFO - Processing /opt/airflow/dags/weather_dag.py took 0.354 seconds
[2026-08-07T00:44:13.474+0000] {processor.py:186} INFO - Started process (PID=11622) to work on /opt/airflow/dags/weather_dag.py
[2026-08-07T00:44:13.476+0000] {processor.py:914} INFO - Processing file /opt/airflow/dags/weather_dag.py for tasks to queue
[2026-08-07T00:44:13.479+0000] {logging_mixin.py:190} INFO - [2026-08-07T00:44:13.478+0000] {dagbag.py:588} INFO - Filling up the DagBag from /opt/airflow/dags/weather_dag.py
[2026-08-07T00:44:13.758+0000] {processor.py:925} INFO - DAG(s) 'weather_ingestion' retrieved from /opt/airflow/dags/weather_dag.py
[2026-08-07T00:44:13.772+0000] {logging_mixin.py:190} INFO - [2026-08-07T00:44:13.772+0000] {dag.py:3239} INFO - Sync 1 DAGs
[2026-08-07T00:44:13.783+0000] {logging_mixin.py:190} INFO - [2026-08-07T00:44:13.783+0000] {dag.py:4180} INFO - Setting next_dagrun for weather_ingestion to 2026-08-07 00:00:00+00:00, run_after=2026-08-07 01:00:00+00:00
[2026-08-07T00:44:13.789+0000] {processor.py:208} INFO - Processing /opt/airflow/dags/weather_dag.py took 0.324 seconds
[2026-08-07T00:44:43.885+0000] {processor.py:186} INFO - Started process (PID=11629) to work on /opt/airflow/dags/weather_dag.py
[2026-08-07T00:44:43.887+0000] {processor.py:914} INFO - Processing file /opt/airflow/dags/weather_dag.py for tasks to queue
[2026-08-07T00:44:43.891+0000] {logging_mixin.py:190} INFO - [2026-08-07T00:44:43.891+0000] {dagbag.py:588} INFO - Filling up the DagBag from /opt/airflow/dags/weather_dag.py
[2026-08-07T00:44:44.228+0000] {processor.py:925} INFO - DAG(s) 'weather_ingestion' retrieved from /opt/airflow/dags/weather_dag.py
[2026-08-07T00:44:44.239+0000] {logging_mixin.py:190} INFO - [2026-08-07T00:44:44.239+0000] {dag.py:3239} INFO - Sync 1 DAGs
[2026-08-07T00:44:44.248+0000] {logging_mixin.py:190} INFO - [2026-08-07T00:44:44.248+0000] {dag.py:4180} INFO - Setting next_dagrun for weather_ingestion to 2026-08-07 00:00:00+00:00, run_after=2026-08-07 01:00:00+00:00
[2026-08-07T00:44:44.255+0000] {processor.py:208} INFO - Processing /opt/airflow/dags/weather_dag.py took 0.381 seconds
[2026-08-07T01:00:15.915+0000] {processor.py:186} INFO - Started process (PID=11636) to work on /opt/airflow/dags/weather_dag.py
[2026-08-07T01:00:15.917+0000] {processor.py:914} INFO - Processing file /opt/airflow/dags/weather_dag.py for tasks to queue
[2026-08-07T01:00:15.921+0000] {logging_mixin.py:190} INFO - [2026-08-07T01:00:15.921+0000] {dagbag.py:588} INFO - Filling up the DagBag from /opt/airflow/dags/weather_dag.py
[2026-08-07T01:00:17.867+0000] {processor.py:925} INFO - DAG(s) 'weather_ingestion' retrieved from /opt/airflow/dags/weather_dag.py
[2026-08-07T01:00:18.296+0000] {logging_mixin.py:190} INFO - [2026-08-07T01:00:18.294+0000] {dag.py:3239} INFO - Sync 1 DAGs
[2026-08-07T01:00:18.347+0000] {logging_mixin.py:190} INFO - [2026-08-07T01:00:18.347+0000] {dag.py:4180} INFO - Setting next_dagrun for weather_ingestion to 2026-08-07 01:00:00+00:00, run_after=2026-08-07 02:00:00+00:00
[2026-08-07T01:00:18.456+0000] {processor.py:208} INFO - Processing /opt/airflow/dags/weather_dag.py took 2.550 seconds
[2026-08-07T01:00:48.737+0000] {processor.py:186} INFO - Started process (PID=11648) to work on /opt/airflow/dags/weather_dag.py
[2026-08-07T01:00:48.739+0000] {processor.py:914} INFO - Processing file /opt/airflow/dags/weather_dag.py for tasks to queue
[2026-08-07T01:00:48.742+0000] {logging_mixin.py:190} INFO - [2026-08-07T01:00:48.742+0000] {dagbag.py:588} INFO - Filling up the DagBag from /opt/airflow/dags/weather_dag.py
[2026-08-07T01:00:49.241+0000] {processor.py:925} INFO - DAG(s) 'weather_ingestion' retrieved from /opt/airflow/dags/weather_dag.py
[2026-08-07T01:00:49.255+0000] {logging_mixin.py:190} INFO - [2026-08-07T01:00:49.254+0000] {dag.py:3239} INFO - Sync 1 DAGs
[2026-08-07T01:00:49.266+0000] {logging_mixin.py:190} INFO - [2026-08-07T01:00:49.265+0000] {dag.py:4180} INFO - Setting next_dagrun for weather_ingestion to 2026-08-07 01:00:00+00:00, run_after=2026-08-07 02:00:00+00:00
[2026-08-07T01:00:49.274+0000] {processor.py:208} INFO - Processing /opt/airflow/dags/weather_dag.py took 0.548 seconds
[2026-08-07T01:01:19.319+0000] {processor.py:186} INFO - Started process (PID=11655) to work on /opt/airflow/dags/weather_dag.py
[2026-08-07T01:01:19.322+0000] {processor.py:914} INFO - Processing file /opt/airflow/dags/weather_dag.py for tasks to queue
[2026-08-07T01:01:19.326+0000] {logging_mixin.py:190} INFO - [2026-08-07T01:01:19.326+0000] {dagbag.py:588} INFO - Filling up the DagBag from /opt/airflow/dags/weather_dag.py
[2026-08-07T01:01:19.804+0000] {processor.py:925} INFO - DAG(s) 'weather_ingestion' retrieved from /opt/airflow/dags/weather_dag.py
[2026-08-07T01:01:19.816+0000] {logging_mixin.py:190} INFO - [2026-08-07T01:01:19.816+0000] {dag.py:3239} INFO - Sync 1 DAGs
[2026-08-07T01:01:19.825+0000] {logging_mixin.py:190} INFO - [2026-08-07T01:01:19.825+0000] {dag.py:4180} INFO - Setting next_dagrun for weather_ingestion to 2026-08-07 01:00:00+00:00, run_after=2026-08-07 02:00:00+00:00
[2026-08-07T01:01:19.833+0000] {processor.py:208} INFO - Processing /opt/airflow/dags/weather_dag.py took 0.526 seconds
[2026-08-07T01:01:49.934+0000] {processor.py:186} INFO - Started process (PID=11662) to work on /opt/airflow/dags/weather_dag.py
[2026-08-07T01:01:49.937+0000] {processor.py:914} INFO - Processing file /opt/airflow/dags/weather_dag.py for tasks to queue
[2026-08-07T01:01:49.939+0000] {logging_mixin.py:190} INFO - [2026-08-07T01:01:49.939+0000] {dagbag.py:588} INFO - Filling up the DagBag from /opt/airflow/dags/weather_dag.py
[2026-08-07T01:01:50.480+0000] {processor.py:925} INFO - DAG(s) 'weather_ingestion' retrieved from /opt/airflow/dags/weather_dag.py
[2026-08-07T01:01:50.535+0000] {logging_mixin.py:190} INFO - [2026-08-07T01:01:50.534+0000] {dag.py:3239} INFO - Sync 1 DAGs
[2026-08-07T01:01:50.550+0000] {logging_mixin.py:190} INFO - [2026-08-07T01:01:50.550+0000] {dag.py:4180} INFO - Setting next_dagrun for weather_ingestion to 2026-08-07 01:00:00+00:00, run_after=2026-08-07 02:00:00+00:00
[2026-08-07T01:01:50.558+0000] {processor.py:208} INFO - Processing /opt/airflow/dags/weather_dag.py took 0.637 seconds
[2026-08-07T01:02:20.614+0000] {processor.py:186} INFO - Started process (PID=11669) to work on /opt/airflow/dags/weather_dag.py
[2026-08-07T01:02:20.617+0000] {processor.py:914} INFO - Processing file /opt/airflow/dags/weather_dag.py for tasks to queue
[2026-08-07T01:02:20.620+0000] {logging_mixin.py:190} INFO - [2026-08-07T01:02:20.619+0000] {dagbag.py:588} INFO - Filling up the DagBag from /opt/airflow/dags/weather_dag.py
[2026-08-07T01:02:20.982+0000] {processor.py:925} INFO - DAG(s) 'weather_ingestion' retrieved from /opt/airflow/dags/weather_dag.py
[2026-08-07T01:02:20.992+0000] {logging_mixin.py:190} INFO - [2026-08-07T01:02:20.992+0000] {dag.py:3239} INFO - Sync 1 DAGs
[2026-08-07T01:02:21.001+0000] {logging_mixin.py:190} INFO - [2026-08-07T01:02:21.001+0000] {dag.py:4180} INFO - Setting next_dagrun for weather_ingestion to 2026-08-07 01:00:00+00:00, run_after=2026-08-07 02:00:00+00:00
[2026-08-07T01:02:21.008+0000] {processor.py:208} INFO - Processing /opt/airflow/dags/weather_dag.py took 0.403 seconds
[2026-08-07T01:02:51.270+0000] {processor.py:186} INFO - Started process (PID=11681) to work on /opt/airflow/dags/weather_dag.py
[2026-08-07T01:02:51.272+0000] {processor.py:914} INFO - Processing file /opt/airflow/dags/weather_dag.py for tasks to queue
[2026-08-07T01:02:51.273+0000] {logging_mixin.py:190} INFO - [2026-08-07T01:02:51.273+0000] {dagbag.py:588} INFO - Filling up the DagBag from /opt/airflow/dags/weather_dag.py
[2026-08-07T01:02:51.583+0000] {processor.py:925} INFO - DAG(s) 'weather_ingestion' retrieved from /opt/airflow/dags/weather_dag.py
[2026-08-07T01:02:51.593+0000] {logging_mixin.py:190} INFO - [2026-08-07T01:02:51.593+0000] {dag.py:3239} INFO - Sync 1 DAGs
[2026-08-07T01:02:51.601+0000] {logging_mixin.py:190} INFO - [2026-08-07T01:02:51.601+0000] {dag.py:4180} INFO - Setting next_dagrun for weather_ingestion to 2026-08-07 01:00:00+00:00, run_after=2026-08-07 02:00:00+00:00
[2026-08-07T01:02:51.607+0000] {processor.py:208} INFO - Processing /opt/airflow/dags/weather_dag.py took 0.342 seconds
[2026-08-07T01:20:00.673+0000] {processor.py:186} INFO - Started process (PID=11688) to work on /opt/airflow/dags/weather_dag.py
[2026-08-07T01:20:00.675+0000] {processor.py:914} INFO - Processing file /opt/airflow/dags/weather_dag.py for tasks to queue
[2026-08-07T01:20:00.680+0000] {logging_mixin.py:190} INFO - [2026-08-07T01:20:00.680+0000] {dagbag.py:588} INFO - Filling up the DagBag from /opt/airflow/dags/weather_dag.py
[2026-08-07T01:20:01.179+0000] {processor.py:925} INFO - DAG(s) 'weather_ingestion' retrieved from /opt/airflow/dags/weather_dag.py
[2026-08-07T01:20:01.191+0000] {logging_mixin.py:190} INFO - [2026-08-07T01:20:01.191+0000] {dag.py:3239} INFO - Sync 1 DAGs
[2026-08-07T01:20:01.200+0000] {logging_mixin.py:190} INFO - [2026-08-07T01:20:01.200+0000] {dag.py:4180} INFO - Setting next_dagrun for weather_ingestion to 2026-08-07 01:00:00+00:00, run_after=2026-08-07 02:00:00+00:00
[2026-08-07T01:20:01.206+0000] {processor.py:208} INFO - Processing /opt/airflow/dags/weather_dag.py took 0.551 seconds
[2026-08-07T01:20:31.571+0000] {processor.py:186} INFO - Started process (PID=11695) to work on /opt/airflow/dags/weather_dag.py
[2026-08-07T01:20:31.573+0000] {processor.py:914} INFO - Processing file /opt/airflow/dags/weather_dag.py for tasks to queue
[2026-08-07T01:20:31.578+0000] {logging_mixin.py:190} INFO - [2026-08-07T01:20:31.577+0000] {dagbag.py:588} INFO - Filling up the DagBag from /opt/airflow/dags/weather_dag.py
[2026-08-07T01:20:31.972+0000] {processor.py:925} INFO - DAG(s) 'weather_ingestion' retrieved from /opt/airflow/dags/weather_dag.py
[2026-08-07T01:20:31.984+0000] {logging_mixin.py:190} INFO - [2026-08-07T01:20:31.984+0000] {dag.py:3239} INFO - Sync 1 DAGs
[2026-08-07T01:20:31.994+0000] {logging_mixin.py:190} INFO - [2026-08-07T01:20:31.994+0000] {dag.py:4180} INFO - Setting next_dagrun for weather_ingestion to 2026-08-07 01:00:00+00:00, run_after=2026-08-07 02:00:00+00:00
[2026-08-07T01:20:32.000+0000] {processor.py:208} INFO - Processing /opt/airflow/dags/weather_dag.py took 0.444 seconds
[2026-08-07T01:21:02.294+0000] {processor.py:186} INFO - Started process (PID=11702) to work on /opt/airflow/dags/weather_dag.py
[2026-08-07T01:21:02.296+0000] {processor.py:914} INFO - Processing file /opt/airflow/dags/weather_dag.py for tasks to queue
[2026-08-07T01:21:02.299+0000] {logging_mixin.py:190} INFO - [2026-08-07T01:21:02.298+0000] {dagbag.py:588} INFO - Filling up the DagBag from /opt/airflow/dags/weather_dag.py
[2026-08-07T01:21:02.578+0000] {processor.py:925} INFO - DAG(s) 'weather_ingestion' retrieved from /opt/airflow/dags/weather_dag.py
[2026-08-07T01:21:02.588+0000] {logging_mixin.py:190} INFO - [2026-08-07T01:21:02.588+0000] {dag.py:3239} INFO - Sync 1 DAGs
[2026-08-07T01:21:02.597+0000] {logging_mixin.py:190} INFO - [2026-08-07T01:21:02.597+0000] {dag.py:4180} INFO - Setting next_dagrun for weather_ingestion to 2026-08-07 01:00:00+00:00, run_after=2026-08-07 02:00:00+00:00
[2026-08-07T01:21:02.603+0000] {processor.py:208} INFO - Processing /opt/airflow/dags/weather_dag.py took 0.315 seconds
[2026-08-07T01:21:32.683+0000] {processor.py:186} INFO - Started process (PID=11709) to work on /opt/airflow/dags/weather_dag.py
[2026-08-07T01:21:32.686+0000] {processor.py:914} INFO - Processing file /opt/airflow/dags/weather_dag.py for tasks to queue
[2026-08-07T01:21:32.694+0000] {logging_mixin.py:190} INFO - [2026-08-07T01:21:32.693+0000] {dagbag.py:588} INFO - Filling up the DagBag from /opt/airflow/dags/weather_dag.py
[2026-08-07T01:21:33.252+0000] {processor.py:925} INFO - DAG(s) 'weather_ingestion' retrieved from /opt/airflow/dags/weather_dag.py
[2026-08-07T01:21:33.264+0000] {logging_mixin.py:190} INFO - [2026-08-07T01:21:33.264+0000] {dag.py:3239} INFO - Sync 1 DAGs
[2026-08-07T01:21:33.274+0000] {logging_mixin.py:190} INFO - [2026-08-07T01:21:33.274+0000] {dag.py:4180} INFO - Setting next_dagrun for weather_ingestion to 2026-08-07 01:00:00+00:00, run_after=2026-08-07 02:00:00+00:00
[2026-08-07T01:21:33.281+0000] {processor.py:208} INFO - Processing /opt/airflow/dags/weather_dag.py took 0.616 seconds
[2026-08-07T01:22:03.331+0000] {processor.py:186} INFO - Started process (PID=11716) to work on /opt/airflow/dags/weather_dag.py
[2026-08-07T01:22:03.334+0000] {processor.py:914} INFO - Processing file /opt/airflow/dags/weather_dag.py for tasks to queue
[2026-08-07T01:22:03.337+0000] {logging_mixin.py:190} INFO - [2026-08-07T01:22:03.337+0000] {dagbag.py:588} INFO - Filling up the DagBag from /opt/airflow/dags/weather_dag.py
[2026-08-07T01:22:03.630+0000] {processor.py:925} INFO - DAG(s) 'weather_ingestion' retrieved from /opt/airflow/dags/weather_dag.py
[2026-08-07T01:22:03.641+0000] {logging_mixin.py:190} INFO - [2026-08-07T01:22:03.641+0000] {dag.py:3239} INFO - Sync 1 DAGs
[2026-08-07T01:22:03.649+0000] {logging_mixin.py:190} INFO - [2026-08-07T01:22:03.649+0000] {dag.py:4180} INFO - Setting next_dagrun for weather_ingestion to 2026-08-07 01:00:00+00:00, run_after=2026-08-07 02:00:00+00:00
[2026-08-07T01:22:03.656+0000] {processor.py:208} INFO - Processing /opt/airflow/dags/weather_dag.py took 0.333 seconds
[2026-08-07T01:23:37.404+0000] {processor.py:186} INFO - Started process (PID=11723) to work on /opt/airflow/dags/weather_dag.py
[2026-08-07T01:23:37.405+0000] {processor.py:914} INFO - Processing file /opt/airflow/dags/weather_dag.py for tasks to queue
[2026-08-07T01:23:37.409+0000] {logging_mixin.py:190} INFO - [2026-08-07T01:23:37.408+0000] {dagbag.py:588} INFO - Filling up the DagBag from /opt/airflow/dags/weather_dag.py
[2026-08-07T01:23:37.793+0000] {processor.py:925} INFO - DAG(s) 'weather_ingestion' retrieved from /opt/airflow/dags/weather_dag.py
[2026-08-07T01:23:37.804+0000] {logging_mixin.py:190} INFO - [2026-08-07T01:23:37.804+0000] {dag.py:3239} INFO - Sync 1 DAGs
[2026-08-07T01:23:37.813+0000] {logging_mixin.py:190} INFO - [2026-08-07T01:23:37.813+0000] {dag.py:4180} INFO - Setting next_dagrun for weather_ingestion to 2026-08-07 01:00:00+00:00, run_after=2026-08-07 02:00:00+00:00
[2026-08-07T01:23:37.819+0000] {processor.py:208} INFO - Processing /opt/airflow/dags/weather_dag.py took 0.424 seconds
[2026-08-07T01:24:08.062+0000] {processor.py:186} INFO - Started process (PID=11730) to work on /opt/airflow/dags/weather_dag.py
[2026-08-07T01:24:08.063+0000] {processor.py:914} INFO - Processing file /opt/airflow/dags/weather_dag.py for tasks to queue
[2026-08-07T01:24:08.065+0000] {logging_mixin.py:190} INFO - [2026-08-07T01:24:08.065+0000] {dagbag.py:588} INFO - Filling up the DagBag from /opt/airflow/dags/weather_dag.py
[2026-08-07T01:24:08.367+0000] {processor.py:925} INFO - DAG(s) 'weather_ingestion' retrieved from /opt/airflow/dags/weather_dag.py
[2026-08-07T01:24:08.377+0000] {logging_mixin.py:190} INFO - [2026-08-07T01:24:08.377+0000] {dag.py:3239} INFO - Sync 1 DAGs
[2026-08-07T01:24:08.385+0000] {logging_mixin.py:190} INFO - [2026-08-07T01:24:08.385+0000] {dag.py:4180} INFO - Setting next_dagrun for weather_ingestion to 2026-08-07 01:00:00+00:00, run_after=2026-08-07 02:00:00+00:00
[2026-08-07T01:24:08.391+0000] {processor.py:208} INFO - Processing /opt/airflow/dags/weather_dag.py took 0.336 seconds
[2026-08-07T01:24:38.774+0000] {processor.py:186} INFO - Started process (PID=11737) to work on /opt/airflow/dags/weather_dag.py
[2026-08-07T01:24:38.776+0000] {processor.py:914} INFO - Processing file /opt/airflow/dags/weather_dag.py for tasks to queue
[2026-08-07T01:24:38.779+0000] {logging_mixin.py:190} INFO - [2026-08-07T01:24:38.779+0000] {dagbag.py:588} INFO - Filling up the DagBag from /opt/airflow/dags/weather_dag.py
[2026-08-07T01:24:39.163+0000] {processor.py:925} INFO - DAG(s) 'weather_ingestion' retrieved from /opt/airflow/dags/weather_dag.py
[2026-08-07T01:24:39.174+0000] {logging_mixin.py:190} INFO - [2026-08-07T01:24:39.174+0000] {dag.py:3239} INFO - Sync 1 DAGs
[2026-08-07T01:24:39.183+0000] {logging_mixin.py:190} INFO - [2026-08-07T01:24:39.183+0000] {dag.py:4180} INFO - Setting next_dagrun for weather_ingestion to 2026-08-07 01:00:00+00:00, run_after=2026-08-07 02:00:00+00:00
[2026-08-07T01:24:39.189+0000] {processor.py:208} INFO - Processing /opt/airflow/dags/weather_dag.py took 0.423 seconds
[2026-08-07T01:25:09.545+0000] {processor.py:186} INFO - Started process (PID=11744) to work on /opt/airflow/dags/weather_dag.py
[2026-08-07T01:25:09.546+0000] {processor.py:914} INFO - Processing file /opt/airflow/dags/weather_dag.py for tasks to queue
[2026-08-07T01:25:09.547+0000] {logging_mixin.py:190} INFO - [2026-08-07T01:25:09.547+0000] {dagbag.py:588} INFO - Filling up the DagBag from /opt/airflow/dags/weather_dag.py
[2026-08-07T01:25:09.876+0000] {processor.py:925} INFO - DAG(s) 'weather_ingestion' retrieved from /opt/airflow/dags/weather_dag.py
[2026-08-07T01:25:09.886+0000] {logging_mixin.py:190} INFO - [2026-08-07T01:25:09.886+0000] {dag.py:3239} INFO - Sync 1 DAGs
[2026-08-07T01:25:09.896+0000] {logging_mixin.py:190} INFO - [2026-08-07T01:25:09.896+0000] {dag.py:4180} INFO - Setting next_dagrun for weather_ingestion to 2026-08-07 01:00:00+00:00, run_after=2026-08-07 02:00:00+00:00
[2026-08-07T01:25:09.902+0000] {processor.py:208} INFO - Processing /opt/airflow/dags/weather_dag.py took 0.362 seconds
[2026-08-07T01:25:40.239+0000] {processor.py:186} INFO - Started process (PID=11751) to work on /opt/airflow/dags/weather_dag.py
[2026-08-07T01:25:40.241+0000] {processor.py:914} INFO - Processing file /opt/airflow/dags/weather_dag.py for tasks to queue
[2026-08-07T01:25:40.244+0000] {logging_mixin.py:190} INFO - [2026-08-07T01:25:40.243+0000] {dagbag.py:588} INFO - Filling up the DagBag from /opt/airflow/dags/weather_dag.py
[2026-08-07T01:25:40.569+0000] {processor.py:925} INFO - DAG(s) 'weather_ingestion' retrieved from /opt/airflow/dags/weather_dag.py
[2026-08-07T01:25:40.580+0000] {logging_mixin.py:190} INFO - [2026-08-07T01:25:40.580+0000] {dag.py:3239} INFO - Sync 1 DAGs
[2026-08-07T01:25:40.589+0000] {logging_mixin.py:190} INFO - [2026-08-07T01:25:40.589+0000] {dag.py:4180} INFO - Setting next_dagrun for weather_ingestion to 2026-08-07 01:00:00+00:00, run_after=2026-08-07 02:00:00+00:00
[2026-08-07T01:25:40.596+0000] {processor.py:208} INFO - Processing /opt/airflow/dags/weather_dag.py took 0.365 seconds
[2026-08-07T01:42:46.475+0000] {processor.py:186} INFO - Started process (PID=11758) to work on /opt/airflow/dags/weather_dag.py
[2026-08-07T01:42:46.477+0000] {processor.py:914} INFO - Processing file /opt/airflow/dags/weather_dag.py for tasks to queue
[2026-08-07T01:42:46.481+0000] {logging_mixin.py:190} INFO - [2026-08-07T01:42:46.480+0000] {dagbag.py:588} INFO - Filling up the DagBag from /opt/airflow/dags/weather_dag.py
[2026-08-07T01:42:47.056+0000] {processor.py:925} INFO - DAG(s) 'weather_ingestion' retrieved from /opt/airflow/dags/weather_dag.py
[2026-08-07T01:42:47.070+0000] {logging_mixin.py:190} INFO - [2026-08-07T01:42:47.070+0000] {dag.py:3239} INFO - Sync 1 DAGs
[2026-08-07T01:42:47.080+0000] {logging_mixin.py:190} INFO - [2026-08-07T01:42:47.080+0000] {dag.py:4180} INFO - Setting next_dagrun for weather_ingestion to 2026-08-07 01:00:00+00:00, run_after=2026-08-07 02:00:00+00:00
[2026-08-07T01:42:47.087+0000] {processor.py:208} INFO - Processing /opt/airflow/dags/weather_dag.py took 0.627 seconds
[2026-08-07T01:43:17.427+0000] {processor.py:186} INFO - Started process (PID=11765) to work on /opt/airflow/dags/weather_dag.py
[2026-08-07T01:43:17.429+0000] {processor.py:914} INFO - Processing file /opt/airflow/dags/weather_dag.py for tasks to queue
[2026-08-07T01:43:17.434+0000] {logging_mixin.py:190} INFO - [2026-08-07T01:43:17.433+0000] {dagbag.py:588} INFO - Filling up the DagBag from /opt/airflow/dags/weather_dag.py
[2026-08-07T01:43:18.020+0000] {processor.py:925} INFO - DAG(s) 'weather_ingestion' retrieved from /opt/airflow/dags/weather_dag.py
[2026-08-07T01:43:18.033+0000] {logging_mixin.py:190} INFO - [2026-08-07T01:43:18.032+0000] {dag.py:3239} INFO - Sync 1 DAGs
[2026-08-07T01:43:18.042+0000] {logging_mixin.py:190} INFO - [2026-08-07T01:43:18.042+0000] {dag.py:4180} INFO - Setting next_dagrun for weather_ingestion to 2026-08-07 01:00:00+00:00, run_after=2026-08-07 02:00:00+00:00
[2026-08-07T01:43:18.048+0000] {processor.py:208} INFO - Processing /opt/airflow/dags/weather_dag.py took 0.633 seconds
[2026-08-07T01:43:48.302+0000] {processor.py:186} INFO - Started process (PID=11772) to work on /opt/airflow/dags/weather_dag.py
[2026-08-07T01:43:48.304+0000] {processor.py:914} INFO - Processing file /opt/airflow/dags/weather_dag.py for tasks to queue
[2026-08-07T01:43:48.306+0000] {logging_mixin.py:190} INFO - [2026-08-07T01:43:48.306+0000] {dagbag.py:588} INFO - Filling up the DagBag from /opt/airflow/dags/weather_dag.py
[2026-08-07T01:43:48.584+0000] {processor.py:925} INFO - DAG(s) 'weather_ingestion' retrieved from /opt/airflow/dags/weather_dag.py
[2026-08-07T01:43:48.594+0000] {logging_mixin.py:190} INFO - [2026-08-07T01:43:48.594+0000] {dag.py:3239} INFO - Sync 1 DAGs
[2026-08-07T01:43:48.603+0000] {logging_mixin.py:190} INFO - [2026-08-07T01:43:48.603+0000] {dag.py:4180} INFO - Setting next_dagrun for weather_ingestion to 2026-08-07 01:00:00+00:00, run_after=2026-08-07 02:00:00+00:00
[2026-08-07T01:43:48.609+0000] {processor.py:208} INFO - Processing /opt/airflow/dags/weather_dag.py took 0.313 seconds
[2026-08-07T01:44:18.682+0000] {processor.py:186} INFO - Started process (PID=11779) to work on /opt/airflow/dags/weather_dag.py
[2026-08-07T01:44:18.684+0000] {processor.py:914} INFO - Processing file /opt/airflow/dags/weather_dag.py for tasks to queue
[2026-08-07T01:44:18.687+0000] {logging_mixin.py:190} INFO - [2026-08-07T01:44:18.687+0000] {dagbag.py:588} INFO - Filling up the DagBag from /opt/airflow/dags/weather_dag.py
[2026-08-07T01:44:18.985+0000] {processor.py:925} INFO - DAG(s) 'weather_ingestion' retrieved from /opt/airflow/dags/weather_dag.py
[2026-08-07T01:44:18.994+0000] {logging_mixin.py:190} INFO - [2026-08-07T01:44:18.994+0000] {dag.py:3239} INFO - Sync 1 DAGs
[2026-08-07T01:44:19.003+0000] {logging_mixin.py:190} INFO - [2026-08-07T01:44:19.003+0000] {dag.py:4180} INFO - Setting next_dagrun for weather_ingestion to 2026-08-07 01:00:00+00:00, run_after=2026-08-07 02:00:00+00:00
[2026-08-07T01:44:19.009+0000] {processor.py:208} INFO - Processing /opt/airflow/dags/weather_dag.py took 0.334 seconds
[2026-08-07T02:00:42.053+0000] {processor.py:186} INFO - Started process (PID=11786) to work on /opt/airflow/dags/weather_dag.py
[2026-08-07T02:00:42.055+0000] {processor.py:914} INFO - Processing file /opt/airflow/dags/weather_dag.py for tasks to queue
[2026-08-07T02:00:42.060+0000] {logging_mixin.py:190} INFO - [2026-08-07T02:00:42.060+0000] {dagbag.py:588} INFO - Filling up the DagBag from /opt/airflow/dags/weather_dag.py
[2026-08-07T02:00:42.514+0000] {processor.py:925} INFO - DAG(s) 'weather_ingestion' retrieved from /opt/airflow/dags/weather_dag.py
[2026-08-07T02:00:42.527+0000] {logging_mixin.py:190} INFO - [2026-08-07T02:00:42.527+0000] {dag.py:3239} INFO - Sync 1 DAGs
[2026-08-07T02:00:42.538+0000] {logging_mixin.py:190} INFO - [2026-08-07T02:00:42.538+0000] {dag.py:4180} INFO - Setting next_dagrun for weather_ingestion to 2026-08-07 02:00:00+00:00, run_after=2026-08-07 03:00:00+00:00
[2026-08-07T02:00:42.548+0000] {processor.py:208} INFO - Processing /opt/airflow/dags/weather_dag.py took 0.506 seconds
[2026-08-07T02:01:12.932+0000] {processor.py:186} INFO - Started process (PID=11798) to work on /opt/airflow/dags/weather_dag.py
[2026-08-07T02:01:12.934+0000] {processor.py:914} INFO - Processing file /opt/airflow/dags/weather_dag.py for tasks to queue
[2026-08-07T02:01:12.938+0000] {logging_mixin.py:190} INFO - [2026-08-07T02:01:12.937+0000] {dagbag.py:588} INFO - Filling up the DagBag from /opt/airflow/dags/weather_dag.py
[2026-08-07T02:01:13.354+0000] {processor.py:925} INFO - DAG(s) 'weather_ingestion' retrieved from /opt/airflow/dags/weather_dag.py
[2026-08-07T02:01:13.365+0000] {logging_mixin.py:190} INFO - [2026-08-07T02:01:13.365+0000] {dag.py:3239} INFO - Sync 1 DAGs
[2026-08-07T02:01:13.375+0000] {logging_mixin.py:190} INFO - [2026-08-07T02:01:13.375+0000] {dag.py:4180} INFO - Setting next_dagrun for weather_ingestion to 2026-08-07 02:00:00+00:00, run_after=2026-08-07 03:00:00+00:00
[2026-08-07T02:01:13.381+0000] {processor.py:208} INFO - Processing /opt/airflow/dags/weather_dag.py took 0.464 seconds
[2026-08-07T02:01:43.716+0000] {processor.py:186} INFO - Started process (PID=11805) to work on /opt/airflow/dags/weather_dag.py
[2026-08-07T02:01:43.719+0000] {processor.py:914} INFO - Processing file /opt/airflow/dags/weather_dag.py for tasks to queue
[2026-08-07T02:01:43.724+0000] {logging_mixin.py:190} INFO - [2026-08-07T02:01:43.723+0000] {dagbag.py:588} INFO - Filling up the DagBag from /opt/airflow/dags/weather_dag.py
[2026-08-07T02:01:44.296+0000] {processor.py:925} INFO - DAG(s) 'weather_ingestion' retrieved from /opt/airflow/dags/weather_dag.py
[2026-08-07T02:01:44.310+0000] {logging_mixin.py:190} INFO - [2026-08-07T02:01:44.310+0000] {dag.py:3239} INFO - Sync 1 DAGs
[2026-08-07T02:01:44.320+0000] {logging_mixin.py:190} INFO - [2026-08-07T02:01:44.320+0000] {dag.py:4180} INFO - Setting next_dagrun for weather_ingestion to 2026-08-07 02:00:00+00:00, run_after=2026-08-07 03:00:00+00:00
[2026-08-07T02:01:44.327+0000] {processor.py:208} INFO - Processing /opt/airflow/dags/weather_dag.py took 0.625 seconds
[2026-08-07T02:02:14.691+0000] {processor.py:186} INFO - Started process (PID=11812) to work on /opt/airflow/dags/weather_dag.py
[2026-08-07T02:02:14.694+0000] {processor.py:914} INFO - Processing file /opt/airflow/dags/weather_dag.py for tasks to queue
[2026-08-07T02:02:14.697+0000] {logging_mixin.py:190} INFO - [2026-08-07T02:02:14.697+0000] {dagbag.py:588} INFO - Filling up the DagBag from /opt/airflow/dags/weather_dag.py
[2026-08-07T02:02:14.985+0000] {processor.py:925} INFO - DAG(s) 'weather_ingestion' retrieved from /opt/airflow/dags/weather_dag.py
[2026-08-07T02:02:14.995+0000] {logging_mixin.py:190} INFO - [2026-08-07T02:02:14.995+0000] {dag.py:3239} INFO - Sync 1 DAGs
[2026-08-07T02:02:15.003+0000] {logging_mixin.py:190} INFO - [2026-08-07T02:02:15.003+0000] {dag.py:4180} INFO - Setting next_dagrun for weather_ingestion to 2026-08-07 02:00:00+00:00, run_after=2026-08-07 03:00:00+00:00
[2026-08-07T02:02:15.010+0000] {processor.py:208} INFO - Processing /opt/airflow/dags/weather_dag.py took 0.327 seconds
[2026-08-07T02:02:46.157+0000] {processor.py:186} INFO - Started process (PID=11819) to work on /opt/airflow/dags/weather_dag.py
[2026-08-07T02:02:46.215+0000] {processor.py:914} INFO - Processing file /opt/airflow/dags/weather_dag.py for tasks to queue
[2026-08-07T02:02:46.236+0000] {logging_mixin.py:190} INFO - [2026-08-07T02:02:46.236+0000] {dagbag.py:588} INFO - Filling up the DagBag from /opt/airflow/dags/weather_dag.py
[2026-08-07T02:02:47.456+0000] {processor.py:925} INFO - DAG(s) 'weather_ingestion' retrieved from /opt/airflow/dags/weather_dag.py
[2026-08-07T02:02:47.488+0000] {logging_mixin.py:190} INFO - [2026-08-07T02:02:47.488+0000] {dag.py:3239} INFO - Sync 1 DAGs
[2026-08-07T02:02:47.508+0000] {logging_mixin.py:190} INFO - [2026-08-07T02:02:47.508+0000] {dag.py:4180} INFO - Setting next_dagrun for weather_ingestion to 2026-08-07 02:00:00+00:00, run_after=2026-08-07 03:00:00+00:00
[2026-08-07T02:02:47.525+0000] {processor.py:208} INFO - Processing /opt/airflow/dags/weather_dag.py took 1.377 seconds
[2026-08-07T02:19:35.552+0000] {processor.py:186} INFO - Started process (PID=11831) to work on /opt/airflow/dags/weather_dag.py
[2026-08-07T02:19:35.554+0000] {processor.py:914} INFO - Processing file /opt/airflow/dags/weather_dag.py for tasks to queue
[2026-08-07T02:19:35.556+0000] {logging_mixin.py:190} INFO - [2026-08-07T02:19:35.556+0000] {dagbag.py:588} INFO - Filling up the DagBag from /opt/airflow/dags/weather_dag.py
[2026-08-07T02:19:35.912+0000] {processor.py:925} INFO - DAG(s) 'weather_ingestion' retrieved from /opt/airflow/dags/weather_dag.py
[2026-08-07T02:19:35.923+0000] {logging_mixin.py:190} INFO - [2026-08-07T02:19:35.923+0000] {dag.py:3239} INFO - Sync 1 DAGs
[2026-08-07T02:19:35.933+0000] {logging_mixin.py:190} INFO - [2026-08-07T02:19:35.933+0000] {dag.py:4180} INFO - Setting next_dagrun for weather_ingestion to 2026-08-07 02:00:00+00:00, run_after=2026-08-07 03:00:00+00:00
[2026-08-07T02:19:35.940+0000] {processor.py:208} INFO - Processing /opt/airflow/dags/weather_dag.py took 0.395 seconds
[2026-08-07T02:20:06.406+0000] {processor.py:186} INFO - Started process (PID=11843) to work on /opt/airflow/dags/weather_dag.py
[2026-08-07T02:20:06.408+0000] {processor.py:914} INFO - Processing file /opt/airflow/dags/weather_dag.py for tasks to queue
[2026-08-07T02:20:06.411+0000] {logging_mixin.py:190} INFO - [2026-08-07T02:20:06.410+0000] {dagbag.py:588} INFO - Filling up the DagBag from /opt/airflow/dags/weather_dag.py
[2026-08-07T02:20:07.042+0000] {processor.py:925} INFO - DAG(s) 'weather_ingestion' retrieved from /opt/airflow/dags/weather_dag.py
[2026-08-07T02:20:07.056+0000] {logging_mixin.py:190} INFO - [2026-08-07T02:20:07.056+0000] {dag.py:3239} INFO - Sync 1 DAGs
[2026-08-07T02:20:07.066+0000] {logging_mixin.py:190} INFO - [2026-08-07T02:20:07.066+0000] {dag.py:4180} INFO - Setting next_dagrun for weather_ingestion to 2026-08-07 02:00:00+00:00, run_after=2026-08-07 03:00:00+00:00
[2026-08-07T02:20:07.073+0000] {processor.py:208} INFO - Processing /opt/airflow/dags/weather_dag.py took 0.679 seconds
[2026-08-07T02:20:37.304+0000] {processor.py:186} INFO - Started process (PID=11850) to work on /opt/airflow/dags/weather_dag.py
[2026-08-07T02:20:37.306+0000] {processor.py:914} INFO - Processing file /opt/airflow/dags/weather_dag.py for tasks to queue
[2026-08-07T02:20:37.308+0000] {logging_mixin.py:190} INFO - [2026-08-07T02:20:37.307+0000] {dagbag.py:588} INFO - Filling up the DagBag from /opt/airflow/dags/weather_dag.py
[2026-08-07T02:20:37.594+0000] {processor.py:925} INFO - DAG(s) 'weather_ingestion' retrieved from /opt/airflow/dags/weather_dag.py
[2026-08-07T02:20:37.605+0000] {logging_mixin.py:190} INFO - [2026-08-07T02:20:37.605+0000] {dag.py:3239} INFO - Sync 1 DAGs
[2026-08-07T02:20:37.613+0000] {logging_mixin.py:190} INFO - [2026-08-07T02:20:37.613+0000] {dag.py:4180} INFO - Setting next_dagrun for weather_ingestion to 2026-08-07 02:00:00+00:00, run_after=2026-08-07 03:00:00+00:00
[2026-08-07T02:20:37.620+0000] {processor.py:208} INFO - Processing /opt/airflow/dags/weather_dag.py took 0.322 seconds
[2026-08-07T02:21:07.798+0000] {processor.py:186} INFO - Started process (PID=11857) to work on /opt/airflow/dags/weather_dag.py
[2026-08-07T02:21:07.801+0000] {processor.py:914} INFO - Processing file /opt/airflow/dags/weather_dag.py for tasks to queue
[2026-08-07T02:21:07.805+0000] {logging_mixin.py:190} INFO - [2026-08-07T02:21:07.804+0000] {dagbag.py:588} INFO - Filling up the DagBag from /opt/airflow/dags/weather_dag.py
[2026-08-07T02:21:08.181+0000] {processor.py:925} INFO - DAG(s) 'weather_ingestion' retrieved from /opt/airflow/dags/weather_dag.py
[2026-08-07T02:21:08.191+0000] {logging_mixin.py:190} INFO - [2026-08-07T02:21:08.191+0000] {dag.py:3239} INFO - Sync 1 DAGs
[2026-08-07T02:21:08.199+0000] {logging_mixin.py:190} INFO - [2026-08-07T02:21:08.199+0000] {dag.py:4180} INFO - Setting next_dagrun for weather_ingestion to 2026-08-07 02:00:00+00:00, run_after=2026-08-07 03:00:00+00:00
[2026-08-07T02:21:08.205+0000] {processor.py:208} INFO - Processing /opt/airflow/dags/weather_dag.py took 0.417 seconds
[2026-08-07T02:24:18.765+0000] {processor.py:186} INFO - Started process (PID=11864) to work on /opt/airflow/dags/weather_dag.py
[2026-08-07T02:24:18.767+0000] {processor.py:914} INFO - Processing file /opt/airflow/dags/weather_dag.py for tasks to queue
[2026-08-07T02:24:18.769+0000] {logging_mixin.py:190} INFO - [2026-08-07T02:24:18.769+0000] {dagbag.py:588} INFO - Filling up the DagBag from /opt/airflow/dags/weather_dag.py
[2026-08-07T02:24:19.074+0000] {processor.py:925} INFO - DAG(s) 'weather_ingestion' retrieved from /opt/airflow/dags/weather_dag.py
[2026-08-07T02:24:19.084+0000] {logging_mixin.py:190} INFO - [2026-08-07T02:24:19.084+0000] {dag.py:3239} INFO - Sync 1 DAGs
[2026-08-07T02:24:19.092+0000] {logging_mixin.py:190} INFO - [2026-08-07T02:24:19.092+0000] {dag.py:4180} INFO - Setting next_dagrun for weather_ingestion to 2026-08-07 02:00:00+00:00, run_after=2026-08-07 03:00:00+00:00
[2026-08-07T02:24:19.098+0000] {processor.py:208} INFO - Processing /opt/airflow/dags/weather_dag.py took 0.339 seconds
[2026-08-07T02:24:49.480+0000] {processor.py:186} INFO - Started process (PID=11871) to work on /opt/airflow/dags/weather_dag.py
[2026-08-07T02:24:49.483+0000] {processor.py:914} INFO - Processing file /opt/airflow/dags/weather_dag.py for tasks to queue
[2026-08-07T02:24:49.486+0000] {logging_mixin.py:190} INFO - [2026-08-07T02:24:49.486+0000] {dagbag.py:588} INFO - Filling up the DagBag from /opt/airflow/dags/weather_dag.py
[2026-08-07T02:24:49.906+0000] {processor.py:925} INFO - DAG(s) 'weather_ingestion' retrieved from /opt/airflow/dags/weather_dag.py
[2026-08-07T02:24:49.918+0000] {logging_mixin.py:190} INFO - [2026-08-07T02:24:49.918+0000] {dag.py:3239} INFO - Sync 1 DAGs
[2026-08-07T02:24:49.928+0000] {logging_mixin.py:190} INFO - [2026-08-07T02:24:49.928+0000] {dag.py:4180} INFO - Setting next_dagrun for weather_ingestion to 2026-08-07 02:00:00+00:00, run_after=2026-08-07 03:00:00+00:00
[2026-08-07T02:24:49.935+0000] {processor.py:208} INFO - Processing /opt/airflow/dags/weather_dag.py took 0.468 seconds
[2026-08-07T02:25:20.370+0000] {processor.py:186} INFO - Started process (PID=11878) to work on /opt/airflow/dags/weather_dag.py
[2026-08-07T02:25:20.372+0000] {processor.py:914} INFO - Processing file /opt/airflow/dags/weather_dag.py for tasks to queue
[2026-08-07T02:25:20.375+0000] {logging_mixin.py:190} INFO - [2026-08-07T02:25:20.375+0000] {dagbag.py:588} INFO - Filling up the DagBag from /opt/airflow/dags/weather_dag.py
[2026-08-07T02:25:20.682+0000] {processor.py:925} INFO - DAG(s) 'weather_ingestion' retrieved from /opt/airflow/dags/weather_dag.py
[2026-08-07T02:25:20.692+0000] {logging_mixin.py:190} INFO - [2026-08-07T02:25:20.692+0000] {dag.py:3239} INFO - Sync 1 DAGs
[2026-08-07T02:25:20.700+0000] {logging_mixin.py:190} INFO - [2026-08-07T02:25:20.700+0000] {dag.py:4180} INFO - Setting next_dagrun for weather_ingestion to 2026-08-07 02:00:00+00:00, run_after=2026-08-07 03:00:00+00:00
[2026-08-07T02:25:20.706+0000] {processor.py:208} INFO - Processing /opt/airflow/dags/weather_dag.py took 0.344 seconds
[2026-08-07T02:25:50.781+0000] {processor.py:186} INFO - Started process (PID=11885) to work on /opt/airflow/dags/weather_dag.py
[2026-08-07T02:25:50.784+0000] {processor.py:914} INFO - Processing file /opt/airflow/dags/weather_dag.py for tasks to queue
[2026-08-07T02:25:50.788+0000] {logging_mixin.py:190} INFO - [2026-08-07T02:25:50.787+0000] {dagbag.py:588} INFO - Filling up the DagBag from /opt/airflow/dags/weather_dag.py
[2026-08-07T02:25:51.084+0000] {processor.py:925} INFO - DAG(s) 'weather_ingestion' retrieved from /opt/airflow/dags/weather_dag.py
[2026-08-07T02:25:51.094+0000] {logging_mixin.py:190} INFO - [2026-08-07T02:25:51.094+0000] {dag.py:3239} INFO - Sync 1 DAGs
[2026-08-07T02:25:51.102+0000] {logging_mixin.py:190} INFO - [2026-08-07T02:25:51.102+0000] {dag.py:4180} INFO - Setting next_dagrun for weather_ingestion to 2026-08-07 02:00:00+00:00, run_after=2026-08-07 03:00:00+00:00
[2026-08-07T02:25:51.110+0000] {processor.py:208} INFO - Processing /opt/airflow/dags/weather_dag.py took 0.339 seconds
[2026-08-07T02:26:21.644+0000] {processor.py:186} INFO - Started process (PID=11892) to work on /opt/airflow/dags/weather_dag.py
[2026-08-07T02:26:21.648+0000] {processor.py:914} INFO - Processing file /opt/airflow/dags/weather_dag.py for tasks to queue
[2026-08-07T02:26:21.653+0000] {logging_mixin.py:190} INFO - [2026-08-07T02:26:21.653+0000] {dagbag.py:588} INFO - Filling up the DagBag from /opt/airflow/dags/weather_dag.py
[2026-08-07T02:26:24.947+0000] {processor.py:925} INFO - DAG(s) 'weather_ingestion' retrieved from /opt/airflow/dags/weather_dag.py
[2026-08-07T02:26:25.420+0000] {logging_mixin.py:190} INFO - [2026-08-07T02:26:25.418+0000] {dag.py:3239} INFO - Sync 1 DAGs
[2026-08-07T02:26:26.039+0000] {logging_mixin.py:190} INFO - [2026-08-07T02:26:26.036+0000] {dag.py:4180} INFO - Setting next_dagrun for weather_ingestion to 2026-08-07 02:00:00+00:00, run_after=2026-08-07 03:00:00+00:00
[2026-08-07T02:26:26.268+0000] {processor.py:208} INFO - Processing /opt/airflow/dags/weather_dag.py took 4.637 seconds
[2026-08-07T02:42:09.848+0000] {processor.py:186} INFO - Started process (PID=11899) to work on /opt/airflow/dags/weather_dag.py
[2026-08-07T02:42:09.849+0000] {processor.py:914} INFO - Processing file /opt/airflow/dags/weather_dag.py for tasks to queue
[2026-08-07T02:42:09.852+0000] {logging_mixin.py:190} INFO - [2026-08-07T02:42:09.852+0000] {dagbag.py:588} INFO - Filling up the DagBag from /opt/airflow/dags/weather_dag.py
[2026-08-07T02:42:10.332+0000] {processor.py:925} INFO - DAG(s) 'weather_ingestion' retrieved from /opt/airflow/dags/weather_dag.py
[2026-08-07T02:42:10.344+0000] {logging_mixin.py:190} INFO - [2026-08-07T02:42:10.344+0000] {dag.py:3239} INFO - Sync 1 DAGs
[2026-08-07T02:42:10.353+0000] {logging_mixin.py:190} INFO - [2026-08-07T02:42:10.353+0000] {dag.py:4180} INFO - Setting next_dagrun for weather_ingestion to 2026-08-07 02:00:00+00:00, run_after=2026-08-07 03:00:00+00:00
[2026-08-07T02:42:10.359+0000] {processor.py:208} INFO - Processing /opt/airflow/dags/weather_dag.py took 0.521 seconds
[2026-08-07T02:42:40.700+0000] {processor.py:186} INFO - Started process (PID=11906) to work on /opt/airflow/dags/weather_dag.py
[2026-08-07T02:42:40.702+0000] {processor.py:914} INFO - Processing file /opt/airflow/dags/weather_dag.py for tasks to queue
[2026-08-07T02:42:40.709+0000] {logging_mixin.py:190} INFO - [2026-08-07T02:42:40.708+0000] {dagbag.py:588} INFO - Filling up the DagBag from /opt/airflow/dags/weather_dag.py
[2026-08-07T02:42:41.258+0000] {processor.py:925} INFO - DAG(s) 'weather_ingestion' retrieved from /opt/airflow/dags/weather_dag.py
[2026-08-07T02:42:41.270+0000] {logging_mixin.py:190} INFO - [2026-08-07T02:42:41.270+0000] {dag.py:3239} INFO - Sync 1 DAGs
[2026-08-07T02:42:41.279+0000] {logging_mixin.py:190} INFO - [2026-08-07T02:42:41.279+0000] {dag.py:4180} INFO - Setting next_dagrun for weather_ingestion to 2026-08-07 02:00:00+00:00, run_after=2026-08-07 03:00:00+00:00
[2026-08-07T02:42:41.286+0000] {processor.py:208} INFO - Processing /opt/airflow/dags/weather_dag.py took 0.600 seconds
[2026-08-07T02:43:11.580+0000] {processor.py:186} INFO - Started process (PID=11913) to work on /opt/airflow/dags/weather_dag.py
[2026-08-07T02:43:11.583+0000] {processor.py:914} INFO - Processing file /opt/airflow/dags/weather_dag.py for tasks to queue
[2026-08-07T02:43:11.587+0000] {logging_mixin.py:190} INFO - [2026-08-07T02:43:11.586+0000] {dagbag.py:588} INFO - Filling up the DagBag from /opt/airflow/dags/weather_dag.py
[2026-08-07T02:43:11.984+0000] {processor.py:925} INFO - DAG(s) 'weather_ingestion' retrieved from /opt/airflow/dags/weather_dag.py
[2026-08-07T02:43:11.995+0000] {logging_mixin.py:190} INFO - [2026-08-07T02:43:11.995+0000] {dag.py:3239} INFO - Sync 1 DAGs
[2026-08-07T02:43:12.005+0000] {logging_mixin.py:190} INFO - [2026-08-07T02:43:12.005+0000] {dag.py:4180} INFO - Setting next_dagrun for weather_ingestion to 2026-08-07 02:00:00+00:00, run_after=2026-08-07 03:00:00+00:00
[2026-08-07T02:43:12.012+0000] {processor.py:208} INFO - Processing /opt/airflow/dags/weather_dag.py took 0.443 seconds
[2026-08-07T02:43:42.449+0000] {processor.py:186} INFO - Started process (PID=11920) to work on /opt/airflow/dags/weather_dag.py
[2026-08-07T02:43:42.452+0000] {processor.py:914} INFO - Processing file /opt/airflow/dags/weather_dag.py for tasks to queue
[2026-08-07T02:43:42.454+0000] {logging_mixin.py:190} INFO - [2026-08-07T02:43:42.454+0000] {dagbag.py:588} INFO - Filling up the DagBag from /opt/airflow/dags/weather_dag.py
[2026-08-07T02:43:42.728+0000] {processor.py:925} INFO - DAG(s) 'weather_ingestion' retrieved from /opt/airflow/dags/weather_dag.py
[2026-08-07T02:43:42.738+0000] {logging_mixin.py:190} INFO - [2026-08-07T02:43:42.738+0000] {dag.py:3239} INFO - Sync 1 DAGs
[2026-08-07T02:43:42.747+0000] {logging_mixin.py:190} INFO - [2026-08-07T02:43:42.747+0000] {dag.py:4180} INFO - Setting next_dagrun for weather_ingestion to 2026-08-07 02:00:00+00:00, run_after=2026-08-07 03:00:00+00:00
[2026-08-07T02:43:42.753+0000] {processor.py:208} INFO - Processing /opt/airflow/dags/weather_dag.py took 0.310 seconds
[2026-08-07T02:59:11.875+0000] {processor.py:186} INFO - Started process (PID=11927) to work on /opt/airflow/dags/weather_dag.py
[2026-08-07T02:59:11.879+0000] {processor.py:914} INFO - Processing file /opt/airflow/dags/weather_dag.py for tasks to queue
[2026-08-07T02:59:11.885+0000] {logging_mixin.py:190} INFO - [2026-08-07T02:59:11.885+0000] {dagbag.py:588} INFO - Filling up the DagBag from /opt/airflow/dags/weather_dag.py
[2026-08-07T02:59:12.307+0000] {processor.py:925} INFO - DAG(s) 'weather_ingestion' retrieved from /opt/airflow/dags/weather_dag.py
[2026-08-07T02:59:12.320+0000] {logging_mixin.py:190} INFO - [2026-08-07T02:59:12.320+0000] {dag.py:3239} INFO - Sync 1 DAGs
[2026-08-07T02:59:12.332+0000] {logging_mixin.py:190} INFO - [2026-08-07T02:59:12.332+0000] {dag.py:4180} INFO - Setting next_dagrun for weather_ingestion to 2026-08-07 02:00:00+00:00, run_after=2026-08-07 03:00:00+00:00
[2026-08-07T02:59:12.339+0000] {processor.py:208} INFO - Processing /opt/airflow/dags/weather_dag.py took 0.479 seconds
[2026-08-07T02:59:42.710+0000] {processor.py:186} INFO - Started process (PID=11934) to work on /opt/airflow/dags/weather_dag.py
[2026-08-07T02:59:42.713+0000] {processor.py:914} INFO - Processing file /opt/airflow/dags/weather_dag.py for tasks to queue
[2026-08-07T02:59:42.717+0000] {logging_mixin.py:190} INFO - [2026-08-07T02:59:42.717+0000] {dagbag.py:588} INFO - Filling up the DagBag from /opt/airflow/dags/weather_dag.py
[2026-08-07T02:59:43.098+0000] {processor.py:925} INFO - DAG(s) 'weather_ingestion' retrieved from /opt/airflow/dags/weather_dag.py
[2026-08-07T02:59:43.111+0000] {logging_mixin.py:190} INFO - [2026-08-07T02:59:43.111+0000] {dag.py:3239} INFO - Sync 1 DAGs
[2026-08-07T02:59:43.121+0000] {logging_mixin.py:190} INFO - [2026-08-07T02:59:43.121+0000] {dag.py:4180} INFO - Setting next_dagrun for weather_ingestion to 2026-08-07 02:00:00+00:00, run_after=2026-08-07 03:00:00+00:00
[2026-08-07T02:59:43.127+0000] {processor.py:208} INFO - Processing /opt/airflow/dags/weather_dag.py took 0.429 seconds
[2026-08-07T03:16:48.752+0000] {processor.py:186} INFO - Started process (PID=11946) to work on /opt/airflow/dags/weather_dag.py
[2026-08-07T03:16:48.754+0000] {processor.py:914} INFO - Processing file /opt/airflow/dags/weather_dag.py for tasks to queue
[2026-08-07T03:16:48.757+0000] {logging_mixin.py:190} INFO - [2026-08-07T03:16:48.757+0000] {dagbag.py:588} INFO - Filling up the DagBag from /opt/airflow/dags/weather_dag.py
[2026-08-07T03:16:49.238+0000] {processor.py:925} INFO - DAG(s) 'weather_ingestion' retrieved from /opt/airflow/dags/weather_dag.py
[2026-08-07T03:16:49.252+0000] {logging_mixin.py:190} INFO - [2026-08-07T03:16:49.252+0000] {dag.py:3239} INFO - Sync 1 DAGs
[2026-08-07T03:16:49.268+0000] {logging_mixin.py:190} INFO - [2026-08-07T03:16:49.268+0000] {dag.py:4180} INFO - Setting next_dagrun for weather_ingestion to 2026-08-07 03:00:00+00:00, run_after=2026-08-07 04:00:00+00:00
[2026-08-07T03:16:49.275+0000] {processor.py:208} INFO - Processing /opt/airflow/dags/weather_dag.py took 0.531 seconds
[2026-08-07T03:17:19.700+0000] {processor.py:186} INFO - Started process (PID=11953) to work on /opt/airflow/dags/weather_dag.py
[2026-08-07T03:17:19.704+0000] {processor.py:914} INFO - Processing file /opt/airflow/dags/weather_dag.py for tasks to queue
[2026-08-07T03:17:19.709+0000] {logging_mixin.py:190} INFO - [2026-08-07T03:17:19.708+0000] {dagbag.py:588} INFO - Filling up the DagBag from /opt/airflow/dags/weather_dag.py
[2026-08-07T03:17:20.284+0000] {processor.py:925} INFO - DAG(s) 'weather_ingestion' retrieved from /opt/airflow/dags/weather_dag.py
[2026-08-07T03:17:20.298+0000] {logging_mixin.py:190} INFO - [2026-08-07T03:17:20.297+0000] {dag.py:3239} INFO - Sync 1 DAGs
[2026-08-07T03:17:20.307+0000] {logging_mixin.py:190} INFO - [2026-08-07T03:17:20.307+0000] {dag.py:4180} INFO - Setting next_dagrun for weather_ingestion to 2026-08-07 03:00:00+00:00, run_after=2026-08-07 04:00:00+00:00
[2026-08-07T03:17:20.313+0000] {processor.py:208} INFO - Processing /opt/airflow/dags/weather_dag.py took 0.630 seconds
[2026-08-07T03:17:50.383+0000] {processor.py:186} INFO - Started process (PID=11960) to work on /opt/airflow/dags/weather_dag.py
[2026-08-07T03:17:50.386+0000] {processor.py:914} INFO - Processing file /opt/airflow/dags/weather_dag.py for tasks to queue
[2026-08-07T03:17:50.387+0000] {logging_mixin.py:190} INFO - [2026-08-07T03:17:50.387+0000] {dagbag.py:588} INFO - Filling up the DagBag from /opt/airflow/dags/weather_dag.py
[2026-08-07T03:17:50.683+0000] {processor.py:925} INFO - DAG(s) 'weather_ingestion' retrieved from /opt/airflow/dags/weather_dag.py
[2026-08-07T03:17:50.693+0000] {logging_mixin.py:190} INFO - [2026-08-07T03:17:50.693+0000] {dag.py:3239} INFO - Sync 1 DAGs
[2026-08-07T03:17:50.701+0000] {logging_mixin.py:190} INFO - [2026-08-07T03:17:50.701+0000] {dag.py:4180} INFO - Setting next_dagrun for weather_ingestion to 2026-08-07 03:00:00+00:00, run_after=2026-08-07 04:00:00+00:00
[2026-08-07T03:17:50.708+0000] {processor.py:208} INFO - Processing /opt/airflow/dags/weather_dag.py took 0.331 seconds
[2026-08-07T03:18:21.076+0000] {processor.py:186} INFO - Started process (PID=11967) to work on /opt/airflow/dags/weather_dag.py
[2026-08-07T03:18:21.079+0000] {processor.py:914} INFO - Processing file /opt/airflow/dags/weather_dag.py for tasks to queue
[2026-08-07T03:18:21.082+0000] {logging_mixin.py:190} INFO - [2026-08-07T03:18:21.082+0000] {dagbag.py:588} INFO - Filling up the DagBag from /opt/airflow/dags/weather_dag.py
[2026-08-07T03:18:21.362+0000] {processor.py:925} INFO - DAG(s) 'weather_ingestion' retrieved from /opt/airflow/dags/weather_dag.py
[2026-08-07T03:18:21.376+0000] {logging_mixin.py:190} INFO - [2026-08-07T03:18:21.376+0000] {dag.py:3239} INFO - Sync 1 DAGs
[2026-08-07T03:18:21.387+0000] {logging_mixin.py:190} INFO - [2026-08-07T03:18:21.387+0000] {dag.py:4180} INFO - Setting next_dagrun for weather_ingestion to 2026-08-07 03:00:00+00:00, run_after=2026-08-07 04:00:00+00:00
[2026-08-07T03:18:21.394+0000] {processor.py:208} INFO - Processing /opt/airflow/dags/weather_dag.py took 0.327 seconds
[2026-08-07T03:25:12.684+0000] {processor.py:186} INFO - Started process (PID=11974) to work on /opt/airflow/dags/weather_dag.py
[2026-08-07T03:25:12.686+0000] {processor.py:914} INFO - Processing file /opt/airflow/dags/weather_dag.py for tasks to queue
[2026-08-07T03:25:12.689+0000] {logging_mixin.py:190} INFO - [2026-08-07T03:25:12.688+0000] {dagbag.py:588} INFO - Filling up the DagBag from /opt/airflow/dags/weather_dag.py
[2026-08-07T03:25:12.926+0000] {processor.py:925} INFO - DAG(s) 'weather_ingestion' retrieved from /opt/airflow/dags/weather_dag.py
[2026-08-07T03:25:12.939+0000] {logging_mixin.py:190} INFO - [2026-08-07T03:25:12.938+0000] {dag.py:3239} INFO - Sync 1 DAGs
[2026-08-07T03:25:12.948+0000] {logging_mixin.py:190} INFO - [2026-08-07T03:25:12.948+0000] {dag.py:4180} INFO - Setting next_dagrun for weather_ingestion to 2026-08-07 03:00:00+00:00, run_after=2026-08-07 04:00:00+00:00
[2026-08-07T03:25:12.954+0000] {processor.py:208} INFO - Processing /opt/airflow/dags/weather_dag.py took 0.276 seconds
[2026-08-07T03:25:43.099+0000] {processor.py:186} INFO - Started process (PID=11986) to work on /opt/airflow/dags/weather_dag.py
[2026-08-07T03:25:43.100+0000] {processor.py:914} INFO - Processing file /opt/airflow/dags/weather_dag.py for tasks to queue
[2026-08-07T03:25:43.103+0000] {logging_mixin.py:190} INFO - [2026-08-07T03:25:43.103+0000] {dagbag.py:588} INFO - Filling up the DagBag from /opt/airflow/dags/weather_dag.py
[2026-08-07T03:25:43.560+0000] {processor.py:925} INFO - DAG(s) 'weather_ingestion' retrieved from /opt/airflow/dags/weather_dag.py
[2026-08-07T03:25:43.581+0000] {logging_mixin.py:190} INFO - [2026-08-07T03:25:43.580+0000] {dag.py:3239} INFO - Sync 1 DAGs
[2026-08-07T03:25:43.688+0000] {logging_mixin.py:190} INFO - [2026-08-07T03:25:43.688+0000] {dag.py:4180} INFO - Setting next_dagrun for weather_ingestion to 2026-08-07 03:00:00+00:00, run_after=2026-08-07 04:00:00+00:00
[2026-08-07T03:25:43.699+0000] {processor.py:208} INFO - Processing /opt/airflow/dags/weather_dag.py took 0.608 seconds
[2026-08-07T03:26:14.100+0000] {processor.py:186} INFO - Started process (PID=11993) to work on /opt/airflow/dags/weather_dag.py
[2026-08-07T03:26:14.102+0000] {processor.py:914} INFO - Processing file /opt/airflow/dags/weather_dag.py for tasks to queue
[2026-08-07T03:26:14.105+0000] {logging_mixin.py:190} INFO - [2026-08-07T03:26:14.104+0000] {dagbag.py:588} INFO - Filling up the DagBag from /opt/airflow/dags/weather_dag.py
[2026-08-07T03:26:14.336+0000] {processor.py:925} INFO - DAG(s) 'weather_ingestion' retrieved from /opt/airflow/dags/weather_dag.py
[2026-08-07T03:26:14.350+0000] {logging_mixin.py:190} INFO - [2026-08-07T03:26:14.350+0000] {dag.py:3239} INFO - Sync 1 DAGs
[2026-08-07T03:26:14.362+0000] {logging_mixin.py:190} INFO - [2026-08-07T03:26:14.362+0000] {dag.py:4180} INFO - Setting next_dagrun for weather_ingestion to 2026-08-07 03:00:00+00:00, run_after=2026-08-07 04:00:00+00:00
[2026-08-07T03:26:14.369+0000] {processor.py:208} INFO - Processing /opt/airflow/dags/weather_dag.py took 0.278 seconds
[2026-08-07T03:26:44.424+0000] {processor.py:186} INFO - Started process (PID=12000) to work on /opt/airflow/dags/weather_dag.py
[2026-08-07T03:26:44.426+0000] {processor.py:914} INFO - Processing file /opt/airflow/dags/weather_dag.py for tasks to queue
[2026-08-07T03:26:44.429+0000] {logging_mixin.py:190} INFO - [2026-08-07T03:26:44.429+0000] {dagbag.py:588} INFO - Filling up the DagBag from /opt/airflow/dags/weather_dag.py
[2026-08-07T03:26:44.680+0000] {processor.py:925} INFO - DAG(s) 'weather_ingestion' retrieved from /opt/airflow/dags/weather_dag.py
[2026-08-07T03:26:44.692+0000] {logging_mixin.py:190} INFO - [2026-08-07T03:26:44.691+0000] {dag.py:3239} INFO - Sync 1 DAGs
[2026-08-07T03:26:44.701+0000] {logging_mixin.py:190} INFO - [2026-08-07T03:26:44.701+0000] {dag.py:4180} INFO - Setting next_dagrun for weather_ingestion to 2026-08-07 03:00:00+00:00, run_after=2026-08-07 04:00:00+00:00
[2026-08-07T03:26:44.709+0000] {processor.py:208} INFO - Processing /opt/airflow/dags/weather_dag.py took 0.297 seconds
[2026-08-07T03:27:15.045+0000] {processor.py:186} INFO - Started process (PID=12007) to work on /opt/airflow/dags/weather_dag.py
[2026-08-07T03:27:15.047+0000] {processor.py:914} INFO - Processing file /opt/airflow/dags/weather_dag.py for tasks to queue
[2026-08-07T03:27:15.049+0000] {logging_mixin.py:190} INFO - [2026-08-07T03:27:15.048+0000] {dagbag.py:588} INFO - Filling up the DagBag from /opt/airflow/dags/weather_dag.py
[2026-08-07T03:27:15.274+0000] {processor.py:925} INFO - DAG(s) 'weather_ingestion' retrieved from /opt/airflow/dags/weather_dag.py
[2026-08-07T03:27:15.290+0000] {logging_mixin.py:190} INFO - [2026-08-07T03:27:15.289+0000] {dag.py:3239} INFO - Sync 1 DAGs
[2026-08-07T03:27:15.302+0000] {logging_mixin.py:190} INFO - [2026-08-07T03:27:15.302+0000] {dag.py:4180} INFO - Setting next_dagrun for weather_ingestion to 2026-08-07 03:00:00+00:00, run_after=2026-08-07 04:00:00+00:00
[2026-08-07T03:27:15.310+0000] {processor.py:208} INFO - Processing /opt/airflow/dags/weather_dag.py took 0.271 seconds
[2026-08-07T03:43:37.085+0000] {processor.py:186} INFO - Started process (PID=12021) to work on /opt/airflow/dags/weather_dag.py
[2026-08-07T03:43:37.091+0000] {processor.py:914} INFO - Processing file /opt/airflow/dags/weather_dag.py for tasks to queue
[2026-08-07T03:43:37.096+0000] {logging_mixin.py:190} INFO - [2026-08-07T03:43:37.096+0000] {dagbag.py:588} INFO - Filling up the DagBag from /opt/airflow/dags/weather_dag.py
[2026-08-07T03:43:37.369+0000] {processor.py:925} INFO - DAG(s) 'weather_ingestion' retrieved from /opt/airflow/dags/weather_dag.py
[2026-08-07T03:43:37.387+0000] {logging_mixin.py:190} INFO - [2026-08-07T03:43:37.386+0000] {dag.py:3239} INFO - Sync 1 DAGs
[2026-08-07T03:43:37.399+0000] {logging_mixin.py:190} INFO - [2026-08-07T03:43:37.399+0000] {dag.py:4180} INFO - Setting next_dagrun for weather_ingestion to 2026-08-07 03:00:00+00:00, run_after=2026-08-07 04:00:00+00:00
[2026-08-07T03:43:37.409+0000] {processor.py:208} INFO - Processing /opt/airflow/dags/weather_dag.py took 0.331 seconds
[2026-08-07T03:44:07.884+0000] {processor.py:186} INFO - Started process (PID=12031) to work on /opt/airflow/dags/weather_dag.py
[2026-08-07T03:44:07.885+0000] {processor.py:914} INFO - Processing file /opt/airflow/dags/weather_dag.py for tasks to queue
[2026-08-07T03:44:07.889+0000] {logging_mixin.py:190} INFO - [2026-08-07T03:44:07.889+0000] {dagbag.py:588} INFO - Filling up the DagBag from /opt/airflow/dags/weather_dag.py
[2026-08-07T03:44:08.218+0000] {processor.py:925} INFO - DAG(s) 'weather_ingestion' retrieved from /opt/airflow/dags/weather_dag.py
[2026-08-07T03:44:08.234+0000] {logging_mixin.py:190} INFO - [2026-08-07T03:44:08.234+0000] {dag.py:3239} INFO - Sync 1 DAGs
[2026-08-07T03:44:08.248+0000] {logging_mixin.py:190} INFO - [2026-08-07T03:44:08.248+0000] {dag.py:4180} INFO - Setting next_dagrun for weather_ingestion to 2026-08-07 03:00:00+00:00, run_after=2026-08-07 04:00:00+00:00
[2026-08-07T03:44:08.260+0000] {processor.py:208} INFO - Processing /opt/airflow/dags/weather_dag.py took 0.422 seconds
[2026-08-07T03:44:38.608+0000] {processor.py:186} INFO - Started process (PID=12038) to work on /opt/airflow/dags/weather_dag.py
[2026-08-07T03:44:38.609+0000] {processor.py:914} INFO - Processing file /opt/airflow/dags/weather_dag.py for tasks to queue
[2026-08-07T03:44:38.610+0000] {logging_mixin.py:190} INFO - [2026-08-07T03:44:38.610+0000] {dagbag.py:588} INFO - Filling up the DagBag from /opt/airflow/dags/weather_dag.py
[2026-08-07T03:44:38.829+0000] {processor.py:925} INFO - DAG(s) 'weather_ingestion' retrieved from /opt/airflow/dags/weather_dag.py
[2026-08-07T03:44:38.843+0000] {logging_mixin.py:190} INFO - [2026-08-07T03:44:38.843+0000] {dag.py:3239} INFO - Sync 1 DAGs
[2026-08-07T03:44:38.853+0000] {logging_mixin.py:190} INFO - [2026-08-07T03:44:38.853+0000] {dag.py:4180} INFO - Setting next_dagrun for weather_ingestion to 2026-08-07 03:00:00+00:00, run_after=2026-08-07 04:00:00+00:00
[2026-08-07T03:44:38.860+0000] {processor.py:208} INFO - Processing /opt/airflow/dags/weather_dag.py took 0.259 seconds
[2026-08-07T03:45:08.947+0000] {processor.py:186} INFO - Started process (PID=12045) to work on /opt/airflow/dags/weather_dag.py
[2026-08-07T03:45:08.948+0000] {processor.py:914} INFO - Processing file /opt/airflow/dags/weather_dag.py for tasks to queue
[2026-08-07T03:45:08.951+0000] {logging_mixin.py:190} INFO - [2026-08-07T03:45:08.951+0000] {dagbag.py:588} INFO - Filling up the DagBag from /opt/airflow/dags/weather_dag.py
[2026-08-07T03:45:09.218+0000] {processor.py:925} INFO - DAG(s) 'weather_ingestion' retrieved from /opt/airflow/dags/weather_dag.py
[2026-08-07T03:45:09.234+0000] {logging_mixin.py:190} INFO - [2026-08-07T03:45:09.234+0000] {dag.py:3239} INFO - Sync 1 DAGs
[2026-08-07T03:45:09.246+0000] {logging_mixin.py:190} INFO - [2026-08-07T03:45:09.246+0000] {dag.py:4180} INFO - Setting next_dagrun for weather_ingestion to 2026-08-07 03:00:00+00:00, run_after=2026-08-07 04:00:00+00:00
[2026-08-07T03:45:09.255+0000] {processor.py:208} INFO - Processing /opt/airflow/dags/weather_dag.py took 0.319 seconds
[2026-08-07T04:01:38.178+0000] {processor.py:186} INFO - Started process (PID=12052) to work on /opt/airflow/dags/weather_dag.py
[2026-08-07T04:01:38.180+0000] {processor.py:914} INFO - Processing file /opt/airflow/dags/weather_dag.py for tasks to queue
[2026-08-07T04:01:38.185+0000] {logging_mixin.py:190} INFO - [2026-08-07T04:01:38.184+0000] {dagbag.py:588} INFO - Filling up the DagBag from /opt/airflow/dags/weather_dag.py
[2026-08-07T04:01:38.645+0000] {processor.py:925} INFO - DAG(s) 'weather_ingestion' retrieved from /opt/airflow/dags/weather_dag.py
[2026-08-07T04:01:38.669+0000] {logging_mixin.py:190} INFO - [2026-08-07T04:01:38.668+0000] {dag.py:3239} INFO - Sync 1 DAGs
[2026-08-07T04:01:38.700+0000] {logging_mixin.py:190} INFO - [2026-08-07T04:01:38.700+0000] {dag.py:4180} INFO - Setting next_dagrun for weather_ingestion to 2026-08-07 04:00:00+00:00, run_after=2026-08-07 05:00:00+00:00
[2026-08-07T04:01:38.710+0000] {processor.py:208} INFO - Processing /opt/airflow/dags/weather_dag.py took 0.570 seconds
[2026-08-07T04:02:09.201+0000] {processor.py:186} INFO - Started process (PID=12064) to work on /opt/airflow/dags/weather_dag.py
[2026-08-07T04:02:09.204+0000] {processor.py:914} INFO - Processing file /opt/airflow/dags/weather_dag.py for tasks to queue
[2026-08-07T04:02:09.215+0000] {logging_mixin.py:190} INFO - [2026-08-07T04:02:09.213+0000] {dagbag.py:588} INFO - Filling up the DagBag from /opt/airflow/dags/weather_dag.py
[2026-08-07T04:02:09.615+0000] {processor.py:925} INFO - DAG(s) 'weather_ingestion' retrieved from /opt/airflow/dags/weather_dag.py
[2026-08-07T04:02:09.637+0000] {logging_mixin.py:190} INFO - [2026-08-07T04:02:09.637+0000] {dag.py:3239} INFO - Sync 1 DAGs
[2026-08-07T04:02:09.661+0000] {logging_mixin.py:190} INFO - [2026-08-07T04:02:09.661+0000] {dag.py:4180} INFO - Setting next_dagrun for weather_ingestion to 2026-08-07 04:00:00+00:00, run_after=2026-08-07 05:00:00+00:00
[2026-08-07T04:02:09.670+0000] {processor.py:208} INFO - Processing /opt/airflow/dags/weather_dag.py took 0.480 seconds
[2026-08-07T04:02:39.984+0000] {processor.py:186} INFO - Started process (PID=12071) to work on /opt/airflow/dags/weather_dag.py
[2026-08-07T04:02:39.986+0000] {processor.py:914} INFO - Processing file /opt/airflow/dags/weather_dag.py for tasks to queue
[2026-08-07T04:02:39.989+0000] {logging_mixin.py:190} INFO - [2026-08-07T04:02:39.989+0000] {dagbag.py:588} INFO - Filling up the DagBag from /opt/airflow/dags/weather_dag.py
[2026-08-07T04:02:40.215+0000] {processor.py:925} INFO - DAG(s) 'weather_ingestion' retrieved from /opt/airflow/dags/weather_dag.py
[2026-08-07T04:02:40.227+0000] {logging_mixin.py:190} INFO - [2026-08-07T04:02:40.226+0000] {dag.py:3239} INFO - Sync 1 DAGs
[2026-08-07T04:02:40.236+0000] {logging_mixin.py:190} INFO - [2026-08-07T04:02:40.236+0000] {dag.py:4180} INFO - Setting next_dagrun for weather_ingestion to 2026-08-07 04:00:00+00:00, run_after=2026-08-07 05:00:00+00:00
[2026-08-07T04:02:40.242+0000] {processor.py:208} INFO - Processing /opt/airflow/dags/weather_dag.py took 0.266 seconds
[2026-08-07T04:03:10.365+0000] {processor.py:186} INFO - Started process (PID=12078) to work on /opt/airflow/dags/weather_dag.py
[2026-08-07T04:03:10.367+0000] {processor.py:914} INFO - Processing file /opt/airflow/dags/weather_dag.py for tasks to queue
[2026-08-07T04:03:10.370+0000] {logging_mixin.py:190} INFO - [2026-08-07T04:03:10.370+0000] {dagbag.py:588} INFO - Filling up the DagBag from /opt/airflow/dags/weather_dag.py
[2026-08-07T04:03:10.606+0000] {processor.py:925} INFO - DAG(s) 'weather_ingestion' retrieved from /opt/airflow/dags/weather_dag.py
[2026-08-07T04:03:10.618+0000] {logging_mixin.py:190} INFO - [2026-08-07T04:03:10.618+0000] {dag.py:3239} INFO - Sync 1 DAGs
[2026-08-07T04:03:10.628+0000] {logging_mixin.py:190} INFO - [2026-08-07T04:03:10.628+0000] {dag.py:4180} INFO - Setting next_dagrun for weather_ingestion to 2026-08-07 04:00:00+00:00, run_after=2026-08-07 05:00:00+00:00
[2026-08-07T04:03:10.634+0000] {processor.py:208} INFO - Processing /opt/airflow/dags/weather_dag.py took 0.277 seconds
[2026-08-07T04:20:12.186+0000] {processor.py:186} INFO - Started process (PID=12085) to work on /opt/airflow/dags/weather_dag.py
[2026-08-07T04:20:12.194+0000] {processor.py:914} INFO - Processing file /opt/airflow/dags/weather_dag.py for tasks to queue
[2026-08-07T04:20:12.209+0000] {logging_mixin.py:190} INFO - [2026-08-07T04:20:12.208+0000] {dagbag.py:588} INFO - Filling up the DagBag from /opt/airflow/dags/weather_dag.py
[2026-08-07T04:20:18.819+0000] {processor.py:925} INFO - DAG(s) 'weather_ingestion' retrieved from /opt/airflow/dags/weather_dag.py
[2026-08-07T04:20:18.864+0000] {logging_mixin.py:190} INFO - [2026-08-07T04:20:18.863+0000] {dag.py:3239} INFO - Sync 1 DAGs
[2026-08-07T04:20:18.880+0000] {logging_mixin.py:190} INFO - [2026-08-07T04:20:18.880+0000] {dag.py:4180} INFO - Setting next_dagrun for weather_ingestion to 2026-08-07 04:00:00+00:00, run_after=2026-08-07 05:00:00+00:00
[2026-08-07T04:20:18.891+0000] {processor.py:208} INFO - Processing /opt/airflow/dags/weather_dag.py took 6.792 seconds
[2026-08-07T04:20:49.400+0000] {processor.py:186} INFO - Started process (PID=12097) to work on /opt/airflow/dags/weather_dag.py
[2026-08-07T04:20:49.402+0000] {processor.py:914} INFO - Processing file /opt/airflow/dags/weather_dag.py for tasks to queue
[2026-08-07T04:20:49.406+0000] {logging_mixin.py:190} INFO - [2026-08-07T04:20:49.406+0000] {dagbag.py:588} INFO - Filling up the DagBag from /opt/airflow/dags/weather_dag.py
[2026-08-07T04:20:50.006+0000] {processor.py:925} INFO - DAG(s) 'weather_ingestion' retrieved from /opt/airflow/dags/weather_dag.py
[2026-08-07T04:20:50.028+0000] {logging_mixin.py:190} INFO - [2026-08-07T04:20:50.027+0000] {dag.py:3239} INFO - Sync 1 DAGs
[2026-08-07T04:20:50.065+0000] {logging_mixin.py:190} INFO - [2026-08-07T04:20:50.065+0000] {dag.py:4180} INFO - Setting next_dagrun for weather_ingestion to 2026-08-07 04:00:00+00:00, run_after=2026-08-07 05:00:00+00:00
[2026-08-07T04:20:50.077+0000] {processor.py:208} INFO - Processing /opt/airflow/dags/weather_dag.py took 0.688 seconds
[2026-08-07T04:21:20.269+0000] {processor.py:186} INFO - Started process (PID=12104) to work on /opt/airflow/dags/weather_dag.py
[2026-08-07T04:21:20.272+0000] {processor.py:914} INFO - Processing file /opt/airflow/dags/weather_dag.py for tasks to queue
[2026-08-07T04:21:20.277+0000] {logging_mixin.py:190} INFO - [2026-08-07T04:21:20.276+0000] {dagbag.py:588} INFO - Filling up the DagBag from /opt/airflow/dags/weather_dag.py
[2026-08-07T04:21:20.564+0000] {processor.py:925} INFO - DAG(s) 'weather_ingestion' retrieved from /opt/airflow/dags/weather_dag.py
[2026-08-07T04:21:20.580+0000] {logging_mixin.py:190} INFO - [2026-08-07T04:21:20.580+0000] {dag.py:3239} INFO - Sync 1 DAGs
[2026-08-07T04:21:20.594+0000] {logging_mixin.py:190} INFO - [2026-08-07T04:21:20.593+0000] {dag.py:4180} INFO - Setting next_dagrun for weather_ingestion to 2026-08-07 04:00:00+00:00, run_after=2026-08-07 05:00:00+00:00
[2026-08-07T04:21:20.602+0000] {processor.py:208} INFO - Processing /opt/airflow/dags/weather_dag.py took 0.347 seconds
[2026-08-07T04:21:50.806+0000] {processor.py:186} INFO - Started process (PID=12111) to work on /opt/airflow/dags/weather_dag.py
[2026-08-07T04:21:50.808+0000] {processor.py:914} INFO - Processing file /opt/airflow/dags/weather_dag.py for tasks to queue
[2026-08-07T04:21:50.811+0000] {logging_mixin.py:190} INFO - [2026-08-07T04:21:50.810+0000] {dagbag.py:588} INFO - Filling up the DagBag from /opt/airflow/dags/weather_dag.py
[2026-08-07T04:21:51.029+0000] {processor.py:925} INFO - DAG(s) 'weather_ingestion' retrieved from /opt/airflow/dags/weather_dag.py
[2026-08-07T04:21:51.041+0000] {logging_mixin.py:190} INFO - [2026-08-07T04:21:51.041+0000] {dag.py:3239} INFO - Sync 1 DAGs
[2026-08-07T04:21:51.051+0000] {logging_mixin.py:190} INFO - [2026-08-07T04:21:51.051+0000] {dag.py:4180} INFO - Setting next_dagrun for weather_ingestion to 2026-08-07 04:00:00+00:00, run_after=2026-08-07 05:00:00+00:00
[2026-08-07T04:21:51.058+0000] {processor.py:208} INFO - Processing /opt/airflow/dags/weather_dag.py took 0.265 seconds
[2026-08-07T04:22:21.349+0000] {processor.py:186} INFO - Started process (PID=12118) to work on /opt/airflow/dags/weather_dag.py
[2026-08-07T04:22:21.351+0000] {processor.py:914} INFO - Processing file /opt/airflow/dags/weather_dag.py for tasks to queue
[2026-08-07T04:22:21.354+0000] {logging_mixin.py:190} INFO - [2026-08-07T04:22:21.354+0000] {dagbag.py:588} INFO - Filling up the DagBag from /opt/airflow/dags/weather_dag.py
[2026-08-07T04:22:21.572+0000] {processor.py:925} INFO - DAG(s) 'weather_ingestion' retrieved from /opt/airflow/dags/weather_dag.py
[2026-08-07T04:22:21.586+0000] {logging_mixin.py:190} INFO - [2026-08-07T04:22:21.586+0000] {dag.py:3239} INFO - Sync 1 DAGs
[2026-08-07T04:22:21.598+0000] {logging_mixin.py:190} INFO - [2026-08-07T04:22:21.598+0000] {dag.py:4180} INFO - Setting next_dagrun for weather_ingestion to 2026-08-07 04:00:00+00:00, run_after=2026-08-07 05:00:00+00:00
[2026-08-07T04:22:21.605+0000] {processor.py:208} INFO - Processing /opt/airflow/dags/weather_dag.py took 0.264 seconds
[2026-08-07T04:22:51.829+0000] {processor.py:186} INFO - Started process (PID=12130) to work on /opt/airflow/dags/weather_dag.py
[2026-08-07T04:22:51.832+0000] {processor.py:914} INFO - Processing file /opt/airflow/dags/weather_dag.py for tasks to queue
[2026-08-07T04:22:51.835+0000] {logging_mixin.py:190} INFO - [2026-08-07T04:22:51.834+0000] {dagbag.py:588} INFO - Filling up the DagBag from /opt/airflow/dags/weather_dag.py
[2026-08-07T04:22:52.049+0000] {processor.py:925} INFO - DAG(s) 'weather_ingestion' retrieved from /opt/airflow/dags/weather_dag.py
[2026-08-07T04:22:52.060+0000] {logging_mixin.py:190} INFO - [2026-08-07T04:22:52.060+0000] {dag.py:3239} INFO - Sync 1 DAGs
[2026-08-07T04:22:52.069+0000] {logging_mixin.py:190} INFO - [2026-08-07T04:22:52.069+0000] {dag.py:4180} INFO - Setting next_dagrun for weather_ingestion to 2026-08-07 04:00:00+00:00, run_after=2026-08-07 05:00:00+00:00
[2026-08-07T04:22:52.077+0000] {processor.py:208} INFO - Processing /opt/airflow/dags/weather_dag.py took 0.257 seconds
[2026-08-07T04:26:27.935+0000] {processor.py:186} INFO - Started process (PID=12137) to work on /opt/airflow/dags/weather_dag.py
[2026-08-07T04:26:27.936+0000] {processor.py:914} INFO - Processing file /opt/airflow/dags/weather_dag.py for tasks to queue
[2026-08-07T04:26:27.940+0000] {logging_mixin.py:190} INFO - [2026-08-07T04:26:27.940+0000] {dagbag.py:588} INFO - Filling up the DagBag from /opt/airflow/dags/weather_dag.py
[2026-08-07T04:26:28.286+0000] {processor.py:925} INFO - DAG(s) 'weather_ingestion' retrieved from /opt/airflow/dags/weather_dag.py
[2026-08-07T04:26:28.301+0000] {logging_mixin.py:190} INFO - [2026-08-07T04:26:28.301+0000] {dag.py:3239} INFO - Sync 1 DAGs
[2026-08-07T04:26:28.313+0000] {logging_mixin.py:190} INFO - [2026-08-07T04:26:28.313+0000] {dag.py:4180} INFO - Setting next_dagrun for weather_ingestion to 2026-08-07 04:00:00+00:00, run_after=2026-08-07 05:00:00+00:00
[2026-08-07T04:26:28.321+0000] {processor.py:208} INFO - Processing /opt/airflow/dags/weather_dag.py took 0.392 seconds
[2026-08-07T04:42:33.707+0000] {processor.py:186} INFO - Started process (PID=12144) to work on /opt/airflow/dags/weather_dag.py
[2026-08-07T04:42:33.710+0000] {processor.py:914} INFO - Processing file /opt/airflow/dags/weather_dag.py for tasks to queue
[2026-08-07T04:42:33.737+0000] {logging_mixin.py:190} INFO - [2026-08-07T04:42:33.737+0000] {dagbag.py:588} INFO - Filling up the DagBag from /opt/airflow/dags/weather_dag.py
[2026-08-07T04:42:34.624+0000] {processor.py:925} INFO - DAG(s) 'weather_ingestion' retrieved from /opt/airflow/dags/weather_dag.py
[2026-08-07T04:42:34.662+0000] {logging_mixin.py:190} INFO - [2026-08-07T04:42:34.662+0000] {dag.py:3239} INFO - Sync 1 DAGs
[2026-08-07T04:42:34.701+0000] {logging_mixin.py:190} INFO - [2026-08-07T04:42:34.701+0000] {dag.py:4180} INFO - Setting next_dagrun for weather_ingestion to 2026-08-07 04:00:00+00:00, run_after=2026-08-07 05:00:00+00:00
[2026-08-07T04:42:34.730+0000] {processor.py:208} INFO - Processing /opt/airflow/dags/weather_dag.py took 1.064 seconds
[2026-08-07T04:43:05.300+0000] {processor.py:186} INFO - Started process (PID=12151) to work on /opt/airflow/dags/weather_dag.py
[2026-08-07T04:43:05.302+0000] {processor.py:914} INFO - Processing file /opt/airflow/dags/weather_dag.py for tasks to queue
[2026-08-07T04:43:05.306+0000] {logging_mixin.py:190} INFO - [2026-08-07T04:43:05.305+0000] {dagbag.py:588} INFO - Filling up the DagBag from /opt/airflow/dags/weather_dag.py
[2026-08-07T04:43:05.827+0000] {processor.py:925} INFO - DAG(s) 'weather_ingestion' retrieved from /opt/airflow/dags/weather_dag.py
[2026-08-07T04:43:05.848+0000] {logging_mixin.py:190} INFO - [2026-08-07T04:43:05.848+0000] {dag.py:3239} INFO - Sync 1 DAGs
[2026-08-07T04:43:05.865+0000] {logging_mixin.py:190} INFO - [2026-08-07T04:43:05.865+0000] {dag.py:4180} INFO - Setting next_dagrun for weather_ingestion to 2026-08-07 04:00:00+00:00, run_after=2026-08-07 05:00:00+00:00
[2026-08-07T04:43:05.874+0000] {processor.py:208} INFO - Processing /opt/airflow/dags/weather_dag.py took 0.584 seconds
[2026-08-07T04:43:36.311+0000] {processor.py:186} INFO - Started process (PID=12158) to work on /opt/airflow/dags/weather_dag.py
[2026-08-07T04:43:36.314+0000] {processor.py:914} INFO - Processing file /opt/airflow/dags/weather_dag.py for tasks to queue
[2026-08-07T04:43:36.318+0000] {logging_mixin.py:190} INFO - [2026-08-07T04:43:36.317+0000] {dagbag.py:588} INFO - Filling up the DagBag from /opt/airflow/dags/weather_dag.py
[2026-08-07T04:43:36.703+0000] {processor.py:925} INFO - DAG(s) 'weather_ingestion' retrieved from /opt/airflow/dags/weather_dag.py
[2026-08-07T04:43:36.722+0000] {logging_mixin.py:190} INFO - [2026-08-07T04:43:36.721+0000] {dag.py:3239} INFO - Sync 1 DAGs
[2026-08-07T04:43:36.736+0000] {logging_mixin.py:190} INFO - [2026-08-07T04:43:36.736+0000] {dag.py:4180} INFO - Setting next_dagrun for weather_ingestion to 2026-08-07 04:00:00+00:00, run_after=2026-08-07 05:00:00+00:00
[2026-08-07T04:43:36.744+0000] {processor.py:208} INFO - Processing /opt/airflow/dags/weather_dag.py took 0.480 seconds
[2026-08-07T04:44:06.910+0000] {processor.py:186} INFO - Started process (PID=12165) to work on /opt/airflow/dags/weather_dag.py
[2026-08-07T04:44:06.911+0000] {processor.py:914} INFO - Processing file /opt/airflow/dags/weather_dag.py for tasks to queue
[2026-08-07T04:44:06.913+0000] {logging_mixin.py:190} INFO - [2026-08-07T04:44:06.913+0000] {dagbag.py:588} INFO - Filling up the DagBag from /opt/airflow/dags/weather_dag.py
[2026-08-07T04:44:07.136+0000] {processor.py:925} INFO - DAG(s) 'weather_ingestion' retrieved from /opt/airflow/dags/weather_dag.py
[2026-08-07T04:44:07.148+0000] {logging_mixin.py:190} INFO - [2026-08-07T04:44:07.148+0000] {dag.py:3239} INFO - Sync 1 DAGs
[2026-08-07T04:44:07.157+0000] {logging_mixin.py:190} INFO - [2026-08-07T04:44:07.157+0000] {dag.py:4180} INFO - Setting next_dagrun for weather_ingestion to 2026-08-07 04:00:00+00:00, run_after=2026-08-07 05:00:00+00:00
[2026-08-07T04:44:07.164+0000] {processor.py:208} INFO - Processing /opt/airflow/dags/weather_dag.py took 0.258 seconds
[2026-08-07T04:44:37.466+0000] {processor.py:186} INFO - Started process (PID=12172) to work on /opt/airflow/dags/weather_dag.py
[2026-08-07T04:44:37.468+0000] {processor.py:914} INFO - Processing file /opt/airflow/dags/weather_dag.py for tasks to queue
[2026-08-07T04:44:37.471+0000] {logging_mixin.py:190} INFO - [2026-08-07T04:44:37.471+0000] {dagbag.py:588} INFO - Filling up the DagBag from /opt/airflow/dags/weather_dag.py
[2026-08-07T04:44:37.779+0000] {processor.py:925} INFO - DAG(s) 'weather_ingestion' retrieved from /opt/airflow/dags/weather_dag.py
[2026-08-07T04:44:37.803+0000] {logging_mixin.py:190} INFO - [2026-08-07T04:44:37.803+0000] {dag.py:3239} INFO - Sync 1 DAGs
[2026-08-07T04:44:37.817+0000] {logging_mixin.py:190} INFO - [2026-08-07T04:44:37.817+0000] {dag.py:4180} INFO - Setting next_dagrun for weather_ingestion to 2026-08-07 04:00:00+00:00, run_after=2026-08-07 05:00:00+00:00
[2026-08-07T04:44:37.825+0000] {processor.py:208} INFO - Processing /opt/airflow/dags/weather_dag.py took 0.368 seconds
[2026-08-07T05:00:05.345+0000] {processor.py:186} INFO - Started process (PID=12179) to work on /opt/airflow/dags/weather_dag.py
[2026-08-07T05:00:05.347+0000] {processor.py:914} INFO - Processing file /opt/airflow/dags/weather_dag.py for tasks to queue
[2026-08-07T05:00:05.349+0000] {logging_mixin.py:190} INFO - [2026-08-07T05:00:05.349+0000] {dagbag.py:588} INFO - Filling up the DagBag from /opt/airflow/dags/weather_dag.py
[2026-08-07T05:00:05.662+0000] {processor.py:925} INFO - DAG(s) 'weather_ingestion' retrieved from /opt/airflow/dags/weather_dag.py
[2026-08-07T05:00:05.679+0000] {logging_mixin.py:190} INFO - [2026-08-07T05:00:05.679+0000] {dag.py:3239} INFO - Sync 1 DAGs
[2026-08-07T05:00:05.710+0000] {logging_mixin.py:190} INFO - [2026-08-07T05:00:05.710+0000] {dag.py:4180} INFO - Setting next_dagrun for weather_ingestion to 2026-08-07 05:00:00+00:00, run_after=2026-08-07 06:00:00+00:00
[2026-08-07T05:00:05.720+0000] {processor.py:208} INFO - Processing /opt/airflow/dags/weather_dag.py took 0.384 seconds
[2026-08-07T05:00:36.090+0000] {processor.py:186} INFO - Started process (PID=12191) to work on /opt/airflow/dags/weather_dag.py
[2026-08-07T05:00:36.095+0000] {processor.py:914} INFO - Processing file /opt/airflow/dags/weather_dag.py for tasks to queue
[2026-08-07T05:00:36.119+0000] {logging_mixin.py:190} INFO - [2026-08-07T05:00:36.117+0000] {dagbag.py:588} INFO - Filling up the DagBag from /opt/airflow/dags/weather_dag.py
[2026-08-07T05:00:36.502+0000] {processor.py:925} INFO - DAG(s) 'weather_ingestion' retrieved from /opt/airflow/dags/weather_dag.py
[2026-08-07T05:00:36.520+0000] {logging_mixin.py:190} INFO - [2026-08-07T05:00:36.520+0000] {dag.py:3239} INFO - Sync 1 DAGs
[2026-08-07T05:00:36.537+0000] {logging_mixin.py:190} INFO - [2026-08-07T05:00:36.536+0000] {dag.py:4180} INFO - Setting next_dagrun for weather_ingestion to 2026-08-07 05:00:00+00:00, run_after=2026-08-07 06:00:00+00:00
[2026-08-07T05:00:36.546+0000] {processor.py:208} INFO - Processing /opt/airflow/dags/weather_dag.py took 0.472 seconds
[2026-08-07T05:17:27.606+0000] {processor.py:186} INFO - Started process (PID=12201) to work on /opt/airflow/dags/weather_dag.py
[2026-08-07T05:17:27.610+0000] {processor.py:914} INFO - Processing file /opt/airflow/dags/weather_dag.py for tasks to queue
[2026-08-07T05:17:27.613+0000] {logging_mixin.py:190} INFO - [2026-08-07T05:17:27.613+0000] {dagbag.py:588} INFO - Filling up the DagBag from /opt/airflow/dags/weather_dag.py
[2026-08-07T05:17:27.907+0000] {processor.py:925} INFO - DAG(s) 'weather_ingestion' retrieved from /opt/airflow/dags/weather_dag.py
[2026-08-07T05:17:27.921+0000] {logging_mixin.py:190} INFO - [2026-08-07T05:17:27.921+0000] {dag.py:3239} INFO - Sync 1 DAGs
[2026-08-07T05:17:27.933+0000] {logging_mixin.py:190} INFO - [2026-08-07T05:17:27.933+0000] {dag.py:4180} INFO - Setting next_dagrun for weather_ingestion to 2026-08-07 05:00:00+00:00, run_after=2026-08-07 06:00:00+00:00
[2026-08-07T05:17:27.940+0000] {processor.py:208} INFO - Processing /opt/airflow/dags/weather_dag.py took 0.340 seconds
[2026-08-07T05:17:58.297+0000] {processor.py:186} INFO - Started process (PID=12210) to work on /opt/airflow/dags/weather_dag.py
[2026-08-07T05:17:58.300+0000] {processor.py:914} INFO - Processing file /opt/airflow/dags/weather_dag.py for tasks to queue
[2026-08-07T05:17:58.304+0000] {logging_mixin.py:190} INFO - [2026-08-07T05:17:58.303+0000] {dagbag.py:588} INFO - Filling up the DagBag from /opt/airflow/dags/weather_dag.py
[2026-08-07T05:17:58.665+0000] {processor.py:925} INFO - DAG(s) 'weather_ingestion' retrieved from /opt/airflow/dags/weather_dag.py
[2026-08-07T05:17:58.683+0000] {logging_mixin.py:190} INFO - [2026-08-07T05:17:58.683+0000] {dag.py:3239} INFO - Sync 1 DAGs
[2026-08-07T05:17:58.704+0000] {logging_mixin.py:190} INFO - [2026-08-07T05:17:58.704+0000] {dag.py:4180} INFO - Setting next_dagrun for weather_ingestion to 2026-08-07 05:00:00+00:00, run_after=2026-08-07 06:00:00+00:00
[2026-08-07T05:17:58.716+0000] {processor.py:208} INFO - Processing /opt/airflow/dags/weather_dag.py took 0.438 seconds
[2026-08-07T05:18:29.118+0000] {processor.py:186} INFO - Started process (PID=12217) to work on /opt/airflow/dags/weather_dag.py
[2026-08-07T05:18:29.120+0000] {processor.py:914} INFO - Processing file /opt/airflow/dags/weather_dag.py for tasks to queue
[2026-08-07T05:18:29.125+0000] {logging_mixin.py:190} INFO - [2026-08-07T05:18:29.124+0000] {dagbag.py:588} INFO - Filling up the DagBag from /opt/airflow/dags/weather_dag.py
[2026-08-07T05:18:29.364+0000] {processor.py:925} INFO - DAG(s) 'weather_ingestion' retrieved from /opt/airflow/dags/weather_dag.py
[2026-08-07T05:18:29.378+0000] {logging_mixin.py:190} INFO - [2026-08-07T05:18:29.378+0000] {dag.py:3239} INFO - Sync 1 DAGs
[2026-08-07T05:18:29.389+0000] {logging_mixin.py:190} INFO - [2026-08-07T05:18:29.389+0000] {dag.py:4180} INFO - Setting next_dagrun for weather_ingestion to 2026-08-07 05:00:00+00:00, run_after=2026-08-07 06:00:00+00:00
[2026-08-07T05:18:29.396+0000] {processor.py:208} INFO - Processing /opt/airflow/dags/weather_dag.py took 0.292 seconds
[2026-08-07T05:18:59.495+0000] {processor.py:186} INFO - Started process (PID=12224) to work on /opt/airflow/dags/weather_dag.py
[2026-08-07T05:18:59.498+0000] {processor.py:914} INFO - Processing file /opt/airflow/dags/weather_dag.py for tasks to queue
[2026-08-07T05:18:59.503+0000] {logging_mixin.py:190} INFO - [2026-08-07T05:18:59.502+0000] {dagbag.py:588} INFO - Filling up the DagBag from /opt/airflow/dags/weather_dag.py
[2026-08-07T05:18:59.833+0000] {processor.py:925} INFO - DAG(s) 'weather_ingestion' retrieved from /opt/airflow/dags/weather_dag.py
[2026-08-07T05:18:59.853+0000] {logging_mixin.py:190} INFO - [2026-08-07T05:18:59.853+0000] {dag.py:3239} INFO - Sync 1 DAGs
[2026-08-07T05:18:59.868+0000] {logging_mixin.py:190} INFO - [2026-08-07T05:18:59.868+0000] {dag.py:4180} INFO - Setting next_dagrun for weather_ingestion to 2026-08-07 05:00:00+00:00, run_after=2026-08-07 06:00:00+00:00
[2026-08-07T05:18:59.877+0000] {processor.py:208} INFO - Processing /opt/airflow/dags/weather_dag.py took 0.396 seconds
[2026-08-07T05:27:27.842+0000] {processor.py:186} INFO - Started process (PID=12231) to work on /opt/airflow/dags/weather_dag.py
[2026-08-07T05:27:27.842+0000] {processor.py:914} INFO - Processing file /opt/airflow/dags/weather_dag.py for tasks to queue
[2026-08-07T05:27:27.844+0000] {logging_mixin.py:190} INFO - [2026-08-07T05:27:27.844+0000] {dagbag.py:588} INFO - Filling up the DagBag from /opt/airflow/dags/weather_dag.py
[2026-08-07T05:27:28.095+0000] {processor.py:925} INFO - DAG(s) 'weather_ingestion' retrieved from /opt/airflow/dags/weather_dag.py
[2026-08-07T05:27:28.108+0000] {logging_mixin.py:190} INFO - [2026-08-07T05:27:28.108+0000] {dag.py:3239} INFO - Sync 1 DAGs
[2026-08-07T05:27:28.118+0000] {logging_mixin.py:190} INFO - [2026-08-07T05:27:28.118+0000] {dag.py:4180} INFO - Setting next_dagrun for weather_ingestion to 2026-08-07 05:00:00+00:00, run_after=2026-08-07 06:00:00+00:00
[2026-08-07T05:27:28.126+0000] {processor.py:208} INFO - Processing /opt/airflow/dags/weather_dag.py took 0.290 seconds
[2026-08-07T05:27:58.364+0000] {processor.py:186} INFO - Started process (PID=12238) to work on /opt/airflow/dags/weather_dag.py
[2026-08-07T05:27:58.367+0000] {processor.py:914} INFO - Processing file /opt/airflow/dags/weather_dag.py for tasks to queue
[2026-08-07T05:27:58.371+0000] {logging_mixin.py:190} INFO - [2026-08-07T05:27:58.370+0000] {dagbag.py:588} INFO - Filling up the DagBag from /opt/airflow/dags/weather_dag.py
[2026-08-07T05:27:58.723+0000] {processor.py:925} INFO - DAG(s) 'weather_ingestion' retrieved from /opt/airflow/dags/weather_dag.py
[2026-08-07T05:27:58.742+0000] {logging_mixin.py:190} INFO - [2026-08-07T05:27:58.742+0000] {dag.py:3239} INFO - Sync 1 DAGs
[2026-08-07T05:27:58.757+0000] {logging_mixin.py:190} INFO - [2026-08-07T05:27:58.757+0000] {dag.py:4180} INFO - Setting next_dagrun for weather_ingestion to 2026-08-07 05:00:00+00:00, run_after=2026-08-07 06:00:00+00:00
[2026-08-07T05:27:58.766+0000] {processor.py:208} INFO - Processing /opt/airflow/dags/weather_dag.py took 0.413 seconds
[2026-08-07T05:28:29.118+0000] {processor.py:186} INFO - Started process (PID=12245) to work on /opt/airflow/dags/weather_dag.py
[2026-08-07T05:28:29.120+0000] {processor.py:914} INFO - Processing file /opt/airflow/dags/weather_dag.py for tasks to queue
[2026-08-07T05:28:29.122+0000] {logging_mixin.py:190} INFO - [2026-08-07T05:28:29.122+0000] {dagbag.py:588} INFO - Filling up the DagBag from /opt/airflow/dags/weather_dag.py
[2026-08-07T05:28:29.330+0000] {processor.py:925} INFO - DAG(s) 'weather_ingestion' retrieved from /opt/airflow/dags/weather_dag.py
[2026-08-07T05:28:29.341+0000] {logging_mixin.py:190} INFO - [2026-08-07T05:28:29.341+0000] {dag.py:3239} INFO - Sync 1 DAGs
[2026-08-07T05:28:29.352+0000] {logging_mixin.py:190} INFO - [2026-08-07T05:28:29.351+0000] {dag.py:4180} INFO - Setting next_dagrun for weather_ingestion to 2026-08-07 05:00:00+00:00, run_after=2026-08-07 06:00:00+00:00
[2026-08-07T05:28:29.358+0000] {processor.py:208} INFO - Processing /opt/airflow/dags/weather_dag.py took 0.247 seconds
[2026-08-07T05:28:59.473+0000] {processor.py:186} INFO - Started process (PID=12252) to work on /opt/airflow/dags/weather_dag.py
[2026-08-07T05:28:59.475+0000] {processor.py:914} INFO - Processing file /opt/airflow/dags/weather_dag.py for tasks to queue
[2026-08-07T05:28:59.477+0000] {logging_mixin.py:190} INFO - [2026-08-07T05:28:59.477+0000] {dagbag.py:588} INFO - Filling up the DagBag from /opt/airflow/dags/weather_dag.py
[2026-08-07T05:28:59.687+0000] {processor.py:925} INFO - DAG(s) 'weather_ingestion' retrieved from /opt/airflow/dags/weather_dag.py
[2026-08-07T05:28:59.699+0000] {logging_mixin.py:190} INFO - [2026-08-07T05:28:59.699+0000] {dag.py:3239} INFO - Sync 1 DAGs
[2026-08-07T05:28:59.708+0000] {logging_mixin.py:190} INFO - [2026-08-07T05:28:59.708+0000] {dag.py:4180} INFO - Setting next_dagrun for weather_ingestion to 2026-08-07 05:00:00+00:00, run_after=2026-08-07 06:00:00+00:00
[2026-08-07T05:28:59.714+0000] {processor.py:208} INFO - Processing /opt/airflow/dags/weather_dag.py took 0.248 seconds
[2026-08-07T05:29:30.093+0000] {processor.py:186} INFO - Started process (PID=12259) to work on /opt/airflow/dags/weather_dag.py
[2026-08-07T05:29:30.096+0000] {processor.py:914} INFO - Processing file /opt/airflow/dags/weather_dag.py for tasks to queue
[2026-08-07T05:29:30.098+0000] {logging_mixin.py:190} INFO - [2026-08-07T05:29:30.098+0000] {dagbag.py:588} INFO - Filling up the DagBag from /opt/airflow/dags/weather_dag.py
[2026-08-07T05:29:30.305+0000] {processor.py:925} INFO - DAG(s) 'weather_ingestion' retrieved from /opt/airflow/dags/weather_dag.py
[2026-08-07T05:29:30.317+0000] {logging_mixin.py:190} INFO - [2026-08-07T05:29:30.316+0000] {dag.py:3239} INFO - Sync 1 DAGs
[2026-08-07T05:29:30.325+0000] {logging_mixin.py:190} INFO - [2026-08-07T05:29:30.325+0000] {dag.py:4180} INFO - Setting next_dagrun for weather_ingestion to 2026-08-07 05:00:00+00:00, run_after=2026-08-07 06:00:00+00:00
[2026-08-07T05:29:30.332+0000] {processor.py:208} INFO - Processing /opt/airflow/dags/weather_dag.py took 0.247 seconds
[2026-08-07T05:45:40.571+0000] {processor.py:186} INFO - Started process (PID=12266) to work on /opt/airflow/dags/weather_dag.py
[2026-08-07T05:45:40.574+0000] {processor.py:914} INFO - Processing file /opt/airflow/dags/weather_dag.py for tasks to queue
[2026-08-07T05:45:40.580+0000] {logging_mixin.py:190} INFO - [2026-08-07T05:45:40.579+0000] {dagbag.py:588} INFO - Filling up the DagBag from /opt/airflow/dags/weather_dag.py
[2026-08-07T05:45:40.989+0000] {processor.py:925} INFO - DAG(s) 'weather_ingestion' retrieved from /opt/airflow/dags/weather_dag.py
[2026-08-07T05:45:41.016+0000] {logging_mixin.py:190} INFO - [2026-08-07T05:45:41.016+0000] {dag.py:3239} INFO - Sync 1 DAGs
[2026-08-07T05:45:41.031+0000] {logging_mixin.py:190} INFO - [2026-08-07T05:45:41.031+0000] {dag.py:4180} INFO - Setting next_dagrun for weather_ingestion to 2026-08-07 05:00:00+00:00, run_after=2026-08-07 06:00:00+00:00
[2026-08-07T05:45:41.040+0000] {processor.py:208} INFO - Processing /opt/airflow/dags/weather_dag.py took 0.488 seconds
[2026-08-07T05:46:11.228+0000] {processor.py:186} INFO - Started process (PID=12273) to work on /opt/airflow/dags/weather_dag.py
[2026-08-07T05:46:11.229+0000] {processor.py:914} INFO - Processing file /opt/airflow/dags/weather_dag.py for tasks to queue
[2026-08-07T05:46:11.233+0000] {logging_mixin.py:190} INFO - [2026-08-07T05:46:11.233+0000] {dagbag.py:588} INFO - Filling up the DagBag from /opt/airflow/dags/weather_dag.py
[2026-08-07T05:46:11.524+0000] {processor.py:925} INFO - DAG(s) 'weather_ingestion' retrieved from /opt/airflow/dags/weather_dag.py
[2026-08-07T05:46:11.540+0000] {logging_mixin.py:190} INFO - [2026-08-07T05:46:11.540+0000] {dag.py:3239} INFO - Sync 1 DAGs
[2026-08-07T05:46:11.553+0000] {logging_mixin.py:190} INFO - [2026-08-07T05:46:11.553+0000] {dag.py:4180} INFO - Setting next_dagrun for weather_ingestion to 2026-08-07 05:00:00+00:00, run_after=2026-08-07 06:00:00+00:00
[2026-08-07T05:46:11.563+0000] {processor.py:208} INFO - Processing /opt/airflow/dags/weather_dag.py took 0.346 seconds
[2026-08-07T05:46:41.951+0000] {processor.py:186} INFO - Started process (PID=12280) to work on /opt/airflow/dags/weather_dag.py
[2026-08-07T05:46:41.954+0000] {processor.py:914} INFO - Processing file /opt/airflow/dags/weather_dag.py for tasks to queue
[2026-08-07T05:46:41.957+0000] {logging_mixin.py:190} INFO - [2026-08-07T05:46:41.957+0000] {dagbag.py:588} INFO - Filling up the DagBag from /opt/airflow/dags/weather_dag.py
[2026-08-07T05:46:42.265+0000] {processor.py:925} INFO - DAG(s) 'weather_ingestion' retrieved from /opt/airflow/dags/weather_dag.py
[2026-08-07T05:46:42.282+0000] {logging_mixin.py:190} INFO - [2026-08-07T05:46:42.281+0000] {dag.py:3239} INFO - Sync 1 DAGs
[2026-08-07T05:46:42.295+0000] {logging_mixin.py:190} INFO - [2026-08-07T05:46:42.295+0000] {dag.py:4180} INFO - Setting next_dagrun for weather_ingestion to 2026-08-07 05:00:00+00:00, run_after=2026-08-07 06:00:00+00:00
[2026-08-07T05:46:42.305+0000] {processor.py:208} INFO - Processing /opt/airflow/dags/weather_dag.py took 0.367 seconds
[2026-08-07T05:47:12.353+0000] {processor.py:186} INFO - Started process (PID=12287) to work on /opt/airflow/dags/weather_dag.py
[2026-08-07T05:47:12.354+0000] {processor.py:914} INFO - Processing file /opt/airflow/dags/weather_dag.py for tasks to queue
[2026-08-07T05:47:12.357+0000] {logging_mixin.py:190} INFO - [2026-08-07T05:47:12.357+0000] {dagbag.py:588} INFO - Filling up the DagBag from /opt/airflow/dags/weather_dag.py
[2026-08-07T05:47:12.561+0000] {processor.py:925} INFO - DAG(s) 'weather_ingestion' retrieved from /opt/airflow/dags/weather_dag.py
[2026-08-07T05:47:12.573+0000] {logging_mixin.py:190} INFO - [2026-08-07T05:47:12.573+0000] {dag.py:3239} INFO - Sync 1 DAGs
[2026-08-07T05:47:12.583+0000] {logging_mixin.py:190} INFO - [2026-08-07T05:47:12.583+0000] {dag.py:4180} INFO - Setting next_dagrun for weather_ingestion to 2026-08-07 05:00:00+00:00, run_after=2026-08-07 06:00:00+00:00
[2026-08-07T05:47:12.590+0000] {processor.py:208} INFO - Processing /opt/airflow/dags/weather_dag.py took 0.245 seconds
[2026-08-07T05:47:43.906+0000] {processor.py:186} INFO - Started process (PID=12294) to work on /opt/airflow/dags/weather_dag.py
[2026-08-07T05:47:43.914+0000] {processor.py:914} INFO - Processing file /opt/airflow/dags/weather_dag.py for tasks to queue
[2026-08-07T05:47:43.919+0000] {logging_mixin.py:190} INFO - [2026-08-07T05:47:43.919+0000] {dagbag.py:588} INFO - Filling up the DagBag from /opt/airflow/dags/weather_dag.py
[2026-08-07T05:47:45.923+0000] {processor.py:925} INFO - DAG(s) 'weather_ingestion' retrieved from /opt/airflow/dags/weather_dag.py
[2026-08-07T05:47:45.989+0000] {logging_mixin.py:190} INFO - [2026-08-07T05:47:45.988+0000] {dag.py:3239} INFO - Sync 1 DAGs
[2026-08-07T05:47:46.021+0000] {logging_mixin.py:190} INFO - [2026-08-07T05:47:46.020+0000] {dag.py:4180} INFO - Setting next_dagrun for weather_ingestion to 2026-08-07 05:00:00+00:00, run_after=2026-08-07 06:00:00+00:00
[2026-08-07T05:47:46.040+0000] {processor.py:208} INFO - Processing /opt/airflow/dags/weather_dag.py took 2.149 seconds
[2026-08-07T06:04:09.409+0000] {processor.py:186} INFO - Started process (PID=12301) to work on /opt/airflow/dags/weather_dag.py
[2026-08-07T06:04:09.411+0000] {processor.py:914} INFO - Processing file /opt/airflow/dags/weather_dag.py for tasks to queue
[2026-08-07T06:04:09.414+0000] {logging_mixin.py:190} INFO - [2026-08-07T06:04:09.414+0000] {dagbag.py:588} INFO - Filling up the DagBag from /opt/airflow/dags/weather_dag.py
[2026-08-07T06:04:09.675+0000] {processor.py:925} INFO - DAG(s) 'weather_ingestion' retrieved from /opt/airflow/dags/weather_dag.py
[2026-08-07T06:04:09.689+0000] {logging_mixin.py:190} INFO - [2026-08-07T06:04:09.689+0000] {dag.py:3239} INFO - Sync 1 DAGs
[2026-08-07T06:04:09.699+0000] {logging_mixin.py:190} INFO - [2026-08-07T06:04:09.699+0000] {dag.py:4180} INFO - Setting next_dagrun for weather_ingestion to 2026-08-07 05:00:00+00:00, run_after=2026-08-07 06:00:00+00:00
[2026-08-07T06:04:09.706+0000] {processor.py:208} INFO - Processing /opt/airflow/dags/weather_dag.py took 0.309 seconds
[2026-08-07T06:04:39.883+0000] {processor.py:186} INFO - Started process (PID=12313) to work on /opt/airflow/dags/weather_dag.py
[2026-08-07T06:04:39.885+0000] {processor.py:914} INFO - Processing file /opt/airflow/dags/weather_dag.py for tasks to queue
[2026-08-07T06:04:39.888+0000] {logging_mixin.py:190} INFO - [2026-08-07T06:04:39.888+0000] {dagbag.py:588} INFO - Filling up the DagBag from /opt/airflow/dags/weather_dag.py
[2026-08-07T06:04:40.198+0000] {processor.py:925} INFO - DAG(s) 'weather_ingestion' retrieved from /opt/airflow/dags/weather_dag.py
[2026-08-07T06:04:40.216+0000] {logging_mixin.py:190} INFO - [2026-08-07T06:04:40.216+0000] {dag.py:3239} INFO - Sync 1 DAGs
[2026-08-07T06:04:40.230+0000] {logging_mixin.py:190} INFO - [2026-08-07T06:04:40.230+0000] {dag.py:4180} INFO - Setting next_dagrun for weather_ingestion to 2026-08-07 06:00:00+00:00, run_after=2026-08-07 07:00:00+00:00
[2026-08-07T06:04:40.237+0000] {processor.py:208} INFO - Processing /opt/airflow/dags/weather_dag.py took 0.399 seconds
[2026-08-07T06:05:10.398+0000] {processor.py:186} INFO - Started process (PID=12320) to work on /opt/airflow/dags/weather_dag.py
[2026-08-07T06:05:10.401+0000] {processor.py:914} INFO - Processing file /opt/airflow/dags/weather_dag.py for tasks to queue
[2026-08-07T06:05:10.403+0000] {logging_mixin.py:190} INFO - [2026-08-07T06:05:10.403+0000] {dagbag.py:588} INFO - Filling up the DagBag from /opt/airflow/dags/weather_dag.py
[2026-08-07T06:05:10.624+0000] {processor.py:925} INFO - DAG(s) 'weather_ingestion' retrieved from /opt/airflow/dags/weather_dag.py
[2026-08-07T06:05:10.635+0000] {logging_mixin.py:190} INFO - [2026-08-07T06:05:10.635+0000] {dag.py:3239} INFO - Sync 1 DAGs
[2026-08-07T06:05:10.646+0000] {logging_mixin.py:190} INFO - [2026-08-07T06:05:10.646+0000] {dag.py:4180} INFO - Setting next_dagrun for weather_ingestion to 2026-08-07 06:00:00+00:00, run_after=2026-08-07 07:00:00+00:00
[2026-08-07T06:05:10.652+0000] {processor.py:208} INFO - Processing /opt/airflow/dags/weather_dag.py took 0.262 seconds
[2026-08-07T06:05:40.895+0000] {processor.py:186} INFO - Started process (PID=12327) to work on /opt/airflow/dags/weather_dag.py
[2026-08-07T06:05:40.898+0000] {processor.py:914} INFO - Processing file /opt/airflow/dags/weather_dag.py for tasks to queue
[2026-08-07T06:05:40.901+0000] {logging_mixin.py:190} INFO - [2026-08-07T06:05:40.901+0000] {dagbag.py:588} INFO - Filling up the DagBag from /opt/airflow/dags/weather_dag.py
[2026-08-07T06:05:41.157+0000] {processor.py:925} INFO - DAG(s) 'weather_ingestion' retrieved from /opt/airflow/dags/weather_dag.py
[2026-08-07T06:05:41.169+0000] {logging_mixin.py:190} INFO - [2026-08-07T06:05:41.169+0000] {dag.py:3239} INFO - Sync 1 DAGs
[2026-08-07T06:05:41.180+0000] {logging_mixin.py:190} INFO - [2026-08-07T06:05:41.180+0000] {dag.py:4180} INFO - Setting next_dagrun for weather_ingestion to 2026-08-07 06:00:00+00:00, run_after=2026-08-07 07:00:00+00:00
[2026-08-07T06:05:41.187+0000] {processor.py:208} INFO - Processing /opt/airflow/dags/weather_dag.py took 0.302 seconds
[2026-08-07T06:22:55.183+0000] {processor.py:186} INFO - Started process (PID=12334) to work on /opt/airflow/dags/weather_dag.py
[2026-08-07T06:22:55.186+0000] {processor.py:914} INFO - Processing file /opt/airflow/dags/weather_dag.py for tasks to queue
[2026-08-07T06:22:55.193+0000] {logging_mixin.py:190} INFO - [2026-08-07T06:22:55.191+0000] {dagbag.py:588} INFO - Filling up the DagBag from /opt/airflow/dags/weather_dag.py
[2026-08-07T06:22:55.858+0000] {processor.py:925} INFO - DAG(s) 'weather_ingestion' retrieved from /opt/airflow/dags/weather_dag.py
[2026-08-07T06:22:55.892+0000] {logging_mixin.py:190} INFO - [2026-08-07T06:22:55.891+0000] {dag.py:3239} INFO - Sync 1 DAGs
[2026-08-07T06:22:55.918+0000] {logging_mixin.py:190} INFO - [2026-08-07T06:22:55.918+0000] {dag.py:4180} INFO - Setting next_dagrun for weather_ingestion to 2026-08-07 06:00:00+00:00, run_after=2026-08-07 07:00:00+00:00
[2026-08-07T06:22:55.934+0000] {processor.py:208} INFO - Processing /opt/airflow/dags/weather_dag.py took 0.773 seconds
[2026-08-07T06:23:26.401+0000] {processor.py:186} INFO - Started process (PID=12341) to work on /opt/airflow/dags/weather_dag.py
[2026-08-07T06:23:26.406+0000] {processor.py:914} INFO - Processing file /opt/airflow/dags/weather_dag.py for tasks to queue
[2026-08-07T06:23:26.428+0000] {logging_mixin.py:190} INFO - [2026-08-07T06:23:26.427+0000] {dagbag.py:588} INFO - Filling up the DagBag from /opt/airflow/dags/weather_dag.py
[2026-08-07T06:23:26.939+0000] {processor.py:925} INFO - DAG(s) 'weather_ingestion' retrieved from /opt/airflow/dags/weather_dag.py
[2026-08-07T06:23:26.979+0000] {logging_mixin.py:190} INFO - [2026-08-07T06:23:26.979+0000] {dag.py:3239} INFO - Sync 1 DAGs
[2026-08-07T06:23:27.001+0000] {logging_mixin.py:190} INFO - [2026-08-07T06:23:27.001+0000] {dag.py:4180} INFO - Setting next_dagrun for weather_ingestion to 2026-08-07 06:00:00+00:00, run_after=2026-08-07 07:00:00+00:00
[2026-08-07T06:23:27.011+0000] {processor.py:208} INFO - Processing /opt/airflow/dags/weather_dag.py took 0.629 seconds
[2026-08-07T06:23:57.131+0000] {processor.py:186} INFO - Started process (PID=12348) to work on /opt/airflow/dags/weather_dag.py
[2026-08-07T06:23:57.134+0000] {processor.py:914} INFO - Processing file /opt/airflow/dags/weather_dag.py for tasks to queue
[2026-08-07T06:23:57.141+0000] {logging_mixin.py:190} INFO - [2026-08-07T06:23:57.140+0000] {dagbag.py:588} INFO - Filling up the DagBag from /opt/airflow/dags/weather_dag.py
[2026-08-07T06:23:57.881+0000] {processor.py:925} INFO - DAG(s) 'weather_ingestion' retrieved from /opt/airflow/dags/weather_dag.py
[2026-08-07T06:23:57.943+0000] {logging_mixin.py:190} INFO - [2026-08-07T06:23:57.942+0000] {dag.py:3239} INFO - Sync 1 DAGs
[2026-08-07T06:23:57.979+0000] {logging_mixin.py:190} INFO - [2026-08-07T06:23:57.979+0000] {dag.py:4180} INFO - Setting next_dagrun for weather_ingestion to 2026-08-07 06:00:00+00:00, run_after=2026-08-07 07:00:00+00:00
[2026-08-07T06:23:57.993+0000] {processor.py:208} INFO - Processing /opt/airflow/dags/weather_dag.py took 0.883 seconds
[2026-08-07T06:24:28.358+0000] {processor.py:186} INFO - Started process (PID=12355) to work on /opt/airflow/dags/weather_dag.py
[2026-08-07T06:24:28.360+0000] {processor.py:914} INFO - Processing file /opt/airflow/dags/weather_dag.py for tasks to queue
[2026-08-07T06:24:28.363+0000] {logging_mixin.py:190} INFO - [2026-08-07T06:24:28.363+0000] {dagbag.py:588} INFO - Filling up the DagBag from /opt/airflow/dags/weather_dag.py
[2026-08-07T06:24:28.599+0000] {processor.py:925} INFO - DAG(s) 'weather_ingestion' retrieved from /opt/airflow/dags/weather_dag.py
[2026-08-07T06:24:28.613+0000] {logging_mixin.py:190} INFO - [2026-08-07T06:24:28.613+0000] {dag.py:3239} INFO - Sync 1 DAGs
[2026-08-07T06:24:28.623+0000] {logging_mixin.py:190} INFO - [2026-08-07T06:24:28.623+0000] {dag.py:4180} INFO - Setting next_dagrun for weather_ingestion to 2026-08-07 06:00:00+00:00, run_after=2026-08-07 07:00:00+00:00
[2026-08-07T06:24:28.631+0000] {processor.py:208} INFO - Processing /opt/airflow/dags/weather_dag.py took 0.281 seconds
[2026-08-07T06:24:58.764+0000] {processor.py:186} INFO - Started process (PID=12362) to work on /opt/airflow/dags/weather_dag.py
[2026-08-07T06:24:58.767+0000] {processor.py:914} INFO - Processing file /opt/airflow/dags/weather_dag.py for tasks to queue
[2026-08-07T06:24:58.770+0000] {logging_mixin.py:190} INFO - [2026-08-07T06:24:58.770+0000] {dagbag.py:588} INFO - Filling up the DagBag from /opt/airflow/dags/weather_dag.py
[2026-08-07T06:24:59.208+0000] {processor.py:925} INFO - DAG(s) 'weather_ingestion' retrieved from /opt/airflow/dags/weather_dag.py
[2026-08-07T06:24:59.227+0000] {logging_mixin.py:190} INFO - [2026-08-07T06:24:59.227+0000] {dag.py:3239} INFO - Sync 1 DAGs
[2026-08-07T06:24:59.242+0000] {logging_mixin.py:190} INFO - [2026-08-07T06:24:59.242+0000] {dag.py:4180} INFO - Setting next_dagrun for weather_ingestion to 2026-08-07 06:00:00+00:00, run_after=2026-08-07 07:00:00+00:00
[2026-08-07T06:24:59.250+0000] {processor.py:208} INFO - Processing /opt/airflow/dags/weather_dag.py took 0.496 seconds
[2026-08-07T06:28:32.918+0000] {processor.py:186} INFO - Started process (PID=12369) to work on /opt/airflow/dags/weather_dag.py
[2026-08-07T06:28:32.919+0000] {processor.py:914} INFO - Processing file /opt/airflow/dags/weather_dag.py for tasks to queue
[2026-08-07T06:28:32.921+0000] {logging_mixin.py:190} INFO - [2026-08-07T06:28:32.921+0000] {dagbag.py:588} INFO - Filling up the DagBag from /opt/airflow/dags/weather_dag.py
[2026-08-07T06:28:33.125+0000] {processor.py:925} INFO - DAG(s) 'weather_ingestion' retrieved from /opt/airflow/dags/weather_dag.py
[2026-08-07T06:28:33.139+0000] {logging_mixin.py:190} INFO - [2026-08-07T06:28:33.139+0000] {dag.py:3239} INFO - Sync 1 DAGs
[2026-08-07T06:28:33.149+0000] {logging_mixin.py:190} INFO - [2026-08-07T06:28:33.149+0000] {dag.py:4180} INFO - Setting next_dagrun for weather_ingestion to 2026-08-07 06:00:00+00:00, run_after=2026-08-07 07:00:00+00:00
[2026-08-07T06:28:33.156+0000] {processor.py:208} INFO - Processing /opt/airflow/dags/weather_dag.py took 0.246 seconds
[2026-08-07T06:29:03.521+0000] {processor.py:186} INFO - Started process (PID=12376) to work on /opt/airflow/dags/weather_dag.py
[2026-08-07T06:29:03.523+0000] {processor.py:914} INFO - Processing file /opt/airflow/dags/weather_dag.py for tasks to queue
[2026-08-07T06:29:03.530+0000] {logging_mixin.py:190} INFO - [2026-08-07T06:29:03.529+0000] {dagbag.py:588} INFO - Filling up the DagBag from /opt/airflow/dags/weather_dag.py
[2026-08-07T06:29:03.863+0000] {processor.py:925} INFO - DAG(s) 'weather_ingestion' retrieved from /opt/airflow/dags/weather_dag.py
[2026-08-07T06:29:03.880+0000] {logging_mixin.py:190} INFO - [2026-08-07T06:29:03.879+0000] {dag.py:3239} INFO - Sync 1 DAGs
[2026-08-07T06:29:03.891+0000] {logging_mixin.py:190} INFO - [2026-08-07T06:29:03.891+0000] {dag.py:4180} INFO - Setting next_dagrun for weather_ingestion to 2026-08-07 06:00:00+00:00, run_after=2026-08-07 07:00:00+00:00
[2026-08-07T06:29:03.899+0000] {processor.py:208} INFO - Processing /opt/airflow/dags/weather_dag.py took 0.395 seconds
[2026-08-07T06:29:34.257+0000] {processor.py:186} INFO - Started process (PID=12383) to work on /opt/airflow/dags/weather_dag.py
[2026-08-07T06:29:34.260+0000] {processor.py:914} INFO - Processing file /opt/airflow/dags/weather_dag.py for tasks to queue
[2026-08-07T06:29:34.262+0000] {logging_mixin.py:190} INFO - [2026-08-07T06:29:34.262+0000] {dagbag.py:588} INFO - Filling up the DagBag from /opt/airflow/dags/weather_dag.py
[2026-08-07T06:29:34.473+0000] {processor.py:925} INFO - DAG(s) 'weather_ingestion' retrieved from /opt/airflow/dags/weather_dag.py
[2026-08-07T06:29:34.485+0000] {logging_mixin.py:190} INFO - [2026-08-07T06:29:34.484+0000] {dag.py:3239} INFO - Sync 1 DAGs
[2026-08-07T06:29:34.493+0000] {logging_mixin.py:190} INFO - [2026-08-07T06:29:34.493+0000] {dag.py:4180} INFO - Setting next_dagrun for weather_ingestion to 2026-08-07 06:00:00+00:00, run_after=2026-08-07 07:00:00+00:00
[2026-08-07T06:29:34.500+0000] {processor.py:208} INFO - Processing /opt/airflow/dags/weather_dag.py took 0.253 seconds
[2026-08-07T06:30:04.629+0000] {processor.py:186} INFO - Started process (PID=12390) to work on /opt/airflow/dags/weather_dag.py
[2026-08-07T06:30:04.632+0000] {processor.py:914} INFO - Processing file /opt/airflow/dags/weather_dag.py for tasks to queue
[2026-08-07T06:30:04.634+0000] {logging_mixin.py:190} INFO - [2026-08-07T06:30:04.634+0000] {dagbag.py:588} INFO - Filling up the DagBag from /opt/airflow/dags/weather_dag.py
[2026-08-07T06:30:04.842+0000] {processor.py:925} INFO - DAG(s) 'weather_ingestion' retrieved from /opt/airflow/dags/weather_dag.py
[2026-08-07T06:30:04.853+0000] {logging_mixin.py:190} INFO - [2026-08-07T06:30:04.852+0000] {dag.py:3239} INFO - Sync 1 DAGs
[2026-08-07T06:30:04.862+0000] {logging_mixin.py:190} INFO - [2026-08-07T06:30:04.862+0000] {dag.py:4180} INFO - Setting next_dagrun for weather_ingestion to 2026-08-07 06:00:00+00:00, run_after=2026-08-07 07:00:00+00:00
[2026-08-07T06:30:04.868+0000] {processor.py:208} INFO - Processing /opt/airflow/dags/weather_dag.py took 0.250 seconds
[2026-08-07T06:45:59.772+0000] {processor.py:186} INFO - Started process (PID=12397) to work on /opt/airflow/dags/weather_dag.py
[2026-08-07T06:45:59.774+0000] {processor.py:914} INFO - Processing file /opt/airflow/dags/weather_dag.py for tasks to queue
[2026-08-07T06:45:59.778+0000] {logging_mixin.py:190} INFO - [2026-08-07T06:45:59.777+0000] {dagbag.py:588} INFO - Filling up the DagBag from /opt/airflow/dags/weather_dag.py
[2026-08-07T06:46:00.129+0000] {processor.py:925} INFO - DAG(s) 'weather_ingestion' retrieved from /opt/airflow/dags/weather_dag.py
[2026-08-07T06:46:00.146+0000] {logging_mixin.py:190} INFO - [2026-08-07T06:46:00.146+0000] {dag.py:3239} INFO - Sync 1 DAGs
[2026-08-07T06:46:00.160+0000] {logging_mixin.py:190} INFO - [2026-08-07T06:46:00.160+0000] {dag.py:4180} INFO - Setting next_dagrun for weather_ingestion to 2026-08-07 06:00:00+00:00, run_after=2026-08-07 07:00:00+00:00
[2026-08-07T06:46:00.170+0000] {processor.py:208} INFO - Processing /opt/airflow/dags/weather_dag.py took 0.408 seconds
[2026-08-07T06:46:30.498+0000] {processor.py:186} INFO - Started process (PID=12404) to work on /opt/airflow/dags/weather_dag.py
[2026-08-07T06:46:30.500+0000] {processor.py:914} INFO - Processing file /opt/airflow/dags/weather_dag.py for tasks to queue
[2026-08-07T06:46:30.504+0000] {logging_mixin.py:190} INFO - [2026-08-07T06:46:30.503+0000] {dagbag.py:588} INFO - Filling up the DagBag from /opt/airflow/dags/weather_dag.py
[2026-08-07T06:46:30.791+0000] {processor.py:925} INFO - DAG(s) 'weather_ingestion' retrieved from /opt/airflow/dags/weather_dag.py
[2026-08-07T06:46:30.807+0000] {logging_mixin.py:190} INFO - [2026-08-07T06:46:30.807+0000] {dag.py:3239} INFO - Sync 1 DAGs
[2026-08-07T06:46:30.821+0000] {logging_mixin.py:190} INFO - [2026-08-07T06:46:30.821+0000] {dag.py:4180} INFO - Setting next_dagrun for weather_ingestion to 2026-08-07 06:00:00+00:00, run_after=2026-08-07 07:00:00+00:00
[2026-08-07T06:46:30.829+0000] {processor.py:208} INFO - Processing /opt/airflow/dags/weather_dag.py took 0.345 seconds
[2026-08-07T06:47:01.187+0000] {processor.py:186} INFO - Started process (PID=12411) to work on /opt/airflow/dags/weather_dag.py
[2026-08-07T06:47:01.190+0000] {processor.py:914} INFO - Processing file /opt/airflow/dags/weather_dag.py for tasks to queue
[2026-08-07T06:47:01.192+0000] {logging_mixin.py:190} INFO - [2026-08-07T06:47:01.191+0000] {dagbag.py:588} INFO - Filling up the DagBag from /opt/airflow/dags/weather_dag.py
[2026-08-07T06:47:01.399+0000] {processor.py:925} INFO - DAG(s) 'weather_ingestion' retrieved from /opt/airflow/dags/weather_dag.py
[2026-08-07T06:47:01.411+0000] {logging_mixin.py:190} INFO - [2026-08-07T06:47:01.411+0000] {dag.py:3239} INFO - Sync 1 DAGs
[2026-08-07T06:47:01.421+0000] {logging_mixin.py:190} INFO - [2026-08-07T06:47:01.421+0000] {dag.py:4180} INFO - Setting next_dagrun for weather_ingestion to 2026-08-07 06:00:00+00:00, run_after=2026-08-07 07:00:00+00:00
[2026-08-07T06:47:01.429+0000] {processor.py:208} INFO - Processing /opt/airflow/dags/weather_dag.py took 0.249 seconds
[2026-08-07T06:47:31.612+0000] {processor.py:186} INFO - Started process (PID=12418) to work on /opt/airflow/dags/weather_dag.py
[2026-08-07T06:47:31.614+0000] {processor.py:914} INFO - Processing file /opt/airflow/dags/weather_dag.py for tasks to queue
[2026-08-07T06:47:31.617+0000] {logging_mixin.py:190} INFO - [2026-08-07T06:47:31.616+0000] {dagbag.py:588} INFO - Filling up the DagBag from /opt/airflow/dags/weather_dag.py
[2026-08-07T06:47:31.835+0000] {processor.py:925} INFO - DAG(s) 'weather_ingestion' retrieved from /opt/airflow/dags/weather_dag.py
[2026-08-07T06:47:31.848+0000] {logging_mixin.py:190} INFO - [2026-08-07T06:47:31.848+0000] {dag.py:3239} INFO - Sync 1 DAGs
[2026-08-07T06:47:31.858+0000] {logging_mixin.py:190} INFO - [2026-08-07T06:47:31.858+0000] {dag.py:4180} INFO - Setting next_dagrun for weather_ingestion to 2026-08-07 06:00:00+00:00, run_after=2026-08-07 07:00:00+00:00
[2026-08-07T06:47:31.865+0000] {processor.py:208} INFO - Processing /opt/airflow/dags/weather_dag.py took 0.259 seconds
[2026-08-07T07:03:36.921+0000] {processor.py:186} INFO - Started process (PID=12426) to work on /opt/airflow/dags/weather_dag.py
[2026-08-07T07:03:36.923+0000] {processor.py:914} INFO - Processing file /opt/airflow/dags/weather_dag.py for tasks to queue
[2026-08-07T07:03:36.946+0000] {logging_mixin.py:190} INFO - [2026-08-07T07:03:36.944+0000] {dagbag.py:588} INFO - Filling up the DagBag from /opt/airflow/dags/weather_dag.py
[2026-08-07T07:03:37.421+0000] {processor.py:925} INFO - DAG(s) 'weather_ingestion' retrieved from /opt/airflow/dags/weather_dag.py
[2026-08-07T07:03:37.442+0000] {logging_mixin.py:190} INFO - [2026-08-07T07:03:37.442+0000] {dag.py:3239} INFO - Sync 1 DAGs
[2026-08-07T07:03:37.458+0000] {logging_mixin.py:190} INFO - [2026-08-07T07:03:37.458+0000] {dag.py:4180} INFO - Setting next_dagrun for weather_ingestion to 2026-08-07 07:00:00+00:00, run_after=2026-08-07 08:00:00+00:00
[2026-08-07T07:03:37.470+0000] {processor.py:208} INFO - Processing /opt/airflow/dags/weather_dag.py took 0.573 seconds
[2026-08-07T07:04:07.888+0000] {processor.py:186} INFO - Started process (PID=12437) to work on /opt/airflow/dags/weather_dag.py
[2026-08-07T07:04:07.890+0000] {processor.py:914} INFO - Processing file /opt/airflow/dags/weather_dag.py for tasks to queue
[2026-08-07T07:04:07.899+0000] {logging_mixin.py:190} INFO - [2026-08-07T07:04:07.898+0000] {dagbag.py:588} INFO - Filling up the DagBag from /opt/airflow/dags/weather_dag.py
[2026-08-07T07:04:08.262+0000] {processor.py:925} INFO - DAG(s) 'weather_ingestion' retrieved from /opt/airflow/dags/weather_dag.py
[2026-08-07T07:04:08.280+0000] {logging_mixin.py:190} INFO - [2026-08-07T07:04:08.280+0000] {dag.py:3239} INFO - Sync 1 DAGs
[2026-08-07T07:04:08.300+0000] {logging_mixin.py:190} INFO - [2026-08-07T07:04:08.300+0000] {dag.py:4180} INFO - Setting next_dagrun for weather_ingestion to 2026-08-07 07:00:00+00:00, run_after=2026-08-07 08:00:00+00:00
[2026-08-07T07:04:08.309+0000] {processor.py:208} INFO - Processing /opt/airflow/dags/weather_dag.py took 0.437 seconds
[2026-08-07T07:04:38.619+0000] {processor.py:186} INFO - Started process (PID=12444) to work on /opt/airflow/dags/weather_dag.py
[2026-08-07T07:04:38.622+0000] {processor.py:914} INFO - Processing file /opt/airflow/dags/weather_dag.py for tasks to queue
[2026-08-07T07:04:38.628+0000] {logging_mixin.py:190} INFO - [2026-08-07T07:04:38.627+0000] {dagbag.py:588} INFO - Filling up the DagBag from /opt/airflow/dags/weather_dag.py
[2026-08-07T07:04:39.040+0000] {processor.py:925} INFO - DAG(s) 'weather_ingestion' retrieved from /opt/airflow/dags/weather_dag.py
[2026-08-07T07:04:39.060+0000] {logging_mixin.py:190} INFO - [2026-08-07T07:04:39.059+0000] {dag.py:3239} INFO - Sync 1 DAGs
[2026-08-07T07:04:39.081+0000] {logging_mixin.py:190} INFO - [2026-08-07T07:04:39.081+0000] {dag.py:4180} INFO - Setting next_dagrun for weather_ingestion to 2026-08-07 07:00:00+00:00, run_after=2026-08-07 08:00:00+00:00
[2026-08-07T07:04:39.097+0000] {processor.py:208} INFO - Processing /opt/airflow/dags/weather_dag.py took 0.492 seconds
[2026-08-07T07:05:09.498+0000] {processor.py:186} INFO - Started process (PID=12451) to work on /opt/airflow/dags/weather_dag.py
[2026-08-07T07:05:09.500+0000] {processor.py:914} INFO - Processing file /opt/airflow/dags/weather_dag.py for tasks to queue
[2026-08-07T07:05:09.503+0000] {logging_mixin.py:190} INFO - [2026-08-07T07:05:09.502+0000] {dagbag.py:588} INFO - Filling up the DagBag from /opt/airflow/dags/weather_dag.py
[2026-08-07T07:05:09.777+0000] {processor.py:925} INFO - DAG(s) 'weather_ingestion' retrieved from /opt/airflow/dags/weather_dag.py
[2026-08-07T07:05:09.794+0000] {logging_mixin.py:190} INFO - [2026-08-07T07:05:09.793+0000] {dag.py:3239} INFO - Sync 1 DAGs
[2026-08-07T07:05:09.807+0000] {logging_mixin.py:190} INFO - [2026-08-07T07:05:09.807+0000] {dag.py:4180} INFO - Setting next_dagrun for weather_ingestion to 2026-08-07 07:00:00+00:00, run_after=2026-08-07 08:00:00+00:00
[2026-08-07T07:05:09.816+0000] {processor.py:208} INFO - Processing /opt/airflow/dags/weather_dag.py took 0.330 seconds
[2026-08-07T07:05:39.852+0000] {processor.py:186} INFO - Started process (PID=12458) to work on /opt/airflow/dags/weather_dag.py
[2026-08-07T07:05:39.855+0000] {processor.py:914} INFO - Processing file /opt/airflow/dags/weather_dag.py for tasks to queue
[2026-08-07T07:05:39.857+0000] {logging_mixin.py:190} INFO - [2026-08-07T07:05:39.857+0000] {dagbag.py:588} INFO - Filling up the DagBag from /opt/airflow/dags/weather_dag.py
[2026-08-07T07:05:40.071+0000] {processor.py:925} INFO - DAG(s) 'weather_ingestion' retrieved from /opt/airflow/dags/weather_dag.py
[2026-08-07T07:05:40.082+0000] {logging_mixin.py:190} INFO - [2026-08-07T07:05:40.082+0000] {dag.py:3239} INFO - Sync 1 DAGs
[2026-08-07T07:05:40.093+0000] {logging_mixin.py:190} INFO - [2026-08-07T07:05:40.093+0000] {dag.py:4180} INFO - Setting next_dagrun for weather_ingestion to 2026-08-07 07:00:00+00:00, run_after=2026-08-07 08:00:00+00:00
[2026-08-07T07:05:40.099+0000] {processor.py:208} INFO - Processing /opt/airflow/dags/weather_dag.py took 0.255 seconds
[2026-08-07T07:06:10.421+0000] {processor.py:186} INFO - Started process (PID=12470) to work on /opt/airflow/dags/weather_dag.py
[2026-08-07T07:06:10.422+0000] {processor.py:914} INFO - Processing file /opt/airflow/dags/weather_dag.py for tasks to queue
[2026-08-07T07:06:10.424+0000] {logging_mixin.py:190} INFO - [2026-08-07T07:06:10.424+0000] {dagbag.py:588} INFO - Filling up the DagBag from /opt/airflow/dags/weather_dag.py
[2026-08-07T07:06:10.639+0000] {processor.py:925} INFO - DAG(s) 'weather_ingestion' retrieved from /opt/airflow/dags/weather_dag.py
[2026-08-07T07:06:10.651+0000] {logging_mixin.py:190} INFO - [2026-08-07T07:06:10.651+0000] {dag.py:3239} INFO - Sync 1 DAGs
[2026-08-07T07:06:10.660+0000] {logging_mixin.py:190} INFO - [2026-08-07T07:06:10.659+0000] {dag.py:4180} INFO - Setting next_dagrun for weather_ingestion to 2026-08-07 07:00:00+00:00, run_after=2026-08-07 08:00:00+00:00
[2026-08-07T07:06:10.665+0000] {processor.py:208} INFO - Processing /opt/airflow/dags/weather_dag.py took 0.251 seconds
[2026-08-07T07:06:40.831+0000] {processor.py:186} INFO - Started process (PID=12477) to work on /opt/airflow/dags/weather_dag.py
[2026-08-07T07:06:40.833+0000] {processor.py:914} INFO - Processing file /opt/airflow/dags/weather_dag.py for tasks to queue
[2026-08-07T07:06:40.837+0000] {logging_mixin.py:190} INFO - [2026-08-07T07:06:40.836+0000] {dagbag.py:588} INFO - Filling up the DagBag from /opt/airflow/dags/weather_dag.py
[2026-08-07T07:06:41.066+0000] {processor.py:925} INFO - DAG(s) 'weather_ingestion' retrieved from /opt/airflow/dags/weather_dag.py
[2026-08-07T07:06:41.077+0000] {logging_mixin.py:190} INFO - [2026-08-07T07:06:41.077+0000] {dag.py:3239} INFO - Sync 1 DAGs
[2026-08-07T07:06:41.086+0000] {logging_mixin.py:190} INFO - [2026-08-07T07:06:41.086+0000] {dag.py:4180} INFO - Setting next_dagrun for weather_ingestion to 2026-08-07 07:00:00+00:00, run_after=2026-08-07 08:00:00+00:00
[2026-08-07T07:06:41.093+0000] {processor.py:208} INFO - Processing /opt/airflow/dags/weather_dag.py took 0.270 seconds
[2026-08-07T07:07:11.423+0000] {processor.py:186} INFO - Started process (PID=12484) to work on /opt/airflow/dags/weather_dag.py
[2026-08-07T07:07:11.425+0000] {processor.py:914} INFO - Processing file /opt/airflow/dags/weather_dag.py for tasks to queue
[2026-08-07T07:07:11.428+0000] {logging_mixin.py:190} INFO - [2026-08-07T07:07:11.428+0000] {dagbag.py:588} INFO - Filling up the DagBag from /opt/airflow/dags/weather_dag.py
[2026-08-07T07:07:11.815+0000] {processor.py:925} INFO - DAG(s) 'weather_ingestion' retrieved from /opt/airflow/dags/weather_dag.py
[2026-08-07T07:07:11.833+0000] {logging_mixin.py:190} INFO - [2026-08-07T07:07:11.832+0000] {dag.py:3239} INFO - Sync 1 DAGs
[2026-08-07T07:07:11.846+0000] {logging_mixin.py:190} INFO - [2026-08-07T07:07:11.846+0000] {dag.py:4180} INFO - Setting next_dagrun for weather_ingestion to 2026-08-07 07:00:00+00:00, run_after=2026-08-07 08:00:00+00:00
[2026-08-07T07:07:11.854+0000] {processor.py:208} INFO - Processing /opt/airflow/dags/weather_dag.py took 0.439 seconds
[2026-08-07T07:07:42.164+0000] {processor.py:186} INFO - Started process (PID=12491) to work on /opt/airflow/dags/weather_dag.py
[2026-08-07T07:07:42.166+0000] {processor.py:914} INFO - Processing file /opt/airflow/dags/weather_dag.py for tasks to queue
[2026-08-07T07:07:42.169+0000] {logging_mixin.py:190} INFO - [2026-08-07T07:07:42.169+0000] {dagbag.py:588} INFO - Filling up the DagBag from /opt/airflow/dags/weather_dag.py
[2026-08-07T07:07:42.404+0000] {processor.py:925} INFO - DAG(s) 'weather_ingestion' retrieved from /opt/airflow/dags/weather_dag.py
[2026-08-07T07:07:42.415+0000] {logging_mixin.py:190} INFO - [2026-08-07T07:07:42.415+0000] {dag.py:3239} INFO - Sync 1 DAGs
[2026-08-07T07:07:42.425+0000] {logging_mixin.py:190} INFO - [2026-08-07T07:07:42.425+0000] {dag.py:4180} INFO - Setting next_dagrun for weather_ingestion to 2026-08-07 07:00:00+00:00, run_after=2026-08-07 08:00:00+00:00
[2026-08-07T07:07:42.432+0000] {processor.py:208} INFO - Processing /opt/airflow/dags/weather_dag.py took 0.277 seconds
[2026-08-07T07:08:12.507+0000] {processor.py:186} INFO - Started process (PID=12498) to work on /opt/airflow/dags/weather_dag.py
[2026-08-07T07:08:12.508+0000] {processor.py:914} INFO - Processing file /opt/airflow/dags/weather_dag.py for tasks to queue
[2026-08-07T07:08:12.510+0000] {logging_mixin.py:190} INFO - [2026-08-07T07:08:12.510+0000] {dagbag.py:588} INFO - Filling up the DagBag from /opt/airflow/dags/weather_dag.py
[2026-08-07T07:08:12.715+0000] {processor.py:925} INFO - DAG(s) 'weather_ingestion' retrieved from /opt/airflow/dags/weather_dag.py
[2026-08-07T07:08:12.726+0000] {logging_mixin.py:190} INFO - [2026-08-07T07:08:12.726+0000] {dag.py:3239} INFO - Sync 1 DAGs
[2026-08-07T07:08:12.737+0000] {logging_mixin.py:190} INFO - [2026-08-07T07:08:12.736+0000] {dag.py:4180} INFO - Setting next_dagrun for weather_ingestion to 2026-08-07 07:00:00+00:00, run_after=2026-08-07 08:00:00+00:00
[2026-08-07T07:08:12.743+0000] {processor.py:208} INFO - Processing /opt/airflow/dags/weather_dag.py took 0.245 seconds
[2026-08-07T07:08:43.563+0000] {processor.py:186} INFO - Started process (PID=12505) to work on /opt/airflow/dags/weather_dag.py
[2026-08-07T07:08:43.570+0000] {processor.py:914} INFO - Processing file /opt/airflow/dags/weather_dag.py for tasks to queue
[2026-08-07T07:08:43.585+0000] {logging_mixin.py:190} INFO - [2026-08-07T07:08:43.585+0000] {dagbag.py:588} INFO - Filling up the DagBag from /opt/airflow/dags/weather_dag.py
[2026-08-07T07:08:43.971+0000] {processor.py:925} INFO - DAG(s) 'weather_ingestion' retrieved from /opt/airflow/dags/weather_dag.py
[2026-08-07T07:08:43.989+0000] {logging_mixin.py:190} INFO - [2026-08-07T07:08:43.988+0000] {dag.py:3239} INFO - Sync 1 DAGs
[2026-08-07T07:08:44.009+0000] {logging_mixin.py:190} INFO - [2026-08-07T07:08:44.009+0000] {dag.py:4180} INFO - Setting next_dagrun for weather_ingestion to 2026-08-07 07:00:00+00:00, run_after=2026-08-07 08:00:00+00:00
[2026-08-07T07:08:44.017+0000] {processor.py:208} INFO - Processing /opt/airflow/dags/weather_dag.py took 0.476 seconds
[2026-08-07T07:26:20.861+0000] {processor.py:186} INFO - Started process (PID=12512) to work on /opt/airflow/dags/weather_dag.py
[2026-08-07T07:26:20.864+0000] {processor.py:914} INFO - Processing file /opt/airflow/dags/weather_dag.py for tasks to queue
[2026-08-07T07:26:20.867+0000] {logging_mixin.py:190} INFO - [2026-08-07T07:26:20.867+0000] {dagbag.py:588} INFO - Filling up the DagBag from /opt/airflow/dags/weather_dag.py
[2026-08-07T07:26:21.238+0000] {processor.py:925} INFO - DAG(s) 'weather_ingestion' retrieved from /opt/airflow/dags/weather_dag.py
[2026-08-07T07:26:21.259+0000] {logging_mixin.py:190} INFO - [2026-08-07T07:26:21.259+0000] {dag.py:3239} INFO - Sync 1 DAGs
[2026-08-07T07:26:21.276+0000] {logging_mixin.py:190} INFO - [2026-08-07T07:26:21.276+0000] {dag.py:4180} INFO - Setting next_dagrun for weather_ingestion to 2026-08-07 07:00:00+00:00, run_after=2026-08-07 08:00:00+00:00
[2026-08-07T07:26:21.284+0000] {processor.py:208} INFO - Processing /opt/airflow/dags/weather_dag.py took 0.454 seconds
[2026-08-07T07:26:51.683+0000] {processor.py:186} INFO - Started process (PID=12519) to work on /opt/airflow/dags/weather_dag.py
[2026-08-07T07:26:51.686+0000] {processor.py:914} INFO - Processing file /opt/airflow/dags/weather_dag.py for tasks to queue
[2026-08-07T07:26:51.693+0000] {logging_mixin.py:190} INFO - [2026-08-07T07:26:51.692+0000] {dagbag.py:588} INFO - Filling up the DagBag from /opt/airflow/dags/weather_dag.py
[2026-08-07T07:26:52.082+0000] {processor.py:925} INFO - DAG(s) 'weather_ingestion' retrieved from /opt/airflow/dags/weather_dag.py
[2026-08-07T07:26:52.100+0000] {logging_mixin.py:190} INFO - [2026-08-07T07:26:52.099+0000] {dag.py:3239} INFO - Sync 1 DAGs
[2026-08-07T07:26:52.113+0000] {logging_mixin.py:190} INFO - [2026-08-07T07:26:52.113+0000] {dag.py:4180} INFO - Setting next_dagrun for weather_ingestion to 2026-08-07 07:00:00+00:00, run_after=2026-08-07 08:00:00+00:00
[2026-08-07T07:26:52.121+0000] {processor.py:208} INFO - Processing /opt/airflow/dags/weather_dag.py took 0.455 seconds
[2026-08-07T07:27:22.485+0000] {processor.py:186} INFO - Started process (PID=12526) to work on /opt/airflow/dags/weather_dag.py
[2026-08-07T07:27:22.488+0000] {processor.py:914} INFO - Processing file /opt/airflow/dags/weather_dag.py for tasks to queue
[2026-08-07T07:27:22.491+0000] {logging_mixin.py:190} INFO - [2026-08-07T07:27:22.491+0000] {dagbag.py:588} INFO - Filling up the DagBag from /opt/airflow/dags/weather_dag.py
[2026-08-07T07:27:22.703+0000] {processor.py:925} INFO - DAG(s) 'weather_ingestion' retrieved from /opt/airflow/dags/weather_dag.py
[2026-08-07T07:27:22.716+0000] {logging_mixin.py:190} INFO - [2026-08-07T07:27:22.716+0000] {dag.py:3239} INFO - Sync 1 DAGs
[2026-08-07T07:27:22.726+0000] {logging_mixin.py:190} INFO - [2026-08-07T07:27:22.726+0000] {dag.py:4180} INFO - Setting next_dagrun for weather_ingestion to 2026-08-07 07:00:00+00:00, run_after=2026-08-07 08:00:00+00:00
[2026-08-07T07:27:22.734+0000] {processor.py:208} INFO - Processing /opt/airflow/dags/weather_dag.py took 0.255 seconds
[2026-08-07T07:27:52.840+0000] {processor.py:186} INFO - Started process (PID=12533) to work on /opt/airflow/dags/weather_dag.py
[2026-08-07T07:27:52.841+0000] {processor.py:914} INFO - Processing file /opt/airflow/dags/weather_dag.py for tasks to queue
[2026-08-07T07:27:52.844+0000] {logging_mixin.py:190} INFO - [2026-08-07T07:27:52.843+0000] {dagbag.py:588} INFO - Filling up the DagBag from /opt/airflow/dags/weather_dag.py
[2026-08-07T07:27:53.062+0000] {processor.py:925} INFO - DAG(s) 'weather_ingestion' retrieved from /opt/airflow/dags/weather_dag.py
[2026-08-07T07:27:53.076+0000] {logging_mixin.py:190} INFO - [2026-08-07T07:27:53.075+0000] {dag.py:3239} INFO - Sync 1 DAGs
[2026-08-07T07:27:53.085+0000] {logging_mixin.py:190} INFO - [2026-08-07T07:27:53.085+0000] {dag.py:4180} INFO - Setting next_dagrun for weather_ingestion to 2026-08-07 07:00:00+00:00, run_after=2026-08-07 08:00:00+00:00
[2026-08-07T07:27:53.092+0000] {processor.py:208} INFO - Processing /opt/airflow/dags/weather_dag.py took 0.258 seconds
[2026-08-07T07:28:23.783+0000] {processor.py:186} INFO - Started process (PID=12540) to work on /opt/airflow/dags/weather_dag.py
[2026-08-07T07:28:23.795+0000] {processor.py:914} INFO - Processing file /opt/airflow/dags/weather_dag.py for tasks to queue
[2026-08-07T07:28:23.807+0000] {logging_mixin.py:190} INFO - [2026-08-07T07:28:23.805+0000] {dagbag.py:588} INFO - Filling up the DagBag from /opt/airflow/dags/weather_dag.py
[2026-08-07T07:28:25.373+0000] {processor.py:925} INFO - DAG(s) 'weather_ingestion' retrieved from /opt/airflow/dags/weather_dag.py
[2026-08-07T07:28:25.497+0000] {logging_mixin.py:190} INFO - [2026-08-07T07:28:25.492+0000] {dag.py:3239} INFO - Sync 1 DAGs
[2026-08-07T07:28:25.583+0000] {logging_mixin.py:190} INFO - [2026-08-07T07:28:25.583+0000] {dag.py:4180} INFO - Setting next_dagrun for weather_ingestion to 2026-08-07 07:00:00+00:00, run_after=2026-08-07 08:00:00+00:00
[2026-08-07T07:28:25.635+0000] {processor.py:208} INFO - Processing /opt/airflow/dags/weather_dag.py took 1.966 seconds
[2026-08-07T07:44:29.192+0000] {processor.py:186} INFO - Started process (PID=12547) to work on /opt/airflow/dags/weather_dag.py
[2026-08-07T07:44:29.194+0000] {processor.py:914} INFO - Processing file /opt/airflow/dags/weather_dag.py for tasks to queue
[2026-08-07T07:44:29.198+0000] {logging_mixin.py:190} INFO - [2026-08-07T07:44:29.197+0000] {dagbag.py:588} INFO - Filling up the DagBag from /opt/airflow/dags/weather_dag.py
[2026-08-07T07:44:29.586+0000] {processor.py:925} INFO - DAG(s) 'weather_ingestion' retrieved from /opt/airflow/dags/weather_dag.py
[2026-08-07T07:44:29.605+0000] {logging_mixin.py:190} INFO - [2026-08-07T07:44:29.605+0000] {dag.py:3239} INFO - Sync 1 DAGs
[2026-08-07T07:44:29.618+0000] {logging_mixin.py:190} INFO - [2026-08-07T07:44:29.618+0000] {dag.py:4180} INFO - Setting next_dagrun for weather_ingestion to 2026-08-07 07:00:00+00:00, run_after=2026-08-07 08:00:00+00:00
[2026-08-07T07:44:29.626+0000] {processor.py:208} INFO - Processing /opt/airflow/dags/weather_dag.py took 0.446 seconds
[2026-08-07T07:45:00.020+0000] {processor.py:186} INFO - Started process (PID=12554) to work on /opt/airflow/dags/weather_dag.py
[2026-08-07T07:45:00.022+0000] {processor.py:914} INFO - Processing file /opt/airflow/dags/weather_dag.py for tasks to queue
[2026-08-07T07:45:00.043+0000] {logging_mixin.py:190} INFO - [2026-08-07T07:45:00.043+0000] {dagbag.py:588} INFO - Filling up the DagBag from /opt/airflow/dags/weather_dag.py
[2026-08-07T07:45:00.419+0000] {processor.py:925} INFO - DAG(s) 'weather_ingestion' retrieved from /opt/airflow/dags/weather_dag.py
[2026-08-07T07:45:00.439+0000] {logging_mixin.py:190} INFO - [2026-08-07T07:45:00.439+0000] {dag.py:3239} INFO - Sync 1 DAGs
[2026-08-07T07:45:00.459+0000] {logging_mixin.py:190} INFO - [2026-08-07T07:45:00.459+0000] {dag.py:4180} INFO - Setting next_dagrun for weather_ingestion to 2026-08-07 07:00:00+00:00, run_after=2026-08-07 08:00:00+00:00
[2026-08-07T07:45:00.469+0000] {processor.py:208} INFO - Processing /opt/airflow/dags/weather_dag.py took 0.483 seconds
[2026-08-07T07:45:30.884+0000] {processor.py:186} INFO - Started process (PID=12561) to work on /opt/airflow/dags/weather_dag.py
[2026-08-07T07:45:30.887+0000] {processor.py:914} INFO - Processing file /opt/airflow/dags/weather_dag.py for tasks to queue
[2026-08-07T07:45:30.890+0000] {logging_mixin.py:190} INFO - [2026-08-07T07:45:30.889+0000] {dagbag.py:588} INFO - Filling up the DagBag from /opt/airflow/dags/weather_dag.py
[2026-08-07T07:45:31.107+0000] {processor.py:925} INFO - DAG(s) 'weather_ingestion' retrieved from /opt/airflow/dags/weather_dag.py
[2026-08-07T07:45:31.120+0000] {logging_mixin.py:190} INFO - [2026-08-07T07:45:31.119+0000] {dag.py:3239} INFO - Sync 1 DAGs
[2026-08-07T07:45:31.129+0000] {logging_mixin.py:190} INFO - [2026-08-07T07:45:31.129+0000] {dag.py:4180} INFO - Setting next_dagrun for weather_ingestion to 2026-08-07 07:00:00+00:00, run_after=2026-08-07 08:00:00+00:00
[2026-08-07T07:45:31.136+0000] {processor.py:208} INFO - Processing /opt/airflow/dags/weather_dag.py took 0.262 seconds
[2026-08-07T07:46:01.293+0000] {processor.py:186} INFO - Started process (PID=12568) to work on /opt/airflow/dags/weather_dag.py
[2026-08-07T07:46:01.295+0000] {processor.py:914} INFO - Processing file /opt/airflow/dags/weather_dag.py for tasks to queue
[2026-08-07T07:46:01.298+0000] {logging_mixin.py:190} INFO - [2026-08-07T07:46:01.298+0000] {dagbag.py:588} INFO - Filling up the DagBag from /opt/airflow/dags/weather_dag.py
[2026-08-07T07:46:01.572+0000] {processor.py:925} INFO - DAG(s) 'weather_ingestion' retrieved from /opt/airflow/dags/weather_dag.py
[2026-08-07T07:46:01.587+0000] {logging_mixin.py:190} INFO - [2026-08-07T07:46:01.587+0000] {dag.py:3239} INFO - Sync 1 DAGs
[2026-08-07T07:46:01.599+0000] {logging_mixin.py:190} INFO - [2026-08-07T07:46:01.599+0000] {dag.py:4180} INFO - Setting next_dagrun for weather_ingestion to 2026-08-07 07:00:00+00:00, run_after=2026-08-07 08:00:00+00:00
[2026-08-07T07:46:01.608+0000] {processor.py:208} INFO - Processing /opt/airflow/dags/weather_dag.py took 0.325 seconds
[2026-08-07T08:03:31.713+0000] {processor.py:186} INFO - Started process (PID=12575) to work on /opt/airflow/dags/weather_dag.py
[2026-08-07T08:03:31.714+0000] {processor.py:914} INFO - Processing file /opt/airflow/dags/weather_dag.py for tasks to queue
[2026-08-07T08:03:31.718+0000] {logging_mixin.py:190} INFO - [2026-08-07T08:03:31.718+0000] {dagbag.py:588} INFO - Filling up the DagBag from /opt/airflow/dags/weather_dag.py
[2026-08-07T08:03:31.998+0000] {processor.py:925} INFO - DAG(s) 'weather_ingestion' retrieved from /opt/airflow/dags/weather_dag.py
[2026-08-07T08:03:32.014+0000] {logging_mixin.py:190} INFO - [2026-08-07T08:03:32.014+0000] {dag.py:3239} INFO - Sync 1 DAGs
[2026-08-07T08:03:32.028+0000] {logging_mixin.py:190} INFO - [2026-08-07T08:03:32.028+0000] {dag.py:4180} INFO - Setting next_dagrun for weather_ingestion to 2026-08-07 07:00:00+00:00, run_after=2026-08-07 08:00:00+00:00
[2026-08-07T08:03:32.036+0000] {processor.py:208} INFO - Processing /opt/airflow/dags/weather_dag.py took 0.332 seconds
[2026-08-07T08:04:02.210+0000] {processor.py:186} INFO - Started process (PID=12587) to work on /opt/airflow/dags/weather_dag.py
[2026-08-07T08:04:02.211+0000] {processor.py:914} INFO - Processing file /opt/airflow/dags/weather_dag.py for tasks to queue
[2026-08-07T08:04:02.216+0000] {logging_mixin.py:190} INFO - [2026-08-07T08:04:02.215+0000] {dagbag.py:588} INFO - Filling up the DagBag from /opt/airflow/dags/weather_dag.py
[2026-08-07T08:04:02.630+0000] {processor.py:925} INFO - DAG(s) 'weather_ingestion' retrieved from /opt/airflow/dags/weather_dag.py
[2026-08-07T08:04:02.651+0000] {logging_mixin.py:190} INFO - [2026-08-07T08:04:02.651+0000] {dag.py:3239} INFO - Sync 1 DAGs
[2026-08-07T08:04:02.667+0000] {logging_mixin.py:190} INFO - [2026-08-07T08:04:02.667+0000] {dag.py:4180} INFO - Setting next_dagrun for weather_ingestion to 2026-08-07 08:00:00+00:00, run_after=2026-08-07 09:00:00+00:00
[2026-08-07T08:04:02.676+0000] {processor.py:208} INFO - Processing /opt/airflow/dags/weather_dag.py took 0.479 seconds
[2026-08-07T08:04:32.795+0000] {processor.py:186} INFO - Started process (PID=12594) to work on /opt/airflow/dags/weather_dag.py
[2026-08-07T08:04:32.797+0000] {processor.py:914} INFO - Processing file /opt/airflow/dags/weather_dag.py for tasks to queue
[2026-08-07T08:04:32.799+0000] {logging_mixin.py:190} INFO - [2026-08-07T08:04:32.799+0000] {dagbag.py:588} INFO - Filling up the DagBag from /opt/airflow/dags/weather_dag.py
[2026-08-07T08:04:33.021+0000] {processor.py:925} INFO - DAG(s) 'weather_ingestion' retrieved from /opt/airflow/dags/weather_dag.py
[2026-08-07T08:04:33.035+0000] {logging_mixin.py:190} INFO - [2026-08-07T08:04:33.035+0000] {dag.py:3239} INFO - Sync 1 DAGs
[2026-08-07T08:04:33.046+0000] {logging_mixin.py:190} INFO - [2026-08-07T08:04:33.046+0000] {dag.py:4180} INFO - Setting next_dagrun for weather_ingestion to 2026-08-07 08:00:00+00:00, run_after=2026-08-07 09:00:00+00:00
[2026-08-07T08:04:33.053+0000] {processor.py:208} INFO - Processing /opt/airflow/dags/weather_dag.py took 0.265 seconds
[2026-08-07T08:05:03.410+0000] {processor.py:186} INFO - Started process (PID=12601) to work on /opt/airflow/dags/weather_dag.py
[2026-08-07T08:05:03.412+0000] {processor.py:914} INFO - Processing file /opt/airflow/dags/weather_dag.py for tasks to queue
[2026-08-07T08:05:03.416+0000] {logging_mixin.py:190} INFO - [2026-08-07T08:05:03.415+0000] {dagbag.py:588} INFO - Filling up the DagBag from /opt/airflow/dags/weather_dag.py
[2026-08-07T08:05:03.694+0000] {processor.py:925} INFO - DAG(s) 'weather_ingestion' retrieved from /opt/airflow/dags/weather_dag.py
[2026-08-07T08:05:03.712+0000] {logging_mixin.py:190} INFO - [2026-08-07T08:05:03.712+0000] {dag.py:3239} INFO - Sync 1 DAGs
[2026-08-07T08:05:03.725+0000] {logging_mixin.py:190} INFO - [2026-08-07T08:05:03.725+0000] {dag.py:4180} INFO - Setting next_dagrun for weather_ingestion to 2026-08-07 08:00:00+00:00, run_after=2026-08-07 09:00:00+00:00
[2026-08-07T08:05:03.734+0000] {processor.py:208} INFO - Processing /opt/airflow/dags/weather_dag.py took 0.332 seconds
[2026-08-07T08:05:33.785+0000] {processor.py:186} INFO - Started process (PID=12608) to work on /opt/airflow/dags/weather_dag.py
[2026-08-07T08:05:33.786+0000] {processor.py:914} INFO - Processing file /opt/airflow/dags/weather_dag.py for tasks to queue
[2026-08-07T08:05:33.788+0000] {logging_mixin.py:190} INFO - [2026-08-07T08:05:33.788+0000] {dagbag.py:588} INFO - Filling up the DagBag from /opt/airflow/dags/weather_dag.py
[2026-08-07T08:05:33.996+0000] {processor.py:925} INFO - DAG(s) 'weather_ingestion' retrieved from /opt/airflow/dags/weather_dag.py
[2026-08-07T08:05:34.007+0000] {logging_mixin.py:190} INFO - [2026-08-07T08:05:34.007+0000] {dag.py:3239} INFO - Sync 1 DAGs
[2026-08-07T08:05:34.016+0000] {logging_mixin.py:190} INFO - [2026-08-07T08:05:34.016+0000] {dag.py:4180} INFO - Setting next_dagrun for weather_ingestion to 2026-08-07 08:00:00+00:00, run_after=2026-08-07 09:00:00+00:00
[2026-08-07T08:05:34.023+0000] {processor.py:208} INFO - Processing /opt/airflow/dags/weather_dag.py took 0.247 seconds
[2026-08-07T08:21:34.222+0000] {processor.py:186} INFO - Started process (PID=12625) to work on /opt/airflow/dags/weather_dag.py
[2026-08-07T08:21:34.223+0000] {processor.py:914} INFO - Processing file /opt/airflow/dags/weather_dag.py for tasks to queue
[2026-08-07T08:21:34.224+0000] {logging_mixin.py:190} INFO - [2026-08-07T08:21:34.224+0000] {dagbag.py:588} INFO - Filling up the DagBag from /opt/airflow/dags/weather_dag.py
[2026-08-07T08:21:34.479+0000] {processor.py:925} INFO - DAG(s) 'weather_ingestion' retrieved from /opt/airflow/dags/weather_dag.py
[2026-08-07T08:21:34.494+0000] {logging_mixin.py:190} INFO - [2026-08-07T08:21:34.494+0000] {dag.py:3239} INFO - Sync 1 DAGs
[2026-08-07T08:21:34.510+0000] {logging_mixin.py:190} INFO - [2026-08-07T08:21:34.509+0000] {dag.py:4180} INFO - Setting next_dagrun for weather_ingestion to 2026-08-07 08:00:00+00:00, run_after=2026-08-07 09:00:00+00:00
[2026-08-07T08:21:34.521+0000] {processor.py:208} INFO - Processing /opt/airflow/dags/weather_dag.py took 0.303 seconds
[2026-08-07T08:22:04.898+0000] {processor.py:186} INFO - Started process (PID=12632) to work on /opt/airflow/dags/weather_dag.py
[2026-08-07T08:22:04.901+0000] {processor.py:914} INFO - Processing file /opt/airflow/dags/weather_dag.py for tasks to queue
[2026-08-07T08:22:04.905+0000] {logging_mixin.py:190} INFO - [2026-08-07T08:22:04.904+0000] {dagbag.py:588} INFO - Filling up the DagBag from /opt/airflow/dags/weather_dag.py
[2026-08-07T08:22:05.282+0000] {processor.py:925} INFO - DAG(s) 'weather_ingestion' retrieved from /opt/airflow/dags/weather_dag.py
[2026-08-07T08:22:05.327+0000] {logging_mixin.py:190} INFO - [2026-08-07T08:22:05.327+0000] {dag.py:3239} INFO - Sync 1 DAGs
[2026-08-07T08:22:05.344+0000] {logging_mixin.py:190} INFO - [2026-08-07T08:22:05.343+0000] {dag.py:4180} INFO - Setting next_dagrun for weather_ingestion to 2026-08-07 08:00:00+00:00, run_after=2026-08-07 09:00:00+00:00
[2026-08-07T08:22:05.353+0000] {processor.py:208} INFO - Processing /opt/airflow/dags/weather_dag.py took 0.504 seconds
[2026-08-07T08:22:35.669+0000] {processor.py:186} INFO - Started process (PID=12639) to work on /opt/airflow/dags/weather_dag.py
[2026-08-07T08:22:35.671+0000] {processor.py:914} INFO - Processing file /opt/airflow/dags/weather_dag.py for tasks to queue
[2026-08-07T08:22:35.673+0000] {logging_mixin.py:190} INFO - [2026-08-07T08:22:35.673+0000] {dagbag.py:588} INFO - Filling up the DagBag from /opt/airflow/dags/weather_dag.py
[2026-08-07T08:22:36.204+0000] {processor.py:925} INFO - DAG(s) 'weather_ingestion' retrieved from /opt/airflow/dags/weather_dag.py
[2026-08-07T08:22:36.239+0000] {logging_mixin.py:190} INFO - [2026-08-07T08:22:36.239+0000] {dag.py:3239} INFO - Sync 1 DAGs
[2026-08-07T08:22:36.259+0000] {logging_mixin.py:190} INFO - [2026-08-07T08:22:36.259+0000] {dag.py:4180} INFO - Setting next_dagrun for weather_ingestion to 2026-08-07 08:00:00+00:00, run_after=2026-08-07 09:00:00+00:00
[2026-08-07T08:22:36.272+0000] {processor.py:208} INFO - Processing /opt/airflow/dags/weather_dag.py took 0.608 seconds
[2026-08-07T08:23:06.629+0000] {processor.py:186} INFO - Started process (PID=12646) to work on /opt/airflow/dags/weather_dag.py
[2026-08-07T08:23:06.632+0000] {processor.py:914} INFO - Processing file /opt/airflow/dags/weather_dag.py for tasks to queue
[2026-08-07T08:23:06.636+0000] {logging_mixin.py:190} INFO - [2026-08-07T08:23:06.635+0000] {dagbag.py:588} INFO - Filling up the DagBag from /opt/airflow/dags/weather_dag.py
[2026-08-07T08:23:06.901+0000] {processor.py:925} INFO - DAG(s) 'weather_ingestion' retrieved from /opt/airflow/dags/weather_dag.py
[2026-08-07T08:23:06.916+0000] {logging_mixin.py:190} INFO - [2026-08-07T08:23:06.916+0000] {dag.py:3239} INFO - Sync 1 DAGs
[2026-08-07T08:23:06.927+0000] {logging_mixin.py:190} INFO - [2026-08-07T08:23:06.927+0000] {dag.py:4180} INFO - Setting next_dagrun for weather_ingestion to 2026-08-07 08:00:00+00:00, run_after=2026-08-07 09:00:00+00:00
[2026-08-07T08:23:06.935+0000] {processor.py:208} INFO - Processing /opt/airflow/dags/weather_dag.py took 0.315 seconds
[2026-08-07T08:29:10.746+0000] {processor.py:186} INFO - Started process (PID=12653) to work on /opt/airflow/dags/weather_dag.py
[2026-08-07T08:29:10.747+0000] {processor.py:914} INFO - Processing file /opt/airflow/dags/weather_dag.py for tasks to queue
[2026-08-07T08:29:10.748+0000] {logging_mixin.py:190} INFO - [2026-08-07T08:29:10.748+0000] {dagbag.py:588} INFO - Filling up the DagBag from /opt/airflow/dags/weather_dag.py
[2026-08-07T08:29:11.004+0000] {processor.py:925} INFO - DAG(s) 'weather_ingestion' retrieved from /opt/airflow/dags/weather_dag.py
[2026-08-07T08:29:11.017+0000] {logging_mixin.py:190} INFO - [2026-08-07T08:29:11.016+0000] {dag.py:3239} INFO - Sync 1 DAGs
[2026-08-07T08:29:11.027+0000] {logging_mixin.py:190} INFO - [2026-08-07T08:29:11.027+0000] {dag.py:4180} INFO - Setting next_dagrun for weather_ingestion to 2026-08-07 08:00:00+00:00, run_after=2026-08-07 09:00:00+00:00
[2026-08-07T08:29:11.034+0000] {processor.py:208} INFO - Processing /opt/airflow/dags/weather_dag.py took 0.294 seconds
[2026-08-07T08:29:41.396+0000] {processor.py:186} INFO - Started process (PID=12660) to work on /opt/airflow/dags/weather_dag.py
[2026-08-07T08:29:41.398+0000] {processor.py:914} INFO - Processing file /opt/airflow/dags/weather_dag.py for tasks to queue
[2026-08-07T08:29:41.401+0000] {logging_mixin.py:190} INFO - [2026-08-07T08:29:41.401+0000] {dagbag.py:588} INFO - Filling up the DagBag from /opt/airflow/dags/weather_dag.py
[2026-08-07T08:29:41.693+0000] {processor.py:925} INFO - DAG(s) 'weather_ingestion' retrieved from /opt/airflow/dags/weather_dag.py
[2026-08-07T08:29:41.709+0000] {logging_mixin.py:190} INFO - [2026-08-07T08:29:41.709+0000] {dag.py:3239} INFO - Sync 1 DAGs
[2026-08-07T08:29:41.721+0000] {logging_mixin.py:190} INFO - [2026-08-07T08:29:41.721+0000] {dag.py:4180} INFO - Setting next_dagrun for weather_ingestion to 2026-08-07 08:00:00+00:00, run_after=2026-08-07 09:00:00+00:00
[2026-08-07T08:29:41.730+0000] {processor.py:208} INFO - Processing /opt/airflow/dags/weather_dag.py took 0.344 seconds
[2026-08-07T08:30:12.115+0000] {processor.py:186} INFO - Started process (PID=12667) to work on /opt/airflow/dags/weather_dag.py
[2026-08-07T08:30:12.117+0000] {processor.py:914} INFO - Processing file /opt/airflow/dags/weather_dag.py for tasks to queue
[2026-08-07T08:30:12.120+0000] {logging_mixin.py:190} INFO - [2026-08-07T08:30:12.119+0000] {dagbag.py:588} INFO - Filling up the DagBag from /opt/airflow/dags/weather_dag.py
[2026-08-07T08:30:12.435+0000] {processor.py:925} INFO - DAG(s) 'weather_ingestion' retrieved from /opt/airflow/dags/weather_dag.py
[2026-08-07T08:30:12.452+0000] {logging_mixin.py:190} INFO - [2026-08-07T08:30:12.452+0000] {dag.py:3239} INFO - Sync 1 DAGs
[2026-08-07T08:30:12.466+0000] {logging_mixin.py:190} INFO - [2026-08-07T08:30:12.466+0000] {dag.py:4180} INFO - Setting next_dagrun for weather_ingestion to 2026-08-07 08:00:00+00:00, run_after=2026-08-07 09:00:00+00:00
[2026-08-07T08:30:12.475+0000] {processor.py:208} INFO - Processing /opt/airflow/dags/weather_dag.py took 0.372 seconds
[2026-08-07T08:30:42.816+0000] {processor.py:186} INFO - Started process (PID=12674) to work on /opt/airflow/dags/weather_dag.py
[2026-08-07T08:30:42.817+0000] {processor.py:914} INFO - Processing file /opt/airflow/dags/weather_dag.py for tasks to queue
[2026-08-07T08:30:42.820+0000] {logging_mixin.py:190} INFO - [2026-08-07T08:30:42.820+0000] {dagbag.py:588} INFO - Filling up the DagBag from /opt/airflow/dags/weather_dag.py
[2026-08-07T08:30:43.035+0000] {processor.py:925} INFO - DAG(s) 'weather_ingestion' retrieved from /opt/airflow/dags/weather_dag.py
[2026-08-07T08:30:43.048+0000] {logging_mixin.py:190} INFO - [2026-08-07T08:30:43.048+0000] {dag.py:3239} INFO - Sync 1 DAGs
[2026-08-07T08:30:43.058+0000] {logging_mixin.py:190} INFO - [2026-08-07T08:30:43.058+0000] {dag.py:4180} INFO - Setting next_dagrun for weather_ingestion to 2026-08-07 08:00:00+00:00, run_after=2026-08-07 09:00:00+00:00
[2026-08-07T08:30:43.064+0000] {processor.py:208} INFO - Processing /opt/airflow/dags/weather_dag.py took 0.256 seconds
[2026-08-07T08:31:13.160+0000] {processor.py:186} INFO - Started process (PID=12681) to work on /opt/airflow/dags/weather_dag.py
[2026-08-07T08:31:13.163+0000] {processor.py:914} INFO - Processing file /opt/airflow/dags/weather_dag.py for tasks to queue
[2026-08-07T08:31:13.166+0000] {logging_mixin.py:190} INFO - [2026-08-07T08:31:13.165+0000] {dagbag.py:588} INFO - Filling up the DagBag from /opt/airflow/dags/weather_dag.py
[2026-08-07T08:31:13.380+0000] {processor.py:925} INFO - DAG(s) 'weather_ingestion' retrieved from /opt/airflow/dags/weather_dag.py
[2026-08-07T08:31:13.393+0000] {logging_mixin.py:190} INFO - [2026-08-07T08:31:13.393+0000] {dag.py:3239} INFO - Sync 1 DAGs
[2026-08-07T08:31:13.403+0000] {logging_mixin.py:190} INFO - [2026-08-07T08:31:13.403+0000] {dag.py:4180} INFO - Setting next_dagrun for weather_ingestion to 2026-08-07 08:00:00+00:00, run_after=2026-08-07 09:00:00+00:00
[2026-08-07T08:31:13.411+0000] {processor.py:208} INFO - Processing /opt/airflow/dags/weather_dag.py took 0.260 seconds
[2026-08-07T08:47:42.149+0000] {processor.py:186} INFO - Started process (PID=12688) to work on /opt/airflow/dags/weather_dag.py
[2026-08-07T08:47:42.152+0000] {processor.py:914} INFO - Processing file /opt/airflow/dags/weather_dag.py for tasks to queue
[2026-08-07T08:47:42.173+0000] {logging_mixin.py:190} INFO - [2026-08-07T08:47:42.169+0000] {dagbag.py:588} INFO - Filling up the DagBag from /opt/airflow/dags/weather_dag.py
[2026-08-07T08:47:42.518+0000] {processor.py:925} INFO - DAG(s) 'weather_ingestion' retrieved from /opt/airflow/dags/weather_dag.py
[2026-08-07T08:47:42.535+0000] {logging_mixin.py:190} INFO - [2026-08-07T08:47:42.535+0000] {dag.py:3239} INFO - Sync 1 DAGs
[2026-08-07T08:47:42.549+0000] {logging_mixin.py:190} INFO - [2026-08-07T08:47:42.549+0000] {dag.py:4180} INFO - Setting next_dagrun for weather_ingestion to 2026-08-07 08:00:00+00:00, run_after=2026-08-07 09:00:00+00:00
[2026-08-07T08:47:42.557+0000] {processor.py:208} INFO - Processing /opt/airflow/dags/weather_dag.py took 0.426 seconds
[2026-08-07T08:48:13.080+0000] {processor.py:186} INFO - Started process (PID=12695) to work on /opt/airflow/dags/weather_dag.py
[2026-08-07T08:48:13.082+0000] {processor.py:914} INFO - Processing file /opt/airflow/dags/weather_dag.py for tasks to queue
[2026-08-07T08:48:13.086+0000] {logging_mixin.py:190} INFO - [2026-08-07T08:48:13.086+0000] {dagbag.py:588} INFO - Filling up the DagBag from /opt/airflow/dags/weather_dag.py
[2026-08-07T08:48:13.334+0000] {processor.py:925} INFO - DAG(s) 'weather_ingestion' retrieved from /opt/airflow/dags/weather_dag.py
[2026-08-07T08:48:13.350+0000] {logging_mixin.py:190} INFO - [2026-08-07T08:48:13.350+0000] {dag.py:3239} INFO - Sync 1 DAGs
[2026-08-07T08:48:13.362+0000] {logging_mixin.py:190} INFO - [2026-08-07T08:48:13.362+0000] {dag.py:4180} INFO - Setting next_dagrun for weather_ingestion to 2026-08-07 08:00:00+00:00, run_after=2026-08-07 09:00:00+00:00
[2026-08-07T08:48:13.368+0000] {processor.py:208} INFO - Processing /opt/airflow/dags/weather_dag.py took 0.300 seconds
[2026-08-07T08:48:43.410+0000] {processor.py:186} INFO - Started process (PID=12702) to work on /opt/airflow/dags/weather_dag.py
[2026-08-07T08:48:43.411+0000] {processor.py:914} INFO - Processing file /opt/airflow/dags/weather_dag.py for tasks to queue
[2026-08-07T08:48:43.413+0000] {logging_mixin.py:190} INFO - [2026-08-07T08:48:43.413+0000] {dagbag.py:588} INFO - Filling up the DagBag from /opt/airflow/dags/weather_dag.py
[2026-08-07T08:48:43.674+0000] {processor.py:925} INFO - DAG(s) 'weather_ingestion' retrieved from /opt/airflow/dags/weather_dag.py
[2026-08-07T08:48:43.691+0000] {logging_mixin.py:190} INFO - [2026-08-07T08:48:43.690+0000] {dag.py:3239} INFO - Sync 1 DAGs
[2026-08-07T08:48:43.703+0000] {logging_mixin.py:190} INFO - [2026-08-07T08:48:43.703+0000] {dag.py:4180} INFO - Setting next_dagrun for weather_ingestion to 2026-08-07 08:00:00+00:00, run_after=2026-08-07 09:00:00+00:00
[2026-08-07T08:48:43.712+0000] {processor.py:208} INFO - Processing /opt/airflow/dags/weather_dag.py took 0.309 seconds
[2026-08-07T08:49:14.102+0000] {processor.py:186} INFO - Started process (PID=12709) to work on /opt/airflow/dags/weather_dag.py
[2026-08-07T08:49:14.104+0000] {processor.py:914} INFO - Processing file /opt/airflow/dags/weather_dag.py for tasks to queue
[2026-08-07T08:49:14.109+0000] {logging_mixin.py:190} INFO - [2026-08-07T08:49:14.109+0000] {dagbag.py:588} INFO - Filling up the DagBag from /opt/airflow/dags/weather_dag.py
[2026-08-07T08:49:14.432+0000] {processor.py:925} INFO - DAG(s) 'weather_ingestion' retrieved from /opt/airflow/dags/weather_dag.py
[2026-08-07T08:49:14.458+0000] {logging_mixin.py:190} INFO - [2026-08-07T08:49:14.458+0000] {dag.py:3239} INFO - Sync 1 DAGs
[2026-08-07T08:49:14.473+0000] {logging_mixin.py:190} INFO - [2026-08-07T08:49:14.473+0000] {dag.py:4180} INFO - Setting next_dagrun for weather_ingestion to 2026-08-07 08:00:00+00:00, run_after=2026-08-07 09:00:00+00:00
[2026-08-07T08:49:14.481+0000] {processor.py:208} INFO - Processing /opt/airflow/dags/weather_dag.py took 0.395 seconds
[2026-08-07T09:06:53.943+0000] {processor.py:186} INFO - Started process (PID=12716) to work on /opt/airflow/dags/weather_dag.py
[2026-08-07T09:06:53.946+0000] {processor.py:914} INFO - Processing file /opt/airflow/dags/weather_dag.py for tasks to queue
[2026-08-07T09:06:53.949+0000] {logging_mixin.py:190} INFO - [2026-08-07T09:06:53.949+0000] {dagbag.py:588} INFO - Filling up the DagBag from /opt/airflow/dags/weather_dag.py
[2026-08-07T09:06:54.300+0000] {processor.py:925} INFO - DAG(s) 'weather_ingestion' retrieved from /opt/airflow/dags/weather_dag.py
[2026-08-07T09:06:54.318+0000] {logging_mixin.py:190} INFO - [2026-08-07T09:06:54.318+0000] {dag.py:3239} INFO - Sync 1 DAGs
[2026-08-07T09:06:54.333+0000] {logging_mixin.py:190} INFO - [2026-08-07T09:06:54.333+0000] {dag.py:4180} INFO - Setting next_dagrun for weather_ingestion to 2026-08-07 09:00:00+00:00, run_after=2026-08-07 10:00:00+00:00
[2026-08-07T09:06:54.341+0000] {processor.py:208} INFO - Processing /opt/airflow/dags/weather_dag.py took 0.411 seconds
[2026-08-07T09:07:24.683+0000] {processor.py:186} INFO - Started process (PID=12728) to work on /opt/airflow/dags/weather_dag.py
[2026-08-07T09:07:24.686+0000] {processor.py:914} INFO - Processing file /opt/airflow/dags/weather_dag.py for tasks to queue
[2026-08-07T09:07:24.690+0000] {logging_mixin.py:190} INFO - [2026-08-07T09:07:24.690+0000] {dagbag.py:588} INFO - Filling up the DagBag from /opt/airflow/dags/weather_dag.py
[2026-08-07T09:07:24.946+0000] {processor.py:925} INFO - DAG(s) 'weather_ingestion' retrieved from /opt/airflow/dags/weather_dag.py
[2026-08-07T09:07:24.961+0000] {logging_mixin.py:190} INFO - [2026-08-07T09:07:24.960+0000] {dag.py:3239} INFO - Sync 1 DAGs
[2026-08-07T09:07:24.972+0000] {logging_mixin.py:190} INFO - [2026-08-07T09:07:24.972+0000] {dag.py:4180} INFO - Setting next_dagrun for weather_ingestion to 2026-08-07 09:00:00+00:00, run_after=2026-08-07 10:00:00+00:00
[2026-08-07T09:07:24.979+0000] {processor.py:208} INFO - Processing /opt/airflow/dags/weather_dag.py took 0.309 seconds
[2026-08-07T09:07:55.094+0000] {processor.py:186} INFO - Started process (PID=12735) to work on /opt/airflow/dags/weather_dag.py
[2026-08-07T09:07:55.095+0000] {processor.py:914} INFO - Processing file /opt/airflow/dags/weather_dag.py for tasks to queue
[2026-08-07T09:07:55.097+0000] {logging_mixin.py:190} INFO - [2026-08-07T09:07:55.097+0000] {dagbag.py:588} INFO - Filling up the DagBag from /opt/airflow/dags/weather_dag.py
[2026-08-07T09:07:55.330+0000] {processor.py:925} INFO - DAG(s) 'weather_ingestion' retrieved from /opt/airflow/dags/weather_dag.py
[2026-08-07T09:07:55.346+0000] {logging_mixin.py:190} INFO - [2026-08-07T09:07:55.346+0000] {dag.py:3239} INFO - Sync 1 DAGs
[2026-08-07T09:07:55.358+0000] {logging_mixin.py:190} INFO - [2026-08-07T09:07:55.358+0000] {dag.py:4180} INFO - Setting next_dagrun for weather_ingestion to 2026-08-07 09:00:00+00:00, run_after=2026-08-07 10:00:00+00:00
[2026-08-07T09:07:55.371+0000] {processor.py:208} INFO - Processing /opt/airflow/dags/weather_dag.py took 0.285 seconds
[2026-08-07T09:08:25.637+0000] {processor.py:186} INFO - Started process (PID=12742) to work on /opt/airflow/dags/weather_dag.py
[2026-08-07T09:08:25.640+0000] {processor.py:914} INFO - Processing file /opt/airflow/dags/weather_dag.py for tasks to queue
[2026-08-07T09:08:25.643+0000] {logging_mixin.py:190} INFO - [2026-08-07T09:08:25.643+0000] {dagbag.py:588} INFO - Filling up the DagBag from /opt/airflow/dags/weather_dag.py
[2026-08-07T09:08:25.882+0000] {processor.py:925} INFO - DAG(s) 'weather_ingestion' retrieved from /opt/airflow/dags/weather_dag.py
[2026-08-07T09:08:25.895+0000] {logging_mixin.py:190} INFO - [2026-08-07T09:08:25.895+0000] {dag.py:3239} INFO - Sync 1 DAGs
[2026-08-07T09:08:25.906+0000] {logging_mixin.py:190} INFO - [2026-08-07T09:08:25.906+0000] {dag.py:4180} INFO - Setting next_dagrun for weather_ingestion to 2026-08-07 09:00:00+00:00, run_after=2026-08-07 10:00:00+00:00
[2026-08-07T09:08:25.913+0000] {processor.py:208} INFO - Processing /opt/airflow/dags/weather_dag.py took 0.287 seconds
[2026-08-07T09:08:55.971+0000] {processor.py:186} INFO - Started process (PID=12749) to work on /opt/airflow/dags/weather_dag.py
[2026-08-07T09:08:55.974+0000] {processor.py:914} INFO - Processing file /opt/airflow/dags/weather_dag.py for tasks to queue
[2026-08-07T09:08:55.976+0000] {logging_mixin.py:190} INFO - [2026-08-07T09:08:55.976+0000] {dagbag.py:588} INFO - Filling up the DagBag from /opt/airflow/dags/weather_dag.py
[2026-08-07T09:08:56.226+0000] {processor.py:925} INFO - DAG(s) 'weather_ingestion' retrieved from /opt/airflow/dags/weather_dag.py
[2026-08-07T09:08:56.240+0000] {logging_mixin.py:190} INFO - [2026-08-07T09:08:56.240+0000] {dag.py:3239} INFO - Sync 1 DAGs
[2026-08-07T09:08:56.252+0000] {logging_mixin.py:190} INFO - [2026-08-07T09:08:56.252+0000] {dag.py:4180} INFO - Setting next_dagrun for weather_ingestion to 2026-08-07 09:00:00+00:00, run_after=2026-08-07 10:00:00+00:00
[2026-08-07T09:08:56.259+0000] {processor.py:208} INFO - Processing /opt/airflow/dags/weather_dag.py took 0.300 seconds
[2026-08-07T09:09:26.595+0000] {processor.py:186} INFO - Started process (PID=12761) to work on /opt/airflow/dags/weather_dag.py
[2026-08-07T09:09:26.596+0000] {processor.py:914} INFO - Processing file /opt/airflow/dags/weather_dag.py for tasks to queue
[2026-08-07T09:09:26.598+0000] {logging_mixin.py:190} INFO - [2026-08-07T09:09:26.598+0000] {dagbag.py:588} INFO - Filling up the DagBag from /opt/airflow/dags/weather_dag.py
[2026-08-07T09:09:26.824+0000] {processor.py:925} INFO - DAG(s) 'weather_ingestion' retrieved from /opt/airflow/dags/weather_dag.py
[2026-08-07T09:09:26.837+0000] {logging_mixin.py:190} INFO - [2026-08-07T09:09:26.837+0000] {dag.py:3239} INFO - Sync 1 DAGs
[2026-08-07T09:09:26.848+0000] {logging_mixin.py:190} INFO - [2026-08-07T09:09:26.848+0000] {dag.py:4180} INFO - Setting next_dagrun for weather_ingestion to 2026-08-07 09:00:00+00:00, run_after=2026-08-07 10:00:00+00:00
[2026-08-07T09:09:26.854+0000] {processor.py:208} INFO - Processing /opt/airflow/dags/weather_dag.py took 0.265 seconds
[2026-08-07T09:26:04.092+0000] {processor.py:186} INFO - Started process (PID=12768) to work on /opt/airflow/dags/weather_dag.py
[2026-08-07T09:26:04.093+0000] {processor.py:914} INFO - Processing file /opt/airflow/dags/weather_dag.py for tasks to queue
[2026-08-07T09:26:04.097+0000] {logging_mixin.py:190} INFO - [2026-08-07T09:26:04.097+0000] {dagbag.py:588} INFO - Filling up the DagBag from /opt/airflow/dags/weather_dag.py
[2026-08-07T09:26:04.466+0000] {processor.py:925} INFO - DAG(s) 'weather_ingestion' retrieved from /opt/airflow/dags/weather_dag.py
[2026-08-07T09:26:04.484+0000] {logging_mixin.py:190} INFO - [2026-08-07T09:26:04.484+0000] {dag.py:3239} INFO - Sync 1 DAGs
[2026-08-07T09:26:04.499+0000] {logging_mixin.py:190} INFO - [2026-08-07T09:26:04.499+0000] {dag.py:4180} INFO - Setting next_dagrun for weather_ingestion to 2026-08-07 09:00:00+00:00, run_after=2026-08-07 10:00:00+00:00
[2026-08-07T09:26:04.507+0000] {processor.py:208} INFO - Processing /opt/airflow/dags/weather_dag.py took 0.425 seconds
[2026-08-07T09:26:34.966+0000] {processor.py:186} INFO - Started process (PID=12775) to work on /opt/airflow/dags/weather_dag.py
[2026-08-07T09:26:34.968+0000] {processor.py:914} INFO - Processing file /opt/airflow/dags/weather_dag.py for tasks to queue
[2026-08-07T09:26:34.972+0000] {logging_mixin.py:190} INFO - [2026-08-07T09:26:34.972+0000] {dagbag.py:588} INFO - Filling up the DagBag from /opt/airflow/dags/weather_dag.py
[2026-08-07T09:26:35.358+0000] {processor.py:925} INFO - DAG(s) 'weather_ingestion' retrieved from /opt/airflow/dags/weather_dag.py
[2026-08-07T09:26:35.380+0000] {logging_mixin.py:190} INFO - [2026-08-07T09:26:35.380+0000] {dag.py:3239} INFO - Sync 1 DAGs
[2026-08-07T09:26:35.394+0000] {logging_mixin.py:190} INFO - [2026-08-07T09:26:35.394+0000] {dag.py:4180} INFO - Setting next_dagrun for weather_ingestion to 2026-08-07 09:00:00+00:00, run_after=2026-08-07 10:00:00+00:00
[2026-08-07T09:26:35.402+0000] {processor.py:208} INFO - Processing /opt/airflow/dags/weather_dag.py took 0.495 seconds
[2026-08-07T09:27:05.775+0000] {processor.py:186} INFO - Started process (PID=12782) to work on /opt/airflow/dags/weather_dag.py
[2026-08-07T09:27:05.777+0000] {processor.py:914} INFO - Processing file /opt/airflow/dags/weather_dag.py for tasks to queue
[2026-08-07T09:27:05.780+0000] {logging_mixin.py:190} INFO - [2026-08-07T09:27:05.780+0000] {dagbag.py:588} INFO - Filling up the DagBag from /opt/airflow/dags/weather_dag.py
[2026-08-07T09:27:05.997+0000] {processor.py:925} INFO - DAG(s) 'weather_ingestion' retrieved from /opt/airflow/dags/weather_dag.py
[2026-08-07T09:27:06.012+0000] {logging_mixin.py:190} INFO - [2026-08-07T09:27:06.012+0000] {dag.py:3239} INFO - Sync 1 DAGs
[2026-08-07T09:27:06.023+0000] {logging_mixin.py:190} INFO - [2026-08-07T09:27:06.023+0000] {dag.py:4180} INFO - Setting next_dagrun for weather_ingestion to 2026-08-07 09:00:00+00:00, run_after=2026-08-07 10:00:00+00:00
[2026-08-07T09:27:06.030+0000] {processor.py:208} INFO - Processing /opt/airflow/dags/weather_dag.py took 0.263 seconds
[2026-08-07T09:27:36.070+0000] {processor.py:186} INFO - Started process (PID=12789) to work on /opt/airflow/dags/weather_dag.py
[2026-08-07T09:27:36.071+0000] {processor.py:914} INFO - Processing file /opt/airflow/dags/weather_dag.py for tasks to queue
[2026-08-07T09:27:36.074+0000] {logging_mixin.py:190} INFO - [2026-08-07T09:27:36.073+0000] {dagbag.py:588} INFO - Filling up the DagBag from /opt/airflow/dags/weather_dag.py
[2026-08-07T09:27:36.448+0000] {processor.py:925} INFO - DAG(s) 'weather_ingestion' retrieved from /opt/airflow/dags/weather_dag.py
[2026-08-07T09:27:36.466+0000] {logging_mixin.py:190} INFO - [2026-08-07T09:27:36.466+0000] {dag.py:3239} INFO - Sync 1 DAGs
[2026-08-07T09:27:36.478+0000] {logging_mixin.py:190} INFO - [2026-08-07T09:27:36.478+0000] {dag.py:4180} INFO - Setting next_dagrun for weather_ingestion to 2026-08-07 09:00:00+00:00, run_after=2026-08-07 10:00:00+00:00
[2026-08-07T09:27:36.487+0000] {processor.py:208} INFO - Processing /opt/airflow/dags/weather_dag.py took 0.423 seconds
[2026-08-07T09:30:18.846+0000] {processor.py:186} INFO - Started process (PID=12796) to work on /opt/airflow/dags/weather_dag.py
[2026-08-07T09:30:18.847+0000] {processor.py:914} INFO - Processing file /opt/airflow/dags/weather_dag.py for tasks to queue
[2026-08-07T09:30:18.848+0000] {logging_mixin.py:190} INFO - [2026-08-07T09:30:18.848+0000] {dagbag.py:588} INFO - Filling up the DagBag from /opt/airflow/dags/weather_dag.py
[2026-08-07T09:30:19.074+0000] {processor.py:925} INFO - DAG(s) 'weather_ingestion' retrieved from /opt/airflow/dags/weather_dag.py
[2026-08-07T09:30:19.087+0000] {logging_mixin.py:190} INFO - [2026-08-07T09:30:19.087+0000] {dag.py:3239} INFO - Sync 1 DAGs
[2026-08-07T09:30:19.098+0000] {logging_mixin.py:190} INFO - [2026-08-07T09:30:19.098+0000] {dag.py:4180} INFO - Setting next_dagrun for weather_ingestion to 2026-08-07 09:00:00+00:00, run_after=2026-08-07 10:00:00+00:00
[2026-08-07T09:30:19.104+0000] {processor.py:208} INFO - Processing /opt/airflow/dags/weather_dag.py took 0.264 seconds
[2026-08-07T09:30:49.208+0000] {processor.py:186} INFO - Started process (PID=12803) to work on /opt/airflow/dags/weather_dag.py
[2026-08-07T09:30:49.211+0000] {processor.py:914} INFO - Processing file /opt/airflow/dags/weather_dag.py for tasks to queue
[2026-08-07T09:30:49.216+0000] {logging_mixin.py:190} INFO - [2026-08-07T09:30:49.215+0000] {dagbag.py:588} INFO - Filling up the DagBag from /opt/airflow/dags/weather_dag.py
[2026-08-07T09:30:49.457+0000] {processor.py:925} INFO - DAG(s) 'weather_ingestion' retrieved from /opt/airflow/dags/weather_dag.py
[2026-08-07T09:30:49.470+0000] {logging_mixin.py:190} INFO - [2026-08-07T09:30:49.469+0000] {dag.py:3239} INFO - Sync 1 DAGs
[2026-08-07T09:30:49.480+0000] {logging_mixin.py:190} INFO - [2026-08-07T09:30:49.480+0000] {dag.py:4180} INFO - Setting next_dagrun for weather_ingestion to 2026-08-07 09:00:00+00:00, run_after=2026-08-07 10:00:00+00:00
[2026-08-07T09:30:49.490+0000] {processor.py:208} INFO - Processing /opt/airflow/dags/weather_dag.py took 0.296 seconds
[2026-08-07T09:31:19.775+0000] {processor.py:186} INFO - Started process (PID=12810) to work on /opt/airflow/dags/weather_dag.py
[2026-08-07T09:31:19.776+0000] {processor.py:914} INFO - Processing file /opt/airflow/dags/weather_dag.py for tasks to queue
[2026-08-07T09:31:19.779+0000] {logging_mixin.py:190} INFO - [2026-08-07T09:31:19.778+0000] {dagbag.py:588} INFO - Filling up the DagBag from /opt/airflow/dags/weather_dag.py
[2026-08-07T09:31:20.052+0000] {processor.py:925} INFO - DAG(s) 'weather_ingestion' retrieved from /opt/airflow/dags/weather_dag.py
[2026-08-07T09:31:20.068+0000] {logging_mixin.py:190} INFO - [2026-08-07T09:31:20.068+0000] {dag.py:3239} INFO - Sync 1 DAGs
[2026-08-07T09:31:20.084+0000] {logging_mixin.py:190} INFO - [2026-08-07T09:31:20.083+0000] {dag.py:4180} INFO - Setting next_dagrun for weather_ingestion to 2026-08-07 09:00:00+00:00, run_after=2026-08-07 10:00:00+00:00
[2026-08-07T09:31:20.092+0000] {processor.py:208} INFO - Processing /opt/airflow/dags/weather_dag.py took 0.324 seconds
[2026-08-07T09:31:50.437+0000] {processor.py:186} INFO - Started process (PID=12817) to work on /opt/airflow/dags/weather_dag.py
[2026-08-07T09:31:50.439+0000] {processor.py:914} INFO - Processing file /opt/airflow/dags/weather_dag.py for tasks to queue
[2026-08-07T09:31:50.441+0000] {logging_mixin.py:190} INFO - [2026-08-07T09:31:50.441+0000] {dagbag.py:588} INFO - Filling up the DagBag from /opt/airflow/dags/weather_dag.py
[2026-08-07T09:31:50.671+0000] {processor.py:925} INFO - DAG(s) 'weather_ingestion' retrieved from /opt/airflow/dags/weather_dag.py
[2026-08-07T09:31:50.685+0000] {logging_mixin.py:190} INFO - [2026-08-07T09:31:50.685+0000] {dag.py:3239} INFO - Sync 1 DAGs
[2026-08-07T09:31:50.694+0000] {logging_mixin.py:190} INFO - [2026-08-07T09:31:50.694+0000] {dag.py:4180} INFO - Setting next_dagrun for weather_ingestion to 2026-08-07 09:00:00+00:00, run_after=2026-08-07 10:00:00+00:00
[2026-08-07T09:31:50.701+0000] {processor.py:208} INFO - Processing /opt/airflow/dags/weather_dag.py took 0.271 seconds
[2026-08-07T09:32:21.403+0000] {processor.py:186} INFO - Started process (PID=12824) to work on /opt/airflow/dags/weather_dag.py
[2026-08-07T09:32:21.407+0000] {processor.py:914} INFO - Processing file /opt/airflow/dags/weather_dag.py for tasks to queue
[2026-08-07T09:32:21.424+0000] {logging_mixin.py:190} INFO - [2026-08-07T09:32:21.424+0000] {dagbag.py:588} INFO - Filling up the DagBag from /opt/airflow/dags/weather_dag.py
[2026-08-07T09:32:23.117+0000] {processor.py:925} INFO - DAG(s) 'weather_ingestion' retrieved from /opt/airflow/dags/weather_dag.py
[2026-08-07T09:32:23.138+0000] {logging_mixin.py:190} INFO - [2026-08-07T09:32:23.138+0000] {dag.py:3239} INFO - Sync 1 DAGs
[2026-08-07T09:32:23.152+0000] {logging_mixin.py:190} INFO - [2026-08-07T09:32:23.152+0000] {dag.py:4180} INFO - Setting next_dagrun for weather_ingestion to 2026-08-07 09:00:00+00:00, run_after=2026-08-07 10:00:00+00:00
[2026-08-07T09:32:23.160+0000] {processor.py:208} INFO - Processing /opt/airflow/dags/weather_dag.py took 1.774 seconds
[2026-08-07T09:48:06.013+0000] {processor.py:186} INFO - Started process (PID=12831) to work on /opt/airflow/dags/weather_dag.py
[2026-08-07T09:48:06.016+0000] {processor.py:914} INFO - Processing file /opt/airflow/dags/weather_dag.py for tasks to queue
[2026-08-07T09:48:06.025+0000] {logging_mixin.py:190} INFO - [2026-08-07T09:48:06.022+0000] {dagbag.py:588} INFO - Filling up the DagBag from /opt/airflow/dags/weather_dag.py
[2026-08-07T09:48:06.439+0000] {processor.py:925} INFO - DAG(s) 'weather_ingestion' retrieved from /opt/airflow/dags/weather_dag.py
[2026-08-07T09:48:06.460+0000] {logging_mixin.py:190} INFO - [2026-08-07T09:48:06.460+0000] {dag.py:3239} INFO - Sync 1 DAGs
[2026-08-07T09:48:06.476+0000] {logging_mixin.py:190} INFO - [2026-08-07T09:48:06.476+0000] {dag.py:4180} INFO - Setting next_dagrun for weather_ingestion to 2026-08-07 09:00:00+00:00, run_after=2026-08-07 10:00:00+00:00
[2026-08-07T09:48:06.484+0000] {processor.py:208} INFO - Processing /opt/airflow/dags/weather_dag.py took 0.485 seconds
[2026-08-07T09:48:36.968+0000] {processor.py:186} INFO - Started process (PID=12838) to work on /opt/airflow/dags/weather_dag.py
[2026-08-07T09:48:36.971+0000] {processor.py:914} INFO - Processing file /opt/airflow/dags/weather_dag.py for tasks to queue
[2026-08-07T09:48:36.980+0000] {logging_mixin.py:190} INFO - [2026-08-07T09:48:36.979+0000] {dagbag.py:588} INFO - Filling up the DagBag from /opt/airflow/dags/weather_dag.py
[2026-08-07T09:48:37.352+0000] {processor.py:925} INFO - DAG(s) 'weather_ingestion' retrieved from /opt/airflow/dags/weather_dag.py
[2026-08-07T09:48:37.370+0000] {logging_mixin.py:190} INFO - [2026-08-07T09:48:37.370+0000] {dag.py:3239} INFO - Sync 1 DAGs
[2026-08-07T09:48:37.384+0000] {logging_mixin.py:190} INFO - [2026-08-07T09:48:37.384+0000] {dag.py:4180} INFO - Setting next_dagrun for weather_ingestion to 2026-08-07 09:00:00+00:00, run_after=2026-08-07 10:00:00+00:00
[2026-08-07T09:48:37.392+0000] {processor.py:208} INFO - Processing /opt/airflow/dags/weather_dag.py took 0.446 seconds
[2026-08-07T09:49:07.704+0000] {processor.py:186} INFO - Started process (PID=12845) to work on /opt/airflow/dags/weather_dag.py
[2026-08-07T09:49:07.706+0000] {processor.py:914} INFO - Processing file /opt/airflow/dags/weather_dag.py for tasks to queue
[2026-08-07T09:49:07.708+0000] {logging_mixin.py:190} INFO - [2026-08-07T09:49:07.707+0000] {dagbag.py:588} INFO - Filling up the DagBag from /opt/airflow/dags/weather_dag.py
[2026-08-07T09:49:07.922+0000] {processor.py:925} INFO - DAG(s) 'weather_ingestion' retrieved from /opt/airflow/dags/weather_dag.py
[2026-08-07T09:49:07.935+0000] {logging_mixin.py:190} INFO - [2026-08-07T09:49:07.935+0000] {dag.py:3239} INFO - Sync 1 DAGs
[2026-08-07T09:49:07.945+0000] {logging_mixin.py:190} INFO - [2026-08-07T09:49:07.945+0000] {dag.py:4180} INFO - Setting next_dagrun for weather_ingestion to 2026-08-07 09:00:00+00:00, run_after=2026-08-07 10:00:00+00:00
[2026-08-07T09:49:07.952+0000] {processor.py:208} INFO - Processing /opt/airflow/dags/weather_dag.py took 0.254 seconds
[2026-08-07T09:49:38.083+0000] {processor.py:186} INFO - Started process (PID=12852) to work on /opt/airflow/dags/weather_dag.py
[2026-08-07T09:49:38.085+0000] {processor.py:914} INFO - Processing file /opt/airflow/dags/weather_dag.py for tasks to queue
[2026-08-07T09:49:38.088+0000] {logging_mixin.py:190} INFO - [2026-08-07T09:49:38.087+0000] {dagbag.py:588} INFO - Filling up the DagBag from /opt/airflow/dags/weather_dag.py
[2026-08-07T09:49:38.309+0000] {processor.py:925} INFO - DAG(s) 'weather_ingestion' retrieved from /opt/airflow/dags/weather_dag.py
[2026-08-07T09:49:38.321+0000] {logging_mixin.py:190} INFO - [2026-08-07T09:49:38.321+0000] {dag.py:3239} INFO - Sync 1 DAGs
[2026-08-07T09:49:38.330+0000] {logging_mixin.py:190} INFO - [2026-08-07T09:49:38.330+0000] {dag.py:4180} INFO - Setting next_dagrun for weather_ingestion to 2026-08-07 09:00:00+00:00, run_after=2026-08-07 10:00:00+00:00
[2026-08-07T09:49:38.337+0000] {processor.py:208} INFO - Processing /opt/airflow/dags/weather_dag.py took 0.261 seconds
[2026-08-07T10:05:38.123+0000] {processor.py:186} INFO - Started process (PID=12859) to work on /opt/airflow/dags/weather_dag.py
[2026-08-07T10:05:38.128+0000] {processor.py:914} INFO - Processing file /opt/airflow/dags/weather_dag.py for tasks to queue
[2026-08-07T10:05:38.135+0000] {logging_mixin.py:190} INFO - [2026-08-07T10:05:38.135+0000] {dagbag.py:588} INFO - Filling up the DagBag from /opt/airflow/dags/weather_dag.py
[2026-08-07T10:05:38.492+0000] {processor.py:925} INFO - DAG(s) 'weather_ingestion' retrieved from /opt/airflow/dags/weather_dag.py
[2026-08-07T10:05:38.516+0000] {logging_mixin.py:190} INFO - [2026-08-07T10:05:38.516+0000] {dag.py:3239} INFO - Sync 1 DAGs
[2026-08-07T10:05:38.533+0000] {logging_mixin.py:190} INFO - [2026-08-07T10:05:38.532+0000] {dag.py:4180} INFO - Setting next_dagrun for weather_ingestion to 2026-08-07 09:00:00+00:00, run_after=2026-08-07 10:00:00+00:00
[2026-08-07T10:05:38.541+0000] {processor.py:208} INFO - Processing /opt/airflow/dags/weather_dag.py took 0.501 seconds
[2026-08-07T10:06:09.017+0000] {processor.py:186} INFO - Started process (PID=12871) to work on /opt/airflow/dags/weather_dag.py
[2026-08-07T10:06:09.019+0000] {processor.py:914} INFO - Processing file /opt/airflow/dags/weather_dag.py for tasks to queue
[2026-08-07T10:06:09.023+0000] {logging_mixin.py:190} INFO - [2026-08-07T10:06:09.022+0000] {dagbag.py:588} INFO - Filling up the DagBag from /opt/airflow/dags/weather_dag.py
[2026-08-07T10:06:09.384+0000] {processor.py:925} INFO - DAG(s) 'weather_ingestion' retrieved from /opt/airflow/dags/weather_dag.py
[2026-08-07T10:06:09.426+0000] {logging_mixin.py:190} INFO - [2026-08-07T10:06:09.425+0000] {dag.py:3239} INFO - Sync 1 DAGs
[2026-08-07T10:06:09.439+0000] {logging_mixin.py:190} INFO - [2026-08-07T10:06:09.439+0000] {dag.py:4180} INFO - Setting next_dagrun for weather_ingestion to 2026-08-07 10:00:00+00:00, run_after=2026-08-07 11:00:00+00:00
[2026-08-07T10:06:09.447+0000] {processor.py:208} INFO - Processing /opt/airflow/dags/weather_dag.py took 0.445 seconds
[2026-08-07T10:06:39.931+0000] {processor.py:186} INFO - Started process (PID=12878) to work on /opt/airflow/dags/weather_dag.py
[2026-08-07T10:06:39.933+0000] {processor.py:914} INFO - Processing file /opt/airflow/dags/weather_dag.py for tasks to queue
[2026-08-07T10:06:39.935+0000] {logging_mixin.py:190} INFO - [2026-08-07T10:06:39.935+0000] {dagbag.py:588} INFO - Filling up the DagBag from /opt/airflow/dags/weather_dag.py
[2026-08-07T10:06:40.504+0000] {processor.py:925} INFO - DAG(s) 'weather_ingestion' retrieved from /opt/airflow/dags/weather_dag.py
[2026-08-07T10:06:40.527+0000] {logging_mixin.py:190} INFO - [2026-08-07T10:06:40.526+0000] {dag.py:3239} INFO - Sync 1 DAGs
[2026-08-07T10:06:40.541+0000] {logging_mixin.py:190} INFO - [2026-08-07T10:06:40.541+0000] {dag.py:4180} INFO - Setting next_dagrun for weather_ingestion to 2026-08-07 10:00:00+00:00, run_after=2026-08-07 11:00:00+00:00
[2026-08-07T10:06:40.549+0000] {processor.py:208} INFO - Processing /opt/airflow/dags/weather_dag.py took 0.625 seconds
[2026-08-07T10:07:10.977+0000] {processor.py:186} INFO - Started process (PID=12885) to work on /opt/airflow/dags/weather_dag.py
[2026-08-07T10:07:10.980+0000] {processor.py:914} INFO - Processing file /opt/airflow/dags/weather_dag.py for tasks to queue
[2026-08-07T10:07:10.983+0000] {logging_mixin.py:190} INFO - [2026-08-07T10:07:10.982+0000] {dagbag.py:588} INFO - Filling up the DagBag from /opt/airflow/dags/weather_dag.py
[2026-08-07T10:07:11.227+0000] {processor.py:925} INFO - DAG(s) 'weather_ingestion' retrieved from /opt/airflow/dags/weather_dag.py
[2026-08-07T10:07:11.239+0000] {logging_mixin.py:190} INFO - [2026-08-07T10:07:11.238+0000] {dag.py:3239} INFO - Sync 1 DAGs
[2026-08-07T10:07:11.249+0000] {logging_mixin.py:190} INFO - [2026-08-07T10:07:11.249+0000] {dag.py:4180} INFO - Setting next_dagrun for weather_ingestion to 2026-08-07 10:00:00+00:00, run_after=2026-08-07 11:00:00+00:00
[2026-08-07T10:07:11.256+0000] {processor.py:208} INFO - Processing /opt/airflow/dags/weather_dag.py took 0.286 seconds
[2026-08-07T10:18:40.599+0000] {processor.py:186} INFO - Started process (PID=12892) to work on /opt/airflow/dags/weather_dag.py
[2026-08-07T10:18:40.600+0000] {processor.py:914} INFO - Processing file /opt/airflow/dags/weather_dag.py for tasks to queue
[2026-08-07T10:18:40.602+0000] {logging_mixin.py:190} INFO - [2026-08-07T10:18:40.601+0000] {dagbag.py:588} INFO - Filling up the DagBag from /opt/airflow/dags/weather_dag.py
[2026-08-07T10:18:40.847+0000] {processor.py:925} INFO - DAG(s) 'weather_ingestion' retrieved from /opt/airflow/dags/weather_dag.py
[2026-08-07T10:18:40.863+0000] {logging_mixin.py:190} INFO - [2026-08-07T10:18:40.862+0000] {dag.py:3239} INFO - Sync 1 DAGs
[2026-08-07T10:18:40.876+0000] {logging_mixin.py:190} INFO - [2026-08-07T10:18:40.876+0000] {dag.py:4180} INFO - Setting next_dagrun for weather_ingestion to 2026-08-07 10:00:00+00:00, run_after=2026-08-07 11:00:00+00:00
[2026-08-07T10:18:40.883+0000] {processor.py:208} INFO - Processing /opt/airflow/dags/weather_dag.py took 0.290 seconds
[2026-08-07T10:19:11.047+0000] {processor.py:186} INFO - Started process (PID=12904) to work on /opt/airflow/dags/weather_dag.py
[2026-08-07T10:19:11.049+0000] {processor.py:914} INFO - Processing file /opt/airflow/dags/weather_dag.py for tasks to queue
[2026-08-07T10:19:11.053+0000] {logging_mixin.py:190} INFO - [2026-08-07T10:19:11.052+0000] {dagbag.py:588} INFO - Filling up the DagBag from /opt/airflow/dags/weather_dag.py
[2026-08-07T10:19:11.359+0000] {processor.py:925} INFO - DAG(s) 'weather_ingestion' retrieved from /opt/airflow/dags/weather_dag.py
[2026-08-07T10:19:11.376+0000] {logging_mixin.py:190} INFO - [2026-08-07T10:19:11.376+0000] {dag.py:3239} INFO - Sync 1 DAGs
[2026-08-07T10:19:11.391+0000] {logging_mixin.py:190} INFO - [2026-08-07T10:19:11.391+0000] {dag.py:4180} INFO - Setting next_dagrun for weather_ingestion to 2026-08-07 10:00:00+00:00, run_after=2026-08-07 11:00:00+00:00
[2026-08-07T10:19:11.398+0000] {processor.py:208} INFO - Processing /opt/airflow/dags/weather_dag.py took 0.362 seconds
[2026-08-07T10:19:41.622+0000] {processor.py:186} INFO - Started process (PID=12911) to work on /opt/airflow/dags/weather_dag.py
[2026-08-07T10:19:41.625+0000] {processor.py:914} INFO - Processing file /opt/airflow/dags/weather_dag.py for tasks to queue
[2026-08-07T10:19:41.629+0000] {logging_mixin.py:190} INFO - [2026-08-07T10:19:41.628+0000] {dagbag.py:588} INFO - Filling up the DagBag from /opt/airflow/dags/weather_dag.py
[2026-08-07T10:19:42.199+0000] {processor.py:925} INFO - DAG(s) 'weather_ingestion' retrieved from /opt/airflow/dags/weather_dag.py
[2026-08-07T10:19:42.215+0000] {logging_mixin.py:190} INFO - [2026-08-07T10:19:42.215+0000] {dag.py:3239} INFO - Sync 1 DAGs
[2026-08-07T10:19:42.227+0000] {logging_mixin.py:190} INFO - [2026-08-07T10:19:42.227+0000] {dag.py:4180} INFO - Setting next_dagrun for weather_ingestion to 2026-08-07 10:00:00+00:00, run_after=2026-08-07 11:00:00+00:00
[2026-08-07T10:19:42.235+0000] {processor.py:208} INFO - Processing /opt/airflow/dags/weather_dag.py took 0.623 seconds
[2026-08-07T10:20:12.587+0000] {processor.py:186} INFO - Started process (PID=12918) to work on /opt/airflow/dags/weather_dag.py
[2026-08-07T10:20:12.589+0000] {processor.py:914} INFO - Processing file /opt/airflow/dags/weather_dag.py for tasks to queue
[2026-08-07T10:20:12.592+0000] {logging_mixin.py:190} INFO - [2026-08-07T10:20:12.592+0000] {dagbag.py:588} INFO - Filling up the DagBag from /opt/airflow/dags/weather_dag.py
[2026-08-07T10:20:12.817+0000] {processor.py:925} INFO - DAG(s) 'weather_ingestion' retrieved from /opt/airflow/dags/weather_dag.py
[2026-08-07T10:20:12.830+0000] {logging_mixin.py:190} INFO - [2026-08-07T10:20:12.829+0000] {dag.py:3239} INFO - Sync 1 DAGs
[2026-08-07T10:20:12.840+0000] {logging_mixin.py:190} INFO - [2026-08-07T10:20:12.840+0000] {dag.py:4180} INFO - Setting next_dagrun for weather_ingestion to 2026-08-07 10:00:00+00:00, run_after=2026-08-07 11:00:00+00:00
[2026-08-07T10:20:12.847+0000] {processor.py:208} INFO - Processing /opt/airflow/dags/weather_dag.py took 0.269 seconds
[2026-08-07T10:20:42.989+0000] {processor.py:186} INFO - Started process (PID=12925) to work on /opt/airflow/dags/weather_dag.py
[2026-08-07T10:20:42.991+0000] {processor.py:914} INFO - Processing file /opt/airflow/dags/weather_dag.py for tasks to queue
[2026-08-07T10:20:42.996+0000] {logging_mixin.py:190} INFO - [2026-08-07T10:20:42.995+0000] {dagbag.py:588} INFO - Filling up the DagBag from /opt/airflow/dags/weather_dag.py
[2026-08-07T10:20:43.432+0000] {processor.py:925} INFO - DAG(s) 'weather_ingestion' retrieved from /opt/airflow/dags/weather_dag.py
[2026-08-07T10:20:43.456+0000] {logging_mixin.py:190} INFO - [2026-08-07T10:20:43.455+0000] {dag.py:3239} INFO - Sync 1 DAGs
[2026-08-07T10:20:43.472+0000] {logging_mixin.py:190} INFO - [2026-08-07T10:20:43.472+0000] {dag.py:4180} INFO - Setting next_dagrun for weather_ingestion to 2026-08-07 10:00:00+00:00, run_after=2026-08-07 11:00:00+00:00
[2026-08-07T10:20:43.481+0000] {processor.py:208} INFO - Processing /opt/airflow/dags/weather_dag.py took 0.501 seconds
[2026-08-07T10:21:13.578+0000] {processor.py:186} INFO - Started process (PID=12937) to work on /opt/airflow/dags/weather_dag.py
[2026-08-07T10:21:13.580+0000] {processor.py:914} INFO - Processing file /opt/airflow/dags/weather_dag.py for tasks to queue
[2026-08-07T10:21:13.582+0000] {logging_mixin.py:190} INFO - [2026-08-07T10:21:13.581+0000] {dagbag.py:588} INFO - Filling up the DagBag from /opt/airflow/dags/weather_dag.py
[2026-08-07T10:21:13.808+0000] {processor.py:925} INFO - DAG(s) 'weather_ingestion' retrieved from /opt/airflow/dags/weather_dag.py
[2026-08-07T10:21:15.077+0000] {logging_mixin.py:190} INFO - [2026-08-07T10:21:15.073+0000] {dag.py:3239} INFO - Sync 1 DAGs
[2026-08-07T10:21:15.373+0000] {logging_mixin.py:190} INFO - [2026-08-07T10:21:15.373+0000] {dag.py:4180} INFO - Setting next_dagrun for weather_ingestion to 2026-08-07 10:00:00+00:00, run_after=2026-08-07 11:00:00+00:00
[2026-08-07T10:21:15.528+0000] {processor.py:208} INFO - Processing /opt/airflow/dags/weather_dag.py took 1.955 seconds
[2026-08-07T10:38:16.549+0000] {processor.py:186} INFO - Started process (PID=12944) to work on /opt/airflow/dags/weather_dag.py
[2026-08-07T10:38:16.552+0000] {processor.py:914} INFO - Processing file /opt/airflow/dags/weather_dag.py for tasks to queue
[2026-08-07T10:38:16.557+0000] {logging_mixin.py:190} INFO - [2026-08-07T10:38:16.556+0000] {dagbag.py:588} INFO - Filling up the DagBag from /opt/airflow/dags/weather_dag.py
[2026-08-07T10:38:16.936+0000] {processor.py:925} INFO - DAG(s) 'weather_ingestion' retrieved from /opt/airflow/dags/weather_dag.py
[2026-08-07T10:38:16.960+0000] {logging_mixin.py:190} INFO - [2026-08-07T10:38:16.960+0000] {dag.py:3239} INFO - Sync 1 DAGs
[2026-08-07T10:38:16.979+0000] {logging_mixin.py:190} INFO - [2026-08-07T10:38:16.978+0000] {dag.py:4180} INFO - Setting next_dagrun for weather_ingestion to 2026-08-07 10:00:00+00:00, run_after=2026-08-07 11:00:00+00:00
[2026-08-07T10:38:16.988+0000] {processor.py:208} INFO - Processing /opt/airflow/dags/weather_dag.py took 0.453 seconds
[2026-08-07T10:38:47.255+0000] {processor.py:186} INFO - Started process (PID=12951) to work on /opt/airflow/dags/weather_dag.py
[2026-08-07T10:38:47.258+0000] {processor.py:914} INFO - Processing file /opt/airflow/dags/weather_dag.py for tasks to queue
[2026-08-07T10:38:47.264+0000] {logging_mixin.py:190} INFO - [2026-08-07T10:38:47.263+0000] {dagbag.py:588} INFO - Filling up the DagBag from /opt/airflow/dags/weather_dag.py
[2026-08-07T10:38:47.673+0000] {processor.py:925} INFO - DAG(s) 'weather_ingestion' retrieved from /opt/airflow/dags/weather_dag.py
[2026-08-07T10:38:47.696+0000] {logging_mixin.py:190} INFO - [2026-08-07T10:38:47.696+0000] {dag.py:3239} INFO - Sync 1 DAGs
[2026-08-07T10:38:47.710+0000] {logging_mixin.py:190} INFO - [2026-08-07T10:38:47.710+0000] {dag.py:4180} INFO - Setting next_dagrun for weather_ingestion to 2026-08-07 10:00:00+00:00, run_after=2026-08-07 11:00:00+00:00
[2026-08-07T10:38:47.719+0000] {processor.py:208} INFO - Processing /opt/airflow/dags/weather_dag.py took 0.487 seconds
[2026-08-07T10:39:18.144+0000] {processor.py:186} INFO - Started process (PID=12958) to work on /opt/airflow/dags/weather_dag.py
[2026-08-07T10:39:18.146+0000] {processor.py:914} INFO - Processing file /opt/airflow/dags/weather_dag.py for tasks to queue
[2026-08-07T10:39:18.148+0000] {logging_mixin.py:190} INFO - [2026-08-07T10:39:18.147+0000] {dagbag.py:588} INFO - Filling up the DagBag from /opt/airflow/dags/weather_dag.py
[2026-08-07T10:39:18.623+0000] {processor.py:925} INFO - DAG(s) 'weather_ingestion' retrieved from /opt/airflow/dags/weather_dag.py
[2026-08-07T10:39:18.638+0000] {logging_mixin.py:190} INFO - [2026-08-07T10:39:18.638+0000] {dag.py:3239} INFO - Sync 1 DAGs
[2026-08-07T10:39:18.648+0000] {logging_mixin.py:190} INFO - [2026-08-07T10:39:18.648+0000] {dag.py:4180} INFO - Setting next_dagrun for weather_ingestion to 2026-08-07 10:00:00+00:00, run_after=2026-08-07 11:00:00+00:00
[2026-08-07T10:39:18.656+0000] {processor.py:208} INFO - Processing /opt/airflow/dags/weather_dag.py took 0.524 seconds
[2026-08-07T10:39:48.996+0000] {processor.py:186} INFO - Started process (PID=12965) to work on /opt/airflow/dags/weather_dag.py
[2026-08-07T10:39:48.997+0000] {processor.py:914} INFO - Processing file /opt/airflow/dags/weather_dag.py for tasks to queue
[2026-08-07T10:39:48.999+0000] {logging_mixin.py:190} INFO - [2026-08-07T10:39:48.999+0000] {dagbag.py:588} INFO - Filling up the DagBag from /opt/airflow/dags/weather_dag.py
[2026-08-07T10:39:49.262+0000] {processor.py:925} INFO - DAG(s) 'weather_ingestion' retrieved from /opt/airflow/dags/weather_dag.py
[2026-08-07T10:39:49.278+0000] {logging_mixin.py:190} INFO - [2026-08-07T10:39:49.278+0000] {dag.py:3239} INFO - Sync 1 DAGs
[2026-08-07T10:39:49.290+0000] {logging_mixin.py:190} INFO - [2026-08-07T10:39:49.290+0000] {dag.py:4180} INFO - Setting next_dagrun for weather_ingestion to 2026-08-07 10:00:00+00:00, run_after=2026-08-07 11:00:00+00:00
[2026-08-07T10:39:49.298+0000] {processor.py:208} INFO - Processing /opt/airflow/dags/weather_dag.py took 0.311 seconds
[2026-08-07T10:55:28.251+0000] {processor.py:186} INFO - Started process (PID=12972) to work on /opt/airflow/dags/weather_dag.py
[2026-08-07T10:55:28.253+0000] {processor.py:914} INFO - Processing file /opt/airflow/dags/weather_dag.py for tasks to queue
[2026-08-07T10:55:28.257+0000] {logging_mixin.py:190} INFO - [2026-08-07T10:55:28.256+0000] {dagbag.py:588} INFO - Filling up the DagBag from /opt/airflow/dags/weather_dag.py
[2026-08-07T10:55:28.633+0000] {processor.py:925} INFO - DAG(s) 'weather_ingestion' retrieved from /opt/airflow/dags/weather_dag.py
[2026-08-07T10:55:28.649+0000] {logging_mixin.py:190} INFO - [2026-08-07T10:55:28.649+0000] {dag.py:3239} INFO - Sync 1 DAGs
[2026-08-07T10:55:28.663+0000] {logging_mixin.py:190} INFO - [2026-08-07T10:55:28.663+0000] {dag.py:4180} INFO - Setting next_dagrun for weather_ingestion to 2026-08-07 10:00:00+00:00, run_after=2026-08-07 11:00:00+00:00
[2026-08-07T10:55:28.671+0000] {processor.py:208} INFO - Processing /opt/airflow/dags/weather_dag.py took 0.438 seconds
[2026-08-07T10:55:59.100+0000] {processor.py:186} INFO - Started process (PID=12979) to work on /opt/airflow/dags/weather_dag.py
[2026-08-07T10:55:59.103+0000] {processor.py:914} INFO - Processing file /opt/airflow/dags/weather_dag.py for tasks to queue
[2026-08-07T10:55:59.108+0000] {logging_mixin.py:190} INFO - [2026-08-07T10:55:59.107+0000] {dagbag.py:588} INFO - Filling up the DagBag from /opt/airflow/dags/weather_dag.py
[2026-08-07T10:55:59.519+0000] {processor.py:925} INFO - DAG(s) 'weather_ingestion' retrieved from /opt/airflow/dags/weather_dag.py
[2026-08-07T10:55:59.542+0000] {logging_mixin.py:190} INFO - [2026-08-07T10:55:59.542+0000] {dag.py:3239} INFO - Sync 1 DAGs
[2026-08-07T10:55:59.556+0000] {logging_mixin.py:190} INFO - [2026-08-07T10:55:59.556+0000] {dag.py:4180} INFO - Setting next_dagrun for weather_ingestion to 2026-08-07 10:00:00+00:00, run_after=2026-08-07 11:00:00+00:00
[2026-08-07T10:55:59.564+0000] {processor.py:208} INFO - Processing /opt/airflow/dags/weather_dag.py took 0.475 seconds
[2026-08-07T10:56:29.999+0000] {processor.py:186} INFO - Started process (PID=12986) to work on /opt/airflow/dags/weather_dag.py
[2026-08-07T10:56:30.002+0000] {processor.py:914} INFO - Processing file /opt/airflow/dags/weather_dag.py for tasks to queue
[2026-08-07T10:56:30.007+0000] {logging_mixin.py:190} INFO - [2026-08-07T10:56:30.006+0000] {dagbag.py:588} INFO - Filling up the DagBag from /opt/airflow/dags/weather_dag.py
[2026-08-07T10:56:30.255+0000] {processor.py:925} INFO - DAG(s) 'weather_ingestion' retrieved from /opt/airflow/dags/weather_dag.py
[2026-08-07T10:56:30.269+0000] {logging_mixin.py:190} INFO - [2026-08-07T10:56:30.269+0000] {dag.py:3239} INFO - Sync 1 DAGs
[2026-08-07T10:56:30.278+0000] {logging_mixin.py:190} INFO - [2026-08-07T10:56:30.278+0000] {dag.py:4180} INFO - Setting next_dagrun for weather_ingestion to 2026-08-07 10:00:00+00:00, run_after=2026-08-07 11:00:00+00:00
[2026-08-07T10:56:30.285+0000] {processor.py:208} INFO - Processing /opt/airflow/dags/weather_dag.py took 0.298 seconds
[2026-08-07T10:57:00.655+0000] {processor.py:186} INFO - Started process (PID=12993) to work on /opt/airflow/dags/weather_dag.py
[2026-08-07T10:57:00.657+0000] {processor.py:914} INFO - Processing file /opt/airflow/dags/weather_dag.py for tasks to queue
[2026-08-07T10:57:00.660+0000] {logging_mixin.py:190} INFO - [2026-08-07T10:57:00.660+0000] {dagbag.py:588} INFO - Filling up the DagBag from /opt/airflow/dags/weather_dag.py
[2026-08-07T10:57:00.868+0000] {processor.py:925} INFO - DAG(s) 'weather_ingestion' retrieved from /opt/airflow/dags/weather_dag.py
[2026-08-07T10:57:00.880+0000] {logging_mixin.py:190} INFO - [2026-08-07T10:57:00.880+0000] {dag.py:3239} INFO - Sync 1 DAGs
[2026-08-07T10:57:00.891+0000] {logging_mixin.py:190} INFO - [2026-08-07T10:57:00.891+0000] {dag.py:4180} INFO - Setting next_dagrun for weather_ingestion to 2026-08-07 10:00:00+00:00, run_after=2026-08-07 11:00:00+00:00
[2026-08-07T10:57:00.897+0000] {processor.py:208} INFO - Processing /opt/airflow/dags/weather_dag.py took 0.250 seconds
[2026-08-07T10:57:31.042+0000] {processor.py:186} INFO - Started process (PID=13000) to work on /opt/airflow/dags/weather_dag.py
[2026-08-07T10:57:31.044+0000] {processor.py:914} INFO - Processing file /opt/airflow/dags/weather_dag.py for tasks to queue
[2026-08-07T10:57:31.048+0000] {logging_mixin.py:190} INFO - [2026-08-07T10:57:31.048+0000] {dagbag.py:588} INFO - Filling up the DagBag from /opt/airflow/dags/weather_dag.py
[2026-08-07T10:57:31.320+0000] {processor.py:925} INFO - DAG(s) 'weather_ingestion' retrieved from /opt/airflow/dags/weather_dag.py
[2026-08-07T10:57:31.336+0000] {logging_mixin.py:190} INFO - [2026-08-07T10:57:31.335+0000] {dag.py:3239} INFO - Sync 1 DAGs
[2026-08-07T10:57:31.349+0000] {logging_mixin.py:190} INFO - [2026-08-07T10:57:31.349+0000] {dag.py:4180} INFO - Setting next_dagrun for weather_ingestion to 2026-08-07 10:00:00+00:00, run_after=2026-08-07 11:00:00+00:00
[2026-08-07T10:57:31.357+0000] {processor.py:208} INFO - Processing /opt/airflow/dags/weather_dag.py took 0.327 seconds
[2026-08-07T10:58:01.577+0000] {processor.py:186} INFO - Started process (PID=13007) to work on /opt/airflow/dags/weather_dag.py
[2026-08-07T10:58:01.578+0000] {processor.py:914} INFO - Processing file /opt/airflow/dags/weather_dag.py for tasks to queue
[2026-08-07T10:58:01.581+0000] {logging_mixin.py:190} INFO - [2026-08-07T10:58:01.581+0000] {dagbag.py:588} INFO - Filling up the DagBag from /opt/airflow/dags/weather_dag.py
[2026-08-07T10:58:02.450+0000] {processor.py:925} INFO - DAG(s) 'weather_ingestion' retrieved from /opt/airflow/dags/weather_dag.py
[2026-08-07T10:58:02.472+0000] {logging_mixin.py:190} INFO - [2026-08-07T10:58:02.471+0000] {dag.py:3239} INFO - Sync 1 DAGs
[2026-08-07T10:58:02.487+0000] {logging_mixin.py:190} INFO - [2026-08-07T10:58:02.486+0000] {dag.py:4180} INFO - Setting next_dagrun for weather_ingestion to 2026-08-07 10:00:00+00:00, run_after=2026-08-07 11:00:00+00:00
[2026-08-07T10:58:02.496+0000] {processor.py:208} INFO - Processing /opt/airflow/dags/weather_dag.py took 0.928 seconds
[2026-08-07T11:01:55.684+0000] {processor.py:186} INFO - Started process (PID=13014) to work on /opt/airflow/dags/weather_dag.py
[2026-08-07T11:01:55.685+0000] {processor.py:914} INFO - Processing file /opt/airflow/dags/weather_dag.py for tasks to queue
[2026-08-07T11:01:55.687+0000] {logging_mixin.py:190} INFO - [2026-08-07T11:01:55.686+0000] {dagbag.py:588} INFO - Filling up the DagBag from /opt/airflow/dags/weather_dag.py
[2026-08-07T11:01:55.903+0000] {processor.py:925} INFO - DAG(s) 'weather_ingestion' retrieved from /opt/airflow/dags/weather_dag.py
[2026-08-07T11:01:55.914+0000] {logging_mixin.py:190} INFO - [2026-08-07T11:01:55.914+0000] {dag.py:3239} INFO - Sync 1 DAGs
[2026-08-07T11:01:55.924+0000] {logging_mixin.py:190} INFO - [2026-08-07T11:01:55.924+0000] {dag.py:4180} INFO - Setting next_dagrun for weather_ingestion to 2026-08-07 10:00:00+00:00, run_after=2026-08-07 11:00:00+00:00
[2026-08-07T11:01:55.930+0000] {processor.py:208} INFO - Processing /opt/airflow/dags/weather_dag.py took 0.252 seconds
[2026-08-07T11:02:26.286+0000] {processor.py:186} INFO - Started process (PID=13026) to work on /opt/airflow/dags/weather_dag.py
[2026-08-07T11:02:26.289+0000] {processor.py:914} INFO - Processing file /opt/airflow/dags/weather_dag.py for tasks to queue
[2026-08-07T11:02:26.292+0000] {logging_mixin.py:190} INFO - [2026-08-07T11:02:26.292+0000] {dagbag.py:588} INFO - Filling up the DagBag from /opt/airflow/dags/weather_dag.py
[2026-08-07T11:02:26.553+0000] {processor.py:925} INFO - DAG(s) 'weather_ingestion' retrieved from /opt/airflow/dags/weather_dag.py
[2026-08-07T11:02:26.568+0000] {logging_mixin.py:190} INFO - [2026-08-07T11:02:26.568+0000] {dag.py:3239} INFO - Sync 1 DAGs
[2026-08-07T11:02:26.579+0000] {logging_mixin.py:190} INFO - [2026-08-07T11:02:26.579+0000] {dag.py:4180} INFO - Setting next_dagrun for weather_ingestion to 2026-08-07 11:00:00+00:00, run_after=2026-08-07 12:00:00+00:00
[2026-08-07T11:02:26.586+0000] {processor.py:208} INFO - Processing /opt/airflow/dags/weather_dag.py took 0.310 seconds
[2026-08-07T11:02:56.701+0000] {processor.py:186} INFO - Started process (PID=13033) to work on /opt/airflow/dags/weather_dag.py
[2026-08-07T11:02:56.703+0000] {processor.py:914} INFO - Processing file /opt/airflow/dags/weather_dag.py for tasks to queue
[2026-08-07T11:02:56.705+0000] {logging_mixin.py:190} INFO - [2026-08-07T11:02:56.705+0000] {dagbag.py:588} INFO - Filling up the DagBag from /opt/airflow/dags/weather_dag.py
[2026-08-07T11:02:56.914+0000] {processor.py:925} INFO - DAG(s) 'weather_ingestion' retrieved from /opt/airflow/dags/weather_dag.py
[2026-08-07T11:02:56.925+0000] {logging_mixin.py:190} INFO - [2026-08-07T11:02:56.925+0000] {dag.py:3239} INFO - Sync 1 DAGs
[2026-08-07T11:02:56.934+0000] {logging_mixin.py:190} INFO - [2026-08-07T11:02:56.934+0000] {dag.py:4180} INFO - Setting next_dagrun for weather_ingestion to 2026-08-07 11:00:00+00:00, run_after=2026-08-07 12:00:00+00:00
[2026-08-07T11:02:56.941+0000] {processor.py:208} INFO - Processing /opt/airflow/dags/weather_dag.py took 0.248 seconds
[2026-08-07T11:03:27.270+0000] {processor.py:186} INFO - Started process (PID=13040) to work on /opt/airflow/dags/weather_dag.py
[2026-08-07T11:03:27.272+0000] {processor.py:914} INFO - Processing file /opt/airflow/dags/weather_dag.py for tasks to queue
[2026-08-07T11:03:27.273+0000] {logging_mixin.py:190} INFO - [2026-08-07T11:03:27.273+0000] {dagbag.py:588} INFO - Filling up the DagBag from /opt/airflow/dags/weather_dag.py
[2026-08-07T11:03:27.490+0000] {processor.py:925} INFO - DAG(s) 'weather_ingestion' retrieved from /opt/airflow/dags/weather_dag.py
[2026-08-07T11:03:27.502+0000] {logging_mixin.py:190} INFO - [2026-08-07T11:03:27.502+0000] {dag.py:3239} INFO - Sync 1 DAGs
[2026-08-07T11:03:27.511+0000] {logging_mixin.py:190} INFO - [2026-08-07T11:03:27.511+0000] {dag.py:4180} INFO - Setting next_dagrun for weather_ingestion to 2026-08-07 11:00:00+00:00, run_after=2026-08-07 12:00:00+00:00
[2026-08-07T11:03:27.517+0000] {processor.py:208} INFO - Processing /opt/airflow/dags/weather_dag.py took 0.252 seconds
[2026-08-07T11:19:40.352+0000] {processor.py:186} INFO - Started process (PID=13047) to work on /opt/airflow/dags/weather_dag.py
[2026-08-07T11:19:40.355+0000] {processor.py:914} INFO - Processing file /opt/airflow/dags/weather_dag.py for tasks to queue
[2026-08-07T11:19:40.359+0000] {logging_mixin.py:190} INFO - [2026-08-07T11:19:40.358+0000] {dagbag.py:588} INFO - Filling up the DagBag from /opt/airflow/dags/weather_dag.py
[2026-08-07T11:19:40.721+0000] {processor.py:925} INFO - DAG(s) 'weather_ingestion' retrieved from /opt/airflow/dags/weather_dag.py
[2026-08-07T11:19:40.747+0000] {logging_mixin.py:190} INFO - [2026-08-07T11:19:40.747+0000] {dag.py:3239} INFO - Sync 1 DAGs
[2026-08-07T11:19:40.768+0000] {logging_mixin.py:190} INFO - [2026-08-07T11:19:40.768+0000] {dag.py:4180} INFO - Setting next_dagrun for weather_ingestion to 2026-08-07 11:00:00+00:00, run_after=2026-08-07 12:00:00+00:00
[2026-08-07T11:19:40.776+0000] {processor.py:208} INFO - Processing /opt/airflow/dags/weather_dag.py took 0.437 seconds
[2026-08-07T11:20:11.190+0000] {processor.py:186} INFO - Started process (PID=13054) to work on /opt/airflow/dags/weather_dag.py
[2026-08-07T11:20:11.192+0000] {processor.py:914} INFO - Processing file /opt/airflow/dags/weather_dag.py for tasks to queue
[2026-08-07T11:20:11.197+0000] {logging_mixin.py:190} INFO - [2026-08-07T11:20:11.196+0000] {dagbag.py:588} INFO - Filling up the DagBag from /opt/airflow/dags/weather_dag.py
[2026-08-07T11:20:11.742+0000] {processor.py:925} INFO - DAG(s) 'weather_ingestion' retrieved from /opt/airflow/dags/weather_dag.py
[2026-08-07T11:20:11.762+0000] {logging_mixin.py:190} INFO - [2026-08-07T11:20:11.761+0000] {dag.py:3239} INFO - Sync 1 DAGs
[2026-08-07T11:20:11.797+0000] {logging_mixin.py:190} INFO - [2026-08-07T11:20:11.797+0000] {dag.py:4180} INFO - Setting next_dagrun for weather_ingestion to 2026-08-07 11:00:00+00:00, run_after=2026-08-07 12:00:00+00:00
[2026-08-07T11:20:11.808+0000] {processor.py:208} INFO - Processing /opt/airflow/dags/weather_dag.py took 0.659 seconds
[2026-08-07T11:20:42.193+0000] {processor.py:186} INFO - Started process (PID=13061) to work on /opt/airflow/dags/weather_dag.py
[2026-08-07T11:20:42.195+0000] {processor.py:914} INFO - Processing file /opt/airflow/dags/weather_dag.py for tasks to queue
[2026-08-07T11:20:42.201+0000] {logging_mixin.py:190} INFO - [2026-08-07T11:20:42.201+0000] {dagbag.py:588} INFO - Filling up the DagBag from /opt/airflow/dags/weather_dag.py
[2026-08-07T11:20:42.578+0000] {processor.py:925} INFO - DAG(s) 'weather_ingestion' retrieved from /opt/airflow/dags/weather_dag.py
[2026-08-07T11:20:42.592+0000] {logging_mixin.py:190} INFO - [2026-08-07T11:20:42.592+0000] {dag.py:3239} INFO - Sync 1 DAGs
[2026-08-07T11:20:42.604+0000] {logging_mixin.py:190} INFO - [2026-08-07T11:20:42.604+0000] {dag.py:4180} INFO - Setting next_dagrun for weather_ingestion to 2026-08-07 11:00:00+00:00, run_after=2026-08-07 12:00:00+00:00
[2026-08-07T11:20:42.610+0000] {processor.py:208} INFO - Processing /opt/airflow/dags/weather_dag.py took 0.432 seconds
[2026-08-07T11:21:12.981+0000] {processor.py:186} INFO - Started process (PID=13068) to work on /opt/airflow/dags/weather_dag.py
[2026-08-07T11:21:12.984+0000] {processor.py:914} INFO - Processing file /opt/airflow/dags/weather_dag.py for tasks to queue
[2026-08-07T11:21:12.986+0000] {logging_mixin.py:190} INFO - [2026-08-07T11:21:12.986+0000] {dagbag.py:588} INFO - Filling up the DagBag from /opt/airflow/dags/weather_dag.py
[2026-08-07T11:21:13.230+0000] {processor.py:925} INFO - DAG(s) 'weather_ingestion' retrieved from /opt/airflow/dags/weather_dag.py
[2026-08-07T11:21:13.246+0000] {logging_mixin.py:190} INFO - [2026-08-07T11:21:13.246+0000] {dag.py:3239} INFO - Sync 1 DAGs
[2026-08-07T11:21:13.257+0000] {logging_mixin.py:190} INFO - [2026-08-07T11:21:13.257+0000] {dag.py:4180} INFO - Setting next_dagrun for weather_ingestion to 2026-08-07 11:00:00+00:00, run_after=2026-08-07 12:00:00+00:00
[2026-08-07T11:21:13.264+0000] {processor.py:208} INFO - Processing /opt/airflow/dags/weather_dag.py took 0.292 seconds
[2026-08-07T11:38:56.854+0000] {processor.py:186} INFO - Started process (PID=13075) to work on /opt/airflow/dags/weather_dag.py
[2026-08-07T11:38:56.855+0000] {processor.py:914} INFO - Processing file /opt/airflow/dags/weather_dag.py for tasks to queue
[2026-08-07T11:38:56.858+0000] {logging_mixin.py:190} INFO - [2026-08-07T11:38:56.857+0000] {dagbag.py:588} INFO - Filling up the DagBag from /opt/airflow/dags/weather_dag.py
[2026-08-07T11:38:57.463+0000] {processor.py:925} INFO - DAG(s) 'weather_ingestion' retrieved from /opt/airflow/dags/weather_dag.py
[2026-08-07T11:38:57.496+0000] {logging_mixin.py:190} INFO - [2026-08-07T11:38:57.495+0000] {dag.py:3239} INFO - Sync 1 DAGs
[2026-08-07T11:38:57.563+0000] {logging_mixin.py:190} INFO - [2026-08-07T11:38:57.563+0000] {dag.py:4180} INFO - Setting next_dagrun for weather_ingestion to 2026-08-07 11:00:00+00:00, run_after=2026-08-07 12:00:00+00:00
[2026-08-07T11:38:57.579+0000] {processor.py:208} INFO - Processing /opt/airflow/dags/weather_dag.py took 0.733 seconds
[2026-08-07T11:39:28.031+0000] {processor.py:186} INFO - Started process (PID=13082) to work on /opt/airflow/dags/weather_dag.py
[2026-08-07T11:39:28.033+0000] {processor.py:914} INFO - Processing file /opt/airflow/dags/weather_dag.py for tasks to queue
[2026-08-07T11:39:28.037+0000] {logging_mixin.py:190} INFO - [2026-08-07T11:39:28.036+0000] {dagbag.py:588} INFO - Filling up the DagBag from /opt/airflow/dags/weather_dag.py
[2026-08-07T11:39:28.571+0000] {processor.py:925} INFO - DAG(s) 'weather_ingestion' retrieved from /opt/airflow/dags/weather_dag.py
[2026-08-07T11:39:28.590+0000] {logging_mixin.py:190} INFO - [2026-08-07T11:39:28.590+0000] {dag.py:3239} INFO - Sync 1 DAGs
[2026-08-07T11:39:28.605+0000] {logging_mixin.py:190} INFO - [2026-08-07T11:39:28.605+0000] {dag.py:4180} INFO - Setting next_dagrun for weather_ingestion to 2026-08-07 11:00:00+00:00, run_after=2026-08-07 12:00:00+00:00
[2026-08-07T11:39:28.615+0000] {processor.py:208} INFO - Processing /opt/airflow/dags/weather_dag.py took 0.597 seconds
[2026-08-07T11:39:58.977+0000] {processor.py:186} INFO - Started process (PID=13089) to work on /opt/airflow/dags/weather_dag.py
[2026-08-07T11:39:58.979+0000] {processor.py:914} INFO - Processing file /opt/airflow/dags/weather_dag.py for tasks to queue
[2026-08-07T11:39:58.982+0000] {logging_mixin.py:190} INFO - [2026-08-07T11:39:58.981+0000] {dagbag.py:588} INFO - Filling up the DagBag from /opt/airflow/dags/weather_dag.py
[2026-08-07T11:39:59.221+0000] {processor.py:925} INFO - DAG(s) 'weather_ingestion' retrieved from /opt/airflow/dags/weather_dag.py
[2026-08-07T11:39:59.236+0000] {logging_mixin.py:190} INFO - [2026-08-07T11:39:59.236+0000] {dag.py:3239} INFO - Sync 1 DAGs
[2026-08-07T11:39:59.247+0000] {logging_mixin.py:190} INFO - [2026-08-07T11:39:59.247+0000] {dag.py:4180} INFO - Setting next_dagrun for weather_ingestion to 2026-08-07 11:00:00+00:00, run_after=2026-08-07 12:00:00+00:00
[2026-08-07T11:39:59.255+0000] {processor.py:208} INFO - Processing /opt/airflow/dags/weather_dag.py took 0.289 seconds
[2026-08-07T11:40:29.297+0000] {processor.py:186} INFO - Started process (PID=13096) to work on /opt/airflow/dags/weather_dag.py
[2026-08-07T11:40:29.299+0000] {processor.py:914} INFO - Processing file /opt/airflow/dags/weather_dag.py for tasks to queue
[2026-08-07T11:40:29.301+0000] {logging_mixin.py:190} INFO - [2026-08-07T11:40:29.301+0000] {dagbag.py:588} INFO - Filling up the DagBag from /opt/airflow/dags/weather_dag.py
[2026-08-07T11:40:29.561+0000] {processor.py:925} INFO - DAG(s) 'weather_ingestion' retrieved from /opt/airflow/dags/weather_dag.py
[2026-08-07T11:40:29.576+0000] {logging_mixin.py:190} INFO - [2026-08-07T11:40:29.576+0000] {dag.py:3239} INFO - Sync 1 DAGs
[2026-08-07T11:40:29.592+0000] {logging_mixin.py:190} INFO - [2026-08-07T11:40:29.592+0000] {dag.py:4180} INFO - Setting next_dagrun for weather_ingestion to 2026-08-07 11:00:00+00:00, run_after=2026-08-07 12:00:00+00:00
[2026-08-07T11:40:29.599+0000] {processor.py:208} INFO - Processing /opt/airflow/dags/weather_dag.py took 0.315 seconds
[2026-08-07T11:41:00.033+0000] {processor.py:186} INFO - Started process (PID=13103) to work on /opt/airflow/dags/weather_dag.py
[2026-08-07T11:41:00.035+0000] {processor.py:914} INFO - Processing file /opt/airflow/dags/weather_dag.py for tasks to queue
[2026-08-07T11:41:00.040+0000] {logging_mixin.py:190} INFO - [2026-08-07T11:41:00.039+0000] {dagbag.py:588} INFO - Filling up the DagBag from /opt/airflow/dags/weather_dag.py
[2026-08-07T11:41:00.287+0000] {processor.py:925} INFO - DAG(s) 'weather_ingestion' retrieved from /opt/airflow/dags/weather_dag.py
[2026-08-07T11:41:00.300+0000] {logging_mixin.py:190} INFO - [2026-08-07T11:41:00.299+0000] {dag.py:3239} INFO - Sync 1 DAGs
[2026-08-07T11:41:00.310+0000] {logging_mixin.py:190} INFO - [2026-08-07T11:41:00.310+0000] {dag.py:4180} INFO - Setting next_dagrun for weather_ingestion to 2026-08-07 11:00:00+00:00, run_after=2026-08-07 12:00:00+00:00
[2026-08-07T11:41:00.318+0000] {processor.py:208} INFO - Processing /opt/airflow/dags/weather_dag.py took 0.291 seconds
[2026-08-07T11:56:38.113+0000] {processor.py:186} INFO - Started process (PID=13110) to work on /opt/airflow/dags/weather_dag.py
[2026-08-07T11:56:38.116+0000] {processor.py:914} INFO - Processing file /opt/airflow/dags/weather_dag.py for tasks to queue
[2026-08-07T11:56:38.129+0000] {logging_mixin.py:190} INFO - [2026-08-07T11:56:38.128+0000] {dagbag.py:588} INFO - Filling up the DagBag from /opt/airflow/dags/weather_dag.py
[2026-08-07T11:56:38.477+0000] {processor.py:925} INFO - DAG(s) 'weather_ingestion' retrieved from /opt/airflow/dags/weather_dag.py
[2026-08-07T11:56:38.496+0000] {logging_mixin.py:190} INFO - [2026-08-07T11:56:38.496+0000] {dag.py:3239} INFO - Sync 1 DAGs
[2026-08-07T11:56:38.514+0000] {logging_mixin.py:190} INFO - [2026-08-07T11:56:38.514+0000] {dag.py:4180} INFO - Setting next_dagrun for weather_ingestion to 2026-08-07 11:00:00+00:00, run_after=2026-08-07 12:00:00+00:00
[2026-08-07T11:56:38.530+0000] {processor.py:208} INFO - Processing /opt/airflow/dags/weather_dag.py took 0.440 seconds
[2026-08-07T11:57:08.948+0000] {processor.py:186} INFO - Started process (PID=13117) to work on /opt/airflow/dags/weather_dag.py
[2026-08-07T11:57:08.952+0000] {processor.py:914} INFO - Processing file /opt/airflow/dags/weather_dag.py for tasks to queue
[2026-08-07T11:57:08.956+0000] {logging_mixin.py:190} INFO - [2026-08-07T11:57:08.955+0000] {dagbag.py:588} INFO - Filling up the DagBag from /opt/airflow/dags/weather_dag.py
[2026-08-07T11:57:09.326+0000] {processor.py:925} INFO - DAG(s) 'weather_ingestion' retrieved from /opt/airflow/dags/weather_dag.py
[2026-08-07T11:57:09.345+0000] {logging_mixin.py:190} INFO - [2026-08-07T11:57:09.345+0000] {dag.py:3239} INFO - Sync 1 DAGs
[2026-08-07T11:57:09.370+0000] {logging_mixin.py:190} INFO - [2026-08-07T11:57:09.370+0000] {dag.py:4180} INFO - Setting next_dagrun for weather_ingestion to 2026-08-07 11:00:00+00:00, run_after=2026-08-07 12:00:00+00:00
[2026-08-07T11:57:09.380+0000] {processor.py:208} INFO - Processing /opt/airflow/dags/weather_dag.py took 0.495 seconds
[2026-08-07T11:57:39.757+0000] {processor.py:186} INFO - Started process (PID=13124) to work on /opt/airflow/dags/weather_dag.py
[2026-08-07T11:57:39.759+0000] {processor.py:914} INFO - Processing file /opt/airflow/dags/weather_dag.py for tasks to queue
[2026-08-07T11:57:39.763+0000] {logging_mixin.py:190} INFO - [2026-08-07T11:57:39.762+0000] {dagbag.py:588} INFO - Filling up the DagBag from /opt/airflow/dags/weather_dag.py
[2026-08-07T11:57:40.033+0000] {processor.py:925} INFO - DAG(s) 'weather_ingestion' retrieved from /opt/airflow/dags/weather_dag.py
[2026-08-07T11:57:40.049+0000] {logging_mixin.py:190} INFO - [2026-08-07T11:57:40.049+0000] {dag.py:3239} INFO - Sync 1 DAGs
[2026-08-07T11:57:40.062+0000] {logging_mixin.py:190} INFO - [2026-08-07T11:57:40.062+0000] {dag.py:4180} INFO - Setting next_dagrun for weather_ingestion to 2026-08-07 11:00:00+00:00, run_after=2026-08-07 12:00:00+00:00
[2026-08-07T11:57:40.069+0000] {processor.py:208} INFO - Processing /opt/airflow/dags/weather_dag.py took 0.324 seconds
[2026-08-07T11:58:10.460+0000] {processor.py:186} INFO - Started process (PID=13131) to work on /opt/airflow/dags/weather_dag.py
[2026-08-07T11:58:10.462+0000] {processor.py:914} INFO - Processing file /opt/airflow/dags/weather_dag.py for tasks to queue
[2026-08-07T11:58:10.466+0000] {logging_mixin.py:190} INFO - [2026-08-07T11:58:10.466+0000] {dagbag.py:588} INFO - Filling up the DagBag from /opt/airflow/dags/weather_dag.py
[2026-08-07T11:58:10.683+0000] {processor.py:925} INFO - DAG(s) 'weather_ingestion' retrieved from /opt/airflow/dags/weather_dag.py
[2026-08-07T11:58:10.695+0000] {logging_mixin.py:190} INFO - [2026-08-07T11:58:10.695+0000] {dag.py:3239} INFO - Sync 1 DAGs
[2026-08-07T11:58:10.705+0000] {logging_mixin.py:190} INFO - [2026-08-07T11:58:10.705+0000] {dag.py:4180} INFO - Setting next_dagrun for weather_ingestion to 2026-08-07 11:00:00+00:00, run_after=2026-08-07 12:00:00+00:00
[2026-08-07T11:58:10.712+0000] {processor.py:208} INFO - Processing /opt/airflow/dags/weather_dag.py took 0.258 seconds
[2026-08-07T12:14:58.545+0000] {processor.py:186} INFO - Started process (PID=13138) to work on /opt/airflow/dags/weather_dag.py
[2026-08-07T12:14:58.548+0000] {processor.py:914} INFO - Processing file /opt/airflow/dags/weather_dag.py for tasks to queue
[2026-08-07T12:14:58.553+0000] {logging_mixin.py:190} INFO - [2026-08-07T12:14:58.552+0000] {dagbag.py:588} INFO - Filling up the DagBag from /opt/airflow/dags/weather_dag.py
[2026-08-07T12:14:59.729+0000] {processor.py:925} INFO - DAG(s) 'weather_ingestion' retrieved from /opt/airflow/dags/weather_dag.py
[2026-08-07T12:14:59.778+0000] {logging_mixin.py:190} INFO - [2026-08-07T12:14:59.777+0000] {dag.py:3239} INFO - Sync 1 DAGs
[2026-08-07T12:14:59.818+0000] {logging_mixin.py:190} INFO - [2026-08-07T12:14:59.818+0000] {dag.py:4180} INFO - Setting next_dagrun for weather_ingestion to 2026-08-07 12:00:00+00:00, run_after=2026-08-07 13:00:00+00:00
[2026-08-07T12:14:59.837+0000] {processor.py:208} INFO - Processing /opt/airflow/dags/weather_dag.py took 1.338 seconds
[2026-08-07T12:15:30.230+0000] {processor.py:186} INFO - Started process (PID=13150) to work on /opt/airflow/dags/weather_dag.py
[2026-08-07T12:15:30.235+0000] {processor.py:914} INFO - Processing file /opt/airflow/dags/weather_dag.py for tasks to queue
[2026-08-07T12:15:30.243+0000] {logging_mixin.py:190} INFO - [2026-08-07T12:15:30.242+0000] {dagbag.py:588} INFO - Filling up the DagBag from /opt/airflow/dags/weather_dag.py
[2026-08-07T12:15:30.632+0000] {processor.py:925} INFO - DAG(s) 'weather_ingestion' retrieved from /opt/airflow/dags/weather_dag.py
[2026-08-07T12:15:30.652+0000] {logging_mixin.py:190} INFO - [2026-08-07T12:15:30.651+0000] {dag.py:3239} INFO - Sync 1 DAGs
[2026-08-07T12:15:30.667+0000] {logging_mixin.py:190} INFO - [2026-08-07T12:15:30.667+0000] {dag.py:4180} INFO - Setting next_dagrun for weather_ingestion to 2026-08-07 12:00:00+00:00, run_after=2026-08-07 13:00:00+00:00
[2026-08-07T12:15:30.676+0000] {processor.py:208} INFO - Processing /opt/airflow/dags/weather_dag.py took 0.475 seconds
[2026-08-07T12:16:01.062+0000] {processor.py:186} INFO - Started process (PID=13157) to work on /opt/airflow/dags/weather_dag.py
[2026-08-07T12:16:01.064+0000] {processor.py:914} INFO - Processing file /opt/airflow/dags/weather_dag.py for tasks to queue
[2026-08-07T12:16:01.067+0000] {logging_mixin.py:190} INFO - [2026-08-07T12:16:01.067+0000] {dagbag.py:588} INFO - Filling up the DagBag from /opt/airflow/dags/weather_dag.py
[2026-08-07T12:16:01.273+0000] {processor.py:925} INFO - DAG(s) 'weather_ingestion' retrieved from /opt/airflow/dags/weather_dag.py
[2026-08-07T12:16:01.287+0000] {logging_mixin.py:190} INFO - [2026-08-07T12:16:01.287+0000] {dag.py:3239} INFO - Sync 1 DAGs
[2026-08-07T12:16:01.297+0000] {logging_mixin.py:190} INFO - [2026-08-07T12:16:01.297+0000] {dag.py:4180} INFO - Setting next_dagrun for weather_ingestion to 2026-08-07 12:00:00+00:00, run_after=2026-08-07 13:00:00+00:00
[2026-08-07T12:16:01.303+0000] {processor.py:208} INFO - Processing /opt/airflow/dags/weather_dag.py took 0.249 seconds
[2026-08-07T12:16:31.463+0000] {processor.py:186} INFO - Started process (PID=13164) to work on /opt/airflow/dags/weather_dag.py
[2026-08-07T12:16:31.466+0000] {processor.py:914} INFO - Processing file /opt/airflow/dags/weather_dag.py for tasks to queue
[2026-08-07T12:16:31.468+0000] {logging_mixin.py:190} INFO - [2026-08-07T12:16:31.467+0000] {dagbag.py:588} INFO - Filling up the DagBag from /opt/airflow/dags/weather_dag.py
[2026-08-07T12:16:31.678+0000] {processor.py:925} INFO - DAG(s) 'weather_ingestion' retrieved from /opt/airflow/dags/weather_dag.py
[2026-08-07T12:16:31.689+0000] {logging_mixin.py:190} INFO - [2026-08-07T12:16:31.688+0000] {dag.py:3239} INFO - Sync 1 DAGs
[2026-08-07T12:16:31.698+0000] {logging_mixin.py:190} INFO - [2026-08-07T12:16:31.698+0000] {dag.py:4180} INFO - Setting next_dagrun for weather_ingestion to 2026-08-07 12:00:00+00:00, run_after=2026-08-07 13:00:00+00:00
[2026-08-07T12:16:31.704+0000] {processor.py:208} INFO - Processing /opt/airflow/dags/weather_dag.py took 0.251 seconds
[2026-08-07T12:17:01.971+0000] {processor.py:186} INFO - Started process (PID=13171) to work on /opt/airflow/dags/weather_dag.py
[2026-08-07T12:17:01.973+0000] {processor.py:914} INFO - Processing file /opt/airflow/dags/weather_dag.py for tasks to queue
[2026-08-07T12:17:01.974+0000] {logging_mixin.py:190} INFO - [2026-08-07T12:17:01.974+0000] {dagbag.py:588} INFO - Filling up the DagBag from /opt/airflow/dags/weather_dag.py
[2026-08-07T12:17:02.182+0000] {processor.py:925} INFO - DAG(s) 'weather_ingestion' retrieved from /opt/airflow/dags/weather_dag.py
[2026-08-07T12:17:02.193+0000] {logging_mixin.py:190} INFO - [2026-08-07T12:17:02.193+0000] {dag.py:3239} INFO - Sync 1 DAGs
[2026-08-07T12:17:02.202+0000] {logging_mixin.py:190} INFO - [2026-08-07T12:17:02.202+0000] {dag.py:4180} INFO - Setting next_dagrun for weather_ingestion to 2026-08-07 12:00:00+00:00, run_after=2026-08-07 13:00:00+00:00
[2026-08-07T12:17:02.208+0000] {processor.py:208} INFO - Processing /opt/airflow/dags/weather_dag.py took 0.245 seconds
[2026-08-07T12:32:52.019+0000] {processor.py:186} INFO - Started process (PID=13185) to work on /opt/airflow/dags/weather_dag.py
[2026-08-07T12:32:52.019+0000] {processor.py:914} INFO - Processing file /opt/airflow/dags/weather_dag.py for tasks to queue
[2026-08-07T12:32:52.021+0000] {logging_mixin.py:190} INFO - [2026-08-07T12:32:52.021+0000] {dagbag.py:588} INFO - Filling up the DagBag from /opt/airflow/dags/weather_dag.py
[2026-08-07T12:32:52.275+0000] {processor.py:925} INFO - DAG(s) 'weather_ingestion' retrieved from /opt/airflow/dags/weather_dag.py
[2026-08-07T12:32:52.287+0000] {logging_mixin.py:190} INFO - [2026-08-07T12:32:52.287+0000] {dag.py:3239} INFO - Sync 1 DAGs
[2026-08-07T12:32:52.299+0000] {logging_mixin.py:190} INFO - [2026-08-07T12:32:52.299+0000] {dag.py:4180} INFO - Setting next_dagrun for weather_ingestion to 2026-08-07 12:00:00+00:00, run_after=2026-08-07 13:00:00+00:00
[2026-08-07T12:32:52.307+0000] {processor.py:208} INFO - Processing /opt/airflow/dags/weather_dag.py took 0.293 seconds
[2026-08-07T12:33:22.418+0000] {processor.py:186} INFO - Started process (PID=13195) to work on /opt/airflow/dags/weather_dag.py
[2026-08-07T12:33:22.420+0000] {processor.py:914} INFO - Processing file /opt/airflow/dags/weather_dag.py for tasks to queue
[2026-08-07T12:33:22.430+0000] {logging_mixin.py:190} INFO - [2026-08-07T12:33:22.429+0000] {dagbag.py:588} INFO - Filling up the DagBag from /opt/airflow/dags/weather_dag.py
[2026-08-07T12:33:22.847+0000] {processor.py:925} INFO - DAG(s) 'weather_ingestion' retrieved from /opt/airflow/dags/weather_dag.py
[2026-08-07T12:33:22.865+0000] {logging_mixin.py:190} INFO - [2026-08-07T12:33:22.865+0000] {dag.py:3239} INFO - Sync 1 DAGs
[2026-08-07T12:33:22.882+0000] {logging_mixin.py:190} INFO - [2026-08-07T12:33:22.882+0000] {dag.py:4180} INFO - Setting next_dagrun for weather_ingestion to 2026-08-07 12:00:00+00:00, run_after=2026-08-07 13:00:00+00:00
[2026-08-07T12:33:22.897+0000] {processor.py:208} INFO - Processing /opt/airflow/dags/weather_dag.py took 0.498 seconds
[2026-08-07T12:33:53.083+0000] {processor.py:186} INFO - Started process (PID=13202) to work on /opt/airflow/dags/weather_dag.py
[2026-08-07T12:33:53.084+0000] {processor.py:914} INFO - Processing file /opt/airflow/dags/weather_dag.py for tasks to queue
[2026-08-07T12:33:53.086+0000] {logging_mixin.py:190} INFO - [2026-08-07T12:33:53.086+0000] {dagbag.py:588} INFO - Filling up the DagBag from /opt/airflow/dags/weather_dag.py
[2026-08-07T12:33:53.510+0000] {processor.py:925} INFO - DAG(s) 'weather_ingestion' retrieved from /opt/airflow/dags/weather_dag.py
[2026-08-07T12:33:53.531+0000] {logging_mixin.py:190} INFO - [2026-08-07T12:33:53.531+0000] {dag.py:3239} INFO - Sync 1 DAGs
[2026-08-07T12:33:53.546+0000] {logging_mixin.py:190} INFO - [2026-08-07T12:33:53.546+0000] {dag.py:4180} INFO - Setting next_dagrun for weather_ingestion to 2026-08-07 12:00:00+00:00, run_after=2026-08-07 13:00:00+00:00
[2026-08-07T12:33:53.554+0000] {processor.py:208} INFO - Processing /opt/airflow/dags/weather_dag.py took 0.477 seconds
[2026-08-07T12:34:23.614+0000] {processor.py:186} INFO - Started process (PID=13209) to work on /opt/airflow/dags/weather_dag.py
[2026-08-07T12:34:23.615+0000] {processor.py:914} INFO - Processing file /opt/airflow/dags/weather_dag.py for tasks to queue
[2026-08-07T12:34:23.618+0000] {logging_mixin.py:190} INFO - [2026-08-07T12:34:23.617+0000] {dagbag.py:588} INFO - Filling up the DagBag from /opt/airflow/dags/weather_dag.py
[2026-08-07T12:34:23.839+0000] {processor.py:925} INFO - DAG(s) 'weather_ingestion' retrieved from /opt/airflow/dags/weather_dag.py
[2026-08-07T12:34:23.852+0000] {logging_mixin.py:190} INFO - [2026-08-07T12:34:23.852+0000] {dag.py:3239} INFO - Sync 1 DAGs
[2026-08-07T12:34:23.862+0000] {logging_mixin.py:190} INFO - [2026-08-07T12:34:23.862+0000] {dag.py:4180} INFO - Setting next_dagrun for weather_ingestion to 2026-08-07 12:00:00+00:00, run_after=2026-08-07 13:00:00+00:00
[2026-08-07T12:34:23.867+0000] {processor.py:208} INFO - Processing /opt/airflow/dags/weather_dag.py took 0.262 seconds
[2026-08-07T12:34:54.279+0000] {processor.py:186} INFO - Started process (PID=13216) to work on /opt/airflow/dags/weather_dag.py
[2026-08-07T12:34:54.280+0000] {processor.py:914} INFO - Processing file /opt/airflow/dags/weather_dag.py for tasks to queue
[2026-08-07T12:34:54.283+0000] {logging_mixin.py:190} INFO - [2026-08-07T12:34:54.282+0000] {dagbag.py:588} INFO - Filling up the DagBag from /opt/airflow/dags/weather_dag.py
[2026-08-07T12:34:54.502+0000] {processor.py:925} INFO - DAG(s) 'weather_ingestion' retrieved from /opt/airflow/dags/weather_dag.py
[2026-08-07T12:34:54.515+0000] {logging_mixin.py:190} INFO - [2026-08-07T12:34:54.515+0000] {dag.py:3239} INFO - Sync 1 DAGs
[2026-08-07T12:34:54.526+0000] {logging_mixin.py:190} INFO - [2026-08-07T12:34:54.526+0000] {dag.py:4180} INFO - Setting next_dagrun for weather_ingestion to 2026-08-07 12:00:00+00:00, run_after=2026-08-07 13:00:00+00:00
[2026-08-07T12:34:54.532+0000] {processor.py:208} INFO - Processing /opt/airflow/dags/weather_dag.py took 0.261 seconds
[2026-08-07T12:50:45.000+0000] {processor.py:186} INFO - Started process (PID=13223) to work on /opt/airflow/dags/weather_dag.py
[2026-08-07T12:50:45.001+0000] {processor.py:914} INFO - Processing file /opt/airflow/dags/weather_dag.py for tasks to queue
[2026-08-07T12:50:45.005+0000] {logging_mixin.py:190} INFO - [2026-08-07T12:50:45.004+0000] {dagbag.py:588} INFO - Filling up the DagBag from /opt/airflow/dags/weather_dag.py
[2026-08-07T12:50:45.358+0000] {processor.py:925} INFO - DAG(s) 'weather_ingestion' retrieved from /opt/airflow/dags/weather_dag.py
[2026-08-07T12:50:45.374+0000] {logging_mixin.py:190} INFO - [2026-08-07T12:50:45.374+0000] {dag.py:3239} INFO - Sync 1 DAGs
[2026-08-07T12:50:45.393+0000] {logging_mixin.py:190} INFO - [2026-08-07T12:50:45.393+0000] {dag.py:4180} INFO - Setting next_dagrun for weather_ingestion to 2026-08-07 12:00:00+00:00, run_after=2026-08-07 13:00:00+00:00
[2026-08-07T12:50:45.400+0000] {processor.py:208} INFO - Processing /opt/airflow/dags/weather_dag.py took 0.420 seconds
[2026-08-07T12:51:15.875+0000] {processor.py:186} INFO - Started process (PID=13230) to work on /opt/airflow/dags/weather_dag.py
[2026-08-07T12:51:15.877+0000] {processor.py:914} INFO - Processing file /opt/airflow/dags/weather_dag.py for tasks to queue
[2026-08-07T12:51:15.883+0000] {logging_mixin.py:190} INFO - [2026-08-07T12:51:15.882+0000] {dagbag.py:588} INFO - Filling up the DagBag from /opt/airflow/dags/weather_dag.py
[2026-08-07T12:51:16.454+0000] {processor.py:925} INFO - DAG(s) 'weather_ingestion' retrieved from /opt/airflow/dags/weather_dag.py
[2026-08-07T12:51:16.474+0000] {logging_mixin.py:190} INFO - [2026-08-07T12:51:16.474+0000] {dag.py:3239} INFO - Sync 1 DAGs
[2026-08-07T12:51:16.488+0000] {logging_mixin.py:190} INFO - [2026-08-07T12:51:16.488+0000] {dag.py:4180} INFO - Setting next_dagrun for weather_ingestion to 2026-08-07 12:00:00+00:00, run_after=2026-08-07 13:00:00+00:00
[2026-08-07T12:51:16.497+0000] {processor.py:208} INFO - Processing /opt/airflow/dags/weather_dag.py took 0.631 seconds
[2026-08-07T12:51:46.574+0000] {processor.py:186} INFO - Started process (PID=13237) to work on /opt/airflow/dags/weather_dag.py
[2026-08-07T12:51:46.576+0000] {processor.py:914} INFO - Processing file /opt/airflow/dags/weather_dag.py for tasks to queue
[2026-08-07T12:51:46.578+0000] {logging_mixin.py:190} INFO - [2026-08-07T12:51:46.578+0000] {dagbag.py:588} INFO - Filling up the DagBag from /opt/airflow/dags/weather_dag.py
[2026-08-07T12:51:46.806+0000] {processor.py:925} INFO - DAG(s) 'weather_ingestion' retrieved from /opt/airflow/dags/weather_dag.py
[2026-08-07T12:51:46.821+0000] {logging_mixin.py:190} INFO - [2026-08-07T12:51:46.821+0000] {dag.py:3239} INFO - Sync 1 DAGs
[2026-08-07T12:51:46.832+0000] {logging_mixin.py:190} INFO - [2026-08-07T12:51:46.832+0000] {dag.py:4180} INFO - Setting next_dagrun for weather_ingestion to 2026-08-07 12:00:00+00:00, run_after=2026-08-07 13:00:00+00:00
[2026-08-07T12:51:46.839+0000] {processor.py:208} INFO - Processing /opt/airflow/dags/weather_dag.py took 0.273 seconds
[2026-08-07T12:52:17.283+0000] {processor.py:186} INFO - Started process (PID=13244) to work on /opt/airflow/dags/weather_dag.py
[2026-08-07T12:52:17.285+0000] {processor.py:914} INFO - Processing file /opt/airflow/dags/weather_dag.py for tasks to queue
[2026-08-07T12:52:17.288+0000] {logging_mixin.py:190} INFO - [2026-08-07T12:52:17.287+0000] {dagbag.py:588} INFO - Filling up the DagBag from /opt/airflow/dags/weather_dag.py
[2026-08-07T12:52:17.510+0000] {processor.py:925} INFO - DAG(s) 'weather_ingestion' retrieved from /opt/airflow/dags/weather_dag.py
[2026-08-07T12:52:17.521+0000] {logging_mixin.py:190} INFO - [2026-08-07T12:52:17.521+0000] {dag.py:3239} INFO - Sync 1 DAGs
[2026-08-07T12:52:17.530+0000] {logging_mixin.py:190} INFO - [2026-08-07T12:52:17.530+0000] {dag.py:4180} INFO - Setting next_dagrun for weather_ingestion to 2026-08-07 12:00:00+00:00, run_after=2026-08-07 13:00:00+00:00
[2026-08-07T12:52:17.536+0000] {processor.py:208} INFO - Processing /opt/airflow/dags/weather_dag.py took 0.260 seconds
[2026-08-07T13:09:57.778+0000] {processor.py:186} INFO - Started process (PID=13252) to work on /opt/airflow/dags/weather_dag.py
[2026-08-07T13:09:57.779+0000] {processor.py:914} INFO - Processing file /opt/airflow/dags/weather_dag.py for tasks to queue
[2026-08-07T13:09:57.782+0000] {logging_mixin.py:190} INFO - [2026-08-07T13:09:57.782+0000] {dagbag.py:588} INFO - Filling up the DagBag from /opt/airflow/dags/weather_dag.py
[2026-08-07T13:09:58.086+0000] {processor.py:925} INFO - DAG(s) 'weather_ingestion' retrieved from /opt/airflow/dags/weather_dag.py
[2026-08-07T13:09:58.110+0000] {logging_mixin.py:190} INFO - [2026-08-07T13:09:58.109+0000] {dag.py:3239} INFO - Sync 1 DAGs
[2026-08-07T13:09:58.126+0000] {logging_mixin.py:190} INFO - [2026-08-07T13:09:58.126+0000] {dag.py:4180} INFO - Setting next_dagrun for weather_ingestion to 2026-08-07 13:00:00+00:00, run_after=2026-08-07 14:00:00+00:00
[2026-08-07T13:09:58.140+0000] {processor.py:208} INFO - Processing /opt/airflow/dags/weather_dag.py took 0.378 seconds
[2026-08-07T13:10:28.526+0000] {processor.py:186} INFO - Started process (PID=13263) to work on /opt/airflow/dags/weather_dag.py
[2026-08-07T13:10:28.533+0000] {processor.py:914} INFO - Processing file /opt/airflow/dags/weather_dag.py for tasks to queue
[2026-08-07T13:10:28.543+0000] {logging_mixin.py:190} INFO - [2026-08-07T13:10:28.542+0000] {dagbag.py:588} INFO - Filling up the DagBag from /opt/airflow/dags/weather_dag.py
[2026-08-07T13:10:28.991+0000] {processor.py:925} INFO - DAG(s) 'weather_ingestion' retrieved from /opt/airflow/dags/weather_dag.py
[2026-08-07T13:10:29.023+0000] {logging_mixin.py:190} INFO - [2026-08-07T13:10:29.023+0000] {dag.py:3239} INFO - Sync 1 DAGs
[2026-08-07T13:10:29.040+0000] {logging_mixin.py:190} INFO - [2026-08-07T13:10:29.040+0000] {dag.py:4180} INFO - Setting next_dagrun for weather_ingestion to 2026-08-07 13:00:00+00:00, run_after=2026-08-07 14:00:00+00:00
[2026-08-07T13:10:29.049+0000] {processor.py:208} INFO - Processing /opt/airflow/dags/weather_dag.py took 0.545 seconds
[2026-08-07T13:10:59.416+0000] {processor.py:186} INFO - Started process (PID=13270) to work on /opt/airflow/dags/weather_dag.py
[2026-08-07T13:10:59.419+0000] {processor.py:914} INFO - Processing file /opt/airflow/dags/weather_dag.py for tasks to queue
[2026-08-07T13:10:59.425+0000] {logging_mixin.py:190} INFO - [2026-08-07T13:10:59.424+0000] {dagbag.py:588} INFO - Filling up the DagBag from /opt/airflow/dags/weather_dag.py
[2026-08-07T13:10:59.846+0000] {processor.py:925} INFO - DAG(s) 'weather_ingestion' retrieved from /opt/airflow/dags/weather_dag.py
[2026-08-07T13:10:59.865+0000] {logging_mixin.py:190} INFO - [2026-08-07T13:10:59.865+0000] {dag.py:3239} INFO - Sync 1 DAGs
[2026-08-07T13:10:59.879+0000] {logging_mixin.py:190} INFO - [2026-08-07T13:10:59.879+0000] {dag.py:4180} INFO - Setting next_dagrun for weather_ingestion to 2026-08-07 13:00:00+00:00, run_after=2026-08-07 14:00:00+00:00
[2026-08-07T13:10:59.888+0000] {processor.py:208} INFO - Processing /opt/airflow/dags/weather_dag.py took 0.495 seconds
[2026-08-07T13:11:30.292+0000] {processor.py:186} INFO - Started process (PID=13277) to work on /opt/airflow/dags/weather_dag.py
[2026-08-07T13:11:30.294+0000] {processor.py:914} INFO - Processing file /opt/airflow/dags/weather_dag.py for tasks to queue
[2026-08-07T13:11:30.296+0000] {logging_mixin.py:190} INFO - [2026-08-07T13:11:30.296+0000] {dagbag.py:588} INFO - Filling up the DagBag from /opt/airflow/dags/weather_dag.py
[2026-08-07T13:11:30.529+0000] {processor.py:925} INFO - DAG(s) 'weather_ingestion' retrieved from /opt/airflow/dags/weather_dag.py
[2026-08-07T13:11:30.543+0000] {logging_mixin.py:190} INFO - [2026-08-07T13:11:30.543+0000] {dag.py:3239} INFO - Sync 1 DAGs
[2026-08-07T13:11:30.555+0000] {logging_mixin.py:190} INFO - [2026-08-07T13:11:30.555+0000] {dag.py:4180} INFO - Setting next_dagrun for weather_ingestion to 2026-08-07 13:00:00+00:00, run_after=2026-08-07 14:00:00+00:00
[2026-08-07T13:11:30.562+0000] {processor.py:208} INFO - Processing /opt/airflow/dags/weather_dag.py took 0.277 seconds
[2026-08-07T13:12:00.678+0000] {processor.py:186} INFO - Started process (PID=13284) to work on /opt/airflow/dags/weather_dag.py
[2026-08-07T13:12:00.680+0000] {processor.py:914} INFO - Processing file /opt/airflow/dags/weather_dag.py for tasks to queue
[2026-08-07T13:12:00.682+0000] {logging_mixin.py:190} INFO - [2026-08-07T13:12:00.682+0000] {dagbag.py:588} INFO - Filling up the DagBag from /opt/airflow/dags/weather_dag.py
[2026-08-07T13:12:00.902+0000] {processor.py:925} INFO - DAG(s) 'weather_ingestion' retrieved from /opt/airflow/dags/weather_dag.py
[2026-08-07T13:12:00.914+0000] {logging_mixin.py:190} INFO - [2026-08-07T13:12:00.914+0000] {dag.py:3239} INFO - Sync 1 DAGs
[2026-08-07T13:12:00.925+0000] {logging_mixin.py:190} INFO - [2026-08-07T13:12:00.925+0000] {dag.py:4180} INFO - Setting next_dagrun for weather_ingestion to 2026-08-07 13:00:00+00:00, run_after=2026-08-07 14:00:00+00:00
[2026-08-07T13:12:00.932+0000] {processor.py:208} INFO - Processing /opt/airflow/dags/weather_dag.py took 0.263 seconds
[2026-08-07T13:12:31.398+0000] {processor.py:186} INFO - Started process (PID=13296) to work on /opt/airflow/dags/weather_dag.py
[2026-08-07T13:12:31.399+0000] {processor.py:914} INFO - Processing file /opt/airflow/dags/weather_dag.py for tasks to queue
[2026-08-07T13:12:31.402+0000] {logging_mixin.py:190} INFO - [2026-08-07T13:12:31.401+0000] {dagbag.py:588} INFO - Filling up the DagBag from /opt/airflow/dags/weather_dag.py
[2026-08-07T13:12:31.665+0000] {processor.py:925} INFO - DAG(s) 'weather_ingestion' retrieved from /opt/airflow/dags/weather_dag.py
[2026-08-07T13:12:31.680+0000] {logging_mixin.py:190} INFO - [2026-08-07T13:12:31.680+0000] {dag.py:3239} INFO - Sync 1 DAGs
[2026-08-07T13:12:31.691+0000] {logging_mixin.py:190} INFO - [2026-08-07T13:12:31.691+0000] {dag.py:4180} INFO - Setting next_dagrun for weather_ingestion to 2026-08-07 13:00:00+00:00, run_after=2026-08-07 14:00:00+00:00
[2026-08-07T13:12:31.698+0000] {processor.py:208} INFO - Processing /opt/airflow/dags/weather_dag.py took 0.309 seconds
[2026-08-07T13:30:25.227+0000] {processor.py:186} INFO - Started process (PID=13303) to work on /opt/airflow/dags/weather_dag.py
[2026-08-07T13:30:25.229+0000] {processor.py:914} INFO - Processing file /opt/airflow/dags/weather_dag.py for tasks to queue
[2026-08-07T13:30:25.233+0000] {logging_mixin.py:190} INFO - [2026-08-07T13:30:25.233+0000] {dagbag.py:588} INFO - Filling up the DagBag from /opt/airflow/dags/weather_dag.py
[2026-08-07T13:30:25.513+0000] {processor.py:925} INFO - DAG(s) 'weather_ingestion' retrieved from /opt/airflow/dags/weather_dag.py
[2026-08-07T13:30:25.530+0000] {logging_mixin.py:190} INFO - [2026-08-07T13:30:25.530+0000] {dag.py:3239} INFO - Sync 1 DAGs
[2026-08-07T13:30:25.544+0000] {logging_mixin.py:190} INFO - [2026-08-07T13:30:25.544+0000] {dag.py:4180} INFO - Setting next_dagrun for weather_ingestion to 2026-08-07 13:00:00+00:00, run_after=2026-08-07 14:00:00+00:00
[2026-08-07T13:30:25.552+0000] {processor.py:208} INFO - Processing /opt/airflow/dags/weather_dag.py took 0.339 seconds
[2026-08-07T13:30:55.622+0000] {processor.py:186} INFO - Started process (PID=13310) to work on /opt/airflow/dags/weather_dag.py
[2026-08-07T13:30:55.624+0000] {processor.py:914} INFO - Processing file /opt/airflow/dags/weather_dag.py for tasks to queue
[2026-08-07T13:30:55.628+0000] {logging_mixin.py:190} INFO - [2026-08-07T13:30:55.628+0000] {dagbag.py:588} INFO - Filling up the DagBag from /opt/airflow/dags/weather_dag.py
[2026-08-07T13:30:55.930+0000] {processor.py:925} INFO - DAG(s) 'weather_ingestion' retrieved from /opt/airflow/dags/weather_dag.py
[2026-08-07T13:30:55.950+0000] {logging_mixin.py:190} INFO - [2026-08-07T13:30:55.950+0000] {dag.py:3239} INFO - Sync 1 DAGs
[2026-08-07T13:30:55.964+0000] {logging_mixin.py:190} INFO - [2026-08-07T13:30:55.964+0000] {dag.py:4180} INFO - Setting next_dagrun for weather_ingestion to 2026-08-07 13:00:00+00:00, run_after=2026-08-07 14:00:00+00:00
[2026-08-07T13:30:55.973+0000] {processor.py:208} INFO - Processing /opt/airflow/dags/weather_dag.py took 0.359 seconds
[2026-08-07T13:31:26.292+0000] {processor.py:186} INFO - Started process (PID=13317) to work on /opt/airflow/dags/weather_dag.py
[2026-08-07T13:31:26.294+0000] {processor.py:914} INFO - Processing file /opt/airflow/dags/weather_dag.py for tasks to queue
[2026-08-07T13:31:26.296+0000] {logging_mixin.py:190} INFO - [2026-08-07T13:31:26.296+0000] {dagbag.py:588} INFO - Filling up the DagBag from /opt/airflow/dags/weather_dag.py
[2026-08-07T13:31:26.503+0000] {processor.py:925} INFO - DAG(s) 'weather_ingestion' retrieved from /opt/airflow/dags/weather_dag.py
[2026-08-07T13:31:26.515+0000] {logging_mixin.py:190} INFO - [2026-08-07T13:31:26.515+0000] {dag.py:3239} INFO - Sync 1 DAGs
[2026-08-07T13:31:26.527+0000] {logging_mixin.py:190} INFO - [2026-08-07T13:31:26.526+0000] {dag.py:4180} INFO - Setting next_dagrun for weather_ingestion to 2026-08-07 13:00:00+00:00, run_after=2026-08-07 14:00:00+00:00
[2026-08-07T13:31:26.533+0000] {processor.py:208} INFO - Processing /opt/airflow/dags/weather_dag.py took 0.251 seconds
[2026-08-07T13:31:56.638+0000] {processor.py:186} INFO - Started process (PID=13324) to work on /opt/airflow/dags/weather_dag.py
[2026-08-07T13:31:56.639+0000] {processor.py:914} INFO - Processing file /opt/airflow/dags/weather_dag.py for tasks to queue
[2026-08-07T13:31:56.642+0000] {logging_mixin.py:190} INFO - [2026-08-07T13:31:56.641+0000] {dagbag.py:588} INFO - Filling up the DagBag from /opt/airflow/dags/weather_dag.py
[2026-08-07T13:31:56.940+0000] {processor.py:925} INFO - DAG(s) 'weather_ingestion' retrieved from /opt/airflow/dags/weather_dag.py
[2026-08-07T13:31:56.954+0000] {logging_mixin.py:190} INFO - [2026-08-07T13:31:56.953+0000] {dag.py:3239} INFO - Sync 1 DAGs
[2026-08-07T13:31:56.965+0000] {logging_mixin.py:190} INFO - [2026-08-07T13:31:56.965+0000] {dag.py:4180} INFO - Setting next_dagrun for weather_ingestion to 2026-08-07 13:00:00+00:00, run_after=2026-08-07 14:00:00+00:00
[2026-08-07T13:31:56.971+0000] {processor.py:208} INFO - Processing /opt/airflow/dags/weather_dag.py took 0.340 seconds
[2026-08-07T13:32:27.305+0000] {processor.py:186} INFO - Started process (PID=13331) to work on /opt/airflow/dags/weather_dag.py
[2026-08-07T13:32:27.308+0000] {processor.py:914} INFO - Processing file /opt/airflow/dags/weather_dag.py for tasks to queue
[2026-08-07T13:32:27.310+0000] {logging_mixin.py:190} INFO - [2026-08-07T13:32:27.310+0000] {dagbag.py:588} INFO - Filling up the DagBag from /opt/airflow/dags/weather_dag.py
[2026-08-07T13:32:27.528+0000] {processor.py:925} INFO - DAG(s) 'weather_ingestion' retrieved from /opt/airflow/dags/weather_dag.py
[2026-08-07T13:32:27.539+0000] {logging_mixin.py:190} INFO - [2026-08-07T13:32:27.539+0000] {dag.py:3239} INFO - Sync 1 DAGs
[2026-08-07T13:32:27.549+0000] {logging_mixin.py:190} INFO - [2026-08-07T13:32:27.549+0000] {dag.py:4180} INFO - Setting next_dagrun for weather_ingestion to 2026-08-07 13:00:00+00:00, run_after=2026-08-07 14:00:00+00:00
[2026-08-07T13:32:27.555+0000] {processor.py:208} INFO - Processing /opt/airflow/dags/weather_dag.py took 0.259 seconds
[2026-08-07T13:48:20.706+0000] {processor.py:186} INFO - Started process (PID=13338) to work on /opt/airflow/dags/weather_dag.py
[2026-08-07T13:48:20.707+0000] {processor.py:914} INFO - Processing file /opt/airflow/dags/weather_dag.py for tasks to queue
[2026-08-07T13:48:20.711+0000] {logging_mixin.py:190} INFO - [2026-08-07T13:48:20.711+0000] {dagbag.py:588} INFO - Filling up the DagBag from /opt/airflow/dags/weather_dag.py
[2026-08-07T13:48:21.054+0000] {processor.py:925} INFO - DAG(s) 'weather_ingestion' retrieved from /opt/airflow/dags/weather_dag.py
[2026-08-07T13:48:21.072+0000] {logging_mixin.py:190} INFO - [2026-08-07T13:48:21.071+0000] {dag.py:3239} INFO - Sync 1 DAGs
[2026-08-07T13:48:21.093+0000] {logging_mixin.py:190} INFO - [2026-08-07T13:48:21.093+0000] {dag.py:4180} INFO - Setting next_dagrun for weather_ingestion to 2026-08-07 13:00:00+00:00, run_after=2026-08-07 14:00:00+00:00
[2026-08-07T13:48:21.104+0000] {processor.py:208} INFO - Processing /opt/airflow/dags/weather_dag.py took 0.412 seconds
[2026-08-07T13:48:51.239+0000] {processor.py:186} INFO - Started process (PID=13345) to work on /opt/airflow/dags/weather_dag.py
[2026-08-07T13:48:51.241+0000] {processor.py:914} INFO - Processing file /opt/airflow/dags/weather_dag.py for tasks to queue
[2026-08-07T13:48:51.246+0000] {logging_mixin.py:190} INFO - [2026-08-07T13:48:51.245+0000] {dagbag.py:588} INFO - Filling up the DagBag from /opt/airflow/dags/weather_dag.py
[2026-08-07T13:48:51.607+0000] {processor.py:925} INFO - DAG(s) 'weather_ingestion' retrieved from /opt/airflow/dags/weather_dag.py
[2026-08-07T13:48:51.626+0000] {logging_mixin.py:190} INFO - [2026-08-07T13:48:51.626+0000] {dag.py:3239} INFO - Sync 1 DAGs
[2026-08-07T13:48:51.640+0000] {logging_mixin.py:190} INFO - [2026-08-07T13:48:51.640+0000] {dag.py:4180} INFO - Setting next_dagrun for weather_ingestion to 2026-08-07 13:00:00+00:00, run_after=2026-08-07 14:00:00+00:00
[2026-08-07T13:48:51.649+0000] {processor.py:208} INFO - Processing /opt/airflow/dags/weather_dag.py took 0.422 seconds
[2026-08-07T13:49:21.847+0000] {processor.py:186} INFO - Started process (PID=13352) to work on /opt/airflow/dags/weather_dag.py
[2026-08-07T13:49:21.849+0000] {processor.py:914} INFO - Processing file /opt/airflow/dags/weather_dag.py for tasks to queue
[2026-08-07T13:49:21.851+0000] {logging_mixin.py:190} INFO - [2026-08-07T13:49:21.851+0000] {dagbag.py:588} INFO - Filling up the DagBag from /opt/airflow/dags/weather_dag.py
[2026-08-07T13:49:22.267+0000] {processor.py:925} INFO - DAG(s) 'weather_ingestion' retrieved from /opt/airflow/dags/weather_dag.py
[2026-08-07T13:49:22.312+0000] {logging_mixin.py:190} INFO - [2026-08-07T13:49:22.312+0000] {dag.py:3239} INFO - Sync 1 DAGs
[2026-08-07T13:49:22.341+0000] {logging_mixin.py:190} INFO - [2026-08-07T13:49:22.341+0000] {dag.py:4180} INFO - Setting next_dagrun for weather_ingestion to 2026-08-07 13:00:00+00:00, run_after=2026-08-07 14:00:00+00:00
[2026-08-07T13:49:22.366+0000] {processor.py:208} INFO - Processing /opt/airflow/dags/weather_dag.py took 0.529 seconds
[2026-08-07T14:05:25.709+0000] {processor.py:186} INFO - Started process (PID=13359) to work on /opt/airflow/dags/weather_dag.py
[2026-08-07T14:05:25.712+0000] {processor.py:914} INFO - Processing file /opt/airflow/dags/weather_dag.py for tasks to queue
[2026-08-07T14:05:25.717+0000] {logging_mixin.py:190} INFO - [2026-08-07T14:05:25.716+0000] {dagbag.py:588} INFO - Filling up the DagBag from /opt/airflow/dags/weather_dag.py
[2026-08-07T14:05:26.066+0000] {processor.py:925} INFO - DAG(s) 'weather_ingestion' retrieved from /opt/airflow/dags/weather_dag.py
[2026-08-07T14:05:26.087+0000] {logging_mixin.py:190} INFO - [2026-08-07T14:05:26.087+0000] {dag.py:3239} INFO - Sync 1 DAGs
[2026-08-07T14:05:26.102+0000] {logging_mixin.py:190} INFO - [2026-08-07T14:05:26.101+0000] {dag.py:4180} INFO - Setting next_dagrun for weather_ingestion to 2026-08-07 14:00:00+00:00, run_after=2026-08-07 15:00:00+00:00
[2026-08-07T14:05:26.111+0000] {processor.py:208} INFO - Processing /opt/airflow/dags/weather_dag.py took 0.416 seconds
[2026-08-07T14:05:56.210+0000] {processor.py:186} INFO - Started process (PID=13371) to work on /opt/airflow/dags/weather_dag.py
[2026-08-07T14:05:56.218+0000] {processor.py:914} INFO - Processing file /opt/airflow/dags/weather_dag.py for tasks to queue
[2026-08-07T14:05:56.223+0000] {logging_mixin.py:190} INFO - [2026-08-07T14:05:56.222+0000] {dagbag.py:588} INFO - Filling up the DagBag from /opt/airflow/dags/weather_dag.py
[2026-08-07T14:05:56.983+0000] {processor.py:925} INFO - DAG(s) 'weather_ingestion' retrieved from /opt/airflow/dags/weather_dag.py
[2026-08-07T14:05:57.013+0000] {logging_mixin.py:190} INFO - [2026-08-07T14:05:57.012+0000] {dag.py:3239} INFO - Sync 1 DAGs
[2026-08-07T14:05:57.030+0000] {logging_mixin.py:190} INFO - [2026-08-07T14:05:57.030+0000] {dag.py:4180} INFO - Setting next_dagrun for weather_ingestion to 2026-08-07 14:00:00+00:00, run_after=2026-08-07 15:00:00+00:00
[2026-08-07T14:05:57.045+0000] {processor.py:208} INFO - Processing /opt/airflow/dags/weather_dag.py took 0.857 seconds
[2026-08-07T14:22:31.859+0000] {processor.py:186} INFO - Started process (PID=13380) to work on /opt/airflow/dags/weather_dag.py
[2026-08-07T14:22:31.860+0000] {processor.py:914} INFO - Processing file /opt/airflow/dags/weather_dag.py for tasks to queue
[2026-08-07T14:22:31.864+0000] {logging_mixin.py:190} INFO - [2026-08-07T14:22:31.864+0000] {dagbag.py:588} INFO - Filling up the DagBag from /opt/airflow/dags/weather_dag.py
[2026-08-07T14:22:32.156+0000] {processor.py:925} INFO - DAG(s) 'weather_ingestion' retrieved from /opt/airflow/dags/weather_dag.py
[2026-08-07T14:22:32.181+0000] {logging_mixin.py:190} INFO - [2026-08-07T14:22:32.181+0000] {dag.py:3239} INFO - Sync 1 DAGs
[2026-08-07T14:22:32.198+0000] {logging_mixin.py:190} INFO - [2026-08-07T14:22:32.198+0000] {dag.py:4180} INFO - Setting next_dagrun for weather_ingestion to 2026-08-07 14:00:00+00:00, run_after=2026-08-07 15:00:00+00:00
[2026-08-07T14:22:32.210+0000] {processor.py:208} INFO - Processing /opt/airflow/dags/weather_dag.py took 0.360 seconds
[2026-08-07T14:23:02.442+0000] {processor.py:186} INFO - Started process (PID=13390) to work on /opt/airflow/dags/weather_dag.py
[2026-08-07T14:23:02.445+0000] {processor.py:914} INFO - Processing file /opt/airflow/dags/weather_dag.py for tasks to queue
[2026-08-07T14:23:02.452+0000] {logging_mixin.py:190} INFO - [2026-08-07T14:23:02.451+0000] {dagbag.py:588} INFO - Filling up the DagBag from /opt/airflow/dags/weather_dag.py
[2026-08-07T14:23:03.139+0000] {processor.py:925} INFO - DAG(s) 'weather_ingestion' retrieved from /opt/airflow/dags/weather_dag.py
[2026-08-07T14:23:03.170+0000] {logging_mixin.py:190} INFO - [2026-08-07T14:23:03.170+0000] {dag.py:3239} INFO - Sync 1 DAGs
[2026-08-07T14:23:03.187+0000] {logging_mixin.py:190} INFO - [2026-08-07T14:23:03.187+0000] {dag.py:4180} INFO - Setting next_dagrun for weather_ingestion to 2026-08-07 14:00:00+00:00, run_after=2026-08-07 15:00:00+00:00
[2026-08-07T14:23:03.197+0000] {processor.py:208} INFO - Processing /opt/airflow/dags/weather_dag.py took 0.777 seconds
[2026-08-07T14:23:34.139+0000] {processor.py:186} INFO - Started process (PID=13397) to work on /opt/airflow/dags/weather_dag.py
[2026-08-07T14:23:34.142+0000] {processor.py:914} INFO - Processing file /opt/airflow/dags/weather_dag.py for tasks to queue
[2026-08-07T14:23:34.155+0000] {logging_mixin.py:190} INFO - [2026-08-07T14:23:34.154+0000] {dagbag.py:588} INFO - Filling up the DagBag from /opt/airflow/dags/weather_dag.py
[2026-08-07T14:23:35.520+0000] {processor.py:925} INFO - DAG(s) 'weather_ingestion' retrieved from /opt/airflow/dags/weather_dag.py
[2026-08-07T14:23:35.563+0000] {logging_mixin.py:190} INFO - [2026-08-07T14:23:35.562+0000] {dag.py:3239} INFO - Sync 1 DAGs
[2026-08-07T14:23:35.582+0000] {logging_mixin.py:190} INFO - [2026-08-07T14:23:35.582+0000] {dag.py:4180} INFO - Setting next_dagrun for weather_ingestion to 2026-08-07 14:00:00+00:00, run_after=2026-08-07 15:00:00+00:00
[2026-08-07T14:23:35.590+0000] {processor.py:208} INFO - Processing /opt/airflow/dags/weather_dag.py took 1.465 seconds
[2026-08-07T14:39:32.081+0000] {processor.py:186} INFO - Started process (PID=13404) to work on /opt/airflow/dags/weather_dag.py
[2026-08-07T14:39:32.082+0000] {processor.py:914} INFO - Processing file /opt/airflow/dags/weather_dag.py for tasks to queue
[2026-08-07T14:39:32.087+0000] {logging_mixin.py:190} INFO - [2026-08-07T14:39:32.087+0000] {dagbag.py:588} INFO - Filling up the DagBag from /opt/airflow/dags/weather_dag.py
[2026-08-07T14:39:32.367+0000] {processor.py:925} INFO - DAG(s) 'weather_ingestion' retrieved from /opt/airflow/dags/weather_dag.py
[2026-08-07T14:39:32.385+0000] {logging_mixin.py:190} INFO - [2026-08-07T14:39:32.385+0000] {dag.py:3239} INFO - Sync 1 DAGs
[2026-08-07T14:39:32.402+0000] {logging_mixin.py:190} INFO - [2026-08-07T14:39:32.401+0000] {dag.py:4180} INFO - Setting next_dagrun for weather_ingestion to 2026-08-07 14:00:00+00:00, run_after=2026-08-07 15:00:00+00:00
[2026-08-07T14:39:32.417+0000] {processor.py:208} INFO - Processing /opt/airflow/dags/weather_dag.py took 0.348 seconds
[2026-08-07T14:40:02.522+0000] {processor.py:186} INFO - Started process (PID=13416) to work on /opt/airflow/dags/weather_dag.py
[2026-08-07T14:40:02.524+0000] {processor.py:914} INFO - Processing file /opt/airflow/dags/weather_dag.py for tasks to queue
[2026-08-07T14:40:02.528+0000] {logging_mixin.py:190} INFO - [2026-08-07T14:40:02.527+0000] {dagbag.py:588} INFO - Filling up the DagBag from /opt/airflow/dags/weather_dag.py
[2026-08-07T14:40:02.859+0000] {processor.py:925} INFO - DAG(s) 'weather_ingestion' retrieved from /opt/airflow/dags/weather_dag.py
[2026-08-07T14:40:02.874+0000] {logging_mixin.py:190} INFO - [2026-08-07T14:40:02.874+0000] {dag.py:3239} INFO - Sync 1 DAGs
[2026-08-07T14:40:02.888+0000] {logging_mixin.py:190} INFO - [2026-08-07T14:40:02.888+0000] {dag.py:4180} INFO - Setting next_dagrun for weather_ingestion to 2026-08-07 14:00:00+00:00, run_after=2026-08-07 15:00:00+00:00
[2026-08-07T14:40:02.897+0000] {processor.py:208} INFO - Processing /opt/airflow/dags/weather_dag.py took 0.396 seconds
[2026-08-07T14:40:33.332+0000] {processor.py:186} INFO - Started process (PID=13423) to work on /opt/airflow/dags/weather_dag.py
[2026-08-07T14:40:33.333+0000] {processor.py:914} INFO - Processing file /opt/airflow/dags/weather_dag.py for tasks to queue
[2026-08-07T14:40:33.336+0000] {logging_mixin.py:190} INFO - [2026-08-07T14:40:33.335+0000] {dagbag.py:588} INFO - Filling up the DagBag from /opt/airflow/dags/weather_dag.py
[2026-08-07T14:40:33.769+0000] {processor.py:925} INFO - DAG(s) 'weather_ingestion' retrieved from /opt/airflow/dags/weather_dag.py
[2026-08-07T14:40:33.802+0000] {logging_mixin.py:190} INFO - [2026-08-07T14:40:33.801+0000] {dag.py:3239} INFO - Sync 1 DAGs
[2026-08-07T14:40:33.830+0000] {logging_mixin.py:190} INFO - [2026-08-07T14:40:33.829+0000] {dag.py:4180} INFO - Setting next_dagrun for weather_ingestion to 2026-08-07 14:00:00+00:00, run_after=2026-08-07 15:00:00+00:00
[2026-08-07T14:40:33.838+0000] {processor.py:208} INFO - Processing /opt/airflow/dags/weather_dag.py took 0.535 seconds
[2026-08-07T14:41:04.176+0000] {processor.py:186} INFO - Started process (PID=13430) to work on /opt/airflow/dags/weather_dag.py
[2026-08-07T14:41:04.177+0000] {processor.py:914} INFO - Processing file /opt/airflow/dags/weather_dag.py for tasks to queue
[2026-08-07T14:41:04.180+0000] {logging_mixin.py:190} INFO - [2026-08-07T14:41:04.180+0000] {dagbag.py:588} INFO - Filling up the DagBag from /opt/airflow/dags/weather_dag.py
[2026-08-07T14:41:04.444+0000] {processor.py:925} INFO - DAG(s) 'weather_ingestion' retrieved from /opt/airflow/dags/weather_dag.py
[2026-08-07T14:41:04.470+0000] {logging_mixin.py:190} INFO - [2026-08-07T14:41:04.470+0000] {dag.py:3239} INFO - Sync 1 DAGs
[2026-08-07T14:41:04.486+0000] {logging_mixin.py:190} INFO - [2026-08-07T14:41:04.486+0000] {dag.py:4180} INFO - Setting next_dagrun for weather_ingestion to 2026-08-07 14:00:00+00:00, run_after=2026-08-07 15:00:00+00:00
[2026-08-07T14:41:04.496+0000] {processor.py:208} INFO - Processing /opt/airflow/dags/weather_dag.py took 0.331 seconds
[2026-08-07T14:41:34.940+0000] {processor.py:186} INFO - Started process (PID=13437) to work on /opt/airflow/dags/weather_dag.py
[2026-08-07T14:41:34.942+0000] {processor.py:914} INFO - Processing file /opt/airflow/dags/weather_dag.py for tasks to queue
[2026-08-07T14:41:34.947+0000] {logging_mixin.py:190} INFO - [2026-08-07T14:41:34.946+0000] {dagbag.py:588} INFO - Filling up the DagBag from /opt/airflow/dags/weather_dag.py
[2026-08-07T14:41:35.271+0000] {processor.py:925} INFO - DAG(s) 'weather_ingestion' retrieved from /opt/airflow/dags/weather_dag.py
[2026-08-07T14:41:35.299+0000] {logging_mixin.py:190} INFO - [2026-08-07T14:41:35.299+0000] {dag.py:3239} INFO - Sync 1 DAGs
[2026-08-07T14:41:35.316+0000] {logging_mixin.py:190} INFO - [2026-08-07T14:41:35.316+0000] {dag.py:4180} INFO - Setting next_dagrun for weather_ingestion to 2026-08-07 14:00:00+00:00, run_after=2026-08-07 15:00:00+00:00
[2026-08-07T14:41:35.324+0000] {processor.py:208} INFO - Processing /opt/airflow/dags/weather_dag.py took 0.399 seconds
[2026-08-07T14:57:07.864+0000] {processor.py:186} INFO - Started process (PID=13444) to work on /opt/airflow/dags/weather_dag.py
[2026-08-07T14:57:07.866+0000] {processor.py:914} INFO - Processing file /opt/airflow/dags/weather_dag.py for tasks to queue
[2026-08-07T14:57:07.869+0000] {logging_mixin.py:190} INFO - [2026-08-07T14:57:07.868+0000] {dagbag.py:588} INFO - Filling up the DagBag from /opt/airflow/dags/weather_dag.py
[2026-08-07T14:57:08.119+0000] {processor.py:925} INFO - DAG(s) 'weather_ingestion' retrieved from /opt/airflow/dags/weather_dag.py
[2026-08-07T14:57:08.134+0000] {logging_mixin.py:190} INFO - [2026-08-07T14:57:08.134+0000] {dag.py:3239} INFO - Sync 1 DAGs
[2026-08-07T14:57:08.145+0000] {logging_mixin.py:190} INFO - [2026-08-07T14:57:08.145+0000] {dag.py:4180} INFO - Setting next_dagrun for weather_ingestion to 2026-08-07 14:00:00+00:00, run_after=2026-08-07 15:00:00+00:00
[2026-08-07T14:57:08.151+0000] {processor.py:208} INFO - Processing /opt/airflow/dags/weather_dag.py took 0.297 seconds
[2026-08-07T14:57:38.244+0000] {processor.py:186} INFO - Started process (PID=13451) to work on /opt/airflow/dags/weather_dag.py
[2026-08-07T14:57:38.247+0000] {processor.py:914} INFO - Processing file /opt/airflow/dags/weather_dag.py for tasks to queue
[2026-08-07T14:57:38.249+0000] {logging_mixin.py:190} INFO - [2026-08-07T14:57:38.249+0000] {dagbag.py:588} INFO - Filling up the DagBag from /opt/airflow/dags/weather_dag.py
[2026-08-07T14:57:38.877+0000] {processor.py:925} INFO - DAG(s) 'weather_ingestion' retrieved from /opt/airflow/dags/weather_dag.py
[2026-08-07T14:57:38.895+0000] {logging_mixin.py:190} INFO - [2026-08-07T14:57:38.895+0000] {dag.py:3239} INFO - Sync 1 DAGs
[2026-08-07T14:57:38.909+0000] {logging_mixin.py:190} INFO - [2026-08-07T14:57:38.909+0000] {dag.py:4180} INFO - Setting next_dagrun for weather_ingestion to 2026-08-07 14:00:00+00:00, run_after=2026-08-07 15:00:00+00:00
[2026-08-07T14:57:38.917+0000] {processor.py:208} INFO - Processing /opt/airflow/dags/weather_dag.py took 0.681 seconds
[2026-08-07T14:58:09.277+0000] {processor.py:186} INFO - Started process (PID=13458) to work on /opt/airflow/dags/weather_dag.py
[2026-08-07T14:58:09.281+0000] {processor.py:914} INFO - Processing file /opt/airflow/dags/weather_dag.py for tasks to queue
[2026-08-07T14:58:09.284+0000] {logging_mixin.py:190} INFO - [2026-08-07T14:58:09.284+0000] {dagbag.py:588} INFO - Filling up the DagBag from /opt/airflow/dags/weather_dag.py
[2026-08-07T14:58:09.534+0000] {processor.py:925} INFO - DAG(s) 'weather_ingestion' retrieved from /opt/airflow/dags/weather_dag.py
[2026-08-07T14:58:09.547+0000] {logging_mixin.py:190} INFO - [2026-08-07T14:58:09.547+0000] {dag.py:3239} INFO - Sync 1 DAGs
[2026-08-07T14:58:09.558+0000] {logging_mixin.py:190} INFO - [2026-08-07T14:58:09.558+0000] {dag.py:4180} INFO - Setting next_dagrun for weather_ingestion to 2026-08-07 14:00:00+00:00, run_after=2026-08-07 15:00:00+00:00
[2026-08-07T14:58:09.564+0000] {processor.py:208} INFO - Processing /opt/airflow/dags/weather_dag.py took 0.304 seconds
[2026-08-07T14:58:39.999+0000] {processor.py:186} INFO - Started process (PID=13465) to work on /opt/airflow/dags/weather_dag.py
[2026-08-07T14:58:40.001+0000] {processor.py:914} INFO - Processing file /opt/airflow/dags/weather_dag.py for tasks to queue
[2026-08-07T14:58:40.005+0000] {logging_mixin.py:190} INFO - [2026-08-07T14:58:40.004+0000] {dagbag.py:588} INFO - Filling up the DagBag from /opt/airflow/dags/weather_dag.py
[2026-08-07T14:58:40.335+0000] {processor.py:925} INFO - DAG(s) 'weather_ingestion' retrieved from /opt/airflow/dags/weather_dag.py
[2026-08-07T14:58:40.354+0000] {logging_mixin.py:190} INFO - [2026-08-07T14:58:40.354+0000] {dag.py:3239} INFO - Sync 1 DAGs
[2026-08-07T14:58:40.378+0000] {logging_mixin.py:190} INFO - [2026-08-07T14:58:40.378+0000] {dag.py:4180} INFO - Setting next_dagrun for weather_ingestion to 2026-08-07 14:00:00+00:00, run_after=2026-08-07 15:00:00+00:00
[2026-08-07T14:58:40.390+0000] {processor.py:208} INFO - Processing /opt/airflow/dags/weather_dag.py took 0.407 seconds
[2026-08-07T14:59:10.720+0000] {processor.py:186} INFO - Started process (PID=13472) to work on /opt/airflow/dags/weather_dag.py
[2026-08-07T14:59:10.722+0000] {processor.py:914} INFO - Processing file /opt/airflow/dags/weather_dag.py for tasks to queue
[2026-08-07T14:59:10.725+0000] {logging_mixin.py:190} INFO - [2026-08-07T14:59:10.724+0000] {dagbag.py:588} INFO - Filling up the DagBag from /opt/airflow/dags/weather_dag.py
[2026-08-07T14:59:10.947+0000] {processor.py:925} INFO - DAG(s) 'weather_ingestion' retrieved from /opt/airflow/dags/weather_dag.py
[2026-08-07T14:59:10.959+0000] {logging_mixin.py:190} INFO - [2026-08-07T14:59:10.959+0000] {dag.py:3239} INFO - Sync 1 DAGs
[2026-08-07T14:59:10.969+0000] {logging_mixin.py:190} INFO - [2026-08-07T14:59:10.969+0000] {dag.py:4180} INFO - Setting next_dagrun for weather_ingestion to 2026-08-07 14:00:00+00:00, run_after=2026-08-07 15:00:00+00:00
[2026-08-07T14:59:10.976+0000] {processor.py:208} INFO - Processing /opt/airflow/dags/weather_dag.py took 0.263 seconds
[2026-08-07T14:59:41.104+0000] {processor.py:186} INFO - Started process (PID=13479) to work on /opt/airflow/dags/weather_dag.py
[2026-08-07T14:59:41.105+0000] {processor.py:914} INFO - Processing file /opt/airflow/dags/weather_dag.py for tasks to queue
[2026-08-07T14:59:41.108+0000] {logging_mixin.py:190} INFO - [2026-08-07T14:59:41.107+0000] {dagbag.py:588} INFO - Filling up the DagBag from /opt/airflow/dags/weather_dag.py
[2026-08-07T14:59:41.340+0000] {processor.py:925} INFO - DAG(s) 'weather_ingestion' retrieved from /opt/airflow/dags/weather_dag.py
[2026-08-07T14:59:41.352+0000] {logging_mixin.py:190} INFO - [2026-08-07T14:59:41.352+0000] {dag.py:3239} INFO - Sync 1 DAGs
[2026-08-07T14:59:41.362+0000] {logging_mixin.py:190} INFO - [2026-08-07T14:59:41.362+0000] {dag.py:4180} INFO - Setting next_dagrun for weather_ingestion to 2026-08-07 14:00:00+00:00, run_after=2026-08-07 15:00:00+00:00
[2026-08-07T14:59:41.368+0000] {processor.py:208} INFO - Processing /opt/airflow/dags/weather_dag.py took 0.272 seconds
[2026-08-07T15:16:36.951+0000] {processor.py:186} INFO - Started process (PID=13491) to work on /opt/airflow/dags/weather_dag.py
[2026-08-07T15:16:36.952+0000] {processor.py:914} INFO - Processing file /opt/airflow/dags/weather_dag.py for tasks to queue
[2026-08-07T15:16:36.958+0000] {logging_mixin.py:190} INFO - [2026-08-07T15:16:36.957+0000] {dagbag.py:588} INFO - Filling up the DagBag from /opt/airflow/dags/weather_dag.py
[2026-08-07T15:16:37.214+0000] {processor.py:925} INFO - DAG(s) 'weather_ingestion' retrieved from /opt/airflow/dags/weather_dag.py
[2026-08-07T15:16:37.229+0000] {logging_mixin.py:190} INFO - [2026-08-07T15:16:37.229+0000] {dag.py:3239} INFO - Sync 1 DAGs
[2026-08-07T15:16:37.241+0000] {logging_mixin.py:190} INFO - [2026-08-07T15:16:37.241+0000] {dag.py:4180} INFO - Setting next_dagrun for weather_ingestion to 2026-08-07 15:00:00+00:00, run_after=2026-08-07 16:00:00+00:00
[2026-08-07T15:16:37.250+0000] {processor.py:208} INFO - Processing /opt/airflow/dags/weather_dag.py took 0.308 seconds
[2026-08-07T15:17:07.496+0000] {processor.py:186} INFO - Started process (PID=13498) to work on /opt/airflow/dags/weather_dag.py
[2026-08-07T15:17:07.500+0000] {processor.py:914} INFO - Processing file /opt/airflow/dags/weather_dag.py for tasks to queue
[2026-08-07T15:17:07.509+0000] {logging_mixin.py:190} INFO - [2026-08-07T15:17:07.509+0000] {dagbag.py:588} INFO - Filling up the DagBag from /opt/airflow/dags/weather_dag.py
[2026-08-07T15:17:08.032+0000] {processor.py:925} INFO - DAG(s) 'weather_ingestion' retrieved from /opt/airflow/dags/weather_dag.py
[2026-08-07T15:17:08.050+0000] {logging_mixin.py:190} INFO - [2026-08-07T15:17:08.049+0000] {dag.py:3239} INFO - Sync 1 DAGs
[2026-08-07T15:17:08.069+0000] {logging_mixin.py:190} INFO - [2026-08-07T15:17:08.069+0000] {dag.py:4180} INFO - Setting next_dagrun for weather_ingestion to 2026-08-07 15:00:00+00:00, run_after=2026-08-07 16:00:00+00:00
[2026-08-07T15:17:08.079+0000] {processor.py:208} INFO - Processing /opt/airflow/dags/weather_dag.py took 0.600 seconds
[2026-08-07T15:17:38.456+0000] {processor.py:186} INFO - Started process (PID=13505) to work on /opt/airflow/dags/weather_dag.py
[2026-08-07T15:17:38.458+0000] {processor.py:914} INFO - Processing file /opt/airflow/dags/weather_dag.py for tasks to queue
[2026-08-07T15:17:38.460+0000] {logging_mixin.py:190} INFO - [2026-08-07T15:17:38.460+0000] {dagbag.py:588} INFO - Filling up the DagBag from /opt/airflow/dags/weather_dag.py
[2026-08-07T15:17:38.711+0000] {processor.py:925} INFO - DAG(s) 'weather_ingestion' retrieved from /opt/airflow/dags/weather_dag.py
[2026-08-07T15:17:38.725+0000] {logging_mixin.py:190} INFO - [2026-08-07T15:17:38.725+0000] {dag.py:3239} INFO - Sync 1 DAGs
[2026-08-07T15:17:38.735+0000] {logging_mixin.py:190} INFO - [2026-08-07T15:17:38.735+0000] {dag.py:4180} INFO - Setting next_dagrun for weather_ingestion to 2026-08-07 15:00:00+00:00, run_after=2026-08-07 16:00:00+00:00
[2026-08-07T15:17:38.743+0000] {processor.py:208} INFO - Processing /opt/airflow/dags/weather_dag.py took 0.294 seconds
[2026-08-07T15:18:08.804+0000] {processor.py:186} INFO - Started process (PID=13512) to work on /opt/airflow/dags/weather_dag.py
[2026-08-07T15:18:08.806+0000] {processor.py:914} INFO - Processing file /opt/airflow/dags/weather_dag.py for tasks to queue
[2026-08-07T15:18:08.809+0000] {logging_mixin.py:190} INFO - [2026-08-07T15:18:08.809+0000] {dagbag.py:588} INFO - Filling up the DagBag from /opt/airflow/dags/weather_dag.py
[2026-08-07T15:18:09.171+0000] {processor.py:925} INFO - DAG(s) 'weather_ingestion' retrieved from /opt/airflow/dags/weather_dag.py
[2026-08-07T15:18:09.189+0000] {logging_mixin.py:190} INFO - [2026-08-07T15:18:09.189+0000] {dag.py:3239} INFO - Sync 1 DAGs
[2026-08-07T15:18:09.201+0000] {logging_mixin.py:190} INFO - [2026-08-07T15:18:09.201+0000] {dag.py:4180} INFO - Setting next_dagrun for weather_ingestion to 2026-08-07 15:00:00+00:00, run_after=2026-08-07 16:00:00+00:00
[2026-08-07T15:18:09.208+0000] {processor.py:208} INFO - Processing /opt/airflow/dags/weather_dag.py took 0.416 seconds
[2026-08-07T15:18:39.610+0000] {processor.py:186} INFO - Started process (PID=13524) to work on /opt/airflow/dags/weather_dag.py
[2026-08-07T15:18:39.613+0000] {processor.py:914} INFO - Processing file /opt/airflow/dags/weather_dag.py for tasks to queue
[2026-08-07T15:18:39.616+0000] {logging_mixin.py:190} INFO - [2026-08-07T15:18:39.615+0000] {dagbag.py:588} INFO - Filling up the DagBag from /opt/airflow/dags/weather_dag.py
[2026-08-07T15:18:39.869+0000] {processor.py:925} INFO - DAG(s) 'weather_ingestion' retrieved from /opt/airflow/dags/weather_dag.py
[2026-08-07T15:18:39.891+0000] {logging_mixin.py:190} INFO - [2026-08-07T15:18:39.890+0000] {dag.py:3239} INFO - Sync 1 DAGs
[2026-08-07T15:18:39.903+0000] {logging_mixin.py:190} INFO - [2026-08-07T15:18:39.903+0000] {dag.py:4180} INFO - Setting next_dagrun for weather_ingestion to 2026-08-07 15:00:00+00:00, run_after=2026-08-07 16:00:00+00:00
[2026-08-07T15:18:39.910+0000] {processor.py:208} INFO - Processing /opt/airflow/dags/weather_dag.py took 0.308 seconds
[2026-08-07T15:19:09.945+0000] {processor.py:186} INFO - Started process (PID=13531) to work on /opt/airflow/dags/weather_dag.py
[2026-08-07T15:19:09.947+0000] {processor.py:914} INFO - Processing file /opt/airflow/dags/weather_dag.py for tasks to queue
[2026-08-07T15:19:09.949+0000] {logging_mixin.py:190} INFO - [2026-08-07T15:19:09.949+0000] {dagbag.py:588} INFO - Filling up the DagBag from /opt/airflow/dags/weather_dag.py
[2026-08-07T15:19:10.163+0000] {processor.py:925} INFO - DAG(s) 'weather_ingestion' retrieved from /opt/airflow/dags/weather_dag.py
[2026-08-07T15:19:10.174+0000] {logging_mixin.py:190} INFO - [2026-08-07T15:19:10.174+0000] {dag.py:3239} INFO - Sync 1 DAGs
[2026-08-07T15:19:10.183+0000] {logging_mixin.py:190} INFO - [2026-08-07T15:19:10.183+0000] {dag.py:4180} INFO - Setting next_dagrun for weather_ingestion to 2026-08-07 15:00:00+00:00, run_after=2026-08-07 16:00:00+00:00
[2026-08-07T15:19:10.189+0000] {processor.py:208} INFO - Processing /opt/airflow/dags/weather_dag.py took 0.252 seconds
[2026-08-07T15:19:40.336+0000] {processor.py:186} INFO - Started process (PID=13538) to work on /opt/airflow/dags/weather_dag.py
[2026-08-07T15:19:40.338+0000] {processor.py:914} INFO - Processing file /opt/airflow/dags/weather_dag.py for tasks to queue
[2026-08-07T15:19:40.339+0000] {logging_mixin.py:190} INFO - [2026-08-07T15:19:40.339+0000] {dagbag.py:588} INFO - Filling up the DagBag from /opt/airflow/dags/weather_dag.py
[2026-08-07T15:19:40.548+0000] {processor.py:925} INFO - DAG(s) 'weather_ingestion' retrieved from /opt/airflow/dags/weather_dag.py
[2026-08-07T15:19:40.560+0000] {logging_mixin.py:190} INFO - [2026-08-07T15:19:40.559+0000] {dag.py:3239} INFO - Sync 1 DAGs
[2026-08-07T15:19:40.569+0000] {logging_mixin.py:190} INFO - [2026-08-07T15:19:40.568+0000] {dag.py:4180} INFO - Setting next_dagrun for weather_ingestion to 2026-08-07 15:00:00+00:00, run_after=2026-08-07 16:00:00+00:00
[2026-08-07T15:19:40.575+0000] {processor.py:208} INFO - Processing /opt/airflow/dags/weather_dag.py took 0.244 seconds
[2026-08-07T15:20:10.970+0000] {processor.py:186} INFO - Started process (PID=13545) to work on /opt/airflow/dags/weather_dag.py
[2026-08-07T15:20:10.972+0000] {processor.py:914} INFO - Processing file /opt/airflow/dags/weather_dag.py for tasks to queue
[2026-08-07T15:20:10.975+0000] {logging_mixin.py:190} INFO - [2026-08-07T15:20:10.975+0000] {dagbag.py:588} INFO - Filling up the DagBag from /opt/airflow/dags/weather_dag.py
[2026-08-07T15:20:11.196+0000] {processor.py:925} INFO - DAG(s) 'weather_ingestion' retrieved from /opt/airflow/dags/weather_dag.py
[2026-08-07T15:20:11.207+0000] {logging_mixin.py:190} INFO - [2026-08-07T15:20:11.207+0000] {dag.py:3239} INFO - Sync 1 DAGs
[2026-08-07T15:20:11.217+0000] {logging_mixin.py:190} INFO - [2026-08-07T15:20:11.217+0000] {dag.py:4180} INFO - Setting next_dagrun for weather_ingestion to 2026-08-07 15:00:00+00:00, run_after=2026-08-07 16:00:00+00:00
[2026-08-07T15:20:11.223+0000] {processor.py:208} INFO - Processing /opt/airflow/dags/weather_dag.py took 0.260 seconds
[2026-08-07T15:20:41.382+0000] {processor.py:186} INFO - Started process (PID=13552) to work on /opt/airflow/dags/weather_dag.py
[2026-08-07T15:20:41.385+0000] {processor.py:914} INFO - Processing file /opt/airflow/dags/weather_dag.py for tasks to queue
[2026-08-07T15:20:41.389+0000] {logging_mixin.py:190} INFO - [2026-08-07T15:20:41.388+0000] {dagbag.py:588} INFO - Filling up the DagBag from /opt/airflow/dags/weather_dag.py
[2026-08-07T15:20:41.639+0000] {processor.py:925} INFO - DAG(s) 'weather_ingestion' retrieved from /opt/airflow/dags/weather_dag.py
[2026-08-07T15:20:41.652+0000] {logging_mixin.py:190} INFO - [2026-08-07T15:20:41.652+0000] {dag.py:3239} INFO - Sync 1 DAGs
[2026-08-07T15:20:41.662+0000] {logging_mixin.py:190} INFO - [2026-08-07T15:20:41.662+0000] {dag.py:4180} INFO - Setting next_dagrun for weather_ingestion to 2026-08-07 15:00:00+00:00, run_after=2026-08-07 16:00:00+00:00
[2026-08-07T15:20:41.669+0000] {processor.py:208} INFO - Processing /opt/airflow/dags/weather_dag.py took 0.296 seconds
[2026-08-07T15:21:11.898+0000] {processor.py:186} INFO - Started process (PID=13559) to work on /opt/airflow/dags/weather_dag.py
[2026-08-07T15:21:11.900+0000] {processor.py:914} INFO - Processing file /opt/airflow/dags/weather_dag.py for tasks to queue
[2026-08-07T15:21:11.902+0000] {logging_mixin.py:190} INFO - [2026-08-07T15:21:11.902+0000] {dagbag.py:588} INFO - Filling up the DagBag from /opt/airflow/dags/weather_dag.py
[2026-08-07T15:21:12.154+0000] {processor.py:925} INFO - DAG(s) 'weather_ingestion' retrieved from /opt/airflow/dags/weather_dag.py
[2026-08-07T15:21:12.168+0000] {logging_mixin.py:190} INFO - [2026-08-07T15:21:12.167+0000] {dag.py:3239} INFO - Sync 1 DAGs
[2026-08-07T15:21:12.178+0000] {logging_mixin.py:190} INFO - [2026-08-07T15:21:12.178+0000] {dag.py:4180} INFO - Setting next_dagrun for weather_ingestion to 2026-08-07 15:00:00+00:00, run_after=2026-08-07 16:00:00+00:00
[2026-08-07T15:21:12.185+0000] {processor.py:208} INFO - Processing /opt/airflow/dags/weather_dag.py took 0.294 seconds
[2026-08-07T15:21:42.347+0000] {processor.py:186} INFO - Started process (PID=13566) to work on /opt/airflow/dags/weather_dag.py
[2026-08-07T15:21:42.349+0000] {processor.py:914} INFO - Processing file /opt/airflow/dags/weather_dag.py for tasks to queue
[2026-08-07T15:21:42.351+0000] {logging_mixin.py:190} INFO - [2026-08-07T15:21:42.351+0000] {dagbag.py:588} INFO - Filling up the DagBag from /opt/airflow/dags/weather_dag.py
[2026-08-07T15:21:42.558+0000] {processor.py:925} INFO - DAG(s) 'weather_ingestion' retrieved from /opt/airflow/dags/weather_dag.py
[2026-08-07T15:21:42.569+0000] {logging_mixin.py:190} INFO - [2026-08-07T15:21:42.569+0000] {dag.py:3239} INFO - Sync 1 DAGs
[2026-08-07T15:21:42.578+0000] {logging_mixin.py:190} INFO - [2026-08-07T15:21:42.578+0000] {dag.py:4180} INFO - Setting next_dagrun for weather_ingestion to 2026-08-07 15:00:00+00:00, run_after=2026-08-07 16:00:00+00:00
[2026-08-07T15:21:42.584+0000] {processor.py:208} INFO - Processing /opt/airflow/dags/weather_dag.py took 0.246 seconds
[2026-08-07T15:22:12.944+0000] {processor.py:186} INFO - Started process (PID=13573) to work on /opt/airflow/dags/weather_dag.py
[2026-08-07T15:22:12.946+0000] {processor.py:914} INFO - Processing file /opt/airflow/dags/weather_dag.py for tasks to queue
[2026-08-07T15:22:12.948+0000] {logging_mixin.py:190} INFO - [2026-08-07T15:22:12.948+0000] {dagbag.py:588} INFO - Filling up the DagBag from /opt/airflow/dags/weather_dag.py
[2026-08-07T15:22:13.158+0000] {processor.py:925} INFO - DAG(s) 'weather_ingestion' retrieved from /opt/airflow/dags/weather_dag.py
[2026-08-07T15:22:13.168+0000] {logging_mixin.py:190} INFO - [2026-08-07T15:22:13.168+0000] {dag.py:3239} INFO - Sync 1 DAGs
[2026-08-07T15:22:13.177+0000] {logging_mixin.py:190} INFO - [2026-08-07T15:22:13.177+0000] {dag.py:4180} INFO - Setting next_dagrun for weather_ingestion to 2026-08-07 15:00:00+00:00, run_after=2026-08-07 16:00:00+00:00
[2026-08-07T15:22:13.183+0000] {processor.py:208} INFO - Processing /opt/airflow/dags/weather_dag.py took 0.246 seconds
[2026-08-07T15:22:43.271+0000] {processor.py:186} INFO - Started process (PID=13580) to work on /opt/airflow/dags/weather_dag.py
[2026-08-07T15:22:43.273+0000] {processor.py:914} INFO - Processing file /opt/airflow/dags/weather_dag.py for tasks to queue
[2026-08-07T15:22:43.274+0000] {logging_mixin.py:190} INFO - [2026-08-07T15:22:43.274+0000] {dagbag.py:588} INFO - Filling up the DagBag from /opt/airflow/dags/weather_dag.py
[2026-08-07T15:22:43.489+0000] {processor.py:925} INFO - DAG(s) 'weather_ingestion' retrieved from /opt/airflow/dags/weather_dag.py
[2026-08-07T15:22:43.502+0000] {logging_mixin.py:190} INFO - [2026-08-07T15:22:43.501+0000] {dag.py:3239} INFO - Sync 1 DAGs
[2026-08-07T15:22:43.512+0000] {logging_mixin.py:190} INFO - [2026-08-07T15:22:43.512+0000] {dag.py:4180} INFO - Setting next_dagrun for weather_ingestion to 2026-08-07 15:00:00+00:00, run_after=2026-08-07 16:00:00+00:00
[2026-08-07T15:22:43.519+0000] {processor.py:208} INFO - Processing /opt/airflow/dags/weather_dag.py took 0.254 seconds
[2026-08-07T15:23:13.672+0000] {processor.py:186} INFO - Started process (PID=13587) to work on /opt/airflow/dags/weather_dag.py
[2026-08-07T15:23:13.675+0000] {processor.py:914} INFO - Processing file /opt/airflow/dags/weather_dag.py for tasks to queue
[2026-08-07T15:23:13.692+0000] {logging_mixin.py:190} INFO - [2026-08-07T15:23:13.691+0000] {dagbag.py:588} INFO - Filling up the DagBag from /opt/airflow/dags/weather_dag.py
[2026-08-07T15:23:14.030+0000] {processor.py:925} INFO - DAG(s) 'weather_ingestion' retrieved from /opt/airflow/dags/weather_dag.py
[2026-08-07T15:23:14.066+0000] {logging_mixin.py:190} INFO - [2026-08-07T15:23:14.066+0000] {dag.py:3239} INFO - Sync 1 DAGs
[2026-08-07T15:23:14.088+0000] {logging_mixin.py:190} INFO - [2026-08-07T15:23:14.087+0000] {dag.py:4180} INFO - Setting next_dagrun for weather_ingestion to 2026-08-07 15:00:00+00:00, run_after=2026-08-07 16:00:00+00:00
[2026-08-07T15:23:14.096+0000] {processor.py:208} INFO - Processing /opt/airflow/dags/weather_dag.py took 0.445 seconds
[2026-08-07T15:23:44.245+0000] {processor.py:186} INFO - Started process (PID=13594) to work on /opt/airflow/dags/weather_dag.py
[2026-08-07T15:23:44.246+0000] {processor.py:914} INFO - Processing file /opt/airflow/dags/weather_dag.py for tasks to queue
[2026-08-07T15:23:44.248+0000] {logging_mixin.py:190} INFO - [2026-08-07T15:23:44.247+0000] {dagbag.py:588} INFO - Filling up the DagBag from /opt/airflow/dags/weather_dag.py
[2026-08-07T15:23:44.454+0000] {processor.py:925} INFO - DAG(s) 'weather_ingestion' retrieved from /opt/airflow/dags/weather_dag.py
[2026-08-07T15:23:44.465+0000] {logging_mixin.py:190} INFO - [2026-08-07T15:23:44.465+0000] {dag.py:3239} INFO - Sync 1 DAGs
[2026-08-07T15:23:44.475+0000] {logging_mixin.py:190} INFO - [2026-08-07T15:23:44.475+0000] {dag.py:4180} INFO - Setting next_dagrun for weather_ingestion to 2026-08-07 15:00:00+00:00, run_after=2026-08-07 16:00:00+00:00
[2026-08-07T15:23:44.481+0000] {processor.py:208} INFO - Processing /opt/airflow/dags/weather_dag.py took 0.244 seconds
[2026-08-07T15:24:14.703+0000] {processor.py:186} INFO - Started process (PID=13601) to work on /opt/airflow/dags/weather_dag.py
[2026-08-07T15:24:14.704+0000] {processor.py:914} INFO - Processing file /opt/airflow/dags/weather_dag.py for tasks to queue
[2026-08-07T15:24:14.706+0000] {logging_mixin.py:190} INFO - [2026-08-07T15:24:14.706+0000] {dagbag.py:588} INFO - Filling up the DagBag from /opt/airflow/dags/weather_dag.py
[2026-08-07T15:24:14.926+0000] {processor.py:925} INFO - DAG(s) 'weather_ingestion' retrieved from /opt/airflow/dags/weather_dag.py
[2026-08-07T15:24:14.937+0000] {logging_mixin.py:190} INFO - [2026-08-07T15:24:14.937+0000] {dag.py:3239} INFO - Sync 1 DAGs
[2026-08-07T15:24:14.947+0000] {logging_mixin.py:190} INFO - [2026-08-07T15:24:14.946+0000] {dag.py:4180} INFO - Setting next_dagrun for weather_ingestion to 2026-08-07 15:00:00+00:00, run_after=2026-08-07 16:00:00+00:00
[2026-08-07T15:24:14.953+0000] {processor.py:208} INFO - Processing /opt/airflow/dags/weather_dag.py took 0.255 seconds
[2026-08-07T15:24:45.231+0000] {processor.py:186} INFO - Started process (PID=13608) to work on /opt/airflow/dags/weather_dag.py
[2026-08-07T15:24:45.232+0000] {processor.py:914} INFO - Processing file /opt/airflow/dags/weather_dag.py for tasks to queue
[2026-08-07T15:24:45.235+0000] {logging_mixin.py:190} INFO - [2026-08-07T15:24:45.235+0000] {dagbag.py:588} INFO - Filling up the DagBag from /opt/airflow/dags/weather_dag.py
[2026-08-07T15:24:45.451+0000] {processor.py:925} INFO - DAG(s) 'weather_ingestion' retrieved from /opt/airflow/dags/weather_dag.py
[2026-08-07T15:24:45.462+0000] {logging_mixin.py:190} INFO - [2026-08-07T15:24:45.462+0000] {dag.py:3239} INFO - Sync 1 DAGs
[2026-08-07T15:24:45.471+0000] {logging_mixin.py:190} INFO - [2026-08-07T15:24:45.471+0000] {dag.py:4180} INFO - Setting next_dagrun for weather_ingestion to 2026-08-07 15:00:00+00:00, run_after=2026-08-07 16:00:00+00:00
[2026-08-07T15:24:45.477+0000] {processor.py:208} INFO - Processing /opt/airflow/dags/weather_dag.py took 0.253 seconds
[2026-08-07T15:25:15.626+0000] {processor.py:186} INFO - Started process (PID=13615) to work on /opt/airflow/dags/weather_dag.py
[2026-08-07T15:25:15.627+0000] {processor.py:914} INFO - Processing file /opt/airflow/dags/weather_dag.py for tasks to queue
[2026-08-07T15:25:15.629+0000] {logging_mixin.py:190} INFO - [2026-08-07T15:25:15.629+0000] {dagbag.py:588} INFO - Filling up the DagBag from /opt/airflow/dags/weather_dag.py
[2026-08-07T15:25:15.840+0000] {processor.py:925} INFO - DAG(s) 'weather_ingestion' retrieved from /opt/airflow/dags/weather_dag.py
[2026-08-07T15:25:15.852+0000] {logging_mixin.py:190} INFO - [2026-08-07T15:25:15.852+0000] {dag.py:3239} INFO - Sync 1 DAGs
[2026-08-07T15:25:15.861+0000] {logging_mixin.py:190} INFO - [2026-08-07T15:25:15.861+0000] {dag.py:4180} INFO - Setting next_dagrun for weather_ingestion to 2026-08-07 15:00:00+00:00, run_after=2026-08-07 16:00:00+00:00
[2026-08-07T15:25:15.868+0000] {processor.py:208} INFO - Processing /opt/airflow/dags/weather_dag.py took 0.248 seconds
[2026-08-07T15:25:46.268+0000] {processor.py:186} INFO - Started process (PID=13622) to work on /opt/airflow/dags/weather_dag.py
[2026-08-07T15:25:46.269+0000] {processor.py:914} INFO - Processing file /opt/airflow/dags/weather_dag.py for tasks to queue
[2026-08-07T15:25:46.273+0000] {logging_mixin.py:190} INFO - [2026-08-07T15:25:46.272+0000] {dagbag.py:588} INFO - Filling up the DagBag from /opt/airflow/dags/weather_dag.py
[2026-08-07T15:25:46.493+0000] {processor.py:925} INFO - DAG(s) 'weather_ingestion' retrieved from /opt/airflow/dags/weather_dag.py
[2026-08-07T15:25:46.504+0000] {logging_mixin.py:190} INFO - [2026-08-07T15:25:46.504+0000] {dag.py:3239} INFO - Sync 1 DAGs
[2026-08-07T15:25:46.514+0000] {logging_mixin.py:190} INFO - [2026-08-07T15:25:46.514+0000] {dag.py:4180} INFO - Setting next_dagrun for weather_ingestion to 2026-08-07 15:00:00+00:00, run_after=2026-08-07 16:00:00+00:00
[2026-08-07T15:25:46.520+0000] {processor.py:208} INFO - Processing /opt/airflow/dags/weather_dag.py took 0.258 seconds
[2026-08-07T15:26:16.708+0000] {processor.py:186} INFO - Started process (PID=13629) to work on /opt/airflow/dags/weather_dag.py
[2026-08-07T15:26:16.710+0000] {processor.py:914} INFO - Processing file /opt/airflow/dags/weather_dag.py for tasks to queue
[2026-08-07T15:26:16.714+0000] {logging_mixin.py:190} INFO - [2026-08-07T15:26:16.714+0000] {dagbag.py:588} INFO - Filling up the DagBag from /opt/airflow/dags/weather_dag.py
[2026-08-07T15:26:17.021+0000] {processor.py:925} INFO - DAG(s) 'weather_ingestion' retrieved from /opt/airflow/dags/weather_dag.py
[2026-08-07T15:26:17.041+0000] {logging_mixin.py:190} INFO - [2026-08-07T15:26:17.040+0000] {dag.py:3239} INFO - Sync 1 DAGs
[2026-08-07T15:26:17.054+0000] {logging_mixin.py:190} INFO - [2026-08-07T15:26:17.054+0000] {dag.py:4180} INFO - Setting next_dagrun for weather_ingestion to 2026-08-07 15:00:00+00:00, run_after=2026-08-07 16:00:00+00:00
[2026-08-07T15:26:17.061+0000] {processor.py:208} INFO - Processing /opt/airflow/dags/weather_dag.py took 0.367 seconds
[2026-08-07T15:26:47.240+0000] {processor.py:186} INFO - Started process (PID=13636) to work on /opt/airflow/dags/weather_dag.py
[2026-08-07T15:26:47.242+0000] {processor.py:914} INFO - Processing file /opt/airflow/dags/weather_dag.py for tasks to queue
[2026-08-07T15:26:47.244+0000] {logging_mixin.py:190} INFO - [2026-08-07T15:26:47.244+0000] {dagbag.py:588} INFO - Filling up the DagBag from /opt/airflow/dags/weather_dag.py
[2026-08-07T15:26:47.457+0000] {processor.py:925} INFO - DAG(s) 'weather_ingestion' retrieved from /opt/airflow/dags/weather_dag.py
[2026-08-07T15:26:47.469+0000] {logging_mixin.py:190} INFO - [2026-08-07T15:26:47.469+0000] {dag.py:3239} INFO - Sync 1 DAGs
[2026-08-07T15:26:47.478+0000] {logging_mixin.py:190} INFO - [2026-08-07T15:26:47.478+0000] {dag.py:4180} INFO - Setting next_dagrun for weather_ingestion to 2026-08-07 15:00:00+00:00, run_after=2026-08-07 16:00:00+00:00
[2026-08-07T15:26:47.485+0000] {processor.py:208} INFO - Processing /opt/airflow/dags/weather_dag.py took 0.255 seconds
[2026-08-07T15:27:17.958+0000] {processor.py:186} INFO - Started process (PID=13643) to work on /opt/airflow/dags/weather_dag.py
[2026-08-07T15:27:17.960+0000] {processor.py:914} INFO - Processing file /opt/airflow/dags/weather_dag.py for tasks to queue
[2026-08-07T15:27:17.963+0000] {logging_mixin.py:190} INFO - [2026-08-07T15:27:17.963+0000] {dagbag.py:588} INFO - Filling up the DagBag from /opt/airflow/dags/weather_dag.py
[2026-08-07T15:27:18.253+0000] {processor.py:925} INFO - DAG(s) 'weather_ingestion' retrieved from /opt/airflow/dags/weather_dag.py
[2026-08-07T15:27:18.264+0000] {logging_mixin.py:190} INFO - [2026-08-07T15:27:18.264+0000] {dag.py:3239} INFO - Sync 1 DAGs
[2026-08-07T15:27:18.274+0000] {logging_mixin.py:190} INFO - [2026-08-07T15:27:18.274+0000] {dag.py:4180} INFO - Setting next_dagrun for weather_ingestion to 2026-08-07 15:00:00+00:00, run_after=2026-08-07 16:00:00+00:00
[2026-08-07T15:27:18.281+0000] {processor.py:208} INFO - Processing /opt/airflow/dags/weather_dag.py took 0.330 seconds
[2026-08-07T15:27:48.330+0000] {processor.py:186} INFO - Started process (PID=13650) to work on /opt/airflow/dags/weather_dag.py
[2026-08-07T15:27:48.332+0000] {processor.py:914} INFO - Processing file /opt/airflow/dags/weather_dag.py for tasks to queue
[2026-08-07T15:27:48.335+0000] {logging_mixin.py:190} INFO - [2026-08-07T15:27:48.335+0000] {dagbag.py:588} INFO - Filling up the DagBag from /opt/airflow/dags/weather_dag.py
[2026-08-07T15:27:48.562+0000] {processor.py:925} INFO - DAG(s) 'weather_ingestion' retrieved from /opt/airflow/dags/weather_dag.py
[2026-08-07T15:27:48.574+0000] {logging_mixin.py:190} INFO - [2026-08-07T15:27:48.574+0000] {dag.py:3239} INFO - Sync 1 DAGs
[2026-08-07T15:27:48.583+0000] {logging_mixin.py:190} INFO - [2026-08-07T15:27:48.583+0000] {dag.py:4180} INFO - Setting next_dagrun for weather_ingestion to 2026-08-07 15:00:00+00:00, run_after=2026-08-07 16:00:00+00:00
[2026-08-07T15:27:48.590+0000] {processor.py:208} INFO - Processing /opt/airflow/dags/weather_dag.py took 0.269 seconds
[2026-08-07T15:28:18.748+0000] {processor.py:186} INFO - Started process (PID=13657) to work on /opt/airflow/dags/weather_dag.py
[2026-08-07T15:28:18.750+0000] {processor.py:914} INFO - Processing file /opt/airflow/dags/weather_dag.py for tasks to queue
[2026-08-07T15:28:18.754+0000] {logging_mixin.py:190} INFO - [2026-08-07T15:28:18.753+0000] {dagbag.py:588} INFO - Filling up the DagBag from /opt/airflow/dags/weather_dag.py
[2026-08-07T15:28:18.996+0000] {processor.py:925} INFO - DAG(s) 'weather_ingestion' retrieved from /opt/airflow/dags/weather_dag.py
[2026-08-07T15:28:19.010+0000] {logging_mixin.py:190} INFO - [2026-08-07T15:28:19.010+0000] {dag.py:3239} INFO - Sync 1 DAGs
[2026-08-07T15:28:19.021+0000] {logging_mixin.py:190} INFO - [2026-08-07T15:28:19.020+0000] {dag.py:4180} INFO - Setting next_dagrun for weather_ingestion to 2026-08-07 15:00:00+00:00, run_after=2026-08-07 16:00:00+00:00
[2026-08-07T15:28:19.028+0000] {processor.py:208} INFO - Processing /opt/airflow/dags/weather_dag.py took 0.289 seconds
[2026-08-07T15:28:49.262+0000] {processor.py:186} INFO - Started process (PID=13664) to work on /opt/airflow/dags/weather_dag.py
[2026-08-07T15:28:49.264+0000] {processor.py:914} INFO - Processing file /opt/airflow/dags/weather_dag.py for tasks to queue
[2026-08-07T15:28:49.268+0000] {logging_mixin.py:190} INFO - [2026-08-07T15:28:49.267+0000] {dagbag.py:588} INFO - Filling up the DagBag from /opt/airflow/dags/weather_dag.py
[2026-08-07T15:28:49.483+0000] {processor.py:925} INFO - DAG(s) 'weather_ingestion' retrieved from /opt/airflow/dags/weather_dag.py
[2026-08-07T15:28:49.494+0000] {logging_mixin.py:190} INFO - [2026-08-07T15:28:49.494+0000] {dag.py:3239} INFO - Sync 1 DAGs
[2026-08-07T15:28:49.504+0000] {logging_mixin.py:190} INFO - [2026-08-07T15:28:49.504+0000] {dag.py:4180} INFO - Setting next_dagrun for weather_ingestion to 2026-08-07 15:00:00+00:00, run_after=2026-08-07 16:00:00+00:00
[2026-08-07T15:28:49.510+0000] {processor.py:208} INFO - Processing /opt/airflow/dags/weather_dag.py took 0.255 seconds
[2026-08-07T15:45:27.467+0000] {processor.py:186} INFO - Started process (PID=13671) to work on /opt/airflow/dags/weather_dag.py
[2026-08-07T15:45:27.469+0000] {processor.py:914} INFO - Processing file /opt/airflow/dags/weather_dag.py for tasks to queue
[2026-08-07T15:45:27.472+0000] {logging_mixin.py:190} INFO - [2026-08-07T15:45:27.472+0000] {dagbag.py:588} INFO - Filling up the DagBag from /opt/airflow/dags/weather_dag.py
[2026-08-07T15:45:28.147+0000] {processor.py:925} INFO - DAG(s) 'weather_ingestion' retrieved from /opt/airflow/dags/weather_dag.py
[2026-08-07T15:45:28.214+0000] {logging_mixin.py:190} INFO - [2026-08-07T15:45:28.213+0000] {dag.py:3239} INFO - Sync 1 DAGs
[2026-08-07T15:45:28.247+0000] {logging_mixin.py:190} INFO - [2026-08-07T15:45:28.247+0000] {dag.py:4180} INFO - Setting next_dagrun for weather_ingestion to 2026-08-07 15:00:00+00:00, run_after=2026-08-07 16:00:00+00:00
[2026-08-07T15:45:28.272+0000] {processor.py:208} INFO - Processing /opt/airflow/dags/weather_dag.py took 0.817 seconds
[2026-08-07T15:45:58.768+0000] {processor.py:186} INFO - Started process (PID=13678) to work on /opt/airflow/dags/weather_dag.py
[2026-08-07T15:45:58.770+0000] {processor.py:914} INFO - Processing file /opt/airflow/dags/weather_dag.py for tasks to queue
[2026-08-07T15:45:58.774+0000] {logging_mixin.py:190} INFO - [2026-08-07T15:45:58.773+0000] {dagbag.py:588} INFO - Filling up the DagBag from /opt/airflow/dags/weather_dag.py
[2026-08-07T15:45:59.091+0000] {processor.py:925} INFO - DAG(s) 'weather_ingestion' retrieved from /opt/airflow/dags/weather_dag.py
[2026-08-07T15:45:59.111+0000] {logging_mixin.py:190} INFO - [2026-08-07T15:45:59.111+0000] {dag.py:3239} INFO - Sync 1 DAGs
[2026-08-07T15:45:59.124+0000] {logging_mixin.py:190} INFO - [2026-08-07T15:45:59.123+0000] {dag.py:4180} INFO - Setting next_dagrun for weather_ingestion to 2026-08-07 15:00:00+00:00, run_after=2026-08-07 16:00:00+00:00
[2026-08-07T15:45:59.131+0000] {processor.py:208} INFO - Processing /opt/airflow/dags/weather_dag.py took 0.407 seconds
[2026-08-07T15:46:29.219+0000] {processor.py:186} INFO - Started process (PID=13685) to work on /opt/airflow/dags/weather_dag.py
[2026-08-07T15:46:29.222+0000] {processor.py:914} INFO - Processing file /opt/airflow/dags/weather_dag.py for tasks to queue
[2026-08-07T15:46:29.226+0000] {logging_mixin.py:190} INFO - [2026-08-07T15:46:29.226+0000] {dagbag.py:588} INFO - Filling up the DagBag from /opt/airflow/dags/weather_dag.py
[2026-08-07T15:46:29.557+0000] {processor.py:925} INFO - DAG(s) 'weather_ingestion' retrieved from /opt/airflow/dags/weather_dag.py
[2026-08-07T15:46:29.578+0000] {logging_mixin.py:190} INFO - [2026-08-07T15:46:29.577+0000] {dag.py:3239} INFO - Sync 1 DAGs
[2026-08-07T15:46:29.591+0000] {logging_mixin.py:190} INFO - [2026-08-07T15:46:29.591+0000] {dag.py:4180} INFO - Setting next_dagrun for weather_ingestion to 2026-08-07 15:00:00+00:00, run_after=2026-08-07 16:00:00+00:00
[2026-08-07T15:46:29.598+0000] {processor.py:208} INFO - Processing /opt/airflow/dags/weather_dag.py took 0.392 seconds
[2026-08-07T15:46:59.815+0000] {processor.py:186} INFO - Started process (PID=13692) to work on /opt/airflow/dags/weather_dag.py
[2026-08-07T15:46:59.816+0000] {processor.py:914} INFO - Processing file /opt/airflow/dags/weather_dag.py for tasks to queue
[2026-08-07T15:46:59.818+0000] {logging_mixin.py:190} INFO - [2026-08-07T15:46:59.818+0000] {dagbag.py:588} INFO - Filling up the DagBag from /opt/airflow/dags/weather_dag.py
[2026-08-07T15:47:00.028+0000] {processor.py:925} INFO - DAG(s) 'weather_ingestion' retrieved from /opt/airflow/dags/weather_dag.py
[2026-08-07T15:47:00.042+0000] {logging_mixin.py:190} INFO - [2026-08-07T15:47:00.042+0000] {dag.py:3239} INFO - Sync 1 DAGs
[2026-08-07T15:47:00.055+0000] {logging_mixin.py:190} INFO - [2026-08-07T15:47:00.055+0000] {dag.py:4180} INFO - Setting next_dagrun for weather_ingestion to 2026-08-07 15:00:00+00:00, run_after=2026-08-07 16:00:00+00:00
[2026-08-07T15:47:00.062+0000] {processor.py:208} INFO - Processing /opt/airflow/dags/weather_dag.py took 0.255 seconds
[2026-08-07T15:47:30.119+0000] {processor.py:186} INFO - Started process (PID=13699) to work on /opt/airflow/dags/weather_dag.py
[2026-08-07T15:47:30.121+0000] {processor.py:914} INFO - Processing file /opt/airflow/dags/weather_dag.py for tasks to queue
[2026-08-07T15:47:30.124+0000] {logging_mixin.py:190} INFO - [2026-08-07T15:47:30.123+0000] {dagbag.py:588} INFO - Filling up the DagBag from /opt/airflow/dags/weather_dag.py
[2026-08-07T15:47:30.332+0000] {processor.py:925} INFO - DAG(s) 'weather_ingestion' retrieved from /opt/airflow/dags/weather_dag.py
[2026-08-07T15:47:30.344+0000] {logging_mixin.py:190} INFO - [2026-08-07T15:47:30.344+0000] {dag.py:3239} INFO - Sync 1 DAGs
[2026-08-07T15:47:30.353+0000] {logging_mixin.py:190} INFO - [2026-08-07T15:47:30.353+0000] {dag.py:4180} INFO - Setting next_dagrun for weather_ingestion to 2026-08-07 15:00:00+00:00, run_after=2026-08-07 16:00:00+00:00
[2026-08-07T15:47:30.361+0000] {processor.py:208} INFO - Processing /opt/airflow/dags/weather_dag.py took 0.248 seconds
[2026-08-07T15:48:00.734+0000] {processor.py:186} INFO - Started process (PID=13706) to work on /opt/airflow/dags/weather_dag.py
[2026-08-07T15:48:00.736+0000] {processor.py:914} INFO - Processing file /opt/airflow/dags/weather_dag.py for tasks to queue
[2026-08-07T15:48:00.739+0000] {logging_mixin.py:190} INFO - [2026-08-07T15:48:00.739+0000] {dagbag.py:588} INFO - Filling up the DagBag from /opt/airflow/dags/weather_dag.py
[2026-08-07T15:48:00.950+0000] {processor.py:925} INFO - DAG(s) 'weather_ingestion' retrieved from /opt/airflow/dags/weather_dag.py
[2026-08-07T15:48:00.960+0000] {logging_mixin.py:190} INFO - [2026-08-07T15:48:00.960+0000] {dag.py:3239} INFO - Sync 1 DAGs
[2026-08-07T15:48:00.970+0000] {logging_mixin.py:190} INFO - [2026-08-07T15:48:00.970+0000] {dag.py:4180} INFO - Setting next_dagrun for weather_ingestion to 2026-08-07 15:00:00+00:00, run_after=2026-08-07 16:00:00+00:00
[2026-08-07T15:48:00.976+0000] {processor.py:208} INFO - Processing /opt/airflow/dags/weather_dag.py took 0.248 seconds
[2026-08-07T15:48:31.186+0000] {processor.py:186} INFO - Started process (PID=13713) to work on /opt/airflow/dags/weather_dag.py
[2026-08-07T15:48:31.188+0000] {processor.py:914} INFO - Processing file /opt/airflow/dags/weather_dag.py for tasks to queue
[2026-08-07T15:48:31.192+0000] {logging_mixin.py:190} INFO - [2026-08-07T15:48:31.192+0000] {dagbag.py:588} INFO - Filling up the DagBag from /opt/airflow/dags/weather_dag.py
[2026-08-07T15:48:31.479+0000] {processor.py:925} INFO - DAG(s) 'weather_ingestion' retrieved from /opt/airflow/dags/weather_dag.py
[2026-08-07T15:48:31.494+0000] {logging_mixin.py:190} INFO - [2026-08-07T15:48:31.494+0000] {dag.py:3239} INFO - Sync 1 DAGs
[2026-08-07T15:48:31.506+0000] {logging_mixin.py:190} INFO - [2026-08-07T15:48:31.506+0000] {dag.py:4180} INFO - Setting next_dagrun for weather_ingestion to 2026-08-07 15:00:00+00:00, run_after=2026-08-07 16:00:00+00:00
[2026-08-07T15:48:31.513+0000] {processor.py:208} INFO - Processing /opt/airflow/dags/weather_dag.py took 0.335 seconds
[2026-08-07T15:49:02.243+0000] {processor.py:186} INFO - Started process (PID=13720) to work on /opt/airflow/dags/weather_dag.py
[2026-08-07T15:49:02.246+0000] {processor.py:914} INFO - Processing file /opt/airflow/dags/weather_dag.py for tasks to queue
[2026-08-07T15:49:02.251+0000] {logging_mixin.py:190} INFO - [2026-08-07T15:49:02.250+0000] {dagbag.py:588} INFO - Filling up the DagBag from /opt/airflow/dags/weather_dag.py
[2026-08-07T15:49:03.231+0000] {processor.py:925} INFO - DAG(s) 'weather_ingestion' retrieved from /opt/airflow/dags/weather_dag.py
[2026-08-07T15:49:03.265+0000] {logging_mixin.py:190} INFO - [2026-08-07T15:49:03.264+0000] {dag.py:3239} INFO - Sync 1 DAGs
[2026-08-07T15:49:03.293+0000] {logging_mixin.py:190} INFO - [2026-08-07T15:49:03.293+0000] {dag.py:4180} INFO - Setting next_dagrun for weather_ingestion to 2026-08-07 15:00:00+00:00, run_after=2026-08-07 16:00:00+00:00
[2026-08-07T15:49:03.314+0000] {processor.py:208} INFO - Processing /opt/airflow/dags/weather_dag.py took 1.082 seconds
[2026-08-07T16:04:55.877+0000] {processor.py:186} INFO - Started process (PID=13728) to work on /opt/airflow/dags/weather_dag.py
[2026-08-07T16:04:55.878+0000] {processor.py:914} INFO - Processing file /opt/airflow/dags/weather_dag.py for tasks to queue
[2026-08-07T16:04:55.881+0000] {logging_mixin.py:190} INFO - [2026-08-07T16:04:55.881+0000] {dagbag.py:588} INFO - Filling up the DagBag from /opt/airflow/dags/weather_dag.py
[2026-08-07T16:04:56.390+0000] {processor.py:925} INFO - DAG(s) 'weather_ingestion' retrieved from /opt/airflow/dags/weather_dag.py
[2026-08-07T16:04:56.440+0000] {logging_mixin.py:190} INFO - [2026-08-07T16:04:56.440+0000] {dag.py:3239} INFO - Sync 1 DAGs
[2026-08-07T16:04:56.471+0000] {logging_mixin.py:190} INFO - [2026-08-07T16:04:56.471+0000] {dag.py:4180} INFO - Setting next_dagrun for weather_ingestion to 2026-08-07 16:00:00+00:00, run_after=2026-08-07 17:00:00+00:00
[2026-08-07T16:04:56.495+0000] {processor.py:208} INFO - Processing /opt/airflow/dags/weather_dag.py took 0.630 seconds
[2026-08-07T16:05:26.849+0000] {processor.py:186} INFO - Started process (PID=13739) to work on /opt/airflow/dags/weather_dag.py
[2026-08-07T16:05:26.850+0000] {processor.py:914} INFO - Processing file /opt/airflow/dags/weather_dag.py for tasks to queue
[2026-08-07T16:05:26.853+0000] {logging_mixin.py:190} INFO - [2026-08-07T16:05:26.853+0000] {dagbag.py:588} INFO - Filling up the DagBag from /opt/airflow/dags/weather_dag.py
[2026-08-07T16:05:27.232+0000] {processor.py:925} INFO - DAG(s) 'weather_ingestion' retrieved from /opt/airflow/dags/weather_dag.py
[2026-08-07T16:05:27.253+0000] {logging_mixin.py:190} INFO - [2026-08-07T16:05:27.252+0000] {dag.py:3239} INFO - Sync 1 DAGs
[2026-08-07T16:05:27.268+0000] {logging_mixin.py:190} INFO - [2026-08-07T16:05:27.267+0000] {dag.py:4180} INFO - Setting next_dagrun for weather_ingestion to 2026-08-07 16:00:00+00:00, run_after=2026-08-07 17:00:00+00:00
[2026-08-07T16:05:27.276+0000] {processor.py:208} INFO - Processing /opt/airflow/dags/weather_dag.py took 0.435 seconds
[2026-08-07T16:05:57.473+0000] {processor.py:186} INFO - Started process (PID=13746) to work on /opt/airflow/dags/weather_dag.py
[2026-08-07T16:05:57.475+0000] {processor.py:914} INFO - Processing file /opt/airflow/dags/weather_dag.py for tasks to queue
[2026-08-07T16:05:57.478+0000] {logging_mixin.py:190} INFO - [2026-08-07T16:05:57.477+0000] {dagbag.py:588} INFO - Filling up the DagBag from /opt/airflow/dags/weather_dag.py
[2026-08-07T16:05:57.786+0000] {processor.py:925} INFO - DAG(s) 'weather_ingestion' retrieved from /opt/airflow/dags/weather_dag.py
[2026-08-07T16:05:57.805+0000] {logging_mixin.py:190} INFO - [2026-08-07T16:05:57.805+0000] {dag.py:3239} INFO - Sync 1 DAGs
[2026-08-07T16:05:57.818+0000] {logging_mixin.py:190} INFO - [2026-08-07T16:05:57.818+0000] {dag.py:4180} INFO - Setting next_dagrun for weather_ingestion to 2026-08-07 16:00:00+00:00, run_after=2026-08-07 17:00:00+00:00
[2026-08-07T16:05:57.826+0000] {processor.py:208} INFO - Processing /opt/airflow/dags/weather_dag.py took 0.363 seconds
[2026-08-07T16:06:27.970+0000] {processor.py:186} INFO - Started process (PID=13753) to work on /opt/airflow/dags/weather_dag.py
[2026-08-07T16:06:27.971+0000] {processor.py:914} INFO - Processing file /opt/airflow/dags/weather_dag.py for tasks to queue
[2026-08-07T16:06:27.973+0000] {logging_mixin.py:190} INFO - [2026-08-07T16:06:27.973+0000] {dagbag.py:588} INFO - Filling up the DagBag from /opt/airflow/dags/weather_dag.py
[2026-08-07T16:06:28.202+0000] {processor.py:925} INFO - DAG(s) 'weather_ingestion' retrieved from /opt/airflow/dags/weather_dag.py
[2026-08-07T16:06:28.215+0000] {logging_mixin.py:190} INFO - [2026-08-07T16:06:28.215+0000] {dag.py:3239} INFO - Sync 1 DAGs
[2026-08-07T16:06:28.226+0000] {logging_mixin.py:190} INFO - [2026-08-07T16:06:28.226+0000] {dag.py:4180} INFO - Setting next_dagrun for weather_ingestion to 2026-08-07 16:00:00+00:00, run_after=2026-08-07 17:00:00+00:00
[2026-08-07T16:06:28.233+0000] {processor.py:208} INFO - Processing /opt/airflow/dags/weather_dag.py took 0.270 seconds
[2026-08-07T16:06:58.559+0000] {processor.py:186} INFO - Started process (PID=13760) to work on /opt/airflow/dags/weather_dag.py
[2026-08-07T16:06:58.560+0000] {processor.py:914} INFO - Processing file /opt/airflow/dags/weather_dag.py for tasks to queue
[2026-08-07T16:06:58.561+0000] {logging_mixin.py:190} INFO - [2026-08-07T16:06:58.561+0000] {dagbag.py:588} INFO - Filling up the DagBag from /opt/airflow/dags/weather_dag.py
[2026-08-07T16:06:58.776+0000] {processor.py:925} INFO - DAG(s) 'weather_ingestion' retrieved from /opt/airflow/dags/weather_dag.py
[2026-08-07T16:06:58.787+0000] {logging_mixin.py:190} INFO - [2026-08-07T16:06:58.787+0000] {dag.py:3239} INFO - Sync 1 DAGs
[2026-08-07T16:06:58.796+0000] {logging_mixin.py:190} INFO - [2026-08-07T16:06:58.796+0000] {dag.py:4180} INFO - Setting next_dagrun for weather_ingestion to 2026-08-07 16:00:00+00:00, run_after=2026-08-07 17:00:00+00:00
[2026-08-07T16:06:58.803+0000] {processor.py:208} INFO - Processing /opt/airflow/dags/weather_dag.py took 0.247 seconds
[2026-08-07T16:07:28.900+0000] {processor.py:186} INFO - Started process (PID=13767) to work on /opt/airflow/dags/weather_dag.py
[2026-08-07T16:07:28.902+0000] {processor.py:914} INFO - Processing file /opt/airflow/dags/weather_dag.py for tasks to queue
[2026-08-07T16:07:28.904+0000] {logging_mixin.py:190} INFO - [2026-08-07T16:07:28.904+0000] {dagbag.py:588} INFO - Filling up the DagBag from /opt/airflow/dags/weather_dag.py
[2026-08-07T16:07:29.127+0000] {processor.py:925} INFO - DAG(s) 'weather_ingestion' retrieved from /opt/airflow/dags/weather_dag.py
[2026-08-07T16:07:29.140+0000] {logging_mixin.py:190} INFO - [2026-08-07T16:07:29.139+0000] {dag.py:3239} INFO - Sync 1 DAGs
[2026-08-07T16:07:29.149+0000] {logging_mixin.py:190} INFO - [2026-08-07T16:07:29.149+0000] {dag.py:4180} INFO - Setting next_dagrun for weather_ingestion to 2026-08-07 16:00:00+00:00, run_after=2026-08-07 17:00:00+00:00
[2026-08-07T16:07:29.177+0000] {processor.py:208} INFO - Processing /opt/airflow/dags/weather_dag.py took 0.284 seconds
[2026-08-07T16:07:59.468+0000] {processor.py:186} INFO - Started process (PID=13774) to work on /opt/airflow/dags/weather_dag.py
[2026-08-07T16:07:59.468+0000] {processor.py:914} INFO - Processing file /opt/airflow/dags/weather_dag.py for tasks to queue
[2026-08-07T16:07:59.471+0000] {logging_mixin.py:190} INFO - [2026-08-07T16:07:59.471+0000] {dagbag.py:588} INFO - Filling up the DagBag from /opt/airflow/dags/weather_dag.py
[2026-08-07T16:07:59.733+0000] {processor.py:925} INFO - DAG(s) 'weather_ingestion' retrieved from /opt/airflow/dags/weather_dag.py
[2026-08-07T16:07:59.748+0000] {logging_mixin.py:190} INFO - [2026-08-07T16:07:59.748+0000] {dag.py:3239} INFO - Sync 1 DAGs
[2026-08-07T16:07:59.760+0000] {logging_mixin.py:190} INFO - [2026-08-07T16:07:59.760+0000] {dag.py:4180} INFO - Setting next_dagrun for weather_ingestion to 2026-08-07 16:00:00+00:00, run_after=2026-08-07 17:00:00+00:00
[2026-08-07T16:07:59.767+0000] {processor.py:208} INFO - Processing /opt/airflow/dags/weather_dag.py took 0.307 seconds
[2026-08-07T16:08:30.179+0000] {processor.py:186} INFO - Started process (PID=13781) to work on /opt/airflow/dags/weather_dag.py
[2026-08-07T16:08:30.182+0000] {processor.py:914} INFO - Processing file /opt/airflow/dags/weather_dag.py for tasks to queue
[2026-08-07T16:08:30.185+0000] {logging_mixin.py:190} INFO - [2026-08-07T16:08:30.185+0000] {dagbag.py:588} INFO - Filling up the DagBag from /opt/airflow/dags/weather_dag.py
[2026-08-07T16:08:30.404+0000] {processor.py:925} INFO - DAG(s) 'weather_ingestion' retrieved from /opt/airflow/dags/weather_dag.py
[2026-08-07T16:08:30.416+0000] {logging_mixin.py:190} INFO - [2026-08-07T16:08:30.416+0000] {dag.py:3239} INFO - Sync 1 DAGs
[2026-08-07T16:08:30.426+0000] {logging_mixin.py:190} INFO - [2026-08-07T16:08:30.426+0000] {dag.py:4180} INFO - Setting next_dagrun for weather_ingestion to 2026-08-07 16:00:00+00:00, run_after=2026-08-07 17:00:00+00:00
[2026-08-07T16:08:30.432+0000] {processor.py:208} INFO - Processing /opt/airflow/dags/weather_dag.py took 0.263 seconds
[2026-08-07T16:09:00.544+0000] {processor.py:186} INFO - Started process (PID=13788) to work on /opt/airflow/dags/weather_dag.py
[2026-08-07T16:09:00.545+0000] {processor.py:914} INFO - Processing file /opt/airflow/dags/weather_dag.py for tasks to queue
[2026-08-07T16:09:00.550+0000] {logging_mixin.py:190} INFO - [2026-08-07T16:09:00.549+0000] {dagbag.py:588} INFO - Filling up the DagBag from /opt/airflow/dags/weather_dag.py
[2026-08-07T16:09:00.762+0000] {processor.py:925} INFO - DAG(s) 'weather_ingestion' retrieved from /opt/airflow/dags/weather_dag.py
[2026-08-07T16:09:00.772+0000] {logging_mixin.py:190} INFO - [2026-08-07T16:09:00.772+0000] {dag.py:3239} INFO - Sync 1 DAGs
[2026-08-07T16:09:00.782+0000] {logging_mixin.py:190} INFO - [2026-08-07T16:09:00.782+0000] {dag.py:4180} INFO - Setting next_dagrun for weather_ingestion to 2026-08-07 16:00:00+00:00, run_after=2026-08-07 17:00:00+00:00
[2026-08-07T16:09:00.788+0000] {processor.py:208} INFO - Processing /opt/airflow/dags/weather_dag.py took 0.252 seconds
[2026-08-07T16:09:31.200+0000] {processor.py:186} INFO - Started process (PID=13795) to work on /opt/airflow/dags/weather_dag.py
[2026-08-07T16:09:31.201+0000] {processor.py:914} INFO - Processing file /opt/airflow/dags/weather_dag.py for tasks to queue
[2026-08-07T16:09:31.203+0000] {logging_mixin.py:190} INFO - [2026-08-07T16:09:31.203+0000] {dagbag.py:588} INFO - Filling up the DagBag from /opt/airflow/dags/weather_dag.py
[2026-08-07T16:09:31.417+0000] {processor.py:925} INFO - DAG(s) 'weather_ingestion' retrieved from /opt/airflow/dags/weather_dag.py
[2026-08-07T16:09:31.428+0000] {logging_mixin.py:190} INFO - [2026-08-07T16:09:31.427+0000] {dag.py:3239} INFO - Sync 1 DAGs
[2026-08-07T16:09:31.437+0000] {logging_mixin.py:190} INFO - [2026-08-07T16:09:31.437+0000] {dag.py:4180} INFO - Setting next_dagrun for weather_ingestion to 2026-08-07 16:00:00+00:00, run_after=2026-08-07 17:00:00+00:00
[2026-08-07T16:09:31.443+0000] {processor.py:208} INFO - Processing /opt/airflow/dags/weather_dag.py took 0.248 seconds
[2026-08-07T16:10:01.595+0000] {processor.py:186} INFO - Started process (PID=13802) to work on /opt/airflow/dags/weather_dag.py
[2026-08-07T16:10:01.596+0000] {processor.py:914} INFO - Processing file /opt/airflow/dags/weather_dag.py for tasks to queue
[2026-08-07T16:10:01.602+0000] {logging_mixin.py:190} INFO - [2026-08-07T16:10:01.601+0000] {dagbag.py:588} INFO - Filling up the DagBag from /opt/airflow/dags/weather_dag.py
[2026-08-07T16:10:01.931+0000] {processor.py:925} INFO - DAG(s) 'weather_ingestion' retrieved from /opt/airflow/dags/weather_dag.py
[2026-08-07T16:10:01.948+0000] {logging_mixin.py:190} INFO - [2026-08-07T16:10:01.948+0000] {dag.py:3239} INFO - Sync 1 DAGs
[2026-08-07T16:10:01.960+0000] {logging_mixin.py:190} INFO - [2026-08-07T16:10:01.960+0000] {dag.py:4180} INFO - Setting next_dagrun for weather_ingestion to 2026-08-07 16:00:00+00:00, run_after=2026-08-07 17:00:00+00:00
[2026-08-07T16:10:01.968+0000] {processor.py:208} INFO - Processing /opt/airflow/dags/weather_dag.py took 0.391 seconds
[2026-08-07T16:10:32.185+0000] {processor.py:186} INFO - Started process (PID=13809) to work on /opt/airflow/dags/weather_dag.py
[2026-08-07T16:10:32.186+0000] {processor.py:914} INFO - Processing file /opt/airflow/dags/weather_dag.py for tasks to queue
[2026-08-07T16:10:32.188+0000] {logging_mixin.py:190} INFO - [2026-08-07T16:10:32.188+0000] {dagbag.py:588} INFO - Filling up the DagBag from /opt/airflow/dags/weather_dag.py
[2026-08-07T16:10:32.404+0000] {processor.py:925} INFO - DAG(s) 'weather_ingestion' retrieved from /opt/airflow/dags/weather_dag.py
[2026-08-07T16:10:32.416+0000] {logging_mixin.py:190} INFO - [2026-08-07T16:10:32.416+0000] {dag.py:3239} INFO - Sync 1 DAGs
[2026-08-07T16:10:32.426+0000] {logging_mixin.py:190} INFO - [2026-08-07T16:10:32.426+0000] {dag.py:4180} INFO - Setting next_dagrun for weather_ingestion to 2026-08-07 16:00:00+00:00, run_after=2026-08-07 17:00:00+00:00
[2026-08-07T16:10:32.433+0000] {processor.py:208} INFO - Processing /opt/airflow/dags/weather_dag.py took 0.256 seconds
[2026-08-07T16:11:02.710+0000] {processor.py:186} INFO - Started process (PID=13816) to work on /opt/airflow/dags/weather_dag.py
[2026-08-07T16:11:02.711+0000] {processor.py:914} INFO - Processing file /opt/airflow/dags/weather_dag.py for tasks to queue
[2026-08-07T16:11:02.714+0000] {logging_mixin.py:190} INFO - [2026-08-07T16:11:02.713+0000] {dagbag.py:588} INFO - Filling up the DagBag from /opt/airflow/dags/weather_dag.py
[2026-08-07T16:11:02.970+0000] {processor.py:925} INFO - DAG(s) 'weather_ingestion' retrieved from /opt/airflow/dags/weather_dag.py
[2026-08-07T16:11:02.982+0000] {logging_mixin.py:190} INFO - [2026-08-07T16:11:02.981+0000] {dag.py:3239} INFO - Sync 1 DAGs
[2026-08-07T16:11:02.990+0000] {logging_mixin.py:190} INFO - [2026-08-07T16:11:02.990+0000] {dag.py:4180} INFO - Setting next_dagrun for weather_ingestion to 2026-08-07 16:00:00+00:00, run_after=2026-08-07 17:00:00+00:00
[2026-08-07T16:11:02.997+0000] {processor.py:208} INFO - Processing /opt/airflow/dags/weather_dag.py took 0.294 seconds
[2026-08-07T16:11:33.164+0000] {processor.py:186} INFO - Started process (PID=13823) to work on /opt/airflow/dags/weather_dag.py
[2026-08-07T16:11:33.165+0000] {processor.py:914} INFO - Processing file /opt/airflow/dags/weather_dag.py for tasks to queue
[2026-08-07T16:11:33.167+0000] {logging_mixin.py:190} INFO - [2026-08-07T16:11:33.167+0000] {dagbag.py:588} INFO - Filling up the DagBag from /opt/airflow/dags/weather_dag.py
[2026-08-07T16:11:33.375+0000] {processor.py:925} INFO - DAG(s) 'weather_ingestion' retrieved from /opt/airflow/dags/weather_dag.py
[2026-08-07T16:11:33.386+0000] {logging_mixin.py:190} INFO - [2026-08-07T16:11:33.386+0000] {dag.py:3239} INFO - Sync 1 DAGs
[2026-08-07T16:11:33.395+0000] {logging_mixin.py:190} INFO - [2026-08-07T16:11:33.395+0000] {dag.py:4180} INFO - Setting next_dagrun for weather_ingestion to 2026-08-07 16:00:00+00:00, run_after=2026-08-07 17:00:00+00:00
[2026-08-07T16:11:33.401+0000] {processor.py:208} INFO - Processing /opt/airflow/dags/weather_dag.py took 0.244 seconds
[2026-08-07T16:12:03.830+0000] {processor.py:186} INFO - Started process (PID=13830) to work on /opt/airflow/dags/weather_dag.py
[2026-08-07T16:12:03.831+0000] {processor.py:914} INFO - Processing file /opt/airflow/dags/weather_dag.py for tasks to queue
[2026-08-07T16:12:03.833+0000] {logging_mixin.py:190} INFO - [2026-08-07T16:12:03.833+0000] {dagbag.py:588} INFO - Filling up the DagBag from /opt/airflow/dags/weather_dag.py
[2026-08-07T16:12:04.041+0000] {processor.py:925} INFO - DAG(s) 'weather_ingestion' retrieved from /opt/airflow/dags/weather_dag.py
[2026-08-07T16:12:04.052+0000] {logging_mixin.py:190} INFO - [2026-08-07T16:12:04.052+0000] {dag.py:3239} INFO - Sync 1 DAGs
[2026-08-07T16:12:04.062+0000] {logging_mixin.py:190} INFO - [2026-08-07T16:12:04.061+0000] {dag.py:4180} INFO - Setting next_dagrun for weather_ingestion to 2026-08-07 16:00:00+00:00, run_after=2026-08-07 17:00:00+00:00
[2026-08-07T16:12:04.067+0000] {processor.py:208} INFO - Processing /opt/airflow/dags/weather_dag.py took 0.243 seconds
[2026-08-07T16:12:34.175+0000] {processor.py:186} INFO - Started process (PID=13837) to work on /opt/airflow/dags/weather_dag.py
[2026-08-07T16:12:34.176+0000] {processor.py:914} INFO - Processing file /opt/airflow/dags/weather_dag.py for tasks to queue
[2026-08-07T16:12:34.181+0000] {logging_mixin.py:190} INFO - [2026-08-07T16:12:34.180+0000] {dagbag.py:588} INFO - Filling up the DagBag from /opt/airflow/dags/weather_dag.py
[2026-08-07T16:12:34.445+0000] {processor.py:925} INFO - DAG(s) 'weather_ingestion' retrieved from /opt/airflow/dags/weather_dag.py
[2026-08-07T16:12:34.459+0000] {logging_mixin.py:190} INFO - [2026-08-07T16:12:34.459+0000] {dag.py:3239} INFO - Sync 1 DAGs
[2026-08-07T16:12:34.471+0000] {logging_mixin.py:190} INFO - [2026-08-07T16:12:34.471+0000] {dag.py:4180} INFO - Setting next_dagrun for weather_ingestion to 2026-08-07 16:00:00+00:00, run_after=2026-08-07 17:00:00+00:00
[2026-08-07T16:12:34.478+0000] {processor.py:208} INFO - Processing /opt/airflow/dags/weather_dag.py took 0.314 seconds
[2026-08-07T16:13:04.821+0000] {processor.py:186} INFO - Started process (PID=13844) to work on /opt/airflow/dags/weather_dag.py
[2026-08-07T16:13:04.822+0000] {processor.py:914} INFO - Processing file /opt/airflow/dags/weather_dag.py for tasks to queue
[2026-08-07T16:13:04.825+0000] {logging_mixin.py:190} INFO - [2026-08-07T16:13:04.824+0000] {dagbag.py:588} INFO - Filling up the DagBag from /opt/airflow/dags/weather_dag.py
[2026-08-07T16:13:05.085+0000] {processor.py:925} INFO - DAG(s) 'weather_ingestion' retrieved from /opt/airflow/dags/weather_dag.py
[2026-08-07T16:13:05.099+0000] {logging_mixin.py:190} INFO - [2026-08-07T16:13:05.099+0000] {dag.py:3239} INFO - Sync 1 DAGs
[2026-08-07T16:13:05.109+0000] {logging_mixin.py:190} INFO - [2026-08-07T16:13:05.109+0000] {dag.py:4180} INFO - Setting next_dagrun for weather_ingestion to 2026-08-07 16:00:00+00:00, run_after=2026-08-07 17:00:00+00:00
[2026-08-07T16:13:05.117+0000] {processor.py:208} INFO - Processing /opt/airflow/dags/weather_dag.py took 0.300 seconds
[2026-08-07T16:13:35.261+0000] {processor.py:186} INFO - Started process (PID=13851) to work on /opt/airflow/dags/weather_dag.py
[2026-08-07T16:13:35.262+0000] {processor.py:914} INFO - Processing file /opt/airflow/dags/weather_dag.py for tasks to queue
[2026-08-07T16:13:35.264+0000] {logging_mixin.py:190} INFO - [2026-08-07T16:13:35.264+0000] {dagbag.py:588} INFO - Filling up the DagBag from /opt/airflow/dags/weather_dag.py
[2026-08-07T16:13:35.472+0000] {processor.py:925} INFO - DAG(s) 'weather_ingestion' retrieved from /opt/airflow/dags/weather_dag.py
[2026-08-07T16:13:35.482+0000] {logging_mixin.py:190} INFO - [2026-08-07T16:13:35.482+0000] {dag.py:3239} INFO - Sync 1 DAGs
[2026-08-07T16:13:35.492+0000] {logging_mixin.py:190} INFO - [2026-08-07T16:13:35.492+0000] {dag.py:4180} INFO - Setting next_dagrun for weather_ingestion to 2026-08-07 16:00:00+00:00, run_after=2026-08-07 17:00:00+00:00
[2026-08-07T16:13:35.499+0000] {processor.py:208} INFO - Processing /opt/airflow/dags/weather_dag.py took 0.244 seconds
[2026-08-07T16:14:05.840+0000] {processor.py:186} INFO - Started process (PID=13858) to work on /opt/airflow/dags/weather_dag.py
[2026-08-07T16:14:05.840+0000] {processor.py:914} INFO - Processing file /opt/airflow/dags/weather_dag.py for tasks to queue
[2026-08-07T16:14:05.843+0000] {logging_mixin.py:190} INFO - [2026-08-07T16:14:05.843+0000] {dagbag.py:588} INFO - Filling up the DagBag from /opt/airflow/dags/weather_dag.py
[2026-08-07T16:14:06.078+0000] {processor.py:925} INFO - DAG(s) 'weather_ingestion' retrieved from /opt/airflow/dags/weather_dag.py
[2026-08-07T16:14:06.089+0000] {logging_mixin.py:190} INFO - [2026-08-07T16:14:06.089+0000] {dag.py:3239} INFO - Sync 1 DAGs
[2026-08-07T16:14:06.098+0000] {logging_mixin.py:190} INFO - [2026-08-07T16:14:06.098+0000] {dag.py:4180} INFO - Setting next_dagrun for weather_ingestion to 2026-08-07 16:00:00+00:00, run_after=2026-08-07 17:00:00+00:00
[2026-08-07T16:14:06.105+0000] {processor.py:208} INFO - Processing /opt/airflow/dags/weather_dag.py took 0.272 seconds
[2026-08-07T16:14:36.173+0000] {processor.py:186} INFO - Started process (PID=13865) to work on /opt/airflow/dags/weather_dag.py
[2026-08-07T16:14:36.174+0000] {processor.py:914} INFO - Processing file /opt/airflow/dags/weather_dag.py for tasks to queue
[2026-08-07T16:14:36.177+0000] {logging_mixin.py:190} INFO - [2026-08-07T16:14:36.176+0000] {dagbag.py:588} INFO - Filling up the DagBag from /opt/airflow/dags/weather_dag.py
[2026-08-07T16:14:36.416+0000] {processor.py:925} INFO - DAG(s) 'weather_ingestion' retrieved from /opt/airflow/dags/weather_dag.py
[2026-08-07T16:14:36.430+0000] {logging_mixin.py:190} INFO - [2026-08-07T16:14:36.430+0000] {dag.py:3239} INFO - Sync 1 DAGs
[2026-08-07T16:14:36.443+0000] {logging_mixin.py:190} INFO - [2026-08-07T16:14:36.443+0000] {dag.py:4180} INFO - Setting next_dagrun for weather_ingestion to 2026-08-07 16:00:00+00:00, run_after=2026-08-07 17:00:00+00:00
[2026-08-07T16:14:36.450+0000] {processor.py:208} INFO - Processing /opt/airflow/dags/weather_dag.py took 0.286 seconds
[2026-08-07T16:15:06.785+0000] {processor.py:186} INFO - Started process (PID=13872) to work on /opt/airflow/dags/weather_dag.py
[2026-08-07T16:15:06.786+0000] {processor.py:914} INFO - Processing file /opt/airflow/dags/weather_dag.py for tasks to queue
[2026-08-07T16:15:06.790+0000] {logging_mixin.py:190} INFO - [2026-08-07T16:15:06.789+0000] {dagbag.py:588} INFO - Filling up the DagBag from /opt/airflow/dags/weather_dag.py
[2026-08-07T16:15:07.331+0000] {processor.py:925} INFO - DAG(s) 'weather_ingestion' retrieved from /opt/airflow/dags/weather_dag.py
[2026-08-07T16:15:07.377+0000] {logging_mixin.py:190} INFO - [2026-08-07T16:15:07.377+0000] {dag.py:3239} INFO - Sync 1 DAGs
[2026-08-07T16:15:07.395+0000] {logging_mixin.py:190} INFO - [2026-08-07T16:15:07.395+0000] {dag.py:4180} INFO - Setting next_dagrun for weather_ingestion to 2026-08-07 16:00:00+00:00, run_after=2026-08-07 17:00:00+00:00
[2026-08-07T16:15:07.407+0000] {processor.py:208} INFO - Processing /opt/airflow/dags/weather_dag.py took 0.634 seconds
[2026-08-07T16:15:37.785+0000] {processor.py:186} INFO - Started process (PID=13879) to work on /opt/airflow/dags/weather_dag.py
[2026-08-07T16:15:37.787+0000] {processor.py:914} INFO - Processing file /opt/airflow/dags/weather_dag.py for tasks to queue
[2026-08-07T16:15:37.790+0000] {logging_mixin.py:190} INFO - [2026-08-07T16:15:37.790+0000] {dagbag.py:588} INFO - Filling up the DagBag from /opt/airflow/dags/weather_dag.py
[2026-08-07T16:15:37.995+0000] {processor.py:925} INFO - DAG(s) 'weather_ingestion' retrieved from /opt/airflow/dags/weather_dag.py
[2026-08-07T16:15:38.006+0000] {logging_mixin.py:190} INFO - [2026-08-07T16:15:38.006+0000] {dag.py:3239} INFO - Sync 1 DAGs
[2026-08-07T16:15:38.016+0000] {logging_mixin.py:190} INFO - [2026-08-07T16:15:38.016+0000] {dag.py:4180} INFO - Setting next_dagrun for weather_ingestion to 2026-08-07 16:00:00+00:00, run_after=2026-08-07 17:00:00+00:00
[2026-08-07T16:15:38.022+0000] {processor.py:208} INFO - Processing /opt/airflow/dags/weather_dag.py took 0.247 seconds
[2026-08-07T16:16:08.142+0000] {processor.py:186} INFO - Started process (PID=13886) to work on /opt/airflow/dags/weather_dag.py
[2026-08-07T16:16:08.144+0000] {processor.py:914} INFO - Processing file /opt/airflow/dags/weather_dag.py for tasks to queue
[2026-08-07T16:16:08.147+0000] {logging_mixin.py:190} INFO - [2026-08-07T16:16:08.146+0000] {dagbag.py:588} INFO - Filling up the DagBag from /opt/airflow/dags/weather_dag.py
[2026-08-07T16:16:08.418+0000] {processor.py:925} INFO - DAG(s) 'weather_ingestion' retrieved from /opt/airflow/dags/weather_dag.py
[2026-08-07T16:16:08.434+0000] {logging_mixin.py:190} INFO - [2026-08-07T16:16:08.434+0000] {dag.py:3239} INFO - Sync 1 DAGs
[2026-08-07T16:16:08.446+0000] {logging_mixin.py:190} INFO - [2026-08-07T16:16:08.446+0000] {dag.py:4180} INFO - Setting next_dagrun for weather_ingestion to 2026-08-07 16:00:00+00:00, run_after=2026-08-07 17:00:00+00:00
[2026-08-07T16:16:08.453+0000] {processor.py:208} INFO - Processing /opt/airflow/dags/weather_dag.py took 0.320 seconds
[2026-08-07T16:16:38.820+0000] {processor.py:186} INFO - Started process (PID=13893) to work on /opt/airflow/dags/weather_dag.py
[2026-08-07T16:16:38.821+0000] {processor.py:914} INFO - Processing file /opt/airflow/dags/weather_dag.py for tasks to queue
[2026-08-07T16:16:38.824+0000] {logging_mixin.py:190} INFO - [2026-08-07T16:16:38.824+0000] {dagbag.py:588} INFO - Filling up the DagBag from /opt/airflow/dags/weather_dag.py
[2026-08-07T16:16:39.091+0000] {processor.py:925} INFO - DAG(s) 'weather_ingestion' retrieved from /opt/airflow/dags/weather_dag.py
[2026-08-07T16:16:39.104+0000] {logging_mixin.py:190} INFO - [2026-08-07T16:16:39.104+0000] {dag.py:3239} INFO - Sync 1 DAGs
[2026-08-07T16:16:39.114+0000] {logging_mixin.py:190} INFO - [2026-08-07T16:16:39.114+0000] {dag.py:4180} INFO - Setting next_dagrun for weather_ingestion to 2026-08-07 16:00:00+00:00, run_after=2026-08-07 17:00:00+00:00
[2026-08-07T16:16:39.121+0000] {processor.py:208} INFO - Processing /opt/airflow/dags/weather_dag.py took 0.310 seconds
[2026-08-07T16:17:09.234+0000] {processor.py:186} INFO - Started process (PID=13900) to work on /opt/airflow/dags/weather_dag.py
[2026-08-07T16:17:09.237+0000] {processor.py:914} INFO - Processing file /opt/airflow/dags/weather_dag.py for tasks to queue
[2026-08-07T16:17:09.240+0000] {logging_mixin.py:190} INFO - [2026-08-07T16:17:09.239+0000] {dagbag.py:588} INFO - Filling up the DagBag from /opt/airflow/dags/weather_dag.py
[2026-08-07T16:17:09.543+0000] {processor.py:925} INFO - DAG(s) 'weather_ingestion' retrieved from /opt/airflow/dags/weather_dag.py
[2026-08-07T16:17:09.561+0000] {logging_mixin.py:190} INFO - [2026-08-07T16:17:09.561+0000] {dag.py:3239} INFO - Sync 1 DAGs
[2026-08-07T16:17:09.574+0000] {logging_mixin.py:190} INFO - [2026-08-07T16:17:09.574+0000] {dag.py:4180} INFO - Setting next_dagrun for weather_ingestion to 2026-08-07 16:00:00+00:00, run_after=2026-08-07 17:00:00+00:00
[2026-08-07T16:17:09.582+0000] {processor.py:208} INFO - Processing /opt/airflow/dags/weather_dag.py took 0.361 seconds
[2026-08-07T16:17:39.749+0000] {processor.py:186} INFO - Started process (PID=13907) to work on /opt/airflow/dags/weather_dag.py
[2026-08-07T16:17:39.751+0000] {processor.py:914} INFO - Processing file /opt/airflow/dags/weather_dag.py for tasks to queue
[2026-08-07T16:17:39.753+0000] {logging_mixin.py:190} INFO - [2026-08-07T16:17:39.752+0000] {dagbag.py:588} INFO - Filling up the DagBag from /opt/airflow/dags/weather_dag.py
[2026-08-07T16:17:39.959+0000] {processor.py:925} INFO - DAG(s) 'weather_ingestion' retrieved from /opt/airflow/dags/weather_dag.py
[2026-08-07T16:17:39.969+0000] {logging_mixin.py:190} INFO - [2026-08-07T16:17:39.969+0000] {dag.py:3239} INFO - Sync 1 DAGs
[2026-08-07T16:17:39.978+0000] {logging_mixin.py:190} INFO - [2026-08-07T16:17:39.978+0000] {dag.py:4180} INFO - Setting next_dagrun for weather_ingestion to 2026-08-07 16:00:00+00:00, run_after=2026-08-07 17:00:00+00:00
[2026-08-07T16:17:39.984+0000] {processor.py:208} INFO - Processing /opt/airflow/dags/weather_dag.py took 0.243 seconds
[2026-08-07T16:18:10.338+0000] {processor.py:186} INFO - Started process (PID=13914) to work on /opt/airflow/dags/weather_dag.py
[2026-08-07T16:18:10.341+0000] {processor.py:914} INFO - Processing file /opt/airflow/dags/weather_dag.py for tasks to queue
[2026-08-07T16:18:10.344+0000] {logging_mixin.py:190} INFO - [2026-08-07T16:18:10.344+0000] {dagbag.py:588} INFO - Filling up the DagBag from /opt/airflow/dags/weather_dag.py
[2026-08-07T16:18:10.556+0000] {processor.py:925} INFO - DAG(s) 'weather_ingestion' retrieved from /opt/airflow/dags/weather_dag.py
[2026-08-07T16:18:10.567+0000] {logging_mixin.py:190} INFO - [2026-08-07T16:18:10.567+0000] {dag.py:3239} INFO - Sync 1 DAGs
[2026-08-07T16:18:10.577+0000] {logging_mixin.py:190} INFO - [2026-08-07T16:18:10.577+0000] {dag.py:4180} INFO - Setting next_dagrun for weather_ingestion to 2026-08-07 16:00:00+00:00, run_after=2026-08-07 17:00:00+00:00
[2026-08-07T16:18:10.583+0000] {processor.py:208} INFO - Processing /opt/airflow/dags/weather_dag.py took 0.253 seconds
[2026-08-07T16:18:40.745+0000] {processor.py:186} INFO - Started process (PID=13921) to work on /opt/airflow/dags/weather_dag.py
[2026-08-07T16:18:40.747+0000] {processor.py:914} INFO - Processing file /opt/airflow/dags/weather_dag.py for tasks to queue
[2026-08-07T16:18:40.750+0000] {logging_mixin.py:190} INFO - [2026-08-07T16:18:40.750+0000] {dagbag.py:588} INFO - Filling up the DagBag from /opt/airflow/dags/weather_dag.py
[2026-08-07T16:18:40.967+0000] {processor.py:925} INFO - DAG(s) 'weather_ingestion' retrieved from /opt/airflow/dags/weather_dag.py
[2026-08-07T16:18:40.978+0000] {logging_mixin.py:190} INFO - [2026-08-07T16:18:40.978+0000] {dag.py:3239} INFO - Sync 1 DAGs
[2026-08-07T16:18:40.987+0000] {logging_mixin.py:190} INFO - [2026-08-07T16:18:40.987+0000] {dag.py:4180} INFO - Setting next_dagrun for weather_ingestion to 2026-08-07 16:00:00+00:00, run_after=2026-08-07 17:00:00+00:00
[2026-08-07T16:18:40.993+0000] {processor.py:208} INFO - Processing /opt/airflow/dags/weather_dag.py took 0.255 seconds
[2026-08-07T16:19:11.344+0000] {processor.py:186} INFO - Started process (PID=13928) to work on /opt/airflow/dags/weather_dag.py
[2026-08-07T16:19:11.346+0000] {processor.py:914} INFO - Processing file /opt/airflow/dags/weather_dag.py for tasks to queue
[2026-08-07T16:19:11.349+0000] {logging_mixin.py:190} INFO - [2026-08-07T16:19:11.349+0000] {dagbag.py:588} INFO - Filling up the DagBag from /opt/airflow/dags/weather_dag.py
[2026-08-07T16:19:11.648+0000] {processor.py:925} INFO - DAG(s) 'weather_ingestion' retrieved from /opt/airflow/dags/weather_dag.py
[2026-08-07T16:19:11.664+0000] {logging_mixin.py:190} INFO - [2026-08-07T16:19:11.664+0000] {dag.py:3239} INFO - Sync 1 DAGs
[2026-08-07T16:19:11.675+0000] {logging_mixin.py:190} INFO - [2026-08-07T16:19:11.675+0000] {dag.py:4180} INFO - Setting next_dagrun for weather_ingestion to 2026-08-07 16:00:00+00:00, run_after=2026-08-07 17:00:00+00:00
[2026-08-07T16:19:11.683+0000] {processor.py:208} INFO - Processing /opt/airflow/dags/weather_dag.py took 0.346 seconds
[2026-08-07T16:19:42.095+0000] {processor.py:186} INFO - Started process (PID=13935) to work on /opt/airflow/dags/weather_dag.py
[2026-08-07T16:19:42.097+0000] {processor.py:914} INFO - Processing file /opt/airflow/dags/weather_dag.py for tasks to queue
[2026-08-07T16:19:42.100+0000] {logging_mixin.py:190} INFO - [2026-08-07T16:19:42.100+0000] {dagbag.py:588} INFO - Filling up the DagBag from /opt/airflow/dags/weather_dag.py
[2026-08-07T16:19:42.429+0000] {processor.py:925} INFO - DAG(s) 'weather_ingestion' retrieved from /opt/airflow/dags/weather_dag.py
[2026-08-07T16:19:42.450+0000] {logging_mixin.py:190} INFO - [2026-08-07T16:19:42.450+0000] {dag.py:3239} INFO - Sync 1 DAGs
[2026-08-07T16:19:42.467+0000] {logging_mixin.py:190} INFO - [2026-08-07T16:19:42.466+0000] {dag.py:4180} INFO - Setting next_dagrun for weather_ingestion to 2026-08-07 16:00:00+00:00, run_after=2026-08-07 17:00:00+00:00
[2026-08-07T16:19:42.477+0000] {processor.py:208} INFO - Processing /opt/airflow/dags/weather_dag.py took 0.410 seconds
[2026-08-07T16:20:12.900+0000] {processor.py:186} INFO - Started process (PID=13942) to work on /opt/airflow/dags/weather_dag.py
[2026-08-07T16:20:12.902+0000] {processor.py:914} INFO - Processing file /opt/airflow/dags/weather_dag.py for tasks to queue
[2026-08-07T16:20:12.907+0000] {logging_mixin.py:190} INFO - [2026-08-07T16:20:12.906+0000] {dagbag.py:588} INFO - Filling up the DagBag from /opt/airflow/dags/weather_dag.py
[2026-08-07T16:20:13.186+0000] {processor.py:925} INFO - DAG(s) 'weather_ingestion' retrieved from /opt/airflow/dags/weather_dag.py
[2026-08-07T16:20:13.202+0000] {logging_mixin.py:190} INFO - [2026-08-07T16:20:13.202+0000] {dag.py:3239} INFO - Sync 1 DAGs
[2026-08-07T16:20:13.214+0000] {logging_mixin.py:190} INFO - [2026-08-07T16:20:13.214+0000] {dag.py:4180} INFO - Setting next_dagrun for weather_ingestion to 2026-08-07 16:00:00+00:00, run_after=2026-08-07 17:00:00+00:00
[2026-08-07T16:20:13.222+0000] {processor.py:208} INFO - Processing /opt/airflow/dags/weather_dag.py took 0.334 seconds
[2026-08-07T16:20:43.254+0000] {processor.py:186} INFO - Started process (PID=13949) to work on /opt/airflow/dags/weather_dag.py
[2026-08-07T16:20:43.256+0000] {processor.py:914} INFO - Processing file /opt/airflow/dags/weather_dag.py for tasks to queue
[2026-08-07T16:20:43.258+0000] {logging_mixin.py:190} INFO - [2026-08-07T16:20:43.258+0000] {dagbag.py:588} INFO - Filling up the DagBag from /opt/airflow/dags/weather_dag.py
[2026-08-07T16:20:43.474+0000] {processor.py:925} INFO - DAG(s) 'weather_ingestion' retrieved from /opt/airflow/dags/weather_dag.py
[2026-08-07T16:20:43.486+0000] {logging_mixin.py:190} INFO - [2026-08-07T16:20:43.486+0000] {dag.py:3239} INFO - Sync 1 DAGs
[2026-08-07T16:20:43.496+0000] {logging_mixin.py:190} INFO - [2026-08-07T16:20:43.496+0000] {dag.py:4180} INFO - Setting next_dagrun for weather_ingestion to 2026-08-07 16:00:00+00:00, run_after=2026-08-07 17:00:00+00:00
[2026-08-07T16:20:43.503+0000] {processor.py:208} INFO - Processing /opt/airflow/dags/weather_dag.py took 0.258 seconds
[2026-08-07T16:21:13.616+0000] {processor.py:186} INFO - Started process (PID=13956) to work on /opt/airflow/dags/weather_dag.py
[2026-08-07T16:21:13.617+0000] {processor.py:914} INFO - Processing file /opt/airflow/dags/weather_dag.py for tasks to queue
[2026-08-07T16:21:13.619+0000] {logging_mixin.py:190} INFO - [2026-08-07T16:21:13.619+0000] {dagbag.py:588} INFO - Filling up the DagBag from /opt/airflow/dags/weather_dag.py
[2026-08-07T16:21:13.825+0000] {processor.py:925} INFO - DAG(s) 'weather_ingestion' retrieved from /opt/airflow/dags/weather_dag.py
[2026-08-07T16:21:13.836+0000] {logging_mixin.py:190} INFO - [2026-08-07T16:21:13.836+0000] {dag.py:3239} INFO - Sync 1 DAGs
[2026-08-07T16:21:13.846+0000] {logging_mixin.py:190} INFO - [2026-08-07T16:21:13.846+0000] {dag.py:4180} INFO - Setting next_dagrun for weather_ingestion to 2026-08-07 16:00:00+00:00, run_after=2026-08-07 17:00:00+00:00
[2026-08-07T16:21:13.852+0000] {processor.py:208} INFO - Processing /opt/airflow/dags/weather_dag.py took 0.243 seconds
[2026-08-07T16:21:43.956+0000] {processor.py:186} INFO - Started process (PID=13963) to work on /opt/airflow/dags/weather_dag.py
[2026-08-07T16:21:43.957+0000] {processor.py:914} INFO - Processing file /opt/airflow/dags/weather_dag.py for tasks to queue
[2026-08-07T16:21:43.959+0000] {logging_mixin.py:190} INFO - [2026-08-07T16:21:43.959+0000] {dagbag.py:588} INFO - Filling up the DagBag from /opt/airflow/dags/weather_dag.py
[2026-08-07T16:21:44.163+0000] {processor.py:925} INFO - DAG(s) 'weather_ingestion' retrieved from /opt/airflow/dags/weather_dag.py
[2026-08-07T16:21:44.175+0000] {logging_mixin.py:190} INFO - [2026-08-07T16:21:44.175+0000] {dag.py:3239} INFO - Sync 1 DAGs
[2026-08-07T16:21:44.184+0000] {logging_mixin.py:190} INFO - [2026-08-07T16:21:44.184+0000] {dag.py:4180} INFO - Setting next_dagrun for weather_ingestion to 2026-08-07 16:00:00+00:00, run_after=2026-08-07 17:00:00+00:00
[2026-08-07T16:21:44.190+0000] {processor.py:208} INFO - Processing /opt/airflow/dags/weather_dag.py took 0.241 seconds
[2026-08-07T16:22:14.359+0000] {processor.py:186} INFO - Started process (PID=13970) to work on /opt/airflow/dags/weather_dag.py
[2026-08-07T16:22:14.361+0000] {processor.py:914} INFO - Processing file /opt/airflow/dags/weather_dag.py for tasks to queue
[2026-08-07T16:22:14.365+0000] {logging_mixin.py:190} INFO - [2026-08-07T16:22:14.365+0000] {dagbag.py:588} INFO - Filling up the DagBag from /opt/airflow/dags/weather_dag.py
[2026-08-07T16:22:14.604+0000] {processor.py:925} INFO - DAG(s) 'weather_ingestion' retrieved from /opt/airflow/dags/weather_dag.py
[2026-08-07T16:22:14.617+0000] {logging_mixin.py:190} INFO - [2026-08-07T16:22:14.617+0000] {dag.py:3239} INFO - Sync 1 DAGs
[2026-08-07T16:22:14.627+0000] {logging_mixin.py:190} INFO - [2026-08-07T16:22:14.627+0000] {dag.py:4180} INFO - Setting next_dagrun for weather_ingestion to 2026-08-07 16:00:00+00:00, run_after=2026-08-07 17:00:00+00:00
[2026-08-07T16:22:14.634+0000] {processor.py:208} INFO - Processing /opt/airflow/dags/weather_dag.py took 0.284 seconds
[2026-08-07T16:22:44.946+0000] {processor.py:186} INFO - Started process (PID=13977) to work on /opt/airflow/dags/weather_dag.py
[2026-08-07T16:22:44.948+0000] {processor.py:914} INFO - Processing file /opt/airflow/dags/weather_dag.py for tasks to queue
[2026-08-07T16:22:44.951+0000] {logging_mixin.py:190} INFO - [2026-08-07T16:22:44.951+0000] {dagbag.py:588} INFO - Filling up the DagBag from /opt/airflow/dags/weather_dag.py
[2026-08-07T16:22:45.200+0000] {processor.py:925} INFO - DAG(s) 'weather_ingestion' retrieved from /opt/airflow/dags/weather_dag.py
[2026-08-07T16:22:45.211+0000] {logging_mixin.py:190} INFO - [2026-08-07T16:22:45.211+0000] {dag.py:3239} INFO - Sync 1 DAGs
[2026-08-07T16:22:45.221+0000] {logging_mixin.py:190} INFO - [2026-08-07T16:22:45.221+0000] {dag.py:4180} INFO - Setting next_dagrun for weather_ingestion to 2026-08-07 16:00:00+00:00, run_after=2026-08-07 17:00:00+00:00
[2026-08-07T16:22:45.227+0000] {processor.py:208} INFO - Processing /opt/airflow/dags/weather_dag.py took 0.287 seconds
[2026-08-07T16:23:15.361+0000] {processor.py:186} INFO - Started process (PID=13984) to work on /opt/airflow/dags/weather_dag.py
[2026-08-07T16:23:15.362+0000] {processor.py:914} INFO - Processing file /opt/airflow/dags/weather_dag.py for tasks to queue
[2026-08-07T16:23:15.364+0000] {logging_mixin.py:190} INFO - [2026-08-07T16:23:15.364+0000] {dagbag.py:588} INFO - Filling up the DagBag from /opt/airflow/dags/weather_dag.py
[2026-08-07T16:23:15.597+0000] {processor.py:925} INFO - DAG(s) 'weather_ingestion' retrieved from /opt/airflow/dags/weather_dag.py
[2026-08-07T16:23:15.611+0000] {logging_mixin.py:190} INFO - [2026-08-07T16:23:15.611+0000] {dag.py:3239} INFO - Sync 1 DAGs
[2026-08-07T16:23:15.624+0000] {logging_mixin.py:190} INFO - [2026-08-07T16:23:15.624+0000] {dag.py:4180} INFO - Setting next_dagrun for weather_ingestion to 2026-08-07 16:00:00+00:00, run_after=2026-08-07 17:00:00+00:00
[2026-08-07T16:23:15.632+0000] {processor.py:208} INFO - Processing /opt/airflow/dags/weather_dag.py took 0.276 seconds
[2026-08-07T16:23:45.946+0000] {processor.py:186} INFO - Started process (PID=13991) to work on /opt/airflow/dags/weather_dag.py
[2026-08-07T16:23:45.948+0000] {processor.py:914} INFO - Processing file /opt/airflow/dags/weather_dag.py for tasks to queue
[2026-08-07T16:23:45.952+0000] {logging_mixin.py:190} INFO - [2026-08-07T16:23:45.951+0000] {dagbag.py:588} INFO - Filling up the DagBag from /opt/airflow/dags/weather_dag.py
[2026-08-07T16:23:46.163+0000] {processor.py:925} INFO - DAG(s) 'weather_ingestion' retrieved from /opt/airflow/dags/weather_dag.py
[2026-08-07T16:23:46.175+0000] {logging_mixin.py:190} INFO - [2026-08-07T16:23:46.175+0000] {dag.py:3239} INFO - Sync 1 DAGs
[2026-08-07T16:23:46.186+0000] {logging_mixin.py:190} INFO - [2026-08-07T16:23:46.186+0000] {dag.py:4180} INFO - Setting next_dagrun for weather_ingestion to 2026-08-07 16:00:00+00:00, run_after=2026-08-07 17:00:00+00:00
[2026-08-07T16:23:46.192+0000] {processor.py:208} INFO - Processing /opt/airflow/dags/weather_dag.py took 0.251 seconds
[2026-08-07T16:24:16.341+0000] {processor.py:186} INFO - Started process (PID=13998) to work on /opt/airflow/dags/weather_dag.py
[2026-08-07T16:24:16.343+0000] {processor.py:914} INFO - Processing file /opt/airflow/dags/weather_dag.py for tasks to queue
[2026-08-07T16:24:16.345+0000] {logging_mixin.py:190} INFO - [2026-08-07T16:24:16.345+0000] {dagbag.py:588} INFO - Filling up the DagBag from /opt/airflow/dags/weather_dag.py
[2026-08-07T16:24:16.554+0000] {processor.py:925} INFO - DAG(s) 'weather_ingestion' retrieved from /opt/airflow/dags/weather_dag.py
[2026-08-07T16:24:16.565+0000] {logging_mixin.py:190} INFO - [2026-08-07T16:24:16.564+0000] {dag.py:3239} INFO - Sync 1 DAGs
[2026-08-07T16:24:16.574+0000] {logging_mixin.py:190} INFO - [2026-08-07T16:24:16.574+0000] {dag.py:4180} INFO - Setting next_dagrun for weather_ingestion to 2026-08-07 16:00:00+00:00, run_after=2026-08-07 17:00:00+00:00
[2026-08-07T16:24:16.580+0000] {processor.py:208} INFO - Processing /opt/airflow/dags/weather_dag.py took 0.247 seconds
[2026-08-07T16:24:46.978+0000] {processor.py:186} INFO - Started process (PID=14005) to work on /opt/airflow/dags/weather_dag.py
[2026-08-07T16:24:46.980+0000] {processor.py:914} INFO - Processing file /opt/airflow/dags/weather_dag.py for tasks to queue
[2026-08-07T16:24:46.982+0000] {logging_mixin.py:190} INFO - [2026-08-07T16:24:46.982+0000] {dagbag.py:588} INFO - Filling up the DagBag from /opt/airflow/dags/weather_dag.py
[2026-08-07T16:24:47.189+0000] {processor.py:925} INFO - DAG(s) 'weather_ingestion' retrieved from /opt/airflow/dags/weather_dag.py
[2026-08-07T16:24:47.200+0000] {logging_mixin.py:190} INFO - [2026-08-07T16:24:47.200+0000] {dag.py:3239} INFO - Sync 1 DAGs
[2026-08-07T16:24:47.210+0000] {logging_mixin.py:190} INFO - [2026-08-07T16:24:47.210+0000] {dag.py:4180} INFO - Setting next_dagrun for weather_ingestion to 2026-08-07 16:00:00+00:00, run_after=2026-08-07 17:00:00+00:00
[2026-08-07T16:24:47.217+0000] {processor.py:208} INFO - Processing /opt/airflow/dags/weather_dag.py took 0.246 seconds
[2026-08-07T16:25:17.413+0000] {processor.py:186} INFO - Started process (PID=14012) to work on /opt/airflow/dags/weather_dag.py
[2026-08-07T16:25:17.416+0000] {processor.py:914} INFO - Processing file /opt/airflow/dags/weather_dag.py for tasks to queue
[2026-08-07T16:25:17.419+0000] {logging_mixin.py:190} INFO - [2026-08-07T16:25:17.419+0000] {dagbag.py:588} INFO - Filling up the DagBag from /opt/airflow/dags/weather_dag.py
[2026-08-07T16:25:17.656+0000] {processor.py:925} INFO - DAG(s) 'weather_ingestion' retrieved from /opt/airflow/dags/weather_dag.py
[2026-08-07T16:25:17.667+0000] {logging_mixin.py:190} INFO - [2026-08-07T16:25:17.667+0000] {dag.py:3239} INFO - Sync 1 DAGs
[2026-08-07T16:25:17.677+0000] {logging_mixin.py:190} INFO - [2026-08-07T16:25:17.677+0000] {dag.py:4180} INFO - Setting next_dagrun for weather_ingestion to 2026-08-07 16:00:00+00:00, run_after=2026-08-07 17:00:00+00:00
[2026-08-07T16:25:17.683+0000] {processor.py:208} INFO - Processing /opt/airflow/dags/weather_dag.py took 0.279 seconds
[2026-08-07T16:25:47.951+0000] {processor.py:186} INFO - Started process (PID=14019) to work on /opt/airflow/dags/weather_dag.py
[2026-08-07T16:25:47.953+0000] {processor.py:914} INFO - Processing file /opt/airflow/dags/weather_dag.py for tasks to queue
[2026-08-07T16:25:47.955+0000] {logging_mixin.py:190} INFO - [2026-08-07T16:25:47.955+0000] {dagbag.py:588} INFO - Filling up the DagBag from /opt/airflow/dags/weather_dag.py
[2026-08-07T16:25:48.162+0000] {processor.py:925} INFO - DAG(s) 'weather_ingestion' retrieved from /opt/airflow/dags/weather_dag.py
[2026-08-07T16:25:48.173+0000] {logging_mixin.py:190} INFO - [2026-08-07T16:25:48.173+0000] {dag.py:3239} INFO - Sync 1 DAGs
[2026-08-07T16:25:48.182+0000] {logging_mixin.py:190} INFO - [2026-08-07T16:25:48.182+0000] {dag.py:4180} INFO - Setting next_dagrun for weather_ingestion to 2026-08-07 16:00:00+00:00, run_after=2026-08-07 17:00:00+00:00
[2026-08-07T16:25:48.189+0000] {processor.py:208} INFO - Processing /opt/airflow/dags/weather_dag.py took 0.244 seconds
[2026-08-07T16:26:18.397+0000] {processor.py:186} INFO - Started process (PID=14026) to work on /opt/airflow/dags/weather_dag.py
[2026-08-07T16:26:18.399+0000] {processor.py:914} INFO - Processing file /opt/airflow/dags/weather_dag.py for tasks to queue
[2026-08-07T16:26:18.401+0000] {logging_mixin.py:190} INFO - [2026-08-07T16:26:18.401+0000] {dagbag.py:588} INFO - Filling up the DagBag from /opt/airflow/dags/weather_dag.py
[2026-08-07T16:26:18.659+0000] {processor.py:925} INFO - DAG(s) 'weather_ingestion' retrieved from /opt/airflow/dags/weather_dag.py
[2026-08-07T16:26:18.673+0000] {logging_mixin.py:190} INFO - [2026-08-07T16:26:18.673+0000] {dag.py:3239} INFO - Sync 1 DAGs
[2026-08-07T16:26:18.685+0000] {logging_mixin.py:190} INFO - [2026-08-07T16:26:18.685+0000] {dag.py:4180} INFO - Setting next_dagrun for weather_ingestion to 2026-08-07 16:00:00+00:00, run_after=2026-08-07 17:00:00+00:00
[2026-08-07T16:26:18.692+0000] {processor.py:208} INFO - Processing /opt/airflow/dags/weather_dag.py took 0.303 seconds
[2026-08-07T16:26:48.859+0000] {processor.py:186} INFO - Started process (PID=14033) to work on /opt/airflow/dags/weather_dag.py
[2026-08-07T16:26:48.861+0000] {processor.py:914} INFO - Processing file /opt/airflow/dags/weather_dag.py for tasks to queue
[2026-08-07T16:26:48.864+0000] {logging_mixin.py:190} INFO - [2026-08-07T16:26:48.864+0000] {dagbag.py:588} INFO - Filling up the DagBag from /opt/airflow/dags/weather_dag.py
[2026-08-07T16:26:49.081+0000] {processor.py:925} INFO - DAG(s) 'weather_ingestion' retrieved from /opt/airflow/dags/weather_dag.py
[2026-08-07T16:26:49.092+0000] {logging_mixin.py:190} INFO - [2026-08-07T16:26:49.092+0000] {dag.py:3239} INFO - Sync 1 DAGs
[2026-08-07T16:26:49.102+0000] {logging_mixin.py:190} INFO - [2026-08-07T16:26:49.102+0000] {dag.py:4180} INFO - Setting next_dagrun for weather_ingestion to 2026-08-07 16:00:00+00:00, run_after=2026-08-07 17:00:00+00:00
[2026-08-07T16:26:49.109+0000] {processor.py:208} INFO - Processing /opt/airflow/dags/weather_dag.py took 0.256 seconds
[2026-08-07T16:27:19.449+0000] {processor.py:186} INFO - Started process (PID=14040) to work on /opt/airflow/dags/weather_dag.py
[2026-08-07T16:27:19.452+0000] {processor.py:914} INFO - Processing file /opt/airflow/dags/weather_dag.py for tasks to queue
[2026-08-07T16:27:19.455+0000] {logging_mixin.py:190} INFO - [2026-08-07T16:27:19.454+0000] {dagbag.py:588} INFO - Filling up the DagBag from /opt/airflow/dags/weather_dag.py
[2026-08-07T16:27:19.662+0000] {processor.py:925} INFO - DAG(s) 'weather_ingestion' retrieved from /opt/airflow/dags/weather_dag.py
[2026-08-07T16:27:19.673+0000] {logging_mixin.py:190} INFO - [2026-08-07T16:27:19.673+0000] {dag.py:3239} INFO - Sync 1 DAGs
[2026-08-07T16:27:19.683+0000] {logging_mixin.py:190} INFO - [2026-08-07T16:27:19.683+0000] {dag.py:4180} INFO - Setting next_dagrun for weather_ingestion to 2026-08-07 16:00:00+00:00, run_after=2026-08-07 17:00:00+00:00
[2026-08-07T16:27:19.689+0000] {processor.py:208} INFO - Processing /opt/airflow/dags/weather_dag.py took 0.246 seconds
[2026-08-07T16:27:49.835+0000] {processor.py:186} INFO - Started process (PID=14047) to work on /opt/airflow/dags/weather_dag.py
[2026-08-07T16:27:49.838+0000] {processor.py:914} INFO - Processing file /opt/airflow/dags/weather_dag.py for tasks to queue
[2026-08-07T16:27:49.840+0000] {logging_mixin.py:190} INFO - [2026-08-07T16:27:49.840+0000] {dagbag.py:588} INFO - Filling up the DagBag from /opt/airflow/dags/weather_dag.py
[2026-08-07T16:27:50.046+0000] {processor.py:925} INFO - DAG(s) 'weather_ingestion' retrieved from /opt/airflow/dags/weather_dag.py
[2026-08-07T16:27:50.058+0000] {logging_mixin.py:190} INFO - [2026-08-07T16:27:50.058+0000] {dag.py:3239} INFO - Sync 1 DAGs
[2026-08-07T16:27:50.067+0000] {logging_mixin.py:190} INFO - [2026-08-07T16:27:50.067+0000] {dag.py:4180} INFO - Setting next_dagrun for weather_ingestion to 2026-08-07 16:00:00+00:00, run_after=2026-08-07 17:00:00+00:00
[2026-08-07T16:27:50.074+0000] {processor.py:208} INFO - Processing /opt/airflow/dags/weather_dag.py took 0.244 seconds
[2026-08-07T16:28:20.463+0000] {processor.py:186} INFO - Started process (PID=14054) to work on /opt/airflow/dags/weather_dag.py
[2026-08-07T16:28:20.465+0000] {processor.py:914} INFO - Processing file /opt/airflow/dags/weather_dag.py for tasks to queue
[2026-08-07T16:28:20.467+0000] {logging_mixin.py:190} INFO - [2026-08-07T16:28:20.467+0000] {dagbag.py:588} INFO - Filling up the DagBag from /opt/airflow/dags/weather_dag.py
[2026-08-07T16:28:20.675+0000] {processor.py:925} INFO - DAG(s) 'weather_ingestion' retrieved from /opt/airflow/dags/weather_dag.py
[2026-08-07T16:28:20.686+0000] {logging_mixin.py:190} INFO - [2026-08-07T16:28:20.685+0000] {dag.py:3239} INFO - Sync 1 DAGs
[2026-08-07T16:28:20.695+0000] {logging_mixin.py:190} INFO - [2026-08-07T16:28:20.695+0000] {dag.py:4180} INFO - Setting next_dagrun for weather_ingestion to 2026-08-07 16:00:00+00:00, run_after=2026-08-07 17:00:00+00:00
[2026-08-07T16:28:20.701+0000] {processor.py:208} INFO - Processing /opt/airflow/dags/weather_dag.py took 0.244 seconds
[2026-08-07T16:28:50.873+0000] {processor.py:186} INFO - Started process (PID=14061) to work on /opt/airflow/dags/weather_dag.py
[2026-08-07T16:28:50.875+0000] {processor.py:914} INFO - Processing file /opt/airflow/dags/weather_dag.py for tasks to queue
[2026-08-07T16:28:50.877+0000] {logging_mixin.py:190} INFO - [2026-08-07T16:28:50.877+0000] {dagbag.py:588} INFO - Filling up the DagBag from /opt/airflow/dags/weather_dag.py
[2026-08-07T16:28:51.095+0000] {processor.py:925} INFO - DAG(s) 'weather_ingestion' retrieved from /opt/airflow/dags/weather_dag.py
[2026-08-07T16:28:51.106+0000] {logging_mixin.py:190} INFO - [2026-08-07T16:28:51.106+0000] {dag.py:3239} INFO - Sync 1 DAGs
[2026-08-07T16:28:51.114+0000] {logging_mixin.py:190} INFO - [2026-08-07T16:28:51.114+0000] {dag.py:4180} INFO - Setting next_dagrun for weather_ingestion to 2026-08-07 16:00:00+00:00, run_after=2026-08-07 17:00:00+00:00
[2026-08-07T16:28:51.121+0000] {processor.py:208} INFO - Processing /opt/airflow/dags/weather_dag.py took 0.255 seconds
[2026-08-07T16:29:21.493+0000] {processor.py:186} INFO - Started process (PID=14068) to work on /opt/airflow/dags/weather_dag.py
[2026-08-07T16:29:21.496+0000] {processor.py:914} INFO - Processing file /opt/airflow/dags/weather_dag.py for tasks to queue
[2026-08-07T16:29:21.498+0000] {logging_mixin.py:190} INFO - [2026-08-07T16:29:21.497+0000] {dagbag.py:588} INFO - Filling up the DagBag from /opt/airflow/dags/weather_dag.py
[2026-08-07T16:29:21.713+0000] {processor.py:925} INFO - DAG(s) 'weather_ingestion' retrieved from /opt/airflow/dags/weather_dag.py
[2026-08-07T16:29:21.724+0000] {logging_mixin.py:190} INFO - [2026-08-07T16:29:21.724+0000] {dag.py:3239} INFO - Sync 1 DAGs
[2026-08-07T16:29:21.734+0000] {logging_mixin.py:190} INFO - [2026-08-07T16:29:21.734+0000] {dag.py:4180} INFO - Setting next_dagrun for weather_ingestion to 2026-08-07 16:00:00+00:00, run_after=2026-08-07 17:00:00+00:00
[2026-08-07T16:29:21.740+0000] {processor.py:208} INFO - Processing /opt/airflow/dags/weather_dag.py took 0.253 seconds
[2026-08-07T16:29:51.938+0000] {processor.py:186} INFO - Started process (PID=14075) to work on /opt/airflow/dags/weather_dag.py
[2026-08-07T16:29:51.940+0000] {processor.py:914} INFO - Processing file /opt/airflow/dags/weather_dag.py for tasks to queue
[2026-08-07T16:29:51.943+0000] {logging_mixin.py:190} INFO - [2026-08-07T16:29:51.942+0000] {dagbag.py:588} INFO - Filling up the DagBag from /opt/airflow/dags/weather_dag.py
[2026-08-07T16:29:52.180+0000] {processor.py:925} INFO - DAG(s) 'weather_ingestion' retrieved from /opt/airflow/dags/weather_dag.py
[2026-08-07T16:29:52.191+0000] {logging_mixin.py:190} INFO - [2026-08-07T16:29:52.191+0000] {dag.py:3239} INFO - Sync 1 DAGs
[2026-08-07T16:29:52.201+0000] {logging_mixin.py:190} INFO - [2026-08-07T16:29:52.201+0000] {dag.py:4180} INFO - Setting next_dagrun for weather_ingestion to 2026-08-07 16:00:00+00:00, run_after=2026-08-07 17:00:00+00:00
[2026-08-07T16:29:52.207+0000] {processor.py:208} INFO - Processing /opt/airflow/dags/weather_dag.py took 0.275 seconds
[2026-08-07T16:30:22.525+0000] {processor.py:186} INFO - Started process (PID=14082) to work on /opt/airflow/dags/weather_dag.py
[2026-08-07T16:30:22.527+0000] {processor.py:914} INFO - Processing file /opt/airflow/dags/weather_dag.py for tasks to queue
[2026-08-07T16:30:22.532+0000] {logging_mixin.py:190} INFO - [2026-08-07T16:30:22.531+0000] {dagbag.py:588} INFO - Filling up the DagBag from /opt/airflow/dags/weather_dag.py
[2026-08-07T16:30:22.797+0000] {processor.py:925} INFO - DAG(s) 'weather_ingestion' retrieved from /opt/airflow/dags/weather_dag.py
[2026-08-07T16:30:22.811+0000] {logging_mixin.py:190} INFO - [2026-08-07T16:30:22.811+0000] {dag.py:3239} INFO - Sync 1 DAGs
[2026-08-07T16:30:22.823+0000] {logging_mixin.py:190} INFO - [2026-08-07T16:30:22.822+0000] {dag.py:4180} INFO - Setting next_dagrun for weather_ingestion to 2026-08-07 16:00:00+00:00, run_after=2026-08-07 17:00:00+00:00
[2026-08-07T16:30:22.830+0000] {processor.py:208} INFO - Processing /opt/airflow/dags/weather_dag.py took 0.315 seconds
[2026-08-07T16:30:52.938+0000] {processor.py:186} INFO - Started process (PID=14089) to work on /opt/airflow/dags/weather_dag.py
[2026-08-07T16:30:52.940+0000] {processor.py:914} INFO - Processing file /opt/airflow/dags/weather_dag.py for tasks to queue
[2026-08-07T16:30:52.943+0000] {logging_mixin.py:190} INFO - [2026-08-07T16:30:52.942+0000] {dagbag.py:588} INFO - Filling up the DagBag from /opt/airflow/dags/weather_dag.py
[2026-08-07T16:30:53.148+0000] {processor.py:925} INFO - DAG(s) 'weather_ingestion' retrieved from /opt/airflow/dags/weather_dag.py
[2026-08-07T16:30:53.160+0000] {logging_mixin.py:190} INFO - [2026-08-07T16:30:53.160+0000] {dag.py:3239} INFO - Sync 1 DAGs
[2026-08-07T16:30:53.170+0000] {logging_mixin.py:190} INFO - [2026-08-07T16:30:53.170+0000] {dag.py:4180} INFO - Setting next_dagrun for weather_ingestion to 2026-08-07 16:00:00+00:00, run_after=2026-08-07 17:00:00+00:00
[2026-08-07T16:30:53.176+0000] {processor.py:208} INFO - Processing /opt/airflow/dags/weather_dag.py took 0.245 seconds
[2026-08-07T16:31:23.570+0000] {processor.py:186} INFO - Started process (PID=14096) to work on /opt/airflow/dags/weather_dag.py
[2026-08-07T16:31:23.572+0000] {processor.py:914} INFO - Processing file /opt/airflow/dags/weather_dag.py for tasks to queue
[2026-08-07T16:31:23.575+0000] {logging_mixin.py:190} INFO - [2026-08-07T16:31:23.574+0000] {dagbag.py:588} INFO - Filling up the DagBag from /opt/airflow/dags/weather_dag.py
[2026-08-07T16:31:23.781+0000] {processor.py:925} INFO - DAG(s) 'weather_ingestion' retrieved from /opt/airflow/dags/weather_dag.py
[2026-08-07T16:31:23.791+0000] {logging_mixin.py:190} INFO - [2026-08-07T16:31:23.791+0000] {dag.py:3239} INFO - Sync 1 DAGs
[2026-08-07T16:31:23.800+0000] {logging_mixin.py:190} INFO - [2026-08-07T16:31:23.800+0000] {dag.py:4180} INFO - Setting next_dagrun for weather_ingestion to 2026-08-07 16:00:00+00:00, run_after=2026-08-07 17:00:00+00:00
[2026-08-07T16:31:23.807+0000] {processor.py:208} INFO - Processing /opt/airflow/dags/weather_dag.py took 0.243 seconds
[2026-08-07T16:31:53.962+0000] {processor.py:186} INFO - Started process (PID=14103) to work on /opt/airflow/dags/weather_dag.py
[2026-08-07T16:31:53.964+0000] {processor.py:914} INFO - Processing file /opt/airflow/dags/weather_dag.py for tasks to queue
[2026-08-07T16:31:53.966+0000] {logging_mixin.py:190} INFO - [2026-08-07T16:31:53.966+0000] {dagbag.py:588} INFO - Filling up the DagBag from /opt/airflow/dags/weather_dag.py
[2026-08-07T16:31:54.172+0000] {processor.py:925} INFO - DAG(s) 'weather_ingestion' retrieved from /opt/airflow/dags/weather_dag.py
[2026-08-07T16:31:54.183+0000] {logging_mixin.py:190} INFO - [2026-08-07T16:31:54.183+0000] {dag.py:3239} INFO - Sync 1 DAGs
[2026-08-07T16:31:54.193+0000] {logging_mixin.py:190} INFO - [2026-08-07T16:31:54.193+0000] {dag.py:4180} INFO - Setting next_dagrun for weather_ingestion to 2026-08-07 16:00:00+00:00, run_after=2026-08-07 17:00:00+00:00
[2026-08-07T16:31:54.199+0000] {processor.py:208} INFO - Processing /opt/airflow/dags/weather_dag.py took 0.244 seconds
[2026-08-07T16:32:24.529+0000] {processor.py:186} INFO - Started process (PID=14110) to work on /opt/airflow/dags/weather_dag.py
[2026-08-07T16:32:24.532+0000] {processor.py:914} INFO - Processing file /opt/airflow/dags/weather_dag.py for tasks to queue
[2026-08-07T16:32:24.534+0000] {logging_mixin.py:190} INFO - [2026-08-07T16:32:24.534+0000] {dagbag.py:588} INFO - Filling up the DagBag from /opt/airflow/dags/weather_dag.py
[2026-08-07T16:32:24.741+0000] {processor.py:925} INFO - DAG(s) 'weather_ingestion' retrieved from /opt/airflow/dags/weather_dag.py
[2026-08-07T16:32:24.752+0000] {logging_mixin.py:190} INFO - [2026-08-07T16:32:24.752+0000] {dag.py:3239} INFO - Sync 1 DAGs
[2026-08-07T16:32:24.761+0000] {logging_mixin.py:190} INFO - [2026-08-07T16:32:24.761+0000] {dag.py:4180} INFO - Setting next_dagrun for weather_ingestion to 2026-08-07 16:00:00+00:00, run_after=2026-08-07 17:00:00+00:00
[2026-08-07T16:32:24.766+0000] {processor.py:208} INFO - Processing /opt/airflow/dags/weather_dag.py took 0.244 seconds
[2026-08-07T16:32:54.966+0000] {processor.py:186} INFO - Started process (PID=14117) to work on /opt/airflow/dags/weather_dag.py
[2026-08-07T16:32:54.973+0000] {processor.py:914} INFO - Processing file /opt/airflow/dags/weather_dag.py for tasks to queue
[2026-08-07T16:32:54.977+0000] {logging_mixin.py:190} INFO - [2026-08-07T16:32:54.977+0000] {dagbag.py:588} INFO - Filling up the DagBag from /opt/airflow/dags/weather_dag.py
[2026-08-07T16:32:55.195+0000] {processor.py:925} INFO - DAG(s) 'weather_ingestion' retrieved from /opt/airflow/dags/weather_dag.py
[2026-08-07T16:32:55.206+0000] {logging_mixin.py:190} INFO - [2026-08-07T16:32:55.206+0000] {dag.py:3239} INFO - Sync 1 DAGs
[2026-08-07T16:32:55.216+0000] {logging_mixin.py:190} INFO - [2026-08-07T16:32:55.215+0000] {dag.py:4180} INFO - Setting next_dagrun for weather_ingestion to 2026-08-07 16:00:00+00:00, run_after=2026-08-07 17:00:00+00:00
[2026-08-07T16:32:55.222+0000] {processor.py:208} INFO - Processing /opt/airflow/dags/weather_dag.py took 0.262 seconds
[2026-08-07T16:33:25.468+0000] {processor.py:186} INFO - Started process (PID=14124) to work on /opt/airflow/dags/weather_dag.py
[2026-08-07T16:33:25.470+0000] {processor.py:914} INFO - Processing file /opt/airflow/dags/weather_dag.py for tasks to queue
[2026-08-07T16:33:25.472+0000] {logging_mixin.py:190} INFO - [2026-08-07T16:33:25.472+0000] {dagbag.py:588} INFO - Filling up the DagBag from /opt/airflow/dags/weather_dag.py
[2026-08-07T16:33:25.682+0000] {processor.py:925} INFO - DAG(s) 'weather_ingestion' retrieved from /opt/airflow/dags/weather_dag.py
[2026-08-07T16:33:25.694+0000] {logging_mixin.py:190} INFO - [2026-08-07T16:33:25.694+0000] {dag.py:3239} INFO - Sync 1 DAGs
[2026-08-07T16:33:25.703+0000] {logging_mixin.py:190} INFO - [2026-08-07T16:33:25.702+0000] {dag.py:4180} INFO - Setting next_dagrun for weather_ingestion to 2026-08-07 16:00:00+00:00, run_after=2026-08-07 17:00:00+00:00
[2026-08-07T16:33:25.709+0000] {processor.py:208} INFO - Processing /opt/airflow/dags/weather_dag.py took 0.247 seconds
[2026-08-07T16:33:55.939+0000] {processor.py:186} INFO - Started process (PID=14131) to work on /opt/airflow/dags/weather_dag.py
[2026-08-07T16:33:55.940+0000] {processor.py:914} INFO - Processing file /opt/airflow/dags/weather_dag.py for tasks to queue
[2026-08-07T16:33:55.941+0000] {logging_mixin.py:190} INFO - [2026-08-07T16:33:55.941+0000] {dagbag.py:588} INFO - Filling up the DagBag from /opt/airflow/dags/weather_dag.py
[2026-08-07T16:33:56.248+0000] {processor.py:925} INFO - DAG(s) 'weather_ingestion' retrieved from /opt/airflow/dags/weather_dag.py
[2026-08-07T16:33:56.262+0000] {logging_mixin.py:190} INFO - [2026-08-07T16:33:56.262+0000] {dag.py:3239} INFO - Sync 1 DAGs
[2026-08-07T16:33:56.273+0000] {logging_mixin.py:190} INFO - [2026-08-07T16:33:56.273+0000] {dag.py:4180} INFO - Setting next_dagrun for weather_ingestion to 2026-08-07 16:00:00+00:00, run_after=2026-08-07 17:00:00+00:00
[2026-08-07T16:33:56.280+0000] {processor.py:208} INFO - Processing /opt/airflow/dags/weather_dag.py took 0.345 seconds
[2026-08-07T16:34:26.402+0000] {processor.py:186} INFO - Started process (PID=14138) to work on /opt/airflow/dags/weather_dag.py
[2026-08-07T16:34:26.404+0000] {processor.py:914} INFO - Processing file /opt/airflow/dags/weather_dag.py for tasks to queue
[2026-08-07T16:34:26.406+0000] {logging_mixin.py:190} INFO - [2026-08-07T16:34:26.406+0000] {dagbag.py:588} INFO - Filling up the DagBag from /opt/airflow/dags/weather_dag.py
[2026-08-07T16:34:26.613+0000] {processor.py:925} INFO - DAG(s) 'weather_ingestion' retrieved from /opt/airflow/dags/weather_dag.py
[2026-08-07T16:34:26.625+0000] {logging_mixin.py:190} INFO - [2026-08-07T16:34:26.624+0000] {dag.py:3239} INFO - Sync 1 DAGs
[2026-08-07T16:34:26.633+0000] {logging_mixin.py:190} INFO - [2026-08-07T16:34:26.633+0000] {dag.py:4180} INFO - Setting next_dagrun for weather_ingestion to 2026-08-07 16:00:00+00:00, run_after=2026-08-07 17:00:00+00:00
[2026-08-07T16:34:26.640+0000] {processor.py:208} INFO - Processing /opt/airflow/dags/weather_dag.py took 0.245 seconds
[2026-08-07T16:34:57.014+0000] {processor.py:186} INFO - Started process (PID=14145) to work on /opt/airflow/dags/weather_dag.py
[2026-08-07T16:34:57.017+0000] {processor.py:914} INFO - Processing file /opt/airflow/dags/weather_dag.py for tasks to queue
[2026-08-07T16:34:57.022+0000] {logging_mixin.py:190} INFO - [2026-08-07T16:34:57.021+0000] {dagbag.py:588} INFO - Filling up the DagBag from /opt/airflow/dags/weather_dag.py
[2026-08-07T16:34:57.419+0000] {processor.py:925} INFO - DAG(s) 'weather_ingestion' retrieved from /opt/airflow/dags/weather_dag.py
[2026-08-07T16:34:57.441+0000] {logging_mixin.py:190} INFO - [2026-08-07T16:34:57.441+0000] {dag.py:3239} INFO - Sync 1 DAGs
[2026-08-07T16:34:57.464+0000] {logging_mixin.py:190} INFO - [2026-08-07T16:34:57.464+0000] {dag.py:4180} INFO - Setting next_dagrun for weather_ingestion to 2026-08-07 16:00:00+00:00, run_after=2026-08-07 17:00:00+00:00
[2026-08-07T16:34:57.472+0000] {processor.py:208} INFO - Processing /opt/airflow/dags/weather_dag.py took 0.476 seconds
[2026-08-07T16:35:27.845+0000] {processor.py:186} INFO - Started process (PID=14152) to work on /opt/airflow/dags/weather_dag.py
[2026-08-07T16:35:27.846+0000] {processor.py:914} INFO - Processing file /opt/airflow/dags/weather_dag.py for tasks to queue
[2026-08-07T16:35:27.848+0000] {logging_mixin.py:190} INFO - [2026-08-07T16:35:27.847+0000] {dagbag.py:588} INFO - Filling up the DagBag from /opt/airflow/dags/weather_dag.py
[2026-08-07T16:35:28.045+0000] {processor.py:925} INFO - DAG(s) 'weather_ingestion' retrieved from /opt/airflow/dags/weather_dag.py
[2026-08-07T16:35:28.058+0000] {logging_mixin.py:190} INFO - [2026-08-07T16:35:28.058+0000] {dag.py:3239} INFO - Sync 1 DAGs
[2026-08-07T16:35:28.068+0000] {logging_mixin.py:190} INFO - [2026-08-07T16:35:28.068+0000] {dag.py:4180} INFO - Setting next_dagrun for weather_ingestion to 2026-08-07 16:00:00+00:00, run_after=2026-08-07 17:00:00+00:00
[2026-08-07T16:35:28.074+0000] {processor.py:208} INFO - Processing /opt/airflow/dags/weather_dag.py took 0.233 seconds
[2026-08-07T16:35:58.283+0000] {processor.py:186} INFO - Started process (PID=14159) to work on /opt/airflow/dags/weather_dag.py
[2026-08-07T16:35:58.286+0000] {processor.py:914} INFO - Processing file /opt/airflow/dags/weather_dag.py for tasks to queue
[2026-08-07T16:35:58.288+0000] {logging_mixin.py:190} INFO - [2026-08-07T16:35:58.288+0000] {dagbag.py:588} INFO - Filling up the DagBag from /opt/airflow/dags/weather_dag.py
[2026-08-07T16:35:58.505+0000] {processor.py:925} INFO - DAG(s) 'weather_ingestion' retrieved from /opt/airflow/dags/weather_dag.py
[2026-08-07T16:35:58.517+0000] {logging_mixin.py:190} INFO - [2026-08-07T16:35:58.517+0000] {dag.py:3239} INFO - Sync 1 DAGs
[2026-08-07T16:35:58.525+0000] {logging_mixin.py:190} INFO - [2026-08-07T16:35:58.525+0000] {dag.py:4180} INFO - Setting next_dagrun for weather_ingestion to 2026-08-07 16:00:00+00:00, run_after=2026-08-07 17:00:00+00:00
[2026-08-07T16:35:58.532+0000] {processor.py:208} INFO - Processing /opt/airflow/dags/weather_dag.py took 0.256 seconds
[2026-08-07T16:36:28.850+0000] {processor.py:186} INFO - Started process (PID=14166) to work on /opt/airflow/dags/weather_dag.py
[2026-08-07T16:36:28.851+0000] {processor.py:914} INFO - Processing file /opt/airflow/dags/weather_dag.py for tasks to queue
[2026-08-07T16:36:28.853+0000] {logging_mixin.py:190} INFO - [2026-08-07T16:36:28.852+0000] {dagbag.py:588} INFO - Filling up the DagBag from /opt/airflow/dags/weather_dag.py
[2026-08-07T16:36:29.067+0000] {processor.py:925} INFO - DAG(s) 'weather_ingestion' retrieved from /opt/airflow/dags/weather_dag.py
[2026-08-07T16:36:29.079+0000] {logging_mixin.py:190} INFO - [2026-08-07T16:36:29.079+0000] {dag.py:3239} INFO - Sync 1 DAGs
[2026-08-07T16:36:29.088+0000] {logging_mixin.py:190} INFO - [2026-08-07T16:36:29.088+0000] {dag.py:4180} INFO - Setting next_dagrun for weather_ingestion to 2026-08-07 16:00:00+00:00, run_after=2026-08-07 17:00:00+00:00
[2026-08-07T16:36:29.094+0000] {processor.py:208} INFO - Processing /opt/airflow/dags/weather_dag.py took 0.249 seconds
[2026-08-07T16:36:59.263+0000] {processor.py:186} INFO - Started process (PID=14173) to work on /opt/airflow/dags/weather_dag.py
[2026-08-07T16:36:59.265+0000] {processor.py:914} INFO - Processing file /opt/airflow/dags/weather_dag.py for tasks to queue
[2026-08-07T16:36:59.268+0000] {logging_mixin.py:190} INFO - [2026-08-07T16:36:59.267+0000] {dagbag.py:588} INFO - Filling up the DagBag from /opt/airflow/dags/weather_dag.py
[2026-08-07T16:36:59.478+0000] {processor.py:925} INFO - DAG(s) 'weather_ingestion' retrieved from /opt/airflow/dags/weather_dag.py
[2026-08-07T16:36:59.489+0000] {logging_mixin.py:190} INFO - [2026-08-07T16:36:59.488+0000] {dag.py:3239} INFO - Sync 1 DAGs
[2026-08-07T16:36:59.498+0000] {logging_mixin.py:190} INFO - [2026-08-07T16:36:59.498+0000] {dag.py:4180} INFO - Setting next_dagrun for weather_ingestion to 2026-08-07 16:00:00+00:00, run_after=2026-08-07 17:00:00+00:00
[2026-08-07T16:36:59.505+0000] {processor.py:208} INFO - Processing /opt/airflow/dags/weather_dag.py took 0.248 seconds
[2026-08-07T16:37:29.791+0000] {processor.py:186} INFO - Started process (PID=14180) to work on /opt/airflow/dags/weather_dag.py
[2026-08-07T16:37:29.794+0000] {processor.py:914} INFO - Processing file /opt/airflow/dags/weather_dag.py for tasks to queue
[2026-08-07T16:37:29.801+0000] {logging_mixin.py:190} INFO - [2026-08-07T16:37:29.800+0000] {dagbag.py:588} INFO - Filling up the DagBag from /opt/airflow/dags/weather_dag.py
[2026-08-07T16:37:30.164+0000] {processor.py:925} INFO - DAG(s) 'weather_ingestion' retrieved from /opt/airflow/dags/weather_dag.py
[2026-08-07T16:37:30.182+0000] {logging_mixin.py:190} INFO - [2026-08-07T16:37:30.182+0000] {dag.py:3239} INFO - Sync 1 DAGs
[2026-08-07T16:37:30.195+0000] {logging_mixin.py:190} INFO - [2026-08-07T16:37:30.195+0000] {dag.py:4180} INFO - Setting next_dagrun for weather_ingestion to 2026-08-07 16:00:00+00:00, run_after=2026-08-07 17:00:00+00:00
[2026-08-07T16:37:30.204+0000] {processor.py:208} INFO - Processing /opt/airflow/dags/weather_dag.py took 0.428 seconds
[2026-08-07T16:38:00.602+0000] {processor.py:186} INFO - Started process (PID=14187) to work on /opt/airflow/dags/weather_dag.py
[2026-08-07T16:38:00.604+0000] {processor.py:914} INFO - Processing file /opt/airflow/dags/weather_dag.py for tasks to queue
[2026-08-07T16:38:00.607+0000] {logging_mixin.py:190} INFO - [2026-08-07T16:38:00.606+0000] {dagbag.py:588} INFO - Filling up the DagBag from /opt/airflow/dags/weather_dag.py
[2026-08-07T16:38:00.827+0000] {processor.py:925} INFO - DAG(s) 'weather_ingestion' retrieved from /opt/airflow/dags/weather_dag.py
[2026-08-07T16:38:00.840+0000] {logging_mixin.py:190} INFO - [2026-08-07T16:38:00.840+0000] {dag.py:3239} INFO - Sync 1 DAGs
[2026-08-07T16:38:00.850+0000] {logging_mixin.py:190} INFO - [2026-08-07T16:38:00.850+0000] {dag.py:4180} INFO - Setting next_dagrun for weather_ingestion to 2026-08-07 16:00:00+00:00, run_after=2026-08-07 17:00:00+00:00
[2026-08-07T16:38:00.856+0000] {processor.py:208} INFO - Processing /opt/airflow/dags/weather_dag.py took 0.263 seconds
[2026-08-07T16:38:30.974+0000] {processor.py:186} INFO - Started process (PID=14194) to work on /opt/airflow/dags/weather_dag.py
[2026-08-07T16:38:30.976+0000] {processor.py:914} INFO - Processing file /opt/airflow/dags/weather_dag.py for tasks to queue
[2026-08-07T16:38:30.979+0000] {logging_mixin.py:190} INFO - [2026-08-07T16:38:30.978+0000] {dagbag.py:588} INFO - Filling up the DagBag from /opt/airflow/dags/weather_dag.py
[2026-08-07T16:38:31.189+0000] {processor.py:925} INFO - DAG(s) 'weather_ingestion' retrieved from /opt/airflow/dags/weather_dag.py
[2026-08-07T16:38:31.201+0000] {logging_mixin.py:190} INFO - [2026-08-07T16:38:31.201+0000] {dag.py:3239} INFO - Sync 1 DAGs
[2026-08-07T16:38:31.212+0000] {logging_mixin.py:190} INFO - [2026-08-07T16:38:31.212+0000] {dag.py:4180} INFO - Setting next_dagrun for weather_ingestion to 2026-08-07 16:00:00+00:00, run_after=2026-08-07 17:00:00+00:00
[2026-08-07T16:38:31.219+0000] {processor.py:208} INFO - Processing /opt/airflow/dags/weather_dag.py took 0.252 seconds
[2026-08-07T16:39:01.635+0000] {processor.py:186} INFO - Started process (PID=14201) to work on /opt/airflow/dags/weather_dag.py
[2026-08-07T16:39:01.636+0000] {processor.py:914} INFO - Processing file /opt/airflow/dags/weather_dag.py for tasks to queue
[2026-08-07T16:39:01.641+0000] {logging_mixin.py:190} INFO - [2026-08-07T16:39:01.641+0000] {dagbag.py:588} INFO - Filling up the DagBag from /opt/airflow/dags/weather_dag.py
[2026-08-07T16:39:01.902+0000] {processor.py:925} INFO - DAG(s) 'weather_ingestion' retrieved from /opt/airflow/dags/weather_dag.py
[2026-08-07T16:39:01.917+0000] {logging_mixin.py:190} INFO - [2026-08-07T16:39:01.917+0000] {dag.py:3239} INFO - Sync 1 DAGs
[2026-08-07T16:39:01.929+0000] {logging_mixin.py:190} INFO - [2026-08-07T16:39:01.929+0000] {dag.py:4180} INFO - Setting next_dagrun for weather_ingestion to 2026-08-07 16:00:00+00:00, run_after=2026-08-07 17:00:00+00:00
[2026-08-07T16:39:01.938+0000] {processor.py:208} INFO - Processing /opt/airflow/dags/weather_dag.py took 0.313 seconds
[2026-08-07T16:39:32.043+0000] {processor.py:186} INFO - Started process (PID=14208) to work on /opt/airflow/dags/weather_dag.py
[2026-08-07T16:39:32.046+0000] {processor.py:914} INFO - Processing file /opt/airflow/dags/weather_dag.py for tasks to queue
[2026-08-07T16:39:32.049+0000] {logging_mixin.py:190} INFO - [2026-08-07T16:39:32.048+0000] {dagbag.py:588} INFO - Filling up the DagBag from /opt/airflow/dags/weather_dag.py
[2026-08-07T16:39:32.253+0000] {processor.py:925} INFO - DAG(s) 'weather_ingestion' retrieved from /opt/airflow/dags/weather_dag.py
[2026-08-07T16:39:32.264+0000] {logging_mixin.py:190} INFO - [2026-08-07T16:39:32.264+0000] {dag.py:3239} INFO - Sync 1 DAGs
[2026-08-07T16:39:32.273+0000] {logging_mixin.py:190} INFO - [2026-08-07T16:39:32.272+0000] {dag.py:4180} INFO - Setting next_dagrun for weather_ingestion to 2026-08-07 16:00:00+00:00, run_after=2026-08-07 17:00:00+00:00
[2026-08-07T16:39:32.279+0000] {processor.py:208} INFO - Processing /opt/airflow/dags/weather_dag.py took 0.242 seconds
[2026-08-07T16:40:02.693+0000] {processor.py:186} INFO - Started process (PID=14215) to work on /opt/airflow/dags/weather_dag.py
[2026-08-07T16:40:02.694+0000] {processor.py:914} INFO - Processing file /opt/airflow/dags/weather_dag.py for tasks to queue
[2026-08-07T16:40:02.696+0000] {logging_mixin.py:190} INFO - [2026-08-07T16:40:02.696+0000] {dagbag.py:588} INFO - Filling up the DagBag from /opt/airflow/dags/weather_dag.py
[2026-08-07T16:40:02.925+0000] {processor.py:925} INFO - DAG(s) 'weather_ingestion' retrieved from /opt/airflow/dags/weather_dag.py
[2026-08-07T16:40:02.937+0000] {logging_mixin.py:190} INFO - [2026-08-07T16:40:02.937+0000] {dag.py:3239} INFO - Sync 1 DAGs
[2026-08-07T16:40:02.947+0000] {logging_mixin.py:190} INFO - [2026-08-07T16:40:02.947+0000] {dag.py:4180} INFO - Setting next_dagrun for weather_ingestion to 2026-08-07 16:00:00+00:00, run_after=2026-08-07 17:00:00+00:00
[2026-08-07T16:40:02.953+0000] {processor.py:208} INFO - Processing /opt/airflow/dags/weather_dag.py took 0.268 seconds
[2026-08-07T16:40:33.083+0000] {processor.py:186} INFO - Started process (PID=14222) to work on /opt/airflow/dags/weather_dag.py
[2026-08-07T16:40:33.086+0000] {processor.py:914} INFO - Processing file /opt/airflow/dags/weather_dag.py for tasks to queue
[2026-08-07T16:40:33.088+0000] {logging_mixin.py:190} INFO - [2026-08-07T16:40:33.087+0000] {dagbag.py:588} INFO - Filling up the DagBag from /opt/airflow/dags/weather_dag.py
[2026-08-07T16:40:33.326+0000] {processor.py:925} INFO - DAG(s) 'weather_ingestion' retrieved from /opt/airflow/dags/weather_dag.py
[2026-08-07T16:40:33.337+0000] {logging_mixin.py:190} INFO - [2026-08-07T16:40:33.337+0000] {dag.py:3239} INFO - Sync 1 DAGs
[2026-08-07T16:40:33.346+0000] {logging_mixin.py:190} INFO - [2026-08-07T16:40:33.346+0000] {dag.py:4180} INFO - Setting next_dagrun for weather_ingestion to 2026-08-07 16:00:00+00:00, run_after=2026-08-07 17:00:00+00:00
[2026-08-07T16:40:33.353+0000] {processor.py:208} INFO - Processing /opt/airflow/dags/weather_dag.py took 0.276 seconds
[2026-08-07T16:41:03.651+0000] {processor.py:186} INFO - Started process (PID=14229) to work on /opt/airflow/dags/weather_dag.py
[2026-08-07T16:41:03.653+0000] {processor.py:914} INFO - Processing file /opt/airflow/dags/weather_dag.py for tasks to queue
[2026-08-07T16:41:03.655+0000] {logging_mixin.py:190} INFO - [2026-08-07T16:41:03.654+0000] {dagbag.py:588} INFO - Filling up the DagBag from /opt/airflow/dags/weather_dag.py
[2026-08-07T16:41:03.867+0000] {processor.py:925} INFO - DAG(s) 'weather_ingestion' retrieved from /opt/airflow/dags/weather_dag.py
[2026-08-07T16:41:03.878+0000] {logging_mixin.py:190} INFO - [2026-08-07T16:41:03.878+0000] {dag.py:3239} INFO - Sync 1 DAGs
[2026-08-07T16:41:03.887+0000] {logging_mixin.py:190} INFO - [2026-08-07T16:41:03.887+0000] {dag.py:4180} INFO - Setting next_dagrun for weather_ingestion to 2026-08-07 16:00:00+00:00, run_after=2026-08-07 17:00:00+00:00
[2026-08-07T16:41:03.894+0000] {processor.py:208} INFO - Processing /opt/airflow/dags/weather_dag.py took 0.249 seconds
[2026-08-07T16:41:34.000+0000] {processor.py:186} INFO - Started process (PID=14236) to work on /opt/airflow/dags/weather_dag.py
[2026-08-07T16:41:34.002+0000] {processor.py:914} INFO - Processing file /opt/airflow/dags/weather_dag.py for tasks to queue
[2026-08-07T16:41:34.004+0000] {logging_mixin.py:190} INFO - [2026-08-07T16:41:34.004+0000] {dagbag.py:588} INFO - Filling up the DagBag from /opt/airflow/dags/weather_dag.py
[2026-08-07T16:41:34.213+0000] {processor.py:925} INFO - DAG(s) 'weather_ingestion' retrieved from /opt/airflow/dags/weather_dag.py
[2026-08-07T16:41:34.224+0000] {logging_mixin.py:190} INFO - [2026-08-07T16:41:34.223+0000] {dag.py:3239} INFO - Sync 1 DAGs
[2026-08-07T16:41:34.233+0000] {logging_mixin.py:190} INFO - [2026-08-07T16:41:34.232+0000] {dag.py:4180} INFO - Setting next_dagrun for weather_ingestion to 2026-08-07 16:00:00+00:00, run_after=2026-08-07 17:00:00+00:00
[2026-08-07T16:41:34.239+0000] {processor.py:208} INFO - Processing /opt/airflow/dags/weather_dag.py took 0.245 seconds
[2026-08-07T16:42:04.590+0000] {processor.py:186} INFO - Started process (PID=14243) to work on /opt/airflow/dags/weather_dag.py
[2026-08-07T16:42:04.593+0000] {processor.py:914} INFO - Processing file /opt/airflow/dags/weather_dag.py for tasks to queue
[2026-08-07T16:42:04.595+0000] {logging_mixin.py:190} INFO - [2026-08-07T16:42:04.594+0000] {dagbag.py:588} INFO - Filling up the DagBag from /opt/airflow/dags/weather_dag.py
[2026-08-07T16:42:04.802+0000] {processor.py:925} INFO - DAG(s) 'weather_ingestion' retrieved from /opt/airflow/dags/weather_dag.py
[2026-08-07T16:42:04.814+0000] {logging_mixin.py:190} INFO - [2026-08-07T16:42:04.814+0000] {dag.py:3239} INFO - Sync 1 DAGs
[2026-08-07T16:42:04.823+0000] {logging_mixin.py:190} INFO - [2026-08-07T16:42:04.823+0000] {dag.py:4180} INFO - Setting next_dagrun for weather_ingestion to 2026-08-07 16:00:00+00:00, run_after=2026-08-07 17:00:00+00:00
[2026-08-07T16:42:04.830+0000] {processor.py:208} INFO - Processing /opt/airflow/dags/weather_dag.py took 0.245 seconds
[2026-08-07T16:42:34.970+0000] {processor.py:186} INFO - Started process (PID=14250) to work on /opt/airflow/dags/weather_dag.py
[2026-08-07T16:42:34.972+0000] {processor.py:914} INFO - Processing file /opt/airflow/dags/weather_dag.py for tasks to queue
[2026-08-07T16:42:34.975+0000] {logging_mixin.py:190} INFO - [2026-08-07T16:42:34.975+0000] {dagbag.py:588} INFO - Filling up the DagBag from /opt/airflow/dags/weather_dag.py
[2026-08-07T16:42:35.182+0000] {processor.py:925} INFO - DAG(s) 'weather_ingestion' retrieved from /opt/airflow/dags/weather_dag.py
[2026-08-07T16:42:35.193+0000] {logging_mixin.py:190} INFO - [2026-08-07T16:42:35.193+0000] {dag.py:3239} INFO - Sync 1 DAGs
[2026-08-07T16:42:35.202+0000] {logging_mixin.py:190} INFO - [2026-08-07T16:42:35.202+0000] {dag.py:4180} INFO - Setting next_dagrun for weather_ingestion to 2026-08-07 16:00:00+00:00, run_after=2026-08-07 17:00:00+00:00
[2026-08-07T16:42:35.208+0000] {processor.py:208} INFO - Processing /opt/airflow/dags/weather_dag.py took 0.244 seconds
[2026-08-07T16:43:05.373+0000] {processor.py:186} INFO - Started process (PID=14257) to work on /opt/airflow/dags/weather_dag.py
[2026-08-07T16:43:05.376+0000] {processor.py:914} INFO - Processing file /opt/airflow/dags/weather_dag.py for tasks to queue
[2026-08-07T16:43:05.380+0000] {logging_mixin.py:190} INFO - [2026-08-07T16:43:05.379+0000] {dagbag.py:588} INFO - Filling up the DagBag from /opt/airflow/dags/weather_dag.py
[2026-08-07T16:43:05.639+0000] {processor.py:925} INFO - DAG(s) 'weather_ingestion' retrieved from /opt/airflow/dags/weather_dag.py
[2026-08-07T16:43:05.653+0000] {logging_mixin.py:190} INFO - [2026-08-07T16:43:05.653+0000] {dag.py:3239} INFO - Sync 1 DAGs
[2026-08-07T16:43:05.665+0000] {logging_mixin.py:190} INFO - [2026-08-07T16:43:05.665+0000] {dag.py:4180} INFO - Setting next_dagrun for weather_ingestion to 2026-08-07 16:00:00+00:00, run_after=2026-08-07 17:00:00+00:00
[2026-08-07T16:43:05.672+0000] {processor.py:208} INFO - Processing /opt/airflow/dags/weather_dag.py took 0.309 seconds
[2026-08-07T16:43:35.971+0000] {processor.py:186} INFO - Started process (PID=14264) to work on /opt/airflow/dags/weather_dag.py
[2026-08-07T16:43:35.973+0000] {processor.py:914} INFO - Processing file /opt/airflow/dags/weather_dag.py for tasks to queue
[2026-08-07T16:43:35.975+0000] {logging_mixin.py:190} INFO - [2026-08-07T16:43:35.975+0000] {dagbag.py:588} INFO - Filling up the DagBag from /opt/airflow/dags/weather_dag.py
[2026-08-07T16:43:36.181+0000] {processor.py:925} INFO - DAG(s) 'weather_ingestion' retrieved from /opt/airflow/dags/weather_dag.py
[2026-08-07T16:43:36.192+0000] {logging_mixin.py:190} INFO - [2026-08-07T16:43:36.192+0000] {dag.py:3239} INFO - Sync 1 DAGs
[2026-08-07T16:43:36.202+0000] {logging_mixin.py:190} INFO - [2026-08-07T16:43:36.202+0000] {dag.py:4180} INFO - Setting next_dagrun for weather_ingestion to 2026-08-07 16:00:00+00:00, run_after=2026-08-07 17:00:00+00:00
[2026-08-07T16:43:36.208+0000] {processor.py:208} INFO - Processing /opt/airflow/dags/weather_dag.py took 0.261 seconds
[2026-08-07T16:44:06.425+0000] {processor.py:186} INFO - Started process (PID=14271) to work on /opt/airflow/dags/weather_dag.py
[2026-08-07T16:44:06.438+0000] {processor.py:914} INFO - Processing file /opt/airflow/dags/weather_dag.py for tasks to queue
[2026-08-07T16:44:06.459+0000] {logging_mixin.py:190} INFO - [2026-08-07T16:44:06.457+0000] {dagbag.py:588} INFO - Filling up the DagBag from /opt/airflow/dags/weather_dag.py
[2026-08-07T16:44:07.015+0000] {processor.py:925} INFO - DAG(s) 'weather_ingestion' retrieved from /opt/airflow/dags/weather_dag.py
[2026-08-07T16:44:07.028+0000] {logging_mixin.py:190} INFO - [2026-08-07T16:44:07.028+0000] {dag.py:3239} INFO - Sync 1 DAGs
[2026-08-07T16:44:07.039+0000] {logging_mixin.py:190} INFO - [2026-08-07T16:44:07.039+0000] {dag.py:4180} INFO - Setting next_dagrun for weather_ingestion to 2026-08-07 16:00:00+00:00, run_after=2026-08-07 17:00:00+00:00
[2026-08-07T16:44:07.047+0000] {processor.py:208} INFO - Processing /opt/airflow/dags/weather_dag.py took 0.658 seconds
[2026-08-07T16:44:37.431+0000] {processor.py:186} INFO - Started process (PID=14278) to work on /opt/airflow/dags/weather_dag.py
[2026-08-07T16:44:37.433+0000] {processor.py:914} INFO - Processing file /opt/airflow/dags/weather_dag.py for tasks to queue
[2026-08-07T16:44:37.435+0000] {logging_mixin.py:190} INFO - [2026-08-07T16:44:37.435+0000] {dagbag.py:588} INFO - Filling up the DagBag from /opt/airflow/dags/weather_dag.py
[2026-08-07T16:44:37.644+0000] {processor.py:925} INFO - DAG(s) 'weather_ingestion' retrieved from /opt/airflow/dags/weather_dag.py
[2026-08-07T16:44:37.656+0000] {logging_mixin.py:190} INFO - [2026-08-07T16:44:37.656+0000] {dag.py:3239} INFO - Sync 1 DAGs
[2026-08-07T16:44:37.666+0000] {logging_mixin.py:190} INFO - [2026-08-07T16:44:37.666+0000] {dag.py:4180} INFO - Setting next_dagrun for weather_ingestion to 2026-08-07 16:00:00+00:00, run_after=2026-08-07 17:00:00+00:00
[2026-08-07T16:44:37.672+0000] {processor.py:208} INFO - Processing /opt/airflow/dags/weather_dag.py took 0.250 seconds
[2026-08-07T16:45:07.859+0000] {processor.py:186} INFO - Started process (PID=14285) to work on /opt/airflow/dags/weather_dag.py
[2026-08-07T16:45:07.860+0000] {processor.py:914} INFO - Processing file /opt/airflow/dags/weather_dag.py for tasks to queue
[2026-08-07T16:45:07.863+0000] {logging_mixin.py:190} INFO - [2026-08-07T16:45:07.863+0000] {dagbag.py:588} INFO - Filling up the DagBag from /opt/airflow/dags/weather_dag.py
[2026-08-07T16:45:08.233+0000] {processor.py:925} INFO - DAG(s) 'weather_ingestion' retrieved from /opt/airflow/dags/weather_dag.py
[2026-08-07T16:45:08.250+0000] {logging_mixin.py:190} INFO - [2026-08-07T16:45:08.249+0000] {dag.py:3239} INFO - Sync 1 DAGs
[2026-08-07T16:45:08.266+0000] {logging_mixin.py:190} INFO - [2026-08-07T16:45:08.266+0000] {dag.py:4180} INFO - Setting next_dagrun for weather_ingestion to 2026-08-07 16:00:00+00:00, run_after=2026-08-07 17:00:00+00:00
[2026-08-07T16:45:08.274+0000] {processor.py:208} INFO - Processing /opt/airflow/dags/weather_dag.py took 0.425 seconds
[2026-08-07T16:45:38.451+0000] {processor.py:186} INFO - Started process (PID=14292) to work on /opt/airflow/dags/weather_dag.py
[2026-08-07T16:45:38.453+0000] {processor.py:914} INFO - Processing file /opt/airflow/dags/weather_dag.py for tasks to queue
[2026-08-07T16:45:38.455+0000] {logging_mixin.py:190} INFO - [2026-08-07T16:45:38.455+0000] {dagbag.py:588} INFO - Filling up the DagBag from /opt/airflow/dags/weather_dag.py
[2026-08-07T16:45:38.663+0000] {processor.py:925} INFO - DAG(s) 'weather_ingestion' retrieved from /opt/airflow/dags/weather_dag.py
[2026-08-07T16:45:38.673+0000] {logging_mixin.py:190} INFO - [2026-08-07T16:45:38.673+0000] {dag.py:3239} INFO - Sync 1 DAGs
[2026-08-07T16:45:38.682+0000] {logging_mixin.py:190} INFO - [2026-08-07T16:45:38.682+0000] {dag.py:4180} INFO - Setting next_dagrun for weather_ingestion to 2026-08-07 16:00:00+00:00, run_after=2026-08-07 17:00:00+00:00
[2026-08-07T16:45:38.688+0000] {processor.py:208} INFO - Processing /opt/airflow/dags/weather_dag.py took 0.245 seconds
[2026-08-07T16:46:09.060+0000] {processor.py:186} INFO - Started process (PID=14299) to work on /opt/airflow/dags/weather_dag.py
[2026-08-07T16:46:09.063+0000] {processor.py:914} INFO - Processing file /opt/airflow/dags/weather_dag.py for tasks to queue
[2026-08-07T16:46:09.066+0000] {logging_mixin.py:190} INFO - [2026-08-07T16:46:09.065+0000] {dagbag.py:588} INFO - Filling up the DagBag from /opt/airflow/dags/weather_dag.py
[2026-08-07T16:46:09.289+0000] {processor.py:925} INFO - DAG(s) 'weather_ingestion' retrieved from /opt/airflow/dags/weather_dag.py
[2026-08-07T16:46:09.301+0000] {logging_mixin.py:190} INFO - [2026-08-07T16:46:09.300+0000] {dag.py:3239} INFO - Sync 1 DAGs
[2026-08-07T16:46:09.309+0000] {logging_mixin.py:190} INFO - [2026-08-07T16:46:09.309+0000] {dag.py:4180} INFO - Setting next_dagrun for weather_ingestion to 2026-08-07 16:00:00+00:00, run_after=2026-08-07 17:00:00+00:00
[2026-08-07T16:46:09.317+0000] {processor.py:208} INFO - Processing /opt/airflow/dags/weather_dag.py took 0.265 seconds
[2026-08-07T16:46:39.471+0000] {processor.py:186} INFO - Started process (PID=14306) to work on /opt/airflow/dags/weather_dag.py
[2026-08-07T16:46:39.474+0000] {processor.py:914} INFO - Processing file /opt/airflow/dags/weather_dag.py for tasks to queue
[2026-08-07T16:46:39.477+0000] {logging_mixin.py:190} INFO - [2026-08-07T16:46:39.476+0000] {dagbag.py:588} INFO - Filling up the DagBag from /opt/airflow/dags/weather_dag.py
[2026-08-07T16:46:39.699+0000] {processor.py:925} INFO - DAG(s) 'weather_ingestion' retrieved from /opt/airflow/dags/weather_dag.py
[2026-08-07T16:46:39.710+0000] {logging_mixin.py:190} INFO - [2026-08-07T16:46:39.710+0000] {dag.py:3239} INFO - Sync 1 DAGs
[2026-08-07T16:46:39.720+0000] {logging_mixin.py:190} INFO - [2026-08-07T16:46:39.720+0000] {dag.py:4180} INFO - Setting next_dagrun for weather_ingestion to 2026-08-07 16:00:00+00:00, run_after=2026-08-07 17:00:00+00:00
[2026-08-07T16:46:39.726+0000] {processor.py:208} INFO - Processing /opt/airflow/dags/weather_dag.py took 0.261 seconds
[2026-08-07T16:47:09.977+0000] {processor.py:186} INFO - Started process (PID=14313) to work on /opt/airflow/dags/weather_dag.py
[2026-08-07T16:47:09.978+0000] {processor.py:914} INFO - Processing file /opt/airflow/dags/weather_dag.py for tasks to queue
[2026-08-07T16:47:09.980+0000] {logging_mixin.py:190} INFO - [2026-08-07T16:47:09.980+0000] {dagbag.py:588} INFO - Filling up the DagBag from /opt/airflow/dags/weather_dag.py
[2026-08-07T16:47:10.184+0000] {processor.py:925} INFO - DAG(s) 'weather_ingestion' retrieved from /opt/airflow/dags/weather_dag.py
[2026-08-07T16:47:10.195+0000] {logging_mixin.py:190} INFO - [2026-08-07T16:47:10.195+0000] {dag.py:3239} INFO - Sync 1 DAGs
[2026-08-07T16:47:10.206+0000] {logging_mixin.py:190} INFO - [2026-08-07T16:47:10.206+0000] {dag.py:4180} INFO - Setting next_dagrun for weather_ingestion to 2026-08-07 16:00:00+00:00, run_after=2026-08-07 17:00:00+00:00
[2026-08-07T16:47:10.212+0000] {processor.py:208} INFO - Processing /opt/airflow/dags/weather_dag.py took 0.239 seconds
[2026-08-07T16:47:40.300+0000] {processor.py:186} INFO - Started process (PID=14320) to work on /opt/airflow/dags/weather_dag.py
[2026-08-07T16:47:40.301+0000] {processor.py:914} INFO - Processing file /opt/airflow/dags/weather_dag.py for tasks to queue
[2026-08-07T16:47:40.304+0000] {logging_mixin.py:190} INFO - [2026-08-07T16:47:40.304+0000] {dagbag.py:588} INFO - Filling up the DagBag from /opt/airflow/dags/weather_dag.py
[2026-08-07T16:47:40.518+0000] {processor.py:925} INFO - DAG(s) 'weather_ingestion' retrieved from /opt/airflow/dags/weather_dag.py
[2026-08-07T16:47:40.530+0000] {logging_mixin.py:190} INFO - [2026-08-07T16:47:40.530+0000] {dag.py:3239} INFO - Sync 1 DAGs
[2026-08-07T16:47:40.541+0000] {logging_mixin.py:190} INFO - [2026-08-07T16:47:40.540+0000] {dag.py:4180} INFO - Setting next_dagrun for weather_ingestion to 2026-08-07 16:00:00+00:00, run_after=2026-08-07 17:00:00+00:00
[2026-08-07T16:47:40.547+0000] {processor.py:208} INFO - Processing /opt/airflow/dags/weather_dag.py took 0.252 seconds
[2026-08-07T16:48:10.636+0000] {processor.py:186} INFO - Started process (PID=14327) to work on /opt/airflow/dags/weather_dag.py
[2026-08-07T16:48:10.639+0000] {processor.py:914} INFO - Processing file /opt/airflow/dags/weather_dag.py for tasks to queue
[2026-08-07T16:48:10.642+0000] {logging_mixin.py:190} INFO - [2026-08-07T16:48:10.642+0000] {dagbag.py:588} INFO - Filling up the DagBag from /opt/airflow/dags/weather_dag.py
[2026-08-07T16:48:10.885+0000] {processor.py:925} INFO - DAG(s) 'weather_ingestion' retrieved from /opt/airflow/dags/weather_dag.py
[2026-08-07T16:48:10.898+0000] {logging_mixin.py:190} INFO - [2026-08-07T16:48:10.898+0000] {dag.py:3239} INFO - Sync 1 DAGs
[2026-08-07T16:48:10.908+0000] {logging_mixin.py:190} INFO - [2026-08-07T16:48:10.908+0000] {dag.py:4180} INFO - Setting next_dagrun for weather_ingestion to 2026-08-07 16:00:00+00:00, run_after=2026-08-07 17:00:00+00:00
[2026-08-07T16:48:10.914+0000] {processor.py:208} INFO - Processing /opt/airflow/dags/weather_dag.py took 0.288 seconds
[2026-08-07T16:48:41.277+0000] {processor.py:186} INFO - Started process (PID=14334) to work on /opt/airflow/dags/weather_dag.py
[2026-08-07T16:48:41.278+0000] {processor.py:914} INFO - Processing file /opt/airflow/dags/weather_dag.py for tasks to queue
[2026-08-07T16:48:41.279+0000] {logging_mixin.py:190} INFO - [2026-08-07T16:48:41.279+0000] {dagbag.py:588} INFO - Filling up the DagBag from /opt/airflow/dags/weather_dag.py
[2026-08-07T16:48:41.542+0000] {processor.py:925} INFO - DAG(s) 'weather_ingestion' retrieved from /opt/airflow/dags/weather_dag.py
[2026-08-07T16:48:41.568+0000] {logging_mixin.py:190} INFO - [2026-08-07T16:48:41.567+0000] {dag.py:3239} INFO - Sync 1 DAGs
[2026-08-07T16:48:41.580+0000] {logging_mixin.py:190} INFO - [2026-08-07T16:48:41.580+0000] {dag.py:4180} INFO - Setting next_dagrun for weather_ingestion to 2026-08-07 16:00:00+00:00, run_after=2026-08-07 17:00:00+00:00
[2026-08-07T16:48:41.588+0000] {processor.py:208} INFO - Processing /opt/airflow/dags/weather_dag.py took 0.316 seconds
[2026-08-07T16:49:11.655+0000] {processor.py:186} INFO - Started process (PID=14341) to work on /opt/airflow/dags/weather_dag.py
[2026-08-07T16:49:11.656+0000] {processor.py:914} INFO - Processing file /opt/airflow/dags/weather_dag.py for tasks to queue
[2026-08-07T16:49:11.658+0000] {logging_mixin.py:190} INFO - [2026-08-07T16:49:11.658+0000] {dagbag.py:588} INFO - Filling up the DagBag from /opt/airflow/dags/weather_dag.py
[2026-08-07T16:49:11.875+0000] {processor.py:925} INFO - DAG(s) 'weather_ingestion' retrieved from /opt/airflow/dags/weather_dag.py
[2026-08-07T16:49:11.887+0000] {logging_mixin.py:190} INFO - [2026-08-07T16:49:11.887+0000] {dag.py:3239} INFO - Sync 1 DAGs
[2026-08-07T16:49:11.897+0000] {logging_mixin.py:190} INFO - [2026-08-07T16:49:11.897+0000] {dag.py:4180} INFO - Setting next_dagrun for weather_ingestion to 2026-08-07 16:00:00+00:00, run_after=2026-08-07 17:00:00+00:00
[2026-08-07T16:49:11.903+0000] {processor.py:208} INFO - Processing /opt/airflow/dags/weather_dag.py took 0.257 seconds
[2026-08-07T16:49:42.003+0000] {processor.py:186} INFO - Started process (PID=14348) to work on /opt/airflow/dags/weather_dag.py
[2026-08-07T16:49:42.004+0000] {processor.py:914} INFO - Processing file /opt/airflow/dags/weather_dag.py for tasks to queue
[2026-08-07T16:49:42.007+0000] {logging_mixin.py:190} INFO - [2026-08-07T16:49:42.007+0000] {dagbag.py:588} INFO - Filling up the DagBag from /opt/airflow/dags/weather_dag.py
[2026-08-07T16:49:42.397+0000] {processor.py:925} INFO - DAG(s) 'weather_ingestion' retrieved from /opt/airflow/dags/weather_dag.py
[2026-08-07T16:49:42.418+0000] {logging_mixin.py:190} INFO - [2026-08-07T16:49:42.418+0000] {dag.py:3239} INFO - Sync 1 DAGs
[2026-08-07T16:49:42.439+0000] {logging_mixin.py:190} INFO - [2026-08-07T16:49:42.439+0000] {dag.py:4180} INFO - Setting next_dagrun for weather_ingestion to 2026-08-07 16:00:00+00:00, run_after=2026-08-07 17:00:00+00:00
[2026-08-07T16:49:42.448+0000] {processor.py:208} INFO - Processing /opt/airflow/dags/weather_dag.py took 0.455 seconds
[2026-08-07T16:50:12.702+0000] {processor.py:186} INFO - Started process (PID=14355) to work on /opt/airflow/dags/weather_dag.py
[2026-08-07T16:50:12.704+0000] {processor.py:914} INFO - Processing file /opt/airflow/dags/weather_dag.py for tasks to queue
[2026-08-07T16:50:12.708+0000] {logging_mixin.py:190} INFO - [2026-08-07T16:50:12.707+0000] {dagbag.py:588} INFO - Filling up the DagBag from /opt/airflow/dags/weather_dag.py
[2026-08-07T16:50:13.004+0000] {processor.py:925} INFO - DAG(s) 'weather_ingestion' retrieved from /opt/airflow/dags/weather_dag.py
[2026-08-07T16:50:13.019+0000] {logging_mixin.py:190} INFO - [2026-08-07T16:50:13.019+0000] {dag.py:3239} INFO - Sync 1 DAGs
[2026-08-07T16:50:13.032+0000] {logging_mixin.py:190} INFO - [2026-08-07T16:50:13.032+0000] {dag.py:4180} INFO - Setting next_dagrun for weather_ingestion to 2026-08-07 16:00:00+00:00, run_after=2026-08-07 17:00:00+00:00
[2026-08-07T16:50:13.040+0000] {processor.py:208} INFO - Processing /opt/airflow/dags/weather_dag.py took 0.350 seconds
[2026-08-07T16:50:43.183+0000] {processor.py:186} INFO - Started process (PID=14362) to work on /opt/airflow/dags/weather_dag.py
[2026-08-07T16:50:43.186+0000] {processor.py:914} INFO - Processing file /opt/airflow/dags/weather_dag.py for tasks to queue
[2026-08-07T16:50:43.188+0000] {logging_mixin.py:190} INFO - [2026-08-07T16:50:43.188+0000] {dagbag.py:588} INFO - Filling up the DagBag from /opt/airflow/dags/weather_dag.py
[2026-08-07T16:50:43.413+0000] {processor.py:925} INFO - DAG(s) 'weather_ingestion' retrieved from /opt/airflow/dags/weather_dag.py
[2026-08-07T16:50:43.426+0000] {logging_mixin.py:190} INFO - [2026-08-07T16:50:43.425+0000] {dag.py:3239} INFO - Sync 1 DAGs
[2026-08-07T16:50:43.436+0000] {logging_mixin.py:190} INFO - [2026-08-07T16:50:43.436+0000] {dag.py:4180} INFO - Setting next_dagrun for weather_ingestion to 2026-08-07 16:00:00+00:00, run_after=2026-08-07 17:00:00+00:00
[2026-08-07T16:50:43.442+0000] {processor.py:208} INFO - Processing /opt/airflow/dags/weather_dag.py took 0.265 seconds
[2026-08-07T16:51:13.751+0000] {processor.py:186} INFO - Started process (PID=14369) to work on /opt/airflow/dags/weather_dag.py
[2026-08-07T16:51:13.752+0000] {processor.py:914} INFO - Processing file /opt/airflow/dags/weather_dag.py for tasks to queue
[2026-08-07T16:51:13.753+0000] {logging_mixin.py:190} INFO - [2026-08-07T16:51:13.753+0000] {dagbag.py:588} INFO - Filling up the DagBag from /opt/airflow/dags/weather_dag.py
[2026-08-07T16:51:13.958+0000] {processor.py:925} INFO - DAG(s) 'weather_ingestion' retrieved from /opt/airflow/dags/weather_dag.py
[2026-08-07T16:51:13.969+0000] {logging_mixin.py:190} INFO - [2026-08-07T16:51:13.969+0000] {dag.py:3239} INFO - Sync 1 DAGs
[2026-08-07T16:51:13.979+0000] {logging_mixin.py:190} INFO - [2026-08-07T16:51:13.979+0000] {dag.py:4180} INFO - Setting next_dagrun for weather_ingestion to 2026-08-07 16:00:00+00:00, run_after=2026-08-07 17:00:00+00:00
[2026-08-07T16:51:13.986+0000] {processor.py:208} INFO - Processing /opt/airflow/dags/weather_dag.py took 0.238 seconds
[2026-08-07T16:51:44.129+0000] {processor.py:186} INFO - Started process (PID=14376) to work on /opt/airflow/dags/weather_dag.py
[2026-08-07T16:51:44.131+0000] {processor.py:914} INFO - Processing file /opt/airflow/dags/weather_dag.py for tasks to queue
[2026-08-07T16:51:44.134+0000] {logging_mixin.py:190} INFO - [2026-08-07T16:51:44.133+0000] {dagbag.py:588} INFO - Filling up the DagBag from /opt/airflow/dags/weather_dag.py
[2026-08-07T16:51:44.357+0000] {processor.py:925} INFO - DAG(s) 'weather_ingestion' retrieved from /opt/airflow/dags/weather_dag.py
[2026-08-07T16:51:44.370+0000] {logging_mixin.py:190} INFO - [2026-08-07T16:51:44.370+0000] {dag.py:3239} INFO - Sync 1 DAGs
[2026-08-07T16:51:44.379+0000] {logging_mixin.py:190} INFO - [2026-08-07T16:51:44.379+0000] {dag.py:4180} INFO - Setting next_dagrun for weather_ingestion to 2026-08-07 16:00:00+00:00, run_after=2026-08-07 17:00:00+00:00
[2026-08-07T16:51:44.386+0000] {processor.py:208} INFO - Processing /opt/airflow/dags/weather_dag.py took 0.264 seconds
[2026-08-07T16:52:14.725+0000] {processor.py:186} INFO - Started process (PID=14383) to work on /opt/airflow/dags/weather_dag.py
[2026-08-07T16:52:14.727+0000] {processor.py:914} INFO - Processing file /opt/airflow/dags/weather_dag.py for tasks to queue
[2026-08-07T16:52:14.728+0000] {logging_mixin.py:190} INFO - [2026-08-07T16:52:14.728+0000] {dagbag.py:588} INFO - Filling up the DagBag from /opt/airflow/dags/weather_dag.py
[2026-08-07T16:52:14.927+0000] {processor.py:925} INFO - DAG(s) 'weather_ingestion' retrieved from /opt/airflow/dags/weather_dag.py
[2026-08-07T16:52:14.939+0000] {logging_mixin.py:190} INFO - [2026-08-07T16:52:14.939+0000] {dag.py:3239} INFO - Sync 1 DAGs
[2026-08-07T16:52:14.950+0000] {logging_mixin.py:190} INFO - [2026-08-07T16:52:14.950+0000] {dag.py:4180} INFO - Setting next_dagrun for weather_ingestion to 2026-08-07 16:00:00+00:00, run_after=2026-08-07 17:00:00+00:00
[2026-08-07T16:52:14.957+0000] {processor.py:208} INFO - Processing /opt/airflow/dags/weather_dag.py took 0.235 seconds
[2026-08-07T16:52:45.071+0000] {processor.py:186} INFO - Started process (PID=14390) to work on /opt/airflow/dags/weather_dag.py
[2026-08-07T16:52:45.073+0000] {processor.py:914} INFO - Processing file /opt/airflow/dags/weather_dag.py for tasks to queue
[2026-08-07T16:52:45.075+0000] {logging_mixin.py:190} INFO - [2026-08-07T16:52:45.074+0000] {dagbag.py:588} INFO - Filling up the DagBag from /opt/airflow/dags/weather_dag.py
[2026-08-07T16:52:45.292+0000] {processor.py:925} INFO - DAG(s) 'weather_ingestion' retrieved from /opt/airflow/dags/weather_dag.py
[2026-08-07T16:52:45.303+0000] {logging_mixin.py:190} INFO - [2026-08-07T16:52:45.303+0000] {dag.py:3239} INFO - Sync 1 DAGs
[2026-08-07T16:52:45.313+0000] {logging_mixin.py:190} INFO - [2026-08-07T16:52:45.313+0000] {dag.py:4180} INFO - Setting next_dagrun for weather_ingestion to 2026-08-07 16:00:00+00:00, run_after=2026-08-07 17:00:00+00:00
[2026-08-07T16:52:45.319+0000] {processor.py:208} INFO - Processing /opt/airflow/dags/weather_dag.py took 0.254 seconds
[2026-08-07T16:53:15.980+0000] {processor.py:186} INFO - Started process (PID=14397) to work on /opt/airflow/dags/weather_dag.py
[2026-08-07T16:53:15.999+0000] {processor.py:914} INFO - Processing file /opt/airflow/dags/weather_dag.py for tasks to queue
[2026-08-07T16:53:16.015+0000] {logging_mixin.py:190} INFO - [2026-08-07T16:53:16.014+0000] {dagbag.py:588} INFO - Filling up the DagBag from /opt/airflow/dags/weather_dag.py
[2026-08-07T16:53:18.334+0000] {processor.py:925} INFO - DAG(s) 'weather_ingestion' retrieved from /opt/airflow/dags/weather_dag.py
[2026-08-07T16:53:18.373+0000] {logging_mixin.py:190} INFO - [2026-08-07T16:53:18.373+0000] {dag.py:3239} INFO - Sync 1 DAGs
[2026-08-07T16:53:18.411+0000] {logging_mixin.py:190} INFO - [2026-08-07T16:53:18.410+0000] {dag.py:4180} INFO - Setting next_dagrun for weather_ingestion to 2026-08-07 16:00:00+00:00, run_after=2026-08-07 17:00:00+00:00
[2026-08-07T16:53:18.439+0000] {processor.py:208} INFO - Processing /opt/airflow/dags/weather_dag.py took 2.473 seconds
[2026-08-07T17:09:05.983+0000] {processor.py:186} INFO - Started process (PID=14404) to work on /opt/airflow/dags/weather_dag.py
[2026-08-07T17:09:05.984+0000] {processor.py:914} INFO - Processing file /opt/airflow/dags/weather_dag.py for tasks to queue
[2026-08-07T17:09:05.986+0000] {logging_mixin.py:190} INFO - [2026-08-07T17:09:05.985+0000] {dagbag.py:588} INFO - Filling up the DagBag from /opt/airflow/dags/weather_dag.py
[2026-08-07T17:09:06.223+0000] {processor.py:925} INFO - DAG(s) 'weather_ingestion' retrieved from /opt/airflow/dags/weather_dag.py
[2026-08-07T17:09:06.239+0000] {logging_mixin.py:190} INFO - [2026-08-07T17:09:06.239+0000] {dag.py:3239} INFO - Sync 1 DAGs
[2026-08-07T17:09:06.249+0000] {logging_mixin.py:190} INFO - [2026-08-07T17:09:06.248+0000] {dag.py:4180} INFO - Setting next_dagrun for weather_ingestion to 2026-08-07 16:00:00+00:00, run_after=2026-08-07 17:00:00+00:00
[2026-08-07T17:09:06.255+0000] {processor.py:208} INFO - Processing /opt/airflow/dags/weather_dag.py took 0.276 seconds
[2026-08-07T17:09:36.441+0000] {processor.py:186} INFO - Started process (PID=14416) to work on /opt/airflow/dags/weather_dag.py
[2026-08-07T17:09:36.442+0000] {processor.py:914} INFO - Processing file /opt/airflow/dags/weather_dag.py for tasks to queue
[2026-08-07T17:09:36.447+0000] {logging_mixin.py:190} INFO - [2026-08-07T17:09:36.446+0000] {dagbag.py:588} INFO - Filling up the DagBag from /opt/airflow/dags/weather_dag.py
[2026-08-07T17:09:36.850+0000] {processor.py:925} INFO - DAG(s) 'weather_ingestion' retrieved from /opt/airflow/dags/weather_dag.py
[2026-08-07T17:09:36.872+0000] {logging_mixin.py:190} INFO - [2026-08-07T17:09:36.871+0000] {dag.py:3239} INFO - Sync 1 DAGs
[2026-08-07T17:09:36.894+0000] {logging_mixin.py:190} INFO - [2026-08-07T17:09:36.894+0000] {dag.py:4180} INFO - Setting next_dagrun for weather_ingestion to 2026-08-07 17:00:00+00:00, run_after=2026-08-07 18:00:00+00:00
[2026-08-07T17:09:36.904+0000] {processor.py:208} INFO - Processing /opt/airflow/dags/weather_dag.py took 0.475 seconds
[2026-08-07T17:13:38.654+0000] {processor.py:186} INFO - Started process (PID=14425) to work on /opt/airflow/dags/weather_dag.py
[2026-08-07T17:13:38.654+0000] {processor.py:914} INFO - Processing file /opt/airflow/dags/weather_dag.py for tasks to queue
[2026-08-07T17:13:38.656+0000] {logging_mixin.py:190} INFO - [2026-08-07T17:13:38.655+0000] {dagbag.py:588} INFO - Filling up the DagBag from /opt/airflow/dags/weather_dag.py
[2026-08-07T17:13:38.891+0000] {processor.py:925} INFO - DAG(s) 'weather_ingestion' retrieved from /opt/airflow/dags/weather_dag.py
[2026-08-07T17:13:38.908+0000] {logging_mixin.py:190} INFO - [2026-08-07T17:13:38.908+0000] {dag.py:3239} INFO - Sync 1 DAGs
[2026-08-07T17:13:38.921+0000] {logging_mixin.py:190} INFO - [2026-08-07T17:13:38.921+0000] {dag.py:4180} INFO - Setting next_dagrun for weather_ingestion to 2026-08-07 17:00:00+00:00, run_after=2026-08-07 18:00:00+00:00
[2026-08-07T17:13:38.953+0000] {processor.py:208} INFO - Processing /opt/airflow/dags/weather_dag.py took 0.304 seconds
[2026-08-07T17:14:09.038+0000] {processor.py:186} INFO - Started process (PID=14435) to work on /opt/airflow/dags/weather_dag.py
[2026-08-07T17:14:09.041+0000] {processor.py:914} INFO - Processing file /opt/airflow/dags/weather_dag.py for tasks to queue
[2026-08-07T17:14:09.048+0000] {logging_mixin.py:190} INFO - [2026-08-07T17:14:09.047+0000] {dagbag.py:588} INFO - Filling up the DagBag from /opt/airflow/dags/weather_dag.py
[2026-08-07T17:14:09.399+0000] {processor.py:925} INFO - DAG(s) 'weather_ingestion' retrieved from /opt/airflow/dags/weather_dag.py
[2026-08-07T17:14:09.416+0000] {logging_mixin.py:190} INFO - [2026-08-07T17:14:09.416+0000] {dag.py:3239} INFO - Sync 1 DAGs
[2026-08-07T17:14:09.431+0000] {logging_mixin.py:190} INFO - [2026-08-07T17:14:09.431+0000] {dag.py:4180} INFO - Setting next_dagrun for weather_ingestion to 2026-08-07 17:00:00+00:00, run_after=2026-08-07 18:00:00+00:00
[2026-08-07T17:14:09.443+0000] {processor.py:208} INFO - Processing /opt/airflow/dags/weather_dag.py took 0.419 seconds
[2026-08-07T17:14:39.607+0000] {processor.py:186} INFO - Started process (PID=14442) to work on /opt/airflow/dags/weather_dag.py
[2026-08-07T17:14:39.608+0000] {processor.py:914} INFO - Processing file /opt/airflow/dags/weather_dag.py for tasks to queue
[2026-08-07T17:14:39.611+0000] {logging_mixin.py:190} INFO - [2026-08-07T17:14:39.611+0000] {dagbag.py:588} INFO - Filling up the DagBag from /opt/airflow/dags/weather_dag.py
[2026-08-07T17:14:39.830+0000] {processor.py:925} INFO - DAG(s) 'weather_ingestion' retrieved from /opt/airflow/dags/weather_dag.py
[2026-08-07T17:14:39.841+0000] {logging_mixin.py:190} INFO - [2026-08-07T17:14:39.841+0000] {dag.py:3239} INFO - Sync 1 DAGs
[2026-08-07T17:14:39.851+0000] {logging_mixin.py:190} INFO - [2026-08-07T17:14:39.851+0000] {dag.py:4180} INFO - Setting next_dagrun for weather_ingestion to 2026-08-07 17:00:00+00:00, run_after=2026-08-07 18:00:00+00:00
[2026-08-07T17:14:39.857+0000] {processor.py:208} INFO - Processing /opt/airflow/dags/weather_dag.py took 0.257 seconds
[2026-08-07T17:15:10.165+0000] {processor.py:186} INFO - Started process (PID=14449) to work on /opt/airflow/dags/weather_dag.py
[2026-08-07T17:15:10.167+0000] {processor.py:914} INFO - Processing file /opt/airflow/dags/weather_dag.py for tasks to queue
[2026-08-07T17:15:10.168+0000] {logging_mixin.py:190} INFO - [2026-08-07T17:15:10.168+0000] {dagbag.py:588} INFO - Filling up the DagBag from /opt/airflow/dags/weather_dag.py
[2026-08-07T17:15:10.393+0000] {processor.py:925} INFO - DAG(s) 'weather_ingestion' retrieved from /opt/airflow/dags/weather_dag.py
[2026-08-07T17:15:10.406+0000] {logging_mixin.py:190} INFO - [2026-08-07T17:15:10.406+0000] {dag.py:3239} INFO - Sync 1 DAGs
[2026-08-07T17:15:10.418+0000] {logging_mixin.py:190} INFO - [2026-08-07T17:15:10.418+0000] {dag.py:4180} INFO - Setting next_dagrun for weather_ingestion to 2026-08-07 17:00:00+00:00, run_after=2026-08-07 18:00:00+00:00
[2026-08-07T17:15:10.425+0000] {processor.py:208} INFO - Processing /opt/airflow/dags/weather_dag.py took 0.266 seconds
[2026-08-07T17:15:40.578+0000] {processor.py:186} INFO - Started process (PID=14456) to work on /opt/airflow/dags/weather_dag.py
[2026-08-07T17:15:40.581+0000] {processor.py:914} INFO - Processing file /opt/airflow/dags/weather_dag.py for tasks to queue
[2026-08-07T17:15:40.587+0000] {logging_mixin.py:190} INFO - [2026-08-07T17:15:40.586+0000] {dagbag.py:588} INFO - Filling up the DagBag from /opt/airflow/dags/weather_dag.py
[2026-08-07T17:15:40.927+0000] {processor.py:925} INFO - DAG(s) 'weather_ingestion' retrieved from /opt/airflow/dags/weather_dag.py
[2026-08-07T17:15:40.945+0000] {logging_mixin.py:190} INFO - [2026-08-07T17:15:40.944+0000] {dag.py:3239} INFO - Sync 1 DAGs
[2026-08-07T17:15:40.957+0000] {logging_mixin.py:190} INFO - [2026-08-07T17:15:40.957+0000] {dag.py:4180} INFO - Setting next_dagrun for weather_ingestion to 2026-08-07 17:00:00+00:00, run_after=2026-08-07 18:00:00+00:00
[2026-08-07T17:15:40.965+0000] {processor.py:208} INFO - Processing /opt/airflow/dags/weather_dag.py took 0.401 seconds
[2026-08-07T17:16:11.156+0000] {processor.py:186} INFO - Started process (PID=14468) to work on /opt/airflow/dags/weather_dag.py
[2026-08-07T17:16:11.162+0000] {processor.py:914} INFO - Processing file /opt/airflow/dags/weather_dag.py for tasks to queue
[2026-08-07T17:16:11.177+0000] {logging_mixin.py:190} INFO - [2026-08-07T17:16:11.176+0000] {dagbag.py:588} INFO - Filling up the DagBag from /opt/airflow/dags/weather_dag.py
[2026-08-07T17:16:11.400+0000] {processor.py:925} INFO - DAG(s) 'weather_ingestion' retrieved from /opt/airflow/dags/weather_dag.py
[2026-08-07T17:16:11.411+0000] {logging_mixin.py:190} INFO - [2026-08-07T17:16:11.411+0000] {dag.py:3239} INFO - Sync 1 DAGs
[2026-08-07T17:16:11.421+0000] {logging_mixin.py:190} INFO - [2026-08-07T17:16:11.421+0000] {dag.py:4180} INFO - Setting next_dagrun for weather_ingestion to 2026-08-07 17:00:00+00:00, run_after=2026-08-07 18:00:00+00:00
[2026-08-07T17:16:11.427+0000] {processor.py:208} INFO - Processing /opt/airflow/dags/weather_dag.py took 0.278 seconds
[2026-08-07T17:32:25.952+0000] {processor.py:186} INFO - Started process (PID=14475) to work on /opt/airflow/dags/weather_dag.py
[2026-08-07T17:32:25.955+0000] {processor.py:914} INFO - Processing file /opt/airflow/dags/weather_dag.py for tasks to queue
[2026-08-07T17:32:25.968+0000] {logging_mixin.py:190} INFO - [2026-08-07T17:32:25.967+0000] {dagbag.py:588} INFO - Filling up the DagBag from /opt/airflow/dags/weather_dag.py
[2026-08-07T17:32:26.323+0000] {processor.py:925} INFO - DAG(s) 'weather_ingestion' retrieved from /opt/airflow/dags/weather_dag.py
[2026-08-07T17:32:26.342+0000] {logging_mixin.py:190} INFO - [2026-08-07T17:32:26.342+0000] {dag.py:3239} INFO - Sync 1 DAGs
[2026-08-07T17:32:26.354+0000] {logging_mixin.py:190} INFO - [2026-08-07T17:32:26.354+0000] {dag.py:4180} INFO - Setting next_dagrun for weather_ingestion to 2026-08-07 17:00:00+00:00, run_after=2026-08-07 18:00:00+00:00
[2026-08-07T17:32:26.363+0000] {processor.py:208} INFO - Processing /opt/airflow/dags/weather_dag.py took 0.421 seconds
[2026-08-07T17:32:56.756+0000] {processor.py:186} INFO - Started process (PID=14482) to work on /opt/airflow/dags/weather_dag.py
[2026-08-07T17:32:56.758+0000] {processor.py:914} INFO - Processing file /opt/airflow/dags/weather_dag.py for tasks to queue
[2026-08-07T17:32:56.762+0000] {logging_mixin.py:190} INFO - [2026-08-07T17:32:56.762+0000] {dagbag.py:588} INFO - Filling up the DagBag from /opt/airflow/dags/weather_dag.py
[2026-08-07T17:32:57.138+0000] {processor.py:925} INFO - DAG(s) 'weather_ingestion' retrieved from /opt/airflow/dags/weather_dag.py
[2026-08-07T17:32:57.157+0000] {logging_mixin.py:190} INFO - [2026-08-07T17:32:57.157+0000] {dag.py:3239} INFO - Sync 1 DAGs
[2026-08-07T17:32:57.174+0000] {logging_mixin.py:190} INFO - [2026-08-07T17:32:57.174+0000] {dag.py:4180} INFO - Setting next_dagrun for weather_ingestion to 2026-08-07 17:00:00+00:00, run_after=2026-08-07 18:00:00+00:00
[2026-08-07T17:32:57.187+0000] {processor.py:208} INFO - Processing /opt/airflow/dags/weather_dag.py took 0.443 seconds
[2026-08-07T17:33:27.560+0000] {processor.py:186} INFO - Started process (PID=14489) to work on /opt/airflow/dags/weather_dag.py
[2026-08-07T17:33:27.562+0000] {processor.py:914} INFO - Processing file /opt/airflow/dags/weather_dag.py for tasks to queue
[2026-08-07T17:33:27.564+0000] {logging_mixin.py:190} INFO - [2026-08-07T17:33:27.564+0000] {dagbag.py:588} INFO - Filling up the DagBag from /opt/airflow/dags/weather_dag.py
[2026-08-07T17:33:27.812+0000] {processor.py:925} INFO - DAG(s) 'weather_ingestion' retrieved from /opt/airflow/dags/weather_dag.py
[2026-08-07T17:33:27.823+0000] {logging_mixin.py:190} INFO - [2026-08-07T17:33:27.823+0000] {dag.py:3239} INFO - Sync 1 DAGs
[2026-08-07T17:33:27.834+0000] {logging_mixin.py:190} INFO - [2026-08-07T17:33:27.834+0000] {dag.py:4180} INFO - Setting next_dagrun for weather_ingestion to 2026-08-07 17:00:00+00:00, run_after=2026-08-07 18:00:00+00:00
[2026-08-07T17:33:27.840+0000] {processor.py:208} INFO - Processing /opt/airflow/dags/weather_dag.py took 0.286 seconds
[2026-08-07T17:33:57.928+0000] {processor.py:186} INFO - Started process (PID=14496) to work on /opt/airflow/dags/weather_dag.py
[2026-08-07T17:33:57.930+0000] {processor.py:914} INFO - Processing file /opt/airflow/dags/weather_dag.py for tasks to queue
[2026-08-07T17:33:57.933+0000] {logging_mixin.py:190} INFO - [2026-08-07T17:33:57.932+0000] {dagbag.py:588} INFO - Filling up the DagBag from /opt/airflow/dags/weather_dag.py
[2026-08-07T17:33:58.137+0000] {processor.py:925} INFO - DAG(s) 'weather_ingestion' retrieved from /opt/airflow/dags/weather_dag.py
[2026-08-07T17:33:58.150+0000] {logging_mixin.py:190} INFO - [2026-08-07T17:33:58.149+0000] {dag.py:3239} INFO - Sync 1 DAGs
[2026-08-07T17:33:58.160+0000] {logging_mixin.py:190} INFO - [2026-08-07T17:33:58.160+0000] {dag.py:4180} INFO - Setting next_dagrun for weather_ingestion to 2026-08-07 17:00:00+00:00, run_after=2026-08-07 18:00:00+00:00
[2026-08-07T17:33:58.167+0000] {processor.py:208} INFO - Processing /opt/airflow/dags/weather_dag.py took 0.246 seconds
[2026-08-07T17:51:18.983+0000] {processor.py:186} INFO - Started process (PID=14503) to work on /opt/airflow/dags/weather_dag.py
[2026-08-07T17:51:18.987+0000] {processor.py:914} INFO - Processing file /opt/airflow/dags/weather_dag.py for tasks to queue
[2026-08-07T17:51:18.993+0000] {logging_mixin.py:190} INFO - [2026-08-07T17:51:18.992+0000] {dagbag.py:588} INFO - Filling up the DagBag from /opt/airflow/dags/weather_dag.py
[2026-08-07T17:51:19.445+0000] {processor.py:925} INFO - DAG(s) 'weather_ingestion' retrieved from /opt/airflow/dags/weather_dag.py
[2026-08-07T17:51:19.461+0000] {logging_mixin.py:190} INFO - [2026-08-07T17:51:19.461+0000] {dag.py:3239} INFO - Sync 1 DAGs
[2026-08-07T17:51:19.474+0000] {logging_mixin.py:190} INFO - [2026-08-07T17:51:19.473+0000] {dag.py:4180} INFO - Setting next_dagrun for weather_ingestion to 2026-08-07 17:00:00+00:00, run_after=2026-08-07 18:00:00+00:00
[2026-08-07T17:51:19.482+0000] {processor.py:208} INFO - Processing /opt/airflow/dags/weather_dag.py took 0.510 seconds
[2026-08-07T17:51:49.958+0000] {processor.py:186} INFO - Started process (PID=14510) to work on /opt/airflow/dags/weather_dag.py
[2026-08-07T17:51:49.960+0000] {processor.py:914} INFO - Processing file /opt/airflow/dags/weather_dag.py for tasks to queue
[2026-08-07T17:51:49.979+0000] {logging_mixin.py:190} INFO - [2026-08-07T17:51:49.978+0000] {dagbag.py:588} INFO - Filling up the DagBag from /opt/airflow/dags/weather_dag.py
[2026-08-07T17:51:50.529+0000] {processor.py:925} INFO - DAG(s) 'weather_ingestion' retrieved from /opt/airflow/dags/weather_dag.py
[2026-08-07T17:51:50.574+0000] {logging_mixin.py:190} INFO - [2026-08-07T17:51:50.573+0000] {dag.py:3239} INFO - Sync 1 DAGs
[2026-08-07T17:51:50.624+0000] {logging_mixin.py:190} INFO - [2026-08-07T17:51:50.624+0000] {dag.py:4180} INFO - Setting next_dagrun for weather_ingestion to 2026-08-07 17:00:00+00:00, run_after=2026-08-07 18:00:00+00:00
[2026-08-07T17:51:50.637+0000] {processor.py:208} INFO - Processing /opt/airflow/dags/weather_dag.py took 0.695 seconds
[2026-08-07T17:52:20.692+0000] {processor.py:186} INFO - Started process (PID=14517) to work on /opt/airflow/dags/weather_dag.py
[2026-08-07T17:52:20.694+0000] {processor.py:914} INFO - Processing file /opt/airflow/dags/weather_dag.py for tasks to queue
[2026-08-07T17:52:20.697+0000] {logging_mixin.py:190} INFO - [2026-08-07T17:52:20.696+0000] {dagbag.py:588} INFO - Filling up the DagBag from /opt/airflow/dags/weather_dag.py
[2026-08-07T17:52:20.928+0000] {processor.py:925} INFO - DAG(s) 'weather_ingestion' retrieved from /opt/airflow/dags/weather_dag.py
[2026-08-07T17:52:20.942+0000] {logging_mixin.py:190} INFO - [2026-08-07T17:52:20.941+0000] {dag.py:3239} INFO - Sync 1 DAGs
[2026-08-07T17:52:20.953+0000] {logging_mixin.py:190} INFO - [2026-08-07T17:52:20.953+0000] {dag.py:4180} INFO - Setting next_dagrun for weather_ingestion to 2026-08-07 17:00:00+00:00, run_after=2026-08-07 18:00:00+00:00
[2026-08-07T17:52:20.960+0000] {processor.py:208} INFO - Processing /opt/airflow/dags/weather_dag.py took 0.276 seconds
[2026-08-07T17:52:51.455+0000] {processor.py:186} INFO - Started process (PID=14524) to work on /opt/airflow/dags/weather_dag.py
[2026-08-07T17:52:51.457+0000] {processor.py:914} INFO - Processing file /opt/airflow/dags/weather_dag.py for tasks to queue
[2026-08-07T17:52:51.461+0000] {logging_mixin.py:190} INFO - [2026-08-07T17:52:51.461+0000] {dagbag.py:588} INFO - Filling up the DagBag from /opt/airflow/dags/weather_dag.py
[2026-08-07T17:52:51.835+0000] {processor.py:925} INFO - DAG(s) 'weather_ingestion' retrieved from /opt/airflow/dags/weather_dag.py
[2026-08-07T17:52:51.853+0000] {logging_mixin.py:190} INFO - [2026-08-07T17:52:51.852+0000] {dag.py:3239} INFO - Sync 1 DAGs
[2026-08-07T17:52:51.865+0000] {logging_mixin.py:190} INFO - [2026-08-07T17:52:51.865+0000] {dag.py:4180} INFO - Setting next_dagrun for weather_ingestion to 2026-08-07 17:00:00+00:00, run_after=2026-08-07 18:00:00+00:00
[2026-08-07T17:52:51.872+0000] {processor.py:208} INFO - Processing /opt/airflow/dags/weather_dag.py took 0.432 seconds
[2026-08-07T17:53:22.211+0000] {processor.py:186} INFO - Started process (PID=14531) to work on /opt/airflow/dags/weather_dag.py
[2026-08-07T17:53:22.213+0000] {processor.py:914} INFO - Processing file /opt/airflow/dags/weather_dag.py for tasks to queue
[2026-08-07T17:53:22.216+0000] {logging_mixin.py:190} INFO - [2026-08-07T17:53:22.216+0000] {dagbag.py:588} INFO - Filling up the DagBag from /opt/airflow/dags/weather_dag.py
[2026-08-07T17:53:22.441+0000] {processor.py:925} INFO - DAG(s) 'weather_ingestion' retrieved from /opt/airflow/dags/weather_dag.py
[2026-08-07T17:53:22.452+0000] {logging_mixin.py:190} INFO - [2026-08-07T17:53:22.452+0000] {dag.py:3239} INFO - Sync 1 DAGs
[2026-08-07T17:53:22.462+0000] {logging_mixin.py:190} INFO - [2026-08-07T17:53:22.462+0000] {dag.py:4180} INFO - Setting next_dagrun for weather_ingestion to 2026-08-07 17:00:00+00:00, run_after=2026-08-07 18:00:00+00:00
[2026-08-07T17:53:22.469+0000] {processor.py:208} INFO - Processing /opt/airflow/dags/weather_dag.py took 0.265 seconds
[2026-08-07T18:09:29.362+0000] {processor.py:186} INFO - Started process (PID=14538) to work on /opt/airflow/dags/weather_dag.py
[2026-08-07T18:09:29.381+0000] {processor.py:914} INFO - Processing file /opt/airflow/dags/weather_dag.py for tasks to queue
[2026-08-07T18:09:29.509+0000] {logging_mixin.py:190} INFO - [2026-08-07T18:09:29.507+0000] {dagbag.py:588} INFO - Filling up the DagBag from /opt/airflow/dags/weather_dag.py
[2026-08-07T18:09:30.497+0000] {processor.py:925} INFO - DAG(s) 'weather_ingestion' retrieved from /opt/airflow/dags/weather_dag.py
[2026-08-07T18:09:30.558+0000] {logging_mixin.py:190} INFO - [2026-08-07T18:09:30.557+0000] {dag.py:3239} INFO - Sync 1 DAGs
[2026-08-07T18:09:30.789+0000] {logging_mixin.py:190} INFO - [2026-08-07T18:09:30.788+0000] {dag.py:4180} INFO - Setting next_dagrun for weather_ingestion to 2026-08-07 18:00:00+00:00, run_after=2026-08-07 19:00:00+00:00
[2026-08-07T18:09:30.918+0000] {processor.py:208} INFO - Processing /opt/airflow/dags/weather_dag.py took 1.810 seconds
[2026-08-07T18:10:01.111+0000] {processor.py:186} INFO - Started process (PID=14550) to work on /opt/airflow/dags/weather_dag.py
[2026-08-07T18:10:01.113+0000] {processor.py:914} INFO - Processing file /opt/airflow/dags/weather_dag.py for tasks to queue
[2026-08-07T18:10:01.117+0000] {logging_mixin.py:190} INFO - [2026-08-07T18:10:01.116+0000] {dagbag.py:588} INFO - Filling up the DagBag from /opt/airflow/dags/weather_dag.py
[2026-08-07T18:10:01.499+0000] {processor.py:925} INFO - DAG(s) 'weather_ingestion' retrieved from /opt/airflow/dags/weather_dag.py
[2026-08-07T18:10:01.557+0000] {logging_mixin.py:190} INFO - [2026-08-07T18:10:01.557+0000] {dag.py:3239} INFO - Sync 1 DAGs
[2026-08-07T18:10:01.572+0000] {logging_mixin.py:190} INFO - [2026-08-07T18:10:01.572+0000] {dag.py:4180} INFO - Setting next_dagrun for weather_ingestion to 2026-08-07 18:00:00+00:00, run_after=2026-08-07 19:00:00+00:00
[2026-08-07T18:10:01.581+0000] {processor.py:208} INFO - Processing /opt/airflow/dags/weather_dag.py took 0.478 seconds
[2026-08-07T18:10:32.010+0000] {processor.py:186} INFO - Started process (PID=14557) to work on /opt/airflow/dags/weather_dag.py
[2026-08-07T18:10:32.012+0000] {processor.py:914} INFO - Processing file /opt/airflow/dags/weather_dag.py for tasks to queue
[2026-08-07T18:10:32.017+0000] {logging_mixin.py:190} INFO - [2026-08-07T18:10:32.016+0000] {dagbag.py:588} INFO - Filling up the DagBag from /opt/airflow/dags/weather_dag.py
[2026-08-07T18:10:32.309+0000] {processor.py:925} INFO - DAG(s) 'weather_ingestion' retrieved from /opt/airflow/dags/weather_dag.py
[2026-08-07T18:10:32.325+0000] {logging_mixin.py:190} INFO - [2026-08-07T18:10:32.325+0000] {dag.py:3239} INFO - Sync 1 DAGs
[2026-08-07T18:10:32.338+0000] {logging_mixin.py:190} INFO - [2026-08-07T18:10:32.337+0000] {dag.py:4180} INFO - Setting next_dagrun for weather_ingestion to 2026-08-07 18:00:00+00:00, run_after=2026-08-07 19:00:00+00:00
[2026-08-07T18:10:32.345+0000] {processor.py:208} INFO - Processing /opt/airflow/dags/weather_dag.py took 0.363 seconds
[2026-08-07T18:11:02.696+0000] {processor.py:186} INFO - Started process (PID=14564) to work on /opt/airflow/dags/weather_dag.py
[2026-08-07T18:11:02.698+0000] {processor.py:914} INFO - Processing file /opt/airflow/dags/weather_dag.py for tasks to queue
[2026-08-07T18:11:02.700+0000] {logging_mixin.py:190} INFO - [2026-08-07T18:11:02.700+0000] {dagbag.py:588} INFO - Filling up the DagBag from /opt/airflow/dags/weather_dag.py
[2026-08-07T18:11:02.924+0000] {processor.py:925} INFO - DAG(s) 'weather_ingestion' retrieved from /opt/airflow/dags/weather_dag.py
[2026-08-07T18:11:02.935+0000] {logging_mixin.py:190} INFO - [2026-08-07T18:11:02.935+0000] {dag.py:3239} INFO - Sync 1 DAGs
[2026-08-07T18:11:02.946+0000] {logging_mixin.py:190} INFO - [2026-08-07T18:11:02.946+0000] {dag.py:4180} INFO - Setting next_dagrun for weather_ingestion to 2026-08-07 18:00:00+00:00, run_after=2026-08-07 19:00:00+00:00
[2026-08-07T18:11:02.956+0000] {processor.py:208} INFO - Processing /opt/airflow/dags/weather_dag.py took 0.266 seconds
[2026-08-07T18:11:33.069+0000] {processor.py:186} INFO - Started process (PID=14571) to work on /opt/airflow/dags/weather_dag.py
[2026-08-07T18:11:33.072+0000] {processor.py:914} INFO - Processing file /opt/airflow/dags/weather_dag.py for tasks to queue
[2026-08-07T18:11:33.075+0000] {logging_mixin.py:190} INFO - [2026-08-07T18:11:33.074+0000] {dagbag.py:588} INFO - Filling up the DagBag from /opt/airflow/dags/weather_dag.py
[2026-08-07T18:11:33.281+0000] {processor.py:925} INFO - DAG(s) 'weather_ingestion' retrieved from /opt/airflow/dags/weather_dag.py
[2026-08-07T18:11:33.294+0000] {logging_mixin.py:190} INFO - [2026-08-07T18:11:33.293+0000] {dag.py:3239} INFO - Sync 1 DAGs
[2026-08-07T18:11:33.305+0000] {logging_mixin.py:190} INFO - [2026-08-07T18:11:33.305+0000] {dag.py:4180} INFO - Setting next_dagrun for weather_ingestion to 2026-08-07 18:00:00+00:00, run_after=2026-08-07 19:00:00+00:00
[2026-08-07T18:11:33.311+0000] {processor.py:208} INFO - Processing /opt/airflow/dags/weather_dag.py took 0.248 seconds
[2026-08-07T18:28:16.862+0000] {processor.py:186} INFO - Started process (PID=14586) to work on /opt/airflow/dags/weather_dag.py
[2026-08-07T18:28:16.865+0000] {processor.py:914} INFO - Processing file /opt/airflow/dags/weather_dag.py for tasks to queue
[2026-08-07T18:28:16.868+0000] {logging_mixin.py:190} INFO - [2026-08-07T18:28:16.867+0000] {dagbag.py:588} INFO - Filling up the DagBag from /opt/airflow/dags/weather_dag.py
[2026-08-07T18:28:17.121+0000] {processor.py:925} INFO - DAG(s) 'weather_ingestion' retrieved from /opt/airflow/dags/weather_dag.py
[2026-08-07T18:28:17.139+0000] {logging_mixin.py:190} INFO - [2026-08-07T18:28:17.139+0000] {dag.py:3239} INFO - Sync 1 DAGs
[2026-08-07T18:28:17.152+0000] {logging_mixin.py:190} INFO - [2026-08-07T18:28:17.152+0000] {dag.py:4180} INFO - Setting next_dagrun for weather_ingestion to 2026-08-07 18:00:00+00:00, run_after=2026-08-07 19:00:00+00:00
[2026-08-07T18:28:17.159+0000] {processor.py:208} INFO - Processing /opt/airflow/dags/weather_dag.py took 0.302 seconds
[2026-08-07T18:28:47.350+0000] {processor.py:186} INFO - Started process (PID=14595) to work on /opt/airflow/dags/weather_dag.py
[2026-08-07T18:28:47.353+0000] {processor.py:914} INFO - Processing file /opt/airflow/dags/weather_dag.py for tasks to queue
[2026-08-07T18:28:47.357+0000] {logging_mixin.py:190} INFO - [2026-08-07T18:28:47.357+0000] {dagbag.py:588} INFO - Filling up the DagBag from /opt/airflow/dags/weather_dag.py
[2026-08-07T18:28:47.715+0000] {processor.py:925} INFO - DAG(s) 'weather_ingestion' retrieved from /opt/airflow/dags/weather_dag.py
[2026-08-07T18:28:47.738+0000] {logging_mixin.py:190} INFO - [2026-08-07T18:28:47.737+0000] {dag.py:3239} INFO - Sync 1 DAGs
[2026-08-07T18:28:47.753+0000] {logging_mixin.py:190} INFO - [2026-08-07T18:28:47.753+0000] {dag.py:4180} INFO - Setting next_dagrun for weather_ingestion to 2026-08-07 18:00:00+00:00, run_after=2026-08-07 19:00:00+00:00
[2026-08-07T18:28:47.763+0000] {processor.py:208} INFO - Processing /opt/airflow/dags/weather_dag.py took 0.429 seconds
[2026-08-07T18:29:17.897+0000] {processor.py:186} INFO - Started process (PID=14602) to work on /opt/airflow/dags/weather_dag.py
[2026-08-07T18:29:17.899+0000] {processor.py:914} INFO - Processing file /opt/airflow/dags/weather_dag.py for tasks to queue
[2026-08-07T18:29:17.902+0000] {logging_mixin.py:190} INFO - [2026-08-07T18:29:17.901+0000] {dagbag.py:588} INFO - Filling up the DagBag from /opt/airflow/dags/weather_dag.py
[2026-08-07T18:29:18.113+0000] {processor.py:925} INFO - DAG(s) 'weather_ingestion' retrieved from /opt/airflow/dags/weather_dag.py
[2026-08-07T18:29:18.124+0000] {logging_mixin.py:190} INFO - [2026-08-07T18:29:18.124+0000] {dag.py:3239} INFO - Sync 1 DAGs
[2026-08-07T18:29:18.135+0000] {logging_mixin.py:190} INFO - [2026-08-07T18:29:18.135+0000] {dag.py:4180} INFO - Setting next_dagrun for weather_ingestion to 2026-08-07 18:00:00+00:00, run_after=2026-08-07 19:00:00+00:00
[2026-08-07T18:29:18.142+0000] {processor.py:208} INFO - Processing /opt/airflow/dags/weather_dag.py took 0.254 seconds
[2026-08-07T18:29:48.527+0000] {processor.py:186} INFO - Started process (PID=14609) to work on /opt/airflow/dags/weather_dag.py
[2026-08-07T18:29:48.530+0000] {processor.py:914} INFO - Processing file /opt/airflow/dags/weather_dag.py for tasks to queue
[2026-08-07T18:29:48.535+0000] {logging_mixin.py:190} INFO - [2026-08-07T18:29:48.534+0000] {dagbag.py:588} INFO - Filling up the DagBag from /opt/airflow/dags/weather_dag.py
[2026-08-07T18:29:48.830+0000] {processor.py:925} INFO - DAG(s) 'weather_ingestion' retrieved from /opt/airflow/dags/weather_dag.py
[2026-08-07T18:29:48.846+0000] {logging_mixin.py:190} INFO - [2026-08-07T18:29:48.845+0000] {dag.py:3239} INFO - Sync 1 DAGs
[2026-08-07T18:29:48.866+0000] {logging_mixin.py:190} INFO - [2026-08-07T18:29:48.866+0000] {dag.py:4180} INFO - Setting next_dagrun for weather_ingestion to 2026-08-07 18:00:00+00:00, run_after=2026-08-07 19:00:00+00:00
[2026-08-07T18:29:48.874+0000] {processor.py:208} INFO - Processing /opt/airflow/dags/weather_dag.py took 0.358 seconds
[2026-08-07T18:45:31.713+0000] {processor.py:186} INFO - Started process (PID=14616) to work on /opt/airflow/dags/weather_dag.py
[2026-08-07T18:45:31.717+0000] {processor.py:914} INFO - Processing file /opt/airflow/dags/weather_dag.py for tasks to queue
[2026-08-07T18:45:31.723+0000] {logging_mixin.py:190} INFO - [2026-08-07T18:45:31.723+0000] {dagbag.py:588} INFO - Filling up the DagBag from /opt/airflow/dags/weather_dag.py
[2026-08-07T18:45:32.219+0000] {processor.py:925} INFO - DAG(s) 'weather_ingestion' retrieved from /opt/airflow/dags/weather_dag.py
[2026-08-07T18:45:32.260+0000] {logging_mixin.py:190} INFO - [2026-08-07T18:45:32.260+0000] {dag.py:3239} INFO - Sync 1 DAGs
[2026-08-07T18:45:32.278+0000] {logging_mixin.py:190} INFO - [2026-08-07T18:45:32.278+0000] {dag.py:4180} INFO - Setting next_dagrun for weather_ingestion to 2026-08-07 18:00:00+00:00, run_after=2026-08-07 19:00:00+00:00
[2026-08-07T18:45:32.289+0000] {processor.py:208} INFO - Processing /opt/airflow/dags/weather_dag.py took 0.593 seconds
[2026-08-07T18:46:02.730+0000] {processor.py:186} INFO - Started process (PID=14628) to work on /opt/airflow/dags/weather_dag.py
[2026-08-07T18:46:02.733+0000] {processor.py:914} INFO - Processing file /opt/airflow/dags/weather_dag.py for tasks to queue
[2026-08-07T18:46:02.741+0000] {logging_mixin.py:190} INFO - [2026-08-07T18:46:02.741+0000] {dagbag.py:588} INFO - Filling up the DagBag from /opt/airflow/dags/weather_dag.py
[2026-08-07T18:46:03.145+0000] {processor.py:925} INFO - DAG(s) 'weather_ingestion' retrieved from /opt/airflow/dags/weather_dag.py
[2026-08-07T18:46:03.167+0000] {logging_mixin.py:190} INFO - [2026-08-07T18:46:03.167+0000] {dag.py:3239} INFO - Sync 1 DAGs
[2026-08-07T18:46:03.183+0000] {logging_mixin.py:190} INFO - [2026-08-07T18:46:03.183+0000] {dag.py:4180} INFO - Setting next_dagrun for weather_ingestion to 2026-08-07 18:00:00+00:00, run_after=2026-08-07 19:00:00+00:00
[2026-08-07T18:46:03.192+0000] {processor.py:208} INFO - Processing /opt/airflow/dags/weather_dag.py took 0.490 seconds
[2026-08-07T18:46:33.516+0000] {processor.py:186} INFO - Started process (PID=14635) to work on /opt/airflow/dags/weather_dag.py
[2026-08-07T18:46:33.517+0000] {processor.py:914} INFO - Processing file /opt/airflow/dags/weather_dag.py for tasks to queue
[2026-08-07T18:46:33.520+0000] {logging_mixin.py:190} INFO - [2026-08-07T18:46:33.520+0000] {dagbag.py:588} INFO - Filling up the DagBag from /opt/airflow/dags/weather_dag.py
[2026-08-07T18:46:33.734+0000] {processor.py:925} INFO - DAG(s) 'weather_ingestion' retrieved from /opt/airflow/dags/weather_dag.py
[2026-08-07T18:46:33.748+0000] {logging_mixin.py:190} INFO - [2026-08-07T18:46:33.748+0000] {dag.py:3239} INFO - Sync 1 DAGs
[2026-08-07T18:46:33.758+0000] {logging_mixin.py:190} INFO - [2026-08-07T18:46:33.758+0000] {dag.py:4180} INFO - Setting next_dagrun for weather_ingestion to 2026-08-07 18:00:00+00:00, run_after=2026-08-07 19:00:00+00:00
[2026-08-07T18:46:33.765+0000] {processor.py:208} INFO - Processing /opt/airflow/dags/weather_dag.py took 0.257 seconds
[2026-08-07T18:47:03.915+0000] {processor.py:186} INFO - Started process (PID=14642) to work on /opt/airflow/dags/weather_dag.py
[2026-08-07T18:47:03.917+0000] {processor.py:914} INFO - Processing file /opt/airflow/dags/weather_dag.py for tasks to queue
[2026-08-07T18:47:03.920+0000] {logging_mixin.py:190} INFO - [2026-08-07T18:47:03.919+0000] {dagbag.py:588} INFO - Filling up the DagBag from /opt/airflow/dags/weather_dag.py
[2026-08-07T18:47:04.128+0000] {processor.py:925} INFO - DAG(s) 'weather_ingestion' retrieved from /opt/airflow/dags/weather_dag.py
[2026-08-07T18:47:04.138+0000] {logging_mixin.py:190} INFO - [2026-08-07T18:47:04.138+0000] {dag.py:3239} INFO - Sync 1 DAGs
[2026-08-07T18:47:04.147+0000] {logging_mixin.py:190} INFO - [2026-08-07T18:47:04.147+0000] {dag.py:4180} INFO - Setting next_dagrun for weather_ingestion to 2026-08-07 18:00:00+00:00, run_after=2026-08-07 19:00:00+00:00
[2026-08-07T18:47:04.153+0000] {processor.py:208} INFO - Processing /opt/airflow/dags/weather_dag.py took 0.245 seconds
[2026-08-07T18:47:34.484+0000] {processor.py:186} INFO - Started process (PID=14649) to work on /opt/airflow/dags/weather_dag.py
[2026-08-07T18:47:34.486+0000] {processor.py:914} INFO - Processing file /opt/airflow/dags/weather_dag.py for tasks to queue
[2026-08-07T18:47:34.490+0000] {logging_mixin.py:190} INFO - [2026-08-07T18:47:34.490+0000] {dagbag.py:588} INFO - Filling up the DagBag from /opt/airflow/dags/weather_dag.py
[2026-08-07T18:47:34.759+0000] {processor.py:925} INFO - DAG(s) 'weather_ingestion' retrieved from /opt/airflow/dags/weather_dag.py
[2026-08-07T18:47:34.773+0000] {logging_mixin.py:190} INFO - [2026-08-07T18:47:34.773+0000] {dag.py:3239} INFO - Sync 1 DAGs
[2026-08-07T18:47:34.784+0000] {logging_mixin.py:190} INFO - [2026-08-07T18:47:34.784+0000] {dag.py:4180} INFO - Setting next_dagrun for weather_ingestion to 2026-08-07 18:00:00+00:00, run_after=2026-08-07 19:00:00+00:00
[2026-08-07T18:47:34.791+0000] {processor.py:208} INFO - Processing /opt/airflow/dags/weather_dag.py took 0.315 seconds
[2026-08-07T19:03:36.086+0000] {processor.py:186} INFO - Started process (PID=14656) to work on /opt/airflow/dags/weather_dag.py
[2026-08-07T19:03:36.087+0000] {processor.py:914} INFO - Processing file /opt/airflow/dags/weather_dag.py for tasks to queue
[2026-08-07T19:03:36.090+0000] {logging_mixin.py:190} INFO - [2026-08-07T19:03:36.089+0000] {dagbag.py:588} INFO - Filling up the DagBag from /opt/airflow/dags/weather_dag.py
[2026-08-07T19:03:36.519+0000] {processor.py:925} INFO - DAG(s) 'weather_ingestion' retrieved from /opt/airflow/dags/weather_dag.py
[2026-08-07T19:03:36.570+0000] {logging_mixin.py:190} INFO - [2026-08-07T19:03:36.570+0000] {dag.py:3239} INFO - Sync 1 DAGs
[2026-08-07T19:03:36.584+0000] {logging_mixin.py:190} INFO - [2026-08-07T19:03:36.584+0000] {dag.py:4180} INFO - Setting next_dagrun for weather_ingestion to 2026-08-07 19:00:00+00:00, run_after=2026-08-07 20:00:00+00:00
[2026-08-07T19:03:36.593+0000] {processor.py:208} INFO - Processing /opt/airflow/dags/weather_dag.py took 0.517 seconds
[2026-08-07T19:04:06.782+0000] {processor.py:186} INFO - Started process (PID=14668) to work on /opt/airflow/dags/weather_dag.py
[2026-08-07T19:04:06.785+0000] {processor.py:914} INFO - Processing file /opt/airflow/dags/weather_dag.py for tasks to queue
[2026-08-07T19:04:06.793+0000] {logging_mixin.py:190} INFO - [2026-08-07T19:04:06.792+0000] {dagbag.py:588} INFO - Filling up the DagBag from /opt/airflow/dags/weather_dag.py
[2026-08-07T19:04:07.137+0000] {processor.py:925} INFO - DAG(s) 'weather_ingestion' retrieved from /opt/airflow/dags/weather_dag.py
[2026-08-07T19:04:07.154+0000] {logging_mixin.py:190} INFO - [2026-08-07T19:04:07.154+0000] {dag.py:3239} INFO - Sync 1 DAGs
[2026-08-07T19:04:07.167+0000] {logging_mixin.py:190} INFO - [2026-08-07T19:04:07.167+0000] {dag.py:4180} INFO - Setting next_dagrun for weather_ingestion to 2026-08-07 19:00:00+00:00, run_after=2026-08-07 20:00:00+00:00
[2026-08-07T19:04:07.175+0000] {processor.py:208} INFO - Processing /opt/airflow/dags/weather_dag.py took 0.407 seconds
[2026-08-07T19:04:37.302+0000] {processor.py:186} INFO - Started process (PID=14675) to work on /opt/airflow/dags/weather_dag.py
[2026-08-07T19:04:37.305+0000] {processor.py:914} INFO - Processing file /opt/airflow/dags/weather_dag.py for tasks to queue
[2026-08-07T19:04:37.308+0000] {logging_mixin.py:190} INFO - [2026-08-07T19:04:37.307+0000] {dagbag.py:588} INFO - Filling up the DagBag from /opt/airflow/dags/weather_dag.py
[2026-08-07T19:04:37.524+0000] {processor.py:925} INFO - DAG(s) 'weather_ingestion' retrieved from /opt/airflow/dags/weather_dag.py
[2026-08-07T19:04:37.538+0000] {logging_mixin.py:190} INFO - [2026-08-07T19:04:37.538+0000] {dag.py:3239} INFO - Sync 1 DAGs
[2026-08-07T19:04:37.550+0000] {logging_mixin.py:190} INFO - [2026-08-07T19:04:37.550+0000] {dag.py:4180} INFO - Setting next_dagrun for weather_ingestion to 2026-08-07 19:00:00+00:00, run_after=2026-08-07 20:00:00+00:00
[2026-08-07T19:04:37.556+0000] {processor.py:208} INFO - Processing /opt/airflow/dags/weather_dag.py took 0.264 seconds
[2026-08-07T19:05:07.921+0000] {processor.py:186} INFO - Started process (PID=14682) to work on /opt/airflow/dags/weather_dag.py
[2026-08-07T19:05:07.923+0000] {processor.py:914} INFO - Processing file /opt/airflow/dags/weather_dag.py for tasks to queue
[2026-08-07T19:05:07.926+0000] {logging_mixin.py:190} INFO - [2026-08-07T19:05:07.926+0000] {dagbag.py:588} INFO - Filling up the DagBag from /opt/airflow/dags/weather_dag.py
[2026-08-07T19:05:08.153+0000] {processor.py:925} INFO - DAG(s) 'weather_ingestion' retrieved from /opt/airflow/dags/weather_dag.py
[2026-08-07T19:05:08.166+0000] {logging_mixin.py:190} INFO - [2026-08-07T19:05:08.166+0000] {dag.py:3239} INFO - Sync 1 DAGs
[2026-08-07T19:05:08.177+0000] {logging_mixin.py:190} INFO - [2026-08-07T19:05:08.177+0000] {dag.py:4180} INFO - Setting next_dagrun for weather_ingestion to 2026-08-07 19:00:00+00:00, run_after=2026-08-07 20:00:00+00:00
[2026-08-07T19:05:08.184+0000] {processor.py:208} INFO - Processing /opt/airflow/dags/weather_dag.py took 0.272 seconds
[2026-08-07T19:05:38.334+0000] {processor.py:186} INFO - Started process (PID=14689) to work on /opt/airflow/dags/weather_dag.py
[2026-08-07T19:05:38.337+0000] {processor.py:914} INFO - Processing file /opt/airflow/dags/weather_dag.py for tasks to queue
[2026-08-07T19:05:38.341+0000] {logging_mixin.py:190} INFO - [2026-08-07T19:05:38.341+0000] {dagbag.py:588} INFO - Filling up the DagBag from /opt/airflow/dags/weather_dag.py
[2026-08-07T19:05:38.605+0000] {processor.py:925} INFO - DAG(s) 'weather_ingestion' retrieved from /opt/airflow/dags/weather_dag.py
[2026-08-07T19:05:38.618+0000] {logging_mixin.py:190} INFO - [2026-08-07T19:05:38.618+0000] {dag.py:3239} INFO - Sync 1 DAGs
[2026-08-07T19:05:38.628+0000] {logging_mixin.py:190} INFO - [2026-08-07T19:05:38.628+0000] {dag.py:4180} INFO - Setting next_dagrun for weather_ingestion to 2026-08-07 19:00:00+00:00, run_after=2026-08-07 20:00:00+00:00
[2026-08-07T19:05:38.636+0000] {processor.py:208} INFO - Processing /opt/airflow/dags/weather_dag.py took 0.314 seconds
[2026-08-07T19:14:40.640+0000] {processor.py:186} INFO - Started process (PID=14696) to work on /opt/airflow/dags/weather_dag.py
[2026-08-07T19:14:40.641+0000] {processor.py:914} INFO - Processing file /opt/airflow/dags/weather_dag.py for tasks to queue
[2026-08-07T19:14:40.643+0000] {logging_mixin.py:190} INFO - [2026-08-07T19:14:40.643+0000] {dagbag.py:588} INFO - Filling up the DagBag from /opt/airflow/dags/weather_dag.py
[2026-08-07T19:14:40.848+0000] {processor.py:925} INFO - DAG(s) 'weather_ingestion' retrieved from /opt/airflow/dags/weather_dag.py
[2026-08-07T19:14:40.860+0000] {logging_mixin.py:190} INFO - [2026-08-07T19:14:40.860+0000] {dag.py:3239} INFO - Sync 1 DAGs
[2026-08-07T19:14:40.870+0000] {logging_mixin.py:190} INFO - [2026-08-07T19:14:40.870+0000] {dag.py:4180} INFO - Setting next_dagrun for weather_ingestion to 2026-08-07 19:00:00+00:00, run_after=2026-08-07 20:00:00+00:00
[2026-08-07T19:14:40.877+0000] {processor.py:208} INFO - Processing /opt/airflow/dags/weather_dag.py took 0.243 seconds
[2026-08-07T19:15:11.023+0000] {processor.py:186} INFO - Started process (PID=14703) to work on /opt/airflow/dags/weather_dag.py
[2026-08-07T19:15:11.027+0000] {processor.py:914} INFO - Processing file /opt/airflow/dags/weather_dag.py for tasks to queue
[2026-08-07T19:15:11.035+0000] {logging_mixin.py:190} INFO - [2026-08-07T19:15:11.034+0000] {dagbag.py:588} INFO - Filling up the DagBag from /opt/airflow/dags/weather_dag.py
[2026-08-07T19:15:11.418+0000] {processor.py:925} INFO - DAG(s) 'weather_ingestion' retrieved from /opt/airflow/dags/weather_dag.py
[2026-08-07T19:15:11.436+0000] {logging_mixin.py:190} INFO - [2026-08-07T19:15:11.436+0000] {dag.py:3239} INFO - Sync 1 DAGs
[2026-08-07T19:15:11.454+0000] {logging_mixin.py:190} INFO - [2026-08-07T19:15:11.454+0000] {dag.py:4180} INFO - Setting next_dagrun for weather_ingestion to 2026-08-07 19:00:00+00:00, run_after=2026-08-07 20:00:00+00:00
[2026-08-07T19:15:11.467+0000] {processor.py:208} INFO - Processing /opt/airflow/dags/weather_dag.py took 0.467 seconds
[2026-08-07T19:15:41.607+0000] {processor.py:186} INFO - Started process (PID=14710) to work on /opt/airflow/dags/weather_dag.py
[2026-08-07T19:15:41.609+0000] {processor.py:914} INFO - Processing file /opt/airflow/dags/weather_dag.py for tasks to queue
[2026-08-07T19:15:41.613+0000] {logging_mixin.py:190} INFO - [2026-08-07T19:15:41.612+0000] {dagbag.py:588} INFO - Filling up the DagBag from /opt/airflow/dags/weather_dag.py
[2026-08-07T19:15:41.832+0000] {processor.py:925} INFO - DAG(s) 'weather_ingestion' retrieved from /opt/airflow/dags/weather_dag.py
[2026-08-07T19:15:41.843+0000] {logging_mixin.py:190} INFO - [2026-08-07T19:15:41.843+0000] {dag.py:3239} INFO - Sync 1 DAGs
[2026-08-07T19:15:41.854+0000] {logging_mixin.py:190} INFO - [2026-08-07T19:15:41.854+0000] {dag.py:4180} INFO - Setting next_dagrun for weather_ingestion to 2026-08-07 19:00:00+00:00, run_after=2026-08-07 20:00:00+00:00
[2026-08-07T19:15:41.860+0000] {processor.py:208} INFO - Processing /opt/airflow/dags/weather_dag.py took 0.264 seconds
[2026-08-07T19:16:12.185+0000] {processor.py:186} INFO - Started process (PID=14717) to work on /opt/airflow/dags/weather_dag.py
[2026-08-07T19:16:12.188+0000] {processor.py:914} INFO - Processing file /opt/airflow/dags/weather_dag.py for tasks to queue
[2026-08-07T19:16:12.190+0000] {logging_mixin.py:190} INFO - [2026-08-07T19:16:12.190+0000] {dagbag.py:588} INFO - Filling up the DagBag from /opt/airflow/dags/weather_dag.py
[2026-08-07T19:16:12.394+0000] {processor.py:925} INFO - DAG(s) 'weather_ingestion' retrieved from /opt/airflow/dags/weather_dag.py
[2026-08-07T19:16:12.405+0000] {logging_mixin.py:190} INFO - [2026-08-07T19:16:12.405+0000] {dag.py:3239} INFO - Sync 1 DAGs
[2026-08-07T19:16:12.414+0000] {logging_mixin.py:190} INFO - [2026-08-07T19:16:12.414+0000] {dag.py:4180} INFO - Setting next_dagrun for weather_ingestion to 2026-08-07 19:00:00+00:00, run_after=2026-08-07 20:00:00+00:00
[2026-08-07T19:16:12.420+0000] {processor.py:208} INFO - Processing /opt/airflow/dags/weather_dag.py took 0.243 seconds
[2026-08-07T19:31:48.324+0000] {processor.py:186} INFO - Started process (PID=14724) to work on /opt/airflow/dags/weather_dag.py
[2026-08-07T19:31:48.325+0000] {processor.py:914} INFO - Processing file /opt/airflow/dags/weather_dag.py for tasks to queue
[2026-08-07T19:31:48.332+0000] {logging_mixin.py:190} INFO - [2026-08-07T19:31:48.330+0000] {dagbag.py:588} INFO - Filling up the DagBag from /opt/airflow/dags/weather_dag.py
[2026-08-07T19:31:48.766+0000] {processor.py:925} INFO - DAG(s) 'weather_ingestion' retrieved from /opt/airflow/dags/weather_dag.py
[2026-08-07T19:31:48.812+0000] {logging_mixin.py:190} INFO - [2026-08-07T19:31:48.811+0000] {dag.py:3239} INFO - Sync 1 DAGs
[2026-08-07T19:31:48.858+0000] {logging_mixin.py:190} INFO - [2026-08-07T19:31:48.858+0000] {dag.py:4180} INFO - Setting next_dagrun for weather_ingestion to 2026-08-07 19:00:00+00:00, run_after=2026-08-07 20:00:00+00:00
[2026-08-07T19:31:48.881+0000] {processor.py:208} INFO - Processing /opt/airflow/dags/weather_dag.py took 0.565 seconds
[2026-08-07T19:32:19.298+0000] {processor.py:186} INFO - Started process (PID=14731) to work on /opt/airflow/dags/weather_dag.py
[2026-08-07T19:32:19.302+0000] {processor.py:914} INFO - Processing file /opt/airflow/dags/weather_dag.py for tasks to queue
[2026-08-07T19:32:19.313+0000] {logging_mixin.py:190} INFO - [2026-08-07T19:32:19.312+0000] {dagbag.py:588} INFO - Filling up the DagBag from /opt/airflow/dags/weather_dag.py
[2026-08-07T19:32:19.826+0000] {processor.py:925} INFO - DAG(s) 'weather_ingestion' retrieved from /opt/airflow/dags/weather_dag.py
[2026-08-07T19:32:19.853+0000] {logging_mixin.py:190} INFO - [2026-08-07T19:32:19.852+0000] {dag.py:3239} INFO - Sync 1 DAGs
[2026-08-07T19:32:19.894+0000] {logging_mixin.py:190} INFO - [2026-08-07T19:32:19.894+0000] {dag.py:4180} INFO - Setting next_dagrun for weather_ingestion to 2026-08-07 19:00:00+00:00, run_after=2026-08-07 20:00:00+00:00
[2026-08-07T19:32:19.910+0000] {processor.py:208} INFO - Processing /opt/airflow/dags/weather_dag.py took 0.648 seconds
[2026-08-07T19:32:50.071+0000] {processor.py:186} INFO - Started process (PID=14738) to work on /opt/airflow/dags/weather_dag.py
[2026-08-07T19:32:50.075+0000] {processor.py:914} INFO - Processing file /opt/airflow/dags/weather_dag.py for tasks to queue
[2026-08-07T19:32:50.080+0000] {logging_mixin.py:190} INFO - [2026-08-07T19:32:50.080+0000] {dagbag.py:588} INFO - Filling up the DagBag from /opt/airflow/dags/weather_dag.py
[2026-08-07T19:32:50.484+0000] {processor.py:925} INFO - DAG(s) 'weather_ingestion' retrieved from /opt/airflow/dags/weather_dag.py
[2026-08-07T19:32:50.503+0000] {logging_mixin.py:190} INFO - [2026-08-07T19:32:50.502+0000] {dag.py:3239} INFO - Sync 1 DAGs
[2026-08-07T19:32:50.518+0000] {logging_mixin.py:190} INFO - [2026-08-07T19:32:50.518+0000] {dag.py:4180} INFO - Setting next_dagrun for weather_ingestion to 2026-08-07 19:00:00+00:00, run_after=2026-08-07 20:00:00+00:00
[2026-08-07T19:32:50.526+0000] {processor.py:208} INFO - Processing /opt/airflow/dags/weather_dag.py took 0.470 seconds
[2026-08-07T19:33:20.648+0000] {processor.py:186} INFO - Started process (PID=14745) to work on /opt/airflow/dags/weather_dag.py
[2026-08-07T19:33:20.650+0000] {processor.py:914} INFO - Processing file /opt/airflow/dags/weather_dag.py for tasks to queue
[2026-08-07T19:33:20.653+0000] {logging_mixin.py:190} INFO - [2026-08-07T19:33:20.652+0000] {dagbag.py:588} INFO - Filling up the DagBag from /opt/airflow/dags/weather_dag.py
[2026-08-07T19:33:20.864+0000] {processor.py:925} INFO - DAG(s) 'weather_ingestion' retrieved from /opt/airflow/dags/weather_dag.py
[2026-08-07T19:33:20.876+0000] {logging_mixin.py:190} INFO - [2026-08-07T19:33:20.876+0000] {dag.py:3239} INFO - Sync 1 DAGs
[2026-08-07T19:33:20.888+0000] {logging_mixin.py:190} INFO - [2026-08-07T19:33:20.888+0000] {dag.py:4180} INFO - Setting next_dagrun for weather_ingestion to 2026-08-07 19:00:00+00:00, run_after=2026-08-07 20:00:00+00:00
[2026-08-07T19:33:20.895+0000] {processor.py:208} INFO - Processing /opt/airflow/dags/weather_dag.py took 0.256 seconds
[2026-08-07T19:33:51.310+0000] {processor.py:186} INFO - Started process (PID=14752) to work on /opt/airflow/dags/weather_dag.py
[2026-08-07T19:33:51.312+0000] {processor.py:914} INFO - Processing file /opt/airflow/dags/weather_dag.py for tasks to queue
[2026-08-07T19:33:51.317+0000] {logging_mixin.py:190} INFO - [2026-08-07T19:33:51.316+0000] {dagbag.py:588} INFO - Filling up the DagBag from /opt/airflow/dags/weather_dag.py
[2026-08-07T19:33:51.603+0000] {processor.py:925} INFO - DAG(s) 'weather_ingestion' retrieved from /opt/airflow/dags/weather_dag.py
[2026-08-07T19:33:51.617+0000] {logging_mixin.py:190} INFO - [2026-08-07T19:33:51.617+0000] {dag.py:3239} INFO - Sync 1 DAGs
[2026-08-07T19:33:51.630+0000] {logging_mixin.py:190} INFO - [2026-08-07T19:33:51.630+0000] {dag.py:4180} INFO - Setting next_dagrun for weather_ingestion to 2026-08-07 19:00:00+00:00, run_after=2026-08-07 20:00:00+00:00
[2026-08-07T19:33:51.638+0000] {processor.py:208} INFO - Processing /opt/airflow/dags/weather_dag.py took 0.337 seconds
[2026-08-07T19:49:19.743+0000] {processor.py:186} INFO - Started process (PID=14759) to work on /opt/airflow/dags/weather_dag.py
[2026-08-07T19:49:19.745+0000] {processor.py:914} INFO - Processing file /opt/airflow/dags/weather_dag.py for tasks to queue
[2026-08-07T19:49:19.750+0000] {logging_mixin.py:190} INFO - [2026-08-07T19:49:19.750+0000] {dagbag.py:588} INFO - Filling up the DagBag from /opt/airflow/dags/weather_dag.py
[2026-08-07T19:49:20.165+0000] {processor.py:925} INFO - DAG(s) 'weather_ingestion' retrieved from /opt/airflow/dags/weather_dag.py
[2026-08-07T19:49:20.182+0000] {logging_mixin.py:190} INFO - [2026-08-07T19:49:20.182+0000] {dag.py:3239} INFO - Sync 1 DAGs
[2026-08-07T19:49:20.212+0000] {logging_mixin.py:190} INFO - [2026-08-07T19:49:20.212+0000] {dag.py:4180} INFO - Setting next_dagrun for weather_ingestion to 2026-08-07 19:00:00+00:00, run_after=2026-08-07 20:00:00+00:00
[2026-08-07T19:49:20.221+0000] {processor.py:208} INFO - Processing /opt/airflow/dags/weather_dag.py took 0.502 seconds
[2026-08-07T19:49:50.577+0000] {processor.py:186} INFO - Started process (PID=14766) to work on /opt/airflow/dags/weather_dag.py
[2026-08-07T19:49:50.579+0000] {processor.py:914} INFO - Processing file /opt/airflow/dags/weather_dag.py for tasks to queue
[2026-08-07T19:49:50.584+0000] {logging_mixin.py:190} INFO - [2026-08-07T19:49:50.583+0000] {dagbag.py:588} INFO - Filling up the DagBag from /opt/airflow/dags/weather_dag.py
[2026-08-07T19:49:50.966+0000] {processor.py:925} INFO - DAG(s) 'weather_ingestion' retrieved from /opt/airflow/dags/weather_dag.py
[2026-08-07T19:49:50.989+0000] {logging_mixin.py:190} INFO - [2026-08-07T19:49:50.988+0000] {dag.py:3239} INFO - Sync 1 DAGs
[2026-08-07T19:49:51.004+0000] {logging_mixin.py:190} INFO - [2026-08-07T19:49:51.004+0000] {dag.py:4180} INFO - Setting next_dagrun for weather_ingestion to 2026-08-07 19:00:00+00:00, run_after=2026-08-07 20:00:00+00:00
[2026-08-07T19:49:51.013+0000] {processor.py:208} INFO - Processing /opt/airflow/dags/weather_dag.py took 0.467 seconds
[2026-08-07T19:50:21.400+0000] {processor.py:186} INFO - Started process (PID=14773) to work on /opt/airflow/dags/weather_dag.py
[2026-08-07T19:50:21.402+0000] {processor.py:914} INFO - Processing file /opt/airflow/dags/weather_dag.py for tasks to queue
[2026-08-07T19:50:21.405+0000] {logging_mixin.py:190} INFO - [2026-08-07T19:50:21.405+0000] {dagbag.py:588} INFO - Filling up the DagBag from /opt/airflow/dags/weather_dag.py
[2026-08-07T19:50:21.645+0000] {processor.py:925} INFO - DAG(s) 'weather_ingestion' retrieved from /opt/airflow/dags/weather_dag.py
[2026-08-07T19:50:21.658+0000] {logging_mixin.py:190} INFO - [2026-08-07T19:50:21.658+0000] {dag.py:3239} INFO - Sync 1 DAGs
[2026-08-07T19:50:21.668+0000] {logging_mixin.py:190} INFO - [2026-08-07T19:50:21.668+0000] {dag.py:4180} INFO - Setting next_dagrun for weather_ingestion to 2026-08-07 19:00:00+00:00, run_after=2026-08-07 20:00:00+00:00
[2026-08-07T19:50:21.675+0000] {processor.py:208} INFO - Processing /opt/airflow/dags/weather_dag.py took 0.286 seconds
[2026-08-07T19:50:52.045+0000] {processor.py:186} INFO - Started process (PID=14780) to work on /opt/airflow/dags/weather_dag.py
[2026-08-07T19:50:52.047+0000] {processor.py:914} INFO - Processing file /opt/airflow/dags/weather_dag.py for tasks to queue
[2026-08-07T19:50:52.050+0000] {logging_mixin.py:190} INFO - [2026-08-07T19:50:52.050+0000] {dagbag.py:588} INFO - Filling up the DagBag from /opt/airflow/dags/weather_dag.py
[2026-08-07T19:50:52.321+0000] {processor.py:925} INFO - DAG(s) 'weather_ingestion' retrieved from /opt/airflow/dags/weather_dag.py
[2026-08-07T19:50:52.336+0000] {logging_mixin.py:190} INFO - [2026-08-07T19:50:52.335+0000] {dag.py:3239} INFO - Sync 1 DAGs
[2026-08-07T19:50:52.348+0000] {logging_mixin.py:190} INFO - [2026-08-07T19:50:52.348+0000] {dag.py:4180} INFO - Setting next_dagrun for weather_ingestion to 2026-08-07 19:00:00+00:00, run_after=2026-08-07 20:00:00+00:00
[2026-08-07T19:50:52.356+0000] {processor.py:208} INFO - Processing /opt/airflow/dags/weather_dag.py took 0.320 seconds
[2026-08-07T20:06:39.122+0000] {processor.py:186} INFO - Started process (PID=14787) to work on /opt/airflow/dags/weather_dag.py
[2026-08-07T20:06:39.140+0000] {processor.py:914} INFO - Processing file /opt/airflow/dags/weather_dag.py for tasks to queue
[2026-08-07T20:06:39.163+0000] {logging_mixin.py:190} INFO - [2026-08-07T20:06:39.163+0000] {dagbag.py:588} INFO - Filling up the DagBag from /opt/airflow/dags/weather_dag.py
[2026-08-07T20:06:41.580+0000] {processor.py:925} INFO - DAG(s) 'weather_ingestion' retrieved from /opt/airflow/dags/weather_dag.py
[2026-08-07T20:06:42.036+0000] {logging_mixin.py:190} INFO - [2026-08-07T20:06:42.036+0000] {dag.py:3239} INFO - Sync 1 DAGs
[2026-08-07T20:06:42.202+0000] {logging_mixin.py:190} INFO - [2026-08-07T20:06:42.190+0000] {dag.py:4180} INFO - Setting next_dagrun for weather_ingestion to 2026-08-07 20:00:00+00:00, run_after=2026-08-07 21:00:00+00:00
[2026-08-07T20:06:42.250+0000] {processor.py:208} INFO - Processing /opt/airflow/dags/weather_dag.py took 3.196 seconds
[2026-08-07T20:07:12.731+0000] {processor.py:186} INFO - Started process (PID=14799) to work on /opt/airflow/dags/weather_dag.py
[2026-08-07T20:07:12.733+0000] {processor.py:914} INFO - Processing file /opt/airflow/dags/weather_dag.py for tasks to queue
[2026-08-07T20:07:12.738+0000] {logging_mixin.py:190} INFO - [2026-08-07T20:07:12.737+0000] {dagbag.py:588} INFO - Filling up the DagBag from /opt/airflow/dags/weather_dag.py
[2026-08-07T20:07:13.287+0000] {processor.py:925} INFO - DAG(s) 'weather_ingestion' retrieved from /opt/airflow/dags/weather_dag.py
[2026-08-07T20:07:13.315+0000] {logging_mixin.py:190} INFO - [2026-08-07T20:07:13.314+0000] {dag.py:3239} INFO - Sync 1 DAGs
[2026-08-07T20:07:13.336+0000] {logging_mixin.py:190} INFO - [2026-08-07T20:07:13.336+0000] {dag.py:4180} INFO - Setting next_dagrun for weather_ingestion to 2026-08-07 20:00:00+00:00, run_after=2026-08-07 21:00:00+00:00
[2026-08-07T20:07:13.348+0000] {processor.py:208} INFO - Processing /opt/airflow/dags/weather_dag.py took 0.625 seconds
[2026-08-07T20:07:43.759+0000] {processor.py:186} INFO - Started process (PID=14806) to work on /opt/airflow/dags/weather_dag.py
[2026-08-07T20:07:43.761+0000] {processor.py:914} INFO - Processing file /opt/airflow/dags/weather_dag.py for tasks to queue
[2026-08-07T20:07:43.765+0000] {logging_mixin.py:190} INFO - [2026-08-07T20:07:43.764+0000] {dagbag.py:588} INFO - Filling up the DagBag from /opt/airflow/dags/weather_dag.py
[2026-08-07T20:07:44.044+0000] {processor.py:925} INFO - DAG(s) 'weather_ingestion' retrieved from /opt/airflow/dags/weather_dag.py
[2026-08-07T20:07:44.060+0000] {logging_mixin.py:190} INFO - [2026-08-07T20:07:44.060+0000] {dag.py:3239} INFO - Sync 1 DAGs
[2026-08-07T20:07:44.074+0000] {logging_mixin.py:190} INFO - [2026-08-07T20:07:44.073+0000] {dag.py:4180} INFO - Setting next_dagrun for weather_ingestion to 2026-08-07 20:00:00+00:00, run_after=2026-08-07 21:00:00+00:00
[2026-08-07T20:07:44.081+0000] {processor.py:208} INFO - Processing /opt/airflow/dags/weather_dag.py took 0.333 seconds
[2026-08-07T20:08:14.398+0000] {processor.py:186} INFO - Started process (PID=14813) to work on /opt/airflow/dags/weather_dag.py
[2026-08-07T20:08:14.400+0000] {processor.py:914} INFO - Processing file /opt/airflow/dags/weather_dag.py for tasks to queue
[2026-08-07T20:08:14.403+0000] {logging_mixin.py:190} INFO - [2026-08-07T20:08:14.402+0000] {dagbag.py:588} INFO - Filling up the DagBag from /opt/airflow/dags/weather_dag.py
[2026-08-07T20:08:14.614+0000] {processor.py:925} INFO - DAG(s) 'weather_ingestion' retrieved from /opt/airflow/dags/weather_dag.py
[2026-08-07T20:08:14.626+0000] {logging_mixin.py:190} INFO - [2026-08-07T20:08:14.626+0000] {dag.py:3239} INFO - Sync 1 DAGs
[2026-08-07T20:08:14.636+0000] {logging_mixin.py:190} INFO - [2026-08-07T20:08:14.636+0000] {dag.py:4180} INFO - Setting next_dagrun for weather_ingestion to 2026-08-07 20:00:00+00:00, run_after=2026-08-07 21:00:00+00:00
[2026-08-07T20:08:14.642+0000] {processor.py:208} INFO - Processing /opt/airflow/dags/weather_dag.py took 0.251 seconds
[2026-08-07T20:08:44.857+0000] {processor.py:186} INFO - Started process (PID=14820) to work on /opt/airflow/dags/weather_dag.py
[2026-08-07T20:08:44.859+0000] {processor.py:914} INFO - Processing file /opt/airflow/dags/weather_dag.py for tasks to queue
[2026-08-07T20:08:44.861+0000] {logging_mixin.py:190} INFO - [2026-08-07T20:08:44.861+0000] {dagbag.py:588} INFO - Filling up the DagBag from /opt/airflow/dags/weather_dag.py
[2026-08-07T20:08:45.081+0000] {processor.py:925} INFO - DAG(s) 'weather_ingestion' retrieved from /opt/airflow/dags/weather_dag.py
[2026-08-07T20:08:45.093+0000] {logging_mixin.py:190} INFO - [2026-08-07T20:08:45.093+0000] {dag.py:3239} INFO - Sync 1 DAGs
[2026-08-07T20:08:45.102+0000] {logging_mixin.py:190} INFO - [2026-08-07T20:08:45.102+0000] {dag.py:4180} INFO - Setting next_dagrun for weather_ingestion to 2026-08-07 20:00:00+00:00, run_after=2026-08-07 21:00:00+00:00
[2026-08-07T20:08:45.109+0000] {processor.py:208} INFO - Processing /opt/airflow/dags/weather_dag.py took 0.262 seconds
[2026-08-07T20:24:48.140+0000] {processor.py:186} INFO - Started process (PID=14832) to work on /opt/airflow/dags/weather_dag.py
[2026-08-07T20:24:48.142+0000] {processor.py:914} INFO - Processing file /opt/airflow/dags/weather_dag.py for tasks to queue
[2026-08-07T20:24:48.146+0000] {logging_mixin.py:190} INFO - [2026-08-07T20:24:48.146+0000] {dagbag.py:588} INFO - Filling up the DagBag from /opt/airflow/dags/weather_dag.py
[2026-08-07T20:24:48.370+0000] {processor.py:925} INFO - DAG(s) 'weather_ingestion' retrieved from /opt/airflow/dags/weather_dag.py
[2026-08-07T20:24:48.384+0000] {logging_mixin.py:190} INFO - [2026-08-07T20:24:48.384+0000] {dag.py:3239} INFO - Sync 1 DAGs
[2026-08-07T20:24:48.394+0000] {logging_mixin.py:190} INFO - [2026-08-07T20:24:48.394+0000] {dag.py:4180} INFO - Setting next_dagrun for weather_ingestion to 2026-08-07 20:00:00+00:00, run_after=2026-08-07 21:00:00+00:00
[2026-08-07T20:24:48.401+0000] {processor.py:208} INFO - Processing /opt/airflow/dags/weather_dag.py took 0.269 seconds
[2026-08-07T20:25:18.559+0000] {processor.py:186} INFO - Started process (PID=14839) to work on /opt/airflow/dags/weather_dag.py
[2026-08-07T20:25:18.564+0000] {processor.py:914} INFO - Processing file /opt/airflow/dags/weather_dag.py for tasks to queue
[2026-08-07T20:25:18.574+0000] {logging_mixin.py:190} INFO - [2026-08-07T20:25:18.573+0000] {dagbag.py:588} INFO - Filling up the DagBag from /opt/airflow/dags/weather_dag.py
[2026-08-07T20:25:18.961+0000] {processor.py:925} INFO - DAG(s) 'weather_ingestion' retrieved from /opt/airflow/dags/weather_dag.py
[2026-08-07T20:25:18.983+0000] {logging_mixin.py:190} INFO - [2026-08-07T20:25:18.983+0000] {dag.py:3239} INFO - Sync 1 DAGs
[2026-08-07T20:25:18.998+0000] {logging_mixin.py:190} INFO - [2026-08-07T20:25:18.998+0000] {dag.py:4180} INFO - Setting next_dagrun for weather_ingestion to 2026-08-07 20:00:00+00:00, run_after=2026-08-07 21:00:00+00:00
[2026-08-07T20:25:19.007+0000] {processor.py:208} INFO - Processing /opt/airflow/dags/weather_dag.py took 0.471 seconds
[2026-08-07T20:25:49.092+0000] {processor.py:186} INFO - Started process (PID=14846) to work on /opt/airflow/dags/weather_dag.py
[2026-08-07T20:25:49.093+0000] {processor.py:914} INFO - Processing file /opt/airflow/dags/weather_dag.py for tasks to queue
[2026-08-07T20:25:49.096+0000] {logging_mixin.py:190} INFO - [2026-08-07T20:25:49.095+0000] {dagbag.py:588} INFO - Filling up the DagBag from /opt/airflow/dags/weather_dag.py
[2026-08-07T20:25:49.302+0000] {processor.py:925} INFO - DAG(s) 'weather_ingestion' retrieved from /opt/airflow/dags/weather_dag.py
[2026-08-07T20:25:49.316+0000] {logging_mixin.py:190} INFO - [2026-08-07T20:25:49.316+0000] {dag.py:3239} INFO - Sync 1 DAGs
[2026-08-07T20:25:49.327+0000] {logging_mixin.py:190} INFO - [2026-08-07T20:25:49.327+0000] {dag.py:4180} INFO - Setting next_dagrun for weather_ingestion to 2026-08-07 20:00:00+00:00, run_after=2026-08-07 21:00:00+00:00
[2026-08-07T20:25:49.335+0000] {processor.py:208} INFO - Processing /opt/airflow/dags/weather_dag.py took 0.251 seconds
[2026-08-07T20:26:19.709+0000] {processor.py:186} INFO - Started process (PID=14853) to work on /opt/airflow/dags/weather_dag.py
[2026-08-07T20:26:19.711+0000] {processor.py:914} INFO - Processing file /opt/airflow/dags/weather_dag.py for tasks to queue
[2026-08-07T20:26:19.713+0000] {logging_mixin.py:190} INFO - [2026-08-07T20:26:19.713+0000] {dagbag.py:588} INFO - Filling up the DagBag from /opt/airflow/dags/weather_dag.py
[2026-08-07T20:26:19.924+0000] {processor.py:925} INFO - DAG(s) 'weather_ingestion' retrieved from /opt/airflow/dags/weather_dag.py
[2026-08-07T20:26:19.935+0000] {logging_mixin.py:190} INFO - [2026-08-07T20:26:19.935+0000] {dag.py:3239} INFO - Sync 1 DAGs
[2026-08-07T20:26:19.944+0000] {logging_mixin.py:190} INFO - [2026-08-07T20:26:19.944+0000] {dag.py:4180} INFO - Setting next_dagrun for weather_ingestion to 2026-08-07 20:00:00+00:00, run_after=2026-08-07 21:00:00+00:00
[2026-08-07T20:26:19.950+0000] {processor.py:208} INFO - Processing /opt/airflow/dags/weather_dag.py took 0.247 seconds
[2026-08-07T20:26:50.085+0000] {processor.py:186} INFO - Started process (PID=14865) to work on /opt/airflow/dags/weather_dag.py
[2026-08-07T20:26:50.086+0000] {processor.py:914} INFO - Processing file /opt/airflow/dags/weather_dag.py for tasks to queue
[2026-08-07T20:26:50.089+0000] {logging_mixin.py:190} INFO - [2026-08-07T20:26:50.089+0000] {dagbag.py:588} INFO - Filling up the DagBag from /opt/airflow/dags/weather_dag.py
[2026-08-07T20:26:50.327+0000] {processor.py:925} INFO - DAG(s) 'weather_ingestion' retrieved from /opt/airflow/dags/weather_dag.py
[2026-08-07T20:26:50.339+0000] {logging_mixin.py:190} INFO - [2026-08-07T20:26:50.339+0000] {dag.py:3239} INFO - Sync 1 DAGs
[2026-08-07T20:26:50.349+0000] {logging_mixin.py:190} INFO - [2026-08-07T20:26:50.349+0000] {dag.py:4180} INFO - Setting next_dagrun for weather_ingestion to 2026-08-07 20:00:00+00:00, run_after=2026-08-07 21:00:00+00:00
[2026-08-07T20:26:50.356+0000] {processor.py:208} INFO - Processing /opt/airflow/dags/weather_dag.py took 0.280 seconds
[2026-08-07T20:42:17.755+0000] {processor.py:186} INFO - Started process (PID=14872) to work on /opt/airflow/dags/weather_dag.py
[2026-08-07T20:42:17.757+0000] {processor.py:914} INFO - Processing file /opt/airflow/dags/weather_dag.py for tasks to queue
[2026-08-07T20:42:17.761+0000] {logging_mixin.py:190} INFO - [2026-08-07T20:42:17.760+0000] {dagbag.py:588} INFO - Filling up the DagBag from /opt/airflow/dags/weather_dag.py
[2026-08-07T20:42:18.161+0000] {processor.py:925} INFO - DAG(s) 'weather_ingestion' retrieved from /opt/airflow/dags/weather_dag.py
[2026-08-07T20:42:18.182+0000] {logging_mixin.py:190} INFO - [2026-08-07T20:42:18.181+0000] {dag.py:3239} INFO - Sync 1 DAGs
[2026-08-07T20:42:18.194+0000] {logging_mixin.py:190} INFO - [2026-08-07T20:42:18.194+0000] {dag.py:4180} INFO - Setting next_dagrun for weather_ingestion to 2026-08-07 20:00:00+00:00, run_after=2026-08-07 21:00:00+00:00
[2026-08-07T20:42:18.202+0000] {processor.py:208} INFO - Processing /opt/airflow/dags/weather_dag.py took 0.458 seconds
[2026-08-07T20:42:48.407+0000] {processor.py:186} INFO - Started process (PID=14879) to work on /opt/airflow/dags/weather_dag.py
[2026-08-07T20:42:48.410+0000] {processor.py:914} INFO - Processing file /opt/airflow/dags/weather_dag.py for tasks to queue
[2026-08-07T20:42:48.414+0000] {logging_mixin.py:190} INFO - [2026-08-07T20:42:48.413+0000] {dagbag.py:588} INFO - Filling up the DagBag from /opt/airflow/dags/weather_dag.py
[2026-08-07T20:42:48.701+0000] {processor.py:925} INFO - DAG(s) 'weather_ingestion' retrieved from /opt/airflow/dags/weather_dag.py
[2026-08-07T20:42:48.718+0000] {logging_mixin.py:190} INFO - [2026-08-07T20:42:48.718+0000] {dag.py:3239} INFO - Sync 1 DAGs
[2026-08-07T20:42:48.733+0000] {logging_mixin.py:190} INFO - [2026-08-07T20:42:48.733+0000] {dag.py:4180} INFO - Setting next_dagrun for weather_ingestion to 2026-08-07 20:00:00+00:00, run_after=2026-08-07 21:00:00+00:00
[2026-08-07T20:42:48.742+0000] {processor.py:208} INFO - Processing /opt/airflow/dags/weather_dag.py took 0.346 seconds
[2026-08-07T20:43:18.795+0000] {processor.py:186} INFO - Started process (PID=14886) to work on /opt/airflow/dags/weather_dag.py
[2026-08-07T20:43:18.798+0000] {processor.py:914} INFO - Processing file /opt/airflow/dags/weather_dag.py for tasks to queue
[2026-08-07T20:43:18.800+0000] {logging_mixin.py:190} INFO - [2026-08-07T20:43:18.800+0000] {dagbag.py:588} INFO - Filling up the DagBag from /opt/airflow/dags/weather_dag.py
[2026-08-07T20:43:19.011+0000] {processor.py:925} INFO - DAG(s) 'weather_ingestion' retrieved from /opt/airflow/dags/weather_dag.py
[2026-08-07T20:43:19.025+0000] {logging_mixin.py:190} INFO - [2026-08-07T20:43:19.025+0000] {dag.py:3239} INFO - Sync 1 DAGs
[2026-08-07T20:43:19.036+0000] {logging_mixin.py:190} INFO - [2026-08-07T20:43:19.036+0000] {dag.py:4180} INFO - Setting next_dagrun for weather_ingestion to 2026-08-07 20:00:00+00:00, run_after=2026-08-07 21:00:00+00:00
[2026-08-07T20:43:19.043+0000] {processor.py:208} INFO - Processing /opt/airflow/dags/weather_dag.py took 0.257 seconds
[2026-08-07T20:43:49.180+0000] {processor.py:186} INFO - Started process (PID=14893) to work on /opt/airflow/dags/weather_dag.py
[2026-08-07T20:43:49.181+0000] {processor.py:914} INFO - Processing file /opt/airflow/dags/weather_dag.py for tasks to queue
[2026-08-07T20:43:49.183+0000] {logging_mixin.py:190} INFO - [2026-08-07T20:43:49.183+0000] {dagbag.py:588} INFO - Filling up the DagBag from /opt/airflow/dags/weather_dag.py
[2026-08-07T20:43:49.400+0000] {processor.py:925} INFO - DAG(s) 'weather_ingestion' retrieved from /opt/airflow/dags/weather_dag.py
[2026-08-07T20:43:49.415+0000] {logging_mixin.py:190} INFO - [2026-08-07T20:43:49.415+0000] {dag.py:3239} INFO - Sync 1 DAGs
[2026-08-07T20:43:49.428+0000] {logging_mixin.py:190} INFO - [2026-08-07T20:43:49.428+0000] {dag.py:4180} INFO - Setting next_dagrun for weather_ingestion to 2026-08-07 20:00:00+00:00, run_after=2026-08-07 21:00:00+00:00
[2026-08-07T20:43:49.436+0000] {processor.py:208} INFO - Processing /opt/airflow/dags/weather_dag.py took 0.261 seconds
[2026-08-07T21:00:38.540+0000] {processor.py:186} INFO - Started process (PID=14901) to work on /opt/airflow/dags/weather_dag.py
[2026-08-07T21:00:38.551+0000] {processor.py:914} INFO - Processing file /opt/airflow/dags/weather_dag.py for tasks to queue
[2026-08-07T21:00:38.558+0000] {logging_mixin.py:190} INFO - [2026-08-07T21:00:38.558+0000] {dagbag.py:588} INFO - Filling up the DagBag from /opt/airflow/dags/weather_dag.py
[2026-08-07T21:00:39.669+0000] {processor.py:925} INFO - DAG(s) 'weather_ingestion' retrieved from /opt/airflow/dags/weather_dag.py
[2026-08-07T21:00:39.727+0000] {logging_mixin.py:190} INFO - [2026-08-07T21:00:39.726+0000] {dag.py:3239} INFO - Sync 1 DAGs
[2026-08-07T21:00:39.757+0000] {logging_mixin.py:190} INFO - [2026-08-07T21:00:39.757+0000] {dag.py:4180} INFO - Setting next_dagrun for weather_ingestion to 2026-08-07 21:00:00+00:00, run_after=2026-08-07 22:00:00+00:00
[2026-08-07T21:00:39.780+0000] {processor.py:208} INFO - Processing /opt/airflow/dags/weather_dag.py took 1.283 seconds
[2026-08-07T21:01:09.871+0000] {processor.py:186} INFO - Started process (PID=14912) to work on /opt/airflow/dags/weather_dag.py
[2026-08-07T21:01:09.873+0000] {processor.py:914} INFO - Processing file /opt/airflow/dags/weather_dag.py for tasks to queue
[2026-08-07T21:01:09.881+0000] {logging_mixin.py:190} INFO - [2026-08-07T21:01:09.877+0000] {dagbag.py:588} INFO - Filling up the DagBag from /opt/airflow/dags/weather_dag.py
[2026-08-07T21:01:10.285+0000] {processor.py:925} INFO - DAG(s) 'weather_ingestion' retrieved from /opt/airflow/dags/weather_dag.py
[2026-08-07T21:01:10.320+0000] {logging_mixin.py:190} INFO - [2026-08-07T21:01:10.320+0000] {dag.py:3239} INFO - Sync 1 DAGs
[2026-08-07T21:01:10.342+0000] {logging_mixin.py:190} INFO - [2026-08-07T21:01:10.342+0000] {dag.py:4180} INFO - Setting next_dagrun for weather_ingestion to 2026-08-07 21:00:00+00:00, run_after=2026-08-07 22:00:00+00:00
[2026-08-07T21:01:10.351+0000] {processor.py:208} INFO - Processing /opt/airflow/dags/weather_dag.py took 0.491 seconds
[2026-08-07T21:17:23.793+0000] {processor.py:186} INFO - Started process (PID=14919) to work on /opt/airflow/dags/weather_dag.py
[2026-08-07T21:17:23.796+0000] {processor.py:914} INFO - Processing file /opt/airflow/dags/weather_dag.py for tasks to queue
[2026-08-07T21:17:23.802+0000] {logging_mixin.py:190} INFO - [2026-08-07T21:17:23.801+0000] {dagbag.py:588} INFO - Filling up the DagBag from /opt/airflow/dags/weather_dag.py
[2026-08-07T21:17:24.634+0000] {processor.py:925} INFO - DAG(s) 'weather_ingestion' retrieved from /opt/airflow/dags/weather_dag.py
[2026-08-07T21:17:24.664+0000] {logging_mixin.py:190} INFO - [2026-08-07T21:17:24.663+0000] {dag.py:3239} INFO - Sync 1 DAGs
[2026-08-07T21:17:24.731+0000] {logging_mixin.py:190} INFO - [2026-08-07T21:17:24.730+0000] {dag.py:4180} INFO - Setting next_dagrun for weather_ingestion to 2026-08-07 21:00:00+00:00, run_after=2026-08-07 22:00:00+00:00
[2026-08-07T21:17:24.762+0000] {processor.py:208} INFO - Processing /opt/airflow/dags/weather_dag.py took 1.002 seconds
[2026-08-07T21:17:55.132+0000] {processor.py:186} INFO - Started process (PID=14931) to work on /opt/airflow/dags/weather_dag.py
[2026-08-07T21:17:55.136+0000] {processor.py:914} INFO - Processing file /opt/airflow/dags/weather_dag.py for tasks to queue
[2026-08-07T21:17:55.147+0000] {logging_mixin.py:190} INFO - [2026-08-07T21:17:55.146+0000] {dagbag.py:588} INFO - Filling up the DagBag from /opt/airflow/dags/weather_dag.py
[2026-08-07T21:17:55.492+0000] {processor.py:925} INFO - DAG(s) 'weather_ingestion' retrieved from /opt/airflow/dags/weather_dag.py
[2026-08-07T21:17:55.512+0000] {logging_mixin.py:190} INFO - [2026-08-07T21:17:55.511+0000] {dag.py:3239} INFO - Sync 1 DAGs
[2026-08-07T21:17:55.528+0000] {logging_mixin.py:190} INFO - [2026-08-07T21:17:55.528+0000] {dag.py:4180} INFO - Setting next_dagrun for weather_ingestion to 2026-08-07 21:00:00+00:00, run_after=2026-08-07 22:00:00+00:00
[2026-08-07T21:17:55.537+0000] {processor.py:208} INFO - Processing /opt/airflow/dags/weather_dag.py took 0.419 seconds
[2026-08-07T21:18:25.899+0000] {processor.py:186} INFO - Started process (PID=14938) to work on /opt/airflow/dags/weather_dag.py
[2026-08-07T21:18:25.902+0000] {processor.py:914} INFO - Processing file /opt/airflow/dags/weather_dag.py for tasks to queue
[2026-08-07T21:18:25.906+0000] {logging_mixin.py:190} INFO - [2026-08-07T21:18:25.906+0000] {dagbag.py:588} INFO - Filling up the DagBag from /opt/airflow/dags/weather_dag.py
[2026-08-07T21:18:26.199+0000] {processor.py:925} INFO - DAG(s) 'weather_ingestion' retrieved from /opt/airflow/dags/weather_dag.py
[2026-08-07T21:18:26.215+0000] {logging_mixin.py:190} INFO - [2026-08-07T21:18:26.214+0000] {dag.py:3239} INFO - Sync 1 DAGs
[2026-08-07T21:18:26.227+0000] {logging_mixin.py:190} INFO - [2026-08-07T21:18:26.227+0000] {dag.py:4180} INFO - Setting next_dagrun for weather_ingestion to 2026-08-07 21:00:00+00:00, run_after=2026-08-07 22:00:00+00:00
[2026-08-07T21:18:26.235+0000] {processor.py:208} INFO - Processing /opt/airflow/dags/weather_dag.py took 0.348 seconds
[2026-08-07T21:18:56.583+0000] {processor.py:186} INFO - Started process (PID=14945) to work on /opt/airflow/dags/weather_dag.py
[2026-08-07T21:18:56.586+0000] {processor.py:914} INFO - Processing file /opt/airflow/dags/weather_dag.py for tasks to queue
[2026-08-07T21:18:56.588+0000] {logging_mixin.py:190} INFO - [2026-08-07T21:18:56.588+0000] {dagbag.py:588} INFO - Filling up the DagBag from /opt/airflow/dags/weather_dag.py
[2026-08-07T21:18:56.792+0000] {processor.py:925} INFO - DAG(s) 'weather_ingestion' retrieved from /opt/airflow/dags/weather_dag.py
[2026-08-07T21:18:56.803+0000] {logging_mixin.py:190} INFO - [2026-08-07T21:18:56.803+0000] {dag.py:3239} INFO - Sync 1 DAGs
[2026-08-07T21:18:56.812+0000] {logging_mixin.py:190} INFO - [2026-08-07T21:18:56.812+0000] {dag.py:4180} INFO - Setting next_dagrun for weather_ingestion to 2026-08-07 21:00:00+00:00, run_after=2026-08-07 22:00:00+00:00
[2026-08-07T21:18:56.818+0000] {processor.py:208} INFO - Processing /opt/airflow/dags/weather_dag.py took 0.242 seconds
[2026-08-07T21:19:26.965+0000] {processor.py:186} INFO - Started process (PID=14952) to work on /opt/airflow/dags/weather_dag.py
[2026-08-07T21:19:26.967+0000] {processor.py:914} INFO - Processing file /opt/airflow/dags/weather_dag.py for tasks to queue
[2026-08-07T21:19:26.970+0000] {logging_mixin.py:190} INFO - [2026-08-07T21:19:26.969+0000] {dagbag.py:588} INFO - Filling up the DagBag from /opt/airflow/dags/weather_dag.py
[2026-08-07T21:19:27.186+0000] {processor.py:925} INFO - DAG(s) 'weather_ingestion' retrieved from /opt/airflow/dags/weather_dag.py
[2026-08-07T21:19:27.198+0000] {logging_mixin.py:190} INFO - [2026-08-07T21:19:27.198+0000] {dag.py:3239} INFO - Sync 1 DAGs
[2026-08-07T21:19:27.207+0000] {logging_mixin.py:190} INFO - [2026-08-07T21:19:27.207+0000] {dag.py:4180} INFO - Setting next_dagrun for weather_ingestion to 2026-08-07 21:00:00+00:00, run_after=2026-08-07 22:00:00+00:00
[2026-08-07T21:19:27.214+0000] {processor.py:208} INFO - Processing /opt/airflow/dags/weather_dag.py took 0.257 seconds
[2026-08-07T21:35:49.548+0000] {processor.py:186} INFO - Started process (PID=14965) to work on /opt/airflow/dags/weather_dag.py
[2026-08-07T21:35:49.549+0000] {processor.py:914} INFO - Processing file /opt/airflow/dags/weather_dag.py for tasks to queue
[2026-08-07T21:35:49.554+0000] {logging_mixin.py:190} INFO - [2026-08-07T21:35:49.554+0000] {dagbag.py:588} INFO - Filling up the DagBag from /opt/airflow/dags/weather_dag.py
[2026-08-07T21:35:49.791+0000] {processor.py:925} INFO - DAG(s) 'weather_ingestion' retrieved from /opt/airflow/dags/weather_dag.py
[2026-08-07T21:35:49.812+0000] {logging_mixin.py:190} INFO - [2026-08-07T21:35:49.812+0000] {dag.py:3239} INFO - Sync 1 DAGs
[2026-08-07T21:35:49.824+0000] {logging_mixin.py:190} INFO - [2026-08-07T21:35:49.824+0000] {dag.py:4180} INFO - Setting next_dagrun for weather_ingestion to 2026-08-07 21:00:00+00:00, run_after=2026-08-07 22:00:00+00:00
[2026-08-07T21:35:49.835+0000] {processor.py:208} INFO - Processing /opt/airflow/dags/weather_dag.py took 0.292 seconds
[2026-08-07T21:36:20.075+0000] {processor.py:186} INFO - Started process (PID=14976) to work on /opt/airflow/dags/weather_dag.py
[2026-08-07T21:36:20.079+0000] {processor.py:914} INFO - Processing file /opt/airflow/dags/weather_dag.py for tasks to queue
[2026-08-07T21:36:20.086+0000] {logging_mixin.py:190} INFO - [2026-08-07T21:36:20.085+0000] {dagbag.py:588} INFO - Filling up the DagBag from /opt/airflow/dags/weather_dag.py
[2026-08-07T21:36:20.445+0000] {processor.py:925} INFO - DAG(s) 'weather_ingestion' retrieved from /opt/airflow/dags/weather_dag.py
[2026-08-07T21:36:20.464+0000] {logging_mixin.py:190} INFO - [2026-08-07T21:36:20.463+0000] {dag.py:3239} INFO - Sync 1 DAGs
[2026-08-07T21:36:20.476+0000] {logging_mixin.py:190} INFO - [2026-08-07T21:36:20.476+0000] {dag.py:4180} INFO - Setting next_dagrun for weather_ingestion to 2026-08-07 21:00:00+00:00, run_after=2026-08-07 22:00:00+00:00
[2026-08-07T21:36:20.484+0000] {processor.py:208} INFO - Processing /opt/airflow/dags/weather_dag.py took 0.425 seconds
[2026-08-07T21:36:50.570+0000] {processor.py:186} INFO - Started process (PID=14983) to work on /opt/airflow/dags/weather_dag.py
[2026-08-07T21:36:50.572+0000] {processor.py:914} INFO - Processing file /opt/airflow/dags/weather_dag.py for tasks to queue
[2026-08-07T21:36:50.575+0000] {logging_mixin.py:190} INFO - [2026-08-07T21:36:50.575+0000] {dagbag.py:588} INFO - Filling up the DagBag from /opt/airflow/dags/weather_dag.py
[2026-08-07T21:36:50.805+0000] {processor.py:925} INFO - DAG(s) 'weather_ingestion' retrieved from /opt/airflow/dags/weather_dag.py
[2026-08-07T21:36:50.816+0000] {logging_mixin.py:190} INFO - [2026-08-07T21:36:50.816+0000] {dag.py:3239} INFO - Sync 1 DAGs
[2026-08-07T21:36:50.827+0000] {logging_mixin.py:190} INFO - [2026-08-07T21:36:50.827+0000] {dag.py:4180} INFO - Setting next_dagrun for weather_ingestion to 2026-08-07 21:00:00+00:00, run_after=2026-08-07 22:00:00+00:00
[2026-08-07T21:36:50.834+0000] {processor.py:208} INFO - Processing /opt/airflow/dags/weather_dag.py took 0.271 seconds
[2026-08-07T21:37:21.208+0000] {processor.py:186} INFO - Started process (PID=14990) to work on /opt/airflow/dags/weather_dag.py
[2026-08-07T21:37:21.209+0000] {processor.py:914} INFO - Processing file /opt/airflow/dags/weather_dag.py for tasks to queue
[2026-08-07T21:37:21.212+0000] {logging_mixin.py:190} INFO - [2026-08-07T21:37:21.212+0000] {dagbag.py:588} INFO - Filling up the DagBag from /opt/airflow/dags/weather_dag.py
[2026-08-07T21:37:21.424+0000] {processor.py:925} INFO - DAG(s) 'weather_ingestion' retrieved from /opt/airflow/dags/weather_dag.py
[2026-08-07T21:37:21.438+0000] {logging_mixin.py:190} INFO - [2026-08-07T21:37:21.438+0000] {dag.py:3239} INFO - Sync 1 DAGs
[2026-08-07T21:37:21.449+0000] {logging_mixin.py:190} INFO - [2026-08-07T21:37:21.449+0000] {dag.py:4180} INFO - Setting next_dagrun for weather_ingestion to 2026-08-07 21:00:00+00:00, run_after=2026-08-07 22:00:00+00:00
[2026-08-07T21:37:21.456+0000] {processor.py:208} INFO - Processing /opt/airflow/dags/weather_dag.py took 0.254 seconds
[2026-08-07T21:54:49.761+0000] {processor.py:186} INFO - Started process (PID=14997) to work on /opt/airflow/dags/weather_dag.py
[2026-08-07T21:54:49.764+0000] {processor.py:914} INFO - Processing file /opt/airflow/dags/weather_dag.py for tasks to queue
[2026-08-07T21:54:49.770+0000] {logging_mixin.py:190} INFO - [2026-08-07T21:54:49.769+0000] {dagbag.py:588} INFO - Filling up the DagBag from /opt/airflow/dags/weather_dag.py
[2026-08-07T21:54:50.553+0000] {processor.py:925} INFO - DAG(s) 'weather_ingestion' retrieved from /opt/airflow/dags/weather_dag.py
[2026-08-07T21:54:50.590+0000] {logging_mixin.py:190} INFO - [2026-08-07T21:54:50.590+0000] {dag.py:3239} INFO - Sync 1 DAGs
[2026-08-07T21:54:50.610+0000] {logging_mixin.py:190} INFO - [2026-08-07T21:54:50.610+0000] {dag.py:4180} INFO - Setting next_dagrun for weather_ingestion to 2026-08-07 21:00:00+00:00, run_after=2026-08-07 22:00:00+00:00
[2026-08-07T21:54:50.620+0000] {processor.py:208} INFO - Processing /opt/airflow/dags/weather_dag.py took 0.882 seconds
[2026-08-07T21:55:21.054+0000] {processor.py:186} INFO - Started process (PID=15004) to work on /opt/airflow/dags/weather_dag.py
[2026-08-07T21:55:21.058+0000] {processor.py:914} INFO - Processing file /opt/airflow/dags/weather_dag.py for tasks to queue
[2026-08-07T21:55:21.065+0000] {logging_mixin.py:190} INFO - [2026-08-07T21:55:21.064+0000] {dagbag.py:588} INFO - Filling up the DagBag from /opt/airflow/dags/weather_dag.py
[2026-08-07T21:55:21.628+0000] {processor.py:925} INFO - DAG(s) 'weather_ingestion' retrieved from /opt/airflow/dags/weather_dag.py
[2026-08-07T21:55:21.651+0000] {logging_mixin.py:190} INFO - [2026-08-07T21:55:21.651+0000] {dag.py:3239} INFO - Sync 1 DAGs
[2026-08-07T21:55:21.675+0000] {logging_mixin.py:190} INFO - [2026-08-07T21:55:21.675+0000] {dag.py:4180} INFO - Setting next_dagrun for weather_ingestion to 2026-08-07 21:00:00+00:00, run_after=2026-08-07 22:00:00+00:00
[2026-08-07T21:55:21.686+0000] {processor.py:208} INFO - Processing /opt/airflow/dags/weather_dag.py took 0.654 seconds
[2026-08-07T21:55:52.065+0000] {processor.py:186} INFO - Started process (PID=15011) to work on /opt/airflow/dags/weather_dag.py
[2026-08-07T21:55:52.067+0000] {processor.py:914} INFO - Processing file /opt/airflow/dags/weather_dag.py for tasks to queue
[2026-08-07T21:55:52.071+0000] {logging_mixin.py:190} INFO - [2026-08-07T21:55:52.071+0000] {dagbag.py:588} INFO - Filling up the DagBag from /opt/airflow/dags/weather_dag.py
[2026-08-07T21:55:52.310+0000] {processor.py:925} INFO - DAG(s) 'weather_ingestion' retrieved from /opt/airflow/dags/weather_dag.py
[2026-08-07T21:55:52.324+0000] {logging_mixin.py:190} INFO - [2026-08-07T21:55:52.324+0000] {dag.py:3239} INFO - Sync 1 DAGs
[2026-08-07T21:55:52.337+0000] {logging_mixin.py:190} INFO - [2026-08-07T21:55:52.336+0000] {dag.py:4180} INFO - Setting next_dagrun for weather_ingestion to 2026-08-07 21:00:00+00:00, run_after=2026-08-07 22:00:00+00:00
[2026-08-07T21:55:52.343+0000] {processor.py:208} INFO - Processing /opt/airflow/dags/weather_dag.py took 0.290 seconds
[2026-08-07T21:56:22.680+0000] {processor.py:186} INFO - Started process (PID=15018) to work on /opt/airflow/dags/weather_dag.py
[2026-08-07T21:56:22.682+0000] {processor.py:914} INFO - Processing file /opt/airflow/dags/weather_dag.py for tasks to queue
[2026-08-07T21:56:22.685+0000] {logging_mixin.py:190} INFO - [2026-08-07T21:56:22.684+0000] {dagbag.py:588} INFO - Filling up the DagBag from /opt/airflow/dags/weather_dag.py
[2026-08-07T21:56:23.070+0000] {processor.py:925} INFO - DAG(s) 'weather_ingestion' retrieved from /opt/airflow/dags/weather_dag.py
[2026-08-07T21:56:23.091+0000] {logging_mixin.py:190} INFO - [2026-08-07T21:56:23.091+0000] {dag.py:3239} INFO - Sync 1 DAGs
[2026-08-07T21:56:23.106+0000] {logging_mixin.py:190} INFO - [2026-08-07T21:56:23.106+0000] {dag.py:4180} INFO - Setting next_dagrun for weather_ingestion to 2026-08-07 21:00:00+00:00, run_after=2026-08-07 22:00:00+00:00
[2026-08-07T21:56:23.115+0000] {processor.py:208} INFO - Processing /opt/airflow/dags/weather_dag.py took 0.442 seconds
[2026-08-07T21:56:53.536+0000] {processor.py:186} INFO - Started process (PID=15025) to work on /opt/airflow/dags/weather_dag.py
[2026-08-07T21:56:53.539+0000] {processor.py:914} INFO - Processing file /opt/airflow/dags/weather_dag.py for tasks to queue
[2026-08-07T21:56:53.541+0000] {logging_mixin.py:190} INFO - [2026-08-07T21:56:53.541+0000] {dagbag.py:588} INFO - Filling up the DagBag from /opt/airflow/dags/weather_dag.py
[2026-08-07T21:56:53.753+0000] {processor.py:925} INFO - DAG(s) 'weather_ingestion' retrieved from /opt/airflow/dags/weather_dag.py
[2026-08-07T21:56:53.764+0000] {logging_mixin.py:190} INFO - [2026-08-07T21:56:53.764+0000] {dag.py:3239} INFO - Sync 1 DAGs
[2026-08-07T21:56:53.774+0000] {logging_mixin.py:190} INFO - [2026-08-07T21:56:53.774+0000] {dag.py:4180} INFO - Setting next_dagrun for weather_ingestion to 2026-08-07 21:00:00+00:00, run_after=2026-08-07 22:00:00+00:00
[2026-08-07T21:56:53.782+0000] {processor.py:208} INFO - Processing /opt/airflow/dags/weather_dag.py took 0.255 seconds
[2026-08-07T22:12:38.287+0000] {processor.py:186} INFO - Started process (PID=15032) to work on /opt/airflow/dags/weather_dag.py
[2026-08-07T22:12:38.288+0000] {processor.py:914} INFO - Processing file /opt/airflow/dags/weather_dag.py for tasks to queue
[2026-08-07T22:12:38.294+0000] {logging_mixin.py:190} INFO - [2026-08-07T22:12:38.293+0000] {dagbag.py:588} INFO - Filling up the DagBag from /opt/airflow/dags/weather_dag.py
[2026-08-07T22:12:38.741+0000] {processor.py:925} INFO - DAG(s) 'weather_ingestion' retrieved from /opt/airflow/dags/weather_dag.py
[2026-08-07T22:12:38.758+0000] {logging_mixin.py:190} INFO - [2026-08-07T22:12:38.758+0000] {dag.py:3239} INFO - Sync 1 DAGs
[2026-08-07T22:12:38.771+0000] {logging_mixin.py:190} INFO - [2026-08-07T22:12:38.771+0000] {dag.py:4180} INFO - Setting next_dagrun for weather_ingestion to 2026-08-07 22:00:00+00:00, run_after=2026-08-07 23:00:00+00:00
[2026-08-07T22:12:38.779+0000] {processor.py:208} INFO - Processing /opt/airflow/dags/weather_dag.py took 0.502 seconds
[2026-08-07T22:13:09.228+0000] {processor.py:186} INFO - Started process (PID=15044) to work on /opt/airflow/dags/weather_dag.py
[2026-08-07T22:13:09.230+0000] {processor.py:914} INFO - Processing file /opt/airflow/dags/weather_dag.py for tasks to queue
[2026-08-07T22:13:09.234+0000] {logging_mixin.py:190} INFO - [2026-08-07T22:13:09.234+0000] {dagbag.py:588} INFO - Filling up the DagBag from /opt/airflow/dags/weather_dag.py
[2026-08-07T22:13:09.498+0000] {processor.py:925} INFO - DAG(s) 'weather_ingestion' retrieved from /opt/airflow/dags/weather_dag.py
[2026-08-07T22:13:09.513+0000] {logging_mixin.py:190} INFO - [2026-08-07T22:13:09.513+0000] {dag.py:3239} INFO - Sync 1 DAGs
[2026-08-07T22:13:09.525+0000] {logging_mixin.py:190} INFO - [2026-08-07T22:13:09.525+0000] {dag.py:4180} INFO - Setting next_dagrun for weather_ingestion to 2026-08-07 22:00:00+00:00, run_after=2026-08-07 23:00:00+00:00
[2026-08-07T22:13:09.532+0000] {processor.py:208} INFO - Processing /opt/airflow/dags/weather_dag.py took 0.316 seconds
[2026-08-07T22:13:39.577+0000] {processor.py:186} INFO - Started process (PID=15051) to work on /opt/airflow/dags/weather_dag.py
[2026-08-07T22:13:39.579+0000] {processor.py:914} INFO - Processing file /opt/airflow/dags/weather_dag.py for tasks to queue
[2026-08-07T22:13:39.581+0000] {logging_mixin.py:190} INFO - [2026-08-07T22:13:39.581+0000] {dagbag.py:588} INFO - Filling up the DagBag from /opt/airflow/dags/weather_dag.py
[2026-08-07T22:13:39.805+0000] {processor.py:925} INFO - DAG(s) 'weather_ingestion' retrieved from /opt/airflow/dags/weather_dag.py
[2026-08-07T22:13:39.819+0000] {logging_mixin.py:190} INFO - [2026-08-07T22:13:39.819+0000] {dag.py:3239} INFO - Sync 1 DAGs
[2026-08-07T22:13:39.830+0000] {logging_mixin.py:190} INFO - [2026-08-07T22:13:39.830+0000] {dag.py:4180} INFO - Setting next_dagrun for weather_ingestion to 2026-08-07 22:00:00+00:00, run_after=2026-08-07 23:00:00+00:00
[2026-08-07T22:13:39.837+0000] {processor.py:208} INFO - Processing /opt/airflow/dags/weather_dag.py took 0.267 seconds
[2026-08-07T22:14:10.016+0000] {processor.py:186} INFO - Started process (PID=15058) to work on /opt/airflow/dags/weather_dag.py
[2026-08-07T22:14:10.018+0000] {processor.py:914} INFO - Processing file /opt/airflow/dags/weather_dag.py for tasks to queue
[2026-08-07T22:14:10.021+0000] {logging_mixin.py:190} INFO - [2026-08-07T22:14:10.021+0000] {dagbag.py:588} INFO - Filling up the DagBag from /opt/airflow/dags/weather_dag.py
[2026-08-07T22:14:10.231+0000] {processor.py:925} INFO - DAG(s) 'weather_ingestion' retrieved from /opt/airflow/dags/weather_dag.py
[2026-08-07T22:14:10.244+0000] {logging_mixin.py:190} INFO - [2026-08-07T22:14:10.243+0000] {dag.py:3239} INFO - Sync 1 DAGs
[2026-08-07T22:14:10.252+0000] {logging_mixin.py:190} INFO - [2026-08-07T22:14:10.252+0000] {dag.py:4180} INFO - Setting next_dagrun for weather_ingestion to 2026-08-07 22:00:00+00:00, run_after=2026-08-07 23:00:00+00:00
[2026-08-07T22:14:10.259+0000] {processor.py:208} INFO - Processing /opt/airflow/dags/weather_dag.py took 0.250 seconds
[2026-08-07T22:29:46.221+0000] {processor.py:186} INFO - Started process (PID=15065) to work on /opt/airflow/dags/weather_dag.py
[2026-08-07T22:29:46.223+0000] {processor.py:914} INFO - Processing file /opt/airflow/dags/weather_dag.py for tasks to queue
[2026-08-07T22:29:46.229+0000] {logging_mixin.py:190} INFO - [2026-08-07T22:29:46.229+0000] {dagbag.py:588} INFO - Filling up the DagBag from /opt/airflow/dags/weather_dag.py
[2026-08-07T22:29:46.670+0000] {processor.py:925} INFO - DAG(s) 'weather_ingestion' retrieved from /opt/airflow/dags/weather_dag.py
[2026-08-07T22:29:46.689+0000] {logging_mixin.py:190} INFO - [2026-08-07T22:29:46.689+0000] {dag.py:3239} INFO - Sync 1 DAGs
[2026-08-07T22:29:46.702+0000] {logging_mixin.py:190} INFO - [2026-08-07T22:29:46.702+0000] {dag.py:4180} INFO - Setting next_dagrun for weather_ingestion to 2026-08-07 22:00:00+00:00, run_after=2026-08-07 23:00:00+00:00
[2026-08-07T22:29:46.711+0000] {processor.py:208} INFO - Processing /opt/airflow/dags/weather_dag.py took 0.509 seconds
[2026-08-07T22:30:17.120+0000] {processor.py:186} INFO - Started process (PID=15077) to work on /opt/airflow/dags/weather_dag.py
[2026-08-07T22:30:17.122+0000] {processor.py:914} INFO - Processing file /opt/airflow/dags/weather_dag.py for tasks to queue
[2026-08-07T22:30:17.126+0000] {logging_mixin.py:190} INFO - [2026-08-07T22:30:17.126+0000] {dagbag.py:588} INFO - Filling up the DagBag from /opt/airflow/dags/weather_dag.py
[2026-08-07T22:30:17.533+0000] {processor.py:925} INFO - DAG(s) 'weather_ingestion' retrieved from /opt/airflow/dags/weather_dag.py
[2026-08-07T22:30:17.559+0000] {logging_mixin.py:190} INFO - [2026-08-07T22:30:17.559+0000] {dag.py:3239} INFO - Sync 1 DAGs
[2026-08-07T22:30:17.576+0000] {logging_mixin.py:190} INFO - [2026-08-07T22:30:17.575+0000] {dag.py:4180} INFO - Setting next_dagrun for weather_ingestion to 2026-08-07 22:00:00+00:00, run_after=2026-08-07 23:00:00+00:00
[2026-08-07T22:30:17.584+0000] {processor.py:208} INFO - Processing /opt/airflow/dags/weather_dag.py took 0.477 seconds
[2026-08-07T22:30:47.915+0000] {processor.py:186} INFO - Started process (PID=15084) to work on /opt/airflow/dags/weather_dag.py
[2026-08-07T22:30:47.917+0000] {processor.py:914} INFO - Processing file /opt/airflow/dags/weather_dag.py for tasks to queue
[2026-08-07T22:30:47.919+0000] {logging_mixin.py:190} INFO - [2026-08-07T22:30:47.918+0000] {dagbag.py:588} INFO - Filling up the DagBag from /opt/airflow/dags/weather_dag.py
[2026-08-07T22:30:48.132+0000] {processor.py:925} INFO - DAG(s) 'weather_ingestion' retrieved from /opt/airflow/dags/weather_dag.py
[2026-08-07T22:30:48.147+0000] {logging_mixin.py:190} INFO - [2026-08-07T22:30:48.146+0000] {dag.py:3239} INFO - Sync 1 DAGs
[2026-08-07T22:30:48.160+0000] {logging_mixin.py:190} INFO - [2026-08-07T22:30:48.159+0000] {dag.py:4180} INFO - Setting next_dagrun for weather_ingestion to 2026-08-07 22:00:00+00:00, run_after=2026-08-07 23:00:00+00:00
[2026-08-07T22:30:48.167+0000] {processor.py:208} INFO - Processing /opt/airflow/dags/weather_dag.py took 0.259 seconds
[2026-08-07T22:31:18.278+0000] {processor.py:186} INFO - Started process (PID=15091) to work on /opt/airflow/dags/weather_dag.py
[2026-08-07T22:31:18.282+0000] {processor.py:914} INFO - Processing file /opt/airflow/dags/weather_dag.py for tasks to queue
[2026-08-07T22:31:18.286+0000] {logging_mixin.py:190} INFO - [2026-08-07T22:31:18.286+0000] {dagbag.py:588} INFO - Filling up the DagBag from /opt/airflow/dags/weather_dag.py
[2026-08-07T22:31:18.559+0000] {processor.py:925} INFO - DAG(s) 'weather_ingestion' retrieved from /opt/airflow/dags/weather_dag.py
[2026-08-07T22:31:18.572+0000] {logging_mixin.py:190} INFO - [2026-08-07T22:31:18.572+0000] {dag.py:3239} INFO - Sync 1 DAGs
[2026-08-07T22:31:18.582+0000] {logging_mixin.py:190} INFO - [2026-08-07T22:31:18.582+0000] {dag.py:4180} INFO - Setting next_dagrun for weather_ingestion to 2026-08-07 22:00:00+00:00, run_after=2026-08-07 23:00:00+00:00
[2026-08-07T22:31:18.589+0000] {processor.py:208} INFO - Processing /opt/airflow/dags/weather_dag.py took 0.323 seconds
[2026-08-07T22:31:48.887+0000] {processor.py:186} INFO - Started process (PID=15098) to work on /opt/airflow/dags/weather_dag.py
[2026-08-07T22:31:48.889+0000] {processor.py:914} INFO - Processing file /opt/airflow/dags/weather_dag.py for tasks to queue
[2026-08-07T22:31:48.891+0000] {logging_mixin.py:190} INFO - [2026-08-07T22:31:48.890+0000] {dagbag.py:588} INFO - Filling up the DagBag from /opt/airflow/dags/weather_dag.py
[2026-08-07T22:31:49.114+0000] {processor.py:925} INFO - DAG(s) 'weather_ingestion' retrieved from /opt/airflow/dags/weather_dag.py
[2026-08-07T22:31:49.127+0000] {logging_mixin.py:190} INFO - [2026-08-07T22:31:49.127+0000] {dag.py:3239} INFO - Sync 1 DAGs
[2026-08-07T22:31:49.138+0000] {logging_mixin.py:190} INFO - [2026-08-07T22:31:49.138+0000] {dag.py:4180} INFO - Setting next_dagrun for weather_ingestion to 2026-08-07 22:00:00+00:00, run_after=2026-08-07 23:00:00+00:00
[2026-08-07T22:31:49.145+0000] {processor.py:208} INFO - Processing /opt/airflow/dags/weather_dag.py took 0.267 seconds
[2026-08-07T22:47:33.651+0000] {processor.py:186} INFO - Started process (PID=15110) to work on /opt/airflow/dags/weather_dag.py
[2026-08-07T22:47:33.653+0000] {processor.py:914} INFO - Processing file /opt/airflow/dags/weather_dag.py for tasks to queue
[2026-08-07T22:47:33.662+0000] {logging_mixin.py:190} INFO - [2026-08-07T22:47:33.661+0000] {dagbag.py:588} INFO - Filling up the DagBag from /opt/airflow/dags/weather_dag.py
[2026-08-07T22:47:34.199+0000] {processor.py:925} INFO - DAG(s) 'weather_ingestion' retrieved from /opt/airflow/dags/weather_dag.py
[2026-08-07T22:47:34.225+0000] {logging_mixin.py:190} INFO - [2026-08-07T22:47:34.225+0000] {dag.py:3239} INFO - Sync 1 DAGs
[2026-08-07T22:47:34.245+0000] {logging_mixin.py:190} INFO - [2026-08-07T22:47:34.244+0000] {dag.py:4180} INFO - Setting next_dagrun for weather_ingestion to 2026-08-07 22:00:00+00:00, run_after=2026-08-07 23:00:00+00:00
[2026-08-07T22:47:34.263+0000] {processor.py:208} INFO - Processing /opt/airflow/dags/weather_dag.py took 0.621 seconds
[2026-08-07T22:48:04.671+0000] {processor.py:186} INFO - Started process (PID=15117) to work on /opt/airflow/dags/weather_dag.py
[2026-08-07T22:48:04.675+0000] {processor.py:914} INFO - Processing file /opt/airflow/dags/weather_dag.py for tasks to queue
[2026-08-07T22:48:04.724+0000] {logging_mixin.py:190} INFO - [2026-08-07T22:48:04.724+0000] {dagbag.py:588} INFO - Filling up the DagBag from /opt/airflow/dags/weather_dag.py
[2026-08-07T22:48:05.152+0000] {processor.py:925} INFO - DAG(s) 'weather_ingestion' retrieved from /opt/airflow/dags/weather_dag.py
[2026-08-07T22:48:05.174+0000] {logging_mixin.py:190} INFO - [2026-08-07T22:48:05.173+0000] {dag.py:3239} INFO - Sync 1 DAGs
[2026-08-07T22:48:05.196+0000] {logging_mixin.py:190} INFO - [2026-08-07T22:48:05.196+0000] {dag.py:4180} INFO - Setting next_dagrun for weather_ingestion to 2026-08-07 22:00:00+00:00, run_after=2026-08-07 23:00:00+00:00
[2026-08-07T22:48:05.206+0000] {processor.py:208} INFO - Processing /opt/airflow/dags/weather_dag.py took 0.550 seconds
[2026-08-07T22:48:35.420+0000] {processor.py:186} INFO - Started process (PID=15124) to work on /opt/airflow/dags/weather_dag.py
[2026-08-07T22:48:35.422+0000] {processor.py:914} INFO - Processing file /opt/airflow/dags/weather_dag.py for tasks to queue
[2026-08-07T22:48:35.427+0000] {logging_mixin.py:190} INFO - [2026-08-07T22:48:35.427+0000] {dagbag.py:588} INFO - Filling up the DagBag from /opt/airflow/dags/weather_dag.py
[2026-08-07T22:48:35.688+0000] {processor.py:925} INFO - DAG(s) 'weather_ingestion' retrieved from /opt/airflow/dags/weather_dag.py
[2026-08-07T22:48:35.701+0000] {logging_mixin.py:190} INFO - [2026-08-07T22:48:35.701+0000] {dag.py:3239} INFO - Sync 1 DAGs
[2026-08-07T22:48:35.712+0000] {logging_mixin.py:190} INFO - [2026-08-07T22:48:35.712+0000] {dag.py:4180} INFO - Setting next_dagrun for weather_ingestion to 2026-08-07 22:00:00+00:00, run_after=2026-08-07 23:00:00+00:00
[2026-08-07T22:48:35.719+0000] {processor.py:208} INFO - Processing /opt/airflow/dags/weather_dag.py took 0.309 seconds
[2026-08-07T22:49:05.899+0000] {processor.py:186} INFO - Started process (PID=15131) to work on /opt/airflow/dags/weather_dag.py
[2026-08-07T22:49:05.901+0000] {processor.py:914} INFO - Processing file /opt/airflow/dags/weather_dag.py for tasks to queue
[2026-08-07T22:49:05.906+0000] {logging_mixin.py:190} INFO - [2026-08-07T22:49:05.905+0000] {dagbag.py:588} INFO - Filling up the DagBag from /opt/airflow/dags/weather_dag.py
[2026-08-07T22:49:06.190+0000] {processor.py:925} INFO - DAG(s) 'weather_ingestion' retrieved from /opt/airflow/dags/weather_dag.py
[2026-08-07T22:49:06.210+0000] {logging_mixin.py:190} INFO - [2026-08-07T22:49:06.209+0000] {dag.py:3239} INFO - Sync 1 DAGs
[2026-08-07T22:49:06.222+0000] {logging_mixin.py:190} INFO - [2026-08-07T22:49:06.222+0000] {dag.py:4180} INFO - Setting next_dagrun for weather_ingestion to 2026-08-07 22:00:00+00:00, run_after=2026-08-07 23:00:00+00:00
[2026-08-07T22:49:06.230+0000] {processor.py:208} INFO - Processing /opt/airflow/dags/weather_dag.py took 0.341 seconds
[2026-08-07T22:49:36.450+0000] {processor.py:186} INFO - Started process (PID=15138) to work on /opt/airflow/dags/weather_dag.py
[2026-08-07T22:49:36.452+0000] {processor.py:914} INFO - Processing file /opt/airflow/dags/weather_dag.py for tasks to queue
[2026-08-07T22:49:36.455+0000] {logging_mixin.py:190} INFO - [2026-08-07T22:49:36.455+0000] {dagbag.py:588} INFO - Filling up the DagBag from /opt/airflow/dags/weather_dag.py
[2026-08-07T22:49:36.670+0000] {processor.py:925} INFO - DAG(s) 'weather_ingestion' retrieved from /opt/airflow/dags/weather_dag.py
[2026-08-07T22:49:36.682+0000] {logging_mixin.py:190} INFO - [2026-08-07T22:49:36.682+0000] {dag.py:3239} INFO - Sync 1 DAGs
[2026-08-07T22:49:36.692+0000] {logging_mixin.py:190} INFO - [2026-08-07T22:49:36.692+0000] {dag.py:4180} INFO - Setting next_dagrun for weather_ingestion to 2026-08-07 22:00:00+00:00, run_after=2026-08-07 23:00:00+00:00
[2026-08-07T22:49:36.699+0000] {processor.py:208} INFO - Processing /opt/airflow/dags/weather_dag.py took 0.256 seconds
[2026-08-07T23:05:35.412+0000] {processor.py:186} INFO - Started process (PID=15145) to work on /opt/airflow/dags/weather_dag.py
[2026-08-07T23:05:35.414+0000] {processor.py:914} INFO - Processing file /opt/airflow/dags/weather_dag.py for tasks to queue
[2026-08-07T23:05:35.419+0000] {logging_mixin.py:190} INFO - [2026-08-07T23:05:35.418+0000] {dagbag.py:588} INFO - Filling up the DagBag from /opt/airflow/dags/weather_dag.py
[2026-08-07T23:05:35.858+0000] {processor.py:925} INFO - DAG(s) 'weather_ingestion' retrieved from /opt/airflow/dags/weather_dag.py
[2026-08-07T23:05:35.876+0000] {logging_mixin.py:190} INFO - [2026-08-07T23:05:35.876+0000] {dag.py:3239} INFO - Sync 1 DAGs
[2026-08-07T23:05:35.889+0000] {logging_mixin.py:190} INFO - [2026-08-07T23:05:35.889+0000] {dag.py:4180} INFO - Setting next_dagrun for weather_ingestion to 2026-08-07 23:00:00+00:00, run_after=2026-08-08 00:00:00+00:00
[2026-08-07T23:05:35.899+0000] {processor.py:208} INFO - Processing /opt/airflow/dags/weather_dag.py took 0.500 seconds
[2026-08-07T23:06:05.995+0000] {processor.py:186} INFO - Started process (PID=15157) to work on /opt/airflow/dags/weather_dag.py
[2026-08-07T23:06:05.998+0000] {processor.py:914} INFO - Processing file /opt/airflow/dags/weather_dag.py for tasks to queue
[2026-08-07T23:06:06.002+0000] {logging_mixin.py:190} INFO - [2026-08-07T23:06:06.001+0000] {dagbag.py:588} INFO - Filling up the DagBag from /opt/airflow/dags/weather_dag.py
[2026-08-07T23:06:06.278+0000] {processor.py:925} INFO - DAG(s) 'weather_ingestion' retrieved from /opt/airflow/dags/weather_dag.py
[2026-08-07T23:06:06.294+0000] {logging_mixin.py:190} INFO - [2026-08-07T23:06:06.294+0000] {dag.py:3239} INFO - Sync 1 DAGs
[2026-08-07T23:06:06.307+0000] {logging_mixin.py:190} INFO - [2026-08-07T23:06:06.307+0000] {dag.py:4180} INFO - Setting next_dagrun for weather_ingestion to 2026-08-07 23:00:00+00:00, run_after=2026-08-08 00:00:00+00:00
[2026-08-07T23:06:06.315+0000] {processor.py:208} INFO - Processing /opt/airflow/dags/weather_dag.py took 0.335 seconds
[2026-08-07T23:06:36.718+0000] {processor.py:186} INFO - Started process (PID=15164) to work on /opt/airflow/dags/weather_dag.py
[2026-08-07T23:06:36.719+0000] {processor.py:914} INFO - Processing file /opt/airflow/dags/weather_dag.py for tasks to queue
[2026-08-07T23:06:36.722+0000] {logging_mixin.py:190} INFO - [2026-08-07T23:06:36.721+0000] {dagbag.py:588} INFO - Filling up the DagBag from /opt/airflow/dags/weather_dag.py
[2026-08-07T23:06:36.942+0000] {processor.py:925} INFO - DAG(s) 'weather_ingestion' retrieved from /opt/airflow/dags/weather_dag.py
[2026-08-07T23:06:36.955+0000] {logging_mixin.py:190} INFO - [2026-08-07T23:06:36.955+0000] {dag.py:3239} INFO - Sync 1 DAGs
[2026-08-07T23:06:36.965+0000] {logging_mixin.py:190} INFO - [2026-08-07T23:06:36.965+0000] {dag.py:4180} INFO - Setting next_dagrun for weather_ingestion to 2026-08-07 23:00:00+00:00, run_after=2026-08-08 00:00:00+00:00
[2026-08-07T23:06:36.971+0000] {processor.py:208} INFO - Processing /opt/airflow/dags/weather_dag.py took 0.261 seconds
[2026-08-07T23:07:07.134+0000] {processor.py:186} INFO - Started process (PID=15171) to work on /opt/airflow/dags/weather_dag.py
[2026-08-07T23:07:07.136+0000] {processor.py:914} INFO - Processing file /opt/airflow/dags/weather_dag.py for tasks to queue
[2026-08-07T23:07:07.138+0000] {logging_mixin.py:190} INFO - [2026-08-07T23:07:07.138+0000] {dagbag.py:588} INFO - Filling up the DagBag from /opt/airflow/dags/weather_dag.py
[2026-08-07T23:07:07.347+0000] {processor.py:925} INFO - DAG(s) 'weather_ingestion' retrieved from /opt/airflow/dags/weather_dag.py
[2026-08-07T23:07:07.358+0000] {logging_mixin.py:190} INFO - [2026-08-07T23:07:07.358+0000] {dag.py:3239} INFO - Sync 1 DAGs
[2026-08-07T23:07:07.368+0000] {logging_mixin.py:190} INFO - [2026-08-07T23:07:07.368+0000] {dag.py:4180} INFO - Setting next_dagrun for weather_ingestion to 2026-08-07 23:00:00+00:00, run_after=2026-08-08 00:00:00+00:00
[2026-08-07T23:07:07.374+0000] {processor.py:208} INFO - Processing /opt/airflow/dags/weather_dag.py took 0.248 seconds
[2026-08-07T23:07:37.684+0000] {processor.py:186} INFO - Started process (PID=15178) to work on /opt/airflow/dags/weather_dag.py
[2026-08-07T23:07:37.687+0000] {processor.py:914} INFO - Processing file /opt/airflow/dags/weather_dag.py for tasks to queue
[2026-08-07T23:07:37.689+0000] {logging_mixin.py:190} INFO - [2026-08-07T23:07:37.688+0000] {dagbag.py:588} INFO - Filling up the DagBag from /opt/airflow/dags/weather_dag.py
[2026-08-07T23:07:37.898+0000] {processor.py:925} INFO - DAG(s) 'weather_ingestion' retrieved from /opt/airflow/dags/weather_dag.py
[2026-08-07T23:07:37.910+0000] {logging_mixin.py:190} INFO - [2026-08-07T23:07:37.910+0000] {dag.py:3239} INFO - Sync 1 DAGs
[2026-08-07T23:07:37.920+0000] {logging_mixin.py:190} INFO - [2026-08-07T23:07:37.920+0000] {dag.py:4180} INFO - Setting next_dagrun for weather_ingestion to 2026-08-07 23:00:00+00:00, run_after=2026-08-08 00:00:00+00:00
[2026-08-07T23:07:37.927+0000] {processor.py:208} INFO - Processing /opt/airflow/dags/weather_dag.py took 0.250 seconds
[2026-08-07T23:08:08.145+0000] {processor.py:186} INFO - Started process (PID=15190) to work on /opt/airflow/dags/weather_dag.py
[2026-08-07T23:08:08.146+0000] {processor.py:914} INFO - Processing file /opt/airflow/dags/weather_dag.py for tasks to queue
[2026-08-07T23:08:08.149+0000] {logging_mixin.py:190} INFO - [2026-08-07T23:08:08.148+0000] {dagbag.py:588} INFO - Filling up the DagBag from /opt/airflow/dags/weather_dag.py
[2026-08-07T23:08:08.357+0000] {processor.py:925} INFO - DAG(s) 'weather_ingestion' retrieved from /opt/airflow/dags/weather_dag.py
[2026-08-07T23:08:08.367+0000] {logging_mixin.py:190} INFO - [2026-08-07T23:08:08.367+0000] {dag.py:3239} INFO - Sync 1 DAGs
[2026-08-07T23:08:08.376+0000] {logging_mixin.py:190} INFO - [2026-08-07T23:08:08.376+0000] {dag.py:4180} INFO - Setting next_dagrun for weather_ingestion to 2026-08-07 23:00:00+00:00, run_after=2026-08-08 00:00:00+00:00
[2026-08-07T23:08:08.382+0000] {processor.py:208} INFO - Processing /opt/airflow/dags/weather_dag.py took 0.245 seconds
[2026-08-07T23:12:14.933+0000] {processor.py:186} INFO - Started process (PID=15197) to work on /opt/airflow/dags/weather_dag.py
[2026-08-07T23:12:14.934+0000] {processor.py:914} INFO - Processing file /opt/airflow/dags/weather_dag.py for tasks to queue
[2026-08-07T23:12:14.940+0000] {logging_mixin.py:190} INFO - [2026-08-07T23:12:14.939+0000] {dagbag.py:588} INFO - Filling up the DagBag from /opt/airflow/dags/weather_dag.py
[2026-08-07T23:12:15.368+0000] {processor.py:925} INFO - DAG(s) 'weather_ingestion' retrieved from /opt/airflow/dags/weather_dag.py
[2026-08-07T23:12:15.385+0000] {logging_mixin.py:190} INFO - [2026-08-07T23:12:15.385+0000] {dag.py:3239} INFO - Sync 1 DAGs
[2026-08-07T23:12:15.397+0000] {logging_mixin.py:190} INFO - [2026-08-07T23:12:15.397+0000] {dag.py:4180} INFO - Setting next_dagrun for weather_ingestion to 2026-08-07 23:00:00+00:00, run_after=2026-08-08 00:00:00+00:00
[2026-08-07T23:12:15.405+0000] {processor.py:208} INFO - Processing /opt/airflow/dags/weather_dag.py took 0.482 seconds
[2026-08-07T23:12:45.466+0000] {processor.py:186} INFO - Started process (PID=15204) to work on /opt/airflow/dags/weather_dag.py
[2026-08-07T23:12:45.468+0000] {processor.py:914} INFO - Processing file /opt/airflow/dags/weather_dag.py for tasks to queue
[2026-08-07T23:12:45.472+0000] {logging_mixin.py:190} INFO - [2026-08-07T23:12:45.472+0000] {dagbag.py:588} INFO - Filling up the DagBag from /opt/airflow/dags/weather_dag.py
[2026-08-07T23:12:45.713+0000] {processor.py:925} INFO - DAG(s) 'weather_ingestion' retrieved from /opt/airflow/dags/weather_dag.py
[2026-08-07T23:12:45.726+0000] {logging_mixin.py:190} INFO - [2026-08-07T23:12:45.726+0000] {dag.py:3239} INFO - Sync 1 DAGs
[2026-08-07T23:12:45.736+0000] {logging_mixin.py:190} INFO - [2026-08-07T23:12:45.736+0000] {dag.py:4180} INFO - Setting next_dagrun for weather_ingestion to 2026-08-07 23:00:00+00:00, run_after=2026-08-08 00:00:00+00:00
[2026-08-07T23:12:45.744+0000] {processor.py:208} INFO - Processing /opt/airflow/dags/weather_dag.py took 0.287 seconds
[2026-08-07T23:13:16.200+0000] {processor.py:186} INFO - Started process (PID=15211) to work on /opt/airflow/dags/weather_dag.py
[2026-08-07T23:13:16.203+0000] {processor.py:914} INFO - Processing file /opt/airflow/dags/weather_dag.py for tasks to queue
[2026-08-07T23:13:16.209+0000] {logging_mixin.py:190} INFO - [2026-08-07T23:13:16.208+0000] {dagbag.py:588} INFO - Filling up the DagBag from /opt/airflow/dags/weather_dag.py
[2026-08-07T23:13:16.564+0000] {processor.py:925} INFO - DAG(s) 'weather_ingestion' retrieved from /opt/airflow/dags/weather_dag.py
[2026-08-07T23:13:16.580+0000] {logging_mixin.py:190} INFO - [2026-08-07T23:13:16.580+0000] {dag.py:3239} INFO - Sync 1 DAGs
[2026-08-07T23:13:16.593+0000] {logging_mixin.py:190} INFO - [2026-08-07T23:13:16.593+0000] {dag.py:4180} INFO - Setting next_dagrun for weather_ingestion to 2026-08-07 23:00:00+00:00, run_after=2026-08-08 00:00:00+00:00
[2026-08-07T23:13:16.601+0000] {processor.py:208} INFO - Processing /opt/airflow/dags/weather_dag.py took 0.416 seconds
[2026-08-07T23:13:46.965+0000] {processor.py:186} INFO - Started process (PID=15218) to work on /opt/airflow/dags/weather_dag.py
[2026-08-07T23:13:46.967+0000] {processor.py:914} INFO - Processing file /opt/airflow/dags/weather_dag.py for tasks to queue
[2026-08-07T23:13:46.969+0000] {logging_mixin.py:190} INFO - [2026-08-07T23:13:46.969+0000] {dagbag.py:588} INFO - Filling up the DagBag from /opt/airflow/dags/weather_dag.py
[2026-08-07T23:13:47.180+0000] {processor.py:925} INFO - DAG(s) 'weather_ingestion' retrieved from /opt/airflow/dags/weather_dag.py
[2026-08-07T23:13:47.195+0000] {logging_mixin.py:190} INFO - [2026-08-07T23:13:47.195+0000] {dag.py:3239} INFO - Sync 1 DAGs
[2026-08-07T23:13:47.206+0000] {logging_mixin.py:190} INFO - [2026-08-07T23:13:47.205+0000] {dag.py:4180} INFO - Setting next_dagrun for weather_ingestion to 2026-08-07 23:00:00+00:00, run_after=2026-08-08 00:00:00+00:00
[2026-08-07T23:13:47.212+0000] {processor.py:208} INFO - Processing /opt/airflow/dags/weather_dag.py took 0.255 seconds
[2026-08-07T23:29:21.829+0000] {processor.py:186} INFO - Started process (PID=15225) to work on /opt/airflow/dags/weather_dag.py
[2026-08-07T23:29:21.831+0000] {processor.py:914} INFO - Processing file /opt/airflow/dags/weather_dag.py for tasks to queue
[2026-08-07T23:29:21.835+0000] {logging_mixin.py:190} INFO - [2026-08-07T23:29:21.835+0000] {dagbag.py:588} INFO - Filling up the DagBag from /opt/airflow/dags/weather_dag.py
[2026-08-07T23:29:22.192+0000] {processor.py:925} INFO - DAG(s) 'weather_ingestion' retrieved from /opt/airflow/dags/weather_dag.py
[2026-08-07T23:29:22.207+0000] {logging_mixin.py:190} INFO - [2026-08-07T23:29:22.207+0000] {dag.py:3239} INFO - Sync 1 DAGs
[2026-08-07T23:29:22.220+0000] {logging_mixin.py:190} INFO - [2026-08-07T23:29:22.220+0000] {dag.py:4180} INFO - Setting next_dagrun for weather_ingestion to 2026-08-07 23:00:00+00:00, run_after=2026-08-08 00:00:00+00:00
[2026-08-07T23:29:22.228+0000] {processor.py:208} INFO - Processing /opt/airflow/dags/weather_dag.py took 0.408 seconds
[2026-08-07T23:29:52.636+0000] {processor.py:186} INFO - Started process (PID=15232) to work on /opt/airflow/dags/weather_dag.py
[2026-08-07T23:29:52.639+0000] {processor.py:914} INFO - Processing file /opt/airflow/dags/weather_dag.py for tasks to queue
[2026-08-07T23:29:52.645+0000] {logging_mixin.py:190} INFO - [2026-08-07T23:29:52.644+0000] {dagbag.py:588} INFO - Filling up the DagBag from /opt/airflow/dags/weather_dag.py
[2026-08-07T23:29:53.054+0000] {processor.py:925} INFO - DAG(s) 'weather_ingestion' retrieved from /opt/airflow/dags/weather_dag.py
[2026-08-07T23:29:53.074+0000] {logging_mixin.py:190} INFO - [2026-08-07T23:29:53.074+0000] {dag.py:3239} INFO - Sync 1 DAGs
[2026-08-07T23:29:53.088+0000] {logging_mixin.py:190} INFO - [2026-08-07T23:29:53.088+0000] {dag.py:4180} INFO - Setting next_dagrun for weather_ingestion to 2026-08-07 23:00:00+00:00, run_after=2026-08-08 00:00:00+00:00
[2026-08-07T23:29:53.096+0000] {processor.py:208} INFO - Processing /opt/airflow/dags/weather_dag.py took 0.482 seconds
[2026-08-07T23:30:23.473+0000] {processor.py:186} INFO - Started process (PID=15239) to work on /opt/airflow/dags/weather_dag.py
[2026-08-07T23:30:23.474+0000] {processor.py:914} INFO - Processing file /opt/airflow/dags/weather_dag.py for tasks to queue
[2026-08-07T23:30:23.476+0000] {logging_mixin.py:190} INFO - [2026-08-07T23:30:23.476+0000] {dagbag.py:588} INFO - Filling up the DagBag from /opt/airflow/dags/weather_dag.py
[2026-08-07T23:30:23.684+0000] {processor.py:925} INFO - DAG(s) 'weather_ingestion' retrieved from /opt/airflow/dags/weather_dag.py
[2026-08-07T23:30:23.697+0000] {logging_mixin.py:190} INFO - [2026-08-07T23:30:23.696+0000] {dag.py:3239} INFO - Sync 1 DAGs
[2026-08-07T23:30:23.705+0000] {logging_mixin.py:190} INFO - [2026-08-07T23:30:23.705+0000] {dag.py:4180} INFO - Setting next_dagrun for weather_ingestion to 2026-08-07 23:00:00+00:00, run_after=2026-08-08 00:00:00+00:00
[2026-08-07T23:30:23.713+0000] {processor.py:208} INFO - Processing /opt/airflow/dags/weather_dag.py took 0.245 seconds
[2026-08-07T23:30:53.860+0000] {processor.py:186} INFO - Started process (PID=15246) to work on /opt/airflow/dags/weather_dag.py
[2026-08-07T23:30:53.862+0000] {processor.py:914} INFO - Processing file /opt/airflow/dags/weather_dag.py for tasks to queue
[2026-08-07T23:30:53.864+0000] {logging_mixin.py:190} INFO - [2026-08-07T23:30:53.864+0000] {dagbag.py:588} INFO - Filling up the DagBag from /opt/airflow/dags/weather_dag.py
[2026-08-07T23:30:54.082+0000] {processor.py:925} INFO - DAG(s) 'weather_ingestion' retrieved from /opt/airflow/dags/weather_dag.py
[2026-08-07T23:30:54.095+0000] {logging_mixin.py:190} INFO - [2026-08-07T23:30:54.094+0000] {dag.py:3239} INFO - Sync 1 DAGs
[2026-08-07T23:30:54.105+0000] {logging_mixin.py:190} INFO - [2026-08-07T23:30:54.105+0000] {dag.py:4180} INFO - Setting next_dagrun for weather_ingestion to 2026-08-07 23:00:00+00:00, run_after=2026-08-08 00:00:00+00:00
[2026-08-07T23:30:54.112+0000] {processor.py:208} INFO - Processing /opt/airflow/dags/weather_dag.py took 0.258 seconds
[2026-08-07T23:46:47.494+0000] {processor.py:186} INFO - Started process (PID=15253) to work on /opt/airflow/dags/weather_dag.py
[2026-08-07T23:46:47.498+0000] {processor.py:914} INFO - Processing file /opt/airflow/dags/weather_dag.py for tasks to queue
[2026-08-07T23:46:47.513+0000] {logging_mixin.py:190} INFO - [2026-08-07T23:46:47.512+0000] {dagbag.py:588} INFO - Filling up the DagBag from /opt/airflow/dags/weather_dag.py
[2026-08-07T23:46:49.098+0000] {processor.py:925} INFO - DAG(s) 'weather_ingestion' retrieved from /opt/airflow/dags/weather_dag.py
[2026-08-07T23:46:49.141+0000] {logging_mixin.py:190} INFO - [2026-08-07T23:46:49.140+0000] {dag.py:3239} INFO - Sync 1 DAGs
[2026-08-07T23:46:49.172+0000] {logging_mixin.py:190} INFO - [2026-08-07T23:46:49.172+0000] {dag.py:4180} INFO - Setting next_dagrun for weather_ingestion to 2026-08-07 23:00:00+00:00, run_after=2026-08-08 00:00:00+00:00
[2026-08-07T23:46:49.191+0000] {processor.py:208} INFO - Processing /opt/airflow/dags/weather_dag.py took 1.767 seconds
[2026-08-07T23:47:19.642+0000] {processor.py:186} INFO - Started process (PID=15260) to work on /opt/airflow/dags/weather_dag.py
[2026-08-07T23:47:19.643+0000] {processor.py:914} INFO - Processing file /opt/airflow/dags/weather_dag.py for tasks to queue
[2026-08-07T23:47:19.654+0000] {logging_mixin.py:190} INFO - [2026-08-07T23:47:19.653+0000] {dagbag.py:588} INFO - Filling up the DagBag from /opt/airflow/dags/weather_dag.py
[2026-08-07T23:47:20.064+0000] {processor.py:925} INFO - DAG(s) 'weather_ingestion' retrieved from /opt/airflow/dags/weather_dag.py
[2026-08-07T23:47:20.094+0000] {logging_mixin.py:190} INFO - [2026-08-07T23:47:20.093+0000] {dag.py:3239} INFO - Sync 1 DAGs
[2026-08-07T23:47:20.109+0000] {logging_mixin.py:190} INFO - [2026-08-07T23:47:20.109+0000] {dag.py:4180} INFO - Setting next_dagrun for weather_ingestion to 2026-08-07 23:00:00+00:00, run_after=2026-08-08 00:00:00+00:00
[2026-08-07T23:47:20.118+0000] {processor.py:208} INFO - Processing /opt/airflow/dags/weather_dag.py took 0.485 seconds
[2026-08-07T23:47:50.329+0000] {processor.py:186} INFO - Started process (PID=15267) to work on /opt/airflow/dags/weather_dag.py
[2026-08-07T23:47:50.331+0000] {processor.py:914} INFO - Processing file /opt/airflow/dags/weather_dag.py for tasks to queue
[2026-08-07T23:47:50.334+0000] {logging_mixin.py:190} INFO - [2026-08-07T23:47:50.334+0000] {dagbag.py:588} INFO - Filling up the DagBag from /opt/airflow/dags/weather_dag.py
[2026-08-07T23:47:50.556+0000] {processor.py:925} INFO - DAG(s) 'weather_ingestion' retrieved from /opt/airflow/dags/weather_dag.py
[2026-08-07T23:47:50.567+0000] {logging_mixin.py:190} INFO - [2026-08-07T23:47:50.567+0000] {dag.py:3239} INFO - Sync 1 DAGs
[2026-08-07T23:47:50.576+0000] {logging_mixin.py:190} INFO - [2026-08-07T23:47:50.576+0000] {dag.py:4180} INFO - Setting next_dagrun for weather_ingestion to 2026-08-07 23:00:00+00:00, run_after=2026-08-08 00:00:00+00:00
[2026-08-07T23:47:50.582+0000] {processor.py:208} INFO - Processing /opt/airflow/dags/weather_dag.py took 0.263 seconds
[2026-08-07T23:48:20.829+0000] {processor.py:186} INFO - Started process (PID=15274) to work on /opt/airflow/dags/weather_dag.py
[2026-08-07T23:48:20.831+0000] {processor.py:914} INFO - Processing file /opt/airflow/dags/weather_dag.py for tasks to queue
[2026-08-07T23:48:20.834+0000] {logging_mixin.py:190} INFO - [2026-08-07T23:48:20.834+0000] {dagbag.py:588} INFO - Filling up the DagBag from /opt/airflow/dags/weather_dag.py
[2026-08-07T23:48:21.100+0000] {processor.py:925} INFO - DAG(s) 'weather_ingestion' retrieved from /opt/airflow/dags/weather_dag.py
[2026-08-07T23:48:21.116+0000] {logging_mixin.py:190} INFO - [2026-08-07T23:48:21.116+0000] {dag.py:3239} INFO - Sync 1 DAGs
[2026-08-07T23:48:21.130+0000] {logging_mixin.py:190} INFO - [2026-08-07T23:48:21.130+0000] {dag.py:4180} INFO - Setting next_dagrun for weather_ingestion to 2026-08-07 23:00:00+00:00, run_after=2026-08-08 00:00:00+00:00
[2026-08-07T23:48:21.138+0000] {processor.py:208} INFO - Processing /opt/airflow/dags/weather_dag.py took 0.327 seconds
[2026-08-07T23:48:51.296+0000] {processor.py:186} INFO - Started process (PID=15281) to work on /opt/airflow/dags/weather_dag.py
[2026-08-07T23:48:51.298+0000] {processor.py:914} INFO - Processing file /opt/airflow/dags/weather_dag.py for tasks to queue
[2026-08-07T23:48:51.300+0000] {logging_mixin.py:190} INFO - [2026-08-07T23:48:51.300+0000] {dagbag.py:588} INFO - Filling up the DagBag from /opt/airflow/dags/weather_dag.py
[2026-08-07T23:48:51.519+0000] {processor.py:925} INFO - DAG(s) 'weather_ingestion' retrieved from /opt/airflow/dags/weather_dag.py
[2026-08-07T23:48:51.531+0000] {logging_mixin.py:190} INFO - [2026-08-07T23:48:51.531+0000] {dag.py:3239} INFO - Sync 1 DAGs
[2026-08-07T23:48:51.542+0000] {logging_mixin.py:190} INFO - [2026-08-07T23:48:51.542+0000] {dag.py:4180} INFO - Setting next_dagrun for weather_ingestion to 2026-08-07 23:00:00+00:00, run_after=2026-08-08 00:00:00+00:00
[2026-08-07T23:48:51.549+0000] {processor.py:208} INFO - Processing /opt/airflow/dags/weather_dag.py took 0.262 seconds
