[2026-08-18T00:13:38.561+0000] {processor.py:186} INFO - Started process (PID=7907) to work on /opt/airflow/dags/weather_dag.py
[2026-08-18T00:13:38.567+0000] {processor.py:914} INFO - Processing file /opt/airflow/dags/weather_dag.py for tasks to queue
[2026-08-18T00:13:38.573+0000] {logging_mixin.py:190} INFO - [2026-08-18T00:13:38.572+0000] {dagbag.py:588} INFO - Filling up the DagBag from /opt/airflow/dags/weather_dag.py
[2026-08-18T00:13:38.628+0000] {processor.py:925} INFO - DAG(s) 'weather_ingestion' retrieved from /opt/airflow/dags/weather_dag.py
[2026-08-18T00:13:38.926+0000] {logging_mixin.py:190} INFO - [2026-08-18T00:13:38.926+0000] {dag.py:3239} INFO - Sync 1 DAGs
[2026-08-18T00:13:39.030+0000] {logging_mixin.py:190} INFO - [2026-08-18T00:13:39.030+0000] {dag.py:4180} INFO - Setting next_dagrun for weather_ingestion to 2026-08-18 00:00:00+00:00, run_after=2026-08-18 01:00:00+00:00
[2026-08-18T00:13:39.139+0000] {processor.py:208} INFO - Processing /opt/airflow/dags/weather_dag.py took 0.599 seconds
[2026-08-18T00:14:09.840+0000] {processor.py:186} INFO - Started process (PID=7920) to work on /opt/airflow/dags/weather_dag.py
[2026-08-18T00:14:09.842+0000] {processor.py:914} INFO - Processing file /opt/airflow/dags/weather_dag.py for tasks to queue
[2026-08-18T00:14:09.847+0000] {logging_mixin.py:190} INFO - [2026-08-18T00:14:09.845+0000] {dagbag.py:588} INFO - Filling up the DagBag from /opt/airflow/dags/weather_dag.py
[2026-08-18T00:14:09.885+0000] {processor.py:925} INFO - DAG(s) 'weather_ingestion' retrieved from /opt/airflow/dags/weather_dag.py
[2026-08-18T00:14:09.920+0000] {logging_mixin.py:190} INFO - [2026-08-18T00:14:09.920+0000] {dag.py:3239} INFO - Sync 1 DAGs
[2026-08-18T00:14:09.972+0000] {logging_mixin.py:190} INFO - [2026-08-18T00:14:09.972+0000] {dag.py:4180} INFO - Setting next_dagrun for weather_ingestion to 2026-08-18 00:00:00+00:00, run_after=2026-08-18 01:00:00+00:00
[2026-08-18T00:14:10.000+0000] {processor.py:208} INFO - Processing /opt/airflow/dags/weather_dag.py took 0.172 seconds
[2026-08-18T00:14:40.163+0000] {processor.py:186} INFO - Started process (PID=7925) to work on /opt/airflow/dags/weather_dag.py
[2026-08-18T00:14:40.167+0000] {processor.py:914} INFO - Processing file /opt/airflow/dags/weather_dag.py for tasks to queue
[2026-08-18T00:14:40.170+0000] {logging_mixin.py:190} INFO - [2026-08-18T00:14:40.170+0000] {dagbag.py:588} INFO - Filling up the DagBag from /opt/airflow/dags/weather_dag.py
[2026-08-18T00:14:40.182+0000] {processor.py:925} INFO - DAG(s) 'weather_ingestion' retrieved from /opt/airflow/dags/weather_dag.py
[2026-08-18T00:14:40.207+0000] {logging_mixin.py:190} INFO - [2026-08-18T00:14:40.206+0000] {dag.py:3239} INFO - Sync 1 DAGs
[2026-08-18T00:14:40.220+0000] {logging_mixin.py:190} INFO - [2026-08-18T00:14:40.220+0000] {dag.py:4180} INFO - Setting next_dagrun for weather_ingestion to 2026-08-18 00:00:00+00:00, run_after=2026-08-18 01:00:00+00:00
[2026-08-18T00:14:40.229+0000] {processor.py:208} INFO - Processing /opt/airflow/dags/weather_dag.py took 0.084 seconds
[2026-08-18T00:15:10.519+0000] {processor.py:186} INFO - Started process (PID=7930) to work on /opt/airflow/dags/weather_dag.py
[2026-08-18T00:15:10.521+0000] {processor.py:914} INFO - Processing file /opt/airflow/dags/weather_dag.py for tasks to queue
[2026-08-18T00:15:10.524+0000] {logging_mixin.py:190} INFO - [2026-08-18T00:15:10.524+0000] {dagbag.py:588} INFO - Filling up the DagBag from /opt/airflow/dags/weather_dag.py
[2026-08-18T00:15:10.542+0000] {processor.py:925} INFO - DAG(s) 'weather_ingestion' retrieved from /opt/airflow/dags/weather_dag.py
[2026-08-18T00:15:10.565+0000] {logging_mixin.py:190} INFO - [2026-08-18T00:15:10.565+0000] {dag.py:3239} INFO - Sync 1 DAGs
[2026-08-18T00:15:10.580+0000] {logging_mixin.py:190} INFO - [2026-08-18T00:15:10.579+0000] {dag.py:4180} INFO - Setting next_dagrun for weather_ingestion to 2026-08-18 00:00:00+00:00, run_after=2026-08-18 01:00:00+00:00
[2026-08-18T00:15:10.590+0000] {processor.py:208} INFO - Processing /opt/airflow/dags/weather_dag.py took 0.081 seconds
[2026-08-18T00:15:40.862+0000] {processor.py:186} INFO - Started process (PID=7935) to work on /opt/airflow/dags/weather_dag.py
[2026-08-18T00:15:40.863+0000] {processor.py:914} INFO - Processing file /opt/airflow/dags/weather_dag.py for tasks to queue
[2026-08-18T00:15:40.868+0000] {logging_mixin.py:190} INFO - [2026-08-18T00:15:40.867+0000] {dagbag.py:588} INFO - Filling up the DagBag from /opt/airflow/dags/weather_dag.py
[2026-08-18T00:15:40.883+0000] {processor.py:925} INFO - DAG(s) 'weather_ingestion' retrieved from /opt/airflow/dags/weather_dag.py
[2026-08-18T00:15:40.907+0000] {logging_mixin.py:190} INFO - [2026-08-18T00:15:40.907+0000] {dag.py:3239} INFO - Sync 1 DAGs
[2026-08-18T00:15:40.923+0000] {logging_mixin.py:190} INFO - [2026-08-18T00:15:40.923+0000] {dag.py:4180} INFO - Setting next_dagrun for weather_ingestion to 2026-08-18 00:00:00+00:00, run_after=2026-08-18 01:00:00+00:00
[2026-08-18T00:15:40.933+0000] {processor.py:208} INFO - Processing /opt/airflow/dags/weather_dag.py took 0.082 seconds
[2026-08-18T00:32:29.085+0000] {processor.py:186} INFO - Started process (PID=7948) to work on /opt/airflow/dags/weather_dag.py
[2026-08-18T00:32:29.088+0000] {processor.py:914} INFO - Processing file /opt/airflow/dags/weather_dag.py for tasks to queue
[2026-08-18T00:32:29.104+0000] {logging_mixin.py:190} INFO - [2026-08-18T00:32:29.101+0000] {dagbag.py:588} INFO - Filling up the DagBag from /opt/airflow/dags/weather_dag.py
[2026-08-18T00:32:29.125+0000] {processor.py:925} INFO - DAG(s) 'weather_ingestion' retrieved from /opt/airflow/dags/weather_dag.py
[2026-08-18T00:32:29.145+0000] {logging_mixin.py:190} INFO - [2026-08-18T00:32:29.145+0000] {dag.py:3239} INFO - Sync 1 DAGs
[2026-08-18T00:32:29.159+0000] {logging_mixin.py:190} INFO - [2026-08-18T00:32:29.159+0000] {dag.py:4180} INFO - Setting next_dagrun for weather_ingestion to 2026-08-18 00:00:00+00:00, run_after=2026-08-18 01:00:00+00:00
[2026-08-18T00:32:29.169+0000] {processor.py:208} INFO - Processing /opt/airflow/dags/weather_dag.py took 0.093 seconds
[2026-08-18T00:32:59.442+0000] {processor.py:186} INFO - Started process (PID=7953) to work on /opt/airflow/dags/weather_dag.py
[2026-08-18T00:32:59.444+0000] {processor.py:914} INFO - Processing file /opt/airflow/dags/weather_dag.py for tasks to queue
[2026-08-18T00:32:59.449+0000] {logging_mixin.py:190} INFO - [2026-08-18T00:32:59.449+0000] {dagbag.py:588} INFO - Filling up the DagBag from /opt/airflow/dags/weather_dag.py
[2026-08-18T00:32:59.472+0000] {processor.py:925} INFO - DAG(s) 'weather_ingestion' retrieved from /opt/airflow/dags/weather_dag.py
[2026-08-18T00:32:59.513+0000] {logging_mixin.py:190} INFO - [2026-08-18T00:32:59.512+0000] {dag.py:3239} INFO - Sync 1 DAGs
[2026-08-18T00:32:59.538+0000] {logging_mixin.py:190} INFO - [2026-08-18T00:32:59.538+0000] {dag.py:4180} INFO - Setting next_dagrun for weather_ingestion to 2026-08-18 00:00:00+00:00, run_after=2026-08-18 01:00:00+00:00
[2026-08-18T00:32:59.551+0000] {processor.py:208} INFO - Processing /opt/airflow/dags/weather_dag.py took 0.121 seconds
[2026-08-18T00:33:29.809+0000] {processor.py:186} INFO - Started process (PID=7958) to work on /opt/airflow/dags/weather_dag.py
[2026-08-18T00:33:29.811+0000] {processor.py:914} INFO - Processing file /opt/airflow/dags/weather_dag.py for tasks to queue
[2026-08-18T00:33:29.814+0000] {logging_mixin.py:190} INFO - [2026-08-18T00:33:29.814+0000] {dagbag.py:588} INFO - Filling up the DagBag from /opt/airflow/dags/weather_dag.py
[2026-08-18T00:33:29.833+0000] {processor.py:925} INFO - DAG(s) 'weather_ingestion' retrieved from /opt/airflow/dags/weather_dag.py
[2026-08-18T00:33:29.866+0000] {logging_mixin.py:190} INFO - [2026-08-18T00:33:29.866+0000] {dag.py:3239} INFO - Sync 1 DAGs
[2026-08-18T00:33:29.883+0000] {logging_mixin.py:190} INFO - [2026-08-18T00:33:29.883+0000] {dag.py:4180} INFO - Setting next_dagrun for weather_ingestion to 2026-08-18 00:00:00+00:00, run_after=2026-08-18 01:00:00+00:00
[2026-08-18T00:33:29.893+0000] {processor.py:208} INFO - Processing /opt/airflow/dags/weather_dag.py took 0.094 seconds
[2026-08-18T00:34:00.158+0000] {processor.py:186} INFO - Started process (PID=7963) to work on /opt/airflow/dags/weather_dag.py
[2026-08-18T00:34:00.161+0000] {processor.py:914} INFO - Processing file /opt/airflow/dags/weather_dag.py for tasks to queue
[2026-08-18T00:34:00.163+0000] {logging_mixin.py:190} INFO - [2026-08-18T00:34:00.163+0000] {dagbag.py:588} INFO - Filling up the DagBag from /opt/airflow/dags/weather_dag.py
[2026-08-18T00:34:00.175+0000] {processor.py:925} INFO - DAG(s) 'weather_ingestion' retrieved from /opt/airflow/dags/weather_dag.py
[2026-08-18T00:34:00.198+0000] {logging_mixin.py:190} INFO - [2026-08-18T00:34:00.198+0000] {dag.py:3239} INFO - Sync 1 DAGs
[2026-08-18T00:34:00.211+0000] {logging_mixin.py:190} INFO - [2026-08-18T00:34:00.211+0000] {dag.py:4180} INFO - Setting next_dagrun for weather_ingestion to 2026-08-18 00:00:00+00:00, run_after=2026-08-18 01:00:00+00:00
[2026-08-18T00:34:00.219+0000] {processor.py:208} INFO - Processing /opt/airflow/dags/weather_dag.py took 0.072 seconds
[2026-08-18T00:49:46.842+0000] {processor.py:186} INFO - Started process (PID=7969) to work on /opt/airflow/dags/weather_dag.py
[2026-08-18T00:49:46.844+0000] {processor.py:914} INFO - Processing file /opt/airflow/dags/weather_dag.py for tasks to queue
[2026-08-18T00:49:46.859+0000] {logging_mixin.py:190} INFO - [2026-08-18T00:49:46.852+0000] {dagbag.py:588} INFO - Filling up the DagBag from /opt/airflow/dags/weather_dag.py
[2026-08-18T00:49:46.937+0000] {processor.py:925} INFO - DAG(s) 'weather_ingestion' retrieved from /opt/airflow/dags/weather_dag.py
[2026-08-18T00:49:47.112+0000] {logging_mixin.py:190} INFO - [2026-08-18T00:49:47.112+0000] {dag.py:3239} INFO - Sync 1 DAGs
[2026-08-18T00:49:47.260+0000] {logging_mixin.py:190} INFO - [2026-08-18T00:49:47.260+0000] {dag.py:4180} INFO - Setting next_dagrun for weather_ingestion to 2026-08-18 00:00:00+00:00, run_after=2026-08-18 01:00:00+00:00
[2026-08-18T00:49:47.411+0000] {processor.py:208} INFO - Processing /opt/airflow/dags/weather_dag.py took 0.590 seconds
[2026-08-18T00:50:17.853+0000] {processor.py:186} INFO - Started process (PID=7981) to work on /opt/airflow/dags/weather_dag.py
[2026-08-18T00:50:17.857+0000] {processor.py:914} INFO - Processing file /opt/airflow/dags/weather_dag.py for tasks to queue
[2026-08-18T00:50:17.864+0000] {logging_mixin.py:190} INFO - [2026-08-18T00:50:17.863+0000] {dagbag.py:588} INFO - Filling up the DagBag from /opt/airflow/dags/weather_dag.py
[2026-08-18T00:50:17.903+0000] {processor.py:925} INFO - DAG(s) 'weather_ingestion' retrieved from /opt/airflow/dags/weather_dag.py
[2026-08-18T00:50:17.952+0000] {logging_mixin.py:190} INFO - [2026-08-18T00:50:17.952+0000] {dag.py:3239} INFO - Sync 1 DAGs
[2026-08-18T00:50:17.974+0000] {logging_mixin.py:190} INFO - [2026-08-18T00:50:17.974+0000] {dag.py:4180} INFO - Setting next_dagrun for weather_ingestion to 2026-08-18 00:00:00+00:00, run_after=2026-08-18 01:00:00+00:00
[2026-08-18T00:50:17.993+0000] {processor.py:208} INFO - Processing /opt/airflow/dags/weather_dag.py took 0.163 seconds
[2026-08-18T00:50:48.134+0000] {processor.py:186} INFO - Started process (PID=7986) to work on /opt/airflow/dags/weather_dag.py
[2026-08-18T00:50:48.135+0000] {processor.py:914} INFO - Processing file /opt/airflow/dags/weather_dag.py for tasks to queue
[2026-08-18T00:50:48.137+0000] {logging_mixin.py:190} INFO - [2026-08-18T00:50:48.137+0000] {dagbag.py:588} INFO - Filling up the DagBag from /opt/airflow/dags/weather_dag.py
[2026-08-18T00:50:48.145+0000] {processor.py:925} INFO - DAG(s) 'weather_ingestion' retrieved from /opt/airflow/dags/weather_dag.py
[2026-08-18T00:50:48.160+0000] {logging_mixin.py:190} INFO - [2026-08-18T00:50:48.160+0000] {dag.py:3239} INFO - Sync 1 DAGs
[2026-08-18T00:50:48.172+0000] {logging_mixin.py:190} INFO - [2026-08-18T00:50:48.172+0000] {dag.py:4180} INFO - Setting next_dagrun for weather_ingestion to 2026-08-18 00:00:00+00:00, run_after=2026-08-18 01:00:00+00:00
[2026-08-18T00:50:48.179+0000] {processor.py:208} INFO - Processing /opt/airflow/dags/weather_dag.py took 0.049 seconds
[2026-08-18T00:51:18.496+0000] {processor.py:186} INFO - Started process (PID=7991) to work on /opt/airflow/dags/weather_dag.py
[2026-08-18T00:51:18.498+0000] {processor.py:914} INFO - Processing file /opt/airflow/dags/weather_dag.py for tasks to queue
[2026-08-18T00:51:18.503+0000] {logging_mixin.py:190} INFO - [2026-08-18T00:51:18.502+0000] {dagbag.py:588} INFO - Filling up the DagBag from /opt/airflow/dags/weather_dag.py
[2026-08-18T00:51:18.519+0000] {processor.py:925} INFO - DAG(s) 'weather_ingestion' retrieved from /opt/airflow/dags/weather_dag.py
[2026-08-18T00:51:18.543+0000] {logging_mixin.py:190} INFO - [2026-08-18T00:51:18.543+0000] {dag.py:3239} INFO - Sync 1 DAGs
[2026-08-18T00:51:18.559+0000] {logging_mixin.py:190} INFO - [2026-08-18T00:51:18.559+0000] {dag.py:4180} INFO - Setting next_dagrun for weather_ingestion to 2026-08-18 00:00:00+00:00, run_after=2026-08-18 01:00:00+00:00
[2026-08-18T00:51:18.567+0000] {processor.py:208} INFO - Processing /opt/airflow/dags/weather_dag.py took 0.081 seconds
[2026-08-18T00:51:48.799+0000] {processor.py:186} INFO - Started process (PID=7996) to work on /opt/airflow/dags/weather_dag.py
[2026-08-18T00:51:48.801+0000] {processor.py:914} INFO - Processing file /opt/airflow/dags/weather_dag.py for tasks to queue
[2026-08-18T00:51:48.803+0000] {logging_mixin.py:190} INFO - [2026-08-18T00:51:48.803+0000] {dagbag.py:588} INFO - Filling up the DagBag from /opt/airflow/dags/weather_dag.py
[2026-08-18T00:51:48.812+0000] {processor.py:925} INFO - DAG(s) 'weather_ingestion' retrieved from /opt/airflow/dags/weather_dag.py
[2026-08-18T00:51:48.828+0000] {logging_mixin.py:190} INFO - [2026-08-18T00:51:48.828+0000] {dag.py:3239} INFO - Sync 1 DAGs
[2026-08-18T00:51:48.840+0000] {logging_mixin.py:190} INFO - [2026-08-18T00:51:48.840+0000] {dag.py:4180} INFO - Setting next_dagrun for weather_ingestion to 2026-08-18 00:00:00+00:00, run_after=2026-08-18 01:00:00+00:00
[2026-08-18T00:51:48.848+0000] {processor.py:208} INFO - Processing /opt/airflow/dags/weather_dag.py took 0.055 seconds
[2026-08-18T00:57:44.860+0000] {processor.py:186} INFO - Started process (PID=8009) to work on /opt/airflow/dags/weather_dag.py
[2026-08-18T00:57:44.862+0000] {processor.py:914} INFO - Processing file /opt/airflow/dags/weather_dag.py for tasks to queue
[2026-08-18T00:57:44.868+0000] {logging_mixin.py:190} INFO - [2026-08-18T00:57:44.867+0000] {dagbag.py:588} INFO - Filling up the DagBag from /opt/airflow/dags/weather_dag.py
[2026-08-18T00:57:44.893+0000] {processor.py:925} INFO - DAG(s) 'weather_ingestion' retrieved from /opt/airflow/dags/weather_dag.py
[2026-08-18T00:57:44.918+0000] {logging_mixin.py:190} INFO - [2026-08-18T00:57:44.918+0000] {dag.py:3239} INFO - Sync 1 DAGs
[2026-08-18T00:57:44.935+0000] {logging_mixin.py:190} INFO - [2026-08-18T00:57:44.934+0000] {dag.py:4180} INFO - Setting next_dagrun for weather_ingestion to 2026-08-18 00:00:00+00:00, run_after=2026-08-18 01:00:00+00:00
[2026-08-18T00:57:44.944+0000] {processor.py:208} INFO - Processing /opt/airflow/dags/weather_dag.py took 0.094 seconds
[2026-08-18T00:58:15.181+0000] {processor.py:186} INFO - Started process (PID=8014) to work on /opt/airflow/dags/weather_dag.py
[2026-08-18T00:58:15.182+0000] {processor.py:914} INFO - Processing file /opt/airflow/dags/weather_dag.py for tasks to queue
[2026-08-18T00:58:15.186+0000] {logging_mixin.py:190} INFO - [2026-08-18T00:58:15.185+0000] {dagbag.py:588} INFO - Filling up the DagBag from /opt/airflow/dags/weather_dag.py
[2026-08-18T00:58:15.203+0000] {processor.py:925} INFO - DAG(s) 'weather_ingestion' retrieved from /opt/airflow/dags/weather_dag.py
[2026-08-18T00:58:15.230+0000] {logging_mixin.py:190} INFO - [2026-08-18T00:58:15.230+0000] {dag.py:3239} INFO - Sync 1 DAGs
[2026-08-18T00:58:15.248+0000] {logging_mixin.py:190} INFO - [2026-08-18T00:58:15.248+0000] {dag.py:4180} INFO - Setting next_dagrun for weather_ingestion to 2026-08-18 00:00:00+00:00, run_after=2026-08-18 01:00:00+00:00
[2026-08-18T00:58:15.258+0000] {processor.py:208} INFO - Processing /opt/airflow/dags/weather_dag.py took 0.088 seconds
[2026-08-18T00:58:45.502+0000] {processor.py:186} INFO - Started process (PID=8019) to work on /opt/airflow/dags/weather_dag.py
[2026-08-18T00:58:45.506+0000] {processor.py:914} INFO - Processing file /opt/airflow/dags/weather_dag.py for tasks to queue
[2026-08-18T00:58:45.508+0000] {logging_mixin.py:190} INFO - [2026-08-18T00:58:45.508+0000] {dagbag.py:588} INFO - Filling up the DagBag from /opt/airflow/dags/weather_dag.py
[2026-08-18T00:58:45.523+0000] {processor.py:925} INFO - DAG(s) 'weather_ingestion' retrieved from /opt/airflow/dags/weather_dag.py
[2026-08-18T00:58:45.558+0000] {logging_mixin.py:190} INFO - [2026-08-18T00:58:45.557+0000] {dag.py:3239} INFO - Sync 1 DAGs
[2026-08-18T00:58:45.583+0000] {logging_mixin.py:190} INFO - [2026-08-18T00:58:45.583+0000] {dag.py:4180} INFO - Setting next_dagrun for weather_ingestion to 2026-08-18 00:00:00+00:00, run_after=2026-08-18 01:00:00+00:00
[2026-08-18T00:58:45.590+0000] {processor.py:208} INFO - Processing /opt/airflow/dags/weather_dag.py took 0.101 seconds
[2026-08-18T00:59:15.835+0000] {processor.py:186} INFO - Started process (PID=8024) to work on /opt/airflow/dags/weather_dag.py
[2026-08-18T00:59:15.836+0000] {processor.py:914} INFO - Processing file /opt/airflow/dags/weather_dag.py for tasks to queue
[2026-08-18T00:59:15.838+0000] {logging_mixin.py:190} INFO - [2026-08-18T00:59:15.837+0000] {dagbag.py:588} INFO - Filling up the DagBag from /opt/airflow/dags/weather_dag.py
[2026-08-18T00:59:15.848+0000] {processor.py:925} INFO - DAG(s) 'weather_ingestion' retrieved from /opt/airflow/dags/weather_dag.py
[2026-08-18T00:59:15.865+0000] {logging_mixin.py:190} INFO - [2026-08-18T00:59:15.865+0000] {dag.py:3239} INFO - Sync 1 DAGs
[2026-08-18T00:59:15.876+0000] {logging_mixin.py:190} INFO - [2026-08-18T00:59:15.876+0000] {dag.py:4180} INFO - Setting next_dagrun for weather_ingestion to 2026-08-18 00:00:00+00:00, run_after=2026-08-18 01:00:00+00:00
[2026-08-18T00:59:15.883+0000] {processor.py:208} INFO - Processing /opt/airflow/dags/weather_dag.py took 0.054 seconds
[2026-08-18T00:59:46.169+0000] {processor.py:186} INFO - Started process (PID=8029) to work on /opt/airflow/dags/weather_dag.py
[2026-08-18T00:59:46.171+0000] {processor.py:914} INFO - Processing file /opt/airflow/dags/weather_dag.py for tasks to queue
[2026-08-18T00:59:46.174+0000] {logging_mixin.py:190} INFO - [2026-08-18T00:59:46.173+0000] {dagbag.py:588} INFO - Filling up the DagBag from /opt/airflow/dags/weather_dag.py
[2026-08-18T00:59:46.185+0000] {processor.py:925} INFO - DAG(s) 'weather_ingestion' retrieved from /opt/airflow/dags/weather_dag.py
[2026-08-18T00:59:46.203+0000] {logging_mixin.py:190} INFO - [2026-08-18T00:59:46.203+0000] {dag.py:3239} INFO - Sync 1 DAGs
[2026-08-18T00:59:46.215+0000] {logging_mixin.py:190} INFO - [2026-08-18T00:59:46.215+0000] {dag.py:4180} INFO - Setting next_dagrun for weather_ingestion to 2026-08-18 00:00:00+00:00, run_after=2026-08-18 01:00:00+00:00
[2026-08-18T00:59:46.223+0000] {processor.py:208} INFO - Processing /opt/airflow/dags/weather_dag.py took 0.060 seconds
[2026-08-18T01:15:46.015+0000] {processor.py:186} INFO - Started process (PID=8042) to work on /opt/airflow/dags/weather_dag.py
[2026-08-18T01:15:46.018+0000] {processor.py:914} INFO - Processing file /opt/airflow/dags/weather_dag.py for tasks to queue
[2026-08-18T01:15:46.038+0000] {logging_mixin.py:190} INFO - [2026-08-18T01:15:46.037+0000] {dagbag.py:588} INFO - Filling up the DagBag from /opt/airflow/dags/weather_dag.py
[2026-08-18T01:15:46.069+0000] {processor.py:925} INFO - DAG(s) 'weather_ingestion' retrieved from /opt/airflow/dags/weather_dag.py
[2026-08-18T01:15:46.150+0000] {logging_mixin.py:190} INFO - [2026-08-18T01:15:46.149+0000] {dag.py:3239} INFO - Sync 1 DAGs
[2026-08-18T01:15:46.344+0000] {logging_mixin.py:190} INFO - [2026-08-18T01:15:46.344+0000] {dag.py:4180} INFO - Setting next_dagrun for weather_ingestion to 2026-08-18 01:00:00+00:00, run_after=2026-08-18 02:00:00+00:00
[2026-08-18T01:15:46.391+0000] {processor.py:208} INFO - Processing /opt/airflow/dags/weather_dag.py took 0.454 seconds
[2026-08-18T01:15:46.887+0000] {processor.py:186} INFO - Started process (PID=8047) to work on /opt/airflow/dags/weather_dag.py
[2026-08-18T01:15:46.888+0000] {processor.py:914} INFO - Processing file /opt/airflow/dags/weather_dag.py for tasks to queue
[2026-08-18T01:15:46.891+0000] {logging_mixin.py:190} INFO - [2026-08-18T01:15:46.891+0000] {dagbag.py:588} INFO - Filling up the DagBag from /opt/airflow/dags/weather_dag.py
[2026-08-18T01:15:46.906+0000] {processor.py:925} INFO - DAG(s) 'weather_ingestion' retrieved from /opt/airflow/dags/weather_dag.py
[2026-08-18T01:15:46.931+0000] {logging_mixin.py:190} INFO - [2026-08-18T01:15:46.931+0000] {taskinstance.py:3313} ERROR - {'DAG Id': 'weather_ingestion', 'Task Id': 'produce_weather', 'Run Id': 'scheduled__2026-08-18T00:00:00+00:00', 'Hostname': '827737eaffc5'}
[2026-08-18T01:15:46.974+0000] {logging_mixin.py:190} INFO - [2026-08-18T01:15:46.973+0000] {taskinstance.py:1225} INFO - Marking task as UP_FOR_RETRY. dag_id=weather_ingestion, task_id=produce_weather, run_id=scheduled__2026-08-18T00:00:00+00:00, execution_date=20260818T000000, start_date=20260818T010001, end_date=20260818T011546
[2026-08-18T01:15:46.991+0000] {logging_mixin.py:190} INFO - [2026-08-18T01:15:46.990+0000] {processor.py:876} INFO - Executed callback for <TaskInstance: weather_ingestion.produce_weather scheduled__2026-08-18T00:00:00+00:00 [up_for_retry]> in state up_for_retry
[2026-08-18T01:15:47.003+0000] {logging_mixin.py:190} INFO - [2026-08-18T01:15:47.003+0000] {dag.py:3239} INFO - Sync 1 DAGs
[2026-08-18T01:15:47.026+0000] {logging_mixin.py:190} INFO - [2026-08-18T01:15:47.025+0000] {dag.py:4180} INFO - Setting next_dagrun for weather_ingestion to 2026-08-18 01:00:00+00:00, run_after=2026-08-18 02:00:00+00:00
[2026-08-18T01:15:47.061+0000] {processor.py:208} INFO - Processing /opt/airflow/dags/weather_dag.py took 0.180 seconds
[2026-08-18T01:16:17.337+0000] {processor.py:186} INFO - Started process (PID=8052) to work on /opt/airflow/dags/weather_dag.py
[2026-08-18T01:16:17.341+0000] {processor.py:914} INFO - Processing file /opt/airflow/dags/weather_dag.py for tasks to queue
[2026-08-18T01:16:17.354+0000] {logging_mixin.py:190} INFO - [2026-08-18T01:16:17.352+0000] {dagbag.py:588} INFO - Filling up the DagBag from /opt/airflow/dags/weather_dag.py
[2026-08-18T01:16:17.382+0000] {processor.py:925} INFO - DAG(s) 'weather_ingestion' retrieved from /opt/airflow/dags/weather_dag.py
[2026-08-18T01:16:17.434+0000] {logging_mixin.py:190} INFO - [2026-08-18T01:16:17.434+0000] {dag.py:3239} INFO - Sync 1 DAGs
[2026-08-18T01:16:17.469+0000] {logging_mixin.py:190} INFO - [2026-08-18T01:16:17.469+0000] {dag.py:4180} INFO - Setting next_dagrun for weather_ingestion to 2026-08-18 01:00:00+00:00, run_after=2026-08-18 02:00:00+00:00
[2026-08-18T01:16:17.483+0000] {processor.py:208} INFO - Processing /opt/airflow/dags/weather_dag.py took 0.161 seconds
[2026-08-18T01:16:47.662+0000] {processor.py:186} INFO - Started process (PID=8057) to work on /opt/airflow/dags/weather_dag.py
[2026-08-18T01:16:47.666+0000] {processor.py:914} INFO - Processing file /opt/airflow/dags/weather_dag.py for tasks to queue
[2026-08-18T01:16:47.671+0000] {logging_mixin.py:190} INFO - [2026-08-18T01:16:47.670+0000] {dagbag.py:588} INFO - Filling up the DagBag from /opt/airflow/dags/weather_dag.py
[2026-08-18T01:16:47.689+0000] {processor.py:925} INFO - DAG(s) 'weather_ingestion' retrieved from /opt/airflow/dags/weather_dag.py
[2026-08-18T01:16:47.716+0000] {logging_mixin.py:190} INFO - [2026-08-18T01:16:47.716+0000] {dag.py:3239} INFO - Sync 1 DAGs
[2026-08-18T01:16:47.734+0000] {logging_mixin.py:190} INFO - [2026-08-18T01:16:47.734+0000] {dag.py:4180} INFO - Setting next_dagrun for weather_ingestion to 2026-08-18 01:00:00+00:00, run_after=2026-08-18 02:00:00+00:00
[2026-08-18T01:16:47.744+0000] {processor.py:208} INFO - Processing /opt/airflow/dags/weather_dag.py took 0.093 seconds
[2026-08-18T01:17:18.009+0000] {processor.py:186} INFO - Started process (PID=8062) to work on /opt/airflow/dags/weather_dag.py
[2026-08-18T01:17:18.011+0000] {processor.py:914} INFO - Processing file /opt/airflow/dags/weather_dag.py for tasks to queue
[2026-08-18T01:17:18.014+0000] {logging_mixin.py:190} INFO - [2026-08-18T01:17:18.013+0000] {dagbag.py:588} INFO - Filling up the DagBag from /opt/airflow/dags/weather_dag.py
[2026-08-18T01:17:18.024+0000] {processor.py:925} INFO - DAG(s) 'weather_ingestion' retrieved from /opt/airflow/dags/weather_dag.py
[2026-08-18T01:17:18.042+0000] {logging_mixin.py:190} INFO - [2026-08-18T01:17:18.042+0000] {dag.py:3239} INFO - Sync 1 DAGs
[2026-08-18T01:17:18.057+0000] {logging_mixin.py:190} INFO - [2026-08-18T01:17:18.057+0000] {dag.py:4180} INFO - Setting next_dagrun for weather_ingestion to 2026-08-18 01:00:00+00:00, run_after=2026-08-18 02:00:00+00:00
[2026-08-18T01:17:18.066+0000] {processor.py:208} INFO - Processing /opt/airflow/dags/weather_dag.py took 0.071 seconds
[2026-08-18T01:17:48.290+0000] {processor.py:186} INFO - Started process (PID=8067) to work on /opt/airflow/dags/weather_dag.py
[2026-08-18T01:17:48.293+0000] {processor.py:914} INFO - Processing file /opt/airflow/dags/weather_dag.py for tasks to queue
[2026-08-18T01:17:48.295+0000] {logging_mixin.py:190} INFO - [2026-08-18T01:17:48.295+0000] {dagbag.py:588} INFO - Filling up the DagBag from /opt/airflow/dags/weather_dag.py
[2026-08-18T01:17:48.305+0000] {processor.py:925} INFO - DAG(s) 'weather_ingestion' retrieved from /opt/airflow/dags/weather_dag.py
[2026-08-18T01:17:48.327+0000] {logging_mixin.py:190} INFO - [2026-08-18T01:17:48.327+0000] {dag.py:3239} INFO - Sync 1 DAGs
[2026-08-18T01:17:48.340+0000] {logging_mixin.py:190} INFO - [2026-08-18T01:17:48.339+0000] {dag.py:4180} INFO - Setting next_dagrun for weather_ingestion to 2026-08-18 01:00:00+00:00, run_after=2026-08-18 02:00:00+00:00
[2026-08-18T01:17:48.354+0000] {processor.py:208} INFO - Processing /opt/airflow/dags/weather_dag.py took 0.077 seconds
[2026-08-18T01:18:25.659+0000] {processor.py:186} INFO - Started process (PID=8080) to work on /opt/airflow/dags/weather_dag.py
[2026-08-18T01:18:25.663+0000] {processor.py:914} INFO - Processing file /opt/airflow/dags/weather_dag.py for tasks to queue
[2026-08-18T01:18:25.669+0000] {logging_mixin.py:190} INFO - [2026-08-18T01:18:25.669+0000] {dagbag.py:588} INFO - Filling up the DagBag from /opt/airflow/dags/weather_dag.py
[2026-08-18T01:18:25.691+0000] {processor.py:925} INFO - DAG(s) 'weather_ingestion' retrieved from /opt/airflow/dags/weather_dag.py
[2026-08-18T01:18:25.728+0000] {logging_mixin.py:190} INFO - [2026-08-18T01:18:25.727+0000] {dag.py:3239} INFO - Sync 1 DAGs
[2026-08-18T01:18:25.746+0000] {logging_mixin.py:190} INFO - [2026-08-18T01:18:25.746+0000] {dag.py:4180} INFO - Setting next_dagrun for weather_ingestion to 2026-08-18 01:00:00+00:00, run_after=2026-08-18 02:00:00+00:00
[2026-08-18T01:18:25.756+0000] {processor.py:208} INFO - Processing /opt/airflow/dags/weather_dag.py took 0.115 seconds
[2026-08-18T01:18:56.032+0000] {processor.py:186} INFO - Started process (PID=8085) to work on /opt/airflow/dags/weather_dag.py
[2026-08-18T01:18:56.033+0000] {processor.py:914} INFO - Processing file /opt/airflow/dags/weather_dag.py for tasks to queue
[2026-08-18T01:18:56.036+0000] {logging_mixin.py:190} INFO - [2026-08-18T01:18:56.036+0000] {dagbag.py:588} INFO - Filling up the DagBag from /opt/airflow/dags/weather_dag.py
[2026-08-18T01:18:56.050+0000] {processor.py:925} INFO - DAG(s) 'weather_ingestion' retrieved from /opt/airflow/dags/weather_dag.py
[2026-08-18T01:18:56.069+0000] {logging_mixin.py:190} INFO - [2026-08-18T01:18:56.069+0000] {dag.py:3239} INFO - Sync 1 DAGs
[2026-08-18T01:18:56.086+0000] {logging_mixin.py:190} INFO - [2026-08-18T01:18:56.086+0000] {dag.py:4180} INFO - Setting next_dagrun for weather_ingestion to 2026-08-18 01:00:00+00:00, run_after=2026-08-18 02:00:00+00:00
[2026-08-18T01:18:56.095+0000] {processor.py:208} INFO - Processing /opt/airflow/dags/weather_dag.py took 0.069 seconds
[2026-08-18T01:19:26.366+0000] {processor.py:186} INFO - Started process (PID=8090) to work on /opt/airflow/dags/weather_dag.py
[2026-08-18T01:19:26.368+0000] {processor.py:914} INFO - Processing file /opt/airflow/dags/weather_dag.py for tasks to queue
[2026-08-18T01:19:26.370+0000] {logging_mixin.py:190} INFO - [2026-08-18T01:19:26.370+0000] {dagbag.py:588} INFO - Filling up the DagBag from /opt/airflow/dags/weather_dag.py
[2026-08-18T01:19:26.382+0000] {processor.py:925} INFO - DAG(s) 'weather_ingestion' retrieved from /opt/airflow/dags/weather_dag.py
[2026-08-18T01:19:26.400+0000] {logging_mixin.py:190} INFO - [2026-08-18T01:19:26.400+0000] {dag.py:3239} INFO - Sync 1 DAGs
[2026-08-18T01:19:26.412+0000] {logging_mixin.py:190} INFO - [2026-08-18T01:19:26.412+0000] {dag.py:4180} INFO - Setting next_dagrun for weather_ingestion to 2026-08-18 01:00:00+00:00, run_after=2026-08-18 02:00:00+00:00
[2026-08-18T01:19:26.419+0000] {processor.py:208} INFO - Processing /opt/airflow/dags/weather_dag.py took 0.060 seconds
[2026-08-18T01:19:56.680+0000] {processor.py:186} INFO - Started process (PID=8095) to work on /opt/airflow/dags/weather_dag.py
[2026-08-18T01:19:56.682+0000] {processor.py:914} INFO - Processing file /opt/airflow/dags/weather_dag.py for tasks to queue
[2026-08-18T01:19:56.685+0000] {logging_mixin.py:190} INFO - [2026-08-18T01:19:56.685+0000] {dagbag.py:588} INFO - Filling up the DagBag from /opt/airflow/dags/weather_dag.py
[2026-08-18T01:19:56.697+0000] {processor.py:925} INFO - DAG(s) 'weather_ingestion' retrieved from /opt/airflow/dags/weather_dag.py
[2026-08-18T01:19:56.715+0000] {logging_mixin.py:190} INFO - [2026-08-18T01:19:56.715+0000] {dag.py:3239} INFO - Sync 1 DAGs
[2026-08-18T01:19:56.726+0000] {logging_mixin.py:190} INFO - [2026-08-18T01:19:56.726+0000] {dag.py:4180} INFO - Setting next_dagrun for weather_ingestion to 2026-08-18 01:00:00+00:00, run_after=2026-08-18 02:00:00+00:00
[2026-08-18T01:19:56.734+0000] {processor.py:208} INFO - Processing /opt/airflow/dags/weather_dag.py took 0.063 seconds
[2026-08-18T01:20:27.020+0000] {processor.py:186} INFO - Started process (PID=8100) to work on /opt/airflow/dags/weather_dag.py
[2026-08-18T01:20:27.024+0000] {processor.py:914} INFO - Processing file /opt/airflow/dags/weather_dag.py for tasks to queue
[2026-08-18T01:20:27.033+0000] {logging_mixin.py:190} INFO - [2026-08-18T01:20:27.032+0000] {dagbag.py:588} INFO - Filling up the DagBag from /opt/airflow/dags/weather_dag.py
[2026-08-18T01:20:27.053+0000] {processor.py:925} INFO - DAG(s) 'weather_ingestion' retrieved from /opt/airflow/dags/weather_dag.py
[2026-08-18T01:20:27.089+0000] {logging_mixin.py:190} INFO - [2026-08-18T01:20:27.089+0000] {dag.py:3239} INFO - Sync 1 DAGs
[2026-08-18T01:20:27.107+0000] {logging_mixin.py:190} INFO - [2026-08-18T01:20:27.107+0000] {dag.py:4180} INFO - Setting next_dagrun for weather_ingestion to 2026-08-18 01:00:00+00:00, run_after=2026-08-18 02:00:00+00:00
[2026-08-18T01:20:27.117+0000] {processor.py:208} INFO - Processing /opt/airflow/dags/weather_dag.py took 0.113 seconds
[2026-08-18T01:20:57.343+0000] {processor.py:186} INFO - Started process (PID=8105) to work on /opt/airflow/dags/weather_dag.py
[2026-08-18T01:20:57.345+0000] {processor.py:914} INFO - Processing file /opt/airflow/dags/weather_dag.py for tasks to queue
[2026-08-18T01:20:57.348+0000] {logging_mixin.py:190} INFO - [2026-08-18T01:20:57.348+0000] {dagbag.py:588} INFO - Filling up the DagBag from /opt/airflow/dags/weather_dag.py
[2026-08-18T01:20:57.363+0000] {processor.py:925} INFO - DAG(s) 'weather_ingestion' retrieved from /opt/airflow/dags/weather_dag.py
[2026-08-18T01:20:57.382+0000] {logging_mixin.py:190} INFO - [2026-08-18T01:20:57.382+0000] {dag.py:3239} INFO - Sync 1 DAGs
[2026-08-18T01:20:57.398+0000] {logging_mixin.py:190} INFO - [2026-08-18T01:20:57.397+0000] {dag.py:4180} INFO - Setting next_dagrun for weather_ingestion to 2026-08-18 01:00:00+00:00, run_after=2026-08-18 02:00:00+00:00
[2026-08-18T01:20:57.406+0000] {processor.py:208} INFO - Processing /opt/airflow/dags/weather_dag.py took 0.071 seconds
[2026-08-18T01:21:27.654+0000] {processor.py:186} INFO - Started process (PID=8110) to work on /opt/airflow/dags/weather_dag.py
[2026-08-18T01:21:27.657+0000] {processor.py:914} INFO - Processing file /opt/airflow/dags/weather_dag.py for tasks to queue
[2026-08-18T01:21:27.662+0000] {logging_mixin.py:190} INFO - [2026-08-18T01:21:27.661+0000] {dagbag.py:588} INFO - Filling up the DagBag from /opt/airflow/dags/weather_dag.py
[2026-08-18T01:21:27.683+0000] {processor.py:925} INFO - DAG(s) 'weather_ingestion' retrieved from /opt/airflow/dags/weather_dag.py
[2026-08-18T01:21:27.711+0000] {logging_mixin.py:190} INFO - [2026-08-18T01:21:27.711+0000] {dag.py:3239} INFO - Sync 1 DAGs
[2026-08-18T01:21:27.731+0000] {logging_mixin.py:190} INFO - [2026-08-18T01:21:27.731+0000] {dag.py:4180} INFO - Setting next_dagrun for weather_ingestion to 2026-08-18 01:00:00+00:00, run_after=2026-08-18 02:00:00+00:00
[2026-08-18T01:21:27.742+0000] {processor.py:208} INFO - Processing /opt/airflow/dags/weather_dag.py took 0.103 seconds
[2026-08-18T01:21:58.087+0000] {processor.py:186} INFO - Started process (PID=8115) to work on /opt/airflow/dags/weather_dag.py
[2026-08-18T01:21:58.088+0000] {processor.py:914} INFO - Processing file /opt/airflow/dags/weather_dag.py for tasks to queue
[2026-08-18T01:21:58.093+0000] {logging_mixin.py:190} INFO - [2026-08-18T01:21:58.092+0000] {dagbag.py:588} INFO - Filling up the DagBag from /opt/airflow/dags/weather_dag.py
[2026-08-18T01:21:58.113+0000] {processor.py:925} INFO - DAG(s) 'weather_ingestion' retrieved from /opt/airflow/dags/weather_dag.py
[2026-08-18T01:21:58.142+0000] {logging_mixin.py:190} INFO - [2026-08-18T01:21:58.142+0000] {dag.py:3239} INFO - Sync 1 DAGs
[2026-08-18T01:21:58.161+0000] {logging_mixin.py:190} INFO - [2026-08-18T01:21:58.161+0000] {dag.py:4180} INFO - Setting next_dagrun for weather_ingestion to 2026-08-18 01:00:00+00:00, run_after=2026-08-18 02:00:00+00:00
[2026-08-18T01:21:58.172+0000] {processor.py:208} INFO - Processing /opt/airflow/dags/weather_dag.py took 0.093 seconds
[2026-08-18T01:22:28.362+0000] {processor.py:186} INFO - Started process (PID=8120) to work on /opt/airflow/dags/weather_dag.py
[2026-08-18T01:22:28.365+0000] {processor.py:914} INFO - Processing file /opt/airflow/dags/weather_dag.py for tasks to queue
[2026-08-18T01:22:28.369+0000] {logging_mixin.py:190} INFO - [2026-08-18T01:22:28.368+0000] {dagbag.py:588} INFO - Filling up the DagBag from /opt/airflow/dags/weather_dag.py
[2026-08-18T01:22:28.389+0000] {processor.py:925} INFO - DAG(s) 'weather_ingestion' retrieved from /opt/airflow/dags/weather_dag.py
[2026-08-18T01:22:28.418+0000] {logging_mixin.py:190} INFO - [2026-08-18T01:22:28.418+0000] {dag.py:3239} INFO - Sync 1 DAGs
[2026-08-18T01:22:28.435+0000] {logging_mixin.py:190} INFO - [2026-08-18T01:22:28.435+0000] {dag.py:4180} INFO - Setting next_dagrun for weather_ingestion to 2026-08-18 01:00:00+00:00, run_after=2026-08-18 02:00:00+00:00
[2026-08-18T01:22:28.445+0000] {processor.py:208} INFO - Processing /opt/airflow/dags/weather_dag.py took 0.097 seconds
[2026-08-18T01:22:58.690+0000] {processor.py:186} INFO - Started process (PID=8125) to work on /opt/airflow/dags/weather_dag.py
[2026-08-18T01:22:58.693+0000] {processor.py:914} INFO - Processing file /opt/airflow/dags/weather_dag.py for tasks to queue
[2026-08-18T01:22:58.696+0000] {logging_mixin.py:190} INFO - [2026-08-18T01:22:58.696+0000] {dagbag.py:588} INFO - Filling up the DagBag from /opt/airflow/dags/weather_dag.py
[2026-08-18T01:22:58.719+0000] {processor.py:925} INFO - DAG(s) 'weather_ingestion' retrieved from /opt/airflow/dags/weather_dag.py
[2026-08-18T01:22:58.748+0000] {logging_mixin.py:190} INFO - [2026-08-18T01:22:58.748+0000] {dag.py:3239} INFO - Sync 1 DAGs
[2026-08-18T01:22:58.834+0000] {logging_mixin.py:190} INFO - [2026-08-18T01:22:58.834+0000] {dag.py:4180} INFO - Setting next_dagrun for weather_ingestion to 2026-08-18 01:00:00+00:00, run_after=2026-08-18 02:00:00+00:00
[2026-08-18T01:22:58.846+0000] {processor.py:208} INFO - Processing /opt/airflow/dags/weather_dag.py took 0.167 seconds
[2026-08-18T01:23:29.011+0000] {processor.py:186} INFO - Started process (PID=8506) to work on /opt/airflow/dags/weather_dag.py
[2026-08-18T01:23:29.015+0000] {processor.py:914} INFO - Processing file /opt/airflow/dags/weather_dag.py for tasks to queue
[2026-08-18T01:23:29.021+0000] {logging_mixin.py:190} INFO - [2026-08-18T01:23:29.021+0000] {dagbag.py:588} INFO - Filling up the DagBag from /opt/airflow/dags/weather_dag.py
[2026-08-18T01:23:29.045+0000] {processor.py:925} INFO - DAG(s) 'weather_ingestion' retrieved from /opt/airflow/dags/weather_dag.py
[2026-08-18T01:23:29.085+0000] {logging_mixin.py:190} INFO - [2026-08-18T01:23:29.084+0000] {dag.py:3239} INFO - Sync 1 DAGs
[2026-08-18T01:23:29.101+0000] {logging_mixin.py:190} INFO - [2026-08-18T01:23:29.101+0000] {dag.py:4180} INFO - Setting next_dagrun for weather_ingestion to 2026-08-18 01:00:00+00:00, run_after=2026-08-18 02:00:00+00:00
[2026-08-18T01:23:29.111+0000] {processor.py:208} INFO - Processing /opt/airflow/dags/weather_dag.py took 0.116 seconds
[2026-08-18T01:23:59.497+0000] {processor.py:186} INFO - Started process (PID=8552) to work on /opt/airflow/dags/weather_dag.py
[2026-08-18T01:23:59.500+0000] {processor.py:914} INFO - Processing file /opt/airflow/dags/weather_dag.py for tasks to queue
[2026-08-18T01:23:59.505+0000] {logging_mixin.py:190} INFO - [2026-08-18T01:23:59.504+0000] {dagbag.py:588} INFO - Filling up the DagBag from /opt/airflow/dags/weather_dag.py
[2026-08-18T01:23:59.519+0000] {processor.py:925} INFO - DAG(s) 'weather_ingestion' retrieved from /opt/airflow/dags/weather_dag.py
[2026-08-18T01:23:59.546+0000] {logging_mixin.py:190} INFO - [2026-08-18T01:23:59.545+0000] {dag.py:3239} INFO - Sync 1 DAGs
[2026-08-18T01:23:59.562+0000] {logging_mixin.py:190} INFO - [2026-08-18T01:23:59.562+0000] {dag.py:4180} INFO - Setting next_dagrun for weather_ingestion to 2026-08-18 01:00:00+00:00, run_after=2026-08-18 02:00:00+00:00
[2026-08-18T01:23:59.572+0000] {processor.py:208} INFO - Processing /opt/airflow/dags/weather_dag.py took 0.085 seconds
[2026-08-18T01:24:29.841+0000] {processor.py:186} INFO - Started process (PID=8557) to work on /opt/airflow/dags/weather_dag.py
[2026-08-18T01:24:29.843+0000] {processor.py:914} INFO - Processing file /opt/airflow/dags/weather_dag.py for tasks to queue
[2026-08-18T01:24:29.849+0000] {logging_mixin.py:190} INFO - [2026-08-18T01:24:29.848+0000] {dagbag.py:588} INFO - Filling up the DagBag from /opt/airflow/dags/weather_dag.py
[2026-08-18T01:24:29.873+0000] {processor.py:925} INFO - DAG(s) 'weather_ingestion' retrieved from /opt/airflow/dags/weather_dag.py
[2026-08-18T01:24:29.898+0000] {logging_mixin.py:190} INFO - [2026-08-18T01:24:29.898+0000] {dag.py:3239} INFO - Sync 1 DAGs
[2026-08-18T01:24:29.915+0000] {logging_mixin.py:190} INFO - [2026-08-18T01:24:29.915+0000] {dag.py:4180} INFO - Setting next_dagrun for weather_ingestion to 2026-08-18 01:00:00+00:00, run_after=2026-08-18 02:00:00+00:00
[2026-08-18T01:24:29.926+0000] {processor.py:208} INFO - Processing /opt/airflow/dags/weather_dag.py took 0.099 seconds
[2026-08-18T01:25:00.191+0000] {processor.py:186} INFO - Started process (PID=8562) to work on /opt/airflow/dags/weather_dag.py
[2026-08-18T01:25:00.194+0000] {processor.py:914} INFO - Processing file /opt/airflow/dags/weather_dag.py for tasks to queue
[2026-08-18T01:25:00.198+0000] {logging_mixin.py:190} INFO - [2026-08-18T01:25:00.198+0000] {dagbag.py:588} INFO - Filling up the DagBag from /opt/airflow/dags/weather_dag.py
[2026-08-18T01:25:00.218+0000] {processor.py:925} INFO - DAG(s) 'weather_ingestion' retrieved from /opt/airflow/dags/weather_dag.py
[2026-08-18T01:25:00.250+0000] {logging_mixin.py:190} INFO - [2026-08-18T01:25:00.250+0000] {dag.py:3239} INFO - Sync 1 DAGs
[2026-08-18T01:25:00.270+0000] {logging_mixin.py:190} INFO - [2026-08-18T01:25:00.270+0000] {dag.py:4180} INFO - Setting next_dagrun for weather_ingestion to 2026-08-18 01:00:00+00:00, run_after=2026-08-18 02:00:00+00:00
[2026-08-18T01:25:00.281+0000] {processor.py:208} INFO - Processing /opt/airflow/dags/weather_dag.py took 0.102 seconds
[2026-08-18T01:25:30.511+0000] {processor.py:186} INFO - Started process (PID=8567) to work on /opt/airflow/dags/weather_dag.py
[2026-08-18T01:25:30.514+0000] {processor.py:914} INFO - Processing file /opt/airflow/dags/weather_dag.py for tasks to queue
[2026-08-18T01:25:30.517+0000] {logging_mixin.py:190} INFO - [2026-08-18T01:25:30.517+0000] {dagbag.py:588} INFO - Filling up the DagBag from /opt/airflow/dags/weather_dag.py
[2026-08-18T01:25:30.531+0000] {processor.py:925} INFO - DAG(s) 'weather_ingestion' retrieved from /opt/airflow/dags/weather_dag.py
[2026-08-18T01:25:30.555+0000] {logging_mixin.py:190} INFO - [2026-08-18T01:25:30.555+0000] {dag.py:3239} INFO - Sync 1 DAGs
[2026-08-18T01:25:30.569+0000] {logging_mixin.py:190} INFO - [2026-08-18T01:25:30.569+0000] {dag.py:4180} INFO - Setting next_dagrun for weather_ingestion to 2026-08-18 01:00:00+00:00, run_after=2026-08-18 02:00:00+00:00
[2026-08-18T01:25:30.579+0000] {processor.py:208} INFO - Processing /opt/airflow/dags/weather_dag.py took 0.082 seconds
[2026-08-18T01:26:00.827+0000] {processor.py:186} INFO - Started process (PID=8572) to work on /opt/airflow/dags/weather_dag.py
[2026-08-18T01:26:00.829+0000] {processor.py:914} INFO - Processing file /opt/airflow/dags/weather_dag.py for tasks to queue
[2026-08-18T01:26:00.832+0000] {logging_mixin.py:190} INFO - [2026-08-18T01:26:00.832+0000] {dagbag.py:588} INFO - Filling up the DagBag from /opt/airflow/dags/weather_dag.py
[2026-08-18T01:26:00.845+0000] {processor.py:925} INFO - DAG(s) 'weather_ingestion' retrieved from /opt/airflow/dags/weather_dag.py
[2026-08-18T01:26:00.864+0000] {logging_mixin.py:190} INFO - [2026-08-18T01:26:00.864+0000] {dag.py:3239} INFO - Sync 1 DAGs
[2026-08-18T01:26:00.879+0000] {logging_mixin.py:190} INFO - [2026-08-18T01:26:00.879+0000] {dag.py:4180} INFO - Setting next_dagrun for weather_ingestion to 2026-08-18 01:00:00+00:00, run_after=2026-08-18 02:00:00+00:00
[2026-08-18T01:26:00.886+0000] {processor.py:208} INFO - Processing /opt/airflow/dags/weather_dag.py took 0.068 seconds
[2026-08-18T01:26:31.175+0000] {processor.py:186} INFO - Started process (PID=8577) to work on /opt/airflow/dags/weather_dag.py
[2026-08-18T01:26:31.176+0000] {processor.py:914} INFO - Processing file /opt/airflow/dags/weather_dag.py for tasks to queue
[2026-08-18T01:26:31.180+0000] {logging_mixin.py:190} INFO - [2026-08-18T01:26:31.179+0000] {dagbag.py:588} INFO - Filling up the DagBag from /opt/airflow/dags/weather_dag.py
[2026-08-18T01:26:31.196+0000] {processor.py:925} INFO - DAG(s) 'weather_ingestion' retrieved from /opt/airflow/dags/weather_dag.py
[2026-08-18T01:26:31.223+0000] {logging_mixin.py:190} INFO - [2026-08-18T01:26:31.223+0000] {dag.py:3239} INFO - Sync 1 DAGs
[2026-08-18T01:26:31.242+0000] {logging_mixin.py:190} INFO - [2026-08-18T01:26:31.242+0000] {dag.py:4180} INFO - Setting next_dagrun for weather_ingestion to 2026-08-18 01:00:00+00:00, run_after=2026-08-18 02:00:00+00:00
[2026-08-18T01:26:31.252+0000] {processor.py:208} INFO - Processing /opt/airflow/dags/weather_dag.py took 0.086 seconds
[2026-08-18T01:27:01.427+0000] {processor.py:186} INFO - Started process (PID=8582) to work on /opt/airflow/dags/weather_dag.py
[2026-08-18T01:27:01.428+0000] {processor.py:914} INFO - Processing file /opt/airflow/dags/weather_dag.py for tasks to queue
[2026-08-18T01:27:01.431+0000] {logging_mixin.py:190} INFO - [2026-08-18T01:27:01.431+0000] {dagbag.py:588} INFO - Filling up the DagBag from /opt/airflow/dags/weather_dag.py
[2026-08-18T01:27:01.444+0000] {processor.py:925} INFO - DAG(s) 'weather_ingestion' retrieved from /opt/airflow/dags/weather_dag.py
[2026-08-18T01:27:01.468+0000] {logging_mixin.py:190} INFO - [2026-08-18T01:27:01.468+0000] {dag.py:3239} INFO - Sync 1 DAGs
[2026-08-18T01:27:01.486+0000] {logging_mixin.py:190} INFO - [2026-08-18T01:27:01.486+0000] {dag.py:4180} INFO - Setting next_dagrun for weather_ingestion to 2026-08-18 01:00:00+00:00, run_after=2026-08-18 02:00:00+00:00
[2026-08-18T01:27:01.496+0000] {processor.py:208} INFO - Processing /opt/airflow/dags/weather_dag.py took 0.076 seconds
[2026-08-18T01:27:31.778+0000] {processor.py:186} INFO - Started process (PID=8587) to work on /opt/airflow/dags/weather_dag.py
[2026-08-18T01:27:31.782+0000] {processor.py:914} INFO - Processing file /opt/airflow/dags/weather_dag.py for tasks to queue
[2026-08-18T01:27:31.785+0000] {logging_mixin.py:190} INFO - [2026-08-18T01:27:31.785+0000] {dagbag.py:588} INFO - Filling up the DagBag from /opt/airflow/dags/weather_dag.py
[2026-08-18T01:27:31.797+0000] {processor.py:925} INFO - DAG(s) 'weather_ingestion' retrieved from /opt/airflow/dags/weather_dag.py
[2026-08-18T01:27:31.820+0000] {logging_mixin.py:190} INFO - [2026-08-18T01:27:31.820+0000] {dag.py:3239} INFO - Sync 1 DAGs
[2026-08-18T01:27:31.832+0000] {logging_mixin.py:190} INFO - [2026-08-18T01:27:31.832+0000] {dag.py:4180} INFO - Setting next_dagrun for weather_ingestion to 2026-08-18 01:00:00+00:00, run_after=2026-08-18 02:00:00+00:00
[2026-08-18T01:27:31.840+0000] {processor.py:208} INFO - Processing /opt/airflow/dags/weather_dag.py took 0.071 seconds
[2026-08-18T01:28:02.107+0000] {processor.py:186} INFO - Started process (PID=8592) to work on /opt/airflow/dags/weather_dag.py
[2026-08-18T01:28:02.110+0000] {processor.py:914} INFO - Processing file /opt/airflow/dags/weather_dag.py for tasks to queue
[2026-08-18T01:28:02.114+0000] {logging_mixin.py:190} INFO - [2026-08-18T01:28:02.114+0000] {dagbag.py:588} INFO - Filling up the DagBag from /opt/airflow/dags/weather_dag.py
[2026-08-18T01:28:02.132+0000] {processor.py:925} INFO - DAG(s) 'weather_ingestion' retrieved from /opt/airflow/dags/weather_dag.py
[2026-08-18T01:28:02.159+0000] {logging_mixin.py:190} INFO - [2026-08-18T01:28:02.159+0000] {dag.py:3239} INFO - Sync 1 DAGs
[2026-08-18T01:28:02.175+0000] {logging_mixin.py:190} INFO - [2026-08-18T01:28:02.175+0000] {dag.py:4180} INFO - Setting next_dagrun for weather_ingestion to 2026-08-18 01:00:00+00:00, run_after=2026-08-18 02:00:00+00:00
[2026-08-18T01:28:02.184+0000] {processor.py:208} INFO - Processing /opt/airflow/dags/weather_dag.py took 0.093 seconds
[2026-08-18T01:28:32.448+0000] {processor.py:186} INFO - Started process (PID=8597) to work on /opt/airflow/dags/weather_dag.py
[2026-08-18T01:28:32.450+0000] {processor.py:914} INFO - Processing file /opt/airflow/dags/weather_dag.py for tasks to queue
[2026-08-18T01:28:32.454+0000] {logging_mixin.py:190} INFO - [2026-08-18T01:28:32.454+0000] {dagbag.py:588} INFO - Filling up the DagBag from /opt/airflow/dags/weather_dag.py
[2026-08-18T01:28:32.470+0000] {processor.py:925} INFO - DAG(s) 'weather_ingestion' retrieved from /opt/airflow/dags/weather_dag.py
[2026-08-18T01:28:32.498+0000] {logging_mixin.py:190} INFO - [2026-08-18T01:28:32.498+0000] {dag.py:3239} INFO - Sync 1 DAGs
[2026-08-18T01:28:32.518+0000] {logging_mixin.py:190} INFO - [2026-08-18T01:28:32.518+0000] {dag.py:4180} INFO - Setting next_dagrun for weather_ingestion to 2026-08-18 01:00:00+00:00, run_after=2026-08-18 02:00:00+00:00
[2026-08-18T01:28:32.528+0000] {processor.py:208} INFO - Processing /opt/airflow/dags/weather_dag.py took 0.091 seconds
[2026-08-18T01:29:02.769+0000] {processor.py:186} INFO - Started process (PID=8602) to work on /opt/airflow/dags/weather_dag.py
[2026-08-18T01:29:02.772+0000] {processor.py:914} INFO - Processing file /opt/airflow/dags/weather_dag.py for tasks to queue
[2026-08-18T01:29:02.774+0000] {logging_mixin.py:190} INFO - [2026-08-18T01:29:02.774+0000] {dagbag.py:588} INFO - Filling up the DagBag from /opt/airflow/dags/weather_dag.py
[2026-08-18T01:29:02.786+0000] {processor.py:925} INFO - DAG(s) 'weather_ingestion' retrieved from /opt/airflow/dags/weather_dag.py
[2026-08-18T01:29:02.805+0000] {logging_mixin.py:190} INFO - [2026-08-18T01:29:02.805+0000] {dag.py:3239} INFO - Sync 1 DAGs
[2026-08-18T01:29:02.818+0000] {logging_mixin.py:190} INFO - [2026-08-18T01:29:02.818+0000] {dag.py:4180} INFO - Setting next_dagrun for weather_ingestion to 2026-08-18 01:00:00+00:00, run_after=2026-08-18 02:00:00+00:00
[2026-08-18T01:29:02.826+0000] {processor.py:208} INFO - Processing /opt/airflow/dags/weather_dag.py took 0.063 seconds
[2026-08-18T01:29:33.065+0000] {processor.py:186} INFO - Started process (PID=8607) to work on /opt/airflow/dags/weather_dag.py
[2026-08-18T01:29:33.068+0000] {processor.py:914} INFO - Processing file /opt/airflow/dags/weather_dag.py for tasks to queue
[2026-08-18T01:29:33.071+0000] {logging_mixin.py:190} INFO - [2026-08-18T01:29:33.071+0000] {dagbag.py:588} INFO - Filling up the DagBag from /opt/airflow/dags/weather_dag.py
[2026-08-18T01:29:33.088+0000] {processor.py:925} INFO - DAG(s) 'weather_ingestion' retrieved from /opt/airflow/dags/weather_dag.py
[2026-08-18T01:29:33.112+0000] {logging_mixin.py:190} INFO - [2026-08-18T01:29:33.111+0000] {dag.py:3239} INFO - Sync 1 DAGs
[2026-08-18T01:29:33.127+0000] {logging_mixin.py:190} INFO - [2026-08-18T01:29:33.126+0000] {dag.py:4180} INFO - Setting next_dagrun for weather_ingestion to 2026-08-18 01:00:00+00:00, run_after=2026-08-18 02:00:00+00:00
[2026-08-18T01:29:33.135+0000] {processor.py:208} INFO - Processing /opt/airflow/dags/weather_dag.py took 0.081 seconds
[2026-08-18T01:30:03.381+0000] {processor.py:186} INFO - Started process (PID=8612) to work on /opt/airflow/dags/weather_dag.py
[2026-08-18T01:30:03.384+0000] {processor.py:914} INFO - Processing file /opt/airflow/dags/weather_dag.py for tasks to queue
[2026-08-18T01:30:03.387+0000] {logging_mixin.py:190} INFO - [2026-08-18T01:30:03.386+0000] {dagbag.py:588} INFO - Filling up the DagBag from /opt/airflow/dags/weather_dag.py
[2026-08-18T01:30:03.402+0000] {processor.py:925} INFO - DAG(s) 'weather_ingestion' retrieved from /opt/airflow/dags/weather_dag.py
[2026-08-18T01:30:03.426+0000] {logging_mixin.py:190} INFO - [2026-08-18T01:30:03.426+0000] {dag.py:3239} INFO - Sync 1 DAGs
[2026-08-18T01:30:03.443+0000] {logging_mixin.py:190} INFO - [2026-08-18T01:30:03.443+0000] {dag.py:4180} INFO - Setting next_dagrun for weather_ingestion to 2026-08-18 01:00:00+00:00, run_after=2026-08-18 02:00:00+00:00
[2026-08-18T01:30:03.454+0000] {processor.py:208} INFO - Processing /opt/airflow/dags/weather_dag.py took 0.080 seconds
[2026-08-18T01:30:33.746+0000] {processor.py:186} INFO - Started process (PID=8617) to work on /opt/airflow/dags/weather_dag.py
[2026-08-18T01:30:33.748+0000] {processor.py:914} INFO - Processing file /opt/airflow/dags/weather_dag.py for tasks to queue
[2026-08-18T01:30:33.752+0000] {logging_mixin.py:190} INFO - [2026-08-18T01:30:33.751+0000] {dagbag.py:588} INFO - Filling up the DagBag from /opt/airflow/dags/weather_dag.py
[2026-08-18T01:30:33.764+0000] {processor.py:925} INFO - DAG(s) 'weather_ingestion' retrieved from /opt/airflow/dags/weather_dag.py
[2026-08-18T01:30:33.785+0000] {logging_mixin.py:190} INFO - [2026-08-18T01:30:33.785+0000] {dag.py:3239} INFO - Sync 1 DAGs
[2026-08-18T01:30:33.797+0000] {logging_mixin.py:190} INFO - [2026-08-18T01:30:33.797+0000] {dag.py:4180} INFO - Setting next_dagrun for weather_ingestion to 2026-08-18 01:00:00+00:00, run_after=2026-08-18 02:00:00+00:00
[2026-08-18T01:30:33.805+0000] {processor.py:208} INFO - Processing /opt/airflow/dags/weather_dag.py took 0.066 seconds
[2026-08-18T01:31:04.185+0000] {processor.py:186} INFO - Started process (PID=8622) to work on /opt/airflow/dags/weather_dag.py
[2026-08-18T01:31:04.192+0000] {processor.py:914} INFO - Processing file /opt/airflow/dags/weather_dag.py for tasks to queue
[2026-08-18T01:31:04.204+0000] {logging_mixin.py:190} INFO - [2026-08-18T01:31:04.203+0000] {dagbag.py:588} INFO - Filling up the DagBag from /opt/airflow/dags/weather_dag.py
[2026-08-18T01:31:04.229+0000] {processor.py:925} INFO - DAG(s) 'weather_ingestion' retrieved from /opt/airflow/dags/weather_dag.py
[2026-08-18T01:31:04.265+0000] {logging_mixin.py:190} INFO - [2026-08-18T01:31:04.264+0000] {dag.py:3239} INFO - Sync 1 DAGs
[2026-08-18T01:31:04.289+0000] {logging_mixin.py:190} INFO - [2026-08-18T01:31:04.289+0000] {dag.py:4180} INFO - Setting next_dagrun for weather_ingestion to 2026-08-18 01:00:00+00:00, run_after=2026-08-18 02:00:00+00:00
[2026-08-18T01:31:04.311+0000] {processor.py:208} INFO - Processing /opt/airflow/dags/weather_dag.py took 0.163 seconds
[2026-08-18T01:31:34.501+0000] {processor.py:186} INFO - Started process (PID=8627) to work on /opt/airflow/dags/weather_dag.py
[2026-08-18T01:31:34.505+0000] {processor.py:914} INFO - Processing file /opt/airflow/dags/weather_dag.py for tasks to queue
[2026-08-18T01:31:34.511+0000] {logging_mixin.py:190} INFO - [2026-08-18T01:31:34.510+0000] {dagbag.py:588} INFO - Filling up the DagBag from /opt/airflow/dags/weather_dag.py
[2026-08-18T01:31:34.541+0000] {processor.py:925} INFO - DAG(s) 'weather_ingestion' retrieved from /opt/airflow/dags/weather_dag.py
[2026-08-18T01:31:34.567+0000] {logging_mixin.py:190} INFO - [2026-08-18T01:31:34.567+0000] {dag.py:3239} INFO - Sync 1 DAGs
[2026-08-18T01:31:34.584+0000] {logging_mixin.py:190} INFO - [2026-08-18T01:31:34.584+0000] {dag.py:4180} INFO - Setting next_dagrun for weather_ingestion to 2026-08-18 01:00:00+00:00, run_after=2026-08-18 02:00:00+00:00
[2026-08-18T01:31:34.594+0000] {processor.py:208} INFO - Processing /opt/airflow/dags/weather_dag.py took 0.114 seconds
[2026-08-18T01:32:04.842+0000] {processor.py:186} INFO - Started process (PID=8632) to work on /opt/airflow/dags/weather_dag.py
[2026-08-18T01:32:04.844+0000] {processor.py:914} INFO - Processing file /opt/airflow/dags/weather_dag.py for tasks to queue
[2026-08-18T01:32:04.846+0000] {logging_mixin.py:190} INFO - [2026-08-18T01:32:04.846+0000] {dagbag.py:588} INFO - Filling up the DagBag from /opt/airflow/dags/weather_dag.py
[2026-08-18T01:32:04.857+0000] {processor.py:925} INFO - DAG(s) 'weather_ingestion' retrieved from /opt/airflow/dags/weather_dag.py
[2026-08-18T01:32:04.875+0000] {logging_mixin.py:190} INFO - [2026-08-18T01:32:04.875+0000] {dag.py:3239} INFO - Sync 1 DAGs
[2026-08-18T01:32:04.888+0000] {logging_mixin.py:190} INFO - [2026-08-18T01:32:04.887+0000] {dag.py:4180} INFO - Setting next_dagrun for weather_ingestion to 2026-08-18 01:00:00+00:00, run_after=2026-08-18 02:00:00+00:00
[2026-08-18T01:32:04.895+0000] {processor.py:208} INFO - Processing /opt/airflow/dags/weather_dag.py took 0.058 seconds
[2026-08-18T01:32:35.189+0000] {processor.py:186} INFO - Started process (PID=8637) to work on /opt/airflow/dags/weather_dag.py
[2026-08-18T01:32:35.191+0000] {processor.py:914} INFO - Processing file /opt/airflow/dags/weather_dag.py for tasks to queue
[2026-08-18T01:32:35.193+0000] {logging_mixin.py:190} INFO - [2026-08-18T01:32:35.192+0000] {dagbag.py:588} INFO - Filling up the DagBag from /opt/airflow/dags/weather_dag.py
[2026-08-18T01:32:35.203+0000] {processor.py:925} INFO - DAG(s) 'weather_ingestion' retrieved from /opt/airflow/dags/weather_dag.py
[2026-08-18T01:32:35.222+0000] {logging_mixin.py:190} INFO - [2026-08-18T01:32:35.222+0000] {dag.py:3239} INFO - Sync 1 DAGs
[2026-08-18T01:32:35.234+0000] {logging_mixin.py:190} INFO - [2026-08-18T01:32:35.234+0000] {dag.py:4180} INFO - Setting next_dagrun for weather_ingestion to 2026-08-18 01:00:00+00:00, run_after=2026-08-18 02:00:00+00:00
[2026-08-18T01:32:35.243+0000] {processor.py:208} INFO - Processing /opt/airflow/dags/weather_dag.py took 0.060 seconds
[2026-08-18T01:33:05.461+0000] {processor.py:186} INFO - Started process (PID=8642) to work on /opt/airflow/dags/weather_dag.py
[2026-08-18T01:33:05.462+0000] {processor.py:914} INFO - Processing file /opt/airflow/dags/weather_dag.py for tasks to queue
[2026-08-18T01:33:05.464+0000] {logging_mixin.py:190} INFO - [2026-08-18T01:33:05.464+0000] {dagbag.py:588} INFO - Filling up the DagBag from /opt/airflow/dags/weather_dag.py
[2026-08-18T01:33:05.475+0000] {processor.py:925} INFO - DAG(s) 'weather_ingestion' retrieved from /opt/airflow/dags/weather_dag.py
[2026-08-18T01:33:05.495+0000] {logging_mixin.py:190} INFO - [2026-08-18T01:33:05.494+0000] {dag.py:3239} INFO - Sync 1 DAGs
[2026-08-18T01:33:05.508+0000] {logging_mixin.py:190} INFO - [2026-08-18T01:33:05.507+0000] {dag.py:4180} INFO - Setting next_dagrun for weather_ingestion to 2026-08-18 01:00:00+00:00, run_after=2026-08-18 02:00:00+00:00
[2026-08-18T01:33:05.518+0000] {processor.py:208} INFO - Processing /opt/airflow/dags/weather_dag.py took 0.063 seconds
[2026-08-18T01:33:35.744+0000] {processor.py:186} INFO - Started process (PID=8647) to work on /opt/airflow/dags/weather_dag.py
[2026-08-18T01:33:35.746+0000] {processor.py:914} INFO - Processing file /opt/airflow/dags/weather_dag.py for tasks to queue
[2026-08-18T01:33:35.765+0000] {logging_mixin.py:190} INFO - [2026-08-18T01:33:35.763+0000] {dagbag.py:588} INFO - Filling up the DagBag from /opt/airflow/dags/weather_dag.py
[2026-08-18T01:33:35.787+0000] {processor.py:925} INFO - DAG(s) 'weather_ingestion' retrieved from /opt/airflow/dags/weather_dag.py
[2026-08-18T01:33:35.815+0000] {logging_mixin.py:190} INFO - [2026-08-18T01:33:35.815+0000] {dag.py:3239} INFO - Sync 1 DAGs
[2026-08-18T01:33:35.846+0000] {logging_mixin.py:190} INFO - [2026-08-18T01:33:35.846+0000] {dag.py:4180} INFO - Setting next_dagrun for weather_ingestion to 2026-08-18 01:00:00+00:00, run_after=2026-08-18 02:00:00+00:00
[2026-08-18T01:33:35.857+0000] {processor.py:208} INFO - Processing /opt/airflow/dags/weather_dag.py took 0.124 seconds
[2026-08-18T01:34:06.069+0000] {processor.py:186} INFO - Started process (PID=8652) to work on /opt/airflow/dags/weather_dag.py
[2026-08-18T01:34:06.072+0000] {processor.py:914} INFO - Processing file /opt/airflow/dags/weather_dag.py for tasks to queue
[2026-08-18T01:34:06.078+0000] {logging_mixin.py:190} INFO - [2026-08-18T01:34:06.077+0000] {dagbag.py:588} INFO - Filling up the DagBag from /opt/airflow/dags/weather_dag.py
[2026-08-18T01:34:06.093+0000] {processor.py:925} INFO - DAG(s) 'weather_ingestion' retrieved from /opt/airflow/dags/weather_dag.py
[2026-08-18T01:34:06.121+0000] {logging_mixin.py:190} INFO - [2026-08-18T01:34:06.121+0000] {dag.py:3239} INFO - Sync 1 DAGs
[2026-08-18T01:34:06.146+0000] {logging_mixin.py:190} INFO - [2026-08-18T01:34:06.146+0000] {dag.py:4180} INFO - Setting next_dagrun for weather_ingestion to 2026-08-18 01:00:00+00:00, run_after=2026-08-18 02:00:00+00:00
[2026-08-18T01:34:06.157+0000] {processor.py:208} INFO - Processing /opt/airflow/dags/weather_dag.py took 0.100 seconds
[2026-08-18T01:34:36.378+0000] {processor.py:186} INFO - Started process (PID=8657) to work on /opt/airflow/dags/weather_dag.py
[2026-08-18T01:34:36.380+0000] {processor.py:914} INFO - Processing file /opt/airflow/dags/weather_dag.py for tasks to queue
[2026-08-18T01:34:36.386+0000] {logging_mixin.py:190} INFO - [2026-08-18T01:34:36.385+0000] {dagbag.py:588} INFO - Filling up the DagBag from /opt/airflow/dags/weather_dag.py
[2026-08-18T01:34:36.413+0000] {processor.py:925} INFO - DAG(s) 'weather_ingestion' retrieved from /opt/airflow/dags/weather_dag.py
[2026-08-18T01:34:36.447+0000] {logging_mixin.py:190} INFO - [2026-08-18T01:34:36.447+0000] {dag.py:3239} INFO - Sync 1 DAGs
[2026-08-18T01:34:36.488+0000] {logging_mixin.py:190} INFO - [2026-08-18T01:34:36.488+0000] {dag.py:4180} INFO - Setting next_dagrun for weather_ingestion to 2026-08-18 01:00:00+00:00, run_after=2026-08-18 02:00:00+00:00
[2026-08-18T01:34:36.498+0000] {processor.py:208} INFO - Processing /opt/airflow/dags/weather_dag.py took 0.126 seconds
[2026-08-18T01:35:06.716+0000] {processor.py:186} INFO - Started process (PID=8662) to work on /opt/airflow/dags/weather_dag.py
[2026-08-18T01:35:06.718+0000] {processor.py:914} INFO - Processing file /opt/airflow/dags/weather_dag.py for tasks to queue
[2026-08-18T01:35:06.722+0000] {logging_mixin.py:190} INFO - [2026-08-18T01:35:06.722+0000] {dagbag.py:588} INFO - Filling up the DagBag from /opt/airflow/dags/weather_dag.py
[2026-08-18T01:35:06.734+0000] {processor.py:925} INFO - DAG(s) 'weather_ingestion' retrieved from /opt/airflow/dags/weather_dag.py
[2026-08-18T01:35:06.756+0000] {logging_mixin.py:190} INFO - [2026-08-18T01:35:06.756+0000] {dag.py:3239} INFO - Sync 1 DAGs
[2026-08-18T01:35:06.774+0000] {logging_mixin.py:190} INFO - [2026-08-18T01:35:06.774+0000] {dag.py:4180} INFO - Setting next_dagrun for weather_ingestion to 2026-08-18 01:00:00+00:00, run_after=2026-08-18 02:00:00+00:00
[2026-08-18T01:35:06.785+0000] {processor.py:208} INFO - Processing /opt/airflow/dags/weather_dag.py took 0.077 seconds
[2026-08-18T01:35:37.030+0000] {processor.py:186} INFO - Started process (PID=8667) to work on /opt/airflow/dags/weather_dag.py
[2026-08-18T01:35:37.032+0000] {processor.py:914} INFO - Processing file /opt/airflow/dags/weather_dag.py for tasks to queue
[2026-08-18T01:35:37.035+0000] {logging_mixin.py:190} INFO - [2026-08-18T01:35:37.034+0000] {dagbag.py:588} INFO - Filling up the DagBag from /opt/airflow/dags/weather_dag.py
[2026-08-18T01:35:37.047+0000] {processor.py:925} INFO - DAG(s) 'weather_ingestion' retrieved from /opt/airflow/dags/weather_dag.py
[2026-08-18T01:35:37.068+0000] {logging_mixin.py:190} INFO - [2026-08-18T01:35:37.067+0000] {dag.py:3239} INFO - Sync 1 DAGs
[2026-08-18T01:35:37.080+0000] {logging_mixin.py:190} INFO - [2026-08-18T01:35:37.080+0000] {dag.py:4180} INFO - Setting next_dagrun for weather_ingestion to 2026-08-18 01:00:00+00:00, run_after=2026-08-18 02:00:00+00:00
[2026-08-18T01:35:37.087+0000] {processor.py:208} INFO - Processing /opt/airflow/dags/weather_dag.py took 0.064 seconds
[2026-08-18T01:36:07.351+0000] {processor.py:186} INFO - Started process (PID=8672) to work on /opt/airflow/dags/weather_dag.py
[2026-08-18T01:36:07.352+0000] {processor.py:914} INFO - Processing file /opt/airflow/dags/weather_dag.py for tasks to queue
[2026-08-18T01:36:07.355+0000] {logging_mixin.py:190} INFO - [2026-08-18T01:36:07.354+0000] {dagbag.py:588} INFO - Filling up the DagBag from /opt/airflow/dags/weather_dag.py
[2026-08-18T01:36:07.367+0000] {processor.py:925} INFO - DAG(s) 'weather_ingestion' retrieved from /opt/airflow/dags/weather_dag.py
[2026-08-18T01:36:07.388+0000] {logging_mixin.py:190} INFO - [2026-08-18T01:36:07.388+0000] {dag.py:3239} INFO - Sync 1 DAGs
[2026-08-18T01:36:07.400+0000] {logging_mixin.py:190} INFO - [2026-08-18T01:36:07.400+0000] {dag.py:4180} INFO - Setting next_dagrun for weather_ingestion to 2026-08-18 01:00:00+00:00, run_after=2026-08-18 02:00:00+00:00
[2026-08-18T01:36:07.407+0000] {processor.py:208} INFO - Processing /opt/airflow/dags/weather_dag.py took 0.064 seconds
[2026-08-18T01:36:37.688+0000] {processor.py:186} INFO - Started process (PID=8677) to work on /opt/airflow/dags/weather_dag.py
[2026-08-18T01:36:37.692+0000] {processor.py:914} INFO - Processing file /opt/airflow/dags/weather_dag.py for tasks to queue
[2026-08-18T01:36:37.699+0000] {logging_mixin.py:190} INFO - [2026-08-18T01:36:37.698+0000] {dagbag.py:588} INFO - Filling up the DagBag from /opt/airflow/dags/weather_dag.py
[2026-08-18T01:36:37.723+0000] {processor.py:925} INFO - DAG(s) 'weather_ingestion' retrieved from /opt/airflow/dags/weather_dag.py
[2026-08-18T01:36:37.750+0000] {logging_mixin.py:190} INFO - [2026-08-18T01:36:37.750+0000] {dag.py:3239} INFO - Sync 1 DAGs
[2026-08-18T01:36:37.793+0000] {logging_mixin.py:190} INFO - [2026-08-18T01:36:37.793+0000] {dag.py:4180} INFO - Setting next_dagrun for weather_ingestion to 2026-08-18 01:00:00+00:00, run_after=2026-08-18 02:00:00+00:00
[2026-08-18T01:36:37.805+0000] {processor.py:208} INFO - Processing /opt/airflow/dags/weather_dag.py took 0.130 seconds
[2026-08-18T01:37:07.984+0000] {processor.py:186} INFO - Started process (PID=8682) to work on /opt/airflow/dags/weather_dag.py
[2026-08-18T01:37:07.986+0000] {processor.py:914} INFO - Processing file /opt/airflow/dags/weather_dag.py for tasks to queue
[2026-08-18T01:37:07.990+0000] {logging_mixin.py:190} INFO - [2026-08-18T01:37:07.990+0000] {dagbag.py:588} INFO - Filling up the DagBag from /opt/airflow/dags/weather_dag.py
[2026-08-18T01:37:08.003+0000] {processor.py:925} INFO - DAG(s) 'weather_ingestion' retrieved from /opt/airflow/dags/weather_dag.py
[2026-08-18T01:37:08.027+0000] {logging_mixin.py:190} INFO - [2026-08-18T01:37:08.026+0000] {dag.py:3239} INFO - Sync 1 DAGs
[2026-08-18T01:37:08.044+0000] {logging_mixin.py:190} INFO - [2026-08-18T01:37:08.044+0000] {dag.py:4180} INFO - Setting next_dagrun for weather_ingestion to 2026-08-18 01:00:00+00:00, run_after=2026-08-18 02:00:00+00:00
[2026-08-18T01:37:08.053+0000] {processor.py:208} INFO - Processing /opt/airflow/dags/weather_dag.py took 0.077 seconds
[2026-08-18T01:37:38.425+0000] {processor.py:186} INFO - Started process (PID=8687) to work on /opt/airflow/dags/weather_dag.py
[2026-08-18T01:37:38.428+0000] {processor.py:914} INFO - Processing file /opt/airflow/dags/weather_dag.py for tasks to queue
[2026-08-18T01:37:38.433+0000] {logging_mixin.py:190} INFO - [2026-08-18T01:37:38.432+0000] {dagbag.py:588} INFO - Filling up the DagBag from /opt/airflow/dags/weather_dag.py
[2026-08-18T01:37:38.451+0000] {processor.py:925} INFO - DAG(s) 'weather_ingestion' retrieved from /opt/airflow/dags/weather_dag.py
[2026-08-18T01:37:38.477+0000] {logging_mixin.py:190} INFO - [2026-08-18T01:37:38.477+0000] {dag.py:3239} INFO - Sync 1 DAGs
[2026-08-18T01:37:38.492+0000] {logging_mixin.py:190} INFO - [2026-08-18T01:37:38.492+0000] {dag.py:4180} INFO - Setting next_dagrun for weather_ingestion to 2026-08-18 01:00:00+00:00, run_after=2026-08-18 02:00:00+00:00
[2026-08-18T01:37:38.501+0000] {processor.py:208} INFO - Processing /opt/airflow/dags/weather_dag.py took 0.088 seconds
[2026-08-18T01:38:08.752+0000] {processor.py:186} INFO - Started process (PID=8692) to work on /opt/airflow/dags/weather_dag.py
[2026-08-18T01:38:08.754+0000] {processor.py:914} INFO - Processing file /opt/airflow/dags/weather_dag.py for tasks to queue
[2026-08-18T01:38:08.756+0000] {logging_mixin.py:190} INFO - [2026-08-18T01:38:08.756+0000] {dagbag.py:588} INFO - Filling up the DagBag from /opt/airflow/dags/weather_dag.py
[2026-08-18T01:38:08.766+0000] {processor.py:925} INFO - DAG(s) 'weather_ingestion' retrieved from /opt/airflow/dags/weather_dag.py
[2026-08-18T01:38:08.783+0000] {logging_mixin.py:190} INFO - [2026-08-18T01:38:08.783+0000] {dag.py:3239} INFO - Sync 1 DAGs
[2026-08-18T01:38:08.795+0000] {logging_mixin.py:190} INFO - [2026-08-18T01:38:08.795+0000] {dag.py:4180} INFO - Setting next_dagrun for weather_ingestion to 2026-08-18 01:00:00+00:00, run_after=2026-08-18 02:00:00+00:00
[2026-08-18T01:38:08.803+0000] {processor.py:208} INFO - Processing /opt/airflow/dags/weather_dag.py took 0.058 seconds
[2026-08-18T01:38:39.054+0000] {processor.py:186} INFO - Started process (PID=8697) to work on /opt/airflow/dags/weather_dag.py
[2026-08-18T01:38:39.055+0000] {processor.py:914} INFO - Processing file /opt/airflow/dags/weather_dag.py for tasks to queue
[2026-08-18T01:38:39.058+0000] {logging_mixin.py:190} INFO - [2026-08-18T01:38:39.058+0000] {dagbag.py:588} INFO - Filling up the DagBag from /opt/airflow/dags/weather_dag.py
[2026-08-18T01:38:39.068+0000] {processor.py:925} INFO - DAG(s) 'weather_ingestion' retrieved from /opt/airflow/dags/weather_dag.py
[2026-08-18T01:38:39.094+0000] {logging_mixin.py:190} INFO - [2026-08-18T01:38:39.094+0000] {dag.py:3239} INFO - Sync 1 DAGs
[2026-08-18T01:38:39.117+0000] {logging_mixin.py:190} INFO - [2026-08-18T01:38:39.117+0000] {dag.py:4180} INFO - Setting next_dagrun for weather_ingestion to 2026-08-18 01:00:00+00:00, run_after=2026-08-18 02:00:00+00:00
[2026-08-18T01:38:39.133+0000] {processor.py:208} INFO - Processing /opt/airflow/dags/weather_dag.py took 0.086 seconds
[2026-08-18T01:39:09.369+0000] {processor.py:186} INFO - Started process (PID=8702) to work on /opt/airflow/dags/weather_dag.py
[2026-08-18T01:39:09.371+0000] {processor.py:914} INFO - Processing file /opt/airflow/dags/weather_dag.py for tasks to queue
[2026-08-18T01:39:09.373+0000] {logging_mixin.py:190} INFO - [2026-08-18T01:39:09.373+0000] {dagbag.py:588} INFO - Filling up the DagBag from /opt/airflow/dags/weather_dag.py
[2026-08-18T01:39:09.384+0000] {processor.py:925} INFO - DAG(s) 'weather_ingestion' retrieved from /opt/airflow/dags/weather_dag.py
[2026-08-18T01:39:09.401+0000] {logging_mixin.py:190} INFO - [2026-08-18T01:39:09.401+0000] {dag.py:3239} INFO - Sync 1 DAGs
[2026-08-18T01:39:09.412+0000] {logging_mixin.py:190} INFO - [2026-08-18T01:39:09.412+0000] {dag.py:4180} INFO - Setting next_dagrun for weather_ingestion to 2026-08-18 01:00:00+00:00, run_after=2026-08-18 02:00:00+00:00
[2026-08-18T01:39:09.420+0000] {processor.py:208} INFO - Processing /opt/airflow/dags/weather_dag.py took 0.057 seconds
[2026-08-18T01:39:39.699+0000] {processor.py:186} INFO - Started process (PID=8707) to work on /opt/airflow/dags/weather_dag.py
[2026-08-18T01:39:39.701+0000] {processor.py:914} INFO - Processing file /opt/airflow/dags/weather_dag.py for tasks to queue
[2026-08-18T01:39:39.704+0000] {logging_mixin.py:190} INFO - [2026-08-18T01:39:39.703+0000] {dagbag.py:588} INFO - Filling up the DagBag from /opt/airflow/dags/weather_dag.py
[2026-08-18T01:39:39.720+0000] {processor.py:925} INFO - DAG(s) 'weather_ingestion' retrieved from /opt/airflow/dags/weather_dag.py
[2026-08-18T01:39:39.742+0000] {logging_mixin.py:190} INFO - [2026-08-18T01:39:39.742+0000] {dag.py:3239} INFO - Sync 1 DAGs
[2026-08-18T01:39:39.756+0000] {logging_mixin.py:190} INFO - [2026-08-18T01:39:39.756+0000] {dag.py:4180} INFO - Setting next_dagrun for weather_ingestion to 2026-08-18 01:00:00+00:00, run_after=2026-08-18 02:00:00+00:00
[2026-08-18T01:39:39.764+0000] {processor.py:208} INFO - Processing /opt/airflow/dags/weather_dag.py took 0.076 seconds
[2026-08-18T01:40:09.954+0000] {processor.py:186} INFO - Started process (PID=8712) to work on /opt/airflow/dags/weather_dag.py
[2026-08-18T01:40:09.955+0000] {processor.py:914} INFO - Processing file /opt/airflow/dags/weather_dag.py for tasks to queue
[2026-08-18T01:40:09.957+0000] {logging_mixin.py:190} INFO - [2026-08-18T01:40:09.957+0000] {dagbag.py:588} INFO - Filling up the DagBag from /opt/airflow/dags/weather_dag.py
[2026-08-18T01:40:09.969+0000] {processor.py:925} INFO - DAG(s) 'weather_ingestion' retrieved from /opt/airflow/dags/weather_dag.py
[2026-08-18T01:40:09.983+0000] {logging_mixin.py:190} INFO - [2026-08-18T01:40:09.983+0000] {dag.py:3239} INFO - Sync 1 DAGs
[2026-08-18T01:40:09.997+0000] {logging_mixin.py:190} INFO - [2026-08-18T01:40:09.997+0000] {dag.py:4180} INFO - Setting next_dagrun for weather_ingestion to 2026-08-18 01:00:00+00:00, run_after=2026-08-18 02:00:00+00:00
[2026-08-18T01:40:10.005+0000] {processor.py:208} INFO - Processing /opt/airflow/dags/weather_dag.py took 0.057 seconds
[2026-08-18T01:40:40.240+0000] {processor.py:186} INFO - Started process (PID=8717) to work on /opt/airflow/dags/weather_dag.py
[2026-08-18T01:40:40.241+0000] {processor.py:914} INFO - Processing file /opt/airflow/dags/weather_dag.py for tasks to queue
[2026-08-18T01:40:40.244+0000] {logging_mixin.py:190} INFO - [2026-08-18T01:40:40.244+0000] {dagbag.py:588} INFO - Filling up the DagBag from /opt/airflow/dags/weather_dag.py
[2026-08-18T01:40:40.260+0000] {processor.py:925} INFO - DAG(s) 'weather_ingestion' retrieved from /opt/airflow/dags/weather_dag.py
[2026-08-18T01:40:40.282+0000] {logging_mixin.py:190} INFO - [2026-08-18T01:40:40.282+0000] {dag.py:3239} INFO - Sync 1 DAGs
[2026-08-18T01:40:40.296+0000] {logging_mixin.py:190} INFO - [2026-08-18T01:40:40.296+0000] {dag.py:4180} INFO - Setting next_dagrun for weather_ingestion to 2026-08-18 01:00:00+00:00, run_after=2026-08-18 02:00:00+00:00
[2026-08-18T01:40:40.305+0000] {processor.py:208} INFO - Processing /opt/airflow/dags/weather_dag.py took 0.073 seconds
[2026-08-18T01:41:10.535+0000] {processor.py:186} INFO - Started process (PID=8722) to work on /opt/airflow/dags/weather_dag.py
[2026-08-18T01:41:10.537+0000] {processor.py:914} INFO - Processing file /opt/airflow/dags/weather_dag.py for tasks to queue
[2026-08-18T01:41:10.541+0000] {logging_mixin.py:190} INFO - [2026-08-18T01:41:10.541+0000] {dagbag.py:588} INFO - Filling up the DagBag from /opt/airflow/dags/weather_dag.py
[2026-08-18T01:41:10.556+0000] {processor.py:925} INFO - DAG(s) 'weather_ingestion' retrieved from /opt/airflow/dags/weather_dag.py
[2026-08-18T01:41:10.582+0000] {logging_mixin.py:190} INFO - [2026-08-18T01:41:10.582+0000] {dag.py:3239} INFO - Sync 1 DAGs
[2026-08-18T01:41:10.598+0000] {logging_mixin.py:190} INFO - [2026-08-18T01:41:10.598+0000] {dag.py:4180} INFO - Setting next_dagrun for weather_ingestion to 2026-08-18 01:00:00+00:00, run_after=2026-08-18 02:00:00+00:00
[2026-08-18T01:41:10.611+0000] {processor.py:208} INFO - Processing /opt/airflow/dags/weather_dag.py took 0.086 seconds
[2026-08-18T01:41:40.887+0000] {processor.py:186} INFO - Started process (PID=8727) to work on /opt/airflow/dags/weather_dag.py
[2026-08-18T01:41:40.890+0000] {processor.py:914} INFO - Processing file /opt/airflow/dags/weather_dag.py for tasks to queue
[2026-08-18T01:41:40.893+0000] {logging_mixin.py:190} INFO - [2026-08-18T01:41:40.892+0000] {dagbag.py:588} INFO - Filling up the DagBag from /opt/airflow/dags/weather_dag.py
[2026-08-18T01:41:40.905+0000] {processor.py:925} INFO - DAG(s) 'weather_ingestion' retrieved from /opt/airflow/dags/weather_dag.py
[2026-08-18T01:41:40.927+0000] {logging_mixin.py:190} INFO - [2026-08-18T01:41:40.927+0000] {dag.py:3239} INFO - Sync 1 DAGs
[2026-08-18T01:41:40.941+0000] {logging_mixin.py:190} INFO - [2026-08-18T01:41:40.941+0000] {dag.py:4180} INFO - Setting next_dagrun for weather_ingestion to 2026-08-18 01:00:00+00:00, run_after=2026-08-18 02:00:00+00:00
[2026-08-18T01:41:40.949+0000] {processor.py:208} INFO - Processing /opt/airflow/dags/weather_dag.py took 0.074 seconds
[2026-08-18T01:42:11.224+0000] {processor.py:186} INFO - Started process (PID=8732) to work on /opt/airflow/dags/weather_dag.py
[2026-08-18T01:42:11.226+0000] {processor.py:914} INFO - Processing file /opt/airflow/dags/weather_dag.py for tasks to queue
[2026-08-18T01:42:11.230+0000] {logging_mixin.py:190} INFO - [2026-08-18T01:42:11.230+0000] {dagbag.py:588} INFO - Filling up the DagBag from /opt/airflow/dags/weather_dag.py
[2026-08-18T01:42:11.241+0000] {processor.py:925} INFO - DAG(s) 'weather_ingestion' retrieved from /opt/airflow/dags/weather_dag.py
[2026-08-18T01:42:11.258+0000] {logging_mixin.py:190} INFO - [2026-08-18T01:42:11.258+0000] {dag.py:3239} INFO - Sync 1 DAGs
[2026-08-18T01:42:11.270+0000] {logging_mixin.py:190} INFO - [2026-08-18T01:42:11.270+0000] {dag.py:4180} INFO - Setting next_dagrun for weather_ingestion to 2026-08-18 01:00:00+00:00, run_after=2026-08-18 02:00:00+00:00
[2026-08-18T01:42:11.277+0000] {processor.py:208} INFO - Processing /opt/airflow/dags/weather_dag.py took 0.067 seconds
[2026-08-18T01:42:41.547+0000] {processor.py:186} INFO - Started process (PID=8737) to work on /opt/airflow/dags/weather_dag.py
[2026-08-18T01:42:41.549+0000] {processor.py:914} INFO - Processing file /opt/airflow/dags/weather_dag.py for tasks to queue
[2026-08-18T01:42:41.553+0000] {logging_mixin.py:190} INFO - [2026-08-18T01:42:41.552+0000] {dagbag.py:588} INFO - Filling up the DagBag from /opt/airflow/dags/weather_dag.py
[2026-08-18T01:42:41.569+0000] {processor.py:925} INFO - DAG(s) 'weather_ingestion' retrieved from /opt/airflow/dags/weather_dag.py
[2026-08-18T01:42:41.595+0000] {logging_mixin.py:190} INFO - [2026-08-18T01:42:41.595+0000] {dag.py:3239} INFO - Sync 1 DAGs
[2026-08-18T01:42:41.612+0000] {logging_mixin.py:190} INFO - [2026-08-18T01:42:41.612+0000] {dag.py:4180} INFO - Setting next_dagrun for weather_ingestion to 2026-08-18 01:00:00+00:00, run_after=2026-08-18 02:00:00+00:00
[2026-08-18T01:42:41.622+0000] {processor.py:208} INFO - Processing /opt/airflow/dags/weather_dag.py took 0.089 seconds
[2026-08-18T01:43:11.904+0000] {processor.py:186} INFO - Started process (PID=8742) to work on /opt/airflow/dags/weather_dag.py
[2026-08-18T01:43:11.905+0000] {processor.py:914} INFO - Processing file /opt/airflow/dags/weather_dag.py for tasks to queue
[2026-08-18T01:43:11.908+0000] {logging_mixin.py:190} INFO - [2026-08-18T01:43:11.907+0000] {dagbag.py:588} INFO - Filling up the DagBag from /opt/airflow/dags/weather_dag.py
[2026-08-18T01:43:11.925+0000] {processor.py:925} INFO - DAG(s) 'weather_ingestion' retrieved from /opt/airflow/dags/weather_dag.py
[2026-08-18T01:43:11.948+0000] {logging_mixin.py:190} INFO - [2026-08-18T01:43:11.947+0000] {dag.py:3239} INFO - Sync 1 DAGs
[2026-08-18T01:43:11.963+0000] {logging_mixin.py:190} INFO - [2026-08-18T01:43:11.963+0000] {dag.py:4180} INFO - Setting next_dagrun for weather_ingestion to 2026-08-18 01:00:00+00:00, run_after=2026-08-18 02:00:00+00:00
[2026-08-18T01:43:11.972+0000] {processor.py:208} INFO - Processing /opt/airflow/dags/weather_dag.py took 0.077 seconds
[2026-08-18T01:43:42.257+0000] {processor.py:186} INFO - Started process (PID=8747) to work on /opt/airflow/dags/weather_dag.py
[2026-08-18T01:43:42.262+0000] {processor.py:914} INFO - Processing file /opt/airflow/dags/weather_dag.py for tasks to queue
[2026-08-18T01:43:42.270+0000] {logging_mixin.py:190} INFO - [2026-08-18T01:43:42.269+0000] {dagbag.py:588} INFO - Filling up the DagBag from /opt/airflow/dags/weather_dag.py
[2026-08-18T01:43:42.294+0000] {processor.py:925} INFO - DAG(s) 'weather_ingestion' retrieved from /opt/airflow/dags/weather_dag.py
[2026-08-18T01:43:42.322+0000] {logging_mixin.py:190} INFO - [2026-08-18T01:43:42.322+0000] {dag.py:3239} INFO - Sync 1 DAGs
[2026-08-18T01:43:42.348+0000] {logging_mixin.py:190} INFO - [2026-08-18T01:43:42.348+0000] {dag.py:4180} INFO - Setting next_dagrun for weather_ingestion to 2026-08-18 01:00:00+00:00, run_after=2026-08-18 02:00:00+00:00
[2026-08-18T01:43:42.359+0000] {processor.py:208} INFO - Processing /opt/airflow/dags/weather_dag.py took 0.119 seconds
[2026-08-18T01:44:12.574+0000] {processor.py:186} INFO - Started process (PID=8752) to work on /opt/airflow/dags/weather_dag.py
[2026-08-18T01:44:12.577+0000] {processor.py:914} INFO - Processing file /opt/airflow/dags/weather_dag.py for tasks to queue
[2026-08-18T01:44:12.579+0000] {logging_mixin.py:190} INFO - [2026-08-18T01:44:12.579+0000] {dagbag.py:588} INFO - Filling up the DagBag from /opt/airflow/dags/weather_dag.py
[2026-08-18T01:44:12.590+0000] {processor.py:925} INFO - DAG(s) 'weather_ingestion' retrieved from /opt/airflow/dags/weather_dag.py
[2026-08-18T01:44:12.608+0000] {logging_mixin.py:190} INFO - [2026-08-18T01:44:12.608+0000] {dag.py:3239} INFO - Sync 1 DAGs
[2026-08-18T01:44:12.619+0000] {logging_mixin.py:190} INFO - [2026-08-18T01:44:12.619+0000] {dag.py:4180} INFO - Setting next_dagrun for weather_ingestion to 2026-08-18 01:00:00+00:00, run_after=2026-08-18 02:00:00+00:00
[2026-08-18T01:44:12.626+0000] {processor.py:208} INFO - Processing /opt/airflow/dags/weather_dag.py took 0.066 seconds
[2026-08-18T01:44:42.858+0000] {processor.py:186} INFO - Started process (PID=8757) to work on /opt/airflow/dags/weather_dag.py
[2026-08-18T01:44:42.860+0000] {processor.py:914} INFO - Processing file /opt/airflow/dags/weather_dag.py for tasks to queue
[2026-08-18T01:44:42.864+0000] {logging_mixin.py:190} INFO - [2026-08-18T01:44:42.862+0000] {dagbag.py:588} INFO - Filling up the DagBag from /opt/airflow/dags/weather_dag.py
[2026-08-18T01:44:42.879+0000] {processor.py:925} INFO - DAG(s) 'weather_ingestion' retrieved from /opt/airflow/dags/weather_dag.py
[2026-08-18T01:44:42.905+0000] {logging_mixin.py:190} INFO - [2026-08-18T01:44:42.905+0000] {dag.py:3239} INFO - Sync 1 DAGs
[2026-08-18T01:44:42.917+0000] {logging_mixin.py:190} INFO - [2026-08-18T01:44:42.917+0000] {dag.py:4180} INFO - Setting next_dagrun for weather_ingestion to 2026-08-18 01:00:00+00:00, run_after=2026-08-18 02:00:00+00:00
[2026-08-18T01:44:42.925+0000] {processor.py:208} INFO - Processing /opt/airflow/dags/weather_dag.py took 0.074 seconds
[2026-08-18T01:45:13.178+0000] {processor.py:186} INFO - Started process (PID=8762) to work on /opt/airflow/dags/weather_dag.py
[2026-08-18T01:45:13.180+0000] {processor.py:914} INFO - Processing file /opt/airflow/dags/weather_dag.py for tasks to queue
[2026-08-18T01:45:13.185+0000] {logging_mixin.py:190} INFO - [2026-08-18T01:45:13.184+0000] {dagbag.py:588} INFO - Filling up the DagBag from /opt/airflow/dags/weather_dag.py
[2026-08-18T01:45:13.198+0000] {processor.py:925} INFO - DAG(s) 'weather_ingestion' retrieved from /opt/airflow/dags/weather_dag.py
[2026-08-18T01:45:13.218+0000] {logging_mixin.py:190} INFO - [2026-08-18T01:45:13.218+0000] {dag.py:3239} INFO - Sync 1 DAGs
[2026-08-18T01:45:13.230+0000] {logging_mixin.py:190} INFO - [2026-08-18T01:45:13.230+0000] {dag.py:4180} INFO - Setting next_dagrun for weather_ingestion to 2026-08-18 01:00:00+00:00, run_after=2026-08-18 02:00:00+00:00
[2026-08-18T01:45:13.239+0000] {processor.py:208} INFO - Processing /opt/airflow/dags/weather_dag.py took 0.071 seconds
[2026-08-18T01:45:43.671+0000] {processor.py:186} INFO - Started process (PID=8767) to work on /opt/airflow/dags/weather_dag.py
[2026-08-18T01:45:43.677+0000] {processor.py:914} INFO - Processing file /opt/airflow/dags/weather_dag.py for tasks to queue
[2026-08-18T01:45:43.708+0000] {logging_mixin.py:190} INFO - [2026-08-18T01:45:43.707+0000] {dagbag.py:588} INFO - Filling up the DagBag from /opt/airflow/dags/weather_dag.py
[2026-08-18T01:45:43.783+0000] {processor.py:925} INFO - DAG(s) 'weather_ingestion' retrieved from /opt/airflow/dags/weather_dag.py
[2026-08-18T01:45:43.922+0000] {logging_mixin.py:190} INFO - [2026-08-18T01:45:43.922+0000] {dag.py:3239} INFO - Sync 1 DAGs
[2026-08-18T01:45:43.999+0000] {logging_mixin.py:190} INFO - [2026-08-18T01:45:43.998+0000] {dag.py:4180} INFO - Setting next_dagrun for weather_ingestion to 2026-08-18 01:00:00+00:00, run_after=2026-08-18 02:00:00+00:00
[2026-08-18T01:45:44.047+0000] {processor.py:208} INFO - Processing /opt/airflow/dags/weather_dag.py took 0.400 seconds
[2026-08-18T01:46:14.355+0000] {processor.py:186} INFO - Started process (PID=8772) to work on /opt/airflow/dags/weather_dag.py
[2026-08-18T01:46:14.357+0000] {processor.py:914} INFO - Processing file /opt/airflow/dags/weather_dag.py for tasks to queue
[2026-08-18T01:46:14.360+0000] {logging_mixin.py:190} INFO - [2026-08-18T01:46:14.359+0000] {dagbag.py:588} INFO - Filling up the DagBag from /opt/airflow/dags/weather_dag.py
[2026-08-18T01:46:14.376+0000] {processor.py:925} INFO - DAG(s) 'weather_ingestion' retrieved from /opt/airflow/dags/weather_dag.py
[2026-08-18T01:46:14.402+0000] {logging_mixin.py:190} INFO - [2026-08-18T01:46:14.402+0000] {dag.py:3239} INFO - Sync 1 DAGs
[2026-08-18T01:46:14.417+0000] {logging_mixin.py:190} INFO - [2026-08-18T01:46:14.417+0000] {dag.py:4180} INFO - Setting next_dagrun for weather_ingestion to 2026-08-18 01:00:00+00:00, run_after=2026-08-18 02:00:00+00:00
[2026-08-18T01:46:14.426+0000] {processor.py:208} INFO - Processing /opt/airflow/dags/weather_dag.py took 0.082 seconds
[2026-08-18T01:46:44.691+0000] {processor.py:186} INFO - Started process (PID=8777) to work on /opt/airflow/dags/weather_dag.py
[2026-08-18T01:46:44.693+0000] {processor.py:914} INFO - Processing file /opt/airflow/dags/weather_dag.py for tasks to queue
[2026-08-18T01:46:44.697+0000] {logging_mixin.py:190} INFO - [2026-08-18T01:46:44.696+0000] {dagbag.py:588} INFO - Filling up the DagBag from /opt/airflow/dags/weather_dag.py
[2026-08-18T01:46:44.716+0000] {processor.py:925} INFO - DAG(s) 'weather_ingestion' retrieved from /opt/airflow/dags/weather_dag.py
[2026-08-18T01:46:44.749+0000] {logging_mixin.py:190} INFO - [2026-08-18T01:46:44.749+0000] {dag.py:3239} INFO - Sync 1 DAGs
[2026-08-18T01:46:44.767+0000] {logging_mixin.py:190} INFO - [2026-08-18T01:46:44.767+0000] {dag.py:4180} INFO - Setting next_dagrun for weather_ingestion to 2026-08-18 01:00:00+00:00, run_after=2026-08-18 02:00:00+00:00
[2026-08-18T01:46:44.776+0000] {processor.py:208} INFO - Processing /opt/airflow/dags/weather_dag.py took 0.103 seconds
[2026-08-18T01:47:15.016+0000] {processor.py:186} INFO - Started process (PID=8782) to work on /opt/airflow/dags/weather_dag.py
[2026-08-18T01:47:15.019+0000] {processor.py:914} INFO - Processing file /opt/airflow/dags/weather_dag.py for tasks to queue
[2026-08-18T01:47:15.021+0000] {logging_mixin.py:190} INFO - [2026-08-18T01:47:15.020+0000] {dagbag.py:588} INFO - Filling up the DagBag from /opt/airflow/dags/weather_dag.py
[2026-08-18T01:47:15.032+0000] {processor.py:925} INFO - DAG(s) 'weather_ingestion' retrieved from /opt/airflow/dags/weather_dag.py
[2026-08-18T01:47:15.052+0000] {logging_mixin.py:190} INFO - [2026-08-18T01:47:15.052+0000] {dag.py:3239} INFO - Sync 1 DAGs
[2026-08-18T01:47:15.063+0000] {logging_mixin.py:190} INFO - [2026-08-18T01:47:15.063+0000] {dag.py:4180} INFO - Setting next_dagrun for weather_ingestion to 2026-08-18 01:00:00+00:00, run_after=2026-08-18 02:00:00+00:00
[2026-08-18T01:47:15.070+0000] {processor.py:208} INFO - Processing /opt/airflow/dags/weather_dag.py took 0.062 seconds
[2026-08-18T01:47:45.370+0000] {processor.py:186} INFO - Started process (PID=8787) to work on /opt/airflow/dags/weather_dag.py
[2026-08-18T01:47:45.372+0000] {processor.py:914} INFO - Processing file /opt/airflow/dags/weather_dag.py for tasks to queue
[2026-08-18T01:47:45.376+0000] {logging_mixin.py:190} INFO - [2026-08-18T01:47:45.376+0000] {dagbag.py:588} INFO - Filling up the DagBag from /opt/airflow/dags/weather_dag.py
[2026-08-18T01:47:45.397+0000] {processor.py:925} INFO - DAG(s) 'weather_ingestion' retrieved from /opt/airflow/dags/weather_dag.py
[2026-08-18T01:47:45.433+0000] {logging_mixin.py:190} INFO - [2026-08-18T01:47:45.433+0000] {dag.py:3239} INFO - Sync 1 DAGs
[2026-08-18T01:47:45.457+0000] {logging_mixin.py:190} INFO - [2026-08-18T01:47:45.457+0000] {dag.py:4180} INFO - Setting next_dagrun for weather_ingestion to 2026-08-18 01:00:00+00:00, run_after=2026-08-18 02:00:00+00:00
[2026-08-18T01:47:45.467+0000] {processor.py:208} INFO - Processing /opt/airflow/dags/weather_dag.py took 0.107 seconds
[2026-08-18T01:48:15.768+0000] {processor.py:186} INFO - Started process (PID=8792) to work on /opt/airflow/dags/weather_dag.py
[2026-08-18T01:48:15.771+0000] {processor.py:914} INFO - Processing file /opt/airflow/dags/weather_dag.py for tasks to queue
[2026-08-18T01:48:15.775+0000] {logging_mixin.py:190} INFO - [2026-08-18T01:48:15.775+0000] {dagbag.py:588} INFO - Filling up the DagBag from /opt/airflow/dags/weather_dag.py
[2026-08-18T01:48:15.796+0000] {processor.py:925} INFO - DAG(s) 'weather_ingestion' retrieved from /opt/airflow/dags/weather_dag.py
[2026-08-18T01:48:15.823+0000] {logging_mixin.py:190} INFO - [2026-08-18T01:48:15.823+0000] {dag.py:3239} INFO - Sync 1 DAGs
[2026-08-18T01:48:15.840+0000] {logging_mixin.py:190} INFO - [2026-08-18T01:48:15.840+0000] {dag.py:4180} INFO - Setting next_dagrun for weather_ingestion to 2026-08-18 01:00:00+00:00, run_after=2026-08-18 02:00:00+00:00
[2026-08-18T01:48:15.851+0000] {processor.py:208} INFO - Processing /opt/airflow/dags/weather_dag.py took 0.094 seconds
[2026-08-18T01:48:46.064+0000] {processor.py:186} INFO - Started process (PID=8797) to work on /opt/airflow/dags/weather_dag.py
[2026-08-18T01:48:46.066+0000] {processor.py:914} INFO - Processing file /opt/airflow/dags/weather_dag.py for tasks to queue
[2026-08-18T01:48:46.068+0000] {logging_mixin.py:190} INFO - [2026-08-18T01:48:46.068+0000] {dagbag.py:588} INFO - Filling up the DagBag from /opt/airflow/dags/weather_dag.py
[2026-08-18T01:48:46.079+0000] {processor.py:925} INFO - DAG(s) 'weather_ingestion' retrieved from /opt/airflow/dags/weather_dag.py
[2026-08-18T01:48:46.097+0000] {logging_mixin.py:190} INFO - [2026-08-18T01:48:46.097+0000] {dag.py:3239} INFO - Sync 1 DAGs
[2026-08-18T01:48:46.110+0000] {logging_mixin.py:190} INFO - [2026-08-18T01:48:46.110+0000] {dag.py:4180} INFO - Setting next_dagrun for weather_ingestion to 2026-08-18 01:00:00+00:00, run_after=2026-08-18 02:00:00+00:00
[2026-08-18T01:48:46.118+0000] {processor.py:208} INFO - Processing /opt/airflow/dags/weather_dag.py took 0.065 seconds
[2026-08-18T01:49:16.419+0000] {processor.py:186} INFO - Started process (PID=8802) to work on /opt/airflow/dags/weather_dag.py
[2026-08-18T01:49:16.422+0000] {processor.py:914} INFO - Processing file /opt/airflow/dags/weather_dag.py for tasks to queue
[2026-08-18T01:49:16.425+0000] {logging_mixin.py:190} INFO - [2026-08-18T01:49:16.424+0000] {dagbag.py:588} INFO - Filling up the DagBag from /opt/airflow/dags/weather_dag.py
[2026-08-18T01:49:16.435+0000] {processor.py:925} INFO - DAG(s) 'weather_ingestion' retrieved from /opt/airflow/dags/weather_dag.py
[2026-08-18T01:49:16.460+0000] {logging_mixin.py:190} INFO - [2026-08-18T01:49:16.460+0000] {dag.py:3239} INFO - Sync 1 DAGs
[2026-08-18T01:49:16.473+0000] {logging_mixin.py:190} INFO - [2026-08-18T01:49:16.473+0000] {dag.py:4180} INFO - Setting next_dagrun for weather_ingestion to 2026-08-18 01:00:00+00:00, run_after=2026-08-18 02:00:00+00:00
[2026-08-18T01:49:16.483+0000] {processor.py:208} INFO - Processing /opt/airflow/dags/weather_dag.py took 0.076 seconds
[2026-08-18T01:49:46.713+0000] {processor.py:186} INFO - Started process (PID=8807) to work on /opt/airflow/dags/weather_dag.py
[2026-08-18T01:49:46.715+0000] {processor.py:914} INFO - Processing file /opt/airflow/dags/weather_dag.py for tasks to queue
[2026-08-18T01:49:46.719+0000] {logging_mixin.py:190} INFO - [2026-08-18T01:49:46.719+0000] {dagbag.py:588} INFO - Filling up the DagBag from /opt/airflow/dags/weather_dag.py
[2026-08-18T01:49:46.736+0000] {processor.py:925} INFO - DAG(s) 'weather_ingestion' retrieved from /opt/airflow/dags/weather_dag.py
[2026-08-18T01:49:46.757+0000] {logging_mixin.py:190} INFO - [2026-08-18T01:49:46.757+0000] {dag.py:3239} INFO - Sync 1 DAGs
[2026-08-18T01:49:46.771+0000] {logging_mixin.py:190} INFO - [2026-08-18T01:49:46.771+0000] {dag.py:4180} INFO - Setting next_dagrun for weather_ingestion to 2026-08-18 01:00:00+00:00, run_after=2026-08-18 02:00:00+00:00
[2026-08-18T01:49:46.780+0000] {processor.py:208} INFO - Processing /opt/airflow/dags/weather_dag.py took 0.075 seconds
[2026-08-18T01:50:16.958+0000] {processor.py:186} INFO - Started process (PID=8812) to work on /opt/airflow/dags/weather_dag.py
[2026-08-18T01:50:16.959+0000] {processor.py:914} INFO - Processing file /opt/airflow/dags/weather_dag.py for tasks to queue
[2026-08-18T01:50:16.962+0000] {logging_mixin.py:190} INFO - [2026-08-18T01:50:16.962+0000] {dagbag.py:588} INFO - Filling up the DagBag from /opt/airflow/dags/weather_dag.py
[2026-08-18T01:50:16.975+0000] {processor.py:925} INFO - DAG(s) 'weather_ingestion' retrieved from /opt/airflow/dags/weather_dag.py
[2026-08-18T01:50:17.003+0000] {logging_mixin.py:190} INFO - [2026-08-18T01:50:17.003+0000] {dag.py:3239} INFO - Sync 1 DAGs
[2026-08-18T01:50:17.013+0000] {logging_mixin.py:190} INFO - [2026-08-18T01:50:17.013+0000] {dag.py:4180} INFO - Setting next_dagrun for weather_ingestion to 2026-08-18 01:00:00+00:00, run_after=2026-08-18 02:00:00+00:00
[2026-08-18T01:50:17.019+0000] {processor.py:208} INFO - Processing /opt/airflow/dags/weather_dag.py took 0.069 seconds
[2026-08-18T01:50:47.364+0000] {processor.py:186} INFO - Started process (PID=8817) to work on /opt/airflow/dags/weather_dag.py
[2026-08-18T01:50:47.367+0000] {processor.py:914} INFO - Processing file /opt/airflow/dags/weather_dag.py for tasks to queue
[2026-08-18T01:50:47.372+0000] {logging_mixin.py:190} INFO - [2026-08-18T01:50:47.371+0000] {dagbag.py:588} INFO - Filling up the DagBag from /opt/airflow/dags/weather_dag.py
[2026-08-18T01:50:47.393+0000] {processor.py:925} INFO - DAG(s) 'weather_ingestion' retrieved from /opt/airflow/dags/weather_dag.py
[2026-08-18T01:50:47.447+0000] {logging_mixin.py:190} INFO - [2026-08-18T01:50:47.447+0000] {dag.py:3239} INFO - Sync 1 DAGs
[2026-08-18T01:50:47.468+0000] {logging_mixin.py:190} INFO - [2026-08-18T01:50:47.468+0000] {dag.py:4180} INFO - Setting next_dagrun for weather_ingestion to 2026-08-18 01:00:00+00:00, run_after=2026-08-18 02:00:00+00:00
[2026-08-18T01:50:47.479+0000] {processor.py:208} INFO - Processing /opt/airflow/dags/weather_dag.py took 0.134 seconds
[2026-08-18T01:51:17.849+0000] {processor.py:186} INFO - Started process (PID=8822) to work on /opt/airflow/dags/weather_dag.py
[2026-08-18T01:51:17.851+0000] {processor.py:914} INFO - Processing file /opt/airflow/dags/weather_dag.py for tasks to queue
[2026-08-18T01:51:17.857+0000] {logging_mixin.py:190} INFO - [2026-08-18T01:51:17.857+0000] {dagbag.py:588} INFO - Filling up the DagBag from /opt/airflow/dags/weather_dag.py
[2026-08-18T01:51:17.884+0000] {processor.py:925} INFO - DAG(s) 'weather_ingestion' retrieved from /opt/airflow/dags/weather_dag.py
[2026-08-18T01:51:17.920+0000] {logging_mixin.py:190} INFO - [2026-08-18T01:51:17.920+0000] {dag.py:3239} INFO - Sync 1 DAGs
[2026-08-18T01:51:17.952+0000] {logging_mixin.py:190} INFO - [2026-08-18T01:51:17.952+0000] {dag.py:4180} INFO - Setting next_dagrun for weather_ingestion to 2026-08-18 01:00:00+00:00, run_after=2026-08-18 02:00:00+00:00
[2026-08-18T01:51:17.966+0000] {processor.py:208} INFO - Processing /opt/airflow/dags/weather_dag.py took 0.168 seconds
[2026-08-18T01:51:48.245+0000] {processor.py:186} INFO - Started process (PID=8827) to work on /opt/airflow/dags/weather_dag.py
[2026-08-18T01:51:48.247+0000] {processor.py:914} INFO - Processing file /opt/airflow/dags/weather_dag.py for tasks to queue
[2026-08-18T01:51:48.253+0000] {logging_mixin.py:190} INFO - [2026-08-18T01:51:48.253+0000] {dagbag.py:588} INFO - Filling up the DagBag from /opt/airflow/dags/weather_dag.py
[2026-08-18T01:51:48.284+0000] {processor.py:925} INFO - DAG(s) 'weather_ingestion' retrieved from /opt/airflow/dags/weather_dag.py
[2026-08-18T01:51:48.319+0000] {logging_mixin.py:190} INFO - [2026-08-18T01:51:48.319+0000] {dag.py:3239} INFO - Sync 1 DAGs
[2026-08-18T01:51:48.346+0000] {logging_mixin.py:190} INFO - [2026-08-18T01:51:48.346+0000] {dag.py:4180} INFO - Setting next_dagrun for weather_ingestion to 2026-08-18 01:00:00+00:00, run_after=2026-08-18 02:00:00+00:00
[2026-08-18T01:51:48.356+0000] {processor.py:208} INFO - Processing /opt/airflow/dags/weather_dag.py took 0.130 seconds
[2026-08-18T01:52:18.549+0000] {processor.py:186} INFO - Started process (PID=8832) to work on /opt/airflow/dags/weather_dag.py
[2026-08-18T01:52:18.550+0000] {processor.py:914} INFO - Processing file /opt/airflow/dags/weather_dag.py for tasks to queue
[2026-08-18T01:52:18.553+0000] {logging_mixin.py:190} INFO - [2026-08-18T01:52:18.553+0000] {dagbag.py:588} INFO - Filling up the DagBag from /opt/airflow/dags/weather_dag.py
[2026-08-18T01:52:18.563+0000] {processor.py:925} INFO - DAG(s) 'weather_ingestion' retrieved from /opt/airflow/dags/weather_dag.py
[2026-08-18T01:52:18.581+0000] {logging_mixin.py:190} INFO - [2026-08-18T01:52:18.581+0000] {dag.py:3239} INFO - Sync 1 DAGs
[2026-08-18T01:52:18.593+0000] {logging_mixin.py:190} INFO - [2026-08-18T01:52:18.593+0000] {dag.py:4180} INFO - Setting next_dagrun for weather_ingestion to 2026-08-18 01:00:00+00:00, run_after=2026-08-18 02:00:00+00:00
[2026-08-18T01:52:18.601+0000] {processor.py:208} INFO - Processing /opt/airflow/dags/weather_dag.py took 0.059 seconds
[2026-08-18T01:52:48.990+0000] {processor.py:186} INFO - Started process (PID=8837) to work on /opt/airflow/dags/weather_dag.py
[2026-08-18T01:52:48.992+0000] {processor.py:914} INFO - Processing file /opt/airflow/dags/weather_dag.py for tasks to queue
[2026-08-18T01:52:48.996+0000] {logging_mixin.py:190} INFO - [2026-08-18T01:52:48.995+0000] {dagbag.py:588} INFO - Filling up the DagBag from /opt/airflow/dags/weather_dag.py
[2026-08-18T01:52:49.008+0000] {processor.py:925} INFO - DAG(s) 'weather_ingestion' retrieved from /opt/airflow/dags/weather_dag.py
[2026-08-18T01:52:49.027+0000] {logging_mixin.py:190} INFO - [2026-08-18T01:52:49.027+0000] {dag.py:3239} INFO - Sync 1 DAGs
[2026-08-18T01:52:49.038+0000] {logging_mixin.py:190} INFO - [2026-08-18T01:52:49.038+0000] {dag.py:4180} INFO - Setting next_dagrun for weather_ingestion to 2026-08-18 01:00:00+00:00, run_after=2026-08-18 02:00:00+00:00
[2026-08-18T01:52:49.045+0000] {processor.py:208} INFO - Processing /opt/airflow/dags/weather_dag.py took 0.061 seconds
[2026-08-18T01:53:19.361+0000] {processor.py:186} INFO - Started process (PID=8842) to work on /opt/airflow/dags/weather_dag.py
[2026-08-18T01:53:19.364+0000] {processor.py:914} INFO - Processing file /opt/airflow/dags/weather_dag.py for tasks to queue
[2026-08-18T01:53:19.368+0000] {logging_mixin.py:190} INFO - [2026-08-18T01:53:19.368+0000] {dagbag.py:588} INFO - Filling up the DagBag from /opt/airflow/dags/weather_dag.py
[2026-08-18T01:53:19.392+0000] {processor.py:925} INFO - DAG(s) 'weather_ingestion' retrieved from /opt/airflow/dags/weather_dag.py
[2026-08-18T01:53:19.431+0000] {logging_mixin.py:190} INFO - [2026-08-18T01:53:19.431+0000] {dag.py:3239} INFO - Sync 1 DAGs
[2026-08-18T01:53:19.450+0000] {logging_mixin.py:190} INFO - [2026-08-18T01:53:19.450+0000] {dag.py:4180} INFO - Setting next_dagrun for weather_ingestion to 2026-08-18 01:00:00+00:00, run_after=2026-08-18 02:00:00+00:00
[2026-08-18T01:53:19.461+0000] {processor.py:208} INFO - Processing /opt/airflow/dags/weather_dag.py took 0.110 seconds
[2026-08-18T01:53:49.599+0000] {processor.py:186} INFO - Started process (PID=8847) to work on /opt/airflow/dags/weather_dag.py
[2026-08-18T01:53:49.600+0000] {processor.py:914} INFO - Processing file /opt/airflow/dags/weather_dag.py for tasks to queue
[2026-08-18T01:53:49.603+0000] {logging_mixin.py:190} INFO - [2026-08-18T01:53:49.602+0000] {dagbag.py:588} INFO - Filling up the DagBag from /opt/airflow/dags/weather_dag.py
[2026-08-18T01:53:49.615+0000] {processor.py:925} INFO - DAG(s) 'weather_ingestion' retrieved from /opt/airflow/dags/weather_dag.py
[2026-08-18T01:53:49.645+0000] {logging_mixin.py:190} INFO - [2026-08-18T01:53:49.645+0000] {dag.py:3239} INFO - Sync 1 DAGs
[2026-08-18T01:53:49.664+0000] {logging_mixin.py:190} INFO - [2026-08-18T01:53:49.664+0000] {dag.py:4180} INFO - Setting next_dagrun for weather_ingestion to 2026-08-18 01:00:00+00:00, run_after=2026-08-18 02:00:00+00:00
[2026-08-18T01:53:49.674+0000] {processor.py:208} INFO - Processing /opt/airflow/dags/weather_dag.py took 0.083 seconds
[2026-08-18T01:54:19.847+0000] {processor.py:186} INFO - Started process (PID=8852) to work on /opt/airflow/dags/weather_dag.py
[2026-08-18T01:54:19.848+0000] {processor.py:914} INFO - Processing file /opt/airflow/dags/weather_dag.py for tasks to queue
[2026-08-18T01:54:19.849+0000] {logging_mixin.py:190} INFO - [2026-08-18T01:54:19.849+0000] {dagbag.py:588} INFO - Filling up the DagBag from /opt/airflow/dags/weather_dag.py
[2026-08-18T01:54:19.856+0000] {processor.py:925} INFO - DAG(s) 'weather_ingestion' retrieved from /opt/airflow/dags/weather_dag.py
[2026-08-18T01:54:19.876+0000] {logging_mixin.py:190} INFO - [2026-08-18T01:54:19.876+0000] {dag.py:3239} INFO - Sync 1 DAGs
[2026-08-18T01:54:19.889+0000] {logging_mixin.py:190} INFO - [2026-08-18T01:54:19.889+0000] {dag.py:4180} INFO - Setting next_dagrun for weather_ingestion to 2026-08-18 01:00:00+00:00, run_after=2026-08-18 02:00:00+00:00
[2026-08-18T01:54:19.897+0000] {processor.py:208} INFO - Processing /opt/airflow/dags/weather_dag.py took 0.054 seconds
[2026-08-18T01:54:50.078+0000] {processor.py:186} INFO - Started process (PID=8857) to work on /opt/airflow/dags/weather_dag.py
[2026-08-18T01:54:50.080+0000] {processor.py:914} INFO - Processing file /opt/airflow/dags/weather_dag.py for tasks to queue
[2026-08-18T01:54:50.083+0000] {logging_mixin.py:190} INFO - [2026-08-18T01:54:50.083+0000] {dagbag.py:588} INFO - Filling up the DagBag from /opt/airflow/dags/weather_dag.py
[2026-08-18T01:54:50.098+0000] {processor.py:925} INFO - DAG(s) 'weather_ingestion' retrieved from /opt/airflow/dags/weather_dag.py
[2026-08-18T01:54:50.118+0000] {logging_mixin.py:190} INFO - [2026-08-18T01:54:50.118+0000] {dag.py:3239} INFO - Sync 1 DAGs
[2026-08-18T01:54:50.134+0000] {logging_mixin.py:190} INFO - [2026-08-18T01:54:50.133+0000] {dag.py:4180} INFO - Setting next_dagrun for weather_ingestion to 2026-08-18 01:00:00+00:00, run_after=2026-08-18 02:00:00+00:00
[2026-08-18T01:54:50.142+0000] {processor.py:208} INFO - Processing /opt/airflow/dags/weather_dag.py took 0.074 seconds
[2026-08-18T01:55:20.353+0000] {processor.py:186} INFO - Started process (PID=8862) to work on /opt/airflow/dags/weather_dag.py
[2026-08-18T01:55:20.354+0000] {processor.py:914} INFO - Processing file /opt/airflow/dags/weather_dag.py for tasks to queue
[2026-08-18T01:55:20.357+0000] {logging_mixin.py:190} INFO - [2026-08-18T01:55:20.356+0000] {dagbag.py:588} INFO - Filling up the DagBag from /opt/airflow/dags/weather_dag.py
[2026-08-18T01:55:20.368+0000] {processor.py:925} INFO - DAG(s) 'weather_ingestion' retrieved from /opt/airflow/dags/weather_dag.py
[2026-08-18T01:55:20.386+0000] {logging_mixin.py:190} INFO - [2026-08-18T01:55:20.386+0000] {dag.py:3239} INFO - Sync 1 DAGs
[2026-08-18T01:55:20.398+0000] {logging_mixin.py:190} INFO - [2026-08-18T01:55:20.398+0000] {dag.py:4180} INFO - Setting next_dagrun for weather_ingestion to 2026-08-18 01:00:00+00:00, run_after=2026-08-18 02:00:00+00:00
[2026-08-18T01:55:20.405+0000] {processor.py:208} INFO - Processing /opt/airflow/dags/weather_dag.py took 0.059 seconds
[2026-08-18T01:55:50.660+0000] {processor.py:186} INFO - Started process (PID=8867) to work on /opt/airflow/dags/weather_dag.py
[2026-08-18T01:55:50.662+0000] {processor.py:914} INFO - Processing file /opt/airflow/dags/weather_dag.py for tasks to queue
[2026-08-18T01:55:50.665+0000] {logging_mixin.py:190} INFO - [2026-08-18T01:55:50.664+0000] {dagbag.py:588} INFO - Filling up the DagBag from /opt/airflow/dags/weather_dag.py
[2026-08-18T01:55:50.676+0000] {processor.py:925} INFO - DAG(s) 'weather_ingestion' retrieved from /opt/airflow/dags/weather_dag.py
[2026-08-18T01:55:50.694+0000] {logging_mixin.py:190} INFO - [2026-08-18T01:55:50.694+0000] {dag.py:3239} INFO - Sync 1 DAGs
[2026-08-18T01:55:50.706+0000] {logging_mixin.py:190} INFO - [2026-08-18T01:55:50.706+0000] {dag.py:4180} INFO - Setting next_dagrun for weather_ingestion to 2026-08-18 01:00:00+00:00, run_after=2026-08-18 02:00:00+00:00
[2026-08-18T01:55:50.714+0000] {processor.py:208} INFO - Processing /opt/airflow/dags/weather_dag.py took 0.061 seconds
[2026-08-18T01:56:21.140+0000] {processor.py:186} INFO - Started process (PID=8872) to work on /opt/airflow/dags/weather_dag.py
[2026-08-18T01:56:21.141+0000] {processor.py:914} INFO - Processing file /opt/airflow/dags/weather_dag.py for tasks to queue
[2026-08-18T01:56:21.144+0000] {logging_mixin.py:190} INFO - [2026-08-18T01:56:21.144+0000] {dagbag.py:588} INFO - Filling up the DagBag from /opt/airflow/dags/weather_dag.py
[2026-08-18T01:56:21.155+0000] {processor.py:925} INFO - DAG(s) 'weather_ingestion' retrieved from /opt/airflow/dags/weather_dag.py
[2026-08-18T01:56:21.173+0000] {logging_mixin.py:190} INFO - [2026-08-18T01:56:21.173+0000] {dag.py:3239} INFO - Sync 1 DAGs
[2026-08-18T01:56:21.185+0000] {logging_mixin.py:190} INFO - [2026-08-18T01:56:21.185+0000] {dag.py:4180} INFO - Setting next_dagrun for weather_ingestion to 2026-08-18 01:00:00+00:00, run_after=2026-08-18 02:00:00+00:00
[2026-08-18T01:56:21.193+0000] {processor.py:208} INFO - Processing /opt/airflow/dags/weather_dag.py took 0.059 seconds
[2026-08-18T01:56:51.440+0000] {processor.py:186} INFO - Started process (PID=8877) to work on /opt/airflow/dags/weather_dag.py
[2026-08-18T01:56:51.442+0000] {processor.py:914} INFO - Processing file /opt/airflow/dags/weather_dag.py for tasks to queue
[2026-08-18T01:56:51.444+0000] {logging_mixin.py:190} INFO - [2026-08-18T01:56:51.443+0000] {dagbag.py:588} INFO - Filling up the DagBag from /opt/airflow/dags/weather_dag.py
[2026-08-18T01:56:51.454+0000] {processor.py:925} INFO - DAG(s) 'weather_ingestion' retrieved from /opt/airflow/dags/weather_dag.py
[2026-08-18T01:56:51.473+0000] {logging_mixin.py:190} INFO - [2026-08-18T01:56:51.473+0000] {dag.py:3239} INFO - Sync 1 DAGs
[2026-08-18T01:56:51.484+0000] {logging_mixin.py:190} INFO - [2026-08-18T01:56:51.484+0000] {dag.py:4180} INFO - Setting next_dagrun for weather_ingestion to 2026-08-18 01:00:00+00:00, run_after=2026-08-18 02:00:00+00:00
[2026-08-18T01:56:51.491+0000] {processor.py:208} INFO - Processing /opt/airflow/dags/weather_dag.py took 0.058 seconds
[2026-08-18T01:57:21.779+0000] {processor.py:186} INFO - Started process (PID=8882) to work on /opt/airflow/dags/weather_dag.py
[2026-08-18T01:57:21.781+0000] {processor.py:914} INFO - Processing file /opt/airflow/dags/weather_dag.py for tasks to queue
[2026-08-18T01:57:21.783+0000] {logging_mixin.py:190} INFO - [2026-08-18T01:57:21.783+0000] {dagbag.py:588} INFO - Filling up the DagBag from /opt/airflow/dags/weather_dag.py
[2026-08-18T01:57:21.794+0000] {processor.py:925} INFO - DAG(s) 'weather_ingestion' retrieved from /opt/airflow/dags/weather_dag.py
[2026-08-18T01:57:21.816+0000] {logging_mixin.py:190} INFO - [2026-08-18T01:57:21.815+0000] {dag.py:3239} INFO - Sync 1 DAGs
[2026-08-18T01:57:21.830+0000] {logging_mixin.py:190} INFO - [2026-08-18T01:57:21.830+0000] {dag.py:4180} INFO - Setting next_dagrun for weather_ingestion to 2026-08-18 01:00:00+00:00, run_after=2026-08-18 02:00:00+00:00
[2026-08-18T01:57:21.840+0000] {processor.py:208} INFO - Processing /opt/airflow/dags/weather_dag.py took 0.068 seconds
[2026-08-18T01:57:52.114+0000] {processor.py:186} INFO - Started process (PID=8887) to work on /opt/airflow/dags/weather_dag.py
[2026-08-18T01:57:52.117+0000] {processor.py:914} INFO - Processing file /opt/airflow/dags/weather_dag.py for tasks to queue
[2026-08-18T01:57:52.119+0000] {logging_mixin.py:190} INFO - [2026-08-18T01:57:52.119+0000] {dagbag.py:588} INFO - Filling up the DagBag from /opt/airflow/dags/weather_dag.py
[2026-08-18T01:57:52.130+0000] {processor.py:925} INFO - DAG(s) 'weather_ingestion' retrieved from /opt/airflow/dags/weather_dag.py
[2026-08-18T01:57:52.148+0000] {logging_mixin.py:190} INFO - [2026-08-18T01:57:52.148+0000] {dag.py:3239} INFO - Sync 1 DAGs
[2026-08-18T01:57:52.160+0000] {logging_mixin.py:190} INFO - [2026-08-18T01:57:52.160+0000] {dag.py:4180} INFO - Setting next_dagrun for weather_ingestion to 2026-08-18 01:00:00+00:00, run_after=2026-08-18 02:00:00+00:00
[2026-08-18T01:57:52.167+0000] {processor.py:208} INFO - Processing /opt/airflow/dags/weather_dag.py took 0.062 seconds
[2026-08-18T01:58:22.431+0000] {processor.py:186} INFO - Started process (PID=8892) to work on /opt/airflow/dags/weather_dag.py
[2026-08-18T01:58:22.434+0000] {processor.py:914} INFO - Processing file /opt/airflow/dags/weather_dag.py for tasks to queue
[2026-08-18T01:58:22.440+0000] {logging_mixin.py:190} INFO - [2026-08-18T01:58:22.439+0000] {dagbag.py:588} INFO - Filling up the DagBag from /opt/airflow/dags/weather_dag.py
[2026-08-18T01:58:22.468+0000] {processor.py:925} INFO - DAG(s) 'weather_ingestion' retrieved from /opt/airflow/dags/weather_dag.py
[2026-08-18T01:58:22.499+0000] {logging_mixin.py:190} INFO - [2026-08-18T01:58:22.499+0000] {dag.py:3239} INFO - Sync 1 DAGs
[2026-08-18T01:58:22.518+0000] {logging_mixin.py:190} INFO - [2026-08-18T01:58:22.518+0000] {dag.py:4180} INFO - Setting next_dagrun for weather_ingestion to 2026-08-18 01:00:00+00:00, run_after=2026-08-18 02:00:00+00:00
[2026-08-18T01:58:22.528+0000] {processor.py:208} INFO - Processing /opt/airflow/dags/weather_dag.py took 0.106 seconds
[2026-08-18T01:58:52.743+0000] {processor.py:186} INFO - Started process (PID=8897) to work on /opt/airflow/dags/weather_dag.py
[2026-08-18T01:58:52.745+0000] {processor.py:914} INFO - Processing file /opt/airflow/dags/weather_dag.py for tasks to queue
[2026-08-18T01:58:52.747+0000] {logging_mixin.py:190} INFO - [2026-08-18T01:58:52.747+0000] {dagbag.py:588} INFO - Filling up the DagBag from /opt/airflow/dags/weather_dag.py
[2026-08-18T01:58:52.758+0000] {processor.py:925} INFO - DAG(s) 'weather_ingestion' retrieved from /opt/airflow/dags/weather_dag.py
[2026-08-18T01:58:52.775+0000] {logging_mixin.py:190} INFO - [2026-08-18T01:58:52.775+0000] {dag.py:3239} INFO - Sync 1 DAGs
[2026-08-18T01:58:52.788+0000] {logging_mixin.py:190} INFO - [2026-08-18T01:58:52.788+0000] {dag.py:4180} INFO - Setting next_dagrun for weather_ingestion to 2026-08-18 01:00:00+00:00, run_after=2026-08-18 02:00:00+00:00
[2026-08-18T01:58:52.795+0000] {processor.py:208} INFO - Processing /opt/airflow/dags/weather_dag.py took 0.060 seconds
[2026-08-18T01:59:23.072+0000] {processor.py:186} INFO - Started process (PID=8902) to work on /opt/airflow/dags/weather_dag.py
[2026-08-18T01:59:23.074+0000] {processor.py:914} INFO - Processing file /opt/airflow/dags/weather_dag.py for tasks to queue
[2026-08-18T01:59:23.077+0000] {logging_mixin.py:190} INFO - [2026-08-18T01:59:23.076+0000] {dagbag.py:588} INFO - Filling up the DagBag from /opt/airflow/dags/weather_dag.py
[2026-08-18T01:59:23.089+0000] {processor.py:925} INFO - DAG(s) 'weather_ingestion' retrieved from /opt/airflow/dags/weather_dag.py
[2026-08-18T01:59:23.108+0000] {logging_mixin.py:190} INFO - [2026-08-18T01:59:23.108+0000] {dag.py:3239} INFO - Sync 1 DAGs
[2026-08-18T01:59:23.121+0000] {logging_mixin.py:190} INFO - [2026-08-18T01:59:23.121+0000] {dag.py:4180} INFO - Setting next_dagrun for weather_ingestion to 2026-08-18 01:00:00+00:00, run_after=2026-08-18 02:00:00+00:00
[2026-08-18T01:59:23.129+0000] {processor.py:208} INFO - Processing /opt/airflow/dags/weather_dag.py took 0.065 seconds
[2026-08-18T01:59:53.397+0000] {processor.py:186} INFO - Started process (PID=8907) to work on /opt/airflow/dags/weather_dag.py
[2026-08-18T01:59:53.398+0000] {processor.py:914} INFO - Processing file /opt/airflow/dags/weather_dag.py for tasks to queue
[2026-08-18T01:59:53.401+0000] {logging_mixin.py:190} INFO - [2026-08-18T01:59:53.401+0000] {dagbag.py:588} INFO - Filling up the DagBag from /opt/airflow/dags/weather_dag.py
[2026-08-18T01:59:53.413+0000] {processor.py:925} INFO - DAG(s) 'weather_ingestion' retrieved from /opt/airflow/dags/weather_dag.py
[2026-08-18T01:59:53.432+0000] {logging_mixin.py:190} INFO - [2026-08-18T01:59:53.432+0000] {dag.py:3239} INFO - Sync 1 DAGs
[2026-08-18T01:59:53.446+0000] {logging_mixin.py:190} INFO - [2026-08-18T01:59:53.446+0000] {dag.py:4180} INFO - Setting next_dagrun for weather_ingestion to 2026-08-18 01:00:00+00:00, run_after=2026-08-18 02:00:00+00:00
[2026-08-18T01:59:53.454+0000] {processor.py:208} INFO - Processing /opt/airflow/dags/weather_dag.py took 0.064 seconds
[2026-08-18T02:00:23.715+0000] {processor.py:186} INFO - Started process (PID=8920) to work on /opt/airflow/dags/weather_dag.py
[2026-08-18T02:00:23.717+0000] {processor.py:914} INFO - Processing file /opt/airflow/dags/weather_dag.py for tasks to queue
[2026-08-18T02:00:23.721+0000] {logging_mixin.py:190} INFO - [2026-08-18T02:00:23.721+0000] {dagbag.py:588} INFO - Filling up the DagBag from /opt/airflow/dags/weather_dag.py
[2026-08-18T02:00:23.738+0000] {processor.py:925} INFO - DAG(s) 'weather_ingestion' retrieved from /opt/airflow/dags/weather_dag.py
[2026-08-18T02:00:23.763+0000] {logging_mixin.py:190} INFO - [2026-08-18T02:00:23.762+0000] {dag.py:3239} INFO - Sync 1 DAGs
[2026-08-18T02:00:23.778+0000] {logging_mixin.py:190} INFO - [2026-08-18T02:00:23.778+0000] {dag.py:4180} INFO - Setting next_dagrun for weather_ingestion to 2026-08-18 02:00:00+00:00, run_after=2026-08-18 03:00:00+00:00
[2026-08-18T02:00:23.787+0000] {processor.py:208} INFO - Processing /opt/airflow/dags/weather_dag.py took 0.082 seconds
[2026-08-18T02:00:54.136+0000] {processor.py:186} INFO - Started process (PID=8925) to work on /opt/airflow/dags/weather_dag.py
[2026-08-18T02:00:54.137+0000] {processor.py:914} INFO - Processing file /opt/airflow/dags/weather_dag.py for tasks to queue
[2026-08-18T02:00:54.141+0000] {logging_mixin.py:190} INFO - [2026-08-18T02:00:54.141+0000] {dagbag.py:588} INFO - Filling up the DagBag from /opt/airflow/dags/weather_dag.py
[2026-08-18T02:00:54.167+0000] {processor.py:925} INFO - DAG(s) 'weather_ingestion' retrieved from /opt/airflow/dags/weather_dag.py
[2026-08-18T02:00:54.208+0000] {logging_mixin.py:190} INFO - [2026-08-18T02:00:54.208+0000] {dag.py:3239} INFO - Sync 1 DAGs
[2026-08-18T02:00:54.233+0000] {logging_mixin.py:190} INFO - [2026-08-18T02:00:54.233+0000] {dag.py:4180} INFO - Setting next_dagrun for weather_ingestion to 2026-08-18 02:00:00+00:00, run_after=2026-08-18 03:00:00+00:00
[2026-08-18T02:00:54.248+0000] {processor.py:208} INFO - Processing /opt/airflow/dags/weather_dag.py took 0.120 seconds
[2026-08-18T02:01:24.432+0000] {processor.py:186} INFO - Started process (PID=8930) to work on /opt/airflow/dags/weather_dag.py
[2026-08-18T02:01:24.434+0000] {processor.py:914} INFO - Processing file /opt/airflow/dags/weather_dag.py for tasks to queue
[2026-08-18T02:01:24.438+0000] {logging_mixin.py:190} INFO - [2026-08-18T02:01:24.437+0000] {dagbag.py:588} INFO - Filling up the DagBag from /opt/airflow/dags/weather_dag.py
[2026-08-18T02:01:24.456+0000] {processor.py:925} INFO - DAG(s) 'weather_ingestion' retrieved from /opt/airflow/dags/weather_dag.py
[2026-08-18T02:01:24.482+0000] {logging_mixin.py:190} INFO - [2026-08-18T02:01:24.482+0000] {dag.py:3239} INFO - Sync 1 DAGs
[2026-08-18T02:01:24.500+0000] {logging_mixin.py:190} INFO - [2026-08-18T02:01:24.500+0000] {dag.py:4180} INFO - Setting next_dagrun for weather_ingestion to 2026-08-18 02:00:00+00:00, run_after=2026-08-18 03:00:00+00:00
[2026-08-18T02:01:24.509+0000] {processor.py:208} INFO - Processing /opt/airflow/dags/weather_dag.py took 0.095 seconds
[2026-08-18T02:01:54.724+0000] {processor.py:186} INFO - Started process (PID=8935) to work on /opt/airflow/dags/weather_dag.py
[2026-08-18T02:01:54.725+0000] {processor.py:914} INFO - Processing file /opt/airflow/dags/weather_dag.py for tasks to queue
[2026-08-18T02:01:54.727+0000] {logging_mixin.py:190} INFO - [2026-08-18T02:01:54.727+0000] {dagbag.py:588} INFO - Filling up the DagBag from /opt/airflow/dags/weather_dag.py
[2026-08-18T02:01:54.735+0000] {processor.py:925} INFO - DAG(s) 'weather_ingestion' retrieved from /opt/airflow/dags/weather_dag.py
[2026-08-18T02:01:54.760+0000] {logging_mixin.py:190} INFO - [2026-08-18T02:01:54.760+0000] {dag.py:3239} INFO - Sync 1 DAGs
[2026-08-18T02:01:54.780+0000] {logging_mixin.py:190} INFO - [2026-08-18T02:01:54.780+0000] {dag.py:4180} INFO - Setting next_dagrun for weather_ingestion to 2026-08-18 02:00:00+00:00, run_after=2026-08-18 03:00:00+00:00
[2026-08-18T02:01:54.790+0000] {processor.py:208} INFO - Processing /opt/airflow/dags/weather_dag.py took 0.071 seconds
[2026-08-18T02:02:24.976+0000] {processor.py:186} INFO - Started process (PID=8948) to work on /opt/airflow/dags/weather_dag.py
[2026-08-18T02:02:24.977+0000] {processor.py:914} INFO - Processing file /opt/airflow/dags/weather_dag.py for tasks to queue
[2026-08-18T02:02:24.981+0000] {logging_mixin.py:190} INFO - [2026-08-18T02:02:24.980+0000] {dagbag.py:588} INFO - Filling up the DagBag from /opt/airflow/dags/weather_dag.py
[2026-08-18T02:02:24.991+0000] {processor.py:925} INFO - DAG(s) 'weather_ingestion' retrieved from /opt/airflow/dags/weather_dag.py
[2026-08-18T02:02:25.010+0000] {logging_mixin.py:190} INFO - [2026-08-18T02:02:25.010+0000] {dag.py:3239} INFO - Sync 1 DAGs
[2026-08-18T02:02:25.025+0000] {logging_mixin.py:190} INFO - [2026-08-18T02:02:25.025+0000] {dag.py:4180} INFO - Setting next_dagrun for weather_ingestion to 2026-08-18 02:00:00+00:00, run_after=2026-08-18 03:00:00+00:00
[2026-08-18T02:02:25.033+0000] {processor.py:208} INFO - Processing /opt/airflow/dags/weather_dag.py took 0.064 seconds
[2026-08-18T02:02:55.247+0000] {processor.py:186} INFO - Started process (PID=8953) to work on /opt/airflow/dags/weather_dag.py
[2026-08-18T02:02:55.248+0000] {processor.py:914} INFO - Processing file /opt/airflow/dags/weather_dag.py for tasks to queue
[2026-08-18T02:02:55.250+0000] {logging_mixin.py:190} INFO - [2026-08-18T02:02:55.250+0000] {dagbag.py:588} INFO - Filling up the DagBag from /opt/airflow/dags/weather_dag.py
[2026-08-18T02:02:55.262+0000] {processor.py:925} INFO - DAG(s) 'weather_ingestion' retrieved from /opt/airflow/dags/weather_dag.py
[2026-08-18T02:02:55.281+0000] {logging_mixin.py:190} INFO - [2026-08-18T02:02:55.280+0000] {dag.py:3239} INFO - Sync 1 DAGs
[2026-08-18T02:02:55.292+0000] {logging_mixin.py:190} INFO - [2026-08-18T02:02:55.292+0000] {dag.py:4180} INFO - Setting next_dagrun for weather_ingestion to 2026-08-18 02:00:00+00:00, run_after=2026-08-18 03:00:00+00:00
[2026-08-18T02:02:55.299+0000] {processor.py:208} INFO - Processing /opt/airflow/dags/weather_dag.py took 0.057 seconds
[2026-08-18T02:03:25.556+0000] {processor.py:186} INFO - Started process (PID=8958) to work on /opt/airflow/dags/weather_dag.py
[2026-08-18T02:03:25.558+0000] {processor.py:914} INFO - Processing file /opt/airflow/dags/weather_dag.py for tasks to queue
[2026-08-18T02:03:25.562+0000] {logging_mixin.py:190} INFO - [2026-08-18T02:03:25.561+0000] {dagbag.py:588} INFO - Filling up the DagBag from /opt/airflow/dags/weather_dag.py
[2026-08-18T02:03:25.578+0000] {processor.py:925} INFO - DAG(s) 'weather_ingestion' retrieved from /opt/airflow/dags/weather_dag.py
[2026-08-18T02:03:25.601+0000] {logging_mixin.py:190} INFO - [2026-08-18T02:03:25.601+0000] {dag.py:3239} INFO - Sync 1 DAGs
[2026-08-18T02:03:25.626+0000] {logging_mixin.py:190} INFO - [2026-08-18T02:03:25.625+0000] {dag.py:4180} INFO - Setting next_dagrun for weather_ingestion to 2026-08-18 02:00:00+00:00, run_after=2026-08-18 03:00:00+00:00
[2026-08-18T02:03:25.635+0000] {processor.py:208} INFO - Processing /opt/airflow/dags/weather_dag.py took 0.086 seconds
[2026-08-18T02:03:55.851+0000] {processor.py:186} INFO - Started process (PID=8963) to work on /opt/airflow/dags/weather_dag.py
[2026-08-18T02:03:55.852+0000] {processor.py:914} INFO - Processing file /opt/airflow/dags/weather_dag.py for tasks to queue
[2026-08-18T02:03:55.855+0000] {logging_mixin.py:190} INFO - [2026-08-18T02:03:55.855+0000] {dagbag.py:588} INFO - Filling up the DagBag from /opt/airflow/dags/weather_dag.py
[2026-08-18T02:03:55.866+0000] {processor.py:925} INFO - DAG(s) 'weather_ingestion' retrieved from /opt/airflow/dags/weather_dag.py
[2026-08-18T02:03:55.884+0000] {logging_mixin.py:190} INFO - [2026-08-18T02:03:55.884+0000] {dag.py:3239} INFO - Sync 1 DAGs
[2026-08-18T02:03:55.896+0000] {logging_mixin.py:190} INFO - [2026-08-18T02:03:55.896+0000] {dag.py:4180} INFO - Setting next_dagrun for weather_ingestion to 2026-08-18 02:00:00+00:00, run_after=2026-08-18 03:00:00+00:00
[2026-08-18T02:03:55.903+0000] {processor.py:208} INFO - Processing /opt/airflow/dags/weather_dag.py took 0.058 seconds
[2026-08-18T02:04:26.224+0000] {processor.py:186} INFO - Started process (PID=8968) to work on /opt/airflow/dags/weather_dag.py
[2026-08-18T02:04:26.228+0000] {processor.py:914} INFO - Processing file /opt/airflow/dags/weather_dag.py for tasks to queue
[2026-08-18T02:04:26.237+0000] {logging_mixin.py:190} INFO - [2026-08-18T02:04:26.236+0000] {dagbag.py:588} INFO - Filling up the DagBag from /opt/airflow/dags/weather_dag.py
[2026-08-18T02:04:26.269+0000] {processor.py:925} INFO - DAG(s) 'weather_ingestion' retrieved from /opt/airflow/dags/weather_dag.py
[2026-08-18T02:04:26.300+0000] {logging_mixin.py:190} INFO - [2026-08-18T02:04:26.300+0000] {dag.py:3239} INFO - Sync 1 DAGs
[2026-08-18T02:04:26.319+0000] {logging_mixin.py:190} INFO - [2026-08-18T02:04:26.319+0000] {dag.py:4180} INFO - Setting next_dagrun for weather_ingestion to 2026-08-18 02:00:00+00:00, run_after=2026-08-18 03:00:00+00:00
[2026-08-18T02:04:26.329+0000] {processor.py:208} INFO - Processing /opt/airflow/dags/weather_dag.py took 0.132 seconds
[2026-08-18T02:04:56.519+0000] {processor.py:186} INFO - Started process (PID=8973) to work on /opt/airflow/dags/weather_dag.py
[2026-08-18T02:04:56.521+0000] {processor.py:914} INFO - Processing file /opt/airflow/dags/weather_dag.py for tasks to queue
[2026-08-18T02:04:56.523+0000] {logging_mixin.py:190} INFO - [2026-08-18T02:04:56.522+0000] {dagbag.py:588} INFO - Filling up the DagBag from /opt/airflow/dags/weather_dag.py
[2026-08-18T02:04:56.533+0000] {processor.py:925} INFO - DAG(s) 'weather_ingestion' retrieved from /opt/airflow/dags/weather_dag.py
[2026-08-18T02:04:56.551+0000] {logging_mixin.py:190} INFO - [2026-08-18T02:04:56.551+0000] {dag.py:3239} INFO - Sync 1 DAGs
[2026-08-18T02:04:56.562+0000] {logging_mixin.py:190} INFO - [2026-08-18T02:04:56.562+0000] {dag.py:4180} INFO - Setting next_dagrun for weather_ingestion to 2026-08-18 02:00:00+00:00, run_after=2026-08-18 03:00:00+00:00
[2026-08-18T02:04:56.569+0000] {processor.py:208} INFO - Processing /opt/airflow/dags/weather_dag.py took 0.061 seconds
[2026-08-18T02:05:26.850+0000] {processor.py:186} INFO - Started process (PID=8978) to work on /opt/airflow/dags/weather_dag.py
[2026-08-18T02:05:26.852+0000] {processor.py:914} INFO - Processing file /opt/airflow/dags/weather_dag.py for tasks to queue
[2026-08-18T02:05:26.854+0000] {logging_mixin.py:190} INFO - [2026-08-18T02:05:26.854+0000] {dagbag.py:588} INFO - Filling up the DagBag from /opt/airflow/dags/weather_dag.py
[2026-08-18T02:05:26.865+0000] {processor.py:925} INFO - DAG(s) 'weather_ingestion' retrieved from /opt/airflow/dags/weather_dag.py
[2026-08-18T02:05:26.882+0000] {logging_mixin.py:190} INFO - [2026-08-18T02:05:26.882+0000] {dag.py:3239} INFO - Sync 1 DAGs
[2026-08-18T02:05:26.895+0000] {logging_mixin.py:190} INFO - [2026-08-18T02:05:26.895+0000] {dag.py:4180} INFO - Setting next_dagrun for weather_ingestion to 2026-08-18 02:00:00+00:00, run_after=2026-08-18 03:00:00+00:00
[2026-08-18T02:05:26.902+0000] {processor.py:208} INFO - Processing /opt/airflow/dags/weather_dag.py took 0.058 seconds
[2026-08-18T02:05:57.157+0000] {processor.py:186} INFO - Started process (PID=8983) to work on /opt/airflow/dags/weather_dag.py
[2026-08-18T02:05:57.159+0000] {processor.py:914} INFO - Processing file /opt/airflow/dags/weather_dag.py for tasks to queue
[2026-08-18T02:05:57.161+0000] {logging_mixin.py:190} INFO - [2026-08-18T02:05:57.161+0000] {dagbag.py:588} INFO - Filling up the DagBag from /opt/airflow/dags/weather_dag.py
[2026-08-18T02:05:57.172+0000] {processor.py:925} INFO - DAG(s) 'weather_ingestion' retrieved from /opt/airflow/dags/weather_dag.py
[2026-08-18T02:05:57.189+0000] {logging_mixin.py:190} INFO - [2026-08-18T02:05:57.189+0000] {dag.py:3239} INFO - Sync 1 DAGs
[2026-08-18T02:05:57.200+0000] {logging_mixin.py:190} INFO - [2026-08-18T02:05:57.200+0000] {dag.py:4180} INFO - Setting next_dagrun for weather_ingestion to 2026-08-18 02:00:00+00:00, run_after=2026-08-18 03:00:00+00:00
[2026-08-18T02:05:57.208+0000] {processor.py:208} INFO - Processing /opt/airflow/dags/weather_dag.py took 0.059 seconds
[2026-08-18T02:06:27.460+0000] {processor.py:186} INFO - Started process (PID=8988) to work on /opt/airflow/dags/weather_dag.py
[2026-08-18T02:06:27.462+0000] {processor.py:914} INFO - Processing file /opt/airflow/dags/weather_dag.py for tasks to queue
[2026-08-18T02:06:27.465+0000] {logging_mixin.py:190} INFO - [2026-08-18T02:06:27.465+0000] {dagbag.py:588} INFO - Filling up the DagBag from /opt/airflow/dags/weather_dag.py
[2026-08-18T02:06:27.484+0000] {processor.py:925} INFO - DAG(s) 'weather_ingestion' retrieved from /opt/airflow/dags/weather_dag.py
[2026-08-18T02:06:27.504+0000] {logging_mixin.py:190} INFO - [2026-08-18T02:06:27.504+0000] {dag.py:3239} INFO - Sync 1 DAGs
[2026-08-18T02:06:27.516+0000] {logging_mixin.py:190} INFO - [2026-08-18T02:06:27.516+0000] {dag.py:4180} INFO - Setting next_dagrun for weather_ingestion to 2026-08-18 02:00:00+00:00, run_after=2026-08-18 03:00:00+00:00
[2026-08-18T02:06:27.524+0000] {processor.py:208} INFO - Processing /opt/airflow/dags/weather_dag.py took 0.071 seconds
[2026-08-18T02:06:57.735+0000] {processor.py:186} INFO - Started process (PID=8993) to work on /opt/airflow/dags/weather_dag.py
[2026-08-18T02:06:57.737+0000] {processor.py:914} INFO - Processing file /opt/airflow/dags/weather_dag.py for tasks to queue
[2026-08-18T02:06:57.740+0000] {logging_mixin.py:190} INFO - [2026-08-18T02:06:57.740+0000] {dagbag.py:588} INFO - Filling up the DagBag from /opt/airflow/dags/weather_dag.py
[2026-08-18T02:06:57.751+0000] {processor.py:925} INFO - DAG(s) 'weather_ingestion' retrieved from /opt/airflow/dags/weather_dag.py
[2026-08-18T02:06:57.770+0000] {logging_mixin.py:190} INFO - [2026-08-18T02:06:57.770+0000] {dag.py:3239} INFO - Sync 1 DAGs
[2026-08-18T02:06:57.782+0000] {logging_mixin.py:190} INFO - [2026-08-18T02:06:57.782+0000] {dag.py:4180} INFO - Setting next_dagrun for weather_ingestion to 2026-08-18 02:00:00+00:00, run_after=2026-08-18 03:00:00+00:00
[2026-08-18T02:06:57.788+0000] {processor.py:208} INFO - Processing /opt/airflow/dags/weather_dag.py took 0.061 seconds
[2026-08-18T02:07:28.050+0000] {processor.py:186} INFO - Started process (PID=9361) to work on /opt/airflow/dags/weather_dag.py
[2026-08-18T02:07:28.052+0000] {processor.py:914} INFO - Processing file /opt/airflow/dags/weather_dag.py for tasks to queue
[2026-08-18T02:07:28.057+0000] {logging_mixin.py:190} INFO - [2026-08-18T02:07:28.057+0000] {dagbag.py:588} INFO - Filling up the DagBag from /opt/airflow/dags/weather_dag.py
[2026-08-18T02:07:28.075+0000] {processor.py:925} INFO - DAG(s) 'weather_ingestion' retrieved from /opt/airflow/dags/weather_dag.py
[2026-08-18T02:07:28.096+0000] {logging_mixin.py:190} INFO - [2026-08-18T02:07:28.095+0000] {dag.py:3239} INFO - Sync 1 DAGs
[2026-08-18T02:07:28.108+0000] {logging_mixin.py:190} INFO - [2026-08-18T02:07:28.108+0000] {dag.py:4180} INFO - Setting next_dagrun for weather_ingestion to 2026-08-18 02:00:00+00:00, run_after=2026-08-18 03:00:00+00:00
[2026-08-18T02:07:28.116+0000] {processor.py:208} INFO - Processing /opt/airflow/dags/weather_dag.py took 0.076 seconds
[2026-08-18T02:07:58.362+0000] {processor.py:186} INFO - Started process (PID=9410) to work on /opt/airflow/dags/weather_dag.py
[2026-08-18T02:07:58.364+0000] {processor.py:914} INFO - Processing file /opt/airflow/dags/weather_dag.py for tasks to queue
[2026-08-18T02:07:58.368+0000] {logging_mixin.py:190} INFO - [2026-08-18T02:07:58.368+0000] {dagbag.py:588} INFO - Filling up the DagBag from /opt/airflow/dags/weather_dag.py
[2026-08-18T02:07:58.382+0000] {processor.py:925} INFO - DAG(s) 'weather_ingestion' retrieved from /opt/airflow/dags/weather_dag.py
[2026-08-18T02:07:58.406+0000] {logging_mixin.py:190} INFO - [2026-08-18T02:07:58.406+0000] {dag.py:3239} INFO - Sync 1 DAGs
[2026-08-18T02:07:58.420+0000] {logging_mixin.py:190} INFO - [2026-08-18T02:07:58.420+0000] {dag.py:4180} INFO - Setting next_dagrun for weather_ingestion to 2026-08-18 02:00:00+00:00, run_after=2026-08-18 03:00:00+00:00
[2026-08-18T02:07:58.429+0000] {processor.py:208} INFO - Processing /opt/airflow/dags/weather_dag.py took 0.074 seconds
[2026-08-18T02:08:28.734+0000] {processor.py:186} INFO - Started process (PID=9415) to work on /opt/airflow/dags/weather_dag.py
[2026-08-18T02:08:28.737+0000] {processor.py:914} INFO - Processing file /opt/airflow/dags/weather_dag.py for tasks to queue
[2026-08-18T02:08:28.741+0000] {logging_mixin.py:190} INFO - [2026-08-18T02:08:28.740+0000] {dagbag.py:588} INFO - Filling up the DagBag from /opt/airflow/dags/weather_dag.py
[2026-08-18T02:08:28.760+0000] {processor.py:925} INFO - DAG(s) 'weather_ingestion' retrieved from /opt/airflow/dags/weather_dag.py
[2026-08-18T02:08:28.811+0000] {logging_mixin.py:190} INFO - [2026-08-18T02:08:28.810+0000] {dag.py:3239} INFO - Sync 1 DAGs
[2026-08-18T02:08:28.834+0000] {logging_mixin.py:190} INFO - [2026-08-18T02:08:28.834+0000] {dag.py:4180} INFO - Setting next_dagrun for weather_ingestion to 2026-08-18 02:00:00+00:00, run_after=2026-08-18 03:00:00+00:00
[2026-08-18T02:08:28.846+0000] {processor.py:208} INFO - Processing /opt/airflow/dags/weather_dag.py took 0.121 seconds
[2026-08-18T02:08:59.049+0000] {processor.py:186} INFO - Started process (PID=9420) to work on /opt/airflow/dags/weather_dag.py
[2026-08-18T02:08:59.051+0000] {processor.py:914} INFO - Processing file /opt/airflow/dags/weather_dag.py for tasks to queue
[2026-08-18T02:08:59.053+0000] {logging_mixin.py:190} INFO - [2026-08-18T02:08:59.053+0000] {dagbag.py:588} INFO - Filling up the DagBag from /opt/airflow/dags/weather_dag.py
[2026-08-18T02:08:59.065+0000] {processor.py:925} INFO - DAG(s) 'weather_ingestion' retrieved from /opt/airflow/dags/weather_dag.py
[2026-08-18T02:08:59.085+0000] {logging_mixin.py:190} INFO - [2026-08-18T02:08:59.085+0000] {dag.py:3239} INFO - Sync 1 DAGs
[2026-08-18T02:08:59.096+0000] {logging_mixin.py:190} INFO - [2026-08-18T02:08:59.096+0000] {dag.py:4180} INFO - Setting next_dagrun for weather_ingestion to 2026-08-18 02:00:00+00:00, run_after=2026-08-18 03:00:00+00:00
[2026-08-18T02:08:59.103+0000] {processor.py:208} INFO - Processing /opt/airflow/dags/weather_dag.py took 0.062 seconds
[2026-08-18T02:09:29.388+0000] {processor.py:186} INFO - Started process (PID=9425) to work on /opt/airflow/dags/weather_dag.py
[2026-08-18T02:09:29.390+0000] {processor.py:914} INFO - Processing file /opt/airflow/dags/weather_dag.py for tasks to queue
[2026-08-18T02:09:29.392+0000] {logging_mixin.py:190} INFO - [2026-08-18T02:09:29.392+0000] {dagbag.py:588} INFO - Filling up the DagBag from /opt/airflow/dags/weather_dag.py
[2026-08-18T02:09:29.404+0000] {processor.py:925} INFO - DAG(s) 'weather_ingestion' retrieved from /opt/airflow/dags/weather_dag.py
[2026-08-18T02:09:29.425+0000] {logging_mixin.py:190} INFO - [2026-08-18T02:09:29.425+0000] {dag.py:3239} INFO - Sync 1 DAGs
[2026-08-18T02:09:29.441+0000] {logging_mixin.py:190} INFO - [2026-08-18T02:09:29.441+0000] {dag.py:4180} INFO - Setting next_dagrun for weather_ingestion to 2026-08-18 02:00:00+00:00, run_after=2026-08-18 03:00:00+00:00
[2026-08-18T02:09:29.449+0000] {processor.py:208} INFO - Processing /opt/airflow/dags/weather_dag.py took 0.069 seconds
[2026-08-18T02:09:59.664+0000] {processor.py:186} INFO - Started process (PID=9430) to work on /opt/airflow/dags/weather_dag.py
[2026-08-18T02:09:59.665+0000] {processor.py:914} INFO - Processing file /opt/airflow/dags/weather_dag.py for tasks to queue
[2026-08-18T02:09:59.667+0000] {logging_mixin.py:190} INFO - [2026-08-18T02:09:59.667+0000] {dagbag.py:588} INFO - Filling up the DagBag from /opt/airflow/dags/weather_dag.py
[2026-08-18T02:09:59.677+0000] {processor.py:925} INFO - DAG(s) 'weather_ingestion' retrieved from /opt/airflow/dags/weather_dag.py
[2026-08-18T02:09:59.696+0000] {logging_mixin.py:190} INFO - [2026-08-18T02:09:59.696+0000] {dag.py:3239} INFO - Sync 1 DAGs
[2026-08-18T02:09:59.709+0000] {logging_mixin.py:190} INFO - [2026-08-18T02:09:59.709+0000] {dag.py:4180} INFO - Setting next_dagrun for weather_ingestion to 2026-08-18 02:00:00+00:00, run_after=2026-08-18 03:00:00+00:00
[2026-08-18T02:09:59.718+0000] {processor.py:208} INFO - Processing /opt/airflow/dags/weather_dag.py took 0.060 seconds
[2026-08-18T02:10:29.989+0000] {processor.py:186} INFO - Started process (PID=9435) to work on /opt/airflow/dags/weather_dag.py
[2026-08-18T02:10:29.992+0000] {processor.py:914} INFO - Processing file /opt/airflow/dags/weather_dag.py for tasks to queue
[2026-08-18T02:10:29.996+0000] {logging_mixin.py:190} INFO - [2026-08-18T02:10:29.995+0000] {dagbag.py:588} INFO - Filling up the DagBag from /opt/airflow/dags/weather_dag.py
[2026-08-18T02:10:30.013+0000] {processor.py:925} INFO - DAG(s) 'weather_ingestion' retrieved from /opt/airflow/dags/weather_dag.py
[2026-08-18T02:10:30.039+0000] {logging_mixin.py:190} INFO - [2026-08-18T02:10:30.039+0000] {dag.py:3239} INFO - Sync 1 DAGs
[2026-08-18T02:10:30.055+0000] {logging_mixin.py:190} INFO - [2026-08-18T02:10:30.055+0000] {dag.py:4180} INFO - Setting next_dagrun for weather_ingestion to 2026-08-18 02:00:00+00:00, run_after=2026-08-18 03:00:00+00:00
[2026-08-18T02:10:30.064+0000] {processor.py:208} INFO - Processing /opt/airflow/dags/weather_dag.py took 0.084 seconds
[2026-08-18T02:11:00.279+0000] {processor.py:186} INFO - Started process (PID=9440) to work on /opt/airflow/dags/weather_dag.py
[2026-08-18T02:11:00.280+0000] {processor.py:914} INFO - Processing file /opt/airflow/dags/weather_dag.py for tasks to queue
[2026-08-18T02:11:00.283+0000] {logging_mixin.py:190} INFO - [2026-08-18T02:11:00.283+0000] {dagbag.py:588} INFO - Filling up the DagBag from /opt/airflow/dags/weather_dag.py
[2026-08-18T02:11:00.293+0000] {processor.py:925} INFO - DAG(s) 'weather_ingestion' retrieved from /opt/airflow/dags/weather_dag.py
[2026-08-18T02:11:00.311+0000] {logging_mixin.py:190} INFO - [2026-08-18T02:11:00.311+0000] {dag.py:3239} INFO - Sync 1 DAGs
[2026-08-18T02:11:00.329+0000] {logging_mixin.py:190} INFO - [2026-08-18T02:11:00.329+0000] {dag.py:4180} INFO - Setting next_dagrun for weather_ingestion to 2026-08-18 02:00:00+00:00, run_after=2026-08-18 03:00:00+00:00
[2026-08-18T02:11:00.341+0000] {processor.py:208} INFO - Processing /opt/airflow/dags/weather_dag.py took 0.098 seconds
[2026-08-18T02:11:30.725+0000] {processor.py:186} INFO - Started process (PID=9445) to work on /opt/airflow/dags/weather_dag.py
[2026-08-18T02:11:30.728+0000] {processor.py:914} INFO - Processing file /opt/airflow/dags/weather_dag.py for tasks to queue
[2026-08-18T02:11:30.734+0000] {logging_mixin.py:190} INFO - [2026-08-18T02:11:30.733+0000] {dagbag.py:588} INFO - Filling up the DagBag from /opt/airflow/dags/weather_dag.py
[2026-08-18T02:11:30.790+0000] {processor.py:925} INFO - DAG(s) 'weather_ingestion' retrieved from /opt/airflow/dags/weather_dag.py
[2026-08-18T02:11:30.823+0000] {logging_mixin.py:190} INFO - [2026-08-18T02:11:30.823+0000] {dag.py:3239} INFO - Sync 1 DAGs
[2026-08-18T02:11:30.845+0000] {logging_mixin.py:190} INFO - [2026-08-18T02:11:30.845+0000] {dag.py:4180} INFO - Setting next_dagrun for weather_ingestion to 2026-08-18 02:00:00+00:00, run_after=2026-08-18 03:00:00+00:00
[2026-08-18T02:11:30.855+0000] {processor.py:208} INFO - Processing /opt/airflow/dags/weather_dag.py took 0.144 seconds
[2026-08-18T02:12:01.034+0000] {processor.py:186} INFO - Started process (PID=9450) to work on /opt/airflow/dags/weather_dag.py
[2026-08-18T02:12:01.037+0000] {processor.py:914} INFO - Processing file /opt/airflow/dags/weather_dag.py for tasks to queue
[2026-08-18T02:12:01.039+0000] {logging_mixin.py:190} INFO - [2026-08-18T02:12:01.038+0000] {dagbag.py:588} INFO - Filling up the DagBag from /opt/airflow/dags/weather_dag.py
[2026-08-18T02:12:01.048+0000] {processor.py:925} INFO - DAG(s) 'weather_ingestion' retrieved from /opt/airflow/dags/weather_dag.py
[2026-08-18T02:12:01.064+0000] {logging_mixin.py:190} INFO - [2026-08-18T02:12:01.064+0000] {dag.py:3239} INFO - Sync 1 DAGs
[2026-08-18T02:12:01.075+0000] {logging_mixin.py:190} INFO - [2026-08-18T02:12:01.075+0000] {dag.py:4180} INFO - Setting next_dagrun for weather_ingestion to 2026-08-18 02:00:00+00:00, run_after=2026-08-18 03:00:00+00:00
[2026-08-18T02:12:01.083+0000] {processor.py:208} INFO - Processing /opt/airflow/dags/weather_dag.py took 0.065 seconds
[2026-08-18T02:12:31.368+0000] {processor.py:186} INFO - Started process (PID=9455) to work on /opt/airflow/dags/weather_dag.py
[2026-08-18T02:12:31.370+0000] {processor.py:914} INFO - Processing file /opt/airflow/dags/weather_dag.py for tasks to queue
[2026-08-18T02:12:31.375+0000] {logging_mixin.py:190} INFO - [2026-08-18T02:12:31.374+0000] {dagbag.py:588} INFO - Filling up the DagBag from /opt/airflow/dags/weather_dag.py
[2026-08-18T02:12:31.396+0000] {processor.py:925} INFO - DAG(s) 'weather_ingestion' retrieved from /opt/airflow/dags/weather_dag.py
[2026-08-18T02:12:31.426+0000] {logging_mixin.py:190} INFO - [2026-08-18T02:12:31.426+0000] {dag.py:3239} INFO - Sync 1 DAGs
[2026-08-18T02:12:31.445+0000] {logging_mixin.py:190} INFO - [2026-08-18T02:12:31.445+0000] {dag.py:4180} INFO - Setting next_dagrun for weather_ingestion to 2026-08-18 02:00:00+00:00, run_after=2026-08-18 03:00:00+00:00
[2026-08-18T02:12:31.457+0000] {processor.py:208} INFO - Processing /opt/airflow/dags/weather_dag.py took 0.100 seconds
[2026-08-18T02:13:01.689+0000] {processor.py:186} INFO - Started process (PID=9460) to work on /opt/airflow/dags/weather_dag.py
[2026-08-18T02:13:01.691+0000] {processor.py:914} INFO - Processing file /opt/airflow/dags/weather_dag.py for tasks to queue
[2026-08-18T02:13:01.693+0000] {logging_mixin.py:190} INFO - [2026-08-18T02:13:01.693+0000] {dagbag.py:588} INFO - Filling up the DagBag from /opt/airflow/dags/weather_dag.py
[2026-08-18T02:13:01.714+0000] {processor.py:925} INFO - DAG(s) 'weather_ingestion' retrieved from /opt/airflow/dags/weather_dag.py
[2026-08-18T02:13:01.731+0000] {logging_mixin.py:190} INFO - [2026-08-18T02:13:01.731+0000] {dag.py:3239} INFO - Sync 1 DAGs
[2026-08-18T02:13:01.744+0000] {logging_mixin.py:190} INFO - [2026-08-18T02:13:01.744+0000] {dag.py:4180} INFO - Setting next_dagrun for weather_ingestion to 2026-08-18 02:00:00+00:00, run_after=2026-08-18 03:00:00+00:00
[2026-08-18T02:13:01.751+0000] {processor.py:208} INFO - Processing /opt/airflow/dags/weather_dag.py took 0.068 seconds
[2026-08-18T02:13:32.078+0000] {processor.py:186} INFO - Started process (PID=9465) to work on /opt/airflow/dags/weather_dag.py
[2026-08-18T02:13:32.098+0000] {processor.py:914} INFO - Processing file /opt/airflow/dags/weather_dag.py for tasks to queue
[2026-08-18T02:13:32.104+0000] {logging_mixin.py:190} INFO - [2026-08-18T02:13:32.102+0000] {dagbag.py:588} INFO - Filling up the DagBag from /opt/airflow/dags/weather_dag.py
[2026-08-18T02:13:32.172+0000] {processor.py:925} INFO - DAG(s) 'weather_ingestion' retrieved from /opt/airflow/dags/weather_dag.py
[2026-08-18T02:13:32.197+0000] {logging_mixin.py:190} INFO - [2026-08-18T02:13:32.197+0000] {dag.py:3239} INFO - Sync 1 DAGs
[2026-08-18T02:13:32.218+0000] {logging_mixin.py:190} INFO - [2026-08-18T02:13:32.218+0000] {dag.py:4180} INFO - Setting next_dagrun for weather_ingestion to 2026-08-18 02:00:00+00:00, run_after=2026-08-18 03:00:00+00:00
[2026-08-18T02:13:32.230+0000] {processor.py:208} INFO - Processing /opt/airflow/dags/weather_dag.py took 0.170 seconds
[2026-08-18T02:14:02.375+0000] {processor.py:186} INFO - Started process (PID=9470) to work on /opt/airflow/dags/weather_dag.py
[2026-08-18T02:14:02.378+0000] {processor.py:914} INFO - Processing file /opt/airflow/dags/weather_dag.py for tasks to queue
[2026-08-18T02:14:02.380+0000] {logging_mixin.py:190} INFO - [2026-08-18T02:14:02.380+0000] {dagbag.py:588} INFO - Filling up the DagBag from /opt/airflow/dags/weather_dag.py
[2026-08-18T02:14:02.391+0000] {processor.py:925} INFO - DAG(s) 'weather_ingestion' retrieved from /opt/airflow/dags/weather_dag.py
[2026-08-18T02:14:02.410+0000] {logging_mixin.py:190} INFO - [2026-08-18T02:14:02.410+0000] {dag.py:3239} INFO - Sync 1 DAGs
[2026-08-18T02:14:02.423+0000] {logging_mixin.py:190} INFO - [2026-08-18T02:14:02.423+0000] {dag.py:4180} INFO - Setting next_dagrun for weather_ingestion to 2026-08-18 02:00:00+00:00, run_after=2026-08-18 03:00:00+00:00
[2026-08-18T02:14:02.430+0000] {processor.py:208} INFO - Processing /opt/airflow/dags/weather_dag.py took 0.068 seconds
[2026-08-18T02:14:32.668+0000] {processor.py:186} INFO - Started process (PID=9475) to work on /opt/airflow/dags/weather_dag.py
[2026-08-18T02:14:32.670+0000] {processor.py:914} INFO - Processing file /opt/airflow/dags/weather_dag.py for tasks to queue
[2026-08-18T02:14:32.673+0000] {logging_mixin.py:190} INFO - [2026-08-18T02:14:32.673+0000] {dagbag.py:588} INFO - Filling up the DagBag from /opt/airflow/dags/weather_dag.py
[2026-08-18T02:14:32.683+0000] {processor.py:925} INFO - DAG(s) 'weather_ingestion' retrieved from /opt/airflow/dags/weather_dag.py
[2026-08-18T02:14:32.701+0000] {logging_mixin.py:190} INFO - [2026-08-18T02:14:32.701+0000] {dag.py:3239} INFO - Sync 1 DAGs
[2026-08-18T02:14:32.713+0000] {logging_mixin.py:190} INFO - [2026-08-18T02:14:32.713+0000] {dag.py:4180} INFO - Setting next_dagrun for weather_ingestion to 2026-08-18 02:00:00+00:00, run_after=2026-08-18 03:00:00+00:00
[2026-08-18T02:14:32.720+0000] {processor.py:208} INFO - Processing /opt/airflow/dags/weather_dag.py took 0.059 seconds
[2026-08-18T02:15:02.972+0000] {processor.py:186} INFO - Started process (PID=9480) to work on /opt/airflow/dags/weather_dag.py
[2026-08-18T02:15:02.973+0000] {processor.py:914} INFO - Processing file /opt/airflow/dags/weather_dag.py for tasks to queue
[2026-08-18T02:15:02.976+0000] {logging_mixin.py:190} INFO - [2026-08-18T02:15:02.976+0000] {dagbag.py:588} INFO - Filling up the DagBag from /opt/airflow/dags/weather_dag.py
[2026-08-18T02:15:02.987+0000] {processor.py:925} INFO - DAG(s) 'weather_ingestion' retrieved from /opt/airflow/dags/weather_dag.py
[2026-08-18T02:15:03.005+0000] {logging_mixin.py:190} INFO - [2026-08-18T02:15:03.005+0000] {dag.py:3239} INFO - Sync 1 DAGs
[2026-08-18T02:15:03.016+0000] {logging_mixin.py:190} INFO - [2026-08-18T02:15:03.016+0000] {dag.py:4180} INFO - Setting next_dagrun for weather_ingestion to 2026-08-18 02:00:00+00:00, run_after=2026-08-18 03:00:00+00:00
[2026-08-18T02:15:03.024+0000] {processor.py:208} INFO - Processing /opt/airflow/dags/weather_dag.py took 0.058 seconds
[2026-08-18T02:15:33.330+0000] {processor.py:186} INFO - Started process (PID=9485) to work on /opt/airflow/dags/weather_dag.py
[2026-08-18T02:15:33.335+0000] {processor.py:914} INFO - Processing file /opt/airflow/dags/weather_dag.py for tasks to queue
[2026-08-18T02:15:33.358+0000] {logging_mixin.py:190} INFO - [2026-08-18T02:15:33.357+0000] {dagbag.py:588} INFO - Filling up the DagBag from /opt/airflow/dags/weather_dag.py
[2026-08-18T02:15:33.390+0000] {processor.py:925} INFO - DAG(s) 'weather_ingestion' retrieved from /opt/airflow/dags/weather_dag.py
[2026-08-18T02:15:33.422+0000] {logging_mixin.py:190} INFO - [2026-08-18T02:15:33.421+0000] {dag.py:3239} INFO - Sync 1 DAGs
[2026-08-18T02:15:33.442+0000] {logging_mixin.py:190} INFO - [2026-08-18T02:15:33.442+0000] {dag.py:4180} INFO - Setting next_dagrun for weather_ingestion to 2026-08-18 02:00:00+00:00, run_after=2026-08-18 03:00:00+00:00
[2026-08-18T02:15:33.453+0000] {processor.py:208} INFO - Processing /opt/airflow/dags/weather_dag.py took 0.134 seconds
[2026-08-18T02:16:03.693+0000] {processor.py:186} INFO - Started process (PID=9490) to work on /opt/airflow/dags/weather_dag.py
[2026-08-18T02:16:03.696+0000] {processor.py:914} INFO - Processing file /opt/airflow/dags/weather_dag.py for tasks to queue
[2026-08-18T02:16:03.704+0000] {logging_mixin.py:190} INFO - [2026-08-18T02:16:03.703+0000] {dagbag.py:588} INFO - Filling up the DagBag from /opt/airflow/dags/weather_dag.py
[2026-08-18T02:16:03.726+0000] {processor.py:925} INFO - DAG(s) 'weather_ingestion' retrieved from /opt/airflow/dags/weather_dag.py
[2026-08-18T02:16:03.755+0000] {logging_mixin.py:190} INFO - [2026-08-18T02:16:03.755+0000] {dag.py:3239} INFO - Sync 1 DAGs
[2026-08-18T02:16:03.775+0000] {logging_mixin.py:190} INFO - [2026-08-18T02:16:03.775+0000] {dag.py:4180} INFO - Setting next_dagrun for weather_ingestion to 2026-08-18 02:00:00+00:00, run_after=2026-08-18 03:00:00+00:00
[2026-08-18T02:16:03.789+0000] {processor.py:208} INFO - Processing /opt/airflow/dags/weather_dag.py took 0.132 seconds
[2026-08-18T02:16:34.012+0000] {processor.py:186} INFO - Started process (PID=9495) to work on /opt/airflow/dags/weather_dag.py
[2026-08-18T02:16:34.014+0000] {processor.py:914} INFO - Processing file /opt/airflow/dags/weather_dag.py for tasks to queue
[2026-08-18T02:16:34.016+0000] {logging_mixin.py:190} INFO - [2026-08-18T02:16:34.016+0000] {dagbag.py:588} INFO - Filling up the DagBag from /opt/airflow/dags/weather_dag.py
[2026-08-18T02:16:34.027+0000] {processor.py:925} INFO - DAG(s) 'weather_ingestion' retrieved from /opt/airflow/dags/weather_dag.py
[2026-08-18T02:16:34.048+0000] {logging_mixin.py:190} INFO - [2026-08-18T02:16:34.048+0000] {dag.py:3239} INFO - Sync 1 DAGs
[2026-08-18T02:16:34.062+0000] {logging_mixin.py:190} INFO - [2026-08-18T02:16:34.061+0000] {dag.py:4180} INFO - Setting next_dagrun for weather_ingestion to 2026-08-18 02:00:00+00:00, run_after=2026-08-18 03:00:00+00:00
[2026-08-18T02:16:34.069+0000] {processor.py:208} INFO - Processing /opt/airflow/dags/weather_dag.py took 0.067 seconds
[2026-08-18T02:17:04.322+0000] {processor.py:186} INFO - Started process (PID=9500) to work on /opt/airflow/dags/weather_dag.py
[2026-08-18T02:17:04.324+0000] {processor.py:914} INFO - Processing file /opt/airflow/dags/weather_dag.py for tasks to queue
[2026-08-18T02:17:04.327+0000] {logging_mixin.py:190} INFO - [2026-08-18T02:17:04.327+0000] {dagbag.py:588} INFO - Filling up the DagBag from /opt/airflow/dags/weather_dag.py
[2026-08-18T02:17:04.340+0000] {processor.py:925} INFO - DAG(s) 'weather_ingestion' retrieved from /opt/airflow/dags/weather_dag.py
[2026-08-18T02:17:04.359+0000] {logging_mixin.py:190} INFO - [2026-08-18T02:17:04.359+0000] {dag.py:3239} INFO - Sync 1 DAGs
[2026-08-18T02:17:04.372+0000] {logging_mixin.py:190} INFO - [2026-08-18T02:17:04.372+0000] {dag.py:4180} INFO - Setting next_dagrun for weather_ingestion to 2026-08-18 02:00:00+00:00, run_after=2026-08-18 03:00:00+00:00
[2026-08-18T02:17:04.379+0000] {processor.py:208} INFO - Processing /opt/airflow/dags/weather_dag.py took 0.064 seconds
[2026-08-18T02:17:34.681+0000] {processor.py:186} INFO - Started process (PID=9505) to work on /opt/airflow/dags/weather_dag.py
[2026-08-18T02:17:34.683+0000] {processor.py:914} INFO - Processing file /opt/airflow/dags/weather_dag.py for tasks to queue
[2026-08-18T02:17:34.691+0000] {logging_mixin.py:190} INFO - [2026-08-18T02:17:34.691+0000] {dagbag.py:588} INFO - Filling up the DagBag from /opt/airflow/dags/weather_dag.py
[2026-08-18T02:17:34.730+0000] {processor.py:925} INFO - DAG(s) 'weather_ingestion' retrieved from /opt/airflow/dags/weather_dag.py
[2026-08-18T02:17:34.758+0000] {logging_mixin.py:190} INFO - [2026-08-18T02:17:34.757+0000] {dag.py:3239} INFO - Sync 1 DAGs
[2026-08-18T02:17:34.777+0000] {logging_mixin.py:190} INFO - [2026-08-18T02:17:34.777+0000] {dag.py:4180} INFO - Setting next_dagrun for weather_ingestion to 2026-08-18 02:00:00+00:00, run_after=2026-08-18 03:00:00+00:00
[2026-08-18T02:17:34.788+0000] {processor.py:208} INFO - Processing /opt/airflow/dags/weather_dag.py took 0.126 seconds
[2026-08-18T02:18:05.036+0000] {processor.py:186} INFO - Started process (PID=9510) to work on /opt/airflow/dags/weather_dag.py
[2026-08-18T02:18:05.039+0000] {processor.py:914} INFO - Processing file /opt/airflow/dags/weather_dag.py for tasks to queue
[2026-08-18T02:18:05.042+0000] {logging_mixin.py:190} INFO - [2026-08-18T02:18:05.042+0000] {dagbag.py:588} INFO - Filling up the DagBag from /opt/airflow/dags/weather_dag.py
[2026-08-18T02:18:05.055+0000] {processor.py:925} INFO - DAG(s) 'weather_ingestion' retrieved from /opt/airflow/dags/weather_dag.py
[2026-08-18T02:18:05.079+0000] {logging_mixin.py:190} INFO - [2026-08-18T02:18:05.079+0000] {dag.py:3239} INFO - Sync 1 DAGs
[2026-08-18T02:18:05.095+0000] {logging_mixin.py:190} INFO - [2026-08-18T02:18:05.095+0000] {dag.py:4180} INFO - Setting next_dagrun for weather_ingestion to 2026-08-18 02:00:00+00:00, run_after=2026-08-18 03:00:00+00:00
[2026-08-18T02:18:05.105+0000] {processor.py:208} INFO - Processing /opt/airflow/dags/weather_dag.py took 0.077 seconds
[2026-08-18T02:18:35.393+0000] {processor.py:186} INFO - Started process (PID=9515) to work on /opt/airflow/dags/weather_dag.py
[2026-08-18T02:18:35.395+0000] {processor.py:914} INFO - Processing file /opt/airflow/dags/weather_dag.py for tasks to queue
[2026-08-18T02:18:35.399+0000] {logging_mixin.py:190} INFO - [2026-08-18T02:18:35.399+0000] {dagbag.py:588} INFO - Filling up the DagBag from /opt/airflow/dags/weather_dag.py
[2026-08-18T02:18:35.420+0000] {processor.py:925} INFO - DAG(s) 'weather_ingestion' retrieved from /opt/airflow/dags/weather_dag.py
[2026-08-18T02:18:35.448+0000] {logging_mixin.py:190} INFO - [2026-08-18T02:18:35.448+0000] {dag.py:3239} INFO - Sync 1 DAGs
[2026-08-18T02:18:35.473+0000] {logging_mixin.py:190} INFO - [2026-08-18T02:18:35.473+0000] {dag.py:4180} INFO - Setting next_dagrun for weather_ingestion to 2026-08-18 02:00:00+00:00, run_after=2026-08-18 03:00:00+00:00
[2026-08-18T02:18:35.500+0000] {processor.py:208} INFO - Processing /opt/airflow/dags/weather_dag.py took 0.116 seconds
[2026-08-18T02:19:05.739+0000] {processor.py:186} INFO - Started process (PID=9520) to work on /opt/airflow/dags/weather_dag.py
[2026-08-18T02:19:05.740+0000] {processor.py:914} INFO - Processing file /opt/airflow/dags/weather_dag.py for tasks to queue
[2026-08-18T02:19:05.742+0000] {logging_mixin.py:190} INFO - [2026-08-18T02:19:05.742+0000] {dagbag.py:588} INFO - Filling up the DagBag from /opt/airflow/dags/weather_dag.py
[2026-08-18T02:19:05.755+0000] {processor.py:925} INFO - DAG(s) 'weather_ingestion' retrieved from /opt/airflow/dags/weather_dag.py
[2026-08-18T02:19:05.777+0000] {logging_mixin.py:190} INFO - [2026-08-18T02:19:05.776+0000] {dag.py:3239} INFO - Sync 1 DAGs
[2026-08-18T02:19:05.790+0000] {logging_mixin.py:190} INFO - [2026-08-18T02:19:05.790+0000] {dag.py:4180} INFO - Setting next_dagrun for weather_ingestion to 2026-08-18 02:00:00+00:00, run_after=2026-08-18 03:00:00+00:00
[2026-08-18T02:19:05.799+0000] {processor.py:208} INFO - Processing /opt/airflow/dags/weather_dag.py took 0.070 seconds
[2026-08-18T02:19:36.166+0000] {processor.py:186} INFO - Started process (PID=9525) to work on /opt/airflow/dags/weather_dag.py
[2026-08-18T02:19:36.168+0000] {processor.py:914} INFO - Processing file /opt/airflow/dags/weather_dag.py for tasks to queue
[2026-08-18T02:19:36.170+0000] {logging_mixin.py:190} INFO - [2026-08-18T02:19:36.170+0000] {dagbag.py:588} INFO - Filling up the DagBag from /opt/airflow/dags/weather_dag.py
[2026-08-18T02:19:36.183+0000] {processor.py:925} INFO - DAG(s) 'weather_ingestion' retrieved from /opt/airflow/dags/weather_dag.py
[2026-08-18T02:19:36.201+0000] {logging_mixin.py:190} INFO - [2026-08-18T02:19:36.201+0000] {dag.py:3239} INFO - Sync 1 DAGs
[2026-08-18T02:19:36.213+0000] {logging_mixin.py:190} INFO - [2026-08-18T02:19:36.213+0000] {dag.py:4180} INFO - Setting next_dagrun for weather_ingestion to 2026-08-18 02:00:00+00:00, run_after=2026-08-18 03:00:00+00:00
[2026-08-18T02:19:36.220+0000] {processor.py:208} INFO - Processing /opt/airflow/dags/weather_dag.py took 0.063 seconds
[2026-08-18T02:20:06.513+0000] {processor.py:186} INFO - Started process (PID=9530) to work on /opt/airflow/dags/weather_dag.py
[2026-08-18T02:20:06.514+0000] {processor.py:914} INFO - Processing file /opt/airflow/dags/weather_dag.py for tasks to queue
[2026-08-18T02:20:06.518+0000] {logging_mixin.py:190} INFO - [2026-08-18T02:20:06.517+0000] {dagbag.py:588} INFO - Filling up the DagBag from /opt/airflow/dags/weather_dag.py
[2026-08-18T02:20:06.534+0000] {processor.py:925} INFO - DAG(s) 'weather_ingestion' retrieved from /opt/airflow/dags/weather_dag.py
[2026-08-18T02:20:06.556+0000] {logging_mixin.py:190} INFO - [2026-08-18T02:20:06.556+0000] {dag.py:3239} INFO - Sync 1 DAGs
[2026-08-18T02:20:06.570+0000] {logging_mixin.py:190} INFO - [2026-08-18T02:20:06.570+0000] {dag.py:4180} INFO - Setting next_dagrun for weather_ingestion to 2026-08-18 02:00:00+00:00, run_after=2026-08-18 03:00:00+00:00
[2026-08-18T02:20:06.578+0000] {processor.py:208} INFO - Processing /opt/airflow/dags/weather_dag.py took 0.074 seconds
[2026-08-18T02:20:36.823+0000] {processor.py:186} INFO - Started process (PID=9535) to work on /opt/airflow/dags/weather_dag.py
[2026-08-18T02:20:36.826+0000] {processor.py:914} INFO - Processing file /opt/airflow/dags/weather_dag.py for tasks to queue
[2026-08-18T02:20:36.829+0000] {logging_mixin.py:190} INFO - [2026-08-18T02:20:36.828+0000] {dagbag.py:588} INFO - Filling up the DagBag from /opt/airflow/dags/weather_dag.py
[2026-08-18T02:20:36.845+0000] {processor.py:925} INFO - DAG(s) 'weather_ingestion' retrieved from /opt/airflow/dags/weather_dag.py
[2026-08-18T02:20:36.868+0000] {logging_mixin.py:190} INFO - [2026-08-18T02:20:36.868+0000] {dag.py:3239} INFO - Sync 1 DAGs
[2026-08-18T02:20:36.880+0000] {logging_mixin.py:190} INFO - [2026-08-18T02:20:36.880+0000] {dag.py:4180} INFO - Setting next_dagrun for weather_ingestion to 2026-08-18 02:00:00+00:00, run_after=2026-08-18 03:00:00+00:00
[2026-08-18T02:20:36.890+0000] {processor.py:208} INFO - Processing /opt/airflow/dags/weather_dag.py took 0.077 seconds
[2026-08-18T02:21:07.083+0000] {processor.py:186} INFO - Started process (PID=9540) to work on /opt/airflow/dags/weather_dag.py
[2026-08-18T02:21:07.084+0000] {processor.py:914} INFO - Processing file /opt/airflow/dags/weather_dag.py for tasks to queue
[2026-08-18T02:21:07.087+0000] {logging_mixin.py:190} INFO - [2026-08-18T02:21:07.087+0000] {dagbag.py:588} INFO - Filling up the DagBag from /opt/airflow/dags/weather_dag.py
[2026-08-18T02:21:07.098+0000] {processor.py:925} INFO - DAG(s) 'weather_ingestion' retrieved from /opt/airflow/dags/weather_dag.py
[2026-08-18T02:21:07.119+0000] {logging_mixin.py:190} INFO - [2026-08-18T02:21:07.119+0000] {dag.py:3239} INFO - Sync 1 DAGs
[2026-08-18T02:21:07.132+0000] {logging_mixin.py:190} INFO - [2026-08-18T02:21:07.132+0000] {dag.py:4180} INFO - Setting next_dagrun for weather_ingestion to 2026-08-18 02:00:00+00:00, run_after=2026-08-18 03:00:00+00:00
[2026-08-18T02:21:07.141+0000] {processor.py:208} INFO - Processing /opt/airflow/dags/weather_dag.py took 0.064 seconds
[2026-08-18T02:21:37.425+0000] {processor.py:186} INFO - Started process (PID=9545) to work on /opt/airflow/dags/weather_dag.py
[2026-08-18T02:21:37.427+0000] {processor.py:914} INFO - Processing file /opt/airflow/dags/weather_dag.py for tasks to queue
[2026-08-18T02:21:37.429+0000] {logging_mixin.py:190} INFO - [2026-08-18T02:21:37.429+0000] {dagbag.py:588} INFO - Filling up the DagBag from /opt/airflow/dags/weather_dag.py
[2026-08-18T02:21:37.439+0000] {processor.py:925} INFO - DAG(s) 'weather_ingestion' retrieved from /opt/airflow/dags/weather_dag.py
[2026-08-18T02:21:37.455+0000] {logging_mixin.py:190} INFO - [2026-08-18T02:21:37.455+0000] {dag.py:3239} INFO - Sync 1 DAGs
[2026-08-18T02:21:37.466+0000] {logging_mixin.py:190} INFO - [2026-08-18T02:21:37.466+0000] {dag.py:4180} INFO - Setting next_dagrun for weather_ingestion to 2026-08-18 02:00:00+00:00, run_after=2026-08-18 03:00:00+00:00
[2026-08-18T02:21:37.472+0000] {processor.py:208} INFO - Processing /opt/airflow/dags/weather_dag.py took 0.053 seconds
[2026-08-18T02:22:07.734+0000] {processor.py:186} INFO - Started process (PID=9550) to work on /opt/airflow/dags/weather_dag.py
[2026-08-18T02:22:07.736+0000] {processor.py:914} INFO - Processing file /opt/airflow/dags/weather_dag.py for tasks to queue
[2026-08-18T02:22:07.738+0000] {logging_mixin.py:190} INFO - [2026-08-18T02:22:07.738+0000] {dagbag.py:588} INFO - Filling up the DagBag from /opt/airflow/dags/weather_dag.py
[2026-08-18T02:22:07.749+0000] {processor.py:925} INFO - DAG(s) 'weather_ingestion' retrieved from /opt/airflow/dags/weather_dag.py
[2026-08-18T02:22:07.767+0000] {logging_mixin.py:190} INFO - [2026-08-18T02:22:07.767+0000] {dag.py:3239} INFO - Sync 1 DAGs
[2026-08-18T02:22:07.778+0000] {logging_mixin.py:190} INFO - [2026-08-18T02:22:07.778+0000] {dag.py:4180} INFO - Setting next_dagrun for weather_ingestion to 2026-08-18 02:00:00+00:00, run_after=2026-08-18 03:00:00+00:00
[2026-08-18T02:22:07.786+0000] {processor.py:208} INFO - Processing /opt/airflow/dags/weather_dag.py took 0.058 seconds
[2026-08-18T02:22:38.072+0000] {processor.py:186} INFO - Started process (PID=9555) to work on /opt/airflow/dags/weather_dag.py
[2026-08-18T02:22:38.074+0000] {processor.py:914} INFO - Processing file /opt/airflow/dags/weather_dag.py for tasks to queue
[2026-08-18T02:22:38.077+0000] {logging_mixin.py:190} INFO - [2026-08-18T02:22:38.077+0000] {dagbag.py:588} INFO - Filling up the DagBag from /opt/airflow/dags/weather_dag.py
[2026-08-18T02:22:38.092+0000] {processor.py:925} INFO - DAG(s) 'weather_ingestion' retrieved from /opt/airflow/dags/weather_dag.py
[2026-08-18T02:22:38.114+0000] {logging_mixin.py:190} INFO - [2026-08-18T02:22:38.114+0000] {dag.py:3239} INFO - Sync 1 DAGs
[2026-08-18T02:22:38.129+0000] {logging_mixin.py:190} INFO - [2026-08-18T02:22:38.129+0000] {dag.py:4180} INFO - Setting next_dagrun for weather_ingestion to 2026-08-18 02:00:00+00:00, run_after=2026-08-18 03:00:00+00:00
[2026-08-18T02:22:38.138+0000] {processor.py:208} INFO - Processing /opt/airflow/dags/weather_dag.py took 0.075 seconds
[2026-08-18T02:23:08.412+0000] {processor.py:186} INFO - Started process (PID=9560) to work on /opt/airflow/dags/weather_dag.py
[2026-08-18T02:23:08.414+0000] {processor.py:914} INFO - Processing file /opt/airflow/dags/weather_dag.py for tasks to queue
[2026-08-18T02:23:08.416+0000] {logging_mixin.py:190} INFO - [2026-08-18T02:23:08.415+0000] {dagbag.py:588} INFO - Filling up the DagBag from /opt/airflow/dags/weather_dag.py
[2026-08-18T02:23:08.425+0000] {processor.py:925} INFO - DAG(s) 'weather_ingestion' retrieved from /opt/airflow/dags/weather_dag.py
[2026-08-18T02:23:08.445+0000] {logging_mixin.py:190} INFO - [2026-08-18T02:23:08.445+0000] {dag.py:3239} INFO - Sync 1 DAGs
[2026-08-18T02:23:08.459+0000] {logging_mixin.py:190} INFO - [2026-08-18T02:23:08.459+0000] {dag.py:4180} INFO - Setting next_dagrun for weather_ingestion to 2026-08-18 02:00:00+00:00, run_after=2026-08-18 03:00:00+00:00
[2026-08-18T02:23:08.466+0000] {processor.py:208} INFO - Processing /opt/airflow/dags/weather_dag.py took 0.059 seconds
[2026-08-18T02:23:38.769+0000] {processor.py:186} INFO - Started process (PID=9565) to work on /opt/airflow/dags/weather_dag.py
[2026-08-18T02:23:38.771+0000] {processor.py:914} INFO - Processing file /opt/airflow/dags/weather_dag.py for tasks to queue
[2026-08-18T02:23:38.775+0000] {logging_mixin.py:190} INFO - [2026-08-18T02:23:38.775+0000] {dagbag.py:588} INFO - Filling up the DagBag from /opt/airflow/dags/weather_dag.py
[2026-08-18T02:23:38.797+0000] {processor.py:925} INFO - DAG(s) 'weather_ingestion' retrieved from /opt/airflow/dags/weather_dag.py
[2026-08-18T02:23:38.824+0000] {logging_mixin.py:190} INFO - [2026-08-18T02:23:38.824+0000] {dag.py:3239} INFO - Sync 1 DAGs
[2026-08-18T02:23:38.840+0000] {logging_mixin.py:190} INFO - [2026-08-18T02:23:38.840+0000] {dag.py:4180} INFO - Setting next_dagrun for weather_ingestion to 2026-08-18 02:00:00+00:00, run_after=2026-08-18 03:00:00+00:00
[2026-08-18T02:23:38.875+0000] {processor.py:208} INFO - Processing /opt/airflow/dags/weather_dag.py took 0.118 seconds
[2026-08-18T02:38:55.741+0000] {processor.py:186} INFO - Started process (PID=9570) to work on /opt/airflow/dags/weather_dag.py
[2026-08-18T02:38:55.743+0000] {processor.py:914} INFO - Processing file /opt/airflow/dags/weather_dag.py for tasks to queue
[2026-08-18T02:38:55.803+0000] {logging_mixin.py:190} INFO - [2026-08-18T02:38:55.803+0000] {dagbag.py:588} INFO - Filling up the DagBag from /opt/airflow/dags/weather_dag.py
[2026-08-18T02:38:55.901+0000] {processor.py:925} INFO - DAG(s) 'weather_ingestion' retrieved from /opt/airflow/dags/weather_dag.py
[2026-08-18T02:38:56.259+0000] {logging_mixin.py:190} INFO - [2026-08-18T02:38:56.258+0000] {dag.py:3239} INFO - Sync 1 DAGs
[2026-08-18T02:38:56.434+0000] {logging_mixin.py:190} INFO - [2026-08-18T02:38:56.434+0000] {dag.py:4180} INFO - Setting next_dagrun for weather_ingestion to 2026-08-18 02:00:00+00:00, run_after=2026-08-18 03:00:00+00:00
[2026-08-18T02:38:56.667+0000] {processor.py:208} INFO - Processing /opt/airflow/dags/weather_dag.py took 0.955 seconds
[2026-08-18T02:39:27.186+0000] {processor.py:186} INFO - Started process (PID=9575) to work on /opt/airflow/dags/weather_dag.py
[2026-08-18T02:39:27.189+0000] {processor.py:914} INFO - Processing file /opt/airflow/dags/weather_dag.py for tasks to queue
[2026-08-18T02:39:27.206+0000] {logging_mixin.py:190} INFO - [2026-08-18T02:39:27.201+0000] {dagbag.py:588} INFO - Filling up the DagBag from /opt/airflow/dags/weather_dag.py
[2026-08-18T02:39:27.257+0000] {processor.py:925} INFO - DAG(s) 'weather_ingestion' retrieved from /opt/airflow/dags/weather_dag.py
[2026-08-18T02:39:27.303+0000] {logging_mixin.py:190} INFO - [2026-08-18T02:39:27.303+0000] {dag.py:3239} INFO - Sync 1 DAGs
[2026-08-18T02:39:27.325+0000] {logging_mixin.py:190} INFO - [2026-08-18T02:39:27.325+0000] {dag.py:4180} INFO - Setting next_dagrun for weather_ingestion to 2026-08-18 02:00:00+00:00, run_after=2026-08-18 03:00:00+00:00
[2026-08-18T02:39:27.336+0000] {processor.py:208} INFO - Processing /opt/airflow/dags/weather_dag.py took 0.166 seconds
[2026-08-18T02:49:02.900+0000] {processor.py:186} INFO - Started process (PID=9580) to work on /opt/airflow/dags/weather_dag.py
[2026-08-18T02:49:02.902+0000] {processor.py:914} INFO - Processing file /opt/airflow/dags/weather_dag.py for tasks to queue
[2026-08-18T02:49:02.907+0000] {logging_mixin.py:190} INFO - [2026-08-18T02:49:02.906+0000] {dagbag.py:588} INFO - Filling up the DagBag from /opt/airflow/dags/weather_dag.py
[2026-08-18T02:49:02.936+0000] {processor.py:925} INFO - DAG(s) 'weather_ingestion' retrieved from /opt/airflow/dags/weather_dag.py
[2026-08-18T02:49:02.968+0000] {logging_mixin.py:190} INFO - [2026-08-18T02:49:02.968+0000] {dag.py:3239} INFO - Sync 1 DAGs
[2026-08-18T02:49:03.009+0000] {logging_mixin.py:190} INFO - [2026-08-18T02:49:03.009+0000] {dag.py:4180} INFO - Setting next_dagrun for weather_ingestion to 2026-08-18 02:00:00+00:00, run_after=2026-08-18 03:00:00+00:00
[2026-08-18T02:49:03.021+0000] {processor.py:208} INFO - Processing /opt/airflow/dags/weather_dag.py took 0.140 seconds
[2026-08-18T02:49:33.414+0000] {processor.py:186} INFO - Started process (PID=9585) to work on /opt/airflow/dags/weather_dag.py
[2026-08-18T02:49:33.417+0000] {processor.py:914} INFO - Processing file /opt/airflow/dags/weather_dag.py for tasks to queue
[2026-08-18T02:49:33.422+0000] {logging_mixin.py:190} INFO - [2026-08-18T02:49:33.421+0000] {dagbag.py:588} INFO - Filling up the DagBag from /opt/airflow/dags/weather_dag.py
[2026-08-18T02:49:33.456+0000] {processor.py:925} INFO - DAG(s) 'weather_ingestion' retrieved from /opt/airflow/dags/weather_dag.py
[2026-08-18T02:49:33.490+0000] {logging_mixin.py:190} INFO - [2026-08-18T02:49:33.490+0000] {dag.py:3239} INFO - Sync 1 DAGs
[2026-08-18T02:49:33.533+0000] {logging_mixin.py:190} INFO - [2026-08-18T02:49:33.533+0000] {dag.py:4180} INFO - Setting next_dagrun for weather_ingestion to 2026-08-18 02:00:00+00:00, run_after=2026-08-18 03:00:00+00:00
[2026-08-18T02:49:33.544+0000] {processor.py:208} INFO - Processing /opt/airflow/dags/weather_dag.py took 0.145 seconds
[2026-08-18T02:50:03.848+0000] {processor.py:186} INFO - Started process (PID=9590) to work on /opt/airflow/dags/weather_dag.py
[2026-08-18T02:50:03.850+0000] {processor.py:914} INFO - Processing file /opt/airflow/dags/weather_dag.py for tasks to queue
[2026-08-18T02:50:03.853+0000] {logging_mixin.py:190} INFO - [2026-08-18T02:50:03.852+0000] {dagbag.py:588} INFO - Filling up the DagBag from /opt/airflow/dags/weather_dag.py
[2026-08-18T02:50:03.874+0000] {processor.py:925} INFO - DAG(s) 'weather_ingestion' retrieved from /opt/airflow/dags/weather_dag.py
[2026-08-18T02:50:03.915+0000] {logging_mixin.py:190} INFO - [2026-08-18T02:50:03.915+0000] {dag.py:3239} INFO - Sync 1 DAGs
[2026-08-18T02:50:03.931+0000] {logging_mixin.py:190} INFO - [2026-08-18T02:50:03.931+0000] {dag.py:4180} INFO - Setting next_dagrun for weather_ingestion to 2026-08-18 02:00:00+00:00, run_after=2026-08-18 03:00:00+00:00
[2026-08-18T02:50:03.942+0000] {processor.py:208} INFO - Processing /opt/airflow/dags/weather_dag.py took 0.132 seconds
[2026-08-18T02:50:34.183+0000] {processor.py:186} INFO - Started process (PID=9595) to work on /opt/airflow/dags/weather_dag.py
[2026-08-18T02:50:34.185+0000] {processor.py:914} INFO - Processing file /opt/airflow/dags/weather_dag.py for tasks to queue
[2026-08-18T02:50:34.189+0000] {logging_mixin.py:190} INFO - [2026-08-18T02:50:34.188+0000] {dagbag.py:588} INFO - Filling up the DagBag from /opt/airflow/dags/weather_dag.py
[2026-08-18T02:50:34.201+0000] {processor.py:925} INFO - DAG(s) 'weather_ingestion' retrieved from /opt/airflow/dags/weather_dag.py
[2026-08-18T02:50:34.223+0000] {logging_mixin.py:190} INFO - [2026-08-18T02:50:34.222+0000] {dag.py:3239} INFO - Sync 1 DAGs
[2026-08-18T02:50:34.235+0000] {logging_mixin.py:190} INFO - [2026-08-18T02:50:34.235+0000] {dag.py:4180} INFO - Setting next_dagrun for weather_ingestion to 2026-08-18 02:00:00+00:00, run_after=2026-08-18 03:00:00+00:00
[2026-08-18T02:50:34.243+0000] {processor.py:208} INFO - Processing /opt/airflow/dags/weather_dag.py took 0.068 seconds
[2026-08-18T02:51:04.528+0000] {processor.py:186} INFO - Started process (PID=9600) to work on /opt/airflow/dags/weather_dag.py
[2026-08-18T02:51:04.531+0000] {processor.py:914} INFO - Processing file /opt/airflow/dags/weather_dag.py for tasks to queue
[2026-08-18T02:51:04.535+0000] {logging_mixin.py:190} INFO - [2026-08-18T02:51:04.534+0000] {dagbag.py:588} INFO - Filling up the DagBag from /opt/airflow/dags/weather_dag.py
[2026-08-18T02:51:04.565+0000] {processor.py:925} INFO - DAG(s) 'weather_ingestion' retrieved from /opt/airflow/dags/weather_dag.py
[2026-08-18T02:51:04.596+0000] {logging_mixin.py:190} INFO - [2026-08-18T02:51:04.596+0000] {dag.py:3239} INFO - Sync 1 DAGs
[2026-08-18T02:51:04.633+0000] {logging_mixin.py:190} INFO - [2026-08-18T02:51:04.633+0000] {dag.py:4180} INFO - Setting next_dagrun for weather_ingestion to 2026-08-18 02:00:00+00:00, run_after=2026-08-18 03:00:00+00:00
[2026-08-18T02:51:04.645+0000] {processor.py:208} INFO - Processing /opt/airflow/dags/weather_dag.py took 0.130 seconds
[2026-08-18T02:51:34.855+0000] {processor.py:186} INFO - Started process (PID=9605) to work on /opt/airflow/dags/weather_dag.py
[2026-08-18T02:51:34.859+0000] {processor.py:914} INFO - Processing file /opt/airflow/dags/weather_dag.py for tasks to queue
[2026-08-18T02:51:34.867+0000] {logging_mixin.py:190} INFO - [2026-08-18T02:51:34.866+0000] {dagbag.py:588} INFO - Filling up the DagBag from /opt/airflow/dags/weather_dag.py
[2026-08-18T02:51:34.901+0000] {processor.py:925} INFO - DAG(s) 'weather_ingestion' retrieved from /opt/airflow/dags/weather_dag.py
[2026-08-18T02:51:34.950+0000] {logging_mixin.py:190} INFO - [2026-08-18T02:51:34.950+0000] {dag.py:3239} INFO - Sync 1 DAGs
[2026-08-18T02:51:34.966+0000] {logging_mixin.py:190} INFO - [2026-08-18T02:51:34.966+0000] {dag.py:4180} INFO - Setting next_dagrun for weather_ingestion to 2026-08-18 02:00:00+00:00, run_after=2026-08-18 03:00:00+00:00
[2026-08-18T02:51:34.977+0000] {processor.py:208} INFO - Processing /opt/airflow/dags/weather_dag.py took 0.138 seconds
[2026-08-18T02:52:05.269+0000] {processor.py:186} INFO - Started process (PID=9610) to work on /opt/airflow/dags/weather_dag.py
[2026-08-18T02:52:05.270+0000] {processor.py:914} INFO - Processing file /opt/airflow/dags/weather_dag.py for tasks to queue
[2026-08-18T02:52:05.276+0000] {logging_mixin.py:190} INFO - [2026-08-18T02:52:05.275+0000] {dagbag.py:588} INFO - Filling up the DagBag from /opt/airflow/dags/weather_dag.py
[2026-08-18T02:52:05.295+0000] {processor.py:925} INFO - DAG(s) 'weather_ingestion' retrieved from /opt/airflow/dags/weather_dag.py
[2026-08-18T02:52:05.322+0000] {logging_mixin.py:190} INFO - [2026-08-18T02:52:05.322+0000] {dag.py:3239} INFO - Sync 1 DAGs
[2026-08-18T02:52:05.340+0000] {logging_mixin.py:190} INFO - [2026-08-18T02:52:05.340+0000] {dag.py:4180} INFO - Setting next_dagrun for weather_ingestion to 2026-08-18 02:00:00+00:00, run_after=2026-08-18 03:00:00+00:00
[2026-08-18T02:52:05.349+0000] {processor.py:208} INFO - Processing /opt/airflow/dags/weather_dag.py took 0.093 seconds
[2026-08-18T02:52:35.678+0000] {processor.py:186} INFO - Started process (PID=9615) to work on /opt/airflow/dags/weather_dag.py
[2026-08-18T02:52:35.679+0000] {processor.py:914} INFO - Processing file /opt/airflow/dags/weather_dag.py for tasks to queue
[2026-08-18T02:52:35.682+0000] {logging_mixin.py:190} INFO - [2026-08-18T02:52:35.682+0000] {dagbag.py:588} INFO - Filling up the DagBag from /opt/airflow/dags/weather_dag.py
[2026-08-18T02:52:35.696+0000] {processor.py:925} INFO - DAG(s) 'weather_ingestion' retrieved from /opt/airflow/dags/weather_dag.py
[2026-08-18T02:52:35.721+0000] {logging_mixin.py:190} INFO - [2026-08-18T02:52:35.721+0000] {dag.py:3239} INFO - Sync 1 DAGs
[2026-08-18T02:52:35.735+0000] {logging_mixin.py:190} INFO - [2026-08-18T02:52:35.735+0000] {dag.py:4180} INFO - Setting next_dagrun for weather_ingestion to 2026-08-18 02:00:00+00:00, run_after=2026-08-18 03:00:00+00:00
[2026-08-18T02:52:35.745+0000] {processor.py:208} INFO - Processing /opt/airflow/dags/weather_dag.py took 0.074 seconds
[2026-08-18T02:53:06.043+0000] {processor.py:186} INFO - Started process (PID=9620) to work on /opt/airflow/dags/weather_dag.py
[2026-08-18T02:53:06.045+0000] {processor.py:914} INFO - Processing file /opt/airflow/dags/weather_dag.py for tasks to queue
[2026-08-18T02:53:06.047+0000] {logging_mixin.py:190} INFO - [2026-08-18T02:53:06.046+0000] {dagbag.py:588} INFO - Filling up the DagBag from /opt/airflow/dags/weather_dag.py
[2026-08-18T02:53:06.058+0000] {processor.py:925} INFO - DAG(s) 'weather_ingestion' retrieved from /opt/airflow/dags/weather_dag.py
[2026-08-18T02:53:06.111+0000] {logging_mixin.py:190} INFO - [2026-08-18T02:53:06.111+0000] {dag.py:3239} INFO - Sync 1 DAGs
[2026-08-18T02:53:06.125+0000] {logging_mixin.py:190} INFO - [2026-08-18T02:53:06.125+0000] {dag.py:4180} INFO - Setting next_dagrun for weather_ingestion to 2026-08-18 02:00:00+00:00, run_after=2026-08-18 03:00:00+00:00
[2026-08-18T02:53:06.132+0000] {processor.py:208} INFO - Processing /opt/airflow/dags/weather_dag.py took 0.097 seconds
[2026-08-18T02:53:36.366+0000] {processor.py:186} INFO - Started process (PID=9625) to work on /opt/airflow/dags/weather_dag.py
[2026-08-18T02:53:36.367+0000] {processor.py:914} INFO - Processing file /opt/airflow/dags/weather_dag.py for tasks to queue
[2026-08-18T02:53:36.370+0000] {logging_mixin.py:190} INFO - [2026-08-18T02:53:36.370+0000] {dagbag.py:588} INFO - Filling up the DagBag from /opt/airflow/dags/weather_dag.py
[2026-08-18T02:53:36.387+0000] {processor.py:925} INFO - DAG(s) 'weather_ingestion' retrieved from /opt/airflow/dags/weather_dag.py
[2026-08-18T02:53:36.411+0000] {logging_mixin.py:190} INFO - [2026-08-18T02:53:36.411+0000] {dag.py:3239} INFO - Sync 1 DAGs
[2026-08-18T02:53:36.425+0000] {logging_mixin.py:190} INFO - [2026-08-18T02:53:36.425+0000] {dag.py:4180} INFO - Setting next_dagrun for weather_ingestion to 2026-08-18 02:00:00+00:00, run_after=2026-08-18 03:00:00+00:00
[2026-08-18T02:53:36.433+0000] {processor.py:208} INFO - Processing /opt/airflow/dags/weather_dag.py took 0.077 seconds
[2026-08-18T02:54:06.845+0000] {processor.py:186} INFO - Started process (PID=9630) to work on /opt/airflow/dags/weather_dag.py
[2026-08-18T02:54:06.847+0000] {processor.py:914} INFO - Processing file /opt/airflow/dags/weather_dag.py for tasks to queue
[2026-08-18T02:54:06.853+0000] {logging_mixin.py:190} INFO - [2026-08-18T02:54:06.852+0000] {dagbag.py:588} INFO - Filling up the DagBag from /opt/airflow/dags/weather_dag.py
[2026-08-18T02:54:06.890+0000] {processor.py:925} INFO - DAG(s) 'weather_ingestion' retrieved from /opt/airflow/dags/weather_dag.py
[2026-08-18T02:54:06.923+0000] {logging_mixin.py:190} INFO - [2026-08-18T02:54:06.923+0000] {dag.py:3239} INFO - Sync 1 DAGs
[2026-08-18T02:54:06.947+0000] {logging_mixin.py:190} INFO - [2026-08-18T02:54:06.947+0000] {dag.py:4180} INFO - Setting next_dagrun for weather_ingestion to 2026-08-18 02:00:00+00:00, run_after=2026-08-18 03:00:00+00:00
[2026-08-18T02:54:06.960+0000] {processor.py:208} INFO - Processing /opt/airflow/dags/weather_dag.py took 0.126 seconds
[2026-08-18T02:54:37.277+0000] {processor.py:186} INFO - Started process (PID=9635) to work on /opt/airflow/dags/weather_dag.py
[2026-08-18T02:54:37.279+0000] {processor.py:914} INFO - Processing file /opt/airflow/dags/weather_dag.py for tasks to queue
[2026-08-18T02:54:37.284+0000] {logging_mixin.py:190} INFO - [2026-08-18T02:54:37.283+0000] {dagbag.py:588} INFO - Filling up the DagBag from /opt/airflow/dags/weather_dag.py
[2026-08-18T02:54:37.304+0000] {processor.py:925} INFO - DAG(s) 'weather_ingestion' retrieved from /opt/airflow/dags/weather_dag.py
[2026-08-18T02:54:37.333+0000] {logging_mixin.py:190} INFO - [2026-08-18T02:54:37.333+0000] {dag.py:3239} INFO - Sync 1 DAGs
[2026-08-18T02:54:37.370+0000] {logging_mixin.py:190} INFO - [2026-08-18T02:54:37.370+0000] {dag.py:4180} INFO - Setting next_dagrun for weather_ingestion to 2026-08-18 02:00:00+00:00, run_after=2026-08-18 03:00:00+00:00
[2026-08-18T02:54:37.381+0000] {processor.py:208} INFO - Processing /opt/airflow/dags/weather_dag.py took 0.144 seconds
[2026-08-18T02:55:07.619+0000] {processor.py:186} INFO - Started process (PID=9640) to work on /opt/airflow/dags/weather_dag.py
[2026-08-18T02:55:07.621+0000] {processor.py:914} INFO - Processing file /opt/airflow/dags/weather_dag.py for tasks to queue
[2026-08-18T02:55:07.625+0000] {logging_mixin.py:190} INFO - [2026-08-18T02:55:07.624+0000] {dagbag.py:588} INFO - Filling up the DagBag from /opt/airflow/dags/weather_dag.py
[2026-08-18T02:55:07.640+0000] {processor.py:925} INFO - DAG(s) 'weather_ingestion' retrieved from /opt/airflow/dags/weather_dag.py
[2026-08-18T02:55:07.663+0000] {logging_mixin.py:190} INFO - [2026-08-18T02:55:07.663+0000] {dag.py:3239} INFO - Sync 1 DAGs
[2026-08-18T02:55:07.680+0000] {logging_mixin.py:190} INFO - [2026-08-18T02:55:07.680+0000] {dag.py:4180} INFO - Setting next_dagrun for weather_ingestion to 2026-08-18 02:00:00+00:00, run_after=2026-08-18 03:00:00+00:00
[2026-08-18T02:55:07.689+0000] {processor.py:208} INFO - Processing /opt/airflow/dags/weather_dag.py took 0.087 seconds
[2026-08-18T02:55:37.933+0000] {processor.py:186} INFO - Started process (PID=9645) to work on /opt/airflow/dags/weather_dag.py
[2026-08-18T02:55:37.935+0000] {processor.py:914} INFO - Processing file /opt/airflow/dags/weather_dag.py for tasks to queue
[2026-08-18T02:55:37.937+0000] {logging_mixin.py:190} INFO - [2026-08-18T02:55:37.937+0000] {dagbag.py:588} INFO - Filling up the DagBag from /opt/airflow/dags/weather_dag.py
[2026-08-18T02:55:37.950+0000] {processor.py:925} INFO - DAG(s) 'weather_ingestion' retrieved from /opt/airflow/dags/weather_dag.py
[2026-08-18T02:55:37.973+0000] {logging_mixin.py:190} INFO - [2026-08-18T02:55:37.973+0000] {dag.py:3239} INFO - Sync 1 DAGs
[2026-08-18T02:55:37.988+0000] {logging_mixin.py:190} INFO - [2026-08-18T02:55:37.988+0000] {dag.py:4180} INFO - Setting next_dagrun for weather_ingestion to 2026-08-18 02:00:00+00:00, run_after=2026-08-18 03:00:00+00:00
[2026-08-18T02:55:37.996+0000] {processor.py:208} INFO - Processing /opt/airflow/dags/weather_dag.py took 0.069 seconds
[2026-08-18T02:56:08.330+0000] {processor.py:186} INFO - Started process (PID=9650) to work on /opt/airflow/dags/weather_dag.py
[2026-08-18T02:56:08.332+0000] {processor.py:914} INFO - Processing file /opt/airflow/dags/weather_dag.py for tasks to queue
[2026-08-18T02:56:08.339+0000] {logging_mixin.py:190} INFO - [2026-08-18T02:56:08.338+0000] {dagbag.py:588} INFO - Filling up the DagBag from /opt/airflow/dags/weather_dag.py
[2026-08-18T02:56:08.366+0000] {processor.py:925} INFO - DAG(s) 'weather_ingestion' retrieved from /opt/airflow/dags/weather_dag.py
[2026-08-18T02:56:08.419+0000] {logging_mixin.py:190} INFO - [2026-08-18T02:56:08.419+0000] {dag.py:3239} INFO - Sync 1 DAGs
[2026-08-18T02:56:08.436+0000] {logging_mixin.py:190} INFO - [2026-08-18T02:56:08.436+0000] {dag.py:4180} INFO - Setting next_dagrun for weather_ingestion to 2026-08-18 02:00:00+00:00, run_after=2026-08-18 03:00:00+00:00
[2026-08-18T02:56:08.447+0000] {processor.py:208} INFO - Processing /opt/airflow/dags/weather_dag.py took 0.133 seconds
[2026-08-18T02:56:38.638+0000] {processor.py:186} INFO - Started process (PID=9655) to work on /opt/airflow/dags/weather_dag.py
[2026-08-18T02:56:38.640+0000] {processor.py:914} INFO - Processing file /opt/airflow/dags/weather_dag.py for tasks to queue
[2026-08-18T02:56:38.643+0000] {logging_mixin.py:190} INFO - [2026-08-18T02:56:38.643+0000] {dagbag.py:588} INFO - Filling up the DagBag from /opt/airflow/dags/weather_dag.py
[2026-08-18T02:56:38.659+0000] {processor.py:925} INFO - DAG(s) 'weather_ingestion' retrieved from /opt/airflow/dags/weather_dag.py
[2026-08-18T02:56:38.684+0000] {logging_mixin.py:190} INFO - [2026-08-18T02:56:38.684+0000] {dag.py:3239} INFO - Sync 1 DAGs
[2026-08-18T02:56:38.701+0000] {logging_mixin.py:190} INFO - [2026-08-18T02:56:38.701+0000] {dag.py:4180} INFO - Setting next_dagrun for weather_ingestion to 2026-08-18 02:00:00+00:00, run_after=2026-08-18 03:00:00+00:00
[2026-08-18T02:56:38.710+0000] {processor.py:208} INFO - Processing /opt/airflow/dags/weather_dag.py took 0.083 seconds
[2026-08-18T02:57:09.028+0000] {processor.py:186} INFO - Started process (PID=9660) to work on /opt/airflow/dags/weather_dag.py
[2026-08-18T02:57:09.030+0000] {processor.py:914} INFO - Processing file /opt/airflow/dags/weather_dag.py for tasks to queue
[2026-08-18T02:57:09.032+0000] {logging_mixin.py:190} INFO - [2026-08-18T02:57:09.032+0000] {dagbag.py:588} INFO - Filling up the DagBag from /opt/airflow/dags/weather_dag.py
[2026-08-18T02:57:09.043+0000] {processor.py:925} INFO - DAG(s) 'weather_ingestion' retrieved from /opt/airflow/dags/weather_dag.py
[2026-08-18T02:57:09.062+0000] {logging_mixin.py:190} INFO - [2026-08-18T02:57:09.062+0000] {dag.py:3239} INFO - Sync 1 DAGs
[2026-08-18T02:57:09.074+0000] {logging_mixin.py:190} INFO - [2026-08-18T02:57:09.074+0000] {dag.py:4180} INFO - Setting next_dagrun for weather_ingestion to 2026-08-18 02:00:00+00:00, run_after=2026-08-18 03:00:00+00:00
[2026-08-18T02:57:09.083+0000] {processor.py:208} INFO - Processing /opt/airflow/dags/weather_dag.py took 0.061 seconds
[2026-08-18T02:57:39.340+0000] {processor.py:186} INFO - Started process (PID=9665) to work on /opt/airflow/dags/weather_dag.py
[2026-08-18T02:57:39.343+0000] {processor.py:914} INFO - Processing file /opt/airflow/dags/weather_dag.py for tasks to queue
[2026-08-18T02:57:39.346+0000] {logging_mixin.py:190} INFO - [2026-08-18T02:57:39.345+0000] {dagbag.py:588} INFO - Filling up the DagBag from /opt/airflow/dags/weather_dag.py
[2026-08-18T02:57:39.360+0000] {processor.py:925} INFO - DAG(s) 'weather_ingestion' retrieved from /opt/airflow/dags/weather_dag.py
[2026-08-18T02:57:39.382+0000] {logging_mixin.py:190} INFO - [2026-08-18T02:57:39.382+0000] {dag.py:3239} INFO - Sync 1 DAGs
[2026-08-18T02:57:39.395+0000] {logging_mixin.py:190} INFO - [2026-08-18T02:57:39.395+0000] {dag.py:4180} INFO - Setting next_dagrun for weather_ingestion to 2026-08-18 02:00:00+00:00, run_after=2026-08-18 03:00:00+00:00
[2026-08-18T02:57:39.403+0000] {processor.py:208} INFO - Processing /opt/airflow/dags/weather_dag.py took 0.074 seconds
[2026-08-18T02:58:09.701+0000] {processor.py:186} INFO - Started process (PID=9670) to work on /opt/airflow/dags/weather_dag.py
[2026-08-18T02:58:09.703+0000] {processor.py:914} INFO - Processing file /opt/airflow/dags/weather_dag.py for tasks to queue
[2026-08-18T02:58:09.707+0000] {logging_mixin.py:190} INFO - [2026-08-18T02:58:09.706+0000] {dagbag.py:588} INFO - Filling up the DagBag from /opt/airflow/dags/weather_dag.py
[2026-08-18T02:58:09.724+0000] {processor.py:925} INFO - DAG(s) 'weather_ingestion' retrieved from /opt/airflow/dags/weather_dag.py
[2026-08-18T02:58:09.751+0000] {logging_mixin.py:190} INFO - [2026-08-18T02:58:09.751+0000] {dag.py:3239} INFO - Sync 1 DAGs
[2026-08-18T02:58:09.770+0000] {logging_mixin.py:190} INFO - [2026-08-18T02:58:09.770+0000] {dag.py:4180} INFO - Setting next_dagrun for weather_ingestion to 2026-08-18 02:00:00+00:00, run_after=2026-08-18 03:00:00+00:00
[2026-08-18T02:58:09.781+0000] {processor.py:208} INFO - Processing /opt/airflow/dags/weather_dag.py took 0.088 seconds
[2026-08-18T02:58:40.018+0000] {processor.py:186} INFO - Started process (PID=9675) to work on /opt/airflow/dags/weather_dag.py
[2026-08-18T02:58:40.019+0000] {processor.py:914} INFO - Processing file /opt/airflow/dags/weather_dag.py for tasks to queue
[2026-08-18T02:58:40.021+0000] {logging_mixin.py:190} INFO - [2026-08-18T02:58:40.021+0000] {dagbag.py:588} INFO - Filling up the DagBag from /opt/airflow/dags/weather_dag.py
[2026-08-18T02:58:40.035+0000] {processor.py:925} INFO - DAG(s) 'weather_ingestion' retrieved from /opt/airflow/dags/weather_dag.py
[2026-08-18T02:58:40.078+0000] {logging_mixin.py:190} INFO - [2026-08-18T02:58:40.078+0000] {dag.py:3239} INFO - Sync 1 DAGs
[2026-08-18T02:58:40.092+0000] {logging_mixin.py:190} INFO - [2026-08-18T02:58:40.092+0000] {dag.py:4180} INFO - Setting next_dagrun for weather_ingestion to 2026-08-18 02:00:00+00:00, run_after=2026-08-18 03:00:00+00:00
[2026-08-18T02:58:40.101+0000] {processor.py:208} INFO - Processing /opt/airflow/dags/weather_dag.py took 0.088 seconds
[2026-08-18T02:59:10.427+0000] {processor.py:186} INFO - Started process (PID=9680) to work on /opt/airflow/dags/weather_dag.py
[2026-08-18T02:59:10.429+0000] {processor.py:914} INFO - Processing file /opt/airflow/dags/weather_dag.py for tasks to queue
[2026-08-18T02:59:10.431+0000] {logging_mixin.py:190} INFO - [2026-08-18T02:59:10.431+0000] {dagbag.py:588} INFO - Filling up the DagBag from /opt/airflow/dags/weather_dag.py
[2026-08-18T02:59:10.443+0000] {processor.py:925} INFO - DAG(s) 'weather_ingestion' retrieved from /opt/airflow/dags/weather_dag.py
[2026-08-18T02:59:10.462+0000] {logging_mixin.py:190} INFO - [2026-08-18T02:59:10.462+0000] {dag.py:3239} INFO - Sync 1 DAGs
[2026-08-18T02:59:10.474+0000] {logging_mixin.py:190} INFO - [2026-08-18T02:59:10.474+0000] {dag.py:4180} INFO - Setting next_dagrun for weather_ingestion to 2026-08-18 02:00:00+00:00, run_after=2026-08-18 03:00:00+00:00
[2026-08-18T02:59:10.481+0000] {processor.py:208} INFO - Processing /opt/airflow/dags/weather_dag.py took 0.061 seconds
[2026-08-18T02:59:40.723+0000] {processor.py:186} INFO - Started process (PID=9685) to work on /opt/airflow/dags/weather_dag.py
[2026-08-18T02:59:40.724+0000] {processor.py:914} INFO - Processing file /opt/airflow/dags/weather_dag.py for tasks to queue
[2026-08-18T02:59:40.727+0000] {logging_mixin.py:190} INFO - [2026-08-18T02:59:40.726+0000] {dagbag.py:588} INFO - Filling up the DagBag from /opt/airflow/dags/weather_dag.py
[2026-08-18T02:59:40.738+0000] {processor.py:925} INFO - DAG(s) 'weather_ingestion' retrieved from /opt/airflow/dags/weather_dag.py
[2026-08-18T02:59:40.758+0000] {logging_mixin.py:190} INFO - [2026-08-18T02:59:40.758+0000] {dag.py:3239} INFO - Sync 1 DAGs
[2026-08-18T02:59:40.770+0000] {logging_mixin.py:190} INFO - [2026-08-18T02:59:40.770+0000] {dag.py:4180} INFO - Setting next_dagrun for weather_ingestion to 2026-08-18 02:00:00+00:00, run_after=2026-08-18 03:00:00+00:00
[2026-08-18T02:59:40.778+0000] {processor.py:208} INFO - Processing /opt/airflow/dags/weather_dag.py took 0.061 seconds
[2026-08-18T03:00:11.063+0000] {processor.py:186} INFO - Started process (PID=9698) to work on /opt/airflow/dags/weather_dag.py
[2026-08-18T03:00:11.064+0000] {processor.py:914} INFO - Processing file /opt/airflow/dags/weather_dag.py for tasks to queue
[2026-08-18T03:00:11.068+0000] {logging_mixin.py:190} INFO - [2026-08-18T03:00:11.067+0000] {dagbag.py:588} INFO - Filling up the DagBag from /opt/airflow/dags/weather_dag.py
[2026-08-18T03:00:11.082+0000] {processor.py:925} INFO - DAG(s) 'weather_ingestion' retrieved from /opt/airflow/dags/weather_dag.py
[2026-08-18T03:00:11.102+0000] {logging_mixin.py:190} INFO - [2026-08-18T03:00:11.102+0000] {dag.py:3239} INFO - Sync 1 DAGs
[2026-08-18T03:00:11.115+0000] {logging_mixin.py:190} INFO - [2026-08-18T03:00:11.114+0000] {dag.py:4180} INFO - Setting next_dagrun for weather_ingestion to 2026-08-18 03:00:00+00:00, run_after=2026-08-18 04:00:00+00:00
[2026-08-18T03:00:11.122+0000] {processor.py:208} INFO - Processing /opt/airflow/dags/weather_dag.py took 0.068 seconds
[2026-08-18T03:00:41.436+0000] {processor.py:186} INFO - Started process (PID=9703) to work on /opt/airflow/dags/weather_dag.py
[2026-08-18T03:00:41.437+0000] {processor.py:914} INFO - Processing file /opt/airflow/dags/weather_dag.py for tasks to queue
[2026-08-18T03:00:41.442+0000] {logging_mixin.py:190} INFO - [2026-08-18T03:00:41.441+0000] {dagbag.py:588} INFO - Filling up the DagBag from /opt/airflow/dags/weather_dag.py
[2026-08-18T03:00:41.508+0000] {processor.py:925} INFO - DAG(s) 'weather_ingestion' retrieved from /opt/airflow/dags/weather_dag.py
[2026-08-18T03:00:41.550+0000] {logging_mixin.py:190} INFO - [2026-08-18T03:00:41.549+0000] {dag.py:3239} INFO - Sync 1 DAGs
[2026-08-18T03:00:41.568+0000] {logging_mixin.py:190} INFO - [2026-08-18T03:00:41.568+0000] {dag.py:4180} INFO - Setting next_dagrun for weather_ingestion to 2026-08-18 03:00:00+00:00, run_after=2026-08-18 04:00:00+00:00
[2026-08-18T03:00:41.578+0000] {processor.py:208} INFO - Processing /opt/airflow/dags/weather_dag.py took 0.152 seconds
[2026-08-18T03:01:11.725+0000] {processor.py:186} INFO - Started process (PID=9708) to work on /opt/airflow/dags/weather_dag.py
[2026-08-18T03:01:11.726+0000] {processor.py:914} INFO - Processing file /opt/airflow/dags/weather_dag.py for tasks to queue
[2026-08-18T03:01:11.728+0000] {logging_mixin.py:190} INFO - [2026-08-18T03:01:11.728+0000] {dagbag.py:588} INFO - Filling up the DagBag from /opt/airflow/dags/weather_dag.py
[2026-08-18T03:01:11.737+0000] {processor.py:925} INFO - DAG(s) 'weather_ingestion' retrieved from /opt/airflow/dags/weather_dag.py
[2026-08-18T03:01:11.752+0000] {logging_mixin.py:190} INFO - [2026-08-18T03:01:11.752+0000] {dag.py:3239} INFO - Sync 1 DAGs
[2026-08-18T03:01:11.764+0000] {logging_mixin.py:190} INFO - [2026-08-18T03:01:11.763+0000] {dag.py:4180} INFO - Setting next_dagrun for weather_ingestion to 2026-08-18 03:00:00+00:00, run_after=2026-08-18 04:00:00+00:00
[2026-08-18T03:01:11.770+0000] {processor.py:208} INFO - Processing /opt/airflow/dags/weather_dag.py took 0.050 seconds
[2026-08-18T03:01:42.174+0000] {processor.py:186} INFO - Started process (PID=9713) to work on /opt/airflow/dags/weather_dag.py
[2026-08-18T03:01:42.184+0000] {processor.py:914} INFO - Processing file /opt/airflow/dags/weather_dag.py for tasks to queue
[2026-08-18T03:01:42.209+0000] {logging_mixin.py:190} INFO - [2026-08-18T03:01:42.207+0000] {dagbag.py:588} INFO - Filling up the DagBag from /opt/airflow/dags/weather_dag.py
[2026-08-18T03:01:42.231+0000] {processor.py:925} INFO - DAG(s) 'weather_ingestion' retrieved from /opt/airflow/dags/weather_dag.py
[2026-08-18T03:01:42.259+0000] {logging_mixin.py:190} INFO - [2026-08-18T03:01:42.259+0000] {dag.py:3239} INFO - Sync 1 DAGs
[2026-08-18T03:01:42.278+0000] {logging_mixin.py:190} INFO - [2026-08-18T03:01:42.278+0000] {dag.py:4180} INFO - Setting next_dagrun for weather_ingestion to 2026-08-18 03:00:00+00:00, run_after=2026-08-18 04:00:00+00:00
[2026-08-18T03:01:42.289+0000] {processor.py:208} INFO - Processing /opt/airflow/dags/weather_dag.py took 0.127 seconds
[2026-08-18T03:02:12.459+0000] {processor.py:186} INFO - Started process (PID=9726) to work on /opt/airflow/dags/weather_dag.py
[2026-08-18T03:02:12.461+0000] {processor.py:914} INFO - Processing file /opt/airflow/dags/weather_dag.py for tasks to queue
[2026-08-18T03:02:12.464+0000] {logging_mixin.py:190} INFO - [2026-08-18T03:02:12.464+0000] {dagbag.py:588} INFO - Filling up the DagBag from /opt/airflow/dags/weather_dag.py
[2026-08-18T03:02:12.478+0000] {processor.py:925} INFO - DAG(s) 'weather_ingestion' retrieved from /opt/airflow/dags/weather_dag.py
[2026-08-18T03:02:12.506+0000] {logging_mixin.py:190} INFO - [2026-08-18T03:02:12.506+0000] {dag.py:3239} INFO - Sync 1 DAGs
[2026-08-18T03:02:12.521+0000] {logging_mixin.py:190} INFO - [2026-08-18T03:02:12.521+0000] {dag.py:4180} INFO - Setting next_dagrun for weather_ingestion to 2026-08-18 03:00:00+00:00, run_after=2026-08-18 04:00:00+00:00
[2026-08-18T03:02:12.532+0000] {processor.py:208} INFO - Processing /opt/airflow/dags/weather_dag.py took 0.084 seconds
[2026-08-18T03:02:42.859+0000] {processor.py:186} INFO - Started process (PID=9731) to work on /opt/airflow/dags/weather_dag.py
[2026-08-18T03:02:42.861+0000] {processor.py:914} INFO - Processing file /opt/airflow/dags/weather_dag.py for tasks to queue
[2026-08-18T03:02:42.866+0000] {logging_mixin.py:190} INFO - [2026-08-18T03:02:42.865+0000] {dagbag.py:588} INFO - Filling up the DagBag from /opt/airflow/dags/weather_dag.py
[2026-08-18T03:02:42.895+0000] {processor.py:925} INFO - DAG(s) 'weather_ingestion' retrieved from /opt/airflow/dags/weather_dag.py
[2026-08-18T03:02:42.940+0000] {logging_mixin.py:190} INFO - [2026-08-18T03:02:42.940+0000] {dag.py:3239} INFO - Sync 1 DAGs
[2026-08-18T03:02:42.956+0000] {logging_mixin.py:190} INFO - [2026-08-18T03:02:42.956+0000] {dag.py:4180} INFO - Setting next_dagrun for weather_ingestion to 2026-08-18 03:00:00+00:00, run_after=2026-08-18 04:00:00+00:00
[2026-08-18T03:02:42.965+0000] {processor.py:208} INFO - Processing /opt/airflow/dags/weather_dag.py took 0.116 seconds
[2026-08-18T03:03:13.200+0000] {processor.py:186} INFO - Started process (PID=9736) to work on /opt/airflow/dags/weather_dag.py
[2026-08-18T03:03:13.202+0000] {processor.py:914} INFO - Processing file /opt/airflow/dags/weather_dag.py for tasks to queue
[2026-08-18T03:03:13.205+0000] {logging_mixin.py:190} INFO - [2026-08-18T03:03:13.205+0000] {dagbag.py:588} INFO - Filling up the DagBag from /opt/airflow/dags/weather_dag.py
[2026-08-18T03:03:13.219+0000] {processor.py:925} INFO - DAG(s) 'weather_ingestion' retrieved from /opt/airflow/dags/weather_dag.py
[2026-08-18T03:03:13.239+0000] {logging_mixin.py:190} INFO - [2026-08-18T03:03:13.239+0000] {dag.py:3239} INFO - Sync 1 DAGs
[2026-08-18T03:03:13.253+0000] {logging_mixin.py:190} INFO - [2026-08-18T03:03:13.253+0000] {dag.py:4180} INFO - Setting next_dagrun for weather_ingestion to 2026-08-18 03:00:00+00:00, run_after=2026-08-18 04:00:00+00:00
[2026-08-18T03:03:13.263+0000] {processor.py:208} INFO - Processing /opt/airflow/dags/weather_dag.py took 0.072 seconds
[2026-08-18T03:03:43.615+0000] {processor.py:186} INFO - Started process (PID=9741) to work on /opt/airflow/dags/weather_dag.py
[2026-08-18T03:03:43.618+0000] {processor.py:914} INFO - Processing file /opt/airflow/dags/weather_dag.py for tasks to queue
[2026-08-18T03:03:43.624+0000] {logging_mixin.py:190} INFO - [2026-08-18T03:03:43.623+0000] {dagbag.py:588} INFO - Filling up the DagBag from /opt/airflow/dags/weather_dag.py
[2026-08-18T03:03:43.649+0000] {processor.py:925} INFO - DAG(s) 'weather_ingestion' retrieved from /opt/airflow/dags/weather_dag.py
[2026-08-18T03:03:43.671+0000] {logging_mixin.py:190} INFO - [2026-08-18T03:03:43.671+0000] {dag.py:3239} INFO - Sync 1 DAGs
[2026-08-18T03:03:43.707+0000] {logging_mixin.py:190} INFO - [2026-08-18T03:03:43.707+0000] {dag.py:4180} INFO - Setting next_dagrun for weather_ingestion to 2026-08-18 03:00:00+00:00, run_after=2026-08-18 04:00:00+00:00
[2026-08-18T03:03:43.721+0000] {processor.py:208} INFO - Processing /opt/airflow/dags/weather_dag.py took 0.117 seconds
[2026-08-18T03:04:13.928+0000] {processor.py:186} INFO - Started process (PID=9746) to work on /opt/airflow/dags/weather_dag.py
[2026-08-18T03:04:13.929+0000] {processor.py:914} INFO - Processing file /opt/airflow/dags/weather_dag.py for tasks to queue
[2026-08-18T03:04:13.931+0000] {logging_mixin.py:190} INFO - [2026-08-18T03:04:13.930+0000] {dagbag.py:588} INFO - Filling up the DagBag from /opt/airflow/dags/weather_dag.py
[2026-08-18T03:04:13.940+0000] {processor.py:925} INFO - DAG(s) 'weather_ingestion' retrieved from /opt/airflow/dags/weather_dag.py
[2026-08-18T03:04:13.957+0000] {logging_mixin.py:190} INFO - [2026-08-18T03:04:13.957+0000] {dag.py:3239} INFO - Sync 1 DAGs
[2026-08-18T03:04:13.970+0000] {logging_mixin.py:190} INFO - [2026-08-18T03:04:13.970+0000] {dag.py:4180} INFO - Setting next_dagrun for weather_ingestion to 2026-08-18 03:00:00+00:00, run_after=2026-08-18 04:00:00+00:00
[2026-08-18T03:04:13.980+0000] {processor.py:208} INFO - Processing /opt/airflow/dags/weather_dag.py took 0.058 seconds
[2026-08-18T03:04:44.357+0000] {processor.py:186} INFO - Started process (PID=9751) to work on /opt/airflow/dags/weather_dag.py
[2026-08-18T03:04:44.359+0000] {processor.py:914} INFO - Processing file /opt/airflow/dags/weather_dag.py for tasks to queue
[2026-08-18T03:04:44.365+0000] {logging_mixin.py:190} INFO - [2026-08-18T03:04:44.364+0000] {dagbag.py:588} INFO - Filling up the DagBag from /opt/airflow/dags/weather_dag.py
[2026-08-18T03:04:44.387+0000] {processor.py:925} INFO - DAG(s) 'weather_ingestion' retrieved from /opt/airflow/dags/weather_dag.py
[2026-08-18T03:04:44.415+0000] {logging_mixin.py:190} INFO - [2026-08-18T03:04:44.415+0000] {dag.py:3239} INFO - Sync 1 DAGs
[2026-08-18T03:04:44.432+0000] {logging_mixin.py:190} INFO - [2026-08-18T03:04:44.432+0000] {dag.py:4180} INFO - Setting next_dagrun for weather_ingestion to 2026-08-18 03:00:00+00:00, run_after=2026-08-18 04:00:00+00:00
[2026-08-18T03:04:44.442+0000] {processor.py:208} INFO - Processing /opt/airflow/dags/weather_dag.py took 0.096 seconds
[2026-08-18T03:05:14.675+0000] {processor.py:186} INFO - Started process (PID=9756) to work on /opt/airflow/dags/weather_dag.py
[2026-08-18T03:05:14.678+0000] {processor.py:914} INFO - Processing file /opt/airflow/dags/weather_dag.py for tasks to queue
[2026-08-18T03:05:14.682+0000] {logging_mixin.py:190} INFO - [2026-08-18T03:05:14.682+0000] {dagbag.py:588} INFO - Filling up the DagBag from /opt/airflow/dags/weather_dag.py
[2026-08-18T03:05:14.697+0000] {processor.py:925} INFO - DAG(s) 'weather_ingestion' retrieved from /opt/airflow/dags/weather_dag.py
[2026-08-18T03:05:14.719+0000] {logging_mixin.py:190} INFO - [2026-08-18T03:05:14.719+0000] {dag.py:3239} INFO - Sync 1 DAGs
[2026-08-18T03:05:14.733+0000] {logging_mixin.py:190} INFO - [2026-08-18T03:05:14.733+0000] {dag.py:4180} INFO - Setting next_dagrun for weather_ingestion to 2026-08-18 03:00:00+00:00, run_after=2026-08-18 04:00:00+00:00
[2026-08-18T03:05:14.741+0000] {processor.py:208} INFO - Processing /opt/airflow/dags/weather_dag.py took 0.074 seconds
[2026-08-18T03:05:45.053+0000] {processor.py:186} INFO - Started process (PID=9761) to work on /opt/airflow/dags/weather_dag.py
[2026-08-18T03:05:45.055+0000] {processor.py:914} INFO - Processing file /opt/airflow/dags/weather_dag.py for tasks to queue
[2026-08-18T03:05:45.063+0000] {logging_mixin.py:190} INFO - [2026-08-18T03:05:45.061+0000] {dagbag.py:588} INFO - Filling up the DagBag from /opt/airflow/dags/weather_dag.py
[2026-08-18T03:05:45.086+0000] {processor.py:925} INFO - DAG(s) 'weather_ingestion' retrieved from /opt/airflow/dags/weather_dag.py
[2026-08-18T03:05:45.111+0000] {logging_mixin.py:190} INFO - [2026-08-18T03:05:45.111+0000] {dag.py:3239} INFO - Sync 1 DAGs
[2026-08-18T03:05:45.127+0000] {logging_mixin.py:190} INFO - [2026-08-18T03:05:45.127+0000] {dag.py:4180} INFO - Setting next_dagrun for weather_ingestion to 2026-08-18 03:00:00+00:00, run_after=2026-08-18 04:00:00+00:00
[2026-08-18T03:05:45.141+0000] {processor.py:208} INFO - Processing /opt/airflow/dags/weather_dag.py took 0.098 seconds
[2026-08-18T03:06:15.436+0000] {processor.py:186} INFO - Started process (PID=9766) to work on /opt/airflow/dags/weather_dag.py
[2026-08-18T03:06:15.437+0000] {processor.py:914} INFO - Processing file /opt/airflow/dags/weather_dag.py for tasks to queue
[2026-08-18T03:06:15.439+0000] {logging_mixin.py:190} INFO - [2026-08-18T03:06:15.438+0000] {dagbag.py:588} INFO - Filling up the DagBag from /opt/airflow/dags/weather_dag.py
[2026-08-18T03:06:15.450+0000] {processor.py:925} INFO - DAG(s) 'weather_ingestion' retrieved from /opt/airflow/dags/weather_dag.py
[2026-08-18T03:06:15.469+0000] {logging_mixin.py:190} INFO - [2026-08-18T03:06:15.469+0000] {dag.py:3239} INFO - Sync 1 DAGs
[2026-08-18T03:06:15.483+0000] {logging_mixin.py:190} INFO - [2026-08-18T03:06:15.483+0000] {dag.py:4180} INFO - Setting next_dagrun for weather_ingestion to 2026-08-18 03:00:00+00:00, run_after=2026-08-18 04:00:00+00:00
[2026-08-18T03:06:15.491+0000] {processor.py:208} INFO - Processing /opt/airflow/dags/weather_dag.py took 0.062 seconds
[2026-08-18T03:06:45.763+0000] {processor.py:186} INFO - Started process (PID=9771) to work on /opt/airflow/dags/weather_dag.py
[2026-08-18T03:06:45.764+0000] {processor.py:914} INFO - Processing file /opt/airflow/dags/weather_dag.py for tasks to queue
[2026-08-18T03:06:45.768+0000] {logging_mixin.py:190} INFO - [2026-08-18T03:06:45.768+0000] {dagbag.py:588} INFO - Filling up the DagBag from /opt/airflow/dags/weather_dag.py
[2026-08-18T03:06:45.793+0000] {processor.py:925} INFO - DAG(s) 'weather_ingestion' retrieved from /opt/airflow/dags/weather_dag.py
[2026-08-18T03:06:45.818+0000] {logging_mixin.py:190} INFO - [2026-08-18T03:06:45.817+0000] {dag.py:3239} INFO - Sync 1 DAGs
[2026-08-18T03:06:45.834+0000] {logging_mixin.py:190} INFO - [2026-08-18T03:06:45.834+0000] {dag.py:4180} INFO - Setting next_dagrun for weather_ingestion to 2026-08-18 03:00:00+00:00, run_after=2026-08-18 04:00:00+00:00
[2026-08-18T03:06:45.847+0000] {processor.py:208} INFO - Processing /opt/airflow/dags/weather_dag.py took 0.091 seconds
[2026-08-18T03:07:16.000+0000] {processor.py:186} INFO - Started process (PID=9996) to work on /opt/airflow/dags/weather_dag.py
[2026-08-18T03:07:16.001+0000] {processor.py:914} INFO - Processing file /opt/airflow/dags/weather_dag.py for tasks to queue
[2026-08-18T03:07:16.003+0000] {logging_mixin.py:190} INFO - [2026-08-18T03:07:16.003+0000] {dagbag.py:588} INFO - Filling up the DagBag from /opt/airflow/dags/weather_dag.py
[2026-08-18T03:07:16.013+0000] {processor.py:925} INFO - DAG(s) 'weather_ingestion' retrieved from /opt/airflow/dags/weather_dag.py
[2026-08-18T03:07:16.033+0000] {logging_mixin.py:190} INFO - [2026-08-18T03:07:16.033+0000] {dag.py:3239} INFO - Sync 1 DAGs
[2026-08-18T03:07:16.059+0000] {logging_mixin.py:190} INFO - [2026-08-18T03:07:16.059+0000] {dag.py:4180} INFO - Setting next_dagrun for weather_ingestion to 2026-08-18 03:00:00+00:00, run_after=2026-08-18 04:00:00+00:00
[2026-08-18T03:07:16.074+0000] {processor.py:208} INFO - Processing /opt/airflow/dags/weather_dag.py took 0.077 seconds
[2026-08-18T03:07:46.385+0000] {processor.py:186} INFO - Started process (PID=10192) to work on /opt/airflow/dags/weather_dag.py
[2026-08-18T03:07:46.387+0000] {processor.py:914} INFO - Processing file /opt/airflow/dags/weather_dag.py for tasks to queue
[2026-08-18T03:07:46.393+0000] {logging_mixin.py:190} INFO - [2026-08-18T03:07:46.392+0000] {dagbag.py:588} INFO - Filling up the DagBag from /opt/airflow/dags/weather_dag.py
[2026-08-18T03:07:46.419+0000] {processor.py:925} INFO - DAG(s) 'weather_ingestion' retrieved from /opt/airflow/dags/weather_dag.py
[2026-08-18T03:07:46.451+0000] {logging_mixin.py:190} INFO - [2026-08-18T03:07:46.451+0000] {dag.py:3239} INFO - Sync 1 DAGs
[2026-08-18T03:07:46.466+0000] {logging_mixin.py:190} INFO - [2026-08-18T03:07:46.466+0000] {dag.py:4180} INFO - Setting next_dagrun for weather_ingestion to 2026-08-18 03:00:00+00:00, run_after=2026-08-18 04:00:00+00:00
[2026-08-18T03:07:46.482+0000] {processor.py:208} INFO - Processing /opt/airflow/dags/weather_dag.py took 0.120 seconds
[2026-08-18T03:08:16.677+0000] {processor.py:186} INFO - Started process (PID=10197) to work on /opt/airflow/dags/weather_dag.py
[2026-08-18T03:08:16.679+0000] {processor.py:914} INFO - Processing file /opt/airflow/dags/weather_dag.py for tasks to queue
[2026-08-18T03:08:16.682+0000] {logging_mixin.py:190} INFO - [2026-08-18T03:08:16.681+0000] {dagbag.py:588} INFO - Filling up the DagBag from /opt/airflow/dags/weather_dag.py
[2026-08-18T03:08:16.696+0000] {processor.py:925} INFO - DAG(s) 'weather_ingestion' retrieved from /opt/airflow/dags/weather_dag.py
[2026-08-18T03:08:16.721+0000] {logging_mixin.py:190} INFO - [2026-08-18T03:08:16.721+0000] {dag.py:3239} INFO - Sync 1 DAGs
[2026-08-18T03:08:16.736+0000] {logging_mixin.py:190} INFO - [2026-08-18T03:08:16.736+0000] {dag.py:4180} INFO - Setting next_dagrun for weather_ingestion to 2026-08-18 03:00:00+00:00, run_after=2026-08-18 04:00:00+00:00
[2026-08-18T03:08:16.744+0000] {processor.py:208} INFO - Processing /opt/airflow/dags/weather_dag.py took 0.077 seconds
[2026-08-18T03:08:47.028+0000] {processor.py:186} INFO - Started process (PID=10202) to work on /opt/airflow/dags/weather_dag.py
[2026-08-18T03:08:47.030+0000] {processor.py:914} INFO - Processing file /opt/airflow/dags/weather_dag.py for tasks to queue
[2026-08-18T03:08:47.036+0000] {logging_mixin.py:190} INFO - [2026-08-18T03:08:47.036+0000] {dagbag.py:588} INFO - Filling up the DagBag from /opt/airflow/dags/weather_dag.py
[2026-08-18T03:08:47.065+0000] {processor.py:925} INFO - DAG(s) 'weather_ingestion' retrieved from /opt/airflow/dags/weather_dag.py
[2026-08-18T03:08:47.111+0000] {logging_mixin.py:190} INFO - [2026-08-18T03:08:47.111+0000] {dag.py:3239} INFO - Sync 1 DAGs
[2026-08-18T03:08:47.132+0000] {logging_mixin.py:190} INFO - [2026-08-18T03:08:47.132+0000] {dag.py:4180} INFO - Setting next_dagrun for weather_ingestion to 2026-08-18 03:00:00+00:00, run_after=2026-08-18 04:00:00+00:00
[2026-08-18T03:08:47.143+0000] {processor.py:208} INFO - Processing /opt/airflow/dags/weather_dag.py took 0.128 seconds
[2026-08-18T03:09:17.793+0000] {processor.py:186} INFO - Started process (PID=10207) to work on /opt/airflow/dags/weather_dag.py
[2026-08-18T03:09:17.795+0000] {processor.py:914} INFO - Processing file /opt/airflow/dags/weather_dag.py for tasks to queue
[2026-08-18T03:09:17.802+0000] {logging_mixin.py:190} INFO - [2026-08-18T03:09:17.801+0000] {dagbag.py:588} INFO - Filling up the DagBag from /opt/airflow/dags/weather_dag.py
[2026-08-18T03:09:17.873+0000] {processor.py:925} INFO - DAG(s) 'weather_ingestion' retrieved from /opt/airflow/dags/weather_dag.py
[2026-08-18T03:09:17.907+0000] {logging_mixin.py:190} INFO - [2026-08-18T03:09:17.907+0000] {dag.py:3239} INFO - Sync 1 DAGs
[2026-08-18T03:09:17.948+0000] {logging_mixin.py:190} INFO - [2026-08-18T03:09:17.948+0000] {dag.py:4180} INFO - Setting next_dagrun for weather_ingestion to 2026-08-18 03:00:00+00:00, run_after=2026-08-18 04:00:00+00:00
[2026-08-18T03:09:17.960+0000] {processor.py:208} INFO - Processing /opt/airflow/dags/weather_dag.py took 0.181 seconds
[2026-08-18T03:09:48.166+0000] {processor.py:186} INFO - Started process (PID=10212) to work on /opt/airflow/dags/weather_dag.py
[2026-08-18T03:09:48.167+0000] {processor.py:914} INFO - Processing file /opt/airflow/dags/weather_dag.py for tasks to queue
[2026-08-18T03:09:48.170+0000] {logging_mixin.py:190} INFO - [2026-08-18T03:09:48.170+0000] {dagbag.py:588} INFO - Filling up the DagBag from /opt/airflow/dags/weather_dag.py
[2026-08-18T03:09:48.191+0000] {processor.py:925} INFO - DAG(s) 'weather_ingestion' retrieved from /opt/airflow/dags/weather_dag.py
[2026-08-18T03:09:48.248+0000] {logging_mixin.py:190} INFO - [2026-08-18T03:09:48.248+0000] {dag.py:3239} INFO - Sync 1 DAGs
[2026-08-18T03:09:48.268+0000] {logging_mixin.py:190} INFO - [2026-08-18T03:09:48.268+0000] {dag.py:4180} INFO - Setting next_dagrun for weather_ingestion to 2026-08-18 03:00:00+00:00, run_after=2026-08-18 04:00:00+00:00
[2026-08-18T03:09:48.279+0000] {processor.py:208} INFO - Processing /opt/airflow/dags/weather_dag.py took 0.129 seconds
[2026-08-18T03:10:18.560+0000] {processor.py:186} INFO - Started process (PID=10217) to work on /opt/airflow/dags/weather_dag.py
[2026-08-18T03:10:18.561+0000] {processor.py:914} INFO - Processing file /opt/airflow/dags/weather_dag.py for tasks to queue
[2026-08-18T03:10:18.564+0000] {logging_mixin.py:190} INFO - [2026-08-18T03:10:18.563+0000] {dagbag.py:588} INFO - Filling up the DagBag from /opt/airflow/dags/weather_dag.py
[2026-08-18T03:10:18.575+0000] {processor.py:925} INFO - DAG(s) 'weather_ingestion' retrieved from /opt/airflow/dags/weather_dag.py
[2026-08-18T03:10:18.594+0000] {logging_mixin.py:190} INFO - [2026-08-18T03:10:18.594+0000] {dag.py:3239} INFO - Sync 1 DAGs
[2026-08-18T03:10:18.606+0000] {logging_mixin.py:190} INFO - [2026-08-18T03:10:18.606+0000] {dag.py:4180} INFO - Setting next_dagrun for weather_ingestion to 2026-08-18 03:00:00+00:00, run_after=2026-08-18 04:00:00+00:00
[2026-08-18T03:10:18.616+0000] {processor.py:208} INFO - Processing /opt/airflow/dags/weather_dag.py took 0.062 seconds
[2026-08-18T03:10:48.976+0000] {processor.py:186} INFO - Started process (PID=10222) to work on /opt/airflow/dags/weather_dag.py
[2026-08-18T03:10:48.978+0000] {processor.py:914} INFO - Processing file /opt/airflow/dags/weather_dag.py for tasks to queue
[2026-08-18T03:10:48.983+0000] {logging_mixin.py:190} INFO - [2026-08-18T03:10:48.982+0000] {dagbag.py:588} INFO - Filling up the DagBag from /opt/airflow/dags/weather_dag.py
[2026-08-18T03:10:49.005+0000] {processor.py:925} INFO - DAG(s) 'weather_ingestion' retrieved from /opt/airflow/dags/weather_dag.py
[2026-08-18T03:10:49.038+0000] {logging_mixin.py:190} INFO - [2026-08-18T03:10:49.038+0000] {dag.py:3239} INFO - Sync 1 DAGs
[2026-08-18T03:10:49.072+0000] {logging_mixin.py:190} INFO - [2026-08-18T03:10:49.071+0000] {dag.py:4180} INFO - Setting next_dagrun for weather_ingestion to 2026-08-18 03:00:00+00:00, run_after=2026-08-18 04:00:00+00:00
[2026-08-18T03:10:49.089+0000] {processor.py:208} INFO - Processing /opt/airflow/dags/weather_dag.py took 0.153 seconds
[2026-08-18T03:11:19.231+0000] {processor.py:186} INFO - Started process (PID=10227) to work on /opt/airflow/dags/weather_dag.py
[2026-08-18T03:11:19.232+0000] {processor.py:914} INFO - Processing file /opt/airflow/dags/weather_dag.py for tasks to queue
[2026-08-18T03:11:19.235+0000] {logging_mixin.py:190} INFO - [2026-08-18T03:11:19.234+0000] {dagbag.py:588} INFO - Filling up the DagBag from /opt/airflow/dags/weather_dag.py
[2026-08-18T03:11:19.246+0000] {processor.py:925} INFO - DAG(s) 'weather_ingestion' retrieved from /opt/airflow/dags/weather_dag.py
[2026-08-18T03:11:19.266+0000] {logging_mixin.py:190} INFO - [2026-08-18T03:11:19.266+0000] {dag.py:3239} INFO - Sync 1 DAGs
[2026-08-18T03:11:19.278+0000] {logging_mixin.py:190} INFO - [2026-08-18T03:11:19.278+0000] {dag.py:4180} INFO - Setting next_dagrun for weather_ingestion to 2026-08-18 03:00:00+00:00, run_after=2026-08-18 04:00:00+00:00
[2026-08-18T03:11:19.285+0000] {processor.py:208} INFO - Processing /opt/airflow/dags/weather_dag.py took 0.062 seconds
[2026-08-18T03:11:41.637+0000] {processor.py:186} INFO - Started process (PID=10232) to work on /opt/airflow/dags/weather_dag.py
[2026-08-18T03:11:41.638+0000] {processor.py:914} INFO - Processing file /opt/airflow/dags/weather_dag.py for tasks to queue
[2026-08-18T03:11:41.643+0000] {logging_mixin.py:190} INFO - [2026-08-18T03:11:41.642+0000] {dagbag.py:588} INFO - Filling up the DagBag from /opt/airflow/dags/weather_dag.py
[2026-08-18T03:11:41.666+0000] {processor.py:925} INFO - DAG(s) 'weather_ingestion' retrieved from /opt/airflow/dags/weather_dag.py
[2026-08-18T03:11:41.806+0000] {logging_mixin.py:190} INFO - [2026-08-18T03:11:41.806+0000] {dag.py:3239} INFO - Sync 1 DAGs
[2026-08-18T03:11:41.821+0000] {logging_mixin.py:190} INFO - [2026-08-18T03:11:41.821+0000] {dag.py:4180} INFO - Setting next_dagrun for weather_ingestion to 2026-08-18 03:00:00+00:00, run_after=2026-08-18 04:00:00+00:00
[2026-08-18T03:11:41.835+0000] {processor.py:208} INFO - Processing /opt/airflow/dags/weather_dag.py took 0.210 seconds
[2026-08-18T03:11:42.874+0000] {processor.py:186} INFO - Started process (PID=10237) to work on /opt/airflow/dags/weather_dag.py
[2026-08-18T03:11:42.875+0000] {processor.py:914} INFO - Processing file /opt/airflow/dags/weather_dag.py for tasks to queue
[2026-08-18T03:11:42.877+0000] {logging_mixin.py:190} INFO - [2026-08-18T03:11:42.877+0000] {dagbag.py:588} INFO - Filling up the DagBag from /opt/airflow/dags/weather_dag.py
[2026-08-18T03:11:42.894+0000] {processor.py:925} INFO - DAG(s) 'weather_ingestion' retrieved from /opt/airflow/dags/weather_dag.py
[2026-08-18T03:11:42.906+0000] {logging_mixin.py:190} INFO - [2026-08-18T03:11:42.906+0000] {dag.py:3239} INFO - Sync 1 DAGs
[2026-08-18T03:11:42.920+0000] {logging_mixin.py:190} INFO - [2026-08-18T03:11:42.920+0000] {dag.py:4180} INFO - Setting next_dagrun for weather_ingestion to 2026-08-18 03:00:00+00:00, run_after=2026-08-18 04:00:00+00:00
[2026-08-18T03:11:42.928+0000] {processor.py:208} INFO - Processing /opt/airflow/dags/weather_dag.py took 0.061 seconds
[2026-08-18T03:12:13.195+0000] {processor.py:186} INFO - Started process (PID=10242) to work on /opt/airflow/dags/weather_dag.py
[2026-08-18T03:12:13.196+0000] {processor.py:914} INFO - Processing file /opt/airflow/dags/weather_dag.py for tasks to queue
[2026-08-18T03:12:13.197+0000] {logging_mixin.py:190} INFO - [2026-08-18T03:12:13.197+0000] {dagbag.py:588} INFO - Filling up the DagBag from /opt/airflow/dags/weather_dag.py
[2026-08-18T03:12:13.206+0000] {processor.py:925} INFO - DAG(s) 'weather_ingestion' retrieved from /opt/airflow/dags/weather_dag.py
[2026-08-18T03:12:13.225+0000] {logging_mixin.py:190} INFO - [2026-08-18T03:12:13.225+0000] {dag.py:3239} INFO - Sync 1 DAGs
[2026-08-18T03:12:13.240+0000] {logging_mixin.py:190} INFO - [2026-08-18T03:12:13.240+0000] {dag.py:4180} INFO - Setting next_dagrun for weather_ingestion to 2026-08-18 03:00:00+00:00, run_after=2026-08-18 04:00:00+00:00
[2026-08-18T03:12:13.250+0000] {processor.py:208} INFO - Processing /opt/airflow/dags/weather_dag.py took 0.060 seconds
[2026-08-18T03:12:43.593+0000] {processor.py:186} INFO - Started process (PID=10247) to work on /opt/airflow/dags/weather_dag.py
[2026-08-18T03:12:43.595+0000] {processor.py:914} INFO - Processing file /opt/airflow/dags/weather_dag.py for tasks to queue
[2026-08-18T03:12:43.604+0000] {logging_mixin.py:190} INFO - [2026-08-18T03:12:43.603+0000] {dagbag.py:588} INFO - Filling up the DagBag from /opt/airflow/dags/weather_dag.py
[2026-08-18T03:12:43.628+0000] {processor.py:925} INFO - DAG(s) 'weather_ingestion' retrieved from /opt/airflow/dags/weather_dag.py
[2026-08-18T03:12:43.691+0000] {logging_mixin.py:190} INFO - [2026-08-18T03:12:43.691+0000] {dag.py:3239} INFO - Sync 1 DAGs
[2026-08-18T03:12:43.711+0000] {logging_mixin.py:190} INFO - [2026-08-18T03:12:43.711+0000] {dag.py:4180} INFO - Setting next_dagrun for weather_ingestion to 2026-08-18 03:00:00+00:00, run_after=2026-08-18 04:00:00+00:00
[2026-08-18T03:12:43.722+0000] {processor.py:208} INFO - Processing /opt/airflow/dags/weather_dag.py took 0.146 seconds
[2026-08-18T03:13:13.884+0000] {processor.py:186} INFO - Started process (PID=10252) to work on /opt/airflow/dags/weather_dag.py
[2026-08-18T03:13:13.887+0000] {processor.py:914} INFO - Processing file /opt/airflow/dags/weather_dag.py for tasks to queue
[2026-08-18T03:13:13.890+0000] {logging_mixin.py:190} INFO - [2026-08-18T03:13:13.889+0000] {dagbag.py:588} INFO - Filling up the DagBag from /opt/airflow/dags/weather_dag.py
[2026-08-18T03:13:13.902+0000] {processor.py:925} INFO - DAG(s) 'weather_ingestion' retrieved from /opt/airflow/dags/weather_dag.py
[2026-08-18T03:13:13.927+0000] {logging_mixin.py:190} INFO - [2026-08-18T03:13:13.927+0000] {dag.py:3239} INFO - Sync 1 DAGs
[2026-08-18T03:13:13.939+0000] {logging_mixin.py:190} INFO - [2026-08-18T03:13:13.939+0000] {dag.py:4180} INFO - Setting next_dagrun for weather_ingestion to 2026-08-18 03:00:00+00:00, run_after=2026-08-18 04:00:00+00:00
[2026-08-18T03:13:13.946+0000] {processor.py:208} INFO - Processing /opt/airflow/dags/weather_dag.py took 0.071 seconds
[2026-08-18T03:13:44.347+0000] {processor.py:186} INFO - Started process (PID=10257) to work on /opt/airflow/dags/weather_dag.py
[2026-08-18T03:13:44.349+0000] {processor.py:914} INFO - Processing file /opt/airflow/dags/weather_dag.py for tasks to queue
[2026-08-18T03:13:44.353+0000] {logging_mixin.py:190} INFO - [2026-08-18T03:13:44.353+0000] {dagbag.py:588} INFO - Filling up the DagBag from /opt/airflow/dags/weather_dag.py
[2026-08-18T03:13:44.375+0000] {processor.py:925} INFO - DAG(s) 'weather_ingestion' retrieved from /opt/airflow/dags/weather_dag.py
[2026-08-18T03:13:44.405+0000] {logging_mixin.py:190} INFO - [2026-08-18T03:13:44.405+0000] {dag.py:3239} INFO - Sync 1 DAGs
[2026-08-18T03:13:44.448+0000] {logging_mixin.py:190} INFO - [2026-08-18T03:13:44.448+0000] {dag.py:4180} INFO - Setting next_dagrun for weather_ingestion to 2026-08-18 03:00:00+00:00, run_after=2026-08-18 04:00:00+00:00
[2026-08-18T03:13:44.459+0000] {processor.py:208} INFO - Processing /opt/airflow/dags/weather_dag.py took 0.138 seconds
[2026-08-18T03:14:14.627+0000] {processor.py:186} INFO - Started process (PID=10262) to work on /opt/airflow/dags/weather_dag.py
[2026-08-18T03:14:14.630+0000] {processor.py:914} INFO - Processing file /opt/airflow/dags/weather_dag.py for tasks to queue
[2026-08-18T03:14:14.633+0000] {logging_mixin.py:190} INFO - [2026-08-18T03:14:14.633+0000] {dagbag.py:588} INFO - Filling up the DagBag from /opt/airflow/dags/weather_dag.py
[2026-08-18T03:14:14.651+0000] {processor.py:925} INFO - DAG(s) 'weather_ingestion' retrieved from /opt/airflow/dags/weather_dag.py
[2026-08-18T03:14:14.679+0000] {logging_mixin.py:190} INFO - [2026-08-18T03:14:14.679+0000] {dag.py:3239} INFO - Sync 1 DAGs
[2026-08-18T03:14:14.695+0000] {logging_mixin.py:190} INFO - [2026-08-18T03:14:14.695+0000] {dag.py:4180} INFO - Setting next_dagrun for weather_ingestion to 2026-08-18 03:00:00+00:00, run_after=2026-08-18 04:00:00+00:00
[2026-08-18T03:14:14.704+0000] {processor.py:208} INFO - Processing /opt/airflow/dags/weather_dag.py took 0.086 seconds
[2026-08-18T03:14:44.864+0000] {processor.py:186} INFO - Started process (PID=10267) to work on /opt/airflow/dags/weather_dag.py
[2026-08-18T03:14:44.865+0000] {processor.py:914} INFO - Processing file /opt/airflow/dags/weather_dag.py for tasks to queue
[2026-08-18T03:14:44.867+0000] {logging_mixin.py:190} INFO - [2026-08-18T03:14:44.867+0000] {dagbag.py:588} INFO - Filling up the DagBag from /opt/airflow/dags/weather_dag.py
[2026-08-18T03:14:44.877+0000] {processor.py:925} INFO - DAG(s) 'weather_ingestion' retrieved from /opt/airflow/dags/weather_dag.py
[2026-08-18T03:14:44.896+0000] {logging_mixin.py:190} INFO - [2026-08-18T03:14:44.896+0000] {dag.py:3239} INFO - Sync 1 DAGs
[2026-08-18T03:14:44.910+0000] {logging_mixin.py:190} INFO - [2026-08-18T03:14:44.910+0000] {dag.py:4180} INFO - Setting next_dagrun for weather_ingestion to 2026-08-18 03:00:00+00:00, run_after=2026-08-18 04:00:00+00:00
[2026-08-18T03:14:44.917+0000] {processor.py:208} INFO - Processing /opt/airflow/dags/weather_dag.py took 0.060 seconds
[2026-08-18T03:15:15.237+0000] {processor.py:186} INFO - Started process (PID=10272) to work on /opt/airflow/dags/weather_dag.py
[2026-08-18T03:15:15.239+0000] {processor.py:914} INFO - Processing file /opt/airflow/dags/weather_dag.py for tasks to queue
[2026-08-18T03:15:15.243+0000] {logging_mixin.py:190} INFO - [2026-08-18T03:15:15.242+0000] {dagbag.py:588} INFO - Filling up the DagBag from /opt/airflow/dags/weather_dag.py
[2026-08-18T03:15:15.496+0000] {processor.py:925} INFO - DAG(s) 'weather_ingestion' retrieved from /opt/airflow/dags/weather_dag.py
[2026-08-18T03:15:15.544+0000] {logging_mixin.py:190} INFO - [2026-08-18T03:15:15.543+0000] {dag.py:3239} INFO - Sync 1 DAGs
[2026-08-18T03:15:15.574+0000] {logging_mixin.py:190} INFO - [2026-08-18T03:15:15.574+0000] {dag.py:4180} INFO - Setting next_dagrun for weather_ingestion to 2026-08-18 03:00:00+00:00, run_after=2026-08-18 04:00:00+00:00
[2026-08-18T03:15:15.588+0000] {processor.py:208} INFO - Processing /opt/airflow/dags/weather_dag.py took 0.360 seconds
[2026-08-18T03:15:45.877+0000] {processor.py:186} INFO - Started process (PID=10277) to work on /opt/airflow/dags/weather_dag.py
[2026-08-18T03:15:45.878+0000] {processor.py:914} INFO - Processing file /opt/airflow/dags/weather_dag.py for tasks to queue
[2026-08-18T03:15:45.881+0000] {logging_mixin.py:190} INFO - [2026-08-18T03:15:45.881+0000] {dagbag.py:588} INFO - Filling up the DagBag from /opt/airflow/dags/weather_dag.py
[2026-08-18T03:15:45.935+0000] {processor.py:925} INFO - DAG(s) 'weather_ingestion' retrieved from /opt/airflow/dags/weather_dag.py
[2026-08-18T03:15:45.970+0000] {logging_mixin.py:190} INFO - [2026-08-18T03:15:45.970+0000] {dag.py:3239} INFO - Sync 1 DAGs
[2026-08-18T03:15:45.991+0000] {logging_mixin.py:190} INFO - [2026-08-18T03:15:45.990+0000] {dag.py:4180} INFO - Setting next_dagrun for weather_ingestion to 2026-08-18 03:00:00+00:00, run_after=2026-08-18 04:00:00+00:00
[2026-08-18T03:15:46.002+0000] {processor.py:208} INFO - Processing /opt/airflow/dags/weather_dag.py took 0.133 seconds
[2026-08-18T03:16:16.234+0000] {processor.py:186} INFO - Started process (PID=10282) to work on /opt/airflow/dags/weather_dag.py
[2026-08-18T03:16:16.236+0000] {processor.py:914} INFO - Processing file /opt/airflow/dags/weather_dag.py for tasks to queue
[2026-08-18T03:16:16.237+0000] {logging_mixin.py:190} INFO - [2026-08-18T03:16:16.237+0000] {dagbag.py:588} INFO - Filling up the DagBag from /opt/airflow/dags/weather_dag.py
[2026-08-18T03:16:16.252+0000] {processor.py:925} INFO - DAG(s) 'weather_ingestion' retrieved from /opt/airflow/dags/weather_dag.py
[2026-08-18T03:16:16.270+0000] {logging_mixin.py:190} INFO - [2026-08-18T03:16:16.270+0000] {dag.py:3239} INFO - Sync 1 DAGs
[2026-08-18T03:16:16.285+0000] {logging_mixin.py:190} INFO - [2026-08-18T03:16:16.285+0000] {dag.py:4180} INFO - Setting next_dagrun for weather_ingestion to 2026-08-18 03:00:00+00:00, run_after=2026-08-18 04:00:00+00:00
[2026-08-18T03:16:16.295+0000] {processor.py:208} INFO - Processing /opt/airflow/dags/weather_dag.py took 0.080 seconds
[2026-08-18T03:16:46.633+0000] {processor.py:186} INFO - Started process (PID=10287) to work on /opt/airflow/dags/weather_dag.py
[2026-08-18T03:16:46.636+0000] {processor.py:914} INFO - Processing file /opt/airflow/dags/weather_dag.py for tasks to queue
[2026-08-18T03:16:46.642+0000] {logging_mixin.py:190} INFO - [2026-08-18T03:16:46.641+0000] {dagbag.py:588} INFO - Filling up the DagBag from /opt/airflow/dags/weather_dag.py
[2026-08-18T03:16:46.669+0000] {processor.py:925} INFO - DAG(s) 'weather_ingestion' retrieved from /opt/airflow/dags/weather_dag.py
[2026-08-18T03:16:46.698+0000] {logging_mixin.py:190} INFO - [2026-08-18T03:16:46.698+0000] {dag.py:3239} INFO - Sync 1 DAGs
[2026-08-18T03:16:46.727+0000] {logging_mixin.py:190} INFO - [2026-08-18T03:16:46.727+0000] {dag.py:4180} INFO - Setting next_dagrun for weather_ingestion to 2026-08-18 03:00:00+00:00, run_after=2026-08-18 04:00:00+00:00
[2026-08-18T03:16:46.739+0000] {processor.py:208} INFO - Processing /opt/airflow/dags/weather_dag.py took 0.123 seconds
[2026-08-18T03:17:16.965+0000] {processor.py:186} INFO - Started process (PID=10292) to work on /opt/airflow/dags/weather_dag.py
[2026-08-18T03:17:16.967+0000] {processor.py:914} INFO - Processing file /opt/airflow/dags/weather_dag.py for tasks to queue
[2026-08-18T03:17:16.970+0000] {logging_mixin.py:190} INFO - [2026-08-18T03:17:16.970+0000] {dagbag.py:588} INFO - Filling up the DagBag from /opt/airflow/dags/weather_dag.py
[2026-08-18T03:17:16.987+0000] {processor.py:925} INFO - DAG(s) 'weather_ingestion' retrieved from /opt/airflow/dags/weather_dag.py
[2026-08-18T03:17:17.007+0000] {logging_mixin.py:190} INFO - [2026-08-18T03:17:17.007+0000] {dag.py:3239} INFO - Sync 1 DAGs
[2026-08-18T03:17:17.019+0000] {logging_mixin.py:190} INFO - [2026-08-18T03:17:17.019+0000] {dag.py:4180} INFO - Setting next_dagrun for weather_ingestion to 2026-08-18 03:00:00+00:00, run_after=2026-08-18 04:00:00+00:00
[2026-08-18T03:17:17.028+0000] {processor.py:208} INFO - Processing /opt/airflow/dags/weather_dag.py took 0.073 seconds
[2026-08-18T03:17:47.345+0000] {processor.py:186} INFO - Started process (PID=10297) to work on /opt/airflow/dags/weather_dag.py
[2026-08-18T03:17:47.348+0000] {processor.py:914} INFO - Processing file /opt/airflow/dags/weather_dag.py for tasks to queue
[2026-08-18T03:17:47.357+0000] {logging_mixin.py:190} INFO - [2026-08-18T03:17:47.356+0000] {dagbag.py:588} INFO - Filling up the DagBag from /opt/airflow/dags/weather_dag.py
[2026-08-18T03:17:47.382+0000] {processor.py:925} INFO - DAG(s) 'weather_ingestion' retrieved from /opt/airflow/dags/weather_dag.py
[2026-08-18T03:17:47.437+0000] {logging_mixin.py:190} INFO - [2026-08-18T03:17:47.437+0000] {dag.py:3239} INFO - Sync 1 DAGs
[2026-08-18T03:17:47.456+0000] {logging_mixin.py:190} INFO - [2026-08-18T03:17:47.456+0000] {dag.py:4180} INFO - Setting next_dagrun for weather_ingestion to 2026-08-18 03:00:00+00:00, run_after=2026-08-18 04:00:00+00:00
[2026-08-18T03:17:47.467+0000] {processor.py:208} INFO - Processing /opt/airflow/dags/weather_dag.py took 0.137 seconds
[2026-08-18T03:18:17.665+0000] {processor.py:186} INFO - Started process (PID=10302) to work on /opt/airflow/dags/weather_dag.py
[2026-08-18T03:18:17.668+0000] {processor.py:914} INFO - Processing file /opt/airflow/dags/weather_dag.py for tasks to queue
[2026-08-18T03:18:17.670+0000] {logging_mixin.py:190} INFO - [2026-08-18T03:18:17.670+0000] {dagbag.py:588} INFO - Filling up the DagBag from /opt/airflow/dags/weather_dag.py
[2026-08-18T03:18:17.685+0000] {processor.py:925} INFO - DAG(s) 'weather_ingestion' retrieved from /opt/airflow/dags/weather_dag.py
[2026-08-18T03:18:17.701+0000] {logging_mixin.py:190} INFO - [2026-08-18T03:18:17.701+0000] {dag.py:3239} INFO - Sync 1 DAGs
[2026-08-18T03:18:17.713+0000] {logging_mixin.py:190} INFO - [2026-08-18T03:18:17.713+0000] {dag.py:4180} INFO - Setting next_dagrun for weather_ingestion to 2026-08-18 03:00:00+00:00, run_after=2026-08-18 04:00:00+00:00
[2026-08-18T03:18:17.721+0000] {processor.py:208} INFO - Processing /opt/airflow/dags/weather_dag.py took 0.063 seconds
[2026-08-18T03:18:48.014+0000] {processor.py:186} INFO - Started process (PID=10307) to work on /opt/airflow/dags/weather_dag.py
[2026-08-18T03:18:48.015+0000] {processor.py:914} INFO - Processing file /opt/airflow/dags/weather_dag.py for tasks to queue
[2026-08-18T03:18:48.017+0000] {logging_mixin.py:190} INFO - [2026-08-18T03:18:48.017+0000] {dagbag.py:588} INFO - Filling up the DagBag from /opt/airflow/dags/weather_dag.py
[2026-08-18T03:18:48.028+0000] {processor.py:925} INFO - DAG(s) 'weather_ingestion' retrieved from /opt/airflow/dags/weather_dag.py
[2026-08-18T03:18:48.048+0000] {logging_mixin.py:190} INFO - [2026-08-18T03:18:48.048+0000] {dag.py:3239} INFO - Sync 1 DAGs
[2026-08-18T03:18:48.061+0000] {logging_mixin.py:190} INFO - [2026-08-18T03:18:48.061+0000] {dag.py:4180} INFO - Setting next_dagrun for weather_ingestion to 2026-08-18 03:00:00+00:00, run_after=2026-08-18 04:00:00+00:00
[2026-08-18T03:18:48.069+0000] {processor.py:208} INFO - Processing /opt/airflow/dags/weather_dag.py took 0.062 seconds
[2026-08-18T03:19:18.326+0000] {processor.py:186} INFO - Started process (PID=10312) to work on /opt/airflow/dags/weather_dag.py
[2026-08-18T03:19:18.327+0000] {processor.py:914} INFO - Processing file /opt/airflow/dags/weather_dag.py for tasks to queue
[2026-08-18T03:19:18.330+0000] {logging_mixin.py:190} INFO - [2026-08-18T03:19:18.329+0000] {dagbag.py:588} INFO - Filling up the DagBag from /opt/airflow/dags/weather_dag.py
[2026-08-18T03:19:18.342+0000] {processor.py:925} INFO - DAG(s) 'weather_ingestion' retrieved from /opt/airflow/dags/weather_dag.py
[2026-08-18T03:19:18.360+0000] {logging_mixin.py:190} INFO - [2026-08-18T03:19:18.360+0000] {dag.py:3239} INFO - Sync 1 DAGs
[2026-08-18T03:19:18.373+0000] {logging_mixin.py:190} INFO - [2026-08-18T03:19:18.373+0000] {dag.py:4180} INFO - Setting next_dagrun for weather_ingestion to 2026-08-18 03:00:00+00:00, run_after=2026-08-18 04:00:00+00:00
[2026-08-18T03:19:18.379+0000] {processor.py:208} INFO - Processing /opt/airflow/dags/weather_dag.py took 0.061 seconds
[2026-08-18T03:19:48.611+0000] {processor.py:186} INFO - Started process (PID=10317) to work on /opt/airflow/dags/weather_dag.py
[2026-08-18T03:19:48.612+0000] {processor.py:914} INFO - Processing file /opt/airflow/dags/weather_dag.py for tasks to queue
[2026-08-18T03:19:48.617+0000] {logging_mixin.py:190} INFO - [2026-08-18T03:19:48.616+0000] {dagbag.py:588} INFO - Filling up the DagBag from /opt/airflow/dags/weather_dag.py
[2026-08-18T03:19:48.640+0000] {processor.py:925} INFO - DAG(s) 'weather_ingestion' retrieved from /opt/airflow/dags/weather_dag.py
[2026-08-18T03:19:48.696+0000] {logging_mixin.py:190} INFO - [2026-08-18T03:19:48.696+0000] {dag.py:3239} INFO - Sync 1 DAGs
[2026-08-18T03:19:48.715+0000] {logging_mixin.py:190} INFO - [2026-08-18T03:19:48.715+0000] {dag.py:4180} INFO - Setting next_dagrun for weather_ingestion to 2026-08-18 03:00:00+00:00, run_after=2026-08-18 04:00:00+00:00
[2026-08-18T03:19:48.727+0000] {processor.py:208} INFO - Processing /opt/airflow/dags/weather_dag.py took 0.127 seconds
[2026-08-18T03:20:18.916+0000] {processor.py:186} INFO - Started process (PID=10322) to work on /opt/airflow/dags/weather_dag.py
[2026-08-18T03:20:18.918+0000] {processor.py:914} INFO - Processing file /opt/airflow/dags/weather_dag.py for tasks to queue
[2026-08-18T03:20:18.922+0000] {logging_mixin.py:190} INFO - [2026-08-18T03:20:18.922+0000] {dagbag.py:588} INFO - Filling up the DagBag from /opt/airflow/dags/weather_dag.py
[2026-08-18T03:20:18.940+0000] {processor.py:925} INFO - DAG(s) 'weather_ingestion' retrieved from /opt/airflow/dags/weather_dag.py
[2026-08-18T03:20:18.970+0000] {logging_mixin.py:190} INFO - [2026-08-18T03:20:18.970+0000] {dag.py:3239} INFO - Sync 1 DAGs
[2026-08-18T03:20:18.988+0000] {logging_mixin.py:190} INFO - [2026-08-18T03:20:18.988+0000] {dag.py:4180} INFO - Setting next_dagrun for weather_ingestion to 2026-08-18 03:00:00+00:00, run_after=2026-08-18 04:00:00+00:00
[2026-08-18T03:20:18.998+0000] {processor.py:208} INFO - Processing /opt/airflow/dags/weather_dag.py took 0.097 seconds
[2026-08-18T03:20:49.303+0000] {processor.py:186} INFO - Started process (PID=10327) to work on /opt/airflow/dags/weather_dag.py
[2026-08-18T03:20:49.305+0000] {processor.py:914} INFO - Processing file /opt/airflow/dags/weather_dag.py for tasks to queue
[2026-08-18T03:20:49.313+0000] {logging_mixin.py:190} INFO - [2026-08-18T03:20:49.312+0000] {dagbag.py:588} INFO - Filling up the DagBag from /opt/airflow/dags/weather_dag.py
[2026-08-18T03:20:49.348+0000] {processor.py:925} INFO - DAG(s) 'weather_ingestion' retrieved from /opt/airflow/dags/weather_dag.py
[2026-08-18T03:20:49.437+0000] {logging_mixin.py:190} INFO - [2026-08-18T03:20:49.436+0000] {dag.py:3239} INFO - Sync 1 DAGs
[2026-08-18T03:20:49.458+0000] {logging_mixin.py:190} INFO - [2026-08-18T03:20:49.458+0000] {dag.py:4180} INFO - Setting next_dagrun for weather_ingestion to 2026-08-18 03:00:00+00:00, run_after=2026-08-18 04:00:00+00:00
[2026-08-18T03:20:49.468+0000] {processor.py:208} INFO - Processing /opt/airflow/dags/weather_dag.py took 0.178 seconds
[2026-08-18T03:21:19.593+0000] {processor.py:186} INFO - Started process (PID=10332) to work on /opt/airflow/dags/weather_dag.py
[2026-08-18T03:21:19.594+0000] {processor.py:914} INFO - Processing file /opt/airflow/dags/weather_dag.py for tasks to queue
[2026-08-18T03:21:19.596+0000] {logging_mixin.py:190} INFO - [2026-08-18T03:21:19.596+0000] {dagbag.py:588} INFO - Filling up the DagBag from /opt/airflow/dags/weather_dag.py
[2026-08-18T03:21:19.607+0000] {processor.py:925} INFO - DAG(s) 'weather_ingestion' retrieved from /opt/airflow/dags/weather_dag.py
[2026-08-18T03:21:19.630+0000] {logging_mixin.py:190} INFO - [2026-08-18T03:21:19.630+0000] {dag.py:3239} INFO - Sync 1 DAGs
[2026-08-18T03:21:19.644+0000] {logging_mixin.py:190} INFO - [2026-08-18T03:21:19.644+0000] {dag.py:4180} INFO - Setting next_dagrun for weather_ingestion to 2026-08-18 03:00:00+00:00, run_after=2026-08-18 04:00:00+00:00
[2026-08-18T03:21:19.654+0000] {processor.py:208} INFO - Processing /opt/airflow/dags/weather_dag.py took 0.068 seconds
[2026-08-18T03:21:49.972+0000] {processor.py:186} INFO - Started process (PID=10337) to work on /opt/airflow/dags/weather_dag.py
[2026-08-18T03:21:49.975+0000] {processor.py:914} INFO - Processing file /opt/airflow/dags/weather_dag.py for tasks to queue
[2026-08-18T03:21:49.984+0000] {logging_mixin.py:190} INFO - [2026-08-18T03:21:49.983+0000] {dagbag.py:588} INFO - Filling up the DagBag from /opt/airflow/dags/weather_dag.py
[2026-08-18T03:21:50.010+0000] {processor.py:925} INFO - DAG(s) 'weather_ingestion' retrieved from /opt/airflow/dags/weather_dag.py
[2026-08-18T03:21:50.037+0000] {logging_mixin.py:190} INFO - [2026-08-18T03:21:50.037+0000] {dag.py:3239} INFO - Sync 1 DAGs
[2026-08-18T03:21:50.053+0000] {logging_mixin.py:190} INFO - [2026-08-18T03:21:50.053+0000] {dag.py:4180} INFO - Setting next_dagrun for weather_ingestion to 2026-08-18 03:00:00+00:00, run_after=2026-08-18 04:00:00+00:00
[2026-08-18T03:21:50.063+0000] {processor.py:208} INFO - Processing /opt/airflow/dags/weather_dag.py took 0.105 seconds
[2026-08-18T03:22:20.269+0000] {processor.py:186} INFO - Started process (PID=10342) to work on /opt/airflow/dags/weather_dag.py
[2026-08-18T03:22:20.270+0000] {processor.py:914} INFO - Processing file /opt/airflow/dags/weather_dag.py for tasks to queue
[2026-08-18T03:22:20.272+0000] {logging_mixin.py:190} INFO - [2026-08-18T03:22:20.272+0000] {dagbag.py:588} INFO - Filling up the DagBag from /opt/airflow/dags/weather_dag.py
[2026-08-18T03:22:20.282+0000] {processor.py:925} INFO - DAG(s) 'weather_ingestion' retrieved from /opt/airflow/dags/weather_dag.py
[2026-08-18T03:22:20.303+0000] {logging_mixin.py:190} INFO - [2026-08-18T03:22:20.303+0000] {dag.py:3239} INFO - Sync 1 DAGs
[2026-08-18T03:22:20.315+0000] {logging_mixin.py:190} INFO - [2026-08-18T03:22:20.315+0000] {dag.py:4180} INFO - Setting next_dagrun for weather_ingestion to 2026-08-18 03:00:00+00:00, run_after=2026-08-18 04:00:00+00:00
[2026-08-18T03:22:20.324+0000] {processor.py:208} INFO - Processing /opt/airflow/dags/weather_dag.py took 0.062 seconds
[2026-08-18T03:22:50.908+0000] {processor.py:186} INFO - Started process (PID=10347) to work on /opt/airflow/dags/weather_dag.py
[2026-08-18T03:22:50.911+0000] {processor.py:914} INFO - Processing file /opt/airflow/dags/weather_dag.py for tasks to queue
[2026-08-18T03:22:50.925+0000] {logging_mixin.py:190} INFO - [2026-08-18T03:22:50.924+0000] {dagbag.py:588} INFO - Filling up the DagBag from /opt/airflow/dags/weather_dag.py
[2026-08-18T03:22:50.948+0000] {processor.py:925} INFO - DAG(s) 'weather_ingestion' retrieved from /opt/airflow/dags/weather_dag.py
[2026-08-18T03:22:50.988+0000] {logging_mixin.py:190} INFO - [2026-08-18T03:22:50.988+0000] {dag.py:3239} INFO - Sync 1 DAGs
[2026-08-18T03:22:51.018+0000] {logging_mixin.py:190} INFO - [2026-08-18T03:22:51.018+0000] {dag.py:4180} INFO - Setting next_dagrun for weather_ingestion to 2026-08-18 03:00:00+00:00, run_after=2026-08-18 04:00:00+00:00
[2026-08-18T03:22:51.062+0000] {processor.py:208} INFO - Processing /opt/airflow/dags/weather_dag.py took 0.171 seconds
[2026-08-18T03:23:21.217+0000] {processor.py:186} INFO - Started process (PID=10352) to work on /opt/airflow/dags/weather_dag.py
[2026-08-18T03:23:21.219+0000] {processor.py:914} INFO - Processing file /opt/airflow/dags/weather_dag.py for tasks to queue
[2026-08-18T03:23:21.222+0000] {logging_mixin.py:190} INFO - [2026-08-18T03:23:21.221+0000] {dagbag.py:588} INFO - Filling up the DagBag from /opt/airflow/dags/weather_dag.py
[2026-08-18T03:23:21.233+0000] {processor.py:925} INFO - DAG(s) 'weather_ingestion' retrieved from /opt/airflow/dags/weather_dag.py
[2026-08-18T03:23:21.251+0000] {logging_mixin.py:190} INFO - [2026-08-18T03:23:21.251+0000] {dag.py:3239} INFO - Sync 1 DAGs
[2026-08-18T03:23:21.265+0000] {logging_mixin.py:190} INFO - [2026-08-18T03:23:21.265+0000] {dag.py:4180} INFO - Setting next_dagrun for weather_ingestion to 2026-08-18 03:00:00+00:00, run_after=2026-08-18 04:00:00+00:00
[2026-08-18T03:23:21.273+0000] {processor.py:208} INFO - Processing /opt/airflow/dags/weather_dag.py took 0.065 seconds
[2026-08-18T03:23:51.510+0000] {processor.py:186} INFO - Started process (PID=10357) to work on /opt/airflow/dags/weather_dag.py
[2026-08-18T03:23:51.512+0000] {processor.py:914} INFO - Processing file /opt/airflow/dags/weather_dag.py for tasks to queue
[2026-08-18T03:23:51.516+0000] {logging_mixin.py:190} INFO - [2026-08-18T03:23:51.515+0000] {dagbag.py:588} INFO - Filling up the DagBag from /opt/airflow/dags/weather_dag.py
[2026-08-18T03:23:51.534+0000] {processor.py:925} INFO - DAG(s) 'weather_ingestion' retrieved from /opt/airflow/dags/weather_dag.py
[2026-08-18T03:23:51.564+0000] {logging_mixin.py:190} INFO - [2026-08-18T03:23:51.564+0000] {dag.py:3239} INFO - Sync 1 DAGs
[2026-08-18T03:23:51.587+0000] {logging_mixin.py:190} INFO - [2026-08-18T03:23:51.586+0000] {dag.py:4180} INFO - Setting next_dagrun for weather_ingestion to 2026-08-18 03:00:00+00:00, run_after=2026-08-18 04:00:00+00:00
[2026-08-18T03:23:51.601+0000] {processor.py:208} INFO - Processing /opt/airflow/dags/weather_dag.py took 0.100 seconds
[2026-08-18T03:24:21.869+0000] {processor.py:186} INFO - Started process (PID=10362) to work on /opt/airflow/dags/weather_dag.py
[2026-08-18T03:24:21.871+0000] {processor.py:914} INFO - Processing file /opt/airflow/dags/weather_dag.py for tasks to queue
[2026-08-18T03:24:21.878+0000] {logging_mixin.py:190} INFO - [2026-08-18T03:24:21.877+0000] {dagbag.py:588} INFO - Filling up the DagBag from /opt/airflow/dags/weather_dag.py
[2026-08-18T03:24:21.903+0000] {processor.py:925} INFO - DAG(s) 'weather_ingestion' retrieved from /opt/airflow/dags/weather_dag.py
[2026-08-18T03:24:21.956+0000] {logging_mixin.py:190} INFO - [2026-08-18T03:24:21.956+0000] {dag.py:3239} INFO - Sync 1 DAGs
[2026-08-18T03:24:21.978+0000] {logging_mixin.py:190} INFO - [2026-08-18T03:24:21.978+0000] {dag.py:4180} INFO - Setting next_dagrun for weather_ingestion to 2026-08-18 03:00:00+00:00, run_after=2026-08-18 04:00:00+00:00
[2026-08-18T03:24:22.046+0000] {processor.py:208} INFO - Processing /opt/airflow/dags/weather_dag.py took 0.188 seconds
[2026-08-18T03:24:52.262+0000] {processor.py:186} INFO - Started process (PID=10367) to work on /opt/airflow/dags/weather_dag.py
[2026-08-18T03:24:52.264+0000] {processor.py:914} INFO - Processing file /opt/airflow/dags/weather_dag.py for tasks to queue
[2026-08-18T03:24:52.267+0000] {logging_mixin.py:190} INFO - [2026-08-18T03:24:52.267+0000] {dagbag.py:588} INFO - Filling up the DagBag from /opt/airflow/dags/weather_dag.py
[2026-08-18T03:24:52.309+0000] {processor.py:925} INFO - DAG(s) 'weather_ingestion' retrieved from /opt/airflow/dags/weather_dag.py
[2026-08-18T03:24:52.342+0000] {logging_mixin.py:190} INFO - [2026-08-18T03:24:52.342+0000] {dag.py:3239} INFO - Sync 1 DAGs
[2026-08-18T03:24:52.363+0000] {logging_mixin.py:190} INFO - [2026-08-18T03:24:52.362+0000] {dag.py:4180} INFO - Setting next_dagrun for weather_ingestion to 2026-08-18 03:00:00+00:00, run_after=2026-08-18 04:00:00+00:00
[2026-08-18T03:24:52.375+0000] {processor.py:208} INFO - Processing /opt/airflow/dags/weather_dag.py took 0.127 seconds
[2026-08-18T03:25:22.691+0000] {processor.py:186} INFO - Started process (PID=10372) to work on /opt/airflow/dags/weather_dag.py
[2026-08-18T03:25:22.694+0000] {processor.py:914} INFO - Processing file /opt/airflow/dags/weather_dag.py for tasks to queue
[2026-08-18T03:25:22.697+0000] {logging_mixin.py:190} INFO - [2026-08-18T03:25:22.697+0000] {dagbag.py:588} INFO - Filling up the DagBag from /opt/airflow/dags/weather_dag.py
[2026-08-18T03:25:22.716+0000] {processor.py:925} INFO - DAG(s) 'weather_ingestion' retrieved from /opt/airflow/dags/weather_dag.py
[2026-08-18T03:25:22.747+0000] {logging_mixin.py:190} INFO - [2026-08-18T03:25:22.747+0000] {dag.py:3239} INFO - Sync 1 DAGs
[2026-08-18T03:25:22.765+0000] {logging_mixin.py:190} INFO - [2026-08-18T03:25:22.765+0000] {dag.py:4180} INFO - Setting next_dagrun for weather_ingestion to 2026-08-18 03:00:00+00:00, run_after=2026-08-18 04:00:00+00:00
[2026-08-18T03:25:22.775+0000] {processor.py:208} INFO - Processing /opt/airflow/dags/weather_dag.py took 0.104 seconds
[2026-08-18T03:25:53.037+0000] {processor.py:186} INFO - Started process (PID=10377) to work on /opt/airflow/dags/weather_dag.py
[2026-08-18T03:25:53.040+0000] {processor.py:914} INFO - Processing file /opt/airflow/dags/weather_dag.py for tasks to queue
[2026-08-18T03:25:53.043+0000] {logging_mixin.py:190} INFO - [2026-08-18T03:25:53.043+0000] {dagbag.py:588} INFO - Filling up the DagBag from /opt/airflow/dags/weather_dag.py
[2026-08-18T03:25:53.057+0000] {processor.py:925} INFO - DAG(s) 'weather_ingestion' retrieved from /opt/airflow/dags/weather_dag.py
[2026-08-18T03:25:53.081+0000] {logging_mixin.py:190} INFO - [2026-08-18T03:25:53.081+0000] {dag.py:3239} INFO - Sync 1 DAGs
[2026-08-18T03:25:53.095+0000] {logging_mixin.py:190} INFO - [2026-08-18T03:25:53.095+0000] {dag.py:4180} INFO - Setting next_dagrun for weather_ingestion to 2026-08-18 03:00:00+00:00, run_after=2026-08-18 04:00:00+00:00
[2026-08-18T03:25:53.104+0000] {processor.py:208} INFO - Processing /opt/airflow/dags/weather_dag.py took 0.078 seconds
[2026-08-18T03:26:23.402+0000] {processor.py:186} INFO - Started process (PID=10382) to work on /opt/airflow/dags/weather_dag.py
[2026-08-18T03:26:23.404+0000] {processor.py:914} INFO - Processing file /opt/airflow/dags/weather_dag.py for tasks to queue
[2026-08-18T03:26:23.408+0000] {logging_mixin.py:190} INFO - [2026-08-18T03:26:23.407+0000] {dagbag.py:588} INFO - Filling up the DagBag from /opt/airflow/dags/weather_dag.py
[2026-08-18T03:26:23.425+0000] {processor.py:925} INFO - DAG(s) 'weather_ingestion' retrieved from /opt/airflow/dags/weather_dag.py
[2026-08-18T03:26:23.448+0000] {logging_mixin.py:190} INFO - [2026-08-18T03:26:23.448+0000] {dag.py:3239} INFO - Sync 1 DAGs
[2026-08-18T03:26:23.463+0000] {logging_mixin.py:190} INFO - [2026-08-18T03:26:23.463+0000] {dag.py:4180} INFO - Setting next_dagrun for weather_ingestion to 2026-08-18 03:00:00+00:00, run_after=2026-08-18 04:00:00+00:00
[2026-08-18T03:26:23.474+0000] {processor.py:208} INFO - Processing /opt/airflow/dags/weather_dag.py took 0.083 seconds
[2026-08-18T03:26:53.724+0000] {processor.py:186} INFO - Started process (PID=10387) to work on /opt/airflow/dags/weather_dag.py
[2026-08-18T03:26:53.727+0000] {processor.py:914} INFO - Processing file /opt/airflow/dags/weather_dag.py for tasks to queue
[2026-08-18T03:26:53.730+0000] {logging_mixin.py:190} INFO - [2026-08-18T03:26:53.730+0000] {dagbag.py:588} INFO - Filling up the DagBag from /opt/airflow/dags/weather_dag.py
[2026-08-18T03:26:53.746+0000] {processor.py:925} INFO - DAG(s) 'weather_ingestion' retrieved from /opt/airflow/dags/weather_dag.py
[2026-08-18T03:26:53.771+0000] {logging_mixin.py:190} INFO - [2026-08-18T03:26:53.771+0000] {dag.py:3239} INFO - Sync 1 DAGs
[2026-08-18T03:26:53.788+0000] {logging_mixin.py:190} INFO - [2026-08-18T03:26:53.788+0000] {dag.py:4180} INFO - Setting next_dagrun for weather_ingestion to 2026-08-18 03:00:00+00:00, run_after=2026-08-18 04:00:00+00:00
[2026-08-18T03:26:53.798+0000] {processor.py:208} INFO - Processing /opt/airflow/dags/weather_dag.py took 0.081 seconds
[2026-08-18T03:27:24.107+0000] {processor.py:186} INFO - Started process (PID=10392) to work on /opt/airflow/dags/weather_dag.py
[2026-08-18T03:27:24.108+0000] {processor.py:914} INFO - Processing file /opt/airflow/dags/weather_dag.py for tasks to queue
[2026-08-18T03:27:24.142+0000] {logging_mixin.py:190} INFO - [2026-08-18T03:27:24.141+0000] {dagbag.py:588} INFO - Filling up the DagBag from /opt/airflow/dags/weather_dag.py
[2026-08-18T03:27:24.162+0000] {processor.py:925} INFO - DAG(s) 'weather_ingestion' retrieved from /opt/airflow/dags/weather_dag.py
[2026-08-18T03:27:24.192+0000] {logging_mixin.py:190} INFO - [2026-08-18T03:27:24.192+0000] {dag.py:3239} INFO - Sync 1 DAGs
[2026-08-18T03:27:24.209+0000] {logging_mixin.py:190} INFO - [2026-08-18T03:27:24.209+0000] {dag.py:4180} INFO - Setting next_dagrun for weather_ingestion to 2026-08-18 03:00:00+00:00, run_after=2026-08-18 04:00:00+00:00
[2026-08-18T03:27:24.219+0000] {processor.py:208} INFO - Processing /opt/airflow/dags/weather_dag.py took 0.142 seconds
[2026-08-18T03:27:54.416+0000] {processor.py:186} INFO - Started process (PID=10397) to work on /opt/airflow/dags/weather_dag.py
[2026-08-18T03:27:54.418+0000] {processor.py:914} INFO - Processing file /opt/airflow/dags/weather_dag.py for tasks to queue
[2026-08-18T03:27:54.421+0000] {logging_mixin.py:190} INFO - [2026-08-18T03:27:54.421+0000] {dagbag.py:588} INFO - Filling up the DagBag from /opt/airflow/dags/weather_dag.py
[2026-08-18T03:27:54.439+0000] {processor.py:925} INFO - DAG(s) 'weather_ingestion' retrieved from /opt/airflow/dags/weather_dag.py
[2026-08-18T03:27:54.464+0000] {logging_mixin.py:190} INFO - [2026-08-18T03:27:54.464+0000] {dag.py:3239} INFO - Sync 1 DAGs
[2026-08-18T03:27:54.479+0000] {logging_mixin.py:190} INFO - [2026-08-18T03:27:54.479+0000] {dag.py:4180} INFO - Setting next_dagrun for weather_ingestion to 2026-08-18 03:00:00+00:00, run_after=2026-08-18 04:00:00+00:00
[2026-08-18T03:27:54.488+0000] {processor.py:208} INFO - Processing /opt/airflow/dags/weather_dag.py took 0.084 seconds
[2026-08-18T03:28:24.723+0000] {processor.py:186} INFO - Started process (PID=10402) to work on /opt/airflow/dags/weather_dag.py
[2026-08-18T03:28:24.724+0000] {processor.py:914} INFO - Processing file /opt/airflow/dags/weather_dag.py for tasks to queue
[2026-08-18T03:28:24.728+0000] {logging_mixin.py:190} INFO - [2026-08-18T03:28:24.728+0000] {dagbag.py:588} INFO - Filling up the DagBag from /opt/airflow/dags/weather_dag.py
[2026-08-18T03:28:24.744+0000] {processor.py:925} INFO - DAG(s) 'weather_ingestion' retrieved from /opt/airflow/dags/weather_dag.py
[2026-08-18T03:28:24.770+0000] {logging_mixin.py:190} INFO - [2026-08-18T03:28:24.770+0000] {dag.py:3239} INFO - Sync 1 DAGs
[2026-08-18T03:28:24.784+0000] {logging_mixin.py:190} INFO - [2026-08-18T03:28:24.784+0000] {dag.py:4180} INFO - Setting next_dagrun for weather_ingestion to 2026-08-18 03:00:00+00:00, run_after=2026-08-18 04:00:00+00:00
[2026-08-18T03:28:24.791+0000] {processor.py:208} INFO - Processing /opt/airflow/dags/weather_dag.py took 0.077 seconds
[2026-08-18T03:28:54.978+0000] {processor.py:186} INFO - Started process (PID=10407) to work on /opt/airflow/dags/weather_dag.py
[2026-08-18T03:28:54.979+0000] {processor.py:914} INFO - Processing file /opt/airflow/dags/weather_dag.py for tasks to queue
[2026-08-18T03:28:54.981+0000] {logging_mixin.py:190} INFO - [2026-08-18T03:28:54.981+0000] {dagbag.py:588} INFO - Filling up the DagBag from /opt/airflow/dags/weather_dag.py
[2026-08-18T03:28:54.990+0000] {processor.py:925} INFO - DAG(s) 'weather_ingestion' retrieved from /opt/airflow/dags/weather_dag.py
[2026-08-18T03:28:55.007+0000] {logging_mixin.py:190} INFO - [2026-08-18T03:28:55.007+0000] {dag.py:3239} INFO - Sync 1 DAGs
[2026-08-18T03:28:55.020+0000] {logging_mixin.py:190} INFO - [2026-08-18T03:28:55.020+0000] {dag.py:4180} INFO - Setting next_dagrun for weather_ingestion to 2026-08-18 03:00:00+00:00, run_after=2026-08-18 04:00:00+00:00
[2026-08-18T03:28:55.027+0000] {processor.py:208} INFO - Processing /opt/airflow/dags/weather_dag.py took 0.057 seconds
[2026-08-18T03:29:25.328+0000] {processor.py:186} INFO - Started process (PID=10412) to work on /opt/airflow/dags/weather_dag.py
[2026-08-18T03:29:25.329+0000] {processor.py:914} INFO - Processing file /opt/airflow/dags/weather_dag.py for tasks to queue
[2026-08-18T03:29:25.331+0000] {logging_mixin.py:190} INFO - [2026-08-18T03:29:25.331+0000] {dagbag.py:588} INFO - Filling up the DagBag from /opt/airflow/dags/weather_dag.py
[2026-08-18T03:29:25.347+0000] {processor.py:925} INFO - DAG(s) 'weather_ingestion' retrieved from /opt/airflow/dags/weather_dag.py
[2026-08-18T03:29:25.368+0000] {logging_mixin.py:190} INFO - [2026-08-18T03:29:25.368+0000] {dag.py:3239} INFO - Sync 1 DAGs
[2026-08-18T03:29:25.385+0000] {logging_mixin.py:190} INFO - [2026-08-18T03:29:25.384+0000] {dag.py:4180} INFO - Setting next_dagrun for weather_ingestion to 2026-08-18 03:00:00+00:00, run_after=2026-08-18 04:00:00+00:00
[2026-08-18T03:29:25.393+0000] {processor.py:208} INFO - Processing /opt/airflow/dags/weather_dag.py took 0.071 seconds
[2026-08-18T03:29:55.654+0000] {processor.py:186} INFO - Started process (PID=10417) to work on /opt/airflow/dags/weather_dag.py
[2026-08-18T03:29:55.657+0000] {processor.py:914} INFO - Processing file /opt/airflow/dags/weather_dag.py for tasks to queue
[2026-08-18T03:29:55.660+0000] {logging_mixin.py:190} INFO - [2026-08-18T03:29:55.660+0000] {dagbag.py:588} INFO - Filling up the DagBag from /opt/airflow/dags/weather_dag.py
[2026-08-18T03:29:55.673+0000] {processor.py:925} INFO - DAG(s) 'weather_ingestion' retrieved from /opt/airflow/dags/weather_dag.py
[2026-08-18T03:29:55.694+0000] {logging_mixin.py:190} INFO - [2026-08-18T03:29:55.694+0000] {dag.py:3239} INFO - Sync 1 DAGs
[2026-08-18T03:29:55.710+0000] {logging_mixin.py:190} INFO - [2026-08-18T03:29:55.709+0000] {dag.py:4180} INFO - Setting next_dagrun for weather_ingestion to 2026-08-18 03:00:00+00:00, run_after=2026-08-18 04:00:00+00:00
[2026-08-18T03:29:55.719+0000] {processor.py:208} INFO - Processing /opt/airflow/dags/weather_dag.py took 0.075 seconds
[2026-08-18T03:30:25.984+0000] {processor.py:186} INFO - Started process (PID=10422) to work on /opt/airflow/dags/weather_dag.py
[2026-08-18T03:30:25.985+0000] {processor.py:914} INFO - Processing file /opt/airflow/dags/weather_dag.py for tasks to queue
[2026-08-18T03:30:25.989+0000] {logging_mixin.py:190} INFO - [2026-08-18T03:30:25.988+0000] {dagbag.py:588} INFO - Filling up the DagBag from /opt/airflow/dags/weather_dag.py
[2026-08-18T03:30:26.005+0000] {processor.py:925} INFO - DAG(s) 'weather_ingestion' retrieved from /opt/airflow/dags/weather_dag.py
[2026-08-18T03:30:26.115+0000] {logging_mixin.py:190} INFO - [2026-08-18T03:30:26.115+0000] {dag.py:3239} INFO - Sync 1 DAGs
[2026-08-18T03:30:26.134+0000] {logging_mixin.py:190} INFO - [2026-08-18T03:30:26.134+0000] {dag.py:4180} INFO - Setting next_dagrun for weather_ingestion to 2026-08-18 03:00:00+00:00, run_after=2026-08-18 04:00:00+00:00
[2026-08-18T03:30:26.156+0000] {processor.py:208} INFO - Processing /opt/airflow/dags/weather_dag.py took 0.182 seconds
[2026-08-18T03:30:56.311+0000] {processor.py:186} INFO - Started process (PID=10427) to work on /opt/airflow/dags/weather_dag.py
[2026-08-18T03:30:56.313+0000] {processor.py:914} INFO - Processing file /opt/airflow/dags/weather_dag.py for tasks to queue
[2026-08-18T03:30:56.316+0000] {logging_mixin.py:190} INFO - [2026-08-18T03:30:56.316+0000] {dagbag.py:588} INFO - Filling up the DagBag from /opt/airflow/dags/weather_dag.py
[2026-08-18T03:30:56.335+0000] {processor.py:925} INFO - DAG(s) 'weather_ingestion' retrieved from /opt/airflow/dags/weather_dag.py
[2026-08-18T03:30:56.363+0000] {logging_mixin.py:190} INFO - [2026-08-18T03:30:56.363+0000] {dag.py:3239} INFO - Sync 1 DAGs
[2026-08-18T03:30:56.381+0000] {logging_mixin.py:190} INFO - [2026-08-18T03:30:56.381+0000] {dag.py:4180} INFO - Setting next_dagrun for weather_ingestion to 2026-08-18 03:00:00+00:00, run_after=2026-08-18 04:00:00+00:00
[2026-08-18T03:30:56.393+0000] {processor.py:208} INFO - Processing /opt/airflow/dags/weather_dag.py took 0.095 seconds
[2026-08-18T03:31:26.639+0000] {processor.py:186} INFO - Started process (PID=10432) to work on /opt/airflow/dags/weather_dag.py
[2026-08-18T03:31:26.640+0000] {processor.py:914} INFO - Processing file /opt/airflow/dags/weather_dag.py for tasks to queue
[2026-08-18T03:31:26.645+0000] {logging_mixin.py:190} INFO - [2026-08-18T03:31:26.644+0000] {dagbag.py:588} INFO - Filling up the DagBag from /opt/airflow/dags/weather_dag.py
[2026-08-18T03:31:26.661+0000] {processor.py:925} INFO - DAG(s) 'weather_ingestion' retrieved from /opt/airflow/dags/weather_dag.py
[2026-08-18T03:31:26.688+0000] {logging_mixin.py:190} INFO - [2026-08-18T03:31:26.688+0000] {dag.py:3239} INFO - Sync 1 DAGs
[2026-08-18T03:31:26.704+0000] {logging_mixin.py:190} INFO - [2026-08-18T03:31:26.704+0000] {dag.py:4180} INFO - Setting next_dagrun for weather_ingestion to 2026-08-18 03:00:00+00:00, run_after=2026-08-18 04:00:00+00:00
[2026-08-18T03:31:26.715+0000] {processor.py:208} INFO - Processing /opt/airflow/dags/weather_dag.py took 0.086 seconds
[2026-08-18T03:31:57.160+0000] {processor.py:186} INFO - Started process (PID=10437) to work on /opt/airflow/dags/weather_dag.py
[2026-08-18T03:31:57.162+0000] {processor.py:914} INFO - Processing file /opt/airflow/dags/weather_dag.py for tasks to queue
[2026-08-18T03:31:57.165+0000] {logging_mixin.py:190} INFO - [2026-08-18T03:31:57.164+0000] {dagbag.py:588} INFO - Filling up the DagBag from /opt/airflow/dags/weather_dag.py
[2026-08-18T03:31:57.179+0000] {processor.py:925} INFO - DAG(s) 'weather_ingestion' retrieved from /opt/airflow/dags/weather_dag.py
[2026-08-18T03:31:57.200+0000] {logging_mixin.py:190} INFO - [2026-08-18T03:31:57.200+0000] {dag.py:3239} INFO - Sync 1 DAGs
[2026-08-18T03:31:57.244+0000] {logging_mixin.py:190} INFO - [2026-08-18T03:31:57.243+0000] {dag.py:4180} INFO - Setting next_dagrun for weather_ingestion to 2026-08-18 03:00:00+00:00, run_after=2026-08-18 04:00:00+00:00
[2026-08-18T03:31:57.254+0000] {processor.py:208} INFO - Processing /opt/airflow/dags/weather_dag.py took 0.101 seconds
[2026-08-18T03:32:27.576+0000] {processor.py:186} INFO - Started process (PID=10442) to work on /opt/airflow/dags/weather_dag.py
[2026-08-18T03:32:27.578+0000] {processor.py:914} INFO - Processing file /opt/airflow/dags/weather_dag.py for tasks to queue
[2026-08-18T03:32:27.583+0000] {logging_mixin.py:190} INFO - [2026-08-18T03:32:27.582+0000] {dagbag.py:588} INFO - Filling up the DagBag from /opt/airflow/dags/weather_dag.py
[2026-08-18T03:32:27.604+0000] {processor.py:925} INFO - DAG(s) 'weather_ingestion' retrieved from /opt/airflow/dags/weather_dag.py
[2026-08-18T03:32:27.638+0000] {logging_mixin.py:190} INFO - [2026-08-18T03:32:27.638+0000] {dag.py:3239} INFO - Sync 1 DAGs
[2026-08-18T03:32:27.667+0000] {logging_mixin.py:190} INFO - [2026-08-18T03:32:27.666+0000] {dag.py:4180} INFO - Setting next_dagrun for weather_ingestion to 2026-08-18 03:00:00+00:00, run_after=2026-08-18 04:00:00+00:00
[2026-08-18T03:32:27.677+0000] {processor.py:208} INFO - Processing /opt/airflow/dags/weather_dag.py took 0.114 seconds
[2026-08-18T03:32:57.993+0000] {processor.py:186} INFO - Started process (PID=10447) to work on /opt/airflow/dags/weather_dag.py
[2026-08-18T03:32:57.995+0000] {processor.py:914} INFO - Processing file /opt/airflow/dags/weather_dag.py for tasks to queue
[2026-08-18T03:32:57.999+0000] {logging_mixin.py:190} INFO - [2026-08-18T03:32:57.999+0000] {dagbag.py:588} INFO - Filling up the DagBag from /opt/airflow/dags/weather_dag.py
[2026-08-18T03:32:58.017+0000] {processor.py:925} INFO - DAG(s) 'weather_ingestion' retrieved from /opt/airflow/dags/weather_dag.py
[2026-08-18T03:32:58.057+0000] {logging_mixin.py:190} INFO - [2026-08-18T03:32:58.056+0000] {dag.py:3239} INFO - Sync 1 DAGs
[2026-08-18T03:32:58.073+0000] {logging_mixin.py:190} INFO - [2026-08-18T03:32:58.073+0000] {dag.py:4180} INFO - Setting next_dagrun for weather_ingestion to 2026-08-18 03:00:00+00:00, run_after=2026-08-18 04:00:00+00:00
[2026-08-18T03:32:58.083+0000] {processor.py:208} INFO - Processing /opt/airflow/dags/weather_dag.py took 0.102 seconds
[2026-08-18T03:33:28.279+0000] {processor.py:186} INFO - Started process (PID=10452) to work on /opt/airflow/dags/weather_dag.py
[2026-08-18T03:33:28.280+0000] {processor.py:914} INFO - Processing file /opt/airflow/dags/weather_dag.py for tasks to queue
[2026-08-18T03:33:28.282+0000] {logging_mixin.py:190} INFO - [2026-08-18T03:33:28.282+0000] {dagbag.py:588} INFO - Filling up the DagBag from /opt/airflow/dags/weather_dag.py
[2026-08-18T03:33:28.292+0000] {processor.py:925} INFO - DAG(s) 'weather_ingestion' retrieved from /opt/airflow/dags/weather_dag.py
[2026-08-18T03:33:28.311+0000] {logging_mixin.py:190} INFO - [2026-08-18T03:33:28.311+0000] {dag.py:3239} INFO - Sync 1 DAGs
[2026-08-18T03:33:28.323+0000] {logging_mixin.py:190} INFO - [2026-08-18T03:33:28.323+0000] {dag.py:4180} INFO - Setting next_dagrun for weather_ingestion to 2026-08-18 03:00:00+00:00, run_after=2026-08-18 04:00:00+00:00
[2026-08-18T03:33:28.331+0000] {processor.py:208} INFO - Processing /opt/airflow/dags/weather_dag.py took 0.059 seconds
[2026-08-18T03:33:58.649+0000] {processor.py:186} INFO - Started process (PID=10457) to work on /opt/airflow/dags/weather_dag.py
[2026-08-18T03:33:58.650+0000] {processor.py:914} INFO - Processing file /opt/airflow/dags/weather_dag.py for tasks to queue
[2026-08-18T03:33:58.654+0000] {logging_mixin.py:190} INFO - [2026-08-18T03:33:58.654+0000] {dagbag.py:588} INFO - Filling up the DagBag from /opt/airflow/dags/weather_dag.py
[2026-08-18T03:33:58.672+0000] {processor.py:925} INFO - DAG(s) 'weather_ingestion' retrieved from /opt/airflow/dags/weather_dag.py
[2026-08-18T03:33:58.695+0000] {logging_mixin.py:190} INFO - [2026-08-18T03:33:58.695+0000] {dag.py:3239} INFO - Sync 1 DAGs
[2026-08-18T03:33:58.709+0000] {logging_mixin.py:190} INFO - [2026-08-18T03:33:58.709+0000] {dag.py:4180} INFO - Setting next_dagrun for weather_ingestion to 2026-08-18 03:00:00+00:00, run_after=2026-08-18 04:00:00+00:00
[2026-08-18T03:33:58.719+0000] {processor.py:208} INFO - Processing /opt/airflow/dags/weather_dag.py took 0.085 seconds
[2026-08-18T03:34:28.931+0000] {processor.py:186} INFO - Started process (PID=10462) to work on /opt/airflow/dags/weather_dag.py
[2026-08-18T03:34:28.934+0000] {processor.py:914} INFO - Processing file /opt/airflow/dags/weather_dag.py for tasks to queue
[2026-08-18T03:34:28.937+0000] {logging_mixin.py:190} INFO - [2026-08-18T03:34:28.937+0000] {dagbag.py:588} INFO - Filling up the DagBag from /opt/airflow/dags/weather_dag.py
[2026-08-18T03:34:28.949+0000] {processor.py:925} INFO - DAG(s) 'weather_ingestion' retrieved from /opt/airflow/dags/weather_dag.py
[2026-08-18T03:34:28.969+0000] {logging_mixin.py:190} INFO - [2026-08-18T03:34:28.968+0000] {dag.py:3239} INFO - Sync 1 DAGs
[2026-08-18T03:34:28.988+0000] {logging_mixin.py:190} INFO - [2026-08-18T03:34:28.988+0000] {dag.py:4180} INFO - Setting next_dagrun for weather_ingestion to 2026-08-18 03:00:00+00:00, run_after=2026-08-18 04:00:00+00:00
[2026-08-18T03:34:28.997+0000] {processor.py:208} INFO - Processing /opt/airflow/dags/weather_dag.py took 0.073 seconds
[2026-08-18T03:34:59.305+0000] {processor.py:186} INFO - Started process (PID=10467) to work on /opt/airflow/dags/weather_dag.py
[2026-08-18T03:34:59.308+0000] {processor.py:914} INFO - Processing file /opt/airflow/dags/weather_dag.py for tasks to queue
[2026-08-18T03:34:59.310+0000] {logging_mixin.py:190} INFO - [2026-08-18T03:34:59.310+0000] {dagbag.py:588} INFO - Filling up the DagBag from /opt/airflow/dags/weather_dag.py
[2026-08-18T03:34:59.321+0000] {processor.py:925} INFO - DAG(s) 'weather_ingestion' retrieved from /opt/airflow/dags/weather_dag.py
[2026-08-18T03:34:59.339+0000] {logging_mixin.py:190} INFO - [2026-08-18T03:34:59.339+0000] {dag.py:3239} INFO - Sync 1 DAGs
[2026-08-18T03:34:59.351+0000] {logging_mixin.py:190} INFO - [2026-08-18T03:34:59.351+0000] {dag.py:4180} INFO - Setting next_dagrun for weather_ingestion to 2026-08-18 03:00:00+00:00, run_after=2026-08-18 04:00:00+00:00
[2026-08-18T03:34:59.358+0000] {processor.py:208} INFO - Processing /opt/airflow/dags/weather_dag.py took 0.064 seconds
[2026-08-18T03:35:29.635+0000] {processor.py:186} INFO - Started process (PID=10472) to work on /opt/airflow/dags/weather_dag.py
[2026-08-18T03:35:29.636+0000] {processor.py:914} INFO - Processing file /opt/airflow/dags/weather_dag.py for tasks to queue
[2026-08-18T03:35:29.640+0000] {logging_mixin.py:190} INFO - [2026-08-18T03:35:29.639+0000] {dagbag.py:588} INFO - Filling up the DagBag from /opt/airflow/dags/weather_dag.py
[2026-08-18T03:35:29.657+0000] {processor.py:925} INFO - DAG(s) 'weather_ingestion' retrieved from /opt/airflow/dags/weather_dag.py
[2026-08-18T03:35:29.684+0000] {logging_mixin.py:190} INFO - [2026-08-18T03:35:29.684+0000] {dag.py:3239} INFO - Sync 1 DAGs
[2026-08-18T03:35:29.702+0000] {logging_mixin.py:190} INFO - [2026-08-18T03:35:29.702+0000] {dag.py:4180} INFO - Setting next_dagrun for weather_ingestion to 2026-08-18 03:00:00+00:00, run_after=2026-08-18 04:00:00+00:00
[2026-08-18T03:35:29.712+0000] {processor.py:208} INFO - Processing /opt/airflow/dags/weather_dag.py took 0.087 seconds
[2026-08-18T03:35:59.948+0000] {processor.py:186} INFO - Started process (PID=10477) to work on /opt/airflow/dags/weather_dag.py
[2026-08-18T03:35:59.950+0000] {processor.py:914} INFO - Processing file /opt/airflow/dags/weather_dag.py for tasks to queue
[2026-08-18T03:35:59.952+0000] {logging_mixin.py:190} INFO - [2026-08-18T03:35:59.952+0000] {dagbag.py:588} INFO - Filling up the DagBag from /opt/airflow/dags/weather_dag.py
[2026-08-18T03:35:59.963+0000] {processor.py:925} INFO - DAG(s) 'weather_ingestion' retrieved from /opt/airflow/dags/weather_dag.py
[2026-08-18T03:35:59.979+0000] {logging_mixin.py:190} INFO - [2026-08-18T03:35:59.979+0000] {dag.py:3239} INFO - Sync 1 DAGs
[2026-08-18T03:35:59.991+0000] {logging_mixin.py:190} INFO - [2026-08-18T03:35:59.991+0000] {dag.py:4180} INFO - Setting next_dagrun for weather_ingestion to 2026-08-18 03:00:00+00:00, run_after=2026-08-18 04:00:00+00:00
[2026-08-18T03:35:59.998+0000] {processor.py:208} INFO - Processing /opt/airflow/dags/weather_dag.py took 0.057 seconds
[2026-08-18T03:36:30.403+0000] {processor.py:186} INFO - Started process (PID=10482) to work on /opt/airflow/dags/weather_dag.py
[2026-08-18T03:36:30.406+0000] {processor.py:914} INFO - Processing file /opt/airflow/dags/weather_dag.py for tasks to queue
[2026-08-18T03:36:30.413+0000] {logging_mixin.py:190} INFO - [2026-08-18T03:36:30.412+0000] {dagbag.py:588} INFO - Filling up the DagBag from /opt/airflow/dags/weather_dag.py
[2026-08-18T03:36:30.468+0000] {processor.py:925} INFO - DAG(s) 'weather_ingestion' retrieved from /opt/airflow/dags/weather_dag.py
[2026-08-18T03:36:30.498+0000] {logging_mixin.py:190} INFO - [2026-08-18T03:36:30.498+0000] {dag.py:3239} INFO - Sync 1 DAGs
[2026-08-18T03:36:30.517+0000] {logging_mixin.py:190} INFO - [2026-08-18T03:36:30.517+0000] {dag.py:4180} INFO - Setting next_dagrun for weather_ingestion to 2026-08-18 03:00:00+00:00, run_after=2026-08-18 04:00:00+00:00
[2026-08-18T03:36:30.528+0000] {processor.py:208} INFO - Processing /opt/airflow/dags/weather_dag.py took 0.142 seconds
[2026-08-18T03:37:00.732+0000] {processor.py:186} INFO - Started process (PID=10487) to work on /opt/airflow/dags/weather_dag.py
[2026-08-18T03:37:00.733+0000] {processor.py:914} INFO - Processing file /opt/airflow/dags/weather_dag.py for tasks to queue
[2026-08-18T03:37:00.737+0000] {logging_mixin.py:190} INFO - [2026-08-18T03:37:00.737+0000] {dagbag.py:588} INFO - Filling up the DagBag from /opt/airflow/dags/weather_dag.py
[2026-08-18T03:37:00.758+0000] {processor.py:925} INFO - DAG(s) 'weather_ingestion' retrieved from /opt/airflow/dags/weather_dag.py
[2026-08-18T03:37:00.779+0000] {logging_mixin.py:190} INFO - [2026-08-18T03:37:00.779+0000] {dag.py:3239} INFO - Sync 1 DAGs
[2026-08-18T03:37:00.796+0000] {logging_mixin.py:190} INFO - [2026-08-18T03:37:00.795+0000] {dag.py:4180} INFO - Setting next_dagrun for weather_ingestion to 2026-08-18 03:00:00+00:00, run_after=2026-08-18 04:00:00+00:00
[2026-08-18T03:37:00.805+0000] {processor.py:208} INFO - Processing /opt/airflow/dags/weather_dag.py took 0.082 seconds
[2026-08-18T03:37:31.045+0000] {processor.py:186} INFO - Started process (PID=10492) to work on /opt/airflow/dags/weather_dag.py
[2026-08-18T03:37:31.048+0000] {processor.py:914} INFO - Processing file /opt/airflow/dags/weather_dag.py for tasks to queue
[2026-08-18T03:37:31.051+0000] {logging_mixin.py:190} INFO - [2026-08-18T03:37:31.050+0000] {dagbag.py:588} INFO - Filling up the DagBag from /opt/airflow/dags/weather_dag.py
[2026-08-18T03:37:31.069+0000] {processor.py:925} INFO - DAG(s) 'weather_ingestion' retrieved from /opt/airflow/dags/weather_dag.py
[2026-08-18T03:37:31.091+0000] {logging_mixin.py:190} INFO - [2026-08-18T03:37:31.091+0000] {dag.py:3239} INFO - Sync 1 DAGs
[2026-08-18T03:37:31.106+0000] {logging_mixin.py:190} INFO - [2026-08-18T03:37:31.106+0000] {dag.py:4180} INFO - Setting next_dagrun for weather_ingestion to 2026-08-18 03:00:00+00:00, run_after=2026-08-18 04:00:00+00:00
[2026-08-18T03:37:31.115+0000] {processor.py:208} INFO - Processing /opt/airflow/dags/weather_dag.py took 0.078 seconds
[2026-08-18T03:38:01.352+0000] {processor.py:186} INFO - Started process (PID=10497) to work on /opt/airflow/dags/weather_dag.py
[2026-08-18T03:38:01.354+0000] {processor.py:914} INFO - Processing file /opt/airflow/dags/weather_dag.py for tasks to queue
[2026-08-18T03:38:01.359+0000] {logging_mixin.py:190} INFO - [2026-08-18T03:38:01.359+0000] {dagbag.py:588} INFO - Filling up the DagBag from /opt/airflow/dags/weather_dag.py
[2026-08-18T03:38:01.377+0000] {processor.py:925} INFO - DAG(s) 'weather_ingestion' retrieved from /opt/airflow/dags/weather_dag.py
[2026-08-18T03:38:01.400+0000] {logging_mixin.py:190} INFO - [2026-08-18T03:38:01.400+0000] {dag.py:3239} INFO - Sync 1 DAGs
[2026-08-18T03:38:01.417+0000] {logging_mixin.py:190} INFO - [2026-08-18T03:38:01.417+0000] {dag.py:4180} INFO - Setting next_dagrun for weather_ingestion to 2026-08-18 03:00:00+00:00, run_after=2026-08-18 04:00:00+00:00
[2026-08-18T03:38:01.428+0000] {processor.py:208} INFO - Processing /opt/airflow/dags/weather_dag.py took 0.088 seconds
[2026-08-18T03:38:31.652+0000] {processor.py:186} INFO - Started process (PID=10502) to work on /opt/airflow/dags/weather_dag.py
[2026-08-18T03:38:31.653+0000] {processor.py:914} INFO - Processing file /opt/airflow/dags/weather_dag.py for tasks to queue
[2026-08-18T03:38:31.656+0000] {logging_mixin.py:190} INFO - [2026-08-18T03:38:31.655+0000] {dagbag.py:588} INFO - Filling up the DagBag from /opt/airflow/dags/weather_dag.py
[2026-08-18T03:38:31.666+0000] {processor.py:925} INFO - DAG(s) 'weather_ingestion' retrieved from /opt/airflow/dags/weather_dag.py
[2026-08-18T03:38:31.684+0000] {logging_mixin.py:190} INFO - [2026-08-18T03:38:31.684+0000] {dag.py:3239} INFO - Sync 1 DAGs
[2026-08-18T03:38:31.696+0000] {logging_mixin.py:190} INFO - [2026-08-18T03:38:31.696+0000] {dag.py:4180} INFO - Setting next_dagrun for weather_ingestion to 2026-08-18 03:00:00+00:00, run_after=2026-08-18 04:00:00+00:00
[2026-08-18T03:38:31.705+0000] {processor.py:208} INFO - Processing /opt/airflow/dags/weather_dag.py took 0.061 seconds
[2026-08-18T03:39:02.185+0000] {processor.py:186} INFO - Started process (PID=10507) to work on /opt/airflow/dags/weather_dag.py
[2026-08-18T03:39:02.188+0000] {processor.py:914} INFO - Processing file /opt/airflow/dags/weather_dag.py for tasks to queue
[2026-08-18T03:39:02.230+0000] {logging_mixin.py:190} INFO - [2026-08-18T03:39:02.228+0000] {dagbag.py:588} INFO - Filling up the DagBag from /opt/airflow/dags/weather_dag.py
[2026-08-18T03:39:02.562+0000] {processor.py:925} INFO - DAG(s) 'weather_ingestion' retrieved from /opt/airflow/dags/weather_dag.py
[2026-08-18T03:39:02.962+0000] {logging_mixin.py:190} INFO - [2026-08-18T03:39:02.962+0000] {dag.py:3239} INFO - Sync 1 DAGs
[2026-08-18T03:39:03.029+0000] {logging_mixin.py:190} INFO - [2026-08-18T03:39:03.028+0000] {dag.py:4180} INFO - Setting next_dagrun for weather_ingestion to 2026-08-18 03:00:00+00:00, run_after=2026-08-18 04:00:00+00:00
[2026-08-18T03:39:03.071+0000] {processor.py:208} INFO - Processing /opt/airflow/dags/weather_dag.py took 0.931 seconds
[2026-08-18T03:39:33.510+0000] {processor.py:186} INFO - Started process (PID=10512) to work on /opt/airflow/dags/weather_dag.py
[2026-08-18T03:39:33.511+0000] {processor.py:914} INFO - Processing file /opt/airflow/dags/weather_dag.py for tasks to queue
[2026-08-18T03:39:33.517+0000] {logging_mixin.py:190} INFO - [2026-08-18T03:39:33.516+0000] {dagbag.py:588} INFO - Filling up the DagBag from /opt/airflow/dags/weather_dag.py
[2026-08-18T03:39:33.541+0000] {processor.py:925} INFO - DAG(s) 'weather_ingestion' retrieved from /opt/airflow/dags/weather_dag.py
[2026-08-18T03:39:33.574+0000] {logging_mixin.py:190} INFO - [2026-08-18T03:39:33.573+0000] {dag.py:3239} INFO - Sync 1 DAGs
[2026-08-18T03:39:33.619+0000] {logging_mixin.py:190} INFO - [2026-08-18T03:39:33.619+0000] {dag.py:4180} INFO - Setting next_dagrun for weather_ingestion to 2026-08-18 03:00:00+00:00, run_after=2026-08-18 04:00:00+00:00
[2026-08-18T03:39:33.630+0000] {processor.py:208} INFO - Processing /opt/airflow/dags/weather_dag.py took 0.153 seconds
[2026-08-18T03:40:03.893+0000] {processor.py:186} INFO - Started process (PID=10517) to work on /opt/airflow/dags/weather_dag.py
[2026-08-18T03:40:03.896+0000] {processor.py:914} INFO - Processing file /opt/airflow/dags/weather_dag.py for tasks to queue
[2026-08-18T03:40:03.901+0000] {logging_mixin.py:190} INFO - [2026-08-18T03:40:03.901+0000] {dagbag.py:588} INFO - Filling up the DagBag from /opt/airflow/dags/weather_dag.py
[2026-08-18T03:40:03.947+0000] {processor.py:925} INFO - DAG(s) 'weather_ingestion' retrieved from /opt/airflow/dags/weather_dag.py
[2026-08-18T03:40:03.978+0000] {logging_mixin.py:190} INFO - [2026-08-18T03:40:03.978+0000] {dag.py:3239} INFO - Sync 1 DAGs
[2026-08-18T03:40:03.997+0000] {logging_mixin.py:190} INFO - [2026-08-18T03:40:03.997+0000] {dag.py:4180} INFO - Setting next_dagrun for weather_ingestion to 2026-08-18 03:00:00+00:00, run_after=2026-08-18 04:00:00+00:00
[2026-08-18T03:40:04.008+0000] {processor.py:208} INFO - Processing /opt/airflow/dags/weather_dag.py took 0.130 seconds
[2026-08-18T03:40:34.281+0000] {processor.py:186} INFO - Started process (PID=10522) to work on /opt/airflow/dags/weather_dag.py
[2026-08-18T03:40:34.283+0000] {processor.py:914} INFO - Processing file /opt/airflow/dags/weather_dag.py for tasks to queue
[2026-08-18T03:40:34.286+0000] {logging_mixin.py:190} INFO - [2026-08-18T03:40:34.286+0000] {dagbag.py:588} INFO - Filling up the DagBag from /opt/airflow/dags/weather_dag.py
[2026-08-18T03:40:34.302+0000] {processor.py:925} INFO - DAG(s) 'weather_ingestion' retrieved from /opt/airflow/dags/weather_dag.py
[2026-08-18T03:40:34.327+0000] {logging_mixin.py:190} INFO - [2026-08-18T03:40:34.327+0000] {dag.py:3239} INFO - Sync 1 DAGs
[2026-08-18T03:40:34.344+0000] {logging_mixin.py:190} INFO - [2026-08-18T03:40:34.344+0000] {dag.py:4180} INFO - Setting next_dagrun for weather_ingestion to 2026-08-18 03:00:00+00:00, run_after=2026-08-18 04:00:00+00:00
[2026-08-18T03:40:34.353+0000] {processor.py:208} INFO - Processing /opt/airflow/dags/weather_dag.py took 0.083 seconds
[2026-08-18T03:41:04.587+0000] {processor.py:186} INFO - Started process (PID=10527) to work on /opt/airflow/dags/weather_dag.py
[2026-08-18T03:41:04.589+0000] {processor.py:914} INFO - Processing file /opt/airflow/dags/weather_dag.py for tasks to queue
[2026-08-18T03:41:04.591+0000] {logging_mixin.py:190} INFO - [2026-08-18T03:41:04.591+0000] {dagbag.py:588} INFO - Filling up the DagBag from /opt/airflow/dags/weather_dag.py
[2026-08-18T03:41:04.610+0000] {processor.py:925} INFO - DAG(s) 'weather_ingestion' retrieved from /opt/airflow/dags/weather_dag.py
[2026-08-18T03:41:04.641+0000] {logging_mixin.py:190} INFO - [2026-08-18T03:41:04.641+0000] {dag.py:3239} INFO - Sync 1 DAGs
[2026-08-18T03:41:04.688+0000] {logging_mixin.py:190} INFO - [2026-08-18T03:41:04.688+0000] {dag.py:4180} INFO - Setting next_dagrun for weather_ingestion to 2026-08-18 03:00:00+00:00, run_after=2026-08-18 04:00:00+00:00
[2026-08-18T03:41:04.698+0000] {processor.py:208} INFO - Processing /opt/airflow/dags/weather_dag.py took 0.120 seconds
[2026-08-18T03:41:34.837+0000] {processor.py:186} INFO - Started process (PID=10532) to work on /opt/airflow/dags/weather_dag.py
[2026-08-18T03:41:34.839+0000] {processor.py:914} INFO - Processing file /opt/airflow/dags/weather_dag.py for tasks to queue
[2026-08-18T03:41:34.842+0000] {logging_mixin.py:190} INFO - [2026-08-18T03:41:34.842+0000] {dagbag.py:588} INFO - Filling up the DagBag from /opt/airflow/dags/weather_dag.py
[2026-08-18T03:41:34.860+0000] {processor.py:925} INFO - DAG(s) 'weather_ingestion' retrieved from /opt/airflow/dags/weather_dag.py
[2026-08-18T03:41:34.879+0000] {logging_mixin.py:190} INFO - [2026-08-18T03:41:34.879+0000] {dag.py:3239} INFO - Sync 1 DAGs
[2026-08-18T03:41:34.891+0000] {logging_mixin.py:190} INFO - [2026-08-18T03:41:34.891+0000] {dag.py:4180} INFO - Setting next_dagrun for weather_ingestion to 2026-08-18 03:00:00+00:00, run_after=2026-08-18 04:00:00+00:00
[2026-08-18T03:41:34.899+0000] {processor.py:208} INFO - Processing /opt/airflow/dags/weather_dag.py took 0.075 seconds
[2026-08-18T03:42:05.121+0000] {processor.py:186} INFO - Started process (PID=10537) to work on /opt/airflow/dags/weather_dag.py
[2026-08-18T03:42:05.124+0000] {processor.py:914} INFO - Processing file /opt/airflow/dags/weather_dag.py for tasks to queue
[2026-08-18T03:42:05.127+0000] {logging_mixin.py:190} INFO - [2026-08-18T03:42:05.127+0000] {dagbag.py:588} INFO - Filling up the DagBag from /opt/airflow/dags/weather_dag.py
[2026-08-18T03:42:05.140+0000] {processor.py:925} INFO - DAG(s) 'weather_ingestion' retrieved from /opt/airflow/dags/weather_dag.py
[2026-08-18T03:42:05.162+0000] {logging_mixin.py:190} INFO - [2026-08-18T03:42:05.161+0000] {dag.py:3239} INFO - Sync 1 DAGs
[2026-08-18T03:42:05.176+0000] {logging_mixin.py:190} INFO - [2026-08-18T03:42:05.176+0000] {dag.py:4180} INFO - Setting next_dagrun for weather_ingestion to 2026-08-18 03:00:00+00:00, run_after=2026-08-18 04:00:00+00:00
[2026-08-18T03:42:05.185+0000] {processor.py:208} INFO - Processing /opt/airflow/dags/weather_dag.py took 0.078 seconds
[2026-08-18T03:42:35.502+0000] {processor.py:186} INFO - Started process (PID=10542) to work on /opt/airflow/dags/weather_dag.py
[2026-08-18T03:42:35.505+0000] {processor.py:914} INFO - Processing file /opt/airflow/dags/weather_dag.py for tasks to queue
[2026-08-18T03:42:35.510+0000] {logging_mixin.py:190} INFO - [2026-08-18T03:42:35.509+0000] {dagbag.py:588} INFO - Filling up the DagBag from /opt/airflow/dags/weather_dag.py
[2026-08-18T03:42:35.529+0000] {processor.py:925} INFO - DAG(s) 'weather_ingestion' retrieved from /opt/airflow/dags/weather_dag.py
[2026-08-18T03:42:35.549+0000] {logging_mixin.py:190} INFO - [2026-08-18T03:42:35.549+0000] {dag.py:3239} INFO - Sync 1 DAGs
[2026-08-18T03:42:35.562+0000] {logging_mixin.py:190} INFO - [2026-08-18T03:42:35.562+0000] {dag.py:4180} INFO - Setting next_dagrun for weather_ingestion to 2026-08-18 03:00:00+00:00, run_after=2026-08-18 04:00:00+00:00
[2026-08-18T03:42:35.570+0000] {processor.py:208} INFO - Processing /opt/airflow/dags/weather_dag.py took 0.077 seconds
[2026-08-18T03:43:05.830+0000] {processor.py:186} INFO - Started process (PID=10547) to work on /opt/airflow/dags/weather_dag.py
[2026-08-18T03:43:05.832+0000] {processor.py:914} INFO - Processing file /opt/airflow/dags/weather_dag.py for tasks to queue
[2026-08-18T03:43:05.835+0000] {logging_mixin.py:190} INFO - [2026-08-18T03:43:05.834+0000] {dagbag.py:588} INFO - Filling up the DagBag from /opt/airflow/dags/weather_dag.py
[2026-08-18T03:43:05.847+0000] {processor.py:925} INFO - DAG(s) 'weather_ingestion' retrieved from /opt/airflow/dags/weather_dag.py
[2026-08-18T03:43:05.871+0000] {logging_mixin.py:190} INFO - [2026-08-18T03:43:05.870+0000] {dag.py:3239} INFO - Sync 1 DAGs
[2026-08-18T03:43:05.885+0000] {logging_mixin.py:190} INFO - [2026-08-18T03:43:05.885+0000] {dag.py:4180} INFO - Setting next_dagrun for weather_ingestion to 2026-08-18 03:00:00+00:00, run_after=2026-08-18 04:00:00+00:00
[2026-08-18T03:43:05.894+0000] {processor.py:208} INFO - Processing /opt/airflow/dags/weather_dag.py took 0.072 seconds
[2026-08-18T03:43:36.164+0000] {processor.py:186} INFO - Started process (PID=10552) to work on /opt/airflow/dags/weather_dag.py
[2026-08-18T03:43:36.166+0000] {processor.py:914} INFO - Processing file /opt/airflow/dags/weather_dag.py for tasks to queue
[2026-08-18T03:43:36.168+0000] {logging_mixin.py:190} INFO - [2026-08-18T03:43:36.167+0000] {dagbag.py:588} INFO - Filling up the DagBag from /opt/airflow/dags/weather_dag.py
[2026-08-18T03:43:36.179+0000] {processor.py:925} INFO - DAG(s) 'weather_ingestion' retrieved from /opt/airflow/dags/weather_dag.py
[2026-08-18T03:43:36.197+0000] {logging_mixin.py:190} INFO - [2026-08-18T03:43:36.197+0000] {dag.py:3239} INFO - Sync 1 DAGs
[2026-08-18T03:43:36.210+0000] {logging_mixin.py:190} INFO - [2026-08-18T03:43:36.210+0000] {dag.py:4180} INFO - Setting next_dagrun for weather_ingestion to 2026-08-18 03:00:00+00:00, run_after=2026-08-18 04:00:00+00:00
[2026-08-18T03:43:36.217+0000] {processor.py:208} INFO - Processing /opt/airflow/dags/weather_dag.py took 0.060 seconds
[2026-08-18T03:44:06.532+0000] {processor.py:186} INFO - Started process (PID=10557) to work on /opt/airflow/dags/weather_dag.py
[2026-08-18T03:44:06.535+0000] {processor.py:914} INFO - Processing file /opt/airflow/dags/weather_dag.py for tasks to queue
[2026-08-18T03:44:06.539+0000] {logging_mixin.py:190} INFO - [2026-08-18T03:44:06.538+0000] {dagbag.py:588} INFO - Filling up the DagBag from /opt/airflow/dags/weather_dag.py
[2026-08-18T03:44:06.555+0000] {processor.py:925} INFO - DAG(s) 'weather_ingestion' retrieved from /opt/airflow/dags/weather_dag.py
[2026-08-18T03:44:06.573+0000] {logging_mixin.py:190} INFO - [2026-08-18T03:44:06.573+0000] {dag.py:3239} INFO - Sync 1 DAGs
[2026-08-18T03:44:06.586+0000] {logging_mixin.py:190} INFO - [2026-08-18T03:44:06.586+0000] {dag.py:4180} INFO - Setting next_dagrun for weather_ingestion to 2026-08-18 03:00:00+00:00, run_after=2026-08-18 04:00:00+00:00
[2026-08-18T03:44:06.594+0000] {processor.py:208} INFO - Processing /opt/airflow/dags/weather_dag.py took 0.071 seconds
[2026-08-18T03:44:36.906+0000] {processor.py:186} INFO - Started process (PID=10562) to work on /opt/airflow/dags/weather_dag.py
[2026-08-18T03:44:36.907+0000] {processor.py:914} INFO - Processing file /opt/airflow/dags/weather_dag.py for tasks to queue
[2026-08-18T03:44:36.910+0000] {logging_mixin.py:190} INFO - [2026-08-18T03:44:36.910+0000] {dagbag.py:588} INFO - Filling up the DagBag from /opt/airflow/dags/weather_dag.py
[2026-08-18T03:44:36.925+0000] {processor.py:925} INFO - DAG(s) 'weather_ingestion' retrieved from /opt/airflow/dags/weather_dag.py
[2026-08-18T03:44:36.976+0000] {logging_mixin.py:190} INFO - [2026-08-18T03:44:36.976+0000] {dag.py:3239} INFO - Sync 1 DAGs
[2026-08-18T03:44:36.995+0000] {logging_mixin.py:190} INFO - [2026-08-18T03:44:36.995+0000] {dag.py:4180} INFO - Setting next_dagrun for weather_ingestion to 2026-08-18 03:00:00+00:00, run_after=2026-08-18 04:00:00+00:00
[2026-08-18T03:44:37.005+0000] {processor.py:208} INFO - Processing /opt/airflow/dags/weather_dag.py took 0.108 seconds
[2026-08-18T03:45:07.215+0000] {processor.py:186} INFO - Started process (PID=10567) to work on /opt/airflow/dags/weather_dag.py
[2026-08-18T03:45:07.217+0000] {processor.py:914} INFO - Processing file /opt/airflow/dags/weather_dag.py for tasks to queue
[2026-08-18T03:45:07.220+0000] {logging_mixin.py:190} INFO - [2026-08-18T03:45:07.219+0000] {dagbag.py:588} INFO - Filling up the DagBag from /opt/airflow/dags/weather_dag.py
[2026-08-18T03:45:07.233+0000] {processor.py:925} INFO - DAG(s) 'weather_ingestion' retrieved from /opt/airflow/dags/weather_dag.py
[2026-08-18T03:45:07.249+0000] {logging_mixin.py:190} INFO - [2026-08-18T03:45:07.249+0000] {dag.py:3239} INFO - Sync 1 DAGs
[2026-08-18T03:45:07.262+0000] {logging_mixin.py:190} INFO - [2026-08-18T03:45:07.262+0000] {dag.py:4180} INFO - Setting next_dagrun for weather_ingestion to 2026-08-18 03:00:00+00:00, run_after=2026-08-18 04:00:00+00:00
[2026-08-18T03:45:07.269+0000] {processor.py:208} INFO - Processing /opt/airflow/dags/weather_dag.py took 0.064 seconds
[2026-08-18T03:45:37.565+0000] {processor.py:186} INFO - Started process (PID=10572) to work on /opt/airflow/dags/weather_dag.py
[2026-08-18T03:45:37.566+0000] {processor.py:914} INFO - Processing file /opt/airflow/dags/weather_dag.py for tasks to queue
[2026-08-18T03:45:37.570+0000] {logging_mixin.py:190} INFO - [2026-08-18T03:45:37.570+0000] {dagbag.py:588} INFO - Filling up the DagBag from /opt/airflow/dags/weather_dag.py
[2026-08-18T03:45:37.587+0000] {processor.py:925} INFO - DAG(s) 'weather_ingestion' retrieved from /opt/airflow/dags/weather_dag.py
[2026-08-18T03:45:37.608+0000] {logging_mixin.py:190} INFO - [2026-08-18T03:45:37.608+0000] {dag.py:3239} INFO - Sync 1 DAGs
[2026-08-18T03:45:37.620+0000] {logging_mixin.py:190} INFO - [2026-08-18T03:45:37.620+0000] {dag.py:4180} INFO - Setting next_dagrun for weather_ingestion to 2026-08-18 03:00:00+00:00, run_after=2026-08-18 04:00:00+00:00
[2026-08-18T03:45:37.628+0000] {processor.py:208} INFO - Processing /opt/airflow/dags/weather_dag.py took 0.072 seconds
[2026-08-18T03:46:07.897+0000] {processor.py:186} INFO - Started process (PID=10577) to work on /opt/airflow/dags/weather_dag.py
[2026-08-18T03:46:07.898+0000] {processor.py:914} INFO - Processing file /opt/airflow/dags/weather_dag.py for tasks to queue
[2026-08-18T03:46:07.900+0000] {logging_mixin.py:190} INFO - [2026-08-18T03:46:07.900+0000] {dagbag.py:588} INFO - Filling up the DagBag from /opt/airflow/dags/weather_dag.py
[2026-08-18T03:46:07.912+0000] {processor.py:925} INFO - DAG(s) 'weather_ingestion' retrieved from /opt/airflow/dags/weather_dag.py
[2026-08-18T03:46:07.930+0000] {logging_mixin.py:190} INFO - [2026-08-18T03:46:07.930+0000] {dag.py:3239} INFO - Sync 1 DAGs
[2026-08-18T03:46:07.943+0000] {logging_mixin.py:190} INFO - [2026-08-18T03:46:07.943+0000] {dag.py:4180} INFO - Setting next_dagrun for weather_ingestion to 2026-08-18 03:00:00+00:00, run_after=2026-08-18 04:00:00+00:00
[2026-08-18T03:46:07.950+0000] {processor.py:208} INFO - Processing /opt/airflow/dags/weather_dag.py took 0.060 seconds
[2026-08-18T03:46:38.224+0000] {processor.py:186} INFO - Started process (PID=10582) to work on /opt/airflow/dags/weather_dag.py
[2026-08-18T03:46:38.227+0000] {processor.py:914} INFO - Processing file /opt/airflow/dags/weather_dag.py for tasks to queue
[2026-08-18T03:46:38.229+0000] {logging_mixin.py:190} INFO - [2026-08-18T03:46:38.229+0000] {dagbag.py:588} INFO - Filling up the DagBag from /opt/airflow/dags/weather_dag.py
[2026-08-18T03:46:38.241+0000] {processor.py:925} INFO - DAG(s) 'weather_ingestion' retrieved from /opt/airflow/dags/weather_dag.py
[2026-08-18T03:46:38.267+0000] {logging_mixin.py:190} INFO - [2026-08-18T03:46:38.267+0000] {dag.py:3239} INFO - Sync 1 DAGs
[2026-08-18T03:46:38.282+0000] {logging_mixin.py:190} INFO - [2026-08-18T03:46:38.282+0000] {dag.py:4180} INFO - Setting next_dagrun for weather_ingestion to 2026-08-18 03:00:00+00:00, run_after=2026-08-18 04:00:00+00:00
[2026-08-18T03:46:38.291+0000] {processor.py:208} INFO - Processing /opt/airflow/dags/weather_dag.py took 0.076 seconds
[2026-08-18T03:47:08.493+0000] {processor.py:186} INFO - Started process (PID=10587) to work on /opt/airflow/dags/weather_dag.py
[2026-08-18T03:47:08.494+0000] {processor.py:914} INFO - Processing file /opt/airflow/dags/weather_dag.py for tasks to queue
[2026-08-18T03:47:08.496+0000] {logging_mixin.py:190} INFO - [2026-08-18T03:47:08.496+0000] {dagbag.py:588} INFO - Filling up the DagBag from /opt/airflow/dags/weather_dag.py
[2026-08-18T03:47:08.506+0000] {processor.py:925} INFO - DAG(s) 'weather_ingestion' retrieved from /opt/airflow/dags/weather_dag.py
[2026-08-18T03:47:08.521+0000] {logging_mixin.py:190} INFO - [2026-08-18T03:47:08.521+0000] {dag.py:3239} INFO - Sync 1 DAGs
[2026-08-18T03:47:08.532+0000] {logging_mixin.py:190} INFO - [2026-08-18T03:47:08.532+0000] {dag.py:4180} INFO - Setting next_dagrun for weather_ingestion to 2026-08-18 03:00:00+00:00, run_after=2026-08-18 04:00:00+00:00
[2026-08-18T03:47:08.540+0000] {processor.py:208} INFO - Processing /opt/airflow/dags/weather_dag.py took 0.054 seconds
[2026-08-18T03:47:38.781+0000] {processor.py:186} INFO - Started process (PID=10592) to work on /opt/airflow/dags/weather_dag.py
[2026-08-18T03:47:38.781+0000] {processor.py:914} INFO - Processing file /opt/airflow/dags/weather_dag.py for tasks to queue
[2026-08-18T03:47:38.785+0000] {logging_mixin.py:190} INFO - [2026-08-18T03:47:38.785+0000] {dagbag.py:588} INFO - Filling up the DagBag from /opt/airflow/dags/weather_dag.py
[2026-08-18T03:47:38.802+0000] {processor.py:925} INFO - DAG(s) 'weather_ingestion' retrieved from /opt/airflow/dags/weather_dag.py
[2026-08-18T03:47:38.828+0000] {logging_mixin.py:190} INFO - [2026-08-18T03:47:38.828+0000] {dag.py:3239} INFO - Sync 1 DAGs
[2026-08-18T03:47:38.844+0000] {logging_mixin.py:190} INFO - [2026-08-18T03:47:38.844+0000] {dag.py:4180} INFO - Setting next_dagrun for weather_ingestion to 2026-08-18 03:00:00+00:00, run_after=2026-08-18 04:00:00+00:00
[2026-08-18T03:47:38.854+0000] {processor.py:208} INFO - Processing /opt/airflow/dags/weather_dag.py took 0.080 seconds
[2026-08-18T03:48:09.051+0000] {processor.py:186} INFO - Started process (PID=10597) to work on /opt/airflow/dags/weather_dag.py
[2026-08-18T03:48:09.053+0000] {processor.py:914} INFO - Processing file /opt/airflow/dags/weather_dag.py for tasks to queue
[2026-08-18T03:48:09.055+0000] {logging_mixin.py:190} INFO - [2026-08-18T03:48:09.055+0000] {dagbag.py:588} INFO - Filling up the DagBag from /opt/airflow/dags/weather_dag.py
[2026-08-18T03:48:09.065+0000] {processor.py:925} INFO - DAG(s) 'weather_ingestion' retrieved from /opt/airflow/dags/weather_dag.py
[2026-08-18T03:48:09.110+0000] {logging_mixin.py:190} INFO - [2026-08-18T03:48:09.110+0000] {dag.py:3239} INFO - Sync 1 DAGs
[2026-08-18T03:48:09.127+0000] {logging_mixin.py:190} INFO - [2026-08-18T03:48:09.127+0000] {dag.py:4180} INFO - Setting next_dagrun for weather_ingestion to 2026-08-18 03:00:00+00:00, run_after=2026-08-18 04:00:00+00:00
[2026-08-18T03:48:09.137+0000] {processor.py:208} INFO - Processing /opt/airflow/dags/weather_dag.py took 0.098 seconds
[2026-08-18T03:48:39.292+0000] {processor.py:186} INFO - Started process (PID=10602) to work on /opt/airflow/dags/weather_dag.py
[2026-08-18T03:48:39.294+0000] {processor.py:914} INFO - Processing file /opt/airflow/dags/weather_dag.py for tasks to queue
[2026-08-18T03:48:39.297+0000] {logging_mixin.py:190} INFO - [2026-08-18T03:48:39.296+0000] {dagbag.py:588} INFO - Filling up the DagBag from /opt/airflow/dags/weather_dag.py
[2026-08-18T03:48:39.310+0000] {processor.py:925} INFO - DAG(s) 'weather_ingestion' retrieved from /opt/airflow/dags/weather_dag.py
[2026-08-18T03:48:39.330+0000] {logging_mixin.py:190} INFO - [2026-08-18T03:48:39.330+0000] {dag.py:3239} INFO - Sync 1 DAGs
[2026-08-18T03:48:39.343+0000] {logging_mixin.py:190} INFO - [2026-08-18T03:48:39.343+0000] {dag.py:4180} INFO - Setting next_dagrun for weather_ingestion to 2026-08-18 03:00:00+00:00, run_after=2026-08-18 04:00:00+00:00
[2026-08-18T03:48:39.352+0000] {processor.py:208} INFO - Processing /opt/airflow/dags/weather_dag.py took 0.065 seconds
[2026-08-18T03:49:09.657+0000] {processor.py:186} INFO - Started process (PID=10607) to work on /opt/airflow/dags/weather_dag.py
[2026-08-18T03:49:09.659+0000] {processor.py:914} INFO - Processing file /opt/airflow/dags/weather_dag.py for tasks to queue
[2026-08-18T03:49:09.663+0000] {logging_mixin.py:190} INFO - [2026-08-18T03:49:09.662+0000] {dagbag.py:588} INFO - Filling up the DagBag from /opt/airflow/dags/weather_dag.py
[2026-08-18T03:49:09.679+0000] {processor.py:925} INFO - DAG(s) 'weather_ingestion' retrieved from /opt/airflow/dags/weather_dag.py
[2026-08-18T03:49:09.697+0000] {logging_mixin.py:190} INFO - [2026-08-18T03:49:09.697+0000] {dag.py:3239} INFO - Sync 1 DAGs
[2026-08-18T03:49:09.709+0000] {logging_mixin.py:190} INFO - [2026-08-18T03:49:09.709+0000] {dag.py:4180} INFO - Setting next_dagrun for weather_ingestion to 2026-08-18 03:00:00+00:00, run_after=2026-08-18 04:00:00+00:00
[2026-08-18T03:49:09.716+0000] {processor.py:208} INFO - Processing /opt/airflow/dags/weather_dag.py took 0.069 seconds
[2026-08-18T03:49:40.014+0000] {processor.py:186} INFO - Started process (PID=10612) to work on /opt/airflow/dags/weather_dag.py
[2026-08-18T03:49:40.016+0000] {processor.py:914} INFO - Processing file /opt/airflow/dags/weather_dag.py for tasks to queue
[2026-08-18T03:49:40.019+0000] {logging_mixin.py:190} INFO - [2026-08-18T03:49:40.018+0000] {dagbag.py:588} INFO - Filling up the DagBag from /opt/airflow/dags/weather_dag.py
[2026-08-18T03:49:40.031+0000] {processor.py:925} INFO - DAG(s) 'weather_ingestion' retrieved from /opt/airflow/dags/weather_dag.py
[2026-08-18T03:49:40.056+0000] {logging_mixin.py:190} INFO - [2026-08-18T03:49:40.056+0000] {dag.py:3239} INFO - Sync 1 DAGs
[2026-08-18T03:49:40.070+0000] {logging_mixin.py:190} INFO - [2026-08-18T03:49:40.070+0000] {dag.py:4180} INFO - Setting next_dagrun for weather_ingestion to 2026-08-18 03:00:00+00:00, run_after=2026-08-18 04:00:00+00:00
[2026-08-18T03:49:40.077+0000] {processor.py:208} INFO - Processing /opt/airflow/dags/weather_dag.py took 0.070 seconds
[2026-08-18T03:50:10.345+0000] {processor.py:186} INFO - Started process (PID=10617) to work on /opt/airflow/dags/weather_dag.py
[2026-08-18T03:50:10.347+0000] {processor.py:914} INFO - Processing file /opt/airflow/dags/weather_dag.py for tasks to queue
[2026-08-18T03:50:10.349+0000] {logging_mixin.py:190} INFO - [2026-08-18T03:50:10.349+0000] {dagbag.py:588} INFO - Filling up the DagBag from /opt/airflow/dags/weather_dag.py
[2026-08-18T03:50:10.357+0000] {processor.py:925} INFO - DAG(s) 'weather_ingestion' retrieved from /opt/airflow/dags/weather_dag.py
[2026-08-18T03:50:10.378+0000] {logging_mixin.py:190} INFO - [2026-08-18T03:50:10.378+0000] {dag.py:3239} INFO - Sync 1 DAGs
[2026-08-18T03:50:10.393+0000] {logging_mixin.py:190} INFO - [2026-08-18T03:50:10.393+0000] {dag.py:4180} INFO - Setting next_dagrun for weather_ingestion to 2026-08-18 03:00:00+00:00, run_after=2026-08-18 04:00:00+00:00
[2026-08-18T03:50:10.402+0000] {processor.py:208} INFO - Processing /opt/airflow/dags/weather_dag.py took 0.063 seconds
[2026-08-18T04:06:52.934+0000] {processor.py:186} INFO - Started process (PID=10622) to work on /opt/airflow/dags/weather_dag.py
[2026-08-18T04:06:52.936+0000] {processor.py:914} INFO - Processing file /opt/airflow/dags/weather_dag.py for tasks to queue
[2026-08-18T04:06:52.940+0000] {logging_mixin.py:190} INFO - [2026-08-18T04:06:52.940+0000] {dagbag.py:588} INFO - Filling up the DagBag from /opt/airflow/dags/weather_dag.py
[2026-08-18T04:06:52.970+0000] {processor.py:925} INFO - DAG(s) 'weather_ingestion' retrieved from /opt/airflow/dags/weather_dag.py
[2026-08-18T04:06:52.999+0000] {logging_mixin.py:190} INFO - [2026-08-18T04:06:52.999+0000] {dag.py:3239} INFO - Sync 1 DAGs
[2026-08-18T04:06:53.018+0000] {logging_mixin.py:190} INFO - [2026-08-18T04:06:53.018+0000] {dag.py:4180} INFO - Setting next_dagrun for weather_ingestion to 2026-08-18 03:00:00+00:00, run_after=2026-08-18 04:00:00+00:00
[2026-08-18T04:06:53.029+0000] {processor.py:208} INFO - Processing /opt/airflow/dags/weather_dag.py took 0.109 seconds
[2026-08-18T04:07:23.308+0000] {processor.py:186} INFO - Started process (PID=10635) to work on /opt/airflow/dags/weather_dag.py
[2026-08-18T04:07:23.311+0000] {processor.py:914} INFO - Processing file /opt/airflow/dags/weather_dag.py for tasks to queue
[2026-08-18T04:07:23.315+0000] {logging_mixin.py:190} INFO - [2026-08-18T04:07:23.315+0000] {dagbag.py:588} INFO - Filling up the DagBag from /opt/airflow/dags/weather_dag.py
[2026-08-18T04:07:23.337+0000] {processor.py:925} INFO - DAG(s) 'weather_ingestion' retrieved from /opt/airflow/dags/weather_dag.py
[2026-08-18T04:07:23.361+0000] {logging_mixin.py:190} INFO - [2026-08-18T04:07:23.361+0000] {dag.py:3239} INFO - Sync 1 DAGs
[2026-08-18T04:07:23.376+0000] {logging_mixin.py:190} INFO - [2026-08-18T04:07:23.376+0000] {dag.py:4180} INFO - Setting next_dagrun for weather_ingestion to 2026-08-18 04:00:00+00:00, run_after=2026-08-18 05:00:00+00:00
[2026-08-18T04:07:23.384+0000] {processor.py:208} INFO - Processing /opt/airflow/dags/weather_dag.py took 0.089 seconds
[2026-08-18T04:07:53.620+0000] {processor.py:186} INFO - Started process (PID=10640) to work on /opt/airflow/dags/weather_dag.py
[2026-08-18T04:07:53.622+0000] {processor.py:914} INFO - Processing file /opt/airflow/dags/weather_dag.py for tasks to queue
[2026-08-18T04:07:53.624+0000] {logging_mixin.py:190} INFO - [2026-08-18T04:07:53.624+0000] {dagbag.py:588} INFO - Filling up the DagBag from /opt/airflow/dags/weather_dag.py
[2026-08-18T04:07:53.636+0000] {processor.py:925} INFO - DAG(s) 'weather_ingestion' retrieved from /opt/airflow/dags/weather_dag.py
[2026-08-18T04:07:53.655+0000] {logging_mixin.py:190} INFO - [2026-08-18T04:07:53.654+0000] {dag.py:3239} INFO - Sync 1 DAGs
[2026-08-18T04:07:53.666+0000] {logging_mixin.py:190} INFO - [2026-08-18T04:07:53.666+0000] {dag.py:4180} INFO - Setting next_dagrun for weather_ingestion to 2026-08-18 04:00:00+00:00, run_after=2026-08-18 05:00:00+00:00
[2026-08-18T04:07:53.673+0000] {processor.py:208} INFO - Processing /opt/airflow/dags/weather_dag.py took 0.064 seconds
[2026-08-18T04:08:23.916+0000] {processor.py:186} INFO - Started process (PID=10653) to work on /opt/airflow/dags/weather_dag.py
[2026-08-18T04:08:23.917+0000] {processor.py:914} INFO - Processing file /opt/airflow/dags/weather_dag.py for tasks to queue
[2026-08-18T04:08:23.920+0000] {logging_mixin.py:190} INFO - [2026-08-18T04:08:23.919+0000] {dagbag.py:588} INFO - Filling up the DagBag from /opt/airflow/dags/weather_dag.py
[2026-08-18T04:08:23.929+0000] {processor.py:925} INFO - DAG(s) 'weather_ingestion' retrieved from /opt/airflow/dags/weather_dag.py
[2026-08-18T04:08:23.949+0000] {logging_mixin.py:190} INFO - [2026-08-18T04:08:23.949+0000] {dag.py:3239} INFO - Sync 1 DAGs
[2026-08-18T04:08:23.962+0000] {logging_mixin.py:190} INFO - [2026-08-18T04:08:23.962+0000] {dag.py:4180} INFO - Setting next_dagrun for weather_ingestion to 2026-08-18 04:00:00+00:00, run_after=2026-08-18 05:00:00+00:00
[2026-08-18T04:08:23.971+0000] {processor.py:208} INFO - Processing /opt/airflow/dags/weather_dag.py took 0.061 seconds
[2026-08-18T04:24:26.594+0000] {processor.py:186} INFO - Started process (PID=10658) to work on /opt/airflow/dags/weather_dag.py
[2026-08-18T04:24:26.596+0000] {processor.py:914} INFO - Processing file /opt/airflow/dags/weather_dag.py for tasks to queue
[2026-08-18T04:24:26.605+0000] {logging_mixin.py:190} INFO - [2026-08-18T04:24:26.604+0000] {dagbag.py:588} INFO - Filling up the DagBag from /opt/airflow/dags/weather_dag.py
[2026-08-18T04:24:26.647+0000] {processor.py:925} INFO - DAG(s) 'weather_ingestion' retrieved from /opt/airflow/dags/weather_dag.py
[2026-08-18T04:24:26.720+0000] {logging_mixin.py:190} INFO - [2026-08-18T04:24:26.720+0000] {dag.py:3239} INFO - Sync 1 DAGs
[2026-08-18T04:24:26.759+0000] {logging_mixin.py:190} INFO - [2026-08-18T04:24:26.759+0000] {dag.py:4180} INFO - Setting next_dagrun for weather_ingestion to 2026-08-18 04:00:00+00:00, run_after=2026-08-18 05:00:00+00:00
[2026-08-18T04:24:26.784+0000] {processor.py:208} INFO - Processing /opt/airflow/dags/weather_dag.py took 0.202 seconds
[2026-08-18T04:24:57.003+0000] {processor.py:186} INFO - Started process (PID=10663) to work on /opt/airflow/dags/weather_dag.py
[2026-08-18T04:24:57.005+0000] {processor.py:914} INFO - Processing file /opt/airflow/dags/weather_dag.py for tasks to queue
[2026-08-18T04:24:57.009+0000] {logging_mixin.py:190} INFO - [2026-08-18T04:24:57.009+0000] {dagbag.py:588} INFO - Filling up the DagBag from /opt/airflow/dags/weather_dag.py
[2026-08-18T04:24:57.028+0000] {processor.py:925} INFO - DAG(s) 'weather_ingestion' retrieved from /opt/airflow/dags/weather_dag.py
[2026-08-18T04:24:57.076+0000] {logging_mixin.py:190} INFO - [2026-08-18T04:24:57.076+0000] {dag.py:3239} INFO - Sync 1 DAGs
[2026-08-18T04:24:57.094+0000] {logging_mixin.py:190} INFO - [2026-08-18T04:24:57.094+0000] {dag.py:4180} INFO - Setting next_dagrun for weather_ingestion to 2026-08-18 04:00:00+00:00, run_after=2026-08-18 05:00:00+00:00
[2026-08-18T04:24:57.104+0000] {processor.py:208} INFO - Processing /opt/airflow/dags/weather_dag.py took 0.128 seconds
[2026-08-18T04:41:21.290+0000] {processor.py:186} INFO - Started process (PID=10668) to work on /opt/airflow/dags/weather_dag.py
[2026-08-18T04:41:21.300+0000] {processor.py:914} INFO - Processing file /opt/airflow/dags/weather_dag.py for tasks to queue
[2026-08-18T04:41:21.312+0000] {logging_mixin.py:190} INFO - [2026-08-18T04:41:21.311+0000] {dagbag.py:588} INFO - Filling up the DagBag from /opt/airflow/dags/weather_dag.py
[2026-08-18T04:41:21.381+0000] {processor.py:925} INFO - DAG(s) 'weather_ingestion' retrieved from /opt/airflow/dags/weather_dag.py
[2026-08-18T04:41:21.484+0000] {logging_mixin.py:190} INFO - [2026-08-18T04:41:21.483+0000] {dag.py:3239} INFO - Sync 1 DAGs
[2026-08-18T04:41:21.520+0000] {logging_mixin.py:190} INFO - [2026-08-18T04:41:21.520+0000] {dag.py:4180} INFO - Setting next_dagrun for weather_ingestion to 2026-08-18 04:00:00+00:00, run_after=2026-08-18 05:00:00+00:00
[2026-08-18T04:41:21.544+0000] {processor.py:208} INFO - Processing /opt/airflow/dags/weather_dag.py took 0.279 seconds
[2026-08-18T04:41:22.717+0000] {processor.py:186} INFO - Started process (PID=10673) to work on /opt/airflow/dags/weather_dag.py
[2026-08-18T04:41:22.718+0000] {processor.py:914} INFO - Processing file /opt/airflow/dags/weather_dag.py for tasks to queue
[2026-08-18T04:41:22.720+0000] {logging_mixin.py:190} INFO - [2026-08-18T04:41:22.719+0000] {dagbag.py:588} INFO - Filling up the DagBag from /opt/airflow/dags/weather_dag.py
[2026-08-18T04:41:22.729+0000] {processor.py:925} INFO - DAG(s) 'weather_ingestion' retrieved from /opt/airflow/dags/weather_dag.py
[2026-08-18T04:41:22.759+0000] {logging_mixin.py:190} INFO - [2026-08-18T04:41:22.758+0000] {taskinstance.py:3313} ERROR - {'DAG Id': 'weather_ingestion', 'Task Id': 'produce_weather', 'Run Id': 'scheduled__2026-08-18T03:00:00+00:00', 'Hostname': '827737eaffc5'}
[2026-08-18T04:41:22.796+0000] {logging_mixin.py:190} INFO - [2026-08-18T04:41:22.796+0000] {taskinstance.py:1225} INFO - Marking task as UP_FOR_RETRY. dag_id=weather_ingestion, task_id=produce_weather, run_id=scheduled__2026-08-18T03:00:00+00:00, execution_date=20260818T030000, start_date=20260818T040802, end_date=20260818T044122
[2026-08-18T04:41:22.819+0000] {logging_mixin.py:190} INFO - [2026-08-18T04:41:22.819+0000] {processor.py:876} INFO - Executed callback for <TaskInstance: weather_ingestion.produce_weather scheduled__2026-08-18T03:00:00+00:00 [up_for_retry]> in state up_for_retry
[2026-08-18T04:41:22.835+0000] {logging_mixin.py:190} INFO - [2026-08-18T04:41:22.834+0000] {dag.py:3239} INFO - Sync 1 DAGs
[2026-08-18T04:41:22.866+0000] {logging_mixin.py:190} INFO - [2026-08-18T04:41:22.865+0000] {dag.py:4180} INFO - Setting next_dagrun for weather_ingestion to 2026-08-18 04:00:00+00:00, run_after=2026-08-18 05:00:00+00:00
[2026-08-18T04:41:22.882+0000] {processor.py:208} INFO - Processing /opt/airflow/dags/weather_dag.py took 0.170 seconds
[2026-08-18T04:41:53.148+0000] {processor.py:186} INFO - Started process (PID=10678) to work on /opt/airflow/dags/weather_dag.py
[2026-08-18T04:41:53.156+0000] {processor.py:914} INFO - Processing file /opt/airflow/dags/weather_dag.py for tasks to queue
[2026-08-18T04:41:53.170+0000] {logging_mixin.py:190} INFO - [2026-08-18T04:41:53.169+0000] {dagbag.py:588} INFO - Filling up the DagBag from /opt/airflow/dags/weather_dag.py
[2026-08-18T04:41:53.218+0000] {processor.py:925} INFO - DAG(s) 'weather_ingestion' retrieved from /opt/airflow/dags/weather_dag.py
[2026-08-18T04:41:53.331+0000] {logging_mixin.py:190} INFO - [2026-08-18T04:41:53.331+0000] {dag.py:3239} INFO - Sync 1 DAGs
[2026-08-18T04:41:53.363+0000] {logging_mixin.py:190} INFO - [2026-08-18T04:41:53.363+0000] {dag.py:4180} INFO - Setting next_dagrun for weather_ingestion to 2026-08-18 04:00:00+00:00, run_after=2026-08-18 05:00:00+00:00
[2026-08-18T04:41:53.381+0000] {processor.py:208} INFO - Processing /opt/airflow/dags/weather_dag.py took 0.259 seconds
[2026-08-18T04:42:23.629+0000] {processor.py:186} INFO - Started process (PID=10683) to work on /opt/airflow/dags/weather_dag.py
[2026-08-18T04:42:23.633+0000] {processor.py:914} INFO - Processing file /opt/airflow/dags/weather_dag.py for tasks to queue
[2026-08-18T04:42:23.637+0000] {logging_mixin.py:190} INFO - [2026-08-18T04:42:23.637+0000] {dagbag.py:588} INFO - Filling up the DagBag from /opt/airflow/dags/weather_dag.py
[2026-08-18T04:42:23.655+0000] {processor.py:925} INFO - DAG(s) 'weather_ingestion' retrieved from /opt/airflow/dags/weather_dag.py
[2026-08-18T04:42:23.678+0000] {logging_mixin.py:190} INFO - [2026-08-18T04:42:23.678+0000] {dag.py:3239} INFO - Sync 1 DAGs
[2026-08-18T04:42:23.695+0000] {logging_mixin.py:190} INFO - [2026-08-18T04:42:23.694+0000] {dag.py:4180} INFO - Setting next_dagrun for weather_ingestion to 2026-08-18 04:00:00+00:00, run_after=2026-08-18 05:00:00+00:00
[2026-08-18T04:42:23.703+0000] {processor.py:208} INFO - Processing /opt/airflow/dags/weather_dag.py took 0.087 seconds
[2026-08-18T04:42:53.944+0000] {processor.py:186} INFO - Started process (PID=10696) to work on /opt/airflow/dags/weather_dag.py
[2026-08-18T04:42:53.945+0000] {processor.py:914} INFO - Processing file /opt/airflow/dags/weather_dag.py for tasks to queue
[2026-08-18T04:42:53.947+0000] {logging_mixin.py:190} INFO - [2026-08-18T04:42:53.947+0000] {dagbag.py:588} INFO - Filling up the DagBag from /opt/airflow/dags/weather_dag.py
[2026-08-18T04:42:53.961+0000] {processor.py:925} INFO - DAG(s) 'weather_ingestion' retrieved from /opt/airflow/dags/weather_dag.py
[2026-08-18T04:42:53.982+0000] {logging_mixin.py:190} INFO - [2026-08-18T04:42:53.982+0000] {dag.py:3239} INFO - Sync 1 DAGs
[2026-08-18T04:42:53.995+0000] {logging_mixin.py:190} INFO - [2026-08-18T04:42:53.995+0000] {dag.py:4180} INFO - Setting next_dagrun for weather_ingestion to 2026-08-18 04:00:00+00:00, run_after=2026-08-18 05:00:00+00:00
[2026-08-18T04:42:54.003+0000] {processor.py:208} INFO - Processing /opt/airflow/dags/weather_dag.py took 0.068 seconds
[2026-08-18T04:43:24.269+0000] {processor.py:186} INFO - Started process (PID=10701) to work on /opt/airflow/dags/weather_dag.py
[2026-08-18T04:43:24.271+0000] {processor.py:914} INFO - Processing file /opt/airflow/dags/weather_dag.py for tasks to queue
[2026-08-18T04:43:24.274+0000] {logging_mixin.py:190} INFO - [2026-08-18T04:43:24.274+0000] {dagbag.py:588} INFO - Filling up the DagBag from /opt/airflow/dags/weather_dag.py
[2026-08-18T04:43:24.284+0000] {processor.py:925} INFO - DAG(s) 'weather_ingestion' retrieved from /opt/airflow/dags/weather_dag.py
[2026-08-18T04:43:24.301+0000] {logging_mixin.py:190} INFO - [2026-08-18T04:43:24.301+0000] {dag.py:3239} INFO - Sync 1 DAGs
[2026-08-18T04:43:24.311+0000] {logging_mixin.py:190} INFO - [2026-08-18T04:43:24.311+0000] {dag.py:4180} INFO - Setting next_dagrun for weather_ingestion to 2026-08-18 04:00:00+00:00, run_after=2026-08-18 05:00:00+00:00
[2026-08-18T04:43:24.318+0000] {processor.py:208} INFO - Processing /opt/airflow/dags/weather_dag.py took 0.056 seconds
[2026-08-18T04:59:28.233+0000] {processor.py:186} INFO - Started process (PID=10706) to work on /opt/airflow/dags/weather_dag.py
[2026-08-18T04:59:28.235+0000] {processor.py:914} INFO - Processing file /opt/airflow/dags/weather_dag.py for tasks to queue
[2026-08-18T04:59:28.245+0000] {logging_mixin.py:190} INFO - [2026-08-18T04:59:28.245+0000] {dagbag.py:588} INFO - Filling up the DagBag from /opt/airflow/dags/weather_dag.py
[2026-08-18T04:59:28.272+0000] {processor.py:925} INFO - DAG(s) 'weather_ingestion' retrieved from /opt/airflow/dags/weather_dag.py
[2026-08-18T04:59:28.312+0000] {logging_mixin.py:190} INFO - [2026-08-18T04:59:28.312+0000] {dag.py:3239} INFO - Sync 1 DAGs
[2026-08-18T04:59:28.355+0000] {logging_mixin.py:190} INFO - [2026-08-18T04:59:28.355+0000] {dag.py:4180} INFO - Setting next_dagrun for weather_ingestion to 2026-08-18 04:00:00+00:00, run_after=2026-08-18 05:00:00+00:00
[2026-08-18T04:59:28.397+0000] {processor.py:208} INFO - Processing /opt/airflow/dags/weather_dag.py took 0.173 seconds
[2026-08-18T04:59:58.570+0000] {processor.py:186} INFO - Started process (PID=10711) to work on /opt/airflow/dags/weather_dag.py
[2026-08-18T04:59:58.571+0000] {processor.py:914} INFO - Processing file /opt/airflow/dags/weather_dag.py for tasks to queue
[2026-08-18T04:59:58.576+0000] {logging_mixin.py:190} INFO - [2026-08-18T04:59:58.576+0000] {dagbag.py:588} INFO - Filling up the DagBag from /opt/airflow/dags/weather_dag.py
[2026-08-18T04:59:58.607+0000] {processor.py:925} INFO - DAG(s) 'weather_ingestion' retrieved from /opt/airflow/dags/weather_dag.py
[2026-08-18T04:59:58.632+0000] {logging_mixin.py:190} INFO - [2026-08-18T04:59:58.632+0000] {dag.py:3239} INFO - Sync 1 DAGs
[2026-08-18T04:59:58.650+0000] {logging_mixin.py:190} INFO - [2026-08-18T04:59:58.650+0000] {dag.py:4180} INFO - Setting next_dagrun for weather_ingestion to 2026-08-18 04:00:00+00:00, run_after=2026-08-18 05:00:00+00:00
[2026-08-18T04:59:58.659+0000] {processor.py:208} INFO - Processing /opt/airflow/dags/weather_dag.py took 0.105 seconds
[2026-08-18T05:00:28.811+0000] {processor.py:186} INFO - Started process (PID=10724) to work on /opt/airflow/dags/weather_dag.py
[2026-08-18T05:00:28.813+0000] {processor.py:914} INFO - Processing file /opt/airflow/dags/weather_dag.py for tasks to queue
[2026-08-18T05:00:28.814+0000] {logging_mixin.py:190} INFO - [2026-08-18T05:00:28.814+0000] {dagbag.py:588} INFO - Filling up the DagBag from /opt/airflow/dags/weather_dag.py
[2026-08-18T05:00:28.823+0000] {processor.py:925} INFO - DAG(s) 'weather_ingestion' retrieved from /opt/airflow/dags/weather_dag.py
[2026-08-18T05:00:28.842+0000] {logging_mixin.py:190} INFO - [2026-08-18T05:00:28.842+0000] {dag.py:3239} INFO - Sync 1 DAGs
[2026-08-18T05:00:28.856+0000] {logging_mixin.py:190} INFO - [2026-08-18T05:00:28.856+0000] {dag.py:4180} INFO - Setting next_dagrun for weather_ingestion to 2026-08-18 05:00:00+00:00, run_after=2026-08-18 06:00:00+00:00
[2026-08-18T05:00:28.864+0000] {processor.py:208} INFO - Processing /opt/airflow/dags/weather_dag.py took 0.060 seconds
[2026-08-18T05:00:59.154+0000] {processor.py:186} INFO - Started process (PID=10729) to work on /opt/airflow/dags/weather_dag.py
[2026-08-18T05:00:59.156+0000] {processor.py:914} INFO - Processing file /opt/airflow/dags/weather_dag.py for tasks to queue
[2026-08-18T05:00:59.160+0000] {logging_mixin.py:190} INFO - [2026-08-18T05:00:59.160+0000] {dagbag.py:588} INFO - Filling up the DagBag from /opt/airflow/dags/weather_dag.py
[2026-08-18T05:00:59.193+0000] {processor.py:925} INFO - DAG(s) 'weather_ingestion' retrieved from /opt/airflow/dags/weather_dag.py
[2026-08-18T05:00:59.233+0000] {logging_mixin.py:190} INFO - [2026-08-18T05:00:59.233+0000] {dag.py:3239} INFO - Sync 1 DAGs
[2026-08-18T05:00:59.249+0000] {logging_mixin.py:190} INFO - [2026-08-18T05:00:59.249+0000] {dag.py:4180} INFO - Setting next_dagrun for weather_ingestion to 2026-08-18 05:00:00+00:00, run_after=2026-08-18 06:00:00+00:00
[2026-08-18T05:00:59.258+0000] {processor.py:208} INFO - Processing /opt/airflow/dags/weather_dag.py took 0.113 seconds
[2026-08-18T05:01:29.436+0000] {processor.py:186} INFO - Started process (PID=10734) to work on /opt/airflow/dags/weather_dag.py
[2026-08-18T05:01:29.437+0000] {processor.py:914} INFO - Processing file /opt/airflow/dags/weather_dag.py for tasks to queue
[2026-08-18T05:01:29.439+0000] {logging_mixin.py:190} INFO - [2026-08-18T05:01:29.439+0000] {dagbag.py:588} INFO - Filling up the DagBag from /opt/airflow/dags/weather_dag.py
[2026-08-18T05:01:29.448+0000] {processor.py:925} INFO - DAG(s) 'weather_ingestion' retrieved from /opt/airflow/dags/weather_dag.py
[2026-08-18T05:01:29.466+0000] {logging_mixin.py:190} INFO - [2026-08-18T05:01:29.466+0000] {dag.py:3239} INFO - Sync 1 DAGs
[2026-08-18T05:01:29.478+0000] {logging_mixin.py:190} INFO - [2026-08-18T05:01:29.478+0000] {dag.py:4180} INFO - Setting next_dagrun for weather_ingestion to 2026-08-18 05:00:00+00:00, run_after=2026-08-18 06:00:00+00:00
[2026-08-18T05:01:29.485+0000] {processor.py:208} INFO - Processing /opt/airflow/dags/weather_dag.py took 0.058 seconds
[2026-08-18T05:01:59.640+0000] {processor.py:186} INFO - Started process (PID=10739) to work on /opt/airflow/dags/weather_dag.py
[2026-08-18T05:01:59.641+0000] {processor.py:914} INFO - Processing file /opt/airflow/dags/weather_dag.py for tasks to queue
[2026-08-18T05:01:59.643+0000] {logging_mixin.py:190} INFO - [2026-08-18T05:01:59.643+0000] {dagbag.py:588} INFO - Filling up the DagBag from /opt/airflow/dags/weather_dag.py
[2026-08-18T05:01:59.655+0000] {processor.py:925} INFO - DAG(s) 'weather_ingestion' retrieved from /opt/airflow/dags/weather_dag.py
[2026-08-18T05:01:59.673+0000] {logging_mixin.py:190} INFO - [2026-08-18T05:01:59.673+0000] {dag.py:3239} INFO - Sync 1 DAGs
[2026-08-18T05:01:59.684+0000] {logging_mixin.py:190} INFO - [2026-08-18T05:01:59.684+0000] {dag.py:4180} INFO - Setting next_dagrun for weather_ingestion to 2026-08-18 05:00:00+00:00, run_after=2026-08-18 06:00:00+00:00
[2026-08-18T05:01:59.691+0000] {processor.py:208} INFO - Processing /opt/airflow/dags/weather_dag.py took 0.058 seconds
[2026-08-18T05:18:06.637+0000] {processor.py:186} INFO - Started process (PID=10744) to work on /opt/airflow/dags/weather_dag.py
[2026-08-18T05:18:06.639+0000] {processor.py:914} INFO - Processing file /opt/airflow/dags/weather_dag.py for tasks to queue
[2026-08-18T05:18:06.644+0000] {logging_mixin.py:190} INFO - [2026-08-18T05:18:06.643+0000] {dagbag.py:588} INFO - Filling up the DagBag from /opt/airflow/dags/weather_dag.py
[2026-08-18T05:18:06.674+0000] {processor.py:925} INFO - DAG(s) 'weather_ingestion' retrieved from /opt/airflow/dags/weather_dag.py
[2026-08-18T05:18:06.726+0000] {logging_mixin.py:190} INFO - [2026-08-18T05:18:06.726+0000] {dag.py:3239} INFO - Sync 1 DAGs
[2026-08-18T05:18:06.778+0000] {logging_mixin.py:190} INFO - [2026-08-18T05:18:06.777+0000] {dag.py:4180} INFO - Setting next_dagrun for weather_ingestion to 2026-08-18 05:00:00+00:00, run_after=2026-08-18 06:00:00+00:00
[2026-08-18T05:18:06.821+0000] {processor.py:208} INFO - Processing /opt/airflow/dags/weather_dag.py took 0.196 seconds
[2026-08-18T05:18:10.551+0000] {processor.py:186} INFO - Started process (PID=10749) to work on /opt/airflow/dags/weather_dag.py
[2026-08-18T05:18:10.553+0000] {processor.py:914} INFO - Processing file /opt/airflow/dags/weather_dag.py for tasks to queue
[2026-08-18T05:18:10.556+0000] {logging_mixin.py:190} INFO - [2026-08-18T05:18:10.556+0000] {dagbag.py:588} INFO - Filling up the DagBag from /opt/airflow/dags/weather_dag.py
[2026-08-18T05:18:10.570+0000] {processor.py:925} INFO - DAG(s) 'weather_ingestion' retrieved from /opt/airflow/dags/weather_dag.py
[2026-08-18T05:18:10.601+0000] {logging_mixin.py:190} INFO - [2026-08-18T05:18:10.601+0000] {taskinstance.py:3313} ERROR - {'DAG Id': 'weather_ingestion', 'Task Id': 'produce_weather', 'Run Id': 'scheduled__2026-08-18T04:00:00+00:00', 'Hostname': '827737eaffc5'}
[2026-08-18T05:18:10.634+0000] {logging_mixin.py:190} INFO - [2026-08-18T05:18:10.634+0000] {taskinstance.py:1225} INFO - Marking task as UP_FOR_RETRY. dag_id=weather_ingestion, task_id=produce_weather, run_id=scheduled__2026-08-18T04:00:00+00:00, execution_date=20260818T040000, start_date=20260818T050000, end_date=20260818T051810
[2026-08-18T05:18:10.649+0000] {logging_mixin.py:190} INFO - [2026-08-18T05:18:10.649+0000] {processor.py:876} INFO - Executed callback for <TaskInstance: weather_ingestion.produce_weather scheduled__2026-08-18T04:00:00+00:00 [up_for_retry]> in state up_for_retry
[2026-08-18T05:18:10.666+0000] {logging_mixin.py:190} INFO - [2026-08-18T05:18:10.666+0000] {dag.py:3239} INFO - Sync 1 DAGs
[2026-08-18T05:18:10.688+0000] {logging_mixin.py:190} INFO - [2026-08-18T05:18:10.687+0000] {dag.py:4180} INFO - Setting next_dagrun for weather_ingestion to 2026-08-18 05:00:00+00:00, run_after=2026-08-18 06:00:00+00:00
[2026-08-18T05:18:10.703+0000] {processor.py:208} INFO - Processing /opt/airflow/dags/weather_dag.py took 0.159 seconds
[2026-08-18T05:18:40.859+0000] {processor.py:186} INFO - Started process (PID=10754) to work on /opt/airflow/dags/weather_dag.py
[2026-08-18T05:18:40.863+0000] {processor.py:914} INFO - Processing file /opt/airflow/dags/weather_dag.py for tasks to queue
[2026-08-18T05:18:40.867+0000] {logging_mixin.py:190} INFO - [2026-08-18T05:18:40.867+0000] {dagbag.py:588} INFO - Filling up the DagBag from /opt/airflow/dags/weather_dag.py
[2026-08-18T05:18:40.893+0000] {processor.py:925} INFO - DAG(s) 'weather_ingestion' retrieved from /opt/airflow/dags/weather_dag.py
[2026-08-18T05:18:40.950+0000] {logging_mixin.py:190} INFO - [2026-08-18T05:18:40.950+0000] {dag.py:3239} INFO - Sync 1 DAGs
[2026-08-18T05:18:40.974+0000] {logging_mixin.py:190} INFO - [2026-08-18T05:18:40.974+0000] {dag.py:4180} INFO - Setting next_dagrun for weather_ingestion to 2026-08-18 05:00:00+00:00, run_after=2026-08-18 06:00:00+00:00
[2026-08-18T05:18:40.985+0000] {processor.py:208} INFO - Processing /opt/airflow/dags/weather_dag.py took 0.142 seconds
[2026-08-18T05:19:11.297+0000] {processor.py:186} INFO - Started process (PID=11129) to work on /opt/airflow/dags/weather_dag.py
[2026-08-18T05:19:11.300+0000] {processor.py:914} INFO - Processing file /opt/airflow/dags/weather_dag.py for tasks to queue
[2026-08-18T05:19:11.309+0000] {logging_mixin.py:190} INFO - [2026-08-18T05:19:11.308+0000] {dagbag.py:588} INFO - Filling up the DagBag from /opt/airflow/dags/weather_dag.py
[2026-08-18T05:19:11.341+0000] {processor.py:925} INFO - DAG(s) 'weather_ingestion' retrieved from /opt/airflow/dags/weather_dag.py
[2026-08-18T05:19:11.371+0000] {logging_mixin.py:190} INFO - [2026-08-18T05:19:11.371+0000] {dag.py:3239} INFO - Sync 1 DAGs
[2026-08-18T05:19:11.395+0000] {logging_mixin.py:190} INFO - [2026-08-18T05:19:11.395+0000] {dag.py:4180} INFO - Setting next_dagrun for weather_ingestion to 2026-08-18 05:00:00+00:00, run_after=2026-08-18 06:00:00+00:00
[2026-08-18T05:19:11.409+0000] {processor.py:208} INFO - Processing /opt/airflow/dags/weather_dag.py took 0.134 seconds
[2026-08-18T05:19:41.598+0000] {processor.py:186} INFO - Started process (PID=11183) to work on /opt/airflow/dags/weather_dag.py
[2026-08-18T05:19:41.601+0000] {processor.py:914} INFO - Processing file /opt/airflow/dags/weather_dag.py for tasks to queue
[2026-08-18T05:19:41.606+0000] {logging_mixin.py:190} INFO - [2026-08-18T05:19:41.605+0000] {dagbag.py:588} INFO - Filling up the DagBag from /opt/airflow/dags/weather_dag.py
[2026-08-18T05:19:41.627+0000] {processor.py:925} INFO - DAG(s) 'weather_ingestion' retrieved from /opt/airflow/dags/weather_dag.py
[2026-08-18T05:19:41.656+0000] {logging_mixin.py:190} INFO - [2026-08-18T05:19:41.656+0000] {dag.py:3239} INFO - Sync 1 DAGs
[2026-08-18T05:19:41.673+0000] {logging_mixin.py:190} INFO - [2026-08-18T05:19:41.673+0000] {dag.py:4180} INFO - Setting next_dagrun for weather_ingestion to 2026-08-18 05:00:00+00:00, run_after=2026-08-18 06:00:00+00:00
[2026-08-18T05:19:41.684+0000] {processor.py:208} INFO - Processing /opt/airflow/dags/weather_dag.py took 0.098 seconds
[2026-08-18T05:20:11.995+0000] {processor.py:186} INFO - Started process (PID=11188) to work on /opt/airflow/dags/weather_dag.py
[2026-08-18T05:20:11.996+0000] {processor.py:914} INFO - Processing file /opt/airflow/dags/weather_dag.py for tasks to queue
[2026-08-18T05:20:11.998+0000] {logging_mixin.py:190} INFO - [2026-08-18T05:20:11.997+0000] {dagbag.py:588} INFO - Filling up the DagBag from /opt/airflow/dags/weather_dag.py
[2026-08-18T05:20:12.005+0000] {processor.py:925} INFO - DAG(s) 'weather_ingestion' retrieved from /opt/airflow/dags/weather_dag.py
[2026-08-18T05:20:12.021+0000] {logging_mixin.py:190} INFO - [2026-08-18T05:20:12.021+0000] {dag.py:3239} INFO - Sync 1 DAGs
[2026-08-18T05:20:12.032+0000] {logging_mixin.py:190} INFO - [2026-08-18T05:20:12.032+0000] {dag.py:4180} INFO - Setting next_dagrun for weather_ingestion to 2026-08-18 05:00:00+00:00, run_after=2026-08-18 06:00:00+00:00
[2026-08-18T05:20:12.039+0000] {processor.py:208} INFO - Processing /opt/airflow/dags/weather_dag.py took 0.054 seconds
[2026-08-18T05:37:38.281+0000] {processor.py:186} INFO - Started process (PID=11193) to work on /opt/airflow/dags/weather_dag.py
[2026-08-18T05:37:38.283+0000] {processor.py:914} INFO - Processing file /opt/airflow/dags/weather_dag.py for tasks to queue
[2026-08-18T05:37:38.298+0000] {logging_mixin.py:190} INFO - [2026-08-18T05:37:38.297+0000] {dagbag.py:588} INFO - Filling up the DagBag from /opt/airflow/dags/weather_dag.py
[2026-08-18T05:37:38.316+0000] {processor.py:925} INFO - DAG(s) 'weather_ingestion' retrieved from /opt/airflow/dags/weather_dag.py
[2026-08-18T05:37:38.340+0000] {logging_mixin.py:190} INFO - [2026-08-18T05:37:38.340+0000] {dag.py:3239} INFO - Sync 1 DAGs
[2026-08-18T05:37:38.356+0000] {logging_mixin.py:190} INFO - [2026-08-18T05:37:38.356+0000] {dag.py:4180} INFO - Setting next_dagrun for weather_ingestion to 2026-08-18 05:00:00+00:00, run_after=2026-08-18 06:00:00+00:00
[2026-08-18T05:37:38.365+0000] {processor.py:208} INFO - Processing /opt/airflow/dags/weather_dag.py took 0.105 seconds
[2026-08-18T05:38:08.617+0000] {processor.py:186} INFO - Started process (PID=11198) to work on /opt/airflow/dags/weather_dag.py
[2026-08-18T05:38:08.643+0000] {processor.py:914} INFO - Processing file /opt/airflow/dags/weather_dag.py for tasks to queue
[2026-08-18T05:38:08.672+0000] {logging_mixin.py:190} INFO - [2026-08-18T05:38:08.668+0000] {dagbag.py:588} INFO - Filling up the DagBag from /opt/airflow/dags/weather_dag.py
[2026-08-18T05:38:08.696+0000] {processor.py:925} INFO - DAG(s) 'weather_ingestion' retrieved from /opt/airflow/dags/weather_dag.py
[2026-08-18T05:38:08.722+0000] {logging_mixin.py:190} INFO - [2026-08-18T05:38:08.722+0000] {dag.py:3239} INFO - Sync 1 DAGs
[2026-08-18T05:38:08.747+0000] {logging_mixin.py:190} INFO - [2026-08-18T05:38:08.747+0000] {dag.py:4180} INFO - Setting next_dagrun for weather_ingestion to 2026-08-18 05:00:00+00:00, run_after=2026-08-18 06:00:00+00:00
[2026-08-18T05:38:08.774+0000] {processor.py:208} INFO - Processing /opt/airflow/dags/weather_dag.py took 0.172 seconds
[2026-08-18T05:38:39.017+0000] {processor.py:186} INFO - Started process (PID=11203) to work on /opt/airflow/dags/weather_dag.py
[2026-08-18T05:38:39.019+0000] {processor.py:914} INFO - Processing file /opt/airflow/dags/weather_dag.py for tasks to queue
[2026-08-18T05:38:39.026+0000] {logging_mixin.py:190} INFO - [2026-08-18T05:38:39.026+0000] {dagbag.py:588} INFO - Filling up the DagBag from /opt/airflow/dags/weather_dag.py
[2026-08-18T05:38:39.043+0000] {processor.py:925} INFO - DAG(s) 'weather_ingestion' retrieved from /opt/airflow/dags/weather_dag.py
[2026-08-18T05:38:39.067+0000] {logging_mixin.py:190} INFO - [2026-08-18T05:38:39.067+0000] {dag.py:3239} INFO - Sync 1 DAGs
[2026-08-18T05:38:39.108+0000] {logging_mixin.py:190} INFO - [2026-08-18T05:38:39.107+0000] {dag.py:4180} INFO - Setting next_dagrun for weather_ingestion to 2026-08-18 05:00:00+00:00, run_after=2026-08-18 06:00:00+00:00
[2026-08-18T05:38:39.118+0000] {processor.py:208} INFO - Processing /opt/airflow/dags/weather_dag.py took 0.154 seconds
[2026-08-18T05:39:09.301+0000] {processor.py:186} INFO - Started process (PID=11208) to work on /opt/airflow/dags/weather_dag.py
[2026-08-18T05:39:09.304+0000] {processor.py:914} INFO - Processing file /opt/airflow/dags/weather_dag.py for tasks to queue
[2026-08-18T05:39:09.305+0000] {logging_mixin.py:190} INFO - [2026-08-18T05:39:09.305+0000] {dagbag.py:588} INFO - Filling up the DagBag from /opt/airflow/dags/weather_dag.py
[2026-08-18T05:39:09.312+0000] {processor.py:925} INFO - DAG(s) 'weather_ingestion' retrieved from /opt/airflow/dags/weather_dag.py
[2026-08-18T05:39:09.329+0000] {logging_mixin.py:190} INFO - [2026-08-18T05:39:09.328+0000] {dag.py:3239} INFO - Sync 1 DAGs
[2026-08-18T05:39:09.340+0000] {logging_mixin.py:190} INFO - [2026-08-18T05:39:09.340+0000] {dag.py:4180} INFO - Setting next_dagrun for weather_ingestion to 2026-08-18 05:00:00+00:00, run_after=2026-08-18 06:00:00+00:00
[2026-08-18T05:39:09.346+0000] {processor.py:208} INFO - Processing /opt/airflow/dags/weather_dag.py took 0.050 seconds
[2026-08-18T05:39:39.673+0000] {processor.py:186} INFO - Started process (PID=11213) to work on /opt/airflow/dags/weather_dag.py
[2026-08-18T05:39:39.677+0000] {processor.py:914} INFO - Processing file /opt/airflow/dags/weather_dag.py for tasks to queue
[2026-08-18T05:39:39.683+0000] {logging_mixin.py:190} INFO - [2026-08-18T05:39:39.682+0000] {dagbag.py:588} INFO - Filling up the DagBag from /opt/airflow/dags/weather_dag.py
[2026-08-18T05:39:39.713+0000] {processor.py:925} INFO - DAG(s) 'weather_ingestion' retrieved from /opt/airflow/dags/weather_dag.py
[2026-08-18T05:39:39.735+0000] {logging_mixin.py:190} INFO - [2026-08-18T05:39:39.735+0000] {dag.py:3239} INFO - Sync 1 DAGs
[2026-08-18T05:39:39.752+0000] {logging_mixin.py:190} INFO - [2026-08-18T05:39:39.752+0000] {dag.py:4180} INFO - Setting next_dagrun for weather_ingestion to 2026-08-18 05:00:00+00:00, run_after=2026-08-18 06:00:00+00:00
[2026-08-18T05:39:39.761+0000] {processor.py:208} INFO - Processing /opt/airflow/dags/weather_dag.py took 0.103 seconds
[2026-08-18T05:40:09.996+0000] {processor.py:186} INFO - Started process (PID=11218) to work on /opt/airflow/dags/weather_dag.py
[2026-08-18T05:40:09.999+0000] {processor.py:914} INFO - Processing file /opt/airflow/dags/weather_dag.py for tasks to queue
[2026-08-18T05:40:10.003+0000] {logging_mixin.py:190} INFO - [2026-08-18T05:40:10.001+0000] {dagbag.py:588} INFO - Filling up the DagBag from /opt/airflow/dags/weather_dag.py
[2026-08-18T05:40:10.016+0000] {processor.py:925} INFO - DAG(s) 'weather_ingestion' retrieved from /opt/airflow/dags/weather_dag.py
[2026-08-18T05:40:10.037+0000] {logging_mixin.py:190} INFO - [2026-08-18T05:40:10.037+0000] {dag.py:3239} INFO - Sync 1 DAGs
[2026-08-18T05:40:10.049+0000] {logging_mixin.py:190} INFO - [2026-08-18T05:40:10.049+0000] {dag.py:4180} INFO - Setting next_dagrun for weather_ingestion to 2026-08-18 05:00:00+00:00, run_after=2026-08-18 06:00:00+00:00
[2026-08-18T05:40:10.058+0000] {processor.py:208} INFO - Processing /opt/airflow/dags/weather_dag.py took 0.077 seconds
[2026-08-18T05:40:40.346+0000] {processor.py:186} INFO - Started process (PID=11223) to work on /opt/airflow/dags/weather_dag.py
[2026-08-18T05:40:40.348+0000] {processor.py:914} INFO - Processing file /opt/airflow/dags/weather_dag.py for tasks to queue
[2026-08-18T05:40:40.356+0000] {logging_mixin.py:190} INFO - [2026-08-18T05:40:40.355+0000] {dagbag.py:588} INFO - Filling up the DagBag from /opt/airflow/dags/weather_dag.py
[2026-08-18T05:40:40.380+0000] {processor.py:925} INFO - DAG(s) 'weather_ingestion' retrieved from /opt/airflow/dags/weather_dag.py
[2026-08-18T05:40:40.402+0000] {logging_mixin.py:190} INFO - [2026-08-18T05:40:40.402+0000] {dag.py:3239} INFO - Sync 1 DAGs
[2026-08-18T05:40:40.429+0000] {logging_mixin.py:190} INFO - [2026-08-18T05:40:40.429+0000] {dag.py:4180} INFO - Setting next_dagrun for weather_ingestion to 2026-08-18 05:00:00+00:00, run_after=2026-08-18 06:00:00+00:00
[2026-08-18T05:40:40.439+0000] {processor.py:208} INFO - Processing /opt/airflow/dags/weather_dag.py took 0.105 seconds
[2026-08-18T05:41:10.643+0000] {processor.py:186} INFO - Started process (PID=11228) to work on /opt/airflow/dags/weather_dag.py
[2026-08-18T05:41:10.646+0000] {processor.py:914} INFO - Processing file /opt/airflow/dags/weather_dag.py for tasks to queue
[2026-08-18T05:41:10.649+0000] {logging_mixin.py:190} INFO - [2026-08-18T05:41:10.649+0000] {dagbag.py:588} INFO - Filling up the DagBag from /opt/airflow/dags/weather_dag.py
[2026-08-18T05:41:10.663+0000] {processor.py:925} INFO - DAG(s) 'weather_ingestion' retrieved from /opt/airflow/dags/weather_dag.py
[2026-08-18T05:41:10.680+0000] {logging_mixin.py:190} INFO - [2026-08-18T05:41:10.680+0000] {dag.py:3239} INFO - Sync 1 DAGs
[2026-08-18T05:41:10.691+0000] {logging_mixin.py:190} INFO - [2026-08-18T05:41:10.691+0000] {dag.py:4180} INFO - Setting next_dagrun for weather_ingestion to 2026-08-18 05:00:00+00:00, run_after=2026-08-18 06:00:00+00:00
[2026-08-18T05:41:10.698+0000] {processor.py:208} INFO - Processing /opt/airflow/dags/weather_dag.py took 0.063 seconds
[2026-08-18T05:41:40.965+0000] {processor.py:186} INFO - Started process (PID=11512) to work on /opt/airflow/dags/weather_dag.py
[2026-08-18T05:41:40.967+0000] {processor.py:914} INFO - Processing file /opt/airflow/dags/weather_dag.py for tasks to queue
[2026-08-18T05:41:40.971+0000] {logging_mixin.py:190} INFO - [2026-08-18T05:41:40.970+0000] {dagbag.py:588} INFO - Filling up the DagBag from /opt/airflow/dags/weather_dag.py
[2026-08-18T05:41:40.988+0000] {processor.py:925} INFO - DAG(s) 'weather_ingestion' retrieved from /opt/airflow/dags/weather_dag.py
[2026-08-18T05:41:41.035+0000] {logging_mixin.py:190} INFO - [2026-08-18T05:41:41.035+0000] {dag.py:3239} INFO - Sync 1 DAGs
[2026-08-18T05:41:41.060+0000] {logging_mixin.py:190} INFO - [2026-08-18T05:41:41.060+0000] {dag.py:4180} INFO - Setting next_dagrun for weather_ingestion to 2026-08-18 05:00:00+00:00, run_after=2026-08-18 06:00:00+00:00
[2026-08-18T05:41:41.081+0000] {processor.py:208} INFO - Processing /opt/airflow/dags/weather_dag.py took 0.125 seconds
[2026-08-18T05:42:11.383+0000] {processor.py:186} INFO - Started process (PID=11611) to work on /opt/airflow/dags/weather_dag.py
[2026-08-18T05:42:11.387+0000] {processor.py:914} INFO - Processing file /opt/airflow/dags/weather_dag.py for tasks to queue
[2026-08-18T05:42:11.394+0000] {logging_mixin.py:190} INFO - [2026-08-18T05:42:11.393+0000] {dagbag.py:588} INFO - Filling up the DagBag from /opt/airflow/dags/weather_dag.py
[2026-08-18T05:42:11.420+0000] {processor.py:925} INFO - DAG(s) 'weather_ingestion' retrieved from /opt/airflow/dags/weather_dag.py
[2026-08-18T05:42:11.446+0000] {logging_mixin.py:190} INFO - [2026-08-18T05:42:11.446+0000] {dag.py:3239} INFO - Sync 1 DAGs
[2026-08-18T05:42:11.464+0000] {logging_mixin.py:190} INFO - [2026-08-18T05:42:11.464+0000] {dag.py:4180} INFO - Setting next_dagrun for weather_ingestion to 2026-08-18 05:00:00+00:00, run_after=2026-08-18 06:00:00+00:00
[2026-08-18T05:42:11.475+0000] {processor.py:208} INFO - Processing /opt/airflow/dags/weather_dag.py took 0.110 seconds
[2026-08-18T05:42:41.707+0000] {processor.py:186} INFO - Started process (PID=11616) to work on /opt/airflow/dags/weather_dag.py
[2026-08-18T05:42:41.708+0000] {processor.py:914} INFO - Processing file /opt/airflow/dags/weather_dag.py for tasks to queue
[2026-08-18T05:42:41.710+0000] {logging_mixin.py:190} INFO - [2026-08-18T05:42:41.710+0000] {dagbag.py:588} INFO - Filling up the DagBag from /opt/airflow/dags/weather_dag.py
[2026-08-18T05:42:41.721+0000] {processor.py:925} INFO - DAG(s) 'weather_ingestion' retrieved from /opt/airflow/dags/weather_dag.py
[2026-08-18T05:42:41.741+0000] {logging_mixin.py:190} INFO - [2026-08-18T05:42:41.740+0000] {dag.py:3239} INFO - Sync 1 DAGs
[2026-08-18T05:42:41.755+0000] {logging_mixin.py:190} INFO - [2026-08-18T05:42:41.755+0000] {dag.py:4180} INFO - Setting next_dagrun for weather_ingestion to 2026-08-18 05:00:00+00:00, run_after=2026-08-18 06:00:00+00:00
[2026-08-18T05:42:41.764+0000] {processor.py:208} INFO - Processing /opt/airflow/dags/weather_dag.py took 0.064 seconds
[2026-08-18T05:43:11.997+0000] {processor.py:186} INFO - Started process (PID=11621) to work on /opt/airflow/dags/weather_dag.py
[2026-08-18T05:43:11.999+0000] {processor.py:914} INFO - Processing file /opt/airflow/dags/weather_dag.py for tasks to queue
[2026-08-18T05:43:12.002+0000] {logging_mixin.py:190} INFO - [2026-08-18T05:43:12.002+0000] {dagbag.py:588} INFO - Filling up the DagBag from /opt/airflow/dags/weather_dag.py
[2026-08-18T05:43:12.016+0000] {processor.py:925} INFO - DAG(s) 'weather_ingestion' retrieved from /opt/airflow/dags/weather_dag.py
[2026-08-18T05:43:12.037+0000] {logging_mixin.py:190} INFO - [2026-08-18T05:43:12.036+0000] {dag.py:3239} INFO - Sync 1 DAGs
[2026-08-18T05:43:12.052+0000] {logging_mixin.py:190} INFO - [2026-08-18T05:43:12.052+0000] {dag.py:4180} INFO - Setting next_dagrun for weather_ingestion to 2026-08-18 05:00:00+00:00, run_after=2026-08-18 06:00:00+00:00
[2026-08-18T05:43:12.061+0000] {processor.py:208} INFO - Processing /opt/airflow/dags/weather_dag.py took 0.073 seconds
[2026-08-18T05:43:42.294+0000] {processor.py:186} INFO - Started process (PID=11626) to work on /opt/airflow/dags/weather_dag.py
[2026-08-18T05:43:42.296+0000] {processor.py:914} INFO - Processing file /opt/airflow/dags/weather_dag.py for tasks to queue
[2026-08-18T05:43:42.300+0000] {logging_mixin.py:190} INFO - [2026-08-18T05:43:42.299+0000] {dagbag.py:588} INFO - Filling up the DagBag from /opt/airflow/dags/weather_dag.py
[2026-08-18T05:43:42.319+0000] {processor.py:925} INFO - DAG(s) 'weather_ingestion' retrieved from /opt/airflow/dags/weather_dag.py
[2026-08-18T05:43:42.343+0000] {logging_mixin.py:190} INFO - [2026-08-18T05:43:42.343+0000] {dag.py:3239} INFO - Sync 1 DAGs
[2026-08-18T05:43:42.367+0000] {logging_mixin.py:190} INFO - [2026-08-18T05:43:42.367+0000] {dag.py:4180} INFO - Setting next_dagrun for weather_ingestion to 2026-08-18 05:00:00+00:00, run_after=2026-08-18 06:00:00+00:00
[2026-08-18T05:43:42.379+0000] {processor.py:208} INFO - Processing /opt/airflow/dags/weather_dag.py took 0.093 seconds
[2026-08-18T05:44:12.534+0000] {processor.py:186} INFO - Started process (PID=11631) to work on /opt/airflow/dags/weather_dag.py
[2026-08-18T05:44:12.538+0000] {processor.py:914} INFO - Processing file /opt/airflow/dags/weather_dag.py for tasks to queue
[2026-08-18T05:44:12.540+0000] {logging_mixin.py:190} INFO - [2026-08-18T05:44:12.540+0000] {dagbag.py:588} INFO - Filling up the DagBag from /opt/airflow/dags/weather_dag.py
[2026-08-18T05:44:12.550+0000] {processor.py:925} INFO - DAG(s) 'weather_ingestion' retrieved from /opt/airflow/dags/weather_dag.py
[2026-08-18T05:44:12.568+0000] {logging_mixin.py:190} INFO - [2026-08-18T05:44:12.568+0000] {dag.py:3239} INFO - Sync 1 DAGs
[2026-08-18T05:44:12.580+0000] {logging_mixin.py:190} INFO - [2026-08-18T05:44:12.579+0000] {dag.py:4180} INFO - Setting next_dagrun for weather_ingestion to 2026-08-18 05:00:00+00:00, run_after=2026-08-18 06:00:00+00:00
[2026-08-18T05:44:12.587+0000] {processor.py:208} INFO - Processing /opt/airflow/dags/weather_dag.py took 0.059 seconds
[2026-08-18T05:44:42.814+0000] {processor.py:186} INFO - Started process (PID=11636) to work on /opt/airflow/dags/weather_dag.py
[2026-08-18T05:44:42.815+0000] {processor.py:914} INFO - Processing file /opt/airflow/dags/weather_dag.py for tasks to queue
[2026-08-18T05:44:42.820+0000] {logging_mixin.py:190} INFO - [2026-08-18T05:44:42.819+0000] {dagbag.py:588} INFO - Filling up the DagBag from /opt/airflow/dags/weather_dag.py
[2026-08-18T05:44:42.837+0000] {processor.py:925} INFO - DAG(s) 'weather_ingestion' retrieved from /opt/airflow/dags/weather_dag.py
[2026-08-18T05:44:42.860+0000] {logging_mixin.py:190} INFO - [2026-08-18T05:44:42.859+0000] {dag.py:3239} INFO - Sync 1 DAGs
[2026-08-18T05:44:42.876+0000] {logging_mixin.py:190} INFO - [2026-08-18T05:44:42.876+0000] {dag.py:4180} INFO - Setting next_dagrun for weather_ingestion to 2026-08-18 05:00:00+00:00, run_after=2026-08-18 06:00:00+00:00
[2026-08-18T05:44:42.885+0000] {processor.py:208} INFO - Processing /opt/airflow/dags/weather_dag.py took 0.081 seconds
[2026-08-18T05:45:13.204+0000] {processor.py:186} INFO - Started process (PID=11641) to work on /opt/airflow/dags/weather_dag.py
[2026-08-18T05:45:13.205+0000] {processor.py:914} INFO - Processing file /opt/airflow/dags/weather_dag.py for tasks to queue
[2026-08-18T05:45:13.207+0000] {logging_mixin.py:190} INFO - [2026-08-18T05:45:13.207+0000] {dagbag.py:588} INFO - Filling up the DagBag from /opt/airflow/dags/weather_dag.py
[2026-08-18T05:45:13.219+0000] {processor.py:925} INFO - DAG(s) 'weather_ingestion' retrieved from /opt/airflow/dags/weather_dag.py
[2026-08-18T05:45:13.237+0000] {logging_mixin.py:190} INFO - [2026-08-18T05:45:13.237+0000] {dag.py:3239} INFO - Sync 1 DAGs
[2026-08-18T05:45:13.251+0000] {logging_mixin.py:190} INFO - [2026-08-18T05:45:13.251+0000] {dag.py:4180} INFO - Setting next_dagrun for weather_ingestion to 2026-08-18 05:00:00+00:00, run_after=2026-08-18 06:00:00+00:00
[2026-08-18T05:45:13.258+0000] {processor.py:208} INFO - Processing /opt/airflow/dags/weather_dag.py took 0.060 seconds
[2026-08-18T05:45:43.514+0000] {processor.py:186} INFO - Started process (PID=11646) to work on /opt/airflow/dags/weather_dag.py
[2026-08-18T05:45:43.515+0000] {processor.py:914} INFO - Processing file /opt/airflow/dags/weather_dag.py for tasks to queue
[2026-08-18T05:45:43.517+0000] {logging_mixin.py:190} INFO - [2026-08-18T05:45:43.516+0000] {dagbag.py:588} INFO - Filling up the DagBag from /opt/airflow/dags/weather_dag.py
[2026-08-18T05:45:43.526+0000] {processor.py:925} INFO - DAG(s) 'weather_ingestion' retrieved from /opt/airflow/dags/weather_dag.py
[2026-08-18T05:45:43.545+0000] {logging_mixin.py:190} INFO - [2026-08-18T05:45:43.545+0000] {dag.py:3239} INFO - Sync 1 DAGs
[2026-08-18T05:45:43.561+0000] {logging_mixin.py:190} INFO - [2026-08-18T05:45:43.561+0000] {dag.py:4180} INFO - Setting next_dagrun for weather_ingestion to 2026-08-18 05:00:00+00:00, run_after=2026-08-18 06:00:00+00:00
[2026-08-18T05:45:43.570+0000] {processor.py:208} INFO - Processing /opt/airflow/dags/weather_dag.py took 0.061 seconds
[2026-08-18T05:46:13.960+0000] {processor.py:186} INFO - Started process (PID=11651) to work on /opt/airflow/dags/weather_dag.py
[2026-08-18T05:46:13.962+0000] {processor.py:914} INFO - Processing file /opt/airflow/dags/weather_dag.py for tasks to queue
[2026-08-18T05:46:13.967+0000] {logging_mixin.py:190} INFO - [2026-08-18T05:46:13.966+0000] {dagbag.py:588} INFO - Filling up the DagBag from /opt/airflow/dags/weather_dag.py
[2026-08-18T05:46:13.987+0000] {processor.py:925} INFO - DAG(s) 'weather_ingestion' retrieved from /opt/airflow/dags/weather_dag.py
[2026-08-18T05:46:14.019+0000] {logging_mixin.py:190} INFO - [2026-08-18T05:46:14.019+0000] {dag.py:3239} INFO - Sync 1 DAGs
[2026-08-18T05:46:14.067+0000] {logging_mixin.py:190} INFO - [2026-08-18T05:46:14.067+0000] {dag.py:4180} INFO - Setting next_dagrun for weather_ingestion to 2026-08-18 05:00:00+00:00, run_after=2026-08-18 06:00:00+00:00
[2026-08-18T05:46:14.080+0000] {processor.py:208} INFO - Processing /opt/airflow/dags/weather_dag.py took 0.163 seconds
[2026-08-18T05:46:44.307+0000] {processor.py:186} INFO - Started process (PID=11656) to work on /opt/airflow/dags/weather_dag.py
[2026-08-18T05:46:44.310+0000] {processor.py:914} INFO - Processing file /opt/airflow/dags/weather_dag.py for tasks to queue
[2026-08-18T05:46:44.314+0000] {logging_mixin.py:190} INFO - [2026-08-18T05:46:44.313+0000] {dagbag.py:588} INFO - Filling up the DagBag from /opt/airflow/dags/weather_dag.py
[2026-08-18T05:46:44.337+0000] {processor.py:925} INFO - DAG(s) 'weather_ingestion' retrieved from /opt/airflow/dags/weather_dag.py
[2026-08-18T05:46:44.397+0000] {logging_mixin.py:190} INFO - [2026-08-18T05:46:44.397+0000] {dag.py:3239} INFO - Sync 1 DAGs
[2026-08-18T05:46:44.418+0000] {logging_mixin.py:190} INFO - [2026-08-18T05:46:44.418+0000] {dag.py:4180} INFO - Setting next_dagrun for weather_ingestion to 2026-08-18 05:00:00+00:00, run_after=2026-08-18 06:00:00+00:00
[2026-08-18T05:46:44.430+0000] {processor.py:208} INFO - Processing /opt/airflow/dags/weather_dag.py took 0.147 seconds
[2026-08-18T05:47:14.736+0000] {processor.py:186} INFO - Started process (PID=11661) to work on /opt/airflow/dags/weather_dag.py
[2026-08-18T05:47:14.739+0000] {processor.py:914} INFO - Processing file /opt/airflow/dags/weather_dag.py for tasks to queue
[2026-08-18T05:47:14.746+0000] {logging_mixin.py:190} INFO - [2026-08-18T05:47:14.745+0000] {dagbag.py:588} INFO - Filling up the DagBag from /opt/airflow/dags/weather_dag.py
[2026-08-18T05:47:14.767+0000] {processor.py:925} INFO - DAG(s) 'weather_ingestion' retrieved from /opt/airflow/dags/weather_dag.py
[2026-08-18T05:47:14.794+0000] {logging_mixin.py:190} INFO - [2026-08-18T05:47:14.793+0000] {dag.py:3239} INFO - Sync 1 DAGs
[2026-08-18T05:47:14.812+0000] {logging_mixin.py:190} INFO - [2026-08-18T05:47:14.812+0000] {dag.py:4180} INFO - Setting next_dagrun for weather_ingestion to 2026-08-18 05:00:00+00:00, run_after=2026-08-18 06:00:00+00:00
[2026-08-18T05:47:14.824+0000] {processor.py:208} INFO - Processing /opt/airflow/dags/weather_dag.py took 0.101 seconds
[2026-08-18T05:47:45.055+0000] {processor.py:186} INFO - Started process (PID=11666) to work on /opt/airflow/dags/weather_dag.py
[2026-08-18T05:47:45.058+0000] {processor.py:914} INFO - Processing file /opt/airflow/dags/weather_dag.py for tasks to queue
[2026-08-18T05:47:45.060+0000] {logging_mixin.py:190} INFO - [2026-08-18T05:47:45.060+0000] {dagbag.py:588} INFO - Filling up the DagBag from /opt/airflow/dags/weather_dag.py
[2026-08-18T05:47:45.073+0000] {processor.py:925} INFO - DAG(s) 'weather_ingestion' retrieved from /opt/airflow/dags/weather_dag.py
[2026-08-18T05:47:45.092+0000] {logging_mixin.py:190} INFO - [2026-08-18T05:47:45.092+0000] {dag.py:3239} INFO - Sync 1 DAGs
[2026-08-18T05:47:45.106+0000] {logging_mixin.py:190} INFO - [2026-08-18T05:47:45.106+0000] {dag.py:4180} INFO - Setting next_dagrun for weather_ingestion to 2026-08-18 05:00:00+00:00, run_after=2026-08-18 06:00:00+00:00
[2026-08-18T05:47:45.114+0000] {processor.py:208} INFO - Processing /opt/airflow/dags/weather_dag.py took 0.067 seconds
[2026-08-18T05:48:15.450+0000] {processor.py:186} INFO - Started process (PID=11671) to work on /opt/airflow/dags/weather_dag.py
[2026-08-18T05:48:15.451+0000] {processor.py:914} INFO - Processing file /opt/airflow/dags/weather_dag.py for tasks to queue
[2026-08-18T05:48:15.455+0000] {logging_mixin.py:190} INFO - [2026-08-18T05:48:15.454+0000] {dagbag.py:588} INFO - Filling up the DagBag from /opt/airflow/dags/weather_dag.py
[2026-08-18T05:48:15.473+0000] {processor.py:925} INFO - DAG(s) 'weather_ingestion' retrieved from /opt/airflow/dags/weather_dag.py
[2026-08-18T05:48:15.502+0000] {logging_mixin.py:190} INFO - [2026-08-18T05:48:15.502+0000] {dag.py:3239} INFO - Sync 1 DAGs
[2026-08-18T05:48:15.522+0000] {logging_mixin.py:190} INFO - [2026-08-18T05:48:15.522+0000] {dag.py:4180} INFO - Setting next_dagrun for weather_ingestion to 2026-08-18 05:00:00+00:00, run_after=2026-08-18 06:00:00+00:00
[2026-08-18T05:48:15.533+0000] {processor.py:208} INFO - Processing /opt/airflow/dags/weather_dag.py took 0.092 seconds
[2026-08-18T05:48:45.793+0000] {processor.py:186} INFO - Started process (PID=11676) to work on /opt/airflow/dags/weather_dag.py
[2026-08-18T05:48:45.795+0000] {processor.py:914} INFO - Processing file /opt/airflow/dags/weather_dag.py for tasks to queue
[2026-08-18T05:48:45.800+0000] {logging_mixin.py:190} INFO - [2026-08-18T05:48:45.800+0000] {dagbag.py:588} INFO - Filling up the DagBag from /opt/airflow/dags/weather_dag.py
[2026-08-18T05:48:45.823+0000] {processor.py:925} INFO - DAG(s) 'weather_ingestion' retrieved from /opt/airflow/dags/weather_dag.py
[2026-08-18T05:48:45.880+0000] {logging_mixin.py:190} INFO - [2026-08-18T05:48:45.880+0000] {dag.py:3239} INFO - Sync 1 DAGs
[2026-08-18T05:48:45.901+0000] {logging_mixin.py:190} INFO - [2026-08-18T05:48:45.901+0000] {dag.py:4180} INFO - Setting next_dagrun for weather_ingestion to 2026-08-18 05:00:00+00:00, run_after=2026-08-18 06:00:00+00:00
[2026-08-18T05:48:45.911+0000] {processor.py:208} INFO - Processing /opt/airflow/dags/weather_dag.py took 0.134 seconds
[2026-08-18T05:49:16.152+0000] {processor.py:186} INFO - Started process (PID=11681) to work on /opt/airflow/dags/weather_dag.py
[2026-08-18T05:49:16.154+0000] {processor.py:914} INFO - Processing file /opt/airflow/dags/weather_dag.py for tasks to queue
[2026-08-18T05:49:16.156+0000] {logging_mixin.py:190} INFO - [2026-08-18T05:49:16.156+0000] {dagbag.py:588} INFO - Filling up the DagBag from /opt/airflow/dags/weather_dag.py
[2026-08-18T05:49:16.168+0000] {processor.py:925} INFO - DAG(s) 'weather_ingestion' retrieved from /opt/airflow/dags/weather_dag.py
[2026-08-18T05:49:16.189+0000] {logging_mixin.py:190} INFO - [2026-08-18T05:49:16.189+0000] {dag.py:3239} INFO - Sync 1 DAGs
[2026-08-18T05:49:16.201+0000] {logging_mixin.py:190} INFO - [2026-08-18T05:49:16.201+0000] {dag.py:4180} INFO - Setting next_dagrun for weather_ingestion to 2026-08-18 05:00:00+00:00, run_after=2026-08-18 06:00:00+00:00
[2026-08-18T05:49:16.209+0000] {processor.py:208} INFO - Processing /opt/airflow/dags/weather_dag.py took 0.065 seconds
[2026-08-18T05:49:46.523+0000] {processor.py:186} INFO - Started process (PID=11686) to work on /opt/airflow/dags/weather_dag.py
[2026-08-18T05:49:46.526+0000] {processor.py:914} INFO - Processing file /opt/airflow/dags/weather_dag.py for tasks to queue
[2026-08-18T05:49:46.530+0000] {logging_mixin.py:190} INFO - [2026-08-18T05:49:46.529+0000] {dagbag.py:588} INFO - Filling up the DagBag from /opt/airflow/dags/weather_dag.py
[2026-08-18T05:49:46.549+0000] {processor.py:925} INFO - DAG(s) 'weather_ingestion' retrieved from /opt/airflow/dags/weather_dag.py
[2026-08-18T05:49:46.571+0000] {logging_mixin.py:190} INFO - [2026-08-18T05:49:46.571+0000] {dag.py:3239} INFO - Sync 1 DAGs
[2026-08-18T05:49:46.586+0000] {logging_mixin.py:190} INFO - [2026-08-18T05:49:46.586+0000] {dag.py:4180} INFO - Setting next_dagrun for weather_ingestion to 2026-08-18 05:00:00+00:00, run_after=2026-08-18 06:00:00+00:00
[2026-08-18T05:49:46.595+0000] {processor.py:208} INFO - Processing /opt/airflow/dags/weather_dag.py took 0.083 seconds
[2026-08-18T05:50:16.841+0000] {processor.py:186} INFO - Started process (PID=11691) to work on /opt/airflow/dags/weather_dag.py
[2026-08-18T05:50:16.843+0000] {processor.py:914} INFO - Processing file /opt/airflow/dags/weather_dag.py for tasks to queue
[2026-08-18T05:50:16.846+0000] {logging_mixin.py:190} INFO - [2026-08-18T05:50:16.846+0000] {dagbag.py:588} INFO - Filling up the DagBag from /opt/airflow/dags/weather_dag.py
[2026-08-18T05:50:16.858+0000] {processor.py:925} INFO - DAG(s) 'weather_ingestion' retrieved from /opt/airflow/dags/weather_dag.py
[2026-08-18T05:50:16.877+0000] {logging_mixin.py:190} INFO - [2026-08-18T05:50:16.877+0000] {dag.py:3239} INFO - Sync 1 DAGs
[2026-08-18T05:50:16.891+0000] {logging_mixin.py:190} INFO - [2026-08-18T05:50:16.891+0000] {dag.py:4180} INFO - Setting next_dagrun for weather_ingestion to 2026-08-18 05:00:00+00:00, run_after=2026-08-18 06:00:00+00:00
[2026-08-18T05:50:16.899+0000] {processor.py:208} INFO - Processing /opt/airflow/dags/weather_dag.py took 0.065 seconds
[2026-08-18T05:50:47.130+0000] {processor.py:186} INFO - Started process (PID=11696) to work on /opt/airflow/dags/weather_dag.py
[2026-08-18T05:50:47.132+0000] {processor.py:914} INFO - Processing file /opt/airflow/dags/weather_dag.py for tasks to queue
[2026-08-18T05:50:47.134+0000] {logging_mixin.py:190} INFO - [2026-08-18T05:50:47.134+0000] {dagbag.py:588} INFO - Filling up the DagBag from /opt/airflow/dags/weather_dag.py
[2026-08-18T05:50:47.144+0000] {processor.py:925} INFO - DAG(s) 'weather_ingestion' retrieved from /opt/airflow/dags/weather_dag.py
[2026-08-18T05:50:47.162+0000] {logging_mixin.py:190} INFO - [2026-08-18T05:50:47.162+0000] {dag.py:3239} INFO - Sync 1 DAGs
[2026-08-18T05:50:47.174+0000] {logging_mixin.py:190} INFO - [2026-08-18T05:50:47.174+0000] {dag.py:4180} INFO - Setting next_dagrun for weather_ingestion to 2026-08-18 05:00:00+00:00, run_after=2026-08-18 06:00:00+00:00
[2026-08-18T05:50:47.183+0000] {processor.py:208} INFO - Processing /opt/airflow/dags/weather_dag.py took 0.059 seconds
[2026-08-18T05:51:17.444+0000] {processor.py:186} INFO - Started process (PID=11701) to work on /opt/airflow/dags/weather_dag.py
[2026-08-18T05:51:17.446+0000] {processor.py:914} INFO - Processing file /opt/airflow/dags/weather_dag.py for tasks to queue
[2026-08-18T05:51:17.449+0000] {logging_mixin.py:190} INFO - [2026-08-18T05:51:17.449+0000] {dagbag.py:588} INFO - Filling up the DagBag from /opt/airflow/dags/weather_dag.py
[2026-08-18T05:51:17.460+0000] {processor.py:925} INFO - DAG(s) 'weather_ingestion' retrieved from /opt/airflow/dags/weather_dag.py
[2026-08-18T05:51:17.479+0000] {logging_mixin.py:190} INFO - [2026-08-18T05:51:17.479+0000] {dag.py:3239} INFO - Sync 1 DAGs
[2026-08-18T05:51:17.490+0000] {logging_mixin.py:190} INFO - [2026-08-18T05:51:17.490+0000] {dag.py:4180} INFO - Setting next_dagrun for weather_ingestion to 2026-08-18 05:00:00+00:00, run_after=2026-08-18 06:00:00+00:00
[2026-08-18T05:51:17.497+0000] {processor.py:208} INFO - Processing /opt/airflow/dags/weather_dag.py took 0.060 seconds
[2026-08-18T05:51:47.749+0000] {processor.py:186} INFO - Started process (PID=11706) to work on /opt/airflow/dags/weather_dag.py
[2026-08-18T05:51:47.752+0000] {processor.py:914} INFO - Processing file /opt/airflow/dags/weather_dag.py for tasks to queue
[2026-08-18T05:51:47.755+0000] {logging_mixin.py:190} INFO - [2026-08-18T05:51:47.755+0000] {dagbag.py:588} INFO - Filling up the DagBag from /opt/airflow/dags/weather_dag.py
[2026-08-18T05:51:47.770+0000] {processor.py:925} INFO - DAG(s) 'weather_ingestion' retrieved from /opt/airflow/dags/weather_dag.py
[2026-08-18T05:51:47.795+0000] {logging_mixin.py:190} INFO - [2026-08-18T05:51:47.794+0000] {dag.py:3239} INFO - Sync 1 DAGs
[2026-08-18T05:51:47.811+0000] {logging_mixin.py:190} INFO - [2026-08-18T05:51:47.811+0000] {dag.py:4180} INFO - Setting next_dagrun for weather_ingestion to 2026-08-18 05:00:00+00:00, run_after=2026-08-18 06:00:00+00:00
[2026-08-18T05:51:47.820+0000] {processor.py:208} INFO - Processing /opt/airflow/dags/weather_dag.py took 0.079 seconds
[2026-08-18T05:52:18.199+0000] {processor.py:186} INFO - Started process (PID=11711) to work on /opt/airflow/dags/weather_dag.py
[2026-08-18T05:52:18.217+0000] {processor.py:914} INFO - Processing file /opt/airflow/dags/weather_dag.py for tasks to queue
[2026-08-18T05:52:18.228+0000] {logging_mixin.py:190} INFO - [2026-08-18T05:52:18.227+0000] {dagbag.py:588} INFO - Filling up the DagBag from /opt/airflow/dags/weather_dag.py
[2026-08-18T05:52:18.275+0000] {processor.py:925} INFO - DAG(s) 'weather_ingestion' retrieved from /opt/airflow/dags/weather_dag.py
[2026-08-18T05:52:18.404+0000] {logging_mixin.py:190} INFO - [2026-08-18T05:52:18.402+0000] {dag.py:3239} INFO - Sync 1 DAGs
[2026-08-18T05:52:18.489+0000] {logging_mixin.py:190} INFO - [2026-08-18T05:52:18.489+0000] {dag.py:4180} INFO - Setting next_dagrun for weather_ingestion to 2026-08-18 05:00:00+00:00, run_after=2026-08-18 06:00:00+00:00
[2026-08-18T05:52:18.574+0000] {processor.py:208} INFO - Processing /opt/airflow/dags/weather_dag.py took 0.394 seconds
[2026-08-18T05:52:49.030+0000] {processor.py:186} INFO - Started process (PID=11716) to work on /opt/airflow/dags/weather_dag.py
[2026-08-18T05:52:49.033+0000] {processor.py:914} INFO - Processing file /opt/airflow/dags/weather_dag.py for tasks to queue
[2026-08-18T05:52:49.039+0000] {logging_mixin.py:190} INFO - [2026-08-18T05:52:49.038+0000] {dagbag.py:588} INFO - Filling up the DagBag from /opt/airflow/dags/weather_dag.py
[2026-08-18T05:52:49.061+0000] {processor.py:925} INFO - DAG(s) 'weather_ingestion' retrieved from /opt/airflow/dags/weather_dag.py
[2026-08-18T05:52:49.095+0000] {logging_mixin.py:190} INFO - [2026-08-18T05:52:49.095+0000] {dag.py:3239} INFO - Sync 1 DAGs
[2026-08-18T05:52:49.118+0000] {logging_mixin.py:190} INFO - [2026-08-18T05:52:49.118+0000] {dag.py:4180} INFO - Setting next_dagrun for weather_ingestion to 2026-08-18 05:00:00+00:00, run_after=2026-08-18 06:00:00+00:00
[2026-08-18T05:52:49.133+0000] {processor.py:208} INFO - Processing /opt/airflow/dags/weather_dag.py took 0.116 seconds
[2026-08-18T05:53:19.320+0000] {processor.py:186} INFO - Started process (PID=11721) to work on /opt/airflow/dags/weather_dag.py
[2026-08-18T05:53:19.323+0000] {processor.py:914} INFO - Processing file /opt/airflow/dags/weather_dag.py for tasks to queue
[2026-08-18T05:53:19.326+0000] {logging_mixin.py:190} INFO - [2026-08-18T05:53:19.325+0000] {dagbag.py:588} INFO - Filling up the DagBag from /opt/airflow/dags/weather_dag.py
[2026-08-18T05:53:19.336+0000] {processor.py:925} INFO - DAG(s) 'weather_ingestion' retrieved from /opt/airflow/dags/weather_dag.py
[2026-08-18T05:53:19.357+0000] {logging_mixin.py:190} INFO - [2026-08-18T05:53:19.356+0000] {dag.py:3239} INFO - Sync 1 DAGs
[2026-08-18T05:53:19.368+0000] {logging_mixin.py:190} INFO - [2026-08-18T05:53:19.368+0000] {dag.py:4180} INFO - Setting next_dagrun for weather_ingestion to 2026-08-18 05:00:00+00:00, run_after=2026-08-18 06:00:00+00:00
[2026-08-18T05:53:19.376+0000] {processor.py:208} INFO - Processing /opt/airflow/dags/weather_dag.py took 0.066 seconds
[2026-08-18T05:53:49.812+0000] {processor.py:186} INFO - Started process (PID=11726) to work on /opt/airflow/dags/weather_dag.py
[2026-08-18T05:53:49.814+0000] {processor.py:914} INFO - Processing file /opt/airflow/dags/weather_dag.py for tasks to queue
[2026-08-18T05:53:49.821+0000] {logging_mixin.py:190} INFO - [2026-08-18T05:53:49.819+0000] {dagbag.py:588} INFO - Filling up the DagBag from /opt/airflow/dags/weather_dag.py
[2026-08-18T05:53:49.844+0000] {processor.py:925} INFO - DAG(s) 'weather_ingestion' retrieved from /opt/airflow/dags/weather_dag.py
[2026-08-18T05:53:49.882+0000] {logging_mixin.py:190} INFO - [2026-08-18T05:53:49.882+0000] {dag.py:3239} INFO - Sync 1 DAGs
[2026-08-18T05:53:49.901+0000] {logging_mixin.py:190} INFO - [2026-08-18T05:53:49.901+0000] {dag.py:4180} INFO - Setting next_dagrun for weather_ingestion to 2026-08-18 05:00:00+00:00, run_after=2026-08-18 06:00:00+00:00
[2026-08-18T05:53:49.912+0000] {processor.py:208} INFO - Processing /opt/airflow/dags/weather_dag.py took 0.113 seconds
[2026-08-18T05:54:20.133+0000] {processor.py:186} INFO - Started process (PID=11731) to work on /opt/airflow/dags/weather_dag.py
[2026-08-18T05:54:20.136+0000] {processor.py:914} INFO - Processing file /opt/airflow/dags/weather_dag.py for tasks to queue
[2026-08-18T05:54:20.142+0000] {logging_mixin.py:190} INFO - [2026-08-18T05:54:20.141+0000] {dagbag.py:588} INFO - Filling up the DagBag from /opt/airflow/dags/weather_dag.py
[2026-08-18T05:54:20.162+0000] {processor.py:925} INFO - DAG(s) 'weather_ingestion' retrieved from /opt/airflow/dags/weather_dag.py
[2026-08-18T05:54:20.192+0000] {logging_mixin.py:190} INFO - [2026-08-18T05:54:20.191+0000] {dag.py:3239} INFO - Sync 1 DAGs
[2026-08-18T05:54:20.208+0000] {logging_mixin.py:190} INFO - [2026-08-18T05:54:20.208+0000] {dag.py:4180} INFO - Setting next_dagrun for weather_ingestion to 2026-08-18 05:00:00+00:00, run_after=2026-08-18 06:00:00+00:00
[2026-08-18T05:54:20.216+0000] {processor.py:208} INFO - Processing /opt/airflow/dags/weather_dag.py took 0.097 seconds
[2026-08-18T05:54:50.510+0000] {processor.py:186} INFO - Started process (PID=11736) to work on /opt/airflow/dags/weather_dag.py
[2026-08-18T05:54:50.512+0000] {processor.py:914} INFO - Processing file /opt/airflow/dags/weather_dag.py for tasks to queue
[2026-08-18T05:54:50.515+0000] {logging_mixin.py:190} INFO - [2026-08-18T05:54:50.515+0000] {dagbag.py:588} INFO - Filling up the DagBag from /opt/airflow/dags/weather_dag.py
[2026-08-18T05:54:50.527+0000] {processor.py:925} INFO - DAG(s) 'weather_ingestion' retrieved from /opt/airflow/dags/weather_dag.py
[2026-08-18T05:54:50.548+0000] {logging_mixin.py:190} INFO - [2026-08-18T05:54:50.548+0000] {dag.py:3239} INFO - Sync 1 DAGs
[2026-08-18T05:54:50.561+0000] {logging_mixin.py:190} INFO - [2026-08-18T05:54:50.561+0000] {dag.py:4180} INFO - Setting next_dagrun for weather_ingestion to 2026-08-18 05:00:00+00:00, run_after=2026-08-18 06:00:00+00:00
[2026-08-18T05:54:50.569+0000] {processor.py:208} INFO - Processing /opt/airflow/dags/weather_dag.py took 0.068 seconds
[2026-08-18T05:55:20.833+0000] {processor.py:186} INFO - Started process (PID=11741) to work on /opt/airflow/dags/weather_dag.py
[2026-08-18T05:55:20.834+0000] {processor.py:914} INFO - Processing file /opt/airflow/dags/weather_dag.py for tasks to queue
[2026-08-18T05:55:20.838+0000] {logging_mixin.py:190} INFO - [2026-08-18T05:55:20.837+0000] {dagbag.py:588} INFO - Filling up the DagBag from /opt/airflow/dags/weather_dag.py
[2026-08-18T05:55:20.854+0000] {processor.py:925} INFO - DAG(s) 'weather_ingestion' retrieved from /opt/airflow/dags/weather_dag.py
[2026-08-18T05:55:20.874+0000] {logging_mixin.py:190} INFO - [2026-08-18T05:55:20.874+0000] {dag.py:3239} INFO - Sync 1 DAGs
[2026-08-18T05:55:20.888+0000] {logging_mixin.py:190} INFO - [2026-08-18T05:55:20.888+0000] {dag.py:4180} INFO - Setting next_dagrun for weather_ingestion to 2026-08-18 05:00:00+00:00, run_after=2026-08-18 06:00:00+00:00
[2026-08-18T05:55:20.896+0000] {processor.py:208} INFO - Processing /opt/airflow/dags/weather_dag.py took 0.074 seconds
[2026-08-18T05:55:51.159+0000] {processor.py:186} INFO - Started process (PID=11746) to work on /opt/airflow/dags/weather_dag.py
[2026-08-18T05:55:51.162+0000] {processor.py:914} INFO - Processing file /opt/airflow/dags/weather_dag.py for tasks to queue
[2026-08-18T05:55:51.165+0000] {logging_mixin.py:190} INFO - [2026-08-18T05:55:51.165+0000] {dagbag.py:588} INFO - Filling up the DagBag from /opt/airflow/dags/weather_dag.py
[2026-08-18T05:55:51.182+0000] {processor.py:925} INFO - DAG(s) 'weather_ingestion' retrieved from /opt/airflow/dags/weather_dag.py
[2026-08-18T05:55:51.239+0000] {logging_mixin.py:190} INFO - [2026-08-18T05:55:51.239+0000] {dag.py:3239} INFO - Sync 1 DAGs
[2026-08-18T05:55:51.255+0000] {logging_mixin.py:190} INFO - [2026-08-18T05:55:51.255+0000] {dag.py:4180} INFO - Setting next_dagrun for weather_ingestion to 2026-08-18 05:00:00+00:00, run_after=2026-08-18 06:00:00+00:00
[2026-08-18T05:55:51.265+0000] {processor.py:208} INFO - Processing /opt/airflow/dags/weather_dag.py took 0.114 seconds
[2026-08-18T05:56:21.489+0000] {processor.py:186} INFO - Started process (PID=11751) to work on /opt/airflow/dags/weather_dag.py
[2026-08-18T05:56:21.491+0000] {processor.py:914} INFO - Processing file /opt/airflow/dags/weather_dag.py for tasks to queue
[2026-08-18T05:56:21.495+0000] {logging_mixin.py:190} INFO - [2026-08-18T05:56:21.494+0000] {dagbag.py:588} INFO - Filling up the DagBag from /opt/airflow/dags/weather_dag.py
[2026-08-18T05:56:21.514+0000] {processor.py:925} INFO - DAG(s) 'weather_ingestion' retrieved from /opt/airflow/dags/weather_dag.py
[2026-08-18T05:56:21.545+0000] {logging_mixin.py:190} INFO - [2026-08-18T05:56:21.545+0000] {dag.py:3239} INFO - Sync 1 DAGs
[2026-08-18T05:56:21.564+0000] {logging_mixin.py:190} INFO - [2026-08-18T05:56:21.563+0000] {dag.py:4180} INFO - Setting next_dagrun for weather_ingestion to 2026-08-18 05:00:00+00:00, run_after=2026-08-18 06:00:00+00:00
[2026-08-18T05:56:21.573+0000] {processor.py:208} INFO - Processing /opt/airflow/dags/weather_dag.py took 0.099 seconds
[2026-08-18T05:56:51.854+0000] {processor.py:186} INFO - Started process (PID=11756) to work on /opt/airflow/dags/weather_dag.py
[2026-08-18T05:56:51.856+0000] {processor.py:914} INFO - Processing file /opt/airflow/dags/weather_dag.py for tasks to queue
[2026-08-18T05:56:51.859+0000] {logging_mixin.py:190} INFO - [2026-08-18T05:56:51.859+0000] {dagbag.py:588} INFO - Filling up the DagBag from /opt/airflow/dags/weather_dag.py
[2026-08-18T05:56:51.871+0000] {processor.py:925} INFO - DAG(s) 'weather_ingestion' retrieved from /opt/airflow/dags/weather_dag.py
[2026-08-18T05:56:51.895+0000] {logging_mixin.py:190} INFO - [2026-08-18T05:56:51.895+0000] {dag.py:3239} INFO - Sync 1 DAGs
[2026-08-18T05:56:51.911+0000] {logging_mixin.py:190} INFO - [2026-08-18T05:56:51.910+0000] {dag.py:4180} INFO - Setting next_dagrun for weather_ingestion to 2026-08-18 05:00:00+00:00, run_after=2026-08-18 06:00:00+00:00
[2026-08-18T05:56:51.921+0000] {processor.py:208} INFO - Processing /opt/airflow/dags/weather_dag.py took 0.074 seconds
[2026-08-18T05:57:22.229+0000] {processor.py:186} INFO - Started process (PID=11761) to work on /opt/airflow/dags/weather_dag.py
[2026-08-18T05:57:22.230+0000] {processor.py:914} INFO - Processing file /opt/airflow/dags/weather_dag.py for tasks to queue
[2026-08-18T05:57:22.235+0000] {logging_mixin.py:190} INFO - [2026-08-18T05:57:22.234+0000] {dagbag.py:588} INFO - Filling up the DagBag from /opt/airflow/dags/weather_dag.py
[2026-08-18T05:57:22.252+0000] {processor.py:925} INFO - DAG(s) 'weather_ingestion' retrieved from /opt/airflow/dags/weather_dag.py
[2026-08-18T05:57:22.276+0000] {logging_mixin.py:190} INFO - [2026-08-18T05:57:22.275+0000] {dag.py:3239} INFO - Sync 1 DAGs
[2026-08-18T05:57:22.291+0000] {logging_mixin.py:190} INFO - [2026-08-18T05:57:22.291+0000] {dag.py:4180} INFO - Setting next_dagrun for weather_ingestion to 2026-08-18 05:00:00+00:00, run_after=2026-08-18 06:00:00+00:00
[2026-08-18T05:57:22.299+0000] {processor.py:208} INFO - Processing /opt/airflow/dags/weather_dag.py took 0.079 seconds
[2026-08-18T05:57:52.611+0000] {processor.py:186} INFO - Started process (PID=11766) to work on /opt/airflow/dags/weather_dag.py
[2026-08-18T05:57:52.613+0000] {processor.py:914} INFO - Processing file /opt/airflow/dags/weather_dag.py for tasks to queue
[2026-08-18T05:57:52.616+0000] {logging_mixin.py:190} INFO - [2026-08-18T05:57:52.615+0000] {dagbag.py:588} INFO - Filling up the DagBag from /opt/airflow/dags/weather_dag.py
[2026-08-18T05:57:52.630+0000] {processor.py:925} INFO - DAG(s) 'weather_ingestion' retrieved from /opt/airflow/dags/weather_dag.py
[2026-08-18T05:57:52.654+0000] {logging_mixin.py:190} INFO - [2026-08-18T05:57:52.654+0000] {dag.py:3239} INFO - Sync 1 DAGs
[2026-08-18T05:57:52.667+0000] {logging_mixin.py:190} INFO - [2026-08-18T05:57:52.667+0000] {dag.py:4180} INFO - Setting next_dagrun for weather_ingestion to 2026-08-18 05:00:00+00:00, run_after=2026-08-18 06:00:00+00:00
[2026-08-18T05:57:52.675+0000] {processor.py:208} INFO - Processing /opt/airflow/dags/weather_dag.py took 0.072 seconds
[2026-08-18T05:58:22.916+0000] {processor.py:186} INFO - Started process (PID=11771) to work on /opt/airflow/dags/weather_dag.py
[2026-08-18T05:58:22.919+0000] {processor.py:914} INFO - Processing file /opt/airflow/dags/weather_dag.py for tasks to queue
[2026-08-18T05:58:22.921+0000] {logging_mixin.py:190} INFO - [2026-08-18T05:58:22.921+0000] {dagbag.py:588} INFO - Filling up the DagBag from /opt/airflow/dags/weather_dag.py
[2026-08-18T05:58:22.930+0000] {processor.py:925} INFO - DAG(s) 'weather_ingestion' retrieved from /opt/airflow/dags/weather_dag.py
[2026-08-18T05:58:22.948+0000] {logging_mixin.py:190} INFO - [2026-08-18T05:58:22.948+0000] {dag.py:3239} INFO - Sync 1 DAGs
[2026-08-18T05:58:22.961+0000] {logging_mixin.py:190} INFO - [2026-08-18T05:58:22.961+0000] {dag.py:4180} INFO - Setting next_dagrun for weather_ingestion to 2026-08-18 05:00:00+00:00, run_after=2026-08-18 06:00:00+00:00
[2026-08-18T05:58:22.971+0000] {processor.py:208} INFO - Processing /opt/airflow/dags/weather_dag.py took 0.061 seconds
[2026-08-18T05:58:53.278+0000] {processor.py:186} INFO - Started process (PID=11776) to work on /opt/airflow/dags/weather_dag.py
[2026-08-18T05:58:53.281+0000] {processor.py:914} INFO - Processing file /opt/airflow/dags/weather_dag.py for tasks to queue
[2026-08-18T05:58:53.289+0000] {logging_mixin.py:190} INFO - [2026-08-18T05:58:53.289+0000] {dagbag.py:588} INFO - Filling up the DagBag from /opt/airflow/dags/weather_dag.py
[2026-08-18T05:58:53.316+0000] {processor.py:925} INFO - DAG(s) 'weather_ingestion' retrieved from /opt/airflow/dags/weather_dag.py
[2026-08-18T05:58:53.373+0000] {logging_mixin.py:190} INFO - [2026-08-18T05:58:53.373+0000] {dag.py:3239} INFO - Sync 1 DAGs
[2026-08-18T05:58:53.394+0000] {logging_mixin.py:190} INFO - [2026-08-18T05:58:53.394+0000] {dag.py:4180} INFO - Setting next_dagrun for weather_ingestion to 2026-08-18 05:00:00+00:00, run_after=2026-08-18 06:00:00+00:00
[2026-08-18T05:58:53.404+0000] {processor.py:208} INFO - Processing /opt/airflow/dags/weather_dag.py took 0.138 seconds
[2026-08-18T05:59:23.586+0000] {processor.py:186} INFO - Started process (PID=11781) to work on /opt/airflow/dags/weather_dag.py
[2026-08-18T05:59:23.588+0000] {processor.py:914} INFO - Processing file /opt/airflow/dags/weather_dag.py for tasks to queue
[2026-08-18T05:59:23.591+0000] {logging_mixin.py:190} INFO - [2026-08-18T05:59:23.590+0000] {dagbag.py:588} INFO - Filling up the DagBag from /opt/airflow/dags/weather_dag.py
[2026-08-18T05:59:23.603+0000] {processor.py:925} INFO - DAG(s) 'weather_ingestion' retrieved from /opt/airflow/dags/weather_dag.py
[2026-08-18T05:59:23.621+0000] {logging_mixin.py:190} INFO - [2026-08-18T05:59:23.621+0000] {dag.py:3239} INFO - Sync 1 DAGs
[2026-08-18T05:59:23.635+0000] {logging_mixin.py:190} INFO - [2026-08-18T05:59:23.635+0000] {dag.py:4180} INFO - Setting next_dagrun for weather_ingestion to 2026-08-18 05:00:00+00:00, run_after=2026-08-18 06:00:00+00:00
[2026-08-18T05:59:23.642+0000] {processor.py:208} INFO - Processing /opt/airflow/dags/weather_dag.py took 0.068 seconds
[2026-08-18T05:59:53.957+0000] {processor.py:186} INFO - Started process (PID=11786) to work on /opt/airflow/dags/weather_dag.py
[2026-08-18T05:59:53.959+0000] {processor.py:914} INFO - Processing file /opt/airflow/dags/weather_dag.py for tasks to queue
[2026-08-18T05:59:53.962+0000] {logging_mixin.py:190} INFO - [2026-08-18T05:59:53.961+0000] {dagbag.py:588} INFO - Filling up the DagBag from /opt/airflow/dags/weather_dag.py
[2026-08-18T05:59:53.978+0000] {processor.py:925} INFO - DAG(s) 'weather_ingestion' retrieved from /opt/airflow/dags/weather_dag.py
[2026-08-18T05:59:54.002+0000] {logging_mixin.py:190} INFO - [2026-08-18T05:59:54.001+0000] {dag.py:3239} INFO - Sync 1 DAGs
[2026-08-18T05:59:54.016+0000] {logging_mixin.py:190} INFO - [2026-08-18T05:59:54.016+0000] {dag.py:4180} INFO - Setting next_dagrun for weather_ingestion to 2026-08-18 05:00:00+00:00, run_after=2026-08-18 06:00:00+00:00
[2026-08-18T05:59:54.024+0000] {processor.py:208} INFO - Processing /opt/airflow/dags/weather_dag.py took 0.076 seconds
[2026-08-18T06:00:24.260+0000] {processor.py:186} INFO - Started process (PID=11799) to work on /opt/airflow/dags/weather_dag.py
[2026-08-18T06:00:24.262+0000] {processor.py:914} INFO - Processing file /opt/airflow/dags/weather_dag.py for tasks to queue
[2026-08-18T06:00:24.264+0000] {logging_mixin.py:190} INFO - [2026-08-18T06:00:24.264+0000] {dagbag.py:588} INFO - Filling up the DagBag from /opt/airflow/dags/weather_dag.py
[2026-08-18T06:00:24.273+0000] {processor.py:925} INFO - DAG(s) 'weather_ingestion' retrieved from /opt/airflow/dags/weather_dag.py
[2026-08-18T06:00:24.290+0000] {logging_mixin.py:190} INFO - [2026-08-18T06:00:24.290+0000] {dag.py:3239} INFO - Sync 1 DAGs
[2026-08-18T06:00:24.305+0000] {logging_mixin.py:190} INFO - [2026-08-18T06:00:24.304+0000] {dag.py:4180} INFO - Setting next_dagrun for weather_ingestion to 2026-08-18 06:00:00+00:00, run_after=2026-08-18 07:00:00+00:00
[2026-08-18T06:00:24.314+0000] {processor.py:208} INFO - Processing /opt/airflow/dags/weather_dag.py took 0.060 seconds
[2026-08-18T06:00:54.565+0000] {processor.py:186} INFO - Started process (PID=11804) to work on /opt/airflow/dags/weather_dag.py
[2026-08-18T06:00:54.566+0000] {processor.py:914} INFO - Processing file /opt/airflow/dags/weather_dag.py for tasks to queue
[2026-08-18T06:00:54.569+0000] {logging_mixin.py:190} INFO - [2026-08-18T06:00:54.569+0000] {dagbag.py:588} INFO - Filling up the DagBag from /opt/airflow/dags/weather_dag.py
[2026-08-18T06:00:54.580+0000] {processor.py:925} INFO - DAG(s) 'weather_ingestion' retrieved from /opt/airflow/dags/weather_dag.py
[2026-08-18T06:00:54.599+0000] {logging_mixin.py:190} INFO - [2026-08-18T06:00:54.599+0000] {dag.py:3239} INFO - Sync 1 DAGs
[2026-08-18T06:00:54.614+0000] {logging_mixin.py:190} INFO - [2026-08-18T06:00:54.614+0000] {dag.py:4180} INFO - Setting next_dagrun for weather_ingestion to 2026-08-18 06:00:00+00:00, run_after=2026-08-18 07:00:00+00:00
[2026-08-18T06:00:54.623+0000] {processor.py:208} INFO - Processing /opt/airflow/dags/weather_dag.py took 0.064 seconds
[2026-08-18T06:01:24.832+0000] {processor.py:186} INFO - Started process (PID=11817) to work on /opt/airflow/dags/weather_dag.py
[2026-08-18T06:01:24.834+0000] {processor.py:914} INFO - Processing file /opt/airflow/dags/weather_dag.py for tasks to queue
[2026-08-18T06:01:24.838+0000] {logging_mixin.py:190} INFO - [2026-08-18T06:01:24.837+0000] {dagbag.py:588} INFO - Filling up the DagBag from /opt/airflow/dags/weather_dag.py
[2026-08-18T06:01:24.852+0000] {processor.py:925} INFO - DAG(s) 'weather_ingestion' retrieved from /opt/airflow/dags/weather_dag.py
[2026-08-18T06:01:24.871+0000] {logging_mixin.py:190} INFO - [2026-08-18T06:01:24.871+0000] {dag.py:3239} INFO - Sync 1 DAGs
[2026-08-18T06:01:24.884+0000] {logging_mixin.py:190} INFO - [2026-08-18T06:01:24.884+0000] {dag.py:4180} INFO - Setting next_dagrun for weather_ingestion to 2026-08-18 06:00:00+00:00, run_after=2026-08-18 07:00:00+00:00
[2026-08-18T06:01:24.892+0000] {processor.py:208} INFO - Processing /opt/airflow/dags/weather_dag.py took 0.068 seconds
[2026-08-18T06:01:55.095+0000] {processor.py:186} INFO - Started process (PID=11822) to work on /opt/airflow/dags/weather_dag.py
[2026-08-18T06:01:55.097+0000] {processor.py:914} INFO - Processing file /opt/airflow/dags/weather_dag.py for tasks to queue
[2026-08-18T06:01:55.100+0000] {logging_mixin.py:190} INFO - [2026-08-18T06:01:55.100+0000] {dagbag.py:588} INFO - Filling up the DagBag from /opt/airflow/dags/weather_dag.py
[2026-08-18T06:01:55.114+0000] {processor.py:925} INFO - DAG(s) 'weather_ingestion' retrieved from /opt/airflow/dags/weather_dag.py
[2026-08-18T06:01:55.132+0000] {logging_mixin.py:190} INFO - [2026-08-18T06:01:55.132+0000] {dag.py:3239} INFO - Sync 1 DAGs
[2026-08-18T06:01:55.146+0000] {logging_mixin.py:190} INFO - [2026-08-18T06:01:55.146+0000] {dag.py:4180} INFO - Setting next_dagrun for weather_ingestion to 2026-08-18 06:00:00+00:00, run_after=2026-08-18 07:00:00+00:00
[2026-08-18T06:01:55.153+0000] {processor.py:208} INFO - Processing /opt/airflow/dags/weather_dag.py took 0.066 seconds
[2026-08-18T06:02:25.363+0000] {processor.py:186} INFO - Started process (PID=11827) to work on /opt/airflow/dags/weather_dag.py
[2026-08-18T06:02:25.365+0000] {processor.py:914} INFO - Processing file /opt/airflow/dags/weather_dag.py for tasks to queue
[2026-08-18T06:02:25.367+0000] {logging_mixin.py:190} INFO - [2026-08-18T06:02:25.367+0000] {dagbag.py:588} INFO - Filling up the DagBag from /opt/airflow/dags/weather_dag.py
[2026-08-18T06:02:25.377+0000] {processor.py:925} INFO - DAG(s) 'weather_ingestion' retrieved from /opt/airflow/dags/weather_dag.py
[2026-08-18T06:02:25.392+0000] {logging_mixin.py:190} INFO - [2026-08-18T06:02:25.392+0000] {dag.py:3239} INFO - Sync 1 DAGs
[2026-08-18T06:02:25.403+0000] {logging_mixin.py:190} INFO - [2026-08-18T06:02:25.403+0000] {dag.py:4180} INFO - Setting next_dagrun for weather_ingestion to 2026-08-18 06:00:00+00:00, run_after=2026-08-18 07:00:00+00:00
[2026-08-18T06:02:25.411+0000] {processor.py:208} INFO - Processing /opt/airflow/dags/weather_dag.py took 0.055 seconds
[2026-08-18T06:02:55.606+0000] {processor.py:186} INFO - Started process (PID=11832) to work on /opt/airflow/dags/weather_dag.py
[2026-08-18T06:02:55.607+0000] {processor.py:914} INFO - Processing file /opt/airflow/dags/weather_dag.py for tasks to queue
[2026-08-18T06:02:55.609+0000] {logging_mixin.py:190} INFO - [2026-08-18T06:02:55.608+0000] {dagbag.py:588} INFO - Filling up the DagBag from /opt/airflow/dags/weather_dag.py
[2026-08-18T06:02:55.618+0000] {processor.py:925} INFO - DAG(s) 'weather_ingestion' retrieved from /opt/airflow/dags/weather_dag.py
[2026-08-18T06:02:55.636+0000] {logging_mixin.py:190} INFO - [2026-08-18T06:02:55.636+0000] {dag.py:3239} INFO - Sync 1 DAGs
[2026-08-18T06:02:55.649+0000] {logging_mixin.py:190} INFO - [2026-08-18T06:02:55.649+0000] {dag.py:4180} INFO - Setting next_dagrun for weather_ingestion to 2026-08-18 06:00:00+00:00, run_after=2026-08-18 07:00:00+00:00
[2026-08-18T06:02:55.657+0000] {processor.py:208} INFO - Processing /opt/airflow/dags/weather_dag.py took 0.056 seconds
[2026-08-18T06:03:25.822+0000] {processor.py:186} INFO - Started process (PID=11837) to work on /opt/airflow/dags/weather_dag.py
[2026-08-18T06:03:25.824+0000] {processor.py:914} INFO - Processing file /opt/airflow/dags/weather_dag.py for tasks to queue
[2026-08-18T06:03:25.827+0000] {logging_mixin.py:190} INFO - [2026-08-18T06:03:25.827+0000] {dagbag.py:588} INFO - Filling up the DagBag from /opt/airflow/dags/weather_dag.py
[2026-08-18T06:03:25.839+0000] {processor.py:925} INFO - DAG(s) 'weather_ingestion' retrieved from /opt/airflow/dags/weather_dag.py
[2026-08-18T06:03:25.857+0000] {logging_mixin.py:190} INFO - [2026-08-18T06:03:25.857+0000] {dag.py:3239} INFO - Sync 1 DAGs
[2026-08-18T06:03:25.869+0000] {logging_mixin.py:190} INFO - [2026-08-18T06:03:25.869+0000] {dag.py:4180} INFO - Setting next_dagrun for weather_ingestion to 2026-08-18 06:00:00+00:00, run_after=2026-08-18 07:00:00+00:00
[2026-08-18T06:03:25.877+0000] {processor.py:208} INFO - Processing /opt/airflow/dags/weather_dag.py took 0.061 seconds
[2026-08-18T06:03:56.177+0000] {processor.py:186} INFO - Started process (PID=11842) to work on /opt/airflow/dags/weather_dag.py
[2026-08-18T06:03:56.178+0000] {processor.py:914} INFO - Processing file /opt/airflow/dags/weather_dag.py for tasks to queue
[2026-08-18T06:03:56.184+0000] {logging_mixin.py:190} INFO - [2026-08-18T06:03:56.183+0000] {dagbag.py:588} INFO - Filling up the DagBag from /opt/airflow/dags/weather_dag.py
[2026-08-18T06:03:56.211+0000] {processor.py:925} INFO - DAG(s) 'weather_ingestion' retrieved from /opt/airflow/dags/weather_dag.py
[2026-08-18T06:03:56.240+0000] {logging_mixin.py:190} INFO - [2026-08-18T06:03:56.239+0000] {dag.py:3239} INFO - Sync 1 DAGs
[2026-08-18T06:03:56.257+0000] {logging_mixin.py:190} INFO - [2026-08-18T06:03:56.257+0000] {dag.py:4180} INFO - Setting next_dagrun for weather_ingestion to 2026-08-18 06:00:00+00:00, run_after=2026-08-18 07:00:00+00:00
[2026-08-18T06:03:56.268+0000] {processor.py:208} INFO - Processing /opt/airflow/dags/weather_dag.py took 0.099 seconds
[2026-08-18T06:04:26.419+0000] {processor.py:186} INFO - Started process (PID=11847) to work on /opt/airflow/dags/weather_dag.py
[2026-08-18T06:04:26.421+0000] {processor.py:914} INFO - Processing file /opt/airflow/dags/weather_dag.py for tasks to queue
[2026-08-18T06:04:26.423+0000] {logging_mixin.py:190} INFO - [2026-08-18T06:04:26.423+0000] {dagbag.py:588} INFO - Filling up the DagBag from /opt/airflow/dags/weather_dag.py
[2026-08-18T06:04:26.438+0000] {processor.py:925} INFO - DAG(s) 'weather_ingestion' retrieved from /opt/airflow/dags/weather_dag.py
[2026-08-18T06:04:26.455+0000] {logging_mixin.py:190} INFO - [2026-08-18T06:04:26.455+0000] {dag.py:3239} INFO - Sync 1 DAGs
[2026-08-18T06:04:26.466+0000] {logging_mixin.py:190} INFO - [2026-08-18T06:04:26.466+0000] {dag.py:4180} INFO - Setting next_dagrun for weather_ingestion to 2026-08-18 06:00:00+00:00, run_after=2026-08-18 07:00:00+00:00
[2026-08-18T06:04:26.472+0000] {processor.py:208} INFO - Processing /opt/airflow/dags/weather_dag.py took 0.060 seconds
[2026-08-18T06:04:56.716+0000] {processor.py:186} INFO - Started process (PID=11852) to work on /opt/airflow/dags/weather_dag.py
[2026-08-18T06:04:56.717+0000] {processor.py:914} INFO - Processing file /opt/airflow/dags/weather_dag.py for tasks to queue
[2026-08-18T06:04:56.719+0000] {logging_mixin.py:190} INFO - [2026-08-18T06:04:56.719+0000] {dagbag.py:588} INFO - Filling up the DagBag from /opt/airflow/dags/weather_dag.py
[2026-08-18T06:04:56.732+0000] {processor.py:925} INFO - DAG(s) 'weather_ingestion' retrieved from /opt/airflow/dags/weather_dag.py
[2026-08-18T06:04:56.750+0000] {logging_mixin.py:190} INFO - [2026-08-18T06:04:56.750+0000] {dag.py:3239} INFO - Sync 1 DAGs
[2026-08-18T06:04:56.763+0000] {logging_mixin.py:190} INFO - [2026-08-18T06:04:56.762+0000] {dag.py:4180} INFO - Setting next_dagrun for weather_ingestion to 2026-08-18 06:00:00+00:00, run_after=2026-08-18 07:00:00+00:00
[2026-08-18T06:04:56.770+0000] {processor.py:208} INFO - Processing /opt/airflow/dags/weather_dag.py took 0.060 seconds
[2026-08-18T06:05:26.964+0000] {processor.py:186} INFO - Started process (PID=11857) to work on /opt/airflow/dags/weather_dag.py
[2026-08-18T06:05:26.965+0000] {processor.py:914} INFO - Processing file /opt/airflow/dags/weather_dag.py for tasks to queue
[2026-08-18T06:05:26.967+0000] {logging_mixin.py:190} INFO - [2026-08-18T06:05:26.967+0000] {dagbag.py:588} INFO - Filling up the DagBag from /opt/airflow/dags/weather_dag.py
[2026-08-18T06:05:26.977+0000] {processor.py:925} INFO - DAG(s) 'weather_ingestion' retrieved from /opt/airflow/dags/weather_dag.py
[2026-08-18T06:05:26.992+0000] {logging_mixin.py:190} INFO - [2026-08-18T06:05:26.992+0000] {dag.py:3239} INFO - Sync 1 DAGs
[2026-08-18T06:05:27.003+0000] {logging_mixin.py:190} INFO - [2026-08-18T06:05:27.003+0000] {dag.py:4180} INFO - Setting next_dagrun for weather_ingestion to 2026-08-18 06:00:00+00:00, run_after=2026-08-18 07:00:00+00:00
[2026-08-18T06:05:27.010+0000] {processor.py:208} INFO - Processing /opt/airflow/dags/weather_dag.py took 0.051 seconds
[2026-08-18T06:05:57.236+0000] {processor.py:186} INFO - Started process (PID=11862) to work on /opt/airflow/dags/weather_dag.py
[2026-08-18T06:05:57.237+0000] {processor.py:914} INFO - Processing file /opt/airflow/dags/weather_dag.py for tasks to queue
[2026-08-18T06:05:57.241+0000] {logging_mixin.py:190} INFO - [2026-08-18T06:05:57.241+0000] {dagbag.py:588} INFO - Filling up the DagBag from /opt/airflow/dags/weather_dag.py
[2026-08-18T06:05:57.263+0000] {processor.py:925} INFO - DAG(s) 'weather_ingestion' retrieved from /opt/airflow/dags/weather_dag.py
[2026-08-18T06:05:57.287+0000] {logging_mixin.py:190} INFO - [2026-08-18T06:05:57.287+0000] {dag.py:3239} INFO - Sync 1 DAGs
[2026-08-18T06:05:57.306+0000] {logging_mixin.py:190} INFO - [2026-08-18T06:05:57.306+0000] {dag.py:4180} INFO - Setting next_dagrun for weather_ingestion to 2026-08-18 06:00:00+00:00, run_after=2026-08-18 07:00:00+00:00
[2026-08-18T06:05:57.339+0000] {processor.py:208} INFO - Processing /opt/airflow/dags/weather_dag.py took 0.112 seconds
[2026-08-18T06:06:27.461+0000] {processor.py:186} INFO - Started process (PID=12227) to work on /opt/airflow/dags/weather_dag.py
[2026-08-18T06:06:27.463+0000] {processor.py:914} INFO - Processing file /opt/airflow/dags/weather_dag.py for tasks to queue
[2026-08-18T06:06:27.464+0000] {logging_mixin.py:190} INFO - [2026-08-18T06:06:27.464+0000] {dagbag.py:588} INFO - Filling up the DagBag from /opt/airflow/dags/weather_dag.py
[2026-08-18T06:06:27.475+0000] {processor.py:925} INFO - DAG(s) 'weather_ingestion' retrieved from /opt/airflow/dags/weather_dag.py
[2026-08-18T06:06:27.500+0000] {logging_mixin.py:190} INFO - [2026-08-18T06:06:27.500+0000] {dag.py:3239} INFO - Sync 1 DAGs
[2026-08-18T06:06:27.514+0000] {logging_mixin.py:190} INFO - [2026-08-18T06:06:27.514+0000] {dag.py:4180} INFO - Setting next_dagrun for weather_ingestion to 2026-08-18 06:00:00+00:00, run_after=2026-08-18 07:00:00+00:00
[2026-08-18T06:06:27.522+0000] {processor.py:208} INFO - Processing /opt/airflow/dags/weather_dag.py took 0.068 seconds
[2026-08-18T06:06:57.757+0000] {processor.py:186} INFO - Started process (PID=12276) to work on /opt/airflow/dags/weather_dag.py
[2026-08-18T06:06:57.759+0000] {processor.py:914} INFO - Processing file /opt/airflow/dags/weather_dag.py for tasks to queue
[2026-08-18T06:06:57.765+0000] {logging_mixin.py:190} INFO - [2026-08-18T06:06:57.764+0000] {dagbag.py:588} INFO - Filling up the DagBag from /opt/airflow/dags/weather_dag.py
[2026-08-18T06:06:57.826+0000] {processor.py:925} INFO - DAG(s) 'weather_ingestion' retrieved from /opt/airflow/dags/weather_dag.py
[2026-08-18T06:06:57.854+0000] {logging_mixin.py:190} INFO - [2026-08-18T06:06:57.854+0000] {dag.py:3239} INFO - Sync 1 DAGs
[2026-08-18T06:06:57.872+0000] {logging_mixin.py:190} INFO - [2026-08-18T06:06:57.872+0000] {dag.py:4180} INFO - Setting next_dagrun for weather_ingestion to 2026-08-18 06:00:00+00:00, run_after=2026-08-18 07:00:00+00:00
[2026-08-18T06:06:57.883+0000] {processor.py:208} INFO - Processing /opt/airflow/dags/weather_dag.py took 0.138 seconds
[2026-08-18T06:07:28.105+0000] {processor.py:186} INFO - Started process (PID=12281) to work on /opt/airflow/dags/weather_dag.py
[2026-08-18T06:07:28.108+0000] {processor.py:914} INFO - Processing file /opt/airflow/dags/weather_dag.py for tasks to queue
[2026-08-18T06:07:28.114+0000] {logging_mixin.py:190} INFO - [2026-08-18T06:07:28.113+0000] {dagbag.py:588} INFO - Filling up the DagBag from /opt/airflow/dags/weather_dag.py
[2026-08-18T06:07:28.158+0000] {processor.py:925} INFO - DAG(s) 'weather_ingestion' retrieved from /opt/airflow/dags/weather_dag.py
[2026-08-18T06:07:28.206+0000] {logging_mixin.py:190} INFO - [2026-08-18T06:07:28.206+0000] {dag.py:3239} INFO - Sync 1 DAGs
[2026-08-18T06:07:28.228+0000] {logging_mixin.py:190} INFO - [2026-08-18T06:07:28.228+0000] {dag.py:4180} INFO - Setting next_dagrun for weather_ingestion to 2026-08-18 06:00:00+00:00, run_after=2026-08-18 07:00:00+00:00
[2026-08-18T06:07:28.266+0000] {processor.py:208} INFO - Processing /opt/airflow/dags/weather_dag.py took 0.206 seconds
[2026-08-18T06:07:58.467+0000] {processor.py:186} INFO - Started process (PID=12286) to work on /opt/airflow/dags/weather_dag.py
[2026-08-18T06:07:58.469+0000] {processor.py:914} INFO - Processing file /opt/airflow/dags/weather_dag.py for tasks to queue
[2026-08-18T06:07:58.473+0000] {logging_mixin.py:190} INFO - [2026-08-18T06:07:58.472+0000] {dagbag.py:588} INFO - Filling up the DagBag from /opt/airflow/dags/weather_dag.py
[2026-08-18T06:07:58.489+0000] {processor.py:925} INFO - DAG(s) 'weather_ingestion' retrieved from /opt/airflow/dags/weather_dag.py
[2026-08-18T06:07:58.514+0000] {logging_mixin.py:190} INFO - [2026-08-18T06:07:58.514+0000] {dag.py:3239} INFO - Sync 1 DAGs
[2026-08-18T06:07:58.532+0000] {logging_mixin.py:190} INFO - [2026-08-18T06:07:58.532+0000] {dag.py:4180} INFO - Setting next_dagrun for weather_ingestion to 2026-08-18 06:00:00+00:00, run_after=2026-08-18 07:00:00+00:00
[2026-08-18T06:07:58.541+0000] {processor.py:208} INFO - Processing /opt/airflow/dags/weather_dag.py took 0.081 seconds
[2026-08-18T06:08:28.711+0000] {processor.py:186} INFO - Started process (PID=12291) to work on /opt/airflow/dags/weather_dag.py
[2026-08-18T06:08:28.713+0000] {processor.py:914} INFO - Processing file /opt/airflow/dags/weather_dag.py for tasks to queue
[2026-08-18T06:08:28.715+0000] {logging_mixin.py:190} INFO - [2026-08-18T06:08:28.714+0000] {dagbag.py:588} INFO - Filling up the DagBag from /opt/airflow/dags/weather_dag.py
[2026-08-18T06:08:28.728+0000] {processor.py:925} INFO - DAG(s) 'weather_ingestion' retrieved from /opt/airflow/dags/weather_dag.py
[2026-08-18T06:08:28.758+0000] {logging_mixin.py:190} INFO - [2026-08-18T06:08:28.758+0000] {dag.py:3239} INFO - Sync 1 DAGs
[2026-08-18T06:08:28.774+0000] {logging_mixin.py:190} INFO - [2026-08-18T06:08:28.774+0000] {dag.py:4180} INFO - Setting next_dagrun for weather_ingestion to 2026-08-18 06:00:00+00:00, run_after=2026-08-18 07:00:00+00:00
[2026-08-18T06:08:28.786+0000] {processor.py:208} INFO - Processing /opt/airflow/dags/weather_dag.py took 0.085 seconds
[2026-08-18T06:08:59.131+0000] {processor.py:186} INFO - Started process (PID=12296) to work on /opt/airflow/dags/weather_dag.py
[2026-08-18T06:08:59.133+0000] {processor.py:914} INFO - Processing file /opt/airflow/dags/weather_dag.py for tasks to queue
[2026-08-18T06:08:59.140+0000] {logging_mixin.py:190} INFO - [2026-08-18T06:08:59.139+0000] {dagbag.py:588} INFO - Filling up the DagBag from /opt/airflow/dags/weather_dag.py
[2026-08-18T06:08:59.169+0000] {processor.py:925} INFO - DAG(s) 'weather_ingestion' retrieved from /opt/airflow/dags/weather_dag.py
[2026-08-18T06:08:59.205+0000] {logging_mixin.py:190} INFO - [2026-08-18T06:08:59.205+0000] {dag.py:3239} INFO - Sync 1 DAGs
[2026-08-18T06:08:59.223+0000] {logging_mixin.py:190} INFO - [2026-08-18T06:08:59.223+0000] {dag.py:4180} INFO - Setting next_dagrun for weather_ingestion to 2026-08-18 06:00:00+00:00, run_after=2026-08-18 07:00:00+00:00
[2026-08-18T06:08:59.233+0000] {processor.py:208} INFO - Processing /opt/airflow/dags/weather_dag.py took 0.120 seconds
[2026-08-18T06:09:29.430+0000] {processor.py:186} INFO - Started process (PID=12301) to work on /opt/airflow/dags/weather_dag.py
[2026-08-18T06:09:29.433+0000] {processor.py:914} INFO - Processing file /opt/airflow/dags/weather_dag.py for tasks to queue
[2026-08-18T06:09:29.436+0000] {logging_mixin.py:190} INFO - [2026-08-18T06:09:29.435+0000] {dagbag.py:588} INFO - Filling up the DagBag from /opt/airflow/dags/weather_dag.py
[2026-08-18T06:09:29.452+0000] {processor.py:925} INFO - DAG(s) 'weather_ingestion' retrieved from /opt/airflow/dags/weather_dag.py
[2026-08-18T06:09:29.483+0000] {logging_mixin.py:190} INFO - [2026-08-18T06:09:29.483+0000] {dag.py:3239} INFO - Sync 1 DAGs
[2026-08-18T06:09:29.503+0000] {logging_mixin.py:190} INFO - [2026-08-18T06:09:29.503+0000] {dag.py:4180} INFO - Setting next_dagrun for weather_ingestion to 2026-08-18 06:00:00+00:00, run_after=2026-08-18 07:00:00+00:00
[2026-08-18T06:09:29.514+0000] {processor.py:208} INFO - Processing /opt/airflow/dags/weather_dag.py took 0.097 seconds
[2026-08-18T06:09:59.832+0000] {processor.py:186} INFO - Started process (PID=12306) to work on /opt/airflow/dags/weather_dag.py
[2026-08-18T06:09:59.834+0000] {processor.py:914} INFO - Processing file /opt/airflow/dags/weather_dag.py for tasks to queue
[2026-08-18T06:09:59.837+0000] {logging_mixin.py:190} INFO - [2026-08-18T06:09:59.836+0000] {dagbag.py:588} INFO - Filling up the DagBag from /opt/airflow/dags/weather_dag.py
[2026-08-18T06:09:59.852+0000] {processor.py:925} INFO - DAG(s) 'weather_ingestion' retrieved from /opt/airflow/dags/weather_dag.py
[2026-08-18T06:09:59.877+0000] {logging_mixin.py:190} INFO - [2026-08-18T06:09:59.877+0000] {dag.py:3239} INFO - Sync 1 DAGs
[2026-08-18T06:09:59.894+0000] {logging_mixin.py:190} INFO - [2026-08-18T06:09:59.894+0000] {dag.py:4180} INFO - Setting next_dagrun for weather_ingestion to 2026-08-18 06:00:00+00:00, run_after=2026-08-18 07:00:00+00:00
[2026-08-18T06:09:59.904+0000] {processor.py:208} INFO - Processing /opt/airflow/dags/weather_dag.py took 0.080 seconds
[2026-08-18T06:10:30.390+0000] {processor.py:186} INFO - Started process (PID=12311) to work on /opt/airflow/dags/weather_dag.py
[2026-08-18T06:10:30.393+0000] {processor.py:914} INFO - Processing file /opt/airflow/dags/weather_dag.py for tasks to queue
[2026-08-18T06:10:30.399+0000] {logging_mixin.py:190} INFO - [2026-08-18T06:10:30.397+0000] {dagbag.py:588} INFO - Filling up the DagBag from /opt/airflow/dags/weather_dag.py
[2026-08-18T06:10:30.426+0000] {processor.py:925} INFO - DAG(s) 'weather_ingestion' retrieved from /opt/airflow/dags/weather_dag.py
[2026-08-18T06:10:30.462+0000] {logging_mixin.py:190} INFO - [2026-08-18T06:10:30.462+0000] {dag.py:3239} INFO - Sync 1 DAGs
[2026-08-18T06:10:30.507+0000] {logging_mixin.py:190} INFO - [2026-08-18T06:10:30.507+0000] {dag.py:4180} INFO - Setting next_dagrun for weather_ingestion to 2026-08-18 06:00:00+00:00, run_after=2026-08-18 07:00:00+00:00
[2026-08-18T06:10:30.520+0000] {processor.py:208} INFO - Processing /opt/airflow/dags/weather_dag.py took 0.141 seconds
[2026-08-18T06:11:00.752+0000] {processor.py:186} INFO - Started process (PID=12316) to work on /opt/airflow/dags/weather_dag.py
[2026-08-18T06:11:00.755+0000] {processor.py:914} INFO - Processing file /opt/airflow/dags/weather_dag.py for tasks to queue
[2026-08-18T06:11:00.761+0000] {logging_mixin.py:190} INFO - [2026-08-18T06:11:00.761+0000] {dagbag.py:588} INFO - Filling up the DagBag from /opt/airflow/dags/weather_dag.py
[2026-08-18T06:11:00.788+0000] {processor.py:925} INFO - DAG(s) 'weather_ingestion' retrieved from /opt/airflow/dags/weather_dag.py
[2026-08-18T06:11:00.826+0000] {logging_mixin.py:190} INFO - [2026-08-18T06:11:00.825+0000] {dag.py:3239} INFO - Sync 1 DAGs
[2026-08-18T06:11:00.849+0000] {logging_mixin.py:190} INFO - [2026-08-18T06:11:00.849+0000] {dag.py:4180} INFO - Setting next_dagrun for weather_ingestion to 2026-08-18 06:00:00+00:00, run_after=2026-08-18 07:00:00+00:00
[2026-08-18T06:11:00.861+0000] {processor.py:208} INFO - Processing /opt/airflow/dags/weather_dag.py took 0.132 seconds
[2026-08-18T06:11:31.198+0000] {processor.py:186} INFO - Started process (PID=12321) to work on /opt/airflow/dags/weather_dag.py
[2026-08-18T06:11:31.200+0000] {processor.py:914} INFO - Processing file /opt/airflow/dags/weather_dag.py for tasks to queue
[2026-08-18T06:11:31.203+0000] {logging_mixin.py:190} INFO - [2026-08-18T06:11:31.203+0000] {dagbag.py:588} INFO - Filling up the DagBag from /opt/airflow/dags/weather_dag.py
[2026-08-18T06:11:31.219+0000] {processor.py:925} INFO - DAG(s) 'weather_ingestion' retrieved from /opt/airflow/dags/weather_dag.py
[2026-08-18T06:11:31.243+0000] {logging_mixin.py:190} INFO - [2026-08-18T06:11:31.242+0000] {dag.py:3239} INFO - Sync 1 DAGs
[2026-08-18T06:11:31.259+0000] {logging_mixin.py:190} INFO - [2026-08-18T06:11:31.259+0000] {dag.py:4180} INFO - Setting next_dagrun for weather_ingestion to 2026-08-18 06:00:00+00:00, run_after=2026-08-18 07:00:00+00:00
[2026-08-18T06:11:31.268+0000] {processor.py:208} INFO - Processing /opt/airflow/dags/weather_dag.py took 0.110 seconds
[2026-08-18T06:12:01.441+0000] {processor.py:186} INFO - Started process (PID=12326) to work on /opt/airflow/dags/weather_dag.py
[2026-08-18T06:12:01.443+0000] {processor.py:914} INFO - Processing file /opt/airflow/dags/weather_dag.py for tasks to queue
[2026-08-18T06:12:01.446+0000] {logging_mixin.py:190} INFO - [2026-08-18T06:12:01.446+0000] {dagbag.py:588} INFO - Filling up the DagBag from /opt/airflow/dags/weather_dag.py
[2026-08-18T06:12:01.459+0000] {processor.py:925} INFO - DAG(s) 'weather_ingestion' retrieved from /opt/airflow/dags/weather_dag.py
[2026-08-18T06:12:01.478+0000] {logging_mixin.py:190} INFO - [2026-08-18T06:12:01.478+0000] {dag.py:3239} INFO - Sync 1 DAGs
[2026-08-18T06:12:01.493+0000] {logging_mixin.py:190} INFO - [2026-08-18T06:12:01.493+0000] {dag.py:4180} INFO - Setting next_dagrun for weather_ingestion to 2026-08-18 06:00:00+00:00, run_after=2026-08-18 07:00:00+00:00
[2026-08-18T06:12:01.501+0000] {processor.py:208} INFO - Processing /opt/airflow/dags/weather_dag.py took 0.068 seconds
[2026-08-18T06:12:31.831+0000] {processor.py:186} INFO - Started process (PID=12331) to work on /opt/airflow/dags/weather_dag.py
[2026-08-18T06:12:31.832+0000] {processor.py:914} INFO - Processing file /opt/airflow/dags/weather_dag.py for tasks to queue
[2026-08-18T06:12:31.839+0000] {logging_mixin.py:190} INFO - [2026-08-18T06:12:31.838+0000] {dagbag.py:588} INFO - Filling up the DagBag from /opt/airflow/dags/weather_dag.py
[2026-08-18T06:12:31.867+0000] {processor.py:925} INFO - DAG(s) 'weather_ingestion' retrieved from /opt/airflow/dags/weather_dag.py
[2026-08-18T06:12:31.897+0000] {logging_mixin.py:190} INFO - [2026-08-18T06:12:31.897+0000] {dag.py:3239} INFO - Sync 1 DAGs
[2026-08-18T06:12:31.915+0000] {logging_mixin.py:190} INFO - [2026-08-18T06:12:31.915+0000] {dag.py:4180} INFO - Setting next_dagrun for weather_ingestion to 2026-08-18 06:00:00+00:00, run_after=2026-08-18 07:00:00+00:00
[2026-08-18T06:12:31.925+0000] {processor.py:208} INFO - Processing /opt/airflow/dags/weather_dag.py took 0.105 seconds
[2026-08-18T06:13:02.160+0000] {processor.py:186} INFO - Started process (PID=12336) to work on /opt/airflow/dags/weather_dag.py
[2026-08-18T06:13:02.162+0000] {processor.py:914} INFO - Processing file /opt/airflow/dags/weather_dag.py for tasks to queue
[2026-08-18T06:13:02.165+0000] {logging_mixin.py:190} INFO - [2026-08-18T06:13:02.164+0000] {dagbag.py:588} INFO - Filling up the DagBag from /opt/airflow/dags/weather_dag.py
[2026-08-18T06:13:02.176+0000] {processor.py:925} INFO - DAG(s) 'weather_ingestion' retrieved from /opt/airflow/dags/weather_dag.py
[2026-08-18T06:13:02.194+0000] {logging_mixin.py:190} INFO - [2026-08-18T06:13:02.194+0000] {dag.py:3239} INFO - Sync 1 DAGs
[2026-08-18T06:13:02.206+0000] {logging_mixin.py:190} INFO - [2026-08-18T06:13:02.206+0000] {dag.py:4180} INFO - Setting next_dagrun for weather_ingestion to 2026-08-18 06:00:00+00:00, run_after=2026-08-18 07:00:00+00:00
[2026-08-18T06:13:02.213+0000] {processor.py:208} INFO - Processing /opt/airflow/dags/weather_dag.py took 0.061 seconds
[2026-08-18T06:13:32.528+0000] {processor.py:186} INFO - Started process (PID=12341) to work on /opt/airflow/dags/weather_dag.py
[2026-08-18T06:13:32.530+0000] {processor.py:914} INFO - Processing file /opt/airflow/dags/weather_dag.py for tasks to queue
[2026-08-18T06:13:32.557+0000] {logging_mixin.py:190} INFO - [2026-08-18T06:13:32.549+0000] {dagbag.py:588} INFO - Filling up the DagBag from /opt/airflow/dags/weather_dag.py
[2026-08-18T06:13:32.588+0000] {processor.py:925} INFO - DAG(s) 'weather_ingestion' retrieved from /opt/airflow/dags/weather_dag.py
[2026-08-18T06:13:32.621+0000] {logging_mixin.py:190} INFO - [2026-08-18T06:13:32.621+0000] {dag.py:3239} INFO - Sync 1 DAGs
[2026-08-18T06:13:32.668+0000] {logging_mixin.py:190} INFO - [2026-08-18T06:13:32.668+0000] {dag.py:4180} INFO - Setting next_dagrun for weather_ingestion to 2026-08-18 06:00:00+00:00, run_after=2026-08-18 07:00:00+00:00
[2026-08-18T06:13:32.679+0000] {processor.py:208} INFO - Processing /opt/airflow/dags/weather_dag.py took 0.162 seconds
[2026-08-18T06:14:02.846+0000] {processor.py:186} INFO - Started process (PID=12346) to work on /opt/airflow/dags/weather_dag.py
[2026-08-18T06:14:02.847+0000] {processor.py:914} INFO - Processing file /opt/airflow/dags/weather_dag.py for tasks to queue
[2026-08-18T06:14:02.850+0000] {logging_mixin.py:190} INFO - [2026-08-18T06:14:02.850+0000] {dagbag.py:588} INFO - Filling up the DagBag from /opt/airflow/dags/weather_dag.py
[2026-08-18T06:14:02.860+0000] {processor.py:925} INFO - DAG(s) 'weather_ingestion' retrieved from /opt/airflow/dags/weather_dag.py
[2026-08-18T06:14:02.878+0000] {logging_mixin.py:190} INFO - [2026-08-18T06:14:02.878+0000] {dag.py:3239} INFO - Sync 1 DAGs
[2026-08-18T06:14:02.894+0000] {logging_mixin.py:190} INFO - [2026-08-18T06:14:02.894+0000] {dag.py:4180} INFO - Setting next_dagrun for weather_ingestion to 2026-08-18 06:00:00+00:00, run_after=2026-08-18 07:00:00+00:00
[2026-08-18T06:14:02.904+0000] {processor.py:208} INFO - Processing /opt/airflow/dags/weather_dag.py took 0.065 seconds
[2026-08-18T06:14:33.249+0000] {processor.py:186} INFO - Started process (PID=12351) to work on /opt/airflow/dags/weather_dag.py
[2026-08-18T06:14:33.251+0000] {processor.py:914} INFO - Processing file /opt/airflow/dags/weather_dag.py for tasks to queue
[2026-08-18T06:14:33.256+0000] {logging_mixin.py:190} INFO - [2026-08-18T06:14:33.256+0000] {dagbag.py:588} INFO - Filling up the DagBag from /opt/airflow/dags/weather_dag.py
[2026-08-18T06:14:33.276+0000] {processor.py:925} INFO - DAG(s) 'weather_ingestion' retrieved from /opt/airflow/dags/weather_dag.py
[2026-08-18T06:14:33.323+0000] {logging_mixin.py:190} INFO - [2026-08-18T06:14:33.323+0000] {dag.py:3239} INFO - Sync 1 DAGs
[2026-08-18T06:14:33.345+0000] {logging_mixin.py:190} INFO - [2026-08-18T06:14:33.344+0000] {dag.py:4180} INFO - Setting next_dagrun for weather_ingestion to 2026-08-18 06:00:00+00:00, run_after=2026-08-18 07:00:00+00:00
[2026-08-18T06:14:33.356+0000] {processor.py:208} INFO - Processing /opt/airflow/dags/weather_dag.py took 0.127 seconds
[2026-08-18T06:15:03.532+0000] {processor.py:186} INFO - Started process (PID=12356) to work on /opt/airflow/dags/weather_dag.py
[2026-08-18T06:15:03.534+0000] {processor.py:914} INFO - Processing file /opt/airflow/dags/weather_dag.py for tasks to queue
[2026-08-18T06:15:03.537+0000] {logging_mixin.py:190} INFO - [2026-08-18T06:15:03.537+0000] {dagbag.py:588} INFO - Filling up the DagBag from /opt/airflow/dags/weather_dag.py
[2026-08-18T06:15:03.548+0000] {processor.py:925} INFO - DAG(s) 'weather_ingestion' retrieved from /opt/airflow/dags/weather_dag.py
[2026-08-18T06:15:03.566+0000] {logging_mixin.py:190} INFO - [2026-08-18T06:15:03.566+0000] {dag.py:3239} INFO - Sync 1 DAGs
[2026-08-18T06:15:03.580+0000] {logging_mixin.py:190} INFO - [2026-08-18T06:15:03.580+0000] {dag.py:4180} INFO - Setting next_dagrun for weather_ingestion to 2026-08-18 06:00:00+00:00, run_after=2026-08-18 07:00:00+00:00
[2026-08-18T06:15:03.588+0000] {processor.py:208} INFO - Processing /opt/airflow/dags/weather_dag.py took 0.063 seconds
[2026-08-18T06:15:34.127+0000] {processor.py:186} INFO - Started process (PID=12361) to work on /opt/airflow/dags/weather_dag.py
[2026-08-18T06:15:34.130+0000] {processor.py:914} INFO - Processing file /opt/airflow/dags/weather_dag.py for tasks to queue
[2026-08-18T06:15:34.136+0000] {logging_mixin.py:190} INFO - [2026-08-18T06:15:34.135+0000] {dagbag.py:588} INFO - Filling up the DagBag from /opt/airflow/dags/weather_dag.py
[2026-08-18T06:15:34.184+0000] {processor.py:925} INFO - DAG(s) 'weather_ingestion' retrieved from /opt/airflow/dags/weather_dag.py
[2026-08-18T06:15:34.228+0000] {logging_mixin.py:190} INFO - [2026-08-18T06:15:34.228+0000] {dag.py:3239} INFO - Sync 1 DAGs
[2026-08-18T06:15:34.253+0000] {logging_mixin.py:190} INFO - [2026-08-18T06:15:34.253+0000] {dag.py:4180} INFO - Setting next_dagrun for weather_ingestion to 2026-08-18 06:00:00+00:00, run_after=2026-08-18 07:00:00+00:00
[2026-08-18T06:15:34.265+0000] {processor.py:208} INFO - Processing /opt/airflow/dags/weather_dag.py took 0.161 seconds
[2026-08-18T06:16:04.418+0000] {processor.py:186} INFO - Started process (PID=12366) to work on /opt/airflow/dags/weather_dag.py
[2026-08-18T06:16:04.419+0000] {processor.py:914} INFO - Processing file /opt/airflow/dags/weather_dag.py for tasks to queue
[2026-08-18T06:16:04.421+0000] {logging_mixin.py:190} INFO - [2026-08-18T06:16:04.421+0000] {dagbag.py:588} INFO - Filling up the DagBag from /opt/airflow/dags/weather_dag.py
[2026-08-18T06:16:04.431+0000] {processor.py:925} INFO - DAG(s) 'weather_ingestion' retrieved from /opt/airflow/dags/weather_dag.py
[2026-08-18T06:16:04.448+0000] {logging_mixin.py:190} INFO - [2026-08-18T06:16:04.448+0000] {dag.py:3239} INFO - Sync 1 DAGs
[2026-08-18T06:16:04.462+0000] {logging_mixin.py:190} INFO - [2026-08-18T06:16:04.461+0000] {dag.py:4180} INFO - Setting next_dagrun for weather_ingestion to 2026-08-18 06:00:00+00:00, run_after=2026-08-18 07:00:00+00:00
[2026-08-18T06:16:04.469+0000] {processor.py:208} INFO - Processing /opt/airflow/dags/weather_dag.py took 0.059 seconds
[2026-08-18T06:16:34.858+0000] {processor.py:186} INFO - Started process (PID=12371) to work on /opt/airflow/dags/weather_dag.py
[2026-08-18T06:16:34.860+0000] {processor.py:914} INFO - Processing file /opt/airflow/dags/weather_dag.py for tasks to queue
[2026-08-18T06:16:34.870+0000] {logging_mixin.py:190} INFO - [2026-08-18T06:16:34.869+0000] {dagbag.py:588} INFO - Filling up the DagBag from /opt/airflow/dags/weather_dag.py
[2026-08-18T06:16:34.906+0000] {processor.py:925} INFO - DAG(s) 'weather_ingestion' retrieved from /opt/airflow/dags/weather_dag.py
[2026-08-18T06:16:34.953+0000] {logging_mixin.py:190} INFO - [2026-08-18T06:16:34.953+0000] {dag.py:3239} INFO - Sync 1 DAGs
[2026-08-18T06:16:34.990+0000] {logging_mixin.py:190} INFO - [2026-08-18T06:16:34.990+0000] {dag.py:4180} INFO - Setting next_dagrun for weather_ingestion to 2026-08-18 06:00:00+00:00, run_after=2026-08-18 07:00:00+00:00
[2026-08-18T06:16:35.001+0000] {processor.py:208} INFO - Processing /opt/airflow/dags/weather_dag.py took 0.158 seconds
[2026-08-18T06:17:05.174+0000] {processor.py:186} INFO - Started process (PID=12376) to work on /opt/airflow/dags/weather_dag.py
[2026-08-18T06:17:05.175+0000] {processor.py:914} INFO - Processing file /opt/airflow/dags/weather_dag.py for tasks to queue
[2026-08-18T06:17:05.177+0000] {logging_mixin.py:190} INFO - [2026-08-18T06:17:05.177+0000] {dagbag.py:588} INFO - Filling up the DagBag from /opt/airflow/dags/weather_dag.py
[2026-08-18T06:17:05.188+0000] {processor.py:925} INFO - DAG(s) 'weather_ingestion' retrieved from /opt/airflow/dags/weather_dag.py
[2026-08-18T06:17:05.205+0000] {logging_mixin.py:190} INFO - [2026-08-18T06:17:05.205+0000] {dag.py:3239} INFO - Sync 1 DAGs
[2026-08-18T06:17:05.217+0000] {logging_mixin.py:190} INFO - [2026-08-18T06:17:05.217+0000] {dag.py:4180} INFO - Setting next_dagrun for weather_ingestion to 2026-08-18 06:00:00+00:00, run_after=2026-08-18 07:00:00+00:00
[2026-08-18T06:17:05.224+0000] {processor.py:208} INFO - Processing /opt/airflow/dags/weather_dag.py took 0.061 seconds
[2026-08-18T06:17:35.550+0000] {processor.py:186} INFO - Started process (PID=12381) to work on /opt/airflow/dags/weather_dag.py
[2026-08-18T06:17:35.552+0000] {processor.py:914} INFO - Processing file /opt/airflow/dags/weather_dag.py for tasks to queue
[2026-08-18T06:17:35.556+0000] {logging_mixin.py:190} INFO - [2026-08-18T06:17:35.555+0000] {dagbag.py:588} INFO - Filling up the DagBag from /opt/airflow/dags/weather_dag.py
[2026-08-18T06:17:35.567+0000] {processor.py:925} INFO - DAG(s) 'weather_ingestion' retrieved from /opt/airflow/dags/weather_dag.py
[2026-08-18T06:17:35.585+0000] {logging_mixin.py:190} INFO - [2026-08-18T06:17:35.584+0000] {dag.py:3239} INFO - Sync 1 DAGs
[2026-08-18T06:17:35.597+0000] {logging_mixin.py:190} INFO - [2026-08-18T06:17:35.597+0000] {dag.py:4180} INFO - Setting next_dagrun for weather_ingestion to 2026-08-18 06:00:00+00:00, run_after=2026-08-18 07:00:00+00:00
[2026-08-18T06:17:35.604+0000] {processor.py:208} INFO - Processing /opt/airflow/dags/weather_dag.py took 0.063 seconds
[2026-08-18T06:18:05.894+0000] {processor.py:186} INFO - Started process (PID=12386) to work on /opt/airflow/dags/weather_dag.py
[2026-08-18T06:18:05.897+0000] {processor.py:914} INFO - Processing file /opt/airflow/dags/weather_dag.py for tasks to queue
[2026-08-18T06:18:05.900+0000] {logging_mixin.py:190} INFO - [2026-08-18T06:18:05.899+0000] {dagbag.py:588} INFO - Filling up the DagBag from /opt/airflow/dags/weather_dag.py
[2026-08-18T06:18:05.919+0000] {processor.py:925} INFO - DAG(s) 'weather_ingestion' retrieved from /opt/airflow/dags/weather_dag.py
[2026-08-18T06:18:05.948+0000] {logging_mixin.py:190} INFO - [2026-08-18T06:18:05.948+0000] {dag.py:3239} INFO - Sync 1 DAGs
[2026-08-18T06:18:05.979+0000] {logging_mixin.py:190} INFO - [2026-08-18T06:18:05.979+0000] {dag.py:4180} INFO - Setting next_dagrun for weather_ingestion to 2026-08-18 06:00:00+00:00, run_after=2026-08-18 07:00:00+00:00
[2026-08-18T06:18:05.991+0000] {processor.py:208} INFO - Processing /opt/airflow/dags/weather_dag.py took 0.101 seconds
